{"ep_reward": [-1608640.8267897358, -1584697.593100973, -1590919.40673169, -1294357.7804168346, -1267015.6710688663, -1407731.5060449948, -2289565.0050278124, -3546934.213931649, -1567104.6732267942, -1335392.7983627205, -1243956.1228575401, -1248189.9029004043, -1097329.6775355856, -1020115.9887624255, -808794.250046168, -843514.7711052104, -818126.6233773564, -813248.4530091695, -819561.6762040379, -763598.9613705459, -838271.3529637342, -800959.7518587508, -955445.9662986667, -913462.9280698071, -859924.254325661, -871167.0803860212, -966135.1739909159, -891230.115965248, -913938.06028179, -891899.4080273698, -900375.4828318027, -885425.0888025443, -840330.9224197966, -903172.7389836673, -874615.8117079806, -874191.979095169, -934489.3957652632, -846874.9005189582, -922660.4599098229, -897911.7428601992, -900675.5054195998, -848614.4904915986, -914546.511164509, -844502.5115964637, -937925.3192906296, -925301.4403495326, -851284.085245627, -883579.9984959315, -841657.6136571608, -883095.9614093059, -857163.1016444281, -893948.043763309, -805199.1932560236, -896387.9848525033, -846033.2174141409, -855672.2814547548, -975437.1603548143, -936624.990035676, -824185.8010335508, -847189.0985186473, -900678.9148164231, -898861.4542397921, -854555.4662451876, -893784.1012906971, -848767.5331976872, -937391.8096133245, -869955.838074494, -903262.6962138063, -856157.4424666745, -852759.6182664644, -889360.3700064295, -807136.9571791758, -849507.1378233109, -874318.6735423668, -879893.9235454209, -863981.2273230498, -812849.7569578227, -880667.0398382273, -843964.6856564874, -964146.8813021956], "avg_reward": [-323.670186476808, -318.72437512087146, -320.04011400758196, -260.4341610496649, -254.9327305973574, -283.24577586418405, -460.58439047029015, -713.668855921861, -315.1859761115837, -268.744777291753, -250.19230145968226, -251.14484967814977, -220.79067958462485, -205.25472610913994, -162.73526157870583, -169.6871396309013, -164.613002691621, -163.59856226295906, -164.93493181807966, -153.6416421268704, -168.70021190656755, -161.15890379451727, -192.2426491546613, -183.79535776052458, -173.05780928268484, -175.24986529592059, -194.39339516919836, -179.3219549225851, -183.927965442099, -179.4566213334748, -181.162068980242, -178.15394140896262, -169.0806684949289, -181.72489717981233, -175.9790365609619, -175.8937583692493, -188.0260353652441, -170.36308600260676, -185.64596778869677, -180.6300025870447, -181.18597976656605, -170.71303369374343, -184.01338252807022, -169.88584019240872, -188.71736806652507, -186.17735218300456, -171.28452419429115, -177.7826958744329, -169.3476083817225, -177.61382972833988, -172.46742487815456, -179.86882168275835, -161.97931869966277, -180.3960524959757, -170.22801155214103, -172.13282668572816, -196.26502220418797, -188.45573240154448, -165.83215312546292, -170.42629219848064, -181.18666562390325, -180.821052955098, -171.94274974752264, -179.83583526975798, -170.77817569369964, -188.61002205499486, -175.04141611156822, -181.74299722611795, -172.26507896713773, -171.58141212604917, -178.909750554502, -162.36913240377706, -170.9269895016722, -175.91925020973176, -177.04103089445087, -173.83928115151906, -163.55125894523596, -177.19658749260108, -169.84598222106808, -193.99333627810776], "ep_cost": [1159.2396300616201, 1240.983047797674, 1166.8853137488845, 916.6345385919417, 965.9301730190613, 1014.967870719577, 1731.1629591673482, 2678.5513864375466, 1048.041062107042, 928.0266578186233, 860.8505958680614, 801.7048814207914, 608.645037318149, 423.3010683605688, 377.83555667831786, 393.8271276529519, 414.92263428240364, 429.1361047477315, 470.4574695323847, 445.57963562216895, 482.84344760183274, 476.68284121101124, 520.8553050137139, 524.8584472450158, 520.4040624069661, 504.17586891893797, 529.9450734298906, 513.0623434573894, 523.9779075122563, 489.40485399608775, 515.4196265988014, 508.094706707394, 492.0223178323313, 505.8369565350222, 506.12492843928254, 518.9960721539509, 510.30403525711995, 514.2820080376438, 514.0832915509648, 507.72706808711195, 512.1138809175387, 484.0305435598616, 499.78550719096825, 489.80818756612786, 512.7766838699605, 528.7862033165327, 490.173697612705, 495.8720989727562, 471.3609667492796, 500.70495165490905, 507.4317688903989, 502.6454272712714, 480.55270386980123, 485.3462039992611, 470.6790822116744, 479.2916548524979, 490.70538765135973, 496.65442259196703, 455.206755158651, 480.5957437564839, 492.0341019896415, 496.842457482905, 493.3549234324565, 487.9113827921164, 503.5712880317879, 506.93092475348607, 491.7972524782297, 525.6493240814189, 494.1789685775071, 494.9532671093797, 510.38282584715444, 476.2868458786585, 478.17959086657976, 504.89024317642514, 474.5592720204486, 496.63572231484466, 466.1891515244495, 480.41395460445307, 455.67645640266596, 485.7121525283312], "avg_wait": [0.0, 0.0, 0.0, 0.0, 0.0, 0.0, 0.0, 0.0, 0.0, 0.0, 0.0, 0.0, 0.0, 0.0, 0.0, 0.0, 0.0, 0.0, 0.0, 0.0, 0.0, 0.0, 0.0, 0.0, 0.0, 0.0, 0.0, 0.0, 0.0, 0.0, 0.0, 0.0, 0.0, 0.0, 0.0, 0.0, 0.0, 0.0, 0.0, 0.0, 0.0, 0.0, 0.0, 0.0, 0.0, 0.0, 0.0, 0.0, 0.0, 0.0, 0.0, 0.0, 0.0, 0.0, 0.0, 0.0, 0.0, 0.0, 0.0, 0.0, 0.0, 0.0, 0.0, 0.0, 0.0, 0.0, 0.0, 0.0, 0.0, 0.0, 0.0, 0.0, 0.0, 0.0, 0.0, 0.0, 0.0, 0.0, 0.0, 0.0], "peak_fleet": [15.0, 15.0, 15.0, 14.0, 14.0, 14.0, 16.0, 17.0, 19.0, 20.0, 20.0, 20.0, 19.0, 18.0, 18.0, 18.0, 17.0, 16.0, 16.0, 16.0, 15.0, 16.0, 16.0, 16.0, 16.0, 15.0, 16.0, 16.0, 16.0, 16.0, 16.0, 16.0, 16.0, 16.0, 16.0, 16.0, 16.0, 16.0, 15.0, 16.0, 16.0, 16.0, 16.0, 16.0, 16.0, 16.0, 15.0, 16.0, 15.0, 16.0, 16.0, 15.0, 16.0, 16.0, 16.0, 16.0, 16.0, 16.0, 16.0, 16.0, 16.0, 15.0, 16.0, 16.0, 15.0, 16.0, 16.0, 15.0, 15.0, 16.0, 16.0, 16.0, 15.0, 15.0, 16.0, 16.0, 16.0, 16.0, 16.0, 16.0], "bunching_rate": [1.0, 1.0, 1.0, 1.0, 1.0, 1.0, 1.0, 1.0, 1.0, 1.0, 1.0, 1.0, 1.0, 1.0, 1.0, 1.0, 1.0, 1.0, 1.0, 1.0, 1.0, 1.0, 1.0, 1.0, 1.0, 1.0, 1.0, 1.0, 1.0, 1.0, 1.0, 1.0, 1.0, 1.0, 1.0, 1.0, 1.0, 1.0, 1.0, 1.0, 1.0, 1.0, 1.0, 1.0, 1.0, 1.0, 1.0, 1.0, 1.0, 1.0, 1.0, 1.0, 1.0, 1.0, 1.0, 1.0, 1.0, 1.0, 1.0, 1.0, 1.0, 1.0, 1.0, 1.0, 1.0, 1.0, 1.0, 1.0, 1.0, 1.0, 1.0, 1.0, 1.0, 1.0, 1.0, 1.0, 1.0, 1.0, 1.0, 1.0], "lambda": [1.0, 1.0, 1.0200756788253784, 1.0412817001342773, 1.0630624294281006, 1.0855438709259033, 1.1098991632461548, 1.1378955841064453, 1.1679710149765015, 1.1981288194656372, 1.2284132242202759, 1.2591667175292969, 1.2898921966552734, 1.3210790157318115, 1.3531376123428345, 1.385831356048584, 1.4189839363098145, 1.4526714086532593, 1.4877177476882935, 1.5240408182144165, 1.561301350593567, 1.5992945432662964, 1.6385197639465332, 1.6793317794799805, 1.722091794013977, 1.766329050064087, 1.8118315935134888, 1.8590726852416992, 1.907371997833252, 1.9575854539871216, 2.009856939315796, 2.0637588500976562, 2.1192967891693115, 2.177467107772827, 2.2375471591949463, 2.299577236175537, 2.36382794380188, 2.4302217960357666, 2.499080181121826, 2.5704102516174316, 2.6446051597595215, 2.7216320037841797, 2.8017613887786865, 2.884751319885254, 2.970179796218872, 3.0583155155181885, 3.1491031646728516, 3.2436277866363525, 3.3417000770568848, 3.443732261657715, 3.548705816268921, 3.6578025817871094, 3.7699406147003174, 3.887735366821289, 4.0117926597595215, 4.140608310699463, 4.274534225463867, 4.412935256958008, 4.5552873611450195, 4.703825950622559, 4.859086513519287, 5.018614768981934, 5.1837663650512695, 5.356925964355469, 5.536594867706299, 5.723941326141357, 5.917144298553467, 6.11735200881958, 6.324466705322266, 6.539017200469971, 6.7646965980529785, 6.998517036437988, 7.240381240844727, 7.494811058044434, 7.759711742401123, 8.035632133483887, 8.32043743133545, 8.622598648071289, 8.939931869506836, 9.267473220825195],