{
 "exp": "H_hiro_no_csbapr",
 "seed": 123,
 "ep": 99,
 "wait_mean": 5.2776499999999995,
 "wait_std": 1.4540911001378145,
 "cv_mean": 0.47869,
 "cv_std": 0.05821491132003896,
 "overshoot_mean": 1.55,
 "overshoot_std": 1.3955285736952865,
 "composite_mean": 1.4670639743589742,
 "composite_std": 0.47572819449947723,
 "n_eps": 20,
 "wall_s": 1449.4
}