{
 "exp": "H_hiro_no_csbapr",
 "seed": 456,
 "ep": 99,
 "wait_mean": 7.03375,
 "wait_std": 2.007281890393076,
 "cv_mean": 0.5323399999999999,
 "cv_std": 0.1344841269444093,
 "overshoot_mean": 2.2,
 "overshoot_std": 0.9797958971132712,
 "composite_mean": 1.8049411904761903,
 "composite_std": 0.535179701196301,
 "n_eps": 20,
 "wall_s": 1461.2
}