{
 "exp": "H_hiro_no_csbapr",
 "seed": 123,
 "ep": 149,
 "wait_mean": 5.68705,
 "wait_std": 2.7414618449834385,
 "cv_mean": 0.50734,
 "cv_std": 0.11239213673562756,
 "overshoot_mean": 1.65,
 "overshoot_std": 1.388344337691482,
 "composite_mean": 1.5597308974358974,
 "composite_std": 0.6575068860742267,
 "n_eps": 20,
 "wall_s": 1435.6
}