{
 "exp": "H_hiro_no_csbapr",
 "seed": 42,
 "ep": 299,
 "wait_mean": 6.893649999999999,
 "wait_std": 1.9984887108762959,
 "cv_mean": 0.54792,
 "cv_std": 0.10513039807781574,
 "overshoot_mean": 2.3,
 "overshoot_std": 0.9539392014169457,
 "composite_mean": 1.836456245421245,
 "composite_std": 0.558795128590282,
 "n_eps": 20,
 "wall_s": 1511.0
}