{
 "exp": "H_hiro_no_csbapr",
 "seed": 42,
 "ep": 199,
 "wait_mean": 5.508000000000001,
 "wait_std": 2.304814070592246,
 "cv_mean": 0.55034,
 "cv_std": 0.0894435766279502,
 "overshoot_mean": 1.8,
 "overshoot_std": 1.2489995996796799,
 "composite_mean": 1.5955401831501832,
 "composite_std": 0.5907064635566054,
 "n_eps": 20,
 "wall_s": 1465.4
}