{
 "exp": "H_hiro_no_csbapr",
 "seed": 123,
 "ep": 249,
 "wait_mean": 5.16945,
 "wait_std": 1.7769127855637707,
 "cv_mean": 0.53579,
 "cv_std": 0.05747639428495842,
 "overshoot_mean": 1.6,
 "overshoot_std": 1.3564659966250538,
 "composite_mean": 1.5169154029304028,
 "composite_std": 0.5697843239385837,
 "n_eps": 20,
 "wall_s": 1516.3
}