{
 "exp": "H_hiro_no_csbapr",
 "seed": 42,
 "ep": 149,
 "wait_mean": 8.24755,
 "wait_std": 6.696233945099289,
 "cv_mean": 0.519965,
 "cv_std": 0.07326942933447757,
 "overshoot_mean": 1.9,
 "overshoot_std": 1.2609520212918492,
 "composite_mean": 1.8697154212454208,
 "composite_std": 0.9995172060990617,
 "n_eps": 20,
 "wall_s": 1290.2
}