{
 "exp": "H_hiro_no_csbapr",
 "seed": 123,
 "ep": 49,
 "wait_mean": 5.6814,
 "wait_std": 2.0120912106562168,
 "cv_mean": 0.44970499999999997,
 "cv_std": 0.07309497571652923,
 "overshoot_mean": 1.55,
 "overshoot_std": 1.3955285736952865,
 "composite_mean": 1.4784539743589742,
 "composite_std": 0.519888916429604,
 "n_eps": 20,
 "wall_s": 1433.2
}