{
 "exp": "H_hiro_no_csbapr",
 "seed": 456,
 "ep": 299,
 "wait_mean": 5.526999999999999,
 "wait_std": 1.4283133759788151,
 "cv_mean": 0.5199299999999999,
 "cv_std": 0.12071092784002614,
 "overshoot_mean": 1.9,
 "overshoot_std": 1.2206555615733703,
 "composite_mean": 1.5911968498168496,
 "composite_std": 0.49389228614279923,
 "n_eps": 20,
 "wall_s": 1048.0
}