{
 "exp": "H_hiro_no_morl",
 "seed": 456,
 "ep": 199,
 "wait_mean": 5.562849999999999,
 "wait_std": 2.1367683841492973,
 "cv_mean": 0.508955,
 "cv_std": 0.07896799019222915,
 "overshoot_mean": 1.7,
 "overshoot_std": 1.3820274961085255,
 "composite_mean": 1.5617921978021978,
 "composite_std": 0.600609351874393,
 "n_eps": 20,
 "wall_s": 1244.2
}