{
 "exp": "H_hiro_no_morl",
 "seed": 123,
 "ep": 49,
 "wait_mean": 4.88265,
 "wait_std": 0.7548596078079683,
 "cv_mean": 0.46476999999999996,
 "cv_std": 0.059825338277355346,
 "overshoot_mean": 1.55,
 "overshoot_std": 1.3955285736952865,
 "composite_mean": 1.4136439743589742,
 "composite_std": 0.4380181610749445,
 "n_eps": 20,
 "wall_s": 1186.2
}