{
 "exp": "H_hiro_no_morl",
 "seed": 42,
 "ep": 49,
 "wait_mean": 5.508899999999999,
 "wait_std": 1.3448917019596782,
 "cv_mean": 0.439705,
 "cv_std": 0.052740738286451774,
 "overshoot_mean": 1.65,
 "overshoot_std": 1.3518505834595773,
 "composite_mean": 1.4663138644688645,
 "composite_std": 0.48856186275598196,
 "n_eps": 20,
 "wall_s": 1032.3
}