{
 "exp": "H_hiro_no_morl",
 "seed": 42,
 "ep": 249,
 "wait_mean": 5.6789499999999995,
 "wait_std": 2.177083771355618,
 "cv_mean": 0.47928,
 "cv_std": 0.08258000726568143,
 "overshoot_mean": 1.75,
 "overshoot_std": 1.3369741957120937,
 "composite_mean": 1.5472986263736264,
 "composite_std": 0.48533050548506274,
 "n_eps": 20,
 "wall_s": 1414.9
}