{
 "exp": "H_hiro_no_morl",
 "seed": 456,
 "ep": 99,
 "wait_mean": 6.093299999999999,
 "wait_std": 2.352361347667488,
 "cv_mean": 0.44769500000000007,
 "cv_std": 0.100102419925794,
 "overshoot_mean": 1.65,
 "overshoot_std": 1.3143439428094914,
 "composite_mean": 1.5247768315018315,
 "composite_std": 0.5864558887397637,
 "n_eps": 20,
 "wall_s": 1473.8
}