{
 "exp": "H_hiro_no_morl",
 "seed": 123,
 "ep": 249,
 "wait_mean": 5.86,
 "wait_std": 2.1086133121082202,
 "cv_mean": 0.51037,
 "cv_std": 0.09532193399213007,
 "overshoot_mean": 1.85,
 "overshoot_std": 1.2757350822173072,
 "composite_mean": 1.6116035164835165,
 "composite_std": 0.5639524917014023,
 "n_eps": 20,
 "wall_s": 1473.7
}