{
 "exp": "H_hiro_no_morl",
 "seed": 42,
 "ep": 99,
 "wait_mean": 5.378500000000001,
 "wait_std": 1.7560168137008256,
 "cv_mean": 0.473215,
 "cv_std": 0.06888706173876195,
 "overshoot_mean": 1.55,
 "overshoot_std": 1.3955285736952865,
 "composite_mean": 1.4716739743589744,
 "composite_std": 0.6107964512353787,
 "n_eps": 20,
 "wall_s": 1102.0
}