{
 "exp": "H_hiro_no_morl",
 "seed": 42,
 "ep": 199,
 "wait_mean": 5.6189,
 "wait_std": 2.82553768157496,
 "cv_mean": 0.5051300000000001,
 "cv_std": 0.06826114634255713,
 "overshoot_mean": 1.7,
 "overshoot_std": 1.3453624047073711,
 "composite_mean": 1.5542773260073262,
 "composite_std": 0.6096163186493919,
 "n_eps": 20,
 "wall_s": 1371.4
}