{
 "exp": "H_hiro_no_morl",
 "seed": 123,
 "ep": 299,
 "wait_mean": 7.37685,
 "wait_std": 4.691467854254146,
 "cv_mean": 0.5427,
 "cv_std": 0.11285201371707995,
 "overshoot_mean": 1.9,
 "overshoot_std": 1.2206555615733703,
 "composite_mean": 1.7989518498168497,
 "composite_std": 0.8274045369728222,
 "n_eps": 20,
 "wall_s": 1536.9
}