{
 "exp": "H_hiro_no_morl",
 "seed": 123,
 "ep": 99,
 "wait_mean": 5.5212,
 "wait_std": 1.6496079412999927,
 "cv_mean": 0.46536,
 "cv_std": 0.06938060535913476,
 "overshoot_mean": 1.55,
 "overshoot_std": 1.3955285736952865,
 "composite_mean": 1.4780889743589742,
 "composite_std": 0.5384578343371375,
 "n_eps": 20,
 "wall_s": 1223.2
}