{"avg_wait_min": [5.394], "peak_fleet": [16.0], "headway_cv": [0.6156], "lower_lambda": [0.9969947934150696], "lower_alpha": [0.1], "lower_q_mean": [-1.401415228843689], "lower_q_std": [2.0675208568573], "upper_delta_mean": [-18.53], "upper_q_mean": [-1.2038028240203857], "hold_fb_mean": [20.76559356136821], "hold_penalty_mean": [0.34625103431288146], "freq_holdfb_same_hold": [0.0], "freq_holdfb_same_wait": [0.0], "theta_wait": [0.503536720462324], "theta_fleet": [0.30906479569830325], "surprise": [0.1545], "belief_window": [9.59], "upper_hf_power_ratio": [0.056145437912132015], "lower_lf_drift_ratio": [0.9861189583784626], "demand_attr_score": [-0.19084042049576386], "demand_attr_mi_score": [0.010474179213488893], "shock_response_time_mean_s": [10.631578947368421], "shock_response_hit_rate": [1.0], "upper_plan_penalty_mean": [0.0], "freq_wait_lower_penalty_mean": [0.0], "freq_wait_lower_board_credit_mean": [0.0], "freq_wait_lower_net_mean": [0.0], "freq_wait_upper_credit_mean": [0.0], "freq_wait_low_share_mean": [0.0], "freq_wait_lower_high_share_mean": [0.0], "freq_middle": [0.01198664922872235], "freq_middle_energy": [0.01198664922872235], "upper_plan_target_mean": [341.4712698623424], "upper_plan_decisions": [108.0], "upper_plan_reuse_ratio": [0.5877862595419847], "terminal_launch_shift_mean": [0.04580152671755725], "freq_promotion_flag": [0.0], "freq_promotion_strength": [0.0], "freq_promotion_absorbed": [0.0]}