comparison,metric,treatment,control,direction,n_common,delta_mean,delta_ci95_low,delta_ci95_high,improvement_mean,improvement_ci95_low,improvement_ci95_high,win_rate,sign_p_value
dynamic_harmonic_nb_vs_fourier,mse,dynamic_harmonic_nb,fourier,decrease,5,-2.2628399053524975,-2.944277338007111,-1.6010798014449423,2.2628399053524975,1.6010798014449423,2.944277338007111,1.0,0.0625
dynamic_harmonic_nb_vs_fourier,mae,dynamic_harmonic_nb,fourier,decrease,5,-0.10433908467365409,-0.15592372423759038,-0.05422949862547268,0.10433908467365409,0.05422949862547268,0.15448554705972917,1.0,0.0625
dynamic_harmonic_nb_vs_fourier,poisson_nll_no_const,dynamic_harmonic_nb,fourier,decrease,5,-0.09753691105705968,-0.1293272266927758,-0.06574752692293515,0.09753691105705968,0.06574752692293515,0.12932629519118422,1.0,0.0625
ema_vs_fourier,mse,ema,fourier,decrease,5,5.371589484369147,3.3430021704975017,7.532954349700343,-5.371589484369147,-7.400176798240791,-3.267707009569526,0.0,0.0625
ema_vs_fourier,mae,ema,fourier,decrease,5,1.0053332473763288,0.679259759441119,1.3395529976615361,-1.0053332473763288,-1.3395529976615361,-0.6711134970911214,0.0,0.0625
ema_vs_fourier,poisson_nll_no_const,ema,fourier,decrease,5,0.1004717990770743,0.05747672692395582,0.13549318955278694,-0.1004717990770743,-0.13549318955278694,-0.05497922664994519,0.0,0.0625
