{
 "method": "cmaes",
 "seed": 42,
 "ep": 49,
 "headways": [
  327.3790977048874,
  353.3446370306983,
  304.33630493282465
 ],
 "wait_mean": 12.615729725983043,
 "wait_std": 9.817571668511844,
 "cv_mean": 0.5708546963388682,
 "cv_std": 0.10972306634679632,
 "overshoot_mean": 2.85,
 "overshoot_std": 0.3570714214271425,
 "composite_mean": 2.5710036762631803,
 "composite_std": 1.1635891068140636,
 "n_eps": 20,
 "wall_s": 703.6
}