{
 "method": "cmaes",
 "seed": 456,
 "ep": 249,
 "headways": [
  249.1361844018234,
  300.0,
  240.0
 ],
 "wait_mean": 6.013311787899682,
 "wait_std": 2.4686663986599817,
 "cv_mean": 0.5042323262691482,
 "cv_std": 0.09920534856645669,
 "overshoot_mean": 1.7,
 "overshoot_std": 1.3453624047073711,
 "composite_mean": 1.593910574656186,
 "composite_std": 0.5706843838525542,
 "n_eps": 20,
 "wall_s": 633.5
}