{
 "method": "cmaes",
 "seed": 123,
 "ep": 199,
 "headways": [
  263.61524896830986,
  320.7389896479949,
  321.7926719453288
 ],
 "wait_mean": 5.224627434083176,
 "wait_std": 1.3356229119868779,
 "cv_mean": 0.45723118011072533,
 "cv_std": 0.06471358796563921,
 "overshoot_mean": 1.5,
 "overshoot_std": 1.4317821063276353,
 "composite_mean": 1.4364567440318634,
 "composite_std": 0.5561078860089737,
 "n_eps": 20,
 "wall_s": 683.2
}