{
 "method": "cmaes",
 "seed": 123,
 "ep": 99,
 "headways": [
  263.61524896830986,
  320.7389896479949,
  321.7926719453288
 ],
 "wait_mean": 5.51170760415458,
 "wait_std": 1.3208250043755365,
 "cv_mean": 0.44007575150138784,
 "cv_std": 0.06404805071197758,
 "overshoot_mean": 1.65,
 "overshoot_std": 1.3143439428094914,
 "composite_mean": 1.458998343418677,
 "composite_std": 0.5140111939737213,
 "n_eps": 20,
 "wall_s": 764.7
}