{
 "method": "cmaes",
 "seed": 42,
 "ep": 119,
 "headways": [
  272.4377002043396,
  443.6890117102173,
  409.7825723595431
 ],
 "wait_mean": 17.37607385214016,
 "wait_std": 6.0621958428905725,
 "cv_mean": 0.5541047260760295,
 "cv_std": 0.14771282441331826,
 "overshoot_mean": 3.0,
 "overshoot_std": 0.0,
 "composite_mean": 3.0792464519493854,
 "composite_std": 0.778461505477564,
 "n_eps": 20,
 "wall_s": 1392.8
}