{
 "method": "cmaes",
 "seed": 42,
 "ep": 99,
 "headways": [
  327.3790977048874,
  353.3446370306983,
  304.33630493282465
 ],
 "wait_mean": 5.844078129785201,
 "wait_std": 2.171281545392424,
 "cv_mean": 0.5085160625328903,
 "cv_std": 0.10349528263177328,
 "overshoot_mean": 2.05,
 "overshoot_std": 1.116915395184434,
 "composite_mean": 1.6362526300901652,
 "composite_std": 0.5799612268954042,
 "n_eps": 20,
 "wall_s": 659.0
}