{
 "method": "cmaes",
 "seed": 42,
 "ep": 149,
 "headways": [
  327.3790977048874,
  353.3446370306983,
  304.33630493282465
 ],
 "wait_mean": 8.332879679883707,
 "wait_std": 5.160908559466314,
 "cv_mean": 0.6120613554583696,
 "cv_std": 0.14891735330815606,
 "overshoot_mean": 2.95,
 "overshoot_std": 0.21794494717703367,
 "composite_mean": 2.2172586641060805,
 "composite_std": 0.6921530881171508,
 "n_eps": 20,
 "wall_s": 680.7
}