{
 "method": "cmaes",
 "seed": 123,
 "ep": 249,
 "headways": [
  263.61524896830986,
  320.7389896479949,
  321.7926719453288
 ],
 "wait_mean": 6.323954610784821,
 "wait_std": 2.5262397326195165,
 "cv_mean": 0.4699165223968146,
 "cv_std": 0.05409906974297748,
 "overshoot_mean": 1.7,
 "overshoot_std": 1.307669683062202,
 "composite_mean": 1.58160227651559,
 "composite_std": 0.5801314488598635,
 "n_eps": 20,
 "wall_s": 696.9
}