{
 "method": "cmaes",
 "seed": 123,
 "ep": 119,
 "headways": [
  213.2823312335518,
  312.2088729283626,
  366.4562012204064
 ],
 "wait_mean": 5.681358824009174,
 "wait_std": 1.8795582024330835,
 "cv_mean": 0.49177214160256477,
 "cv_std": 0.05246851664955323,
 "overshoot_mean": 1.65,
 "overshoot_std": 1.388344337691482,
 "composite_mean": 1.5449217602672185,
 "composite_std": 0.5696745297084658,
 "n_eps": 20,
 "wall_s": 1333.6
}