{
 "method": "cmaes",
 "seed": 456,
 "ep": 99,
 "headways": [
  249.1361844018234,
  300.0,
  240.0
 ],
 "wait_mean": 6.325045106426321,
 "wait_std": 2.3802662063626583,
 "cv_mean": 0.4670425350026791,
 "cv_std": 0.07593077601303443,
 "overshoot_mean": 1.7,
 "overshoot_std": 1.3453624047073711,
 "composite_mean": 1.5868043716526374,
 "composite_std": 0.577324844257491,
 "n_eps": 20,
 "wall_s": 668.1
}