{
 "method": "cmaes",
 "seed": 42,
 "ep": 249,
 "headways": [
  327.3790977048874,
  353.3446370306983,
  304.33630493282465
 ],
 "wait_mean": 7.236482413074631,
 "wait_std": 4.0824027311989655,
 "cv_mean": 0.5353941885508455,
 "cv_std": 0.1161732981064043,
 "overshoot_mean": 2.3,
 "overshoot_std": 0.9539392014169457,
 "composite_mean": 1.8582136752795537,
 "composite_std": 0.78289843287169,
 "n_eps": 20,
 "wall_s": 675.7
}