{
 "method": "cmaes",
 "seed": 456,
 "ep": 299,
 "headways": [
  249.1361844018234,
  300.0,
  240.0
 ],
 "wait_mean": 7.492822560939068,
 "wait_std": 6.289944894264554,
 "cv_mean": 0.4965582051772472,
 "cv_std": 0.09076607343376313,
 "overshoot_mean": 1.85,
 "overshoot_std": 1.3518505834595773,
 "composite_mean": 1.7767333184140113,
 "composite_std": 0.8945782858626409,
 "n_eps": 20,
 "wall_s": 668.6
}