{
 "method": "cmaes",
 "seed": 123,
 "ep": 299,
 "headways": [
  263.61524896830986,
  320.7389896479949,
  321.7926719453288
 ],
 "wait_mean": 5.213747470231684,
 "wait_std": 1.6817274450019437,
 "cv_mean": 0.47094156470140025,
 "cv_std": 0.0840606156269845,
 "overshoot_mean": 1.75,
 "overshoot_std": 1.3369741957120937,
 "composite_mean": 1.4916157622740192,
 "composite_std": 0.5820982102662805,
 "n_eps": 20,
 "wall_s": 671.1
}