{
 "method": "cmaes",
 "seed": 456,
 "ep": 49,
 "headways": [
  249.1361844018234,
  300.0,
  240.0
 ],
 "wait_mean": 5.321793471623488,
 "wait_std": 1.1903216819695737,
 "cv_mean": 0.43031808064679317,
 "cv_std": 0.07136653056054687,
 "overshoot_mean": 1.65,
 "overshoot_std": 1.3518505834595773,
 "composite_mean": 1.4382162922780068,
 "composite_std": 0.4349782238883394,
 "n_eps": 20,
 "wall_s": 682.9
}