{
 "method": "cmaes",
 "seed": 42,
 "ep": 299,
 "headways": [
  327.3790977048874,
  353.3446370306983,
  304.33630493282465
 ],
 "wait_mean": 7.271897809146397,
 "wait_std": 3.703262382392127,
 "cv_mean": 0.4993186920655952,
 "cv_std": 0.0927944585857116,
 "overshoot_mean": 2.15,
 "overshoot_std": 1.1521718621802912,
 "composite_mean": 1.8082987660205276,
 "composite_std": 0.7222371506110885,
 "n_eps": 20,
 "wall_s": 772.6
}