{
 "method": "cmaes",
 "seed": 123,
 "ep": 149,
 "headways": [
  263.61524896830986,
  320.7389896479949,
  321.7926719453288
 ],
 "wait_mean": 6.489021328900925,
 "wait_std": 2.7484287760882085,
 "cv_mean": 0.4682209667812424,
 "cv_std": 0.07524906134974405,
 "overshoot_mean": 1.6,
 "overshoot_std": 1.392838827718412,
 "composite_mean": 1.5892705355687706,
 "composite_std": 0.598634694599874,
 "n_eps": 20,
 "wall_s": 768.8
}