{
 "method": "cmaes",
 "seed": 456,
 "ep": 149,
 "headways": [
  249.1361844018234,
  300.0,
  240.0
 ],
 "wait_mean": 5.363978311503034,
 "wait_std": 1.4243747443482289,
 "cv_mean": 0.44518425008930806,
 "cv_std": 0.08515575551437156,
 "overshoot_mean": 1.65,
 "overshoot_std": 1.3518505834595773,
 "composite_mean": 1.4573009457084762,
 "composite_std": 0.5238502183621456,
 "n_eps": 20,
 "wall_s": 657.2
}