{
 "method": "cmaes",
 "seed": 456,
 "ep": 119,
 "headways": [
  287.7633518087771,
  301.2274008982189,
  375.69452913252417
 ],
 "wait_mean": 6.2499410502768615,
 "wait_std": 3.019611114029191,
 "cv_mean": 0.4924770237123145,
 "cv_std": 0.06522119564836568,
 "overshoot_mean": 1.55,
 "overshoot_std": 1.3955285736952865,
 "composite_mean": 1.578080103098975,
 "composite_std": 0.6428391835531925,
 "n_eps": 20,
 "wall_s": 1362.8
}