{
 "method": "cmaes",
 "seed": 42,
 "ep": 199,
 "headways": [
  327.3790977048874,
  353.3446370306983,
  304.33630493282465
 ],
 "wait_mean": 7.000885896914492,
 "wait_std": 3.1677330164523765,
 "cv_mean": 0.5282868738331133,
 "cv_std": 0.10876679540252143,
 "overshoot_mean": 2.7,
 "overshoot_std": 0.5567764362830022,
 "composite_mean": 1.9242431375172366,
 "composite_std": 0.529921562593497,
 "n_eps": 20,
 "wall_s": 695.4
}