{
 "method": "cmaes",
 "seed": 456,
 "ep": 199,
 "headways": [
  249.1361844018234,
  300.0,
  240.0
 ],
 "wait_mean": 5.310221609872473,
 "wait_std": 1.278806334968515,
 "cv_mean": 0.4374197938755705,
 "cv_std": 0.06778728070349994,
 "overshoot_mean": 1.8,
 "overshoot_std": 1.32664991614216,
 "composite_mean": 1.4801040427749057,
 "composite_std": 0.507766369828978,
 "n_eps": 20,
 "wall_s": 655.4
}