{
 "method": "cmaes",
 "seed": 123,
 "ep": 49,
 "headways": [
  263.61524896830986,
  320.7389896479949,
  321.7926719453288
 ],
 "wait_mean": 20.1250839013105,
 "wait_std": 19.74663615817033,
 "cv_mean": 0.5680518985732592,
 "cv_std": 0.11580842532080723,
 "overshoot_mean": 2.65,
 "overshoot_std": 0.653834841531101,
 "composite_mean": 3.2664279626969828,
 "composite_std": 2.263168967717016,
 "n_eps": 20,
 "wall_s": 810.6
}