{
 "exp": "H_haar",
 "seed": 123,
 "ep": 99,
 "wait_mean": 5.3027,
 "wait_std": 1.7117918419013451,
 "cv_mean": 0.45849499999999993,
 "cv_std": 0.07950033632004332,
 "overshoot_mean": 1.6,
 "overshoot_std": 1.3564659966250538,
 "composite_mean": 1.452945402930403,
 "composite_std": 0.567578868173717,
 "n_eps": 20,
 "wall_s": 714.5
}