{
 "exp": "H_haar",
 "seed": 456,
 "ep": 199,
 "wait_mean": 6.244549999999999,
 "wait_std": 4.9830426395426315,
 "cv_mean": 0.579465,
 "cv_std": 0.12361042543005828,
 "overshoot_mean": 2.2,
 "overshoot_std": 1.0295630140987,
 "composite_mean": 1.7816626739926735,
 "composite_std": 0.8104657601793442,
 "n_eps": 20,
 "wall_s": 714.8
}