{
 "exp": "H_haar",
 "seed": 123,
 "ep": 199,
 "wait_mean": 7.241249999999999,
 "wait_std": 5.049898661111923,
 "cv_mean": 0.534285,
 "cv_std": 0.13524803242561423,
 "overshoot_mean": 1.95,
 "overshoot_std": 1.2835497652993435,
 "composite_mean": 1.8035885714285715,
 "composite_std": 0.8454481816674065,
 "n_eps": 20,
 "wall_s": 780.7
}