{
 "exp": "H_haar",
 "seed": 123,
 "ep": 149,
 "wait_mean": 6.0784,
 "wait_std": 2.1145872741506793,
 "cv_mean": 0.48397000000000007,
 "cv_std": 0.06451599879099756,
 "overshoot_mean": 1.6,
 "overshoot_std": 1.3564659966250538,
 "composite_mean": 1.555990402930403,
 "composite_std": 0.5942401606244014,
 "n_eps": 20,
 "wall_s": 744.5
}