{
 "exp": "H_haar",
 "seed": 456,
 "ep": 249,
 "wait_mean": 6.2165,
 "wait_std": 2.137801826643433,
 "cv_mean": 0.539215,
 "cv_std": 0.08004748762453447,
 "overshoot_mean": 2.3,
 "overshoot_std": 0.9539392014169457,
 "composite_mean": 1.760036245421246,
 "composite_std": 0.5220750760047007,
 "n_eps": 20,
 "wall_s": 698.2
}