{
 "exp": "H_haar",
 "seed": 456,
 "ep": 149,
 "wait_mean": 7.464699999999999,
 "wait_std": 5.988961196234285,
 "cv_mean": 0.55607,
 "cv_std": 0.07356930813865249,
 "overshoot_mean": 1.85,
 "overshoot_std": 1.2757350822173072,
 "composite_mean": 1.8177735164835167,
 "composite_std": 0.942920204616034,
 "n_eps": 20,
 "wall_s": 786.4
}