{
 "exp": "H_haar",
 "seed": 123,
 "ep": 49,
 "wait_mean": 5.4747,
 "wait_std": 0.9233871939766113,
 "cv_mean": 0.43579,
 "cv_std": 0.07224772591576845,
 "overshoot_mean": 1.55,
 "overshoot_std": 1.3955285736952865,
 "composite_mean": 1.443868974358974,
 "composite_std": 0.4588421193250816,
 "n_eps": 20,
 "wall_s": 749.0
}