{
 "exp": "H_haar",
 "seed": 42,
 "ep": 149,
 "wait_mean": 8.24085,
 "wait_std": 3.7455523794895726,
 "cv_mean": 0.5442150000000001,
 "cv_std": 0.10928112497133255,
 "overshoot_mean": 2.8,
 "overshoot_std": 0.39999999999999997,
 "composite_mean": 2.09020934065934,
 "composite_std": 0.6120686614997947,
 "n_eps": 20,
 "wall_s": 654.0
}