seed,total_return,sharpe,max_drawdown,turnover
42,0.11243774655622274,10.776791348532221,0.006782979933165678,3.959419392330549
123,0.028488014912592785,2.9598125269686815,0.03392665156110242,4.854170251584569
