{
  "mode": "eval",
  "policy": "heuristic",
  "n": 2,
  "total_return_mean": 0.07046288073440776,
  "sharpe_mean": 6.868301937750451,
  "max_drawdown_mean": 0.020354815747134047,
  "turnover_mean": 4.4067948219575594
}