ep,stage,wall_env_s,wall_train_s,avg_wait_min,peak_fleet,headway_cv,ep_reward,ep_cost,ep_steps,n_dispatches,lower_action_mean,lower_action_std,lower_action_min,lower_action_max,lower_reward_mean,lower_reward_std,lower_q_mean,lower_q_std,lower_q_loss,lower_q_mse,lower_ood_loss,lower_cost_q_mean,lower_cost_q_loss,lower_policy_loss,lower_pi_grad_norm,lower_q_grad_norm,lower_alpha,lower_lambda,lower_replay_size,upper_delta_mean,upper_delta_std,upper_delta_min,upper_delta_max,upper_reward_mean,upper_reward_std,upper_q_mean,upper_q_std,upper_q_loss,upper_q_mse,upper_ood_loss,upper_policy_loss,upper_pi_grad_norm,upper_q_grad_norm,upper_alpha,upper_replay_size,hold_fb_mean,hold_fb_std,hold_fb_n_trips,hold_fb_dir0_mean,hold_fb_dir1_mean,hold_penalty_mean,theta_wait,theta_fleet,theta_cv,avg_holding_sec,total_holding_sec,avg_onboard_time_min,avg_total_passenger_time_min,n_arrived_passengers,planned_dispatch_headway_mean,planned_dispatch_headway_std,planned_dispatch_headway_cv,actual_dispatch_headway_mean,actual_dispatch_headway_std,actual_dispatch_headway_cv,planned_shift_mean,planned_shift_std,dispatch_lateness_mean,dispatch_lateness_max,surprise,belief_window,belief_cp_prob,belief_entropy,w_wait,w_fleet,w_cv,N_fleet,fleet_overshoot
0,Warmup,10.9,0.8,5.418,16,0.4539,-3071.215,1232.138,4970,0,-5.34,44.17,-60.0,60.0,-0.618,0.3338,-10.793781280517578,2.524198055267334,58.02223205566406,46.9587287902832,2.990612030029297,-0.3420255184173584,1.7489732503890991,15.509631156921387,87.75433349609375,564.8258666992188,0.1,0.997006893157959,4970,0.0,0.0,0.0,0.0,0.0,0.0,0.0,0.0,0.0,0.0,0.0,0.0,0.0,0.0,0.0,0,-5.336470555453758,44.165403787240706,262,-3.2026508454429474,-5.100921495616087,0.6782836142261545,0.5043864519838388,0.30945203085641454,0.18616151715974658,-3.513,-1194.262,12.865,18.283,21340,360.0,0.0,0.0,360.0,0.0,0.0,0.0,0.0,0.0,0.0,0.1729,9.61,0.0526,2.995,0.5,0.3,0.2,16,0
1,Warmup,10.0,0.8,6.255,14,0.435,-2617.461,987.036,4971,0,-32.99,18.04,-59.77,59.93,-0.5265,0.3339,-9.602706909179688,1.0907062292099,16.077360153198242,5.53225040435791,1.1200405359268188,-0.020199593156576157,0.11161619424819946,11.85009765625,10.152271270751953,118.9927978515625,0.1,0.9939133524894714,9941,0.0,0.0,0.0,0.0,0.0,0.0,0.0,0.0,0.0,0.0,0.0,0.0,0.0,0.0,0.0,0,-32.989257760662184,18.03550685988011,262,-24.210846108511877,-27.89515374961652,0.5778700853809601,0.5157942355555123,0.30525235660370514,0.17895340784078265,-30.377,-9113.062,10.954,17.208,20277,360.0,0.0,0.0,360.0,0.0,0.0,0.0,0.0,0.0,0.0,0.2567,9.88,0.0527,2.992,0.504,0.309,0.186,15,0
2,Warmup,10.5,0.6,8.323,14,0.4316,-2571.542,939.799,4970,0,-47.9,13.16,-60.0,60.0,-0.5174,0.3272,-10.412806510925293,0.9372702240943909,39.659523010253906,29.496862411499023,0.8975340127944946,0.025441104546189308,0.09358847886323929,12.43225383758545,5.961692810058594,154.36521911621094,0.1,0.9907567501068115,14911,0.0,0.0,0.0,0.0,0.0,0.0,0.0,0.0,0.0,0.0,0.0,0.0,0.0,0.0,0.0,0,-47.90349334578219,13.155292340667271,262,-41.24264754182414,-44.2256314716841,0.8078803850656127,0.5289059437067369,0.29919280702378426,0.1719012492694788,-46.132,-13839.611,10.881,19.204,21626,360.0,0.0,0.0,360.0,0.0,0.0,0.0,0.0,0.0,0.0,0.3501,10.33,0.053,2.979,0.516,0.305,0.179,16,0
3,Warmup,10.4,0.6,5.766,13,0.5492,-2805.311,1113.483,4972,0,-50.11,11.95,-59.99,59.11,-0.5642,0.341,-10.329206466674805,0.7840890884399414,14.159697532653809,4.302467346191406,0.8052240610122681,0.02087188884615898,0.03772945702075958,11.999590873718262,0.8554781079292297,180.3998260498047,0.1,0.9876696467399597,19883,0.0,0.0,0.0,0.0,0.0,0.0,0.0,0.0,0.0,0.0,0.0,0.0,0.0,0.0,0.0,0,-50.11281442681473,11.949754944885989,262,-48.75771922124059,-50.208209346470085,0.8434121885365996,0.536440057592546,0.2944717741042753,0.1690881683031787,-49.608,-14882.409,11.061,16.827,20529,360.0,0.0,0.0,360.0,27.543,0.0765,0.0,0.0,2.851,240.0,0.3772,10.8,0.0533,2.958,0.529,0.299,0.172,10,3
4,Warmup,10.4,0.8,7.074,11,0.4152,-4315.858,2515.082,4970,0,-39.22,25.67,-60.0,59.97,-0.8684,0.3586,-10.782032012939453,0.771049439907074,25.47978973388672,15.826532363891602,0.8168355226516724,0.01307352352887392,0.03544417768716812,12.383976936340332,2.446937084197998,134.04705810546875,0.1,0.9850350022315979,24853,0.0,0.0,0.0,0.0,0.0,0.0,0.0,0.0,0.0,0.0,0.0,0.0,0.0,0.0,0.0,0,-39.22018815140939,25.666951995970667,262,-45.99193311019948,-39.09414879648309,0.738578393449776,0.5470175733342844,0.2868398107883785,0.16614261587733709,-39.84,-11951.851,11.294,18.368,20616,360.0,0.0,0.0,361.396,250.875,0.6942,0.0,0.0,321.019,1001.0,0.4852,11.49,0.0538,2.911,0.536,0.294,0.169,8,3
5,Warmup,10.3,0.7,4.546,14,0.442,-2457.295,873.56,4971,0,-44.61,16.08,-59.84,60.0,-0.4943,0.3149,-9.677677154541016,0.7818644046783447,45.25288009643555,35.79469680786133,0.7769079208374023,0.005465427879244089,0.027897316962480545,11.297587394714355,2.6648378372192383,87.60045623779297,0.1,0.9824090600013733,29824,0.0,0.0,0.0,0.0,0.0,0.0,0.0,0.0,0.0,0.0,0.0,0.0,0.0,0.0,0.0,0,-44.60989753862727,16.077911170459977,262,-48.70895301417301,-42.66911881597419,0.759522499834146,0.5492535879875071,0.28682619081030414,0.16392022120218877,-45.291,-13587.242,10.809,15.355,19872,360.0,0.0,0.0,360.0,0.0,0.0,0.0,0.0,0.0,0.0,0.4205,11.89,0.0542,2.873,0.547,0.287,0.166,16,0
6,Warmup,10.3,0.6,4.588,14,0.4713,-2517.999,907.564,4971,0,-45.64,16.41,-59.98,59.8,-0.5065,0.3171,-9.649166107177734,0.8018903732299805,22.29082679748535,12.997476577758789,0.7980243563652039,0.02053816244006157,0.02240610681474209,11.319477081298828,4.862094879150391,267.8702087402344,0.1,0.9795876145362854,34795,0.0,0.0,0.0,0.0,0.0,0.0,0.0,0.0,0.0,0.0,0.0,0.0,0.0,0.0,0.0,0,-45.644027787863045,16.40834511059781,262,-45.154169934674314,-42.96776478510154,0.7775582427158602,0.5512463750315746,0.2867570625027895,0.1619965624656361,-42.981,-12894.426,10.883,15.471,19730,360.0,0.0,0.0,360.0,0.0,0.0,0.0,0.0,0.0,0.0,0.3752,12.13,0.0546,2.844,0.549,0.287,0.164,16,0
7,Warmup,10.3,0.6,3.881,14,0.5457,-2588.727,944.384,4970,0,-43.43,16.71,-59.87,58.71,-0.5209,0.3198,-10.222188949584961,0.6426675319671631,27.322769165039062,18.197649002075195,0.7168517112731934,0.03681611269712448,0.0195243488997221,11.598129272460938,0.9228024482727051,129.6065673828125,0.1,0.976698637008667,39765,0.0,0.0,0.0,0.0,0.0,0.0,0.0,0.0,0.0,0.0,0.0,0.0,0.0,0.0,0.0,0,-43.42961139206585,16.712903982067587,262,-45.39965293281957,-42.6929905638883,0.7425350950725167,0.5521193593802578,0.2871624287221726,0.16071821189756966,-42.517,-12754.962,11.035,14.916,20014,360.0,0.0,0.0,360.0,0.0,0.0,0.0,0.0,0.0,0.0,0.3444,12.27,0.055,2.822,0.551,0.287,0.162,16,0
8,Warmup,11.0,0.7,5.756,14,0.4918,-2517.522,911.319,4970,0,-45.71,16.37,-59.93,59.99,-0.5065,0.3277,-11.103767395019531,0.7447353601455688,55.78034210205078,46.81166076660156,0.7551000118255615,-0.009252061136066914,0.018932251259684563,12.631502151489258,5.479757308959961,266.6406555175781,0.1,0.9737679958343506,44735,0.0,0.0,0.0,0.0,0.0,0.0,0.0,0.0,0.0,0.0,0.0,0.0,0.0,0.0,0.0,0,-45.70883696825137,16.36931407816237,262,-48.447196671837254,-45.92369776964187,0.7815512717619033,0.5549865070377725,0.2862836351907599,0.15872985777146761,-46.939,-14081.653,10.996,16.752,20488,360.0,0.0,0.0,360.0,0.0,0.0,0.0,0.0,0.0,0.0,0.3128,12.32,0.0553,2.808,0.552,0.287,0.161,16,0
9,Warmup,10.8,0.6,11.536,14,0.3553,-2595.292,960.277,4971,0,-43.78,18.18,-59.99,59.92,-0.5221,0.3327,-10.485786437988281,0.6371466517448425,28.339401245117188,19.505653381347656,0.6557996869087219,-0.005117232445627451,0.024524308741092682,11.82512092590332,4.229287147521973,93.33267211914062,0.1,0.9707704186439514,49706,0.0,0.0,0.0,0.0,0.0,0.0,0.0,0.0,0.0,0.0,0.0,0.0,0.0,0.0,0.0,0,-43.78359112313331,18.17760949859725,262,-48.61834682151675,-44.19379861480311,0.7557234408933875,0.5633801990978873,0.281947257014009,0.15467254388810375,-45.03,-14409.653,11.011,22.547,22496,360.0,0.0,0.0,360.0,0.0,0.0,0.0,0.0,0.0,0.0,0.2933,12.28,0.0557,2.799,0.555,0.286,0.159,11,3
10,Warmup,10.4,0.7,5.596,14,0.4893,-2565.213,915.88,4970,0,-45.22,18.46,-59.87,59.77,-0.5161,0.3231,-10.67818832397461,0.6802964210510254,19.052509307861328,10.366215705871582,0.6988118886947632,0.04298998787999153,0.01588120125234127,12.177717208862305,5.344564914703369,152.74607849121094,0.1,0.9677805304527283,54676,0.0,0.0,0.0,0.0,0.0,0.0,0.0,0.0,0.0,0.0,0.0,0.0,0.0,0.0,0.0,0,-45.2168628876388,18.455443679364258,262,-49.757948288047,-43.2683376864383,0.7792445691205382,0.5655213059067803,0.2813718657990609,0.15310682829415886,-46.276,-13882.874,10.912,16.508,20676,360.0,0.0,0.0,360.0,0.0,0.0,0.0,0.0,0.0,0.0,0.273,12.17,0.056,2.798,0.563,0.282,0.155,16,0
11,Warmup,10.6,0.6,5.673,14,0.3461,-2621.476,992.388,4972,0,-48.91,14.76,-59.89,59.04,-0.5272,0.3306,-11.110337257385254,0.6653639674186707,27.47395896911621,18.914871215820312,0.6392303109169006,0.016385212540626526,0.01270854938775301,12.544490814208984,1.6992744207382202,90.17623901367188,0.1,0.9648059010505676,59648,0.0,0.0,0.0,0.0,0.0,0.0,0.0,0.0,0.0,0.0,0.0,0.0,0.0,0.0,0.0,0,-48.90967918302016,14.757291715021626,262,-51.418910177130456,-47.05986461357067,0.8267720068610757,0.5677271442392784,0.28087502114208135,0.15139783461864031,-49.108,-14732.516,10.971,16.644,20405,360.0,0.0,0.0,360.0,0.0,0.0,0.0,0.0,0.0,0.0,0.2603,11.98,0.0564,2.803,0.566,0.281,0.153,14,0
12,Warmup,10.4,0.6,5.825,12,0.5419,-2744.698,1094.827,4970,0,-45.72,19.15,-59.99,59.82,-0.5523,0.3557,-11.173152923583984,0.6389294266700745,20.616640090942383,12.16018009185791,0.6476078629493713,0.012972294352948666,0.01318720355629921,12.507518768310547,3.521430015563965,122.07804870605469,0.1,0.9618241786956787,64618,0.0,0.0,0.0,0.0,0.0,0.0,0.0,0.0,0.0,0.0,0.0,0.0,0.0,0.0,0.0,0,-45.72223859506114,19.146201078588067,262,-48.82009598644156,-49.1815394934855,0.7932493271467622,0.5717954259388253,0.27758351753211874,0.1506210565290561,-47.44,-14232.029,10.972,16.797,21120,360.0,0.0,0.0,360.569,65.908,0.1828,0.0,0.0,25.851,384.0,0.2597,11.74,0.0567,2.814,0.568,0.281,0.151,9,3
13,Warmup,10.3,0.7,7.151,12,0.4036,-2685.805,1037.885,4970,0,-41.57,20.82,-59.81,59.4,-0.5404,0.3333,-10.57147216796875,0.6860926151275635,29.067989349365234,20.709749221801758,0.7033976912498474,-0.0024220719933509827,0.012904763221740723,12.00758171081543,1.5934213399887085,128.61178588867188,0.1,0.9588914513587952,69588,0.0,0.0,0.0,0.0,0.0,0.0,0.0,0.0,0.0,0.0,0.0,0.0,0.0,0.0,0.0,0,-41.57050844494448,20.82335526292569,262,-43.94448583628002,-43.53489201727667,0.7307869554467786,0.576750545149275,0.27391341925564544,0.14933603559507957,-41.846,-12553.726,11.058,18.209,21238,360.0,0.0,0.0,360.0,83.161,0.231,0.0,0.0,31.176,535.0,0.2491,11.42,0.057,2.832,0.572,0.278,0.151,9,3
14,Warmup,10.4,0.7,4.265,14,0.4716,-2379.568,804.053,4970,0,-40.64,22.91,-59.97,59.84,-0.4788,0.2987,-10.593990325927734,0.640401303768158,37.136131286621094,28.86993980407715,0.6678122878074646,-0.009428344666957855,0.014757565222680569,11.911625862121582,3.7016358375549316,138.09007263183594,0.1,0.9559776782989502,74558,0.0,0.0,0.0,0.0,0.0,0.0,0.0,0.0,0.0,0.0,0.0,0.0,0.0,0.0,0.0,0,-40.641048149075324,22.908694128358842,262,-46.63566733410484,-39.57754632109091,0.7326311490279707,0.5773861430892617,0.27417245913349053,0.14844139777724774,-41.733,-12520.029,11.107,15.372,20236,360.0,0.0,0.0,360.0,0.0,0.0,0.0,0.0,0.0,0.0,0.2051,10.93,0.0571,2.86,0.577,0.274,0.149,14,0
15,Warmup,10.5,0.7,5.409,15,0.5227,-2553.149,956.487,4970,0,-41.87,20.09,-59.89,59.77,-0.5137,0.3289,-10.620221138000488,0.5626126527786255,38.49630355834961,30.343685150146484,0.5891692638397217,0.011522713117301464,0.010850184597074986,11.846942901611328,4.697722434997559,102.39662170410156,0.1,0.9530321359634399,79528,0.0,0.0,0.0,0.0,0.0,0.0,0.0,0.0,0.0,0.0,0.0,0.0,0.0,0.0,0.0,0,-41.865410237800575,20.092925681272533,262,-46.232913714961,-39.33451110379476,0.731355767985929,0.5777933836421754,0.2750636346695741,0.1471429816882505,-40.336,-12907.663,11.011,16.42,20712,360.0,0.0,0.0,360.0,0.0,0.0,0.0,0.0,0.0,0.0,0.1925,10.38,0.057,2.893,0.577,0.274,0.148,13,2
16,Warmup,10.3,0.6,4.625,14,0.4825,-2353.809,791.176,4970,0,-44.82,19.68,-59.98,57.33,-0.4736,0.2981,-10.266048431396484,0.581639289855957,12.574811935424805,4.5059614181518555,0.6419113874435425,0.061838045716285706,0.011908503249287605,11.573970794677734,3.6742310523986816,108.36947631835938,0.1,0.9500693678855896,84498,0.0,0.0,0.0,0.0,0.0,0.0,0.0,0.0,0.0,0.0,0.0,0.0,0.0,0.0,0.0,0,-44.821694747590925,19.677144667256503,262,-45.00063569922196,-44.65789968590987,0.7784826730767952,0.5786097463836124,0.27513441580412806,0.14625583781225956,-45.816,-13744.832,11.017,15.642,20586,360.0,0.0,0.0,360.0,0.0,0.0,0.0,0.0,0.0,0.0,0.1712,9.79,0.0566,2.925,0.578,0.275,0.147,16,0
17,Warmup,10.2,0.7,6.254,14,0.3674,-2601.216,957.129,4971,0,-44.39,17.14,-59.92,59.73,-0.5233,0.3291,-10.226926803588867,0.6063814759254456,38.80084991455078,30.827411651611328,0.5900141000747681,0.07857505232095718,0.011909065768122673,11.563311576843262,4.935697078704834,92.61007690429688,0.1,0.9471455216407776,89469,0.0,0.0,0.0,0.0,0.0,0.0,0.0,0.0,0.0,0.0,0.0,0.0,0.0,0.0,0.0,0,-44.387429362748605,17.141577566479917,262,-44.40468745419854,-47.40196121570311,0.756998746661065,0.580544582517027,0.27456555192891974,0.1448898655540533,-46.363,-13908.842,10.752,17.007,20650,360.0,0.0,0.0,360.0,0.0,0.0,0.0,0.0,0.0,0.0,0.1722,9.27,0.056,2.952,0.579,0.275,0.146,16,0
18,Warmup,10.5,0.8,4.236,14,0.2904,-2504.083,898.071,4970,0,-42.85,19.51,-59.98,59.09,-0.5038,0.3111,-10.611437797546387,0.582767903804779,22.677053451538086,14.79389476776123,0.5521361231803894,0.038051702082157135,0.031083349138498306,11.885797500610352,4.226431846618652,152.16482543945312,0.1,0.9441967010498047,94439,0.0,0.0,0.0,0.0,0.0,0.0,0.0,0.0,0.0,0.0,0.0,0.0,0.0,0.0,0.0,0,-42.854301857575024,19.507331813898674,262,-47.47613601261063,-42.2552387752031,0.7411852737385232,0.5812132589710188,0.274876767012002,0.14390997401697925,-43.772,-13131.585,10.936,15.172,19516,360.0,0.0,0.0,360.0,0.0,0.0,0.0,0.0,0.0,0.0,0.1574,8.89,0.0549,2.968,0.581,0.275,0.145,14,0
19,Warmup,11.1,0.7,4.299,14,0.4328,-2518.779,907.491,4971,0,-43.5,17.59,-59.98,58.67,-0.5067,0.315,-10.088757514953613,0.5847920179367065,36.283565521240234,28.493337631225586,0.5486758351325989,0.0345211960375309,0.013504073023796082,11.367847442626953,3.112765312194824,104.80670166015625,0.1,0.941287100315094,99410,0.0,0.0,0.0,0.0,0.0,0.0,0.0,0.0,0.0,0.0,0.0,0.0,0.0,0.0,0.0,0,-43.50381938492333,17.59179603465822,262,-47.20998517118002,-41.036384228067966,0.7405642871296977,0.5817766599994583,0.2750951400346702,0.1431281999658716,-43.802,-14016.743,10.807,15.106,20283,360.0,0.0,0.0,360.0,0.0,0.0,0.0,0.0,0.0,0.0,0.1471,8.75,0.0535,2.972,0.581,0.275,0.144,13,1
20,Warmup,10.4,0.7,4.883,14,0.4919,-2382.83,820.163,4970,0,-43.38,20.27,-59.97,59.65,-0.4794,0.3111,-10.569355010986328,0.59574294090271,32.715736389160156,24.981237411499023,0.5784536004066467,0.02344035729765892,0.016839709132909775,11.821337699890137,1.3892323970794678,141.10377502441406,0.1,0.9383651614189148,104380,0.0,0.0,0.0,0.0,0.0,0.0,0.0,0.0,0.0,0.0,0.0,0.0,0.0,0.0,0.0,0,-43.3753041952275,20.26674575837775,262,-46.428612910132664,-44.84380501873399,0.7533740295635394,0.582620015435241,0.2750541779351248,0.14232580662963412,-43.393,-13017.925,10.974,15.857,21053,360.0,0.0,0.0,360.0,0.0,0.0,0.0,0.0,0.0,0.0,0.118,8.78,0.0526,2.972,0.582,0.275,0.143,15,0
21,Warmup,11.1,0.7,6.45,11,0.4296,-3458.349,1580.645,4971,0,-34.4,26.67,-59.98,59.43,-0.6957,0.3574,-10.999076843261719,0.5704172253608704,38.21500015258789,30.531396865844727,0.6854394674301147,0.04007171094417572,0.021083243191242218,12.196048736572266,2.5294106006622314,186.0697479248047,0.1,0.9355053901672363,109351,0.0,0.0,0.0,0.0,0.0,0.0,0.0,0.0,0.0,0.0,0.0,0.0,0.0,0.0,0.0,0,-34.400130085796235,26.669279383302374,262,-38.12126592742769,-37.22635583861878,0.6574874872556346,0.5860218226950763,0.2724179622796077,0.14156021502531604,-34.573,-10371.875,11.239,17.688,20524,360.0,0.0,0.0,364.238,167.478,0.4598,0.0,0.0,272.809,858.0,0.2608,9.19,0.0519,2.974,0.583,0.275,0.142,8,3
22,Warmup,10.4,0.7,4.84,12,0.4864,-2558.324,971.129,4970,0,-27.63,27.67,-59.89,56.0,-0.5148,0.3314,-11.085747718811035,0.6229826807975769,38.1618766784668,30.544296264648438,0.5574418902397156,0.14377479255199432,0.021305637434124947,12.513094902038574,2.2072415351867676,214.72911071777344,0.1,0.9326683282852173,114321,0.0,0.0,0.0,0.0,0.0,0.0,0.0,0.0,0.0,0.0,0.0,0.0,0.0,0.0,0.0,0,-27.625246928310325,27.669365556969748,262,-37.02652640123116,-31.96601705378607,0.5791760987128851,0.5883753168242664,0.2704309175688199,0.14119376560691363,-30.896,-9268.749,11.217,16.057,19199,360.0,0.0,0.0,360.0,86.449,0.2401,0.0,0.0,34.256,586.0,0.2068,9.54,0.0516,2.976,0.586,0.272,0.142,9,3
23,Warmup,10.6,0.7,6.308,14,0.4508,-2511.314,916.01,4970,0,-38.56,22.26,-59.96,56.99,-0.5053,0.3282,-10.189236640930176,0.5387902855873108,19.004032135009766,11.448553085327148,0.5128525495529175,0.10757823288440704,0.027853263542056084,11.426217079162598,2.872044563293457,121.89228057861328,0.1,0.9297954440116882,119291,0.0,0.0,0.0,0.0,0.0,0.0,0.0,0.0,0.0,0.0,0.0,0.0,0.0,0.0,0.0,0,-38.55611887830244,22.2561362532876,262,-42.25741436622645,-37.54612511396408,0.6839774327517673,0.5899186863269191,0.26993816409272126,0.14014314958035962,-39.388,-11816.449,11.042,17.35,21086,360.0,0.0,0.0,360.0,11.016,0.0306,0.0,0.0,0.55,124.0,0.1724,9.89,0.0513,2.981,0.588,0.27,0.141,11,3
24,Warmup,10.5,0.7,4.128,13,0.4337,-2388.856,813.407,4970,0,-38.75,22.84,-59.96,59.98,-0.4807,0.3036,-10.042831420898438,0.5012915134429932,63.44599533081055,55.94319534301758,0.6083028316497803,0.08475381135940552,0.022077586501836777,11.159658432006836,3.5891244411468506,137.63912963867188,0.1,0.9269684553146362,124261,0.0,0.0,0.0,0.0,0.0,0.0,0.0,0.0,0.0,0.0,0.0,0.0,0.0,0.0,0.0,0,-38.7546456321924,22.84107118131492,262,-44.94539812740526,-42.58715012983272,0.6959091499817152,0.5910348832264445,0.2692775643027809,0.13968755247077463,-41.595,-12478.363,10.97,15.098,20213,360.0,0.0,0.0,360.0,9.977,0.0277,0.0,0.0,0.485,113.0,0.1612,10.11,0.0519,2.981,0.59,0.27,0.14,10,3
25,Warmup,10.2,0.7,4.369,14,0.4813,-2288.005,755.647,4970,0,-36.24,24.31,-59.93,58.77,-0.4604,0.2947,-10.016148567199707,0.5110408067703247,24.09730339050293,16.654804229736328,0.5566712617874146,0.05072948709130287,0.04499397426843643,11.106367111206055,5.883828639984131,103.48727416992188,0.1,0.9241551160812378,129231,0.0,0.0,0.0,0.0,0.0,0.0,0.0,0.0,0.0,0.0,0.0,0.0,0.0,0.0,0.0,0,-36.23523059591231,24.305297037041836,262,-45.30865403413772,-38.0807969659959,0.6693909723089544,0.5914482440278853,0.26947833954164185,0.13907341643047294,-38.931,-11679.241,11.033,15.401,19840,360.0,0.0,0.0,360.0,0.0,0.0,0.0,0.0,0.0,0.0,0.1391,10.22,0.0523,2.98,0.591,0.269,0.14,14,0
26,Warmup,10.5,0.7,5.986,14,0.4924,-2419.288,859.416,4970,0,-35.13,24.77,-59.97,53.68,-0.4868,0.3186,-10.30317497253418,0.524127185344696,29.758094787597656,22.383190155029297,0.46341651678085327,0.12981905043125153,0.03132333979010582,11.490876197814941,5.229600429534912,43.09882736206055,0.1,0.9213536977767944,134201,0.0,0.0,0.0,0.0,0.0,0.0,0.0,0.0,0.0,0.0,0.0,0.0,0.0,0.0,0.0,0,-35.12586937543282,24.76641737767408,262,-43.65140251109475,-37.372750317736674,0.6529645917723702,0.5926773911589501,0.26911813010749563,0.13820447873355415,-37.751,-11325.277,11.011,16.997,20448,360.0,0.0,0.0,360.0,0.0,0.0,0.0,0.0,0.0,0.0,0.1032,10.22,0.0527,2.979,0.591,0.269,0.139,12,2
27,Warmup,10.4,0.8,5.356,11,0.4915,-3655.206,1709.341,4970,0,-31.87,25.33,-59.92,59.26,-0.7355,0.3559,-9.956339836120605,0.6055677533149719,31.60576820373535,24.27618980407715,0.5888737440109253,0.03876742720603943,0.03833308070898056,11.239627838134766,3.60508131980896,123.16209411621094,0.1,0.9185940623283386,139171,0.0,0.0,0.0,0.0,0.0,0.0,0.0,0.0,0.0,0.0,0.0,0.0,0.0,0.0,0.0,0,-31.8727595590025,25.331757665737197,262,-38.96406073821218,-31.049311249036542,0.6043631249078646,0.5950372002060648,0.2671536346582311,0.13780916513570413,-32.321,-9696.439,11.188,16.544,19132,360.0,0.0,0.0,365.812,169.962,0.4646,0.0,0.0,264.828,916.0,0.3229,10.61,0.0532,2.969,0.593,0.269,0.138,8,3
28,Warmup,10.5,0.7,5.009,15,0.4981,-2415.957,821.975,4971,0,-39.51,21.97,-59.96,59.86,-0.486,0.3029,-10.015695571899414,0.6673295497894287,35.276546478271484,28.001689910888672,0.5366228222846985,0.0664021372795105,0.03662555292248726,11.443290710449219,1.4608451128005981,134.89312744140625,0.1,0.9158192276954651,144142,0.0,0.0,0.0,0.0,0.0,0.0,0.0,0.0,0.0,0.0,0.0,0.0,0.0,0.0,0.0,0,-39.51109806260945,21.965473188223438,262,-38.87029556035996,-39.38609305165316,0.701606580454041,0.5949722673202342,0.2680445927737583,0.13698313990600738,-43.098,-12929.278,10.944,15.953,20646,360.0,0.0,0.0,360.0,0.0,0.0,0.0,0.0,0.0,0.0,0.2726,10.78,0.0535,2.961,0.595,0.267,0.138,16,0
29,Warmup,11.0,0.7,5.18,12,0.5873,-2754.391,1058.365,4971,0,-32.24,24.93,-59.96,58.37,-0.5541,0.324,-10.20681381225586,0.5210908651351929,45.81074905395508,38.583587646484375,0.5180490612983704,0.25549715757369995,0.043513666838407516,11.518526077270508,3.7379815578460693,122.10195922851562,0.1,0.9131049513816833,149113,0.0,0.0,0.0,0.0,0.0,0.0,0.0,0.0,0.0,0.0,0.0,0.0,0.0,0.0,0.0,0,-32.242680304318974,24.93176943814861,262,-39.28691859433526,-35.626059829561335,0.6094197809708257,0.5970861588403978,0.2661757767241547,0.13673806443544742,-33.522,-10056.514,11.096,16.276,20462,360.0,0.0,0.0,360.0,89.69,0.2491,0.0,0.0,34.927,487.0,0.2419,10.83,0.0538,2.956,0.595,0.268,0.137,9,3
30,BiLevel,10.8,0.9,6.147,14,0.4853,-2514.284,901.726,4970,262,-31.91,24.34,-59.96,56.29,-0.5059,0.3103,-10.236412048339844,0.6113768815994263,36.96660232543945,29.784530639648438,0.551400363445282,0.22318066656589508,0.05926380679011345,11.687796592712402,3.4534072875976562,139.63710021972656,0.1,0.9103808999061584,154083,-6.35,47.69,-101.53,106.55,-1.3616,0.0,-0.3478282690048218,1.0498807430267334,12.479119300842285,2.5490832328796387,1.0821144580841064,2.4575088024139404,0.9914187788963318,42.48325729370117,0.05,262,-31.911392740852065,24.342379432047164,262,-33.22526902062328,-31.123602959513665,0.6028513476433033,0.598264971107199,0.2658222284007737,0.13591280049202722,-30.834,-9866.732,11.118,17.265,20839,360.0,0.0,0.0,360.0,0.0,0.0,0.0,0.0,0.0,0.0,0.2351,10.84,0.054,2.953,0.597,0.266,0.137,13,1
31,BiLevel,10.7,0.8,4.736,14,0.4168,-2582.777,976.034,4970,262,-36.07,22.85,-59.96,58.87,-0.5197,0.3328,-10.085502624511719,0.4924892783164978,32.006988525390625,24.873218536376953,0.49648475646972656,0.2861630320549011,0.0541318915784359,11.363275527954102,2.326042413711548,67.75382995605469,0.1,0.9076363444328308,159053,-4.81,28.96,-82.28,94.31,-1.2857,0.0,-0.9772467613220215,0.4512046277523041,10.360685348510742,0.5888899564743042,0.392402708530426,1.8907526731491089,0.5784613490104675,11.367976188659668,0.05,524,-36.06849531968362,22.849822723182626,262,-41.196039674235024,-30.675737697513483,0.6494453255106496,0.5988001447036743,0.2659379238727915,0.1352619314235343,-34.278,-10283.285,10.91,15.645,19447,360.0,0.0,0.0,360.0,0.0,0.0,0.0,0.0,0.0,0.0,0.2165,10.8,0.0541,2.953,0.598,0.266,0.136,12,2
32,BiLevel,10.4,0.8,4.949,12,0.2795,-2813.962,1106.584,4971,262,-38.89,21.5,-59.99,59.16,-0.5661,0.3388,-10.345780372619629,0.5109634399414062,28.654478073120117,21.562753677368164,0.49555715918540955,0.3671348989009857,0.08574578911066055,11.813860893249512,0.9604265689849854,83.42501068115234,0.1,0.9049526453018188,164024,-6.18,30.81,-90.77,91.44,-1.8002,0.5,-1.4919681549072266,0.44049787521362305,10.38826847076416,0.769324779510498,0.2670232057571411,2.3796768188476562,1.1407266855239868,4.824002265930176,0.05,786,-38.893578590206566,21.497749626021694,262,-39.66574825393526,-40.236557419990234,0.6840537858139637,0.6009047557261257,0.26432844318417603,0.13476680108969827,-39.151,-11745.346,10.954,15.903,19901,360.0,0.0,0.0,360.15,75.637,0.21,0.0,0.0,26.111,454.0,0.2207,10.73,0.0543,2.955,0.599,0.266,0.135,9,3
33,BiLevel,10.6,0.8,6.701,14,0.6876,-2451.907,867.589,4970,262,-37.96,21.79,-59.99,58.39,-0.4933,0.3132,-10.50915241241455,0.4976208508014679,27.495182037353516,20.443105697631836,0.5595513582229614,0.3736574947834015,0.052826471626758575,11.895379066467285,3.298912525177002,101.99020385742188,0.1,0.9022800922393799,168994,-5.47,30.91,-96.75,94.32,-2.1347,0.0,-1.391912579536438,0.2199798822402954,10.2718505859375,0.799352765083313,0.2065691202878952,1.8428337574005127,0.7124021053314209,3.6892590522766113,0.05,1048,-37.95890242414815,21.789448860071293,262,-38.90242315687632,-41.71097900867461,0.671709152781956,0.6021090875973062,0.26378087229806296,0.134110040104631,-41.287,-12386.103,11.024,17.725,20915,360.0,0.0,0.0,360.0,0.0,0.0,0.0,0.0,0.0,0.0,0.1886,10.55,0.0545,2.961,0.601,0.264,0.135,11,3
34,BiLevel,10.7,0.8,4.873,14,0.4149,-2461.891,857.819,4971,262,-37.79,21.77,-59.96,57.21,-0.4953,0.3136,-10.777278900146484,0.5084346532821655,38.01544952392578,31.01621437072754,0.4567279815673828,0.33807867765426636,0.06306197494268417,12.254539489746094,1.840775489807129,128.85646057128906,0.1,0.8995846509933472,173965,-4.21,29.96,-113.43,88.27,-1.0472,0.0,-1.4460442066192627,0.2687176465988159,10.405856132507324,1.0740829706192017,0.2220510095357895,1.9896434545516968,0.44928857684135437,4.9071173667907715,0.05,1310,-37.79148989232541,21.766698133393795,262,-39.61343394996304,-42.78099303120061,0.66907591695679,0.6026544525223091,0.2638681157103844,0.1334774317673066,-39.637,-11891.028,10.944,15.817,21230,360.0,0.0,0.0,360.0,0.0,0.0,0.0,0.0,0.0,0.0,0.1615,10.33,0.0545,2.969,0.602,0.264,0.134,16,0
35,BiLevel,10.8,0.7,9.09,14,0.4096,-2395.543,801.922,4970,262,-38.01,22.07,-59.98,57.99,-0.482,0.3054,-10.588335037231445,0.5457160472869873,46.690860748291016,39.72510528564453,0.5907082557678223,0.2551068365573883,0.08347897976636887,11.778555870056152,5.15756368637085,128.6974639892578,0.1,0.8969060182571411,178935,-7.45,31.9,-103.29,109.82,-2.0714,0.0,-1.6335214376449585,0.22652262449264526,10.256570816040039,1.060997724533081,0.20746740698814392,2.087399482727051,0.7638458013534546,2.8319921493530273,0.05,1572,-38.010481117309354,22.073266055711144,262,-37.730103490227144,-44.021168246022185,0.6762352689506613,0.6050402635980799,0.26272543846920754,0.13223429793271255,-39.287,-11786.11,11.043,20.134,22258,360.0,0.0,0.0,360.0,0.0,0.0,0.0,0.0,0.0,0.0,0.1612,10.11,0.0543,2.976,0.603,0.264,0.133,12,2
36,BiLevel,10.8,0.8,4.032,14,0.4808,-2376.465,817.416,4970,262,-37.66,21.94,-59.97,50.3,-0.4782,0.3015,-10.404643058776855,0.47973668575286865,17.587980270385742,10.674468994140625,0.47441914677619934,0.4658743143081665,0.08810446411371231,11.947196006774902,3.7662723064422607,137.61767578125,0.1,0.8942176699638367,183905,-0.14,29.65,-89.6,84.66,-1.5674,0.5,-1.7196242809295654,0.22765865921974182,9.90925407409668,0.8446899652481079,0.2224552035331726,2.1820600032806396,0.597687304019928,7.6254401206970215,0.05,1834,-37.65728688194441,21.94310597083082,262,-41.6588915226883,-40.54326818957925,0.6676404778457954,0.6051406319729302,0.26304274899794644,0.13181661902912337,-37.778,-12088.905,10.94,14.972,19286,360.0,0.0,0.0,360.0,4.874,0.0135,0.0,0.0,0.29,48.0,0.1645,9.95,0.0541,2.982,0.605,0.263,0.132,11,3
37,BiLevel,10.4,0.7,4.419,14,0.4556,-2421.577,833.11,4971,262,-37.52,23.02,-59.95,59.61,-0.4871,0.3012,-10.281344413757324,0.5223174095153809,19.41168975830078,12.534831047058105,0.5220094919204712,0.32181668281555176,0.07058069109916687,11.56866455078125,0.7811179757118225,110.36235046386719,0.1,0.8915460109710693,188876,-6.61,33.02,-112.49,114.19,-0.9823,0.0,-1.7331057786941528,0.2150244563817978,9.743982315063477,0.8092411756515503,0.2124050408601761,2.168853282928467,0.4571773409843445,3.0765368938446045,0.05,2096,-37.52146809801438,23.022785217476212,262,-45.877772609811075,-34.75578514676737,0.6753687041557301,0.6054210768978113,0.2632504927085039,0.1313284303936848,-35.035,-10510.446,10.961,15.379,18950,360.0,0.0,0.0,360.0,0.0,0.0,0.0,0.0,0.0,0.0,0.1514,9.8,0.0538,2.987,0.605,0.263,0.132,14,0
38,BiLevel,10.7,0.8,5.95,14,0.5705,-2503.671,867.551,4970,262,-38.55,22.6,-59.96,58.81,-0.5038,0.3152,-10.493610382080078,0.4672239422798157,27.84695816040039,21.01666259765625,0.4809168875217438,0.39797693490982056,0.10339828580617905,11.414950370788574,2.4172191619873047,98.84508514404297,0.1,0.8889086842536926,193846,-0.65,30.56,-73.64,106.85,-1.9515,0.0,-1.5699957609176636,0.2180810123682022,9.578933715820312,0.7706232666969299,0.22932173311710358,2.0178654193878174,0.2842867076396942,2.966909170150757,0.05,2358,-38.553566199726234,22.60349900250714,262,-41.29029834129308,-34.10978012879036,0.6852409798717131,0.6062662600322293,0.26299105221671326,0.13074268775105752,-37.517,-11255.114,11.08,17.029,20467,360.0,0.0,0.0,360.0,0.0,0.0,0.0,0.0,0.0,0.0,0.1358,9.68,0.0535,2.99,0.605,0.263,0.131,11,3
39,BiLevel,11.2,1.4,5.2,12,0.517,-2553.21,964.341,4970,262,-36.42,23.22,-59.92,57.78,-0.5137,0.3233,-10.469449996948242,0.5076976418495178,13.552582740783691,6.757292747497559,0.5194465517997742,0.36926186084747314,0.11347948014736176,11.979866027832031,1.2806462049484253,134.30532836914062,0.1,0.886245846748352,198816,-4.32,30.15,-99.23,98.6,-1.9374,0.5,-1.695183277130127,0.23389074206352234,9.279716491699219,0.5927626490592957,0.2505098581314087,2.1770384311676025,0.5761664509773254,4.750852108001709,0.05,2620,-36.420625004463155,23.216689662758466,262,-39.07123227009648,-38.019723123312,0.6582235198735237,0.6081018159201861,0.2613994006982907,0.1304987833815233,-36.61,-10982.874,11.0,16.199,20220,360.0,0.0,0.0,360.169,60.532,0.1681,0.0,0.0,20.351,385.0,0.1267,9.61,0.0532,2.991,0.606,0.263,0.131,9,3
40,BiLevel,11.5,1.0,4.393,11,0.4478,-3139.893,1360.034,4970,262,-32.94,26.19,-59.93,55.24,-0.6318,0.3514,-10.534258842468262,0.6456581354141235,26.112512588500977,19.339950561523438,0.5563655495643616,0.5881795883178711,0.10862036049365997,12.463871955871582,2.46116042137146,131.837158203125,0.1,0.8836177587509155,203786,-3.67,28.48,-88.71,88.31,-1.8589,0.5,-1.8917925357818604,0.21789288520812988,9.362268447875977,0.7942647933959961,0.21644210815429688,2.3409509658813477,0.32104238867759705,2.2354166507720947,0.05,2882,-32.94259435733709,26.185060809561147,262,-32.12224827220565,-35.37348951571866,0.6337718278206087,0.6096210560790035,0.26007297190185547,0.13030597201914088,-28.682,-7457.433,10.96,15.353,18717,360.0,0.0,0.0,360.496,135.813,0.3767,0.0,0.0,189.206,1085.0,0.3288,10.05,0.0529,2.985,0.608,0.261,0.13,8,3
41,BiLevel,11.0,0.9,11.738,12,0.5401,-2273.104,772.908,4970,262,-30.93,28.57,-59.97,59.59,-0.4574,0.2974,-10.290037155151367,0.48515182733535767,32.934295654296875,26.2039852142334,0.4377228319644928,0.503899872303009,0.09648779034614563,11.464743614196777,2.842212677001953,70.9703369140625,0.1,0.8810092806816101,208756,-3.35,27.96,-94.22,85.11,-3.1381,0.5,-2.1124701499938965,0.19312144815921783,9.956293106079102,1.502424955368042,0.23308230936527252,2.5115814208984375,0.3382239043712616,2.008812665939331,0.05,3144,-30.93465650487294,28.565706182461838,262,-21.90943516571271,-31.891777345381286,0.6371904886957173,0.6139979630709073,0.2567867548392535,0.12921528208983912,-27.462,-8238.707,11.349,23.088,21963,360.0,0.0,0.0,360.0,59.643,0.1657,0.0,0.0,36.966,371.0,0.3522,10.44,0.0534,2.973,0.61,0.26,0.13,9,3
42,BiLevel,10.6,0.9,5.044,14,0.4081,-2280.545,757.632,4970,262,-34.02,26.35,-59.97,57.33,-0.4589,0.2959,-10.27445125579834,0.5208498239517212,29.432140350341797,22.73096466064453,0.47191840410232544,0.5339275002479553,0.1219201311469078,12.067001342773438,2.835127353668213,85.22618103027344,0.1,0.878395140171051,213726,-3.36,29.8,-84.62,99.93,-1.0873,0.0,-1.9518487453460693,0.25724273920059204,9.43355941772461,1.0911340713500977,0.2530006170272827,2.478595733642578,0.19949322938919067,5.28985071182251,0.05,3406,-34.01639105527993,26.349153524215065,262,-31.126273769610805,-35.87252780010826,0.6554664693634527,0.6144784982673981,0.256875455286328,0.12864604644627392,-34.125,-10237.402,11.043,16.087,20268,360.0,0.0,0.0,360.0,0.0,0.0,0.0,0.0,0.0,0.0,0.3583,10.75,0.0539,2.957,0.614,0.257,0.129,15,0
43,BiLevel,11.3,0.9,9.597,12,0.5,-2223.849,734.215,4970,262,-26.56,30.44,-59.97,59.55,-0.4475,0.2977,-9.898453712463379,0.615670919418335,29.97113609313965,23.27884292602539,0.6587557792663574,0.5268195867538452,0.11885334551334381,11.618194580078125,1.7094342708587646,152.634765625,0.1,0.8758015632629395,218696,-4.8,31.6,-102.58,113.11,-2.7327,0.5,-2.1542766094207764,0.23016953468322754,9.425907135009766,1.192000150680542,0.24378453195095062,2.6237993240356445,0.17636917531490326,3.357304573059082,0.05,3668,-26.55604900590798,30.44393056222529,262,-22.407991728970877,-28.622458909844095,0.6035436371007984,0.6179121884461501,0.2542503757918599,0.12783743576198994,-21.479,-6014.068,11.297,20.893,21001,360.0,0.0,0.0,360.658,55.4,0.1536,0.0,0.0,39.332,313.0,0.3808,11.06,0.0543,2.937,0.614,0.257,0.129,9,3
44,BiLevel,11.1,0.8,3.817,14,0.4535,-2226.132,728.82,4971,262,-31.03,29.58,-59.99,59.27,-0.4478,0.2963,-10.384896278381348,0.6392966508865356,37.471519470214844,30.811904907226562,0.5711683630943298,0.5997830629348755,0.205124169588089,12.058564186096191,3.53113055229187,121.77864837646484,0.1,0.8732134103775024,223667,-5.61,30.89,-110.98,95.81,-0.9403,0.0,-2.1032145023345947,0.2459532767534256,9.159457206726074,1.0306371450424194,0.24361975491046906,2.607276678085327,0.4842241108417511,3.5946738719940186,0.05,3930,-31.02654066352199,29.579264811737325,262,-31.709874506373147,-31.502215324969665,0.6481628596510762,0.6178543239478882,0.2546591060542139,0.12748656999789804,-32.341,-9702.29,11.273,15.091,19957,360.0,0.0,0.0,360.0,0.0,0.0,0.0,0.0,0.0,0.0,0.388,11.35,0.0546,2.914,0.618,0.254,0.128,13,1
45,BiLevel,10.8,0.8,4.047,14,0.5027,-2085.375,661.229,4971,262,-31.3,28.66,-59.95,58.09,-0.4195,0.2777,-10.536232948303223,0.5003605484962463,19.209016799926758,12.58767032623291,0.46455127000808716,0.7715827822685242,0.11782199144363403,12.219827651977539,0.7147346138954163,87.6618423461914,0.1,0.8706143498420715,228638,-4.47,31.96,-95.75,109.97,-0.9423,0.0,-2.401059150695801,0.24849113821983337,8.854467391967773,0.8307107090950012,0.23145529627799988,2.9079113006591797,0.8732290863990784,7.658216953277588,0.05,4192,-31.296979093122303,28.657422504570427,262,-34.10869895251173,-30.58326711074302,0.6446667871383783,0.6178544043367437,0.25499013372884055,0.1271554619344157,-28.249,-9039.824,11.098,15.144,19838,360.0,0.0,0.0,360.0,0.0,0.0,0.0,0.0,0.0,0.0,0.4515,11.82,0.0546,2.873,0.618,0.255,0.127,15,0
46,BiLevel,10.9,0.7,4.465,14,0.5114,-2118.525,662.502,4970,262,-30.0,28.26,-59.97,59.84,-0.4263,0.2784,-10.240888595581055,0.5306358933448792,16.644113540649414,10.035547256469727,0.6254364252090454,0.5553120374679565,0.13304202258586884,11.96346664428711,1.1153062582015991,145.86451721191406,0.1,0.868030309677124,233608,-2.89,28.83,-103.25,96.5,-1.0227,0.0,-2.124786615371704,0.23093342781066895,8.750165939331055,0.8332157135009766,0.2157275378704071,2.594648599624634,0.1533735692501068,7.972227096557617,0.05,4454,-30.000248909990116,28.260277956355576,262,-34.76093477198952,-28.122607382975126,0.6226299465426964,0.6180066512321013,0.25520810461800214,0.12678524414989656,-27.339,-8201.641,11.211,15.675,20919,360.0,0.0,0.0,360.0,0.0,0.0,0.0,0.0,0.0,0.0,0.468,12.42,0.0539,2.815,0.618,0.255,0.127,15,0
47,BiLevel,10.9,0.8,7.668,14,0.5503,-2085.652,659.738,4971,262,-26.75,30.89,-59.98,59.54,-0.4196,0.2743,-10.111197471618652,0.4874853193759918,11.996343612670898,5.434248924255371,0.45094406604766846,0.6591886281967163,0.10945311933755875,11.718085289001465,1.8283025026321411,66.89993286132812,0.1,0.8654477596282959,238579,-7.63,29.31,-113.65,86.11,-1.6898,0.0,-2.262204170227051,0.25665387511253357,8.455552101135254,0.6446621417999268,0.18748334050178528,2.783416986465454,0.2246606945991516,5.357365131378174,0.05,4716,-26.747187398162747,30.887448161113262,262,-26.69629191160202,-27.899907324345484,0.6103842234656007,0.619322349493548,0.25461707809856415,0.1260605724078878,-24.038,-7692.036,11.382,19.049,20404,360.0,0.0,0.0,360.0,0.0,0.0,0.0,0.0,0.0,0.0,0.4867,12.91,0.0551,2.751,0.618,0.255,0.127,13,1
48,BiLevel,10.8,0.8,6.445,14,0.4711,-2081.45,665.256,4971,262,-30.57,30.15,-59.98,57.84,-0.4187,0.2728,-10.189521789550781,0.5833412408828735,26.759450912475586,20.21274185180664,0.5925868153572083,0.7247316837310791,0.14658237993717194,12.200722694396973,3.9167113304138184,195.5726776123047,0.1,0.8628801703453064,243550,-1.29,29.13,-89.58,96.93,-1.3756,0.0,-2.2119789123535156,0.18677610158920288,8.226189613342285,0.5219705700874329,0.1405823528766632,2.594210147857666,0.5635177493095398,1.7942025661468506,0.05,4978,-30.570383834695882,30.15030801112799,262,-28.898447858032426,-27.328508326254394,0.6541126818781867,0.6202130380040646,0.2543563729727043,0.12543058902323118,-27.025,-8107.429,11.182,17.627,20160,360.0,0.0,0.0,360.0,0.0,0.0,0.0,0.0,0.0,0.0,0.492,13.32,0.0561,2.687,0.619,0.255,0.126,15,0
49,BiLevel,11.0,0.8,4.337,14,0.4196,-2126.767,678.975,4970,262,-31.16,30.1,-59.95,59.89,-0.4279,0.2904,-9.983911514282227,0.5381239652633667,40.85624313354492,34.34888458251953,0.45132535696029663,0.701275110244751,0.20213636755943298,11.59113597869873,2.1526176929473877,87.92567443847656,0.1,0.8602997660636902,248520,-3.25,28.47,-79.48,99.47,-1.5892,0.0,-2.3278326988220215,0.17066454887390137,8.076212882995605,0.47503790259361267,0.14537407457828522,2.6770880222320557,0.2720969617366791,2.9712865352630615,0.05,5240,-31.15704497344627,30.09515353875488,262,-37.904437065595076,-27.948241940297578,0.660765873712457,0.6203534256345151,0.25462600734760815,0.12502056701787678,-30.6,-9180.136,11.066,15.403,19859,360.0,0.0,0.0,360.0,0.0,0.0,0.0,0.0,0.0,0.0,0.4613,13.58,0.057,2.634,0.62,0.254,0.125,11,3
50,BiLevel,11.0,0.8,5.28,15,0.5,-2139.998,702.373,4969,262,-30.89,29.11,-59.98,59.15,-0.4307,0.2867,-9.94538402557373,0.4828173518180847,21.98167610168457,15.49940299987793,0.48257020115852356,0.832588791847229,0.16476395726203918,11.675286293029785,4.059950351715088,101.33297729492188,0.1,0.8577085733413696,253489,-5.51,27.51,-85.97,112.71,-1.4052,0.0,-2.2060837745666504,0.15344296395778656,7.763587474822998,0.2635745406150818,0.14011619985103607,2.526132106781006,0.29141440987586975,3.3905856609344482,0.05,5502,-30.890292504051516,29.114413238969927,262,-29.53398245337762,-34.12215904726794,0.6436248374169402,0.6201954888489903,0.2553500819448544,0.12445442920615526,-28.605,-9153.535,11.255,16.535,21600,360.0,0.0,0.0,360.0,0.0,0.0,0.0,0.0,0.0,0.0,0.4251,13.7,0.0579,2.596,0.62,0.255,0.125,13,2
51,BiLevel,10.6,0.8,4.09,14,0.4621,-2028.688,641.695,4969,262,-25.58,32.34,-59.96,59.64,-0.4083,0.2735,-10.454085350036621,0.5207452774047852,26.392438888549805,19.940805435180664,0.4719941318035126,0.7597000598907471,0.17848140001296997,11.976290702819824,0.7787736058235168,177.6242218017578,0.1,0.8551446795463562,258458,-6.83,31.32,-105.23,88.96,-0.9334,0.0,-2.552948236465454,0.17007961869239807,7.905736923217773,0.5059239268302917,0.1455872654914856,2.9004716873168945,0.11583713442087173,4.355621337890625,0.05,5764,-25.58294711524685,32.343139082776865,262,-24.964740275395542,-31.06002377506934,0.6203952375006183,0.6202201660805811,0.2556575398011037,0.12412229411831532,-22.831,-6849.332,11.442,15.532,19686,360.0,0.0,0.0,360.0,0.0,0.0,0.0,0.0,0.0,0.0,0.4608,13.9,0.059,2.549,0.62,0.255,0.124,16,0
52,BiLevel,11.3,0.9,10.805,15,0.5455,-1996.523,619.476,4970,262,-22.25,32.66,-59.97,59.35,-0.4017,0.2669,-9.75314998626709,0.5278595685958862,22.688037872314453,16.26504135131836,0.49015605449676514,0.761655867099762,0.21273110806941986,11.402968406677246,2.819627523422241,85.54273986816406,0.1,0.8525787591934204,263428,-4.1,30.93,-81.65,94.4,-2.2135,0.0,-2.5233054161071777,0.16045062243938446,7.898478984832764,0.5960277915000916,0.13575518131256104,2.851527452468872,0.06713943183422089,2.7883875370025635,0.05,6026,-22.251641704994338,32.663900266676436,262,-27.789847552305776,-24.38488232540457,0.5889227149488031,0.6219811426992381,0.255039187066647,0.12297967023411484,-20.925,-6695.899,11.517,22.322,22340,360.0,0.0,0.0,360.0,0.0,0.0,0.0,0.0,0.0,0.0,0.4954,14.09,0.0607,2.501,0.62,0.256,0.124,15,0
53,BiLevel,10.8,0.9,6.227,14,0.5811,-2160.929,692.525,4970,262,-32.25,29.95,-59.99,58.34,-0.4348,0.284,-9.86799430847168,0.6270371675491333,8.76052474975586,2.3584980964660645,0.5674731731414795,0.9604835510253906,0.14979007840156555,11.872352600097656,1.7849684953689575,139.2549591064453,0.1,0.8500190377235413,268398,-4.31,32.87,-108.1,105.54,-1.3764,0.0,-2.5833916664123535,0.14736762642860413,7.6525139808654785,0.44411301612854004,0.13554637134075165,2.8867406845092773,0.14368946850299835,2.655424118041992,0.05,6288,-32.24536284928583,29.945936455642226,262,-29.314936313974233,-33.722781113574385,0.676371970303325,0.6226716941053889,0.25481183992885553,0.12251646596575555,-30.229,-9068.764,11.487,17.714,21275,360.0,0.0,0.0,360.0,0.0,0.0,0.0,0.0,0.0,0.0,0.4014,13.87,0.0621,2.505,0.622,0.255,0.123,14,0
54,BiLevel,11.2,0.8,4.452,14,0.4667,-1981.857,606.216,4970,262,-19.94,36.01,-59.99,59.52,-0.3988,0.2725,-10.117756843566895,0.4809081554412842,15.055992126464844,8.689170837402344,0.4971705973148346,0.7632555365562439,0.177781879901886,11.777910232543945,2.8953731060028076,97.95201110839844,0.1,0.8474754691123962,273368,-5.23,29.45,-79.27,107.51,-1.6285,0.5,-2.4596521854400635,0.16285714507102966,7.5584588050842285,0.4428718686103821,0.13409161567687988,2.7951438426971436,0.31949707865715027,1.288726806640625,0.05,6550,-19.937775139881285,36.01452014353307,262,-22.53711318310938,-22.734509409258244,0.6176047722566561,0.6228033917685303,0.255029129536021,0.12216747869544867,-18.255,-5476.47,11.717,16.169,20410,360.0,0.0,0.0,360.0,7.806,0.0217,0.0,0.0,0.34,89.0,0.455,13.8,0.0633,2.503,0.623,0.255,0.123,11,3
55,BiLevel,11.5,0.9,4.909,14,0.5282,-1961.253,588.354,4971,262,-20.64,33.55,-59.95,59.92,-0.3945,0.2612,-9.564803123474121,0.4739064574241638,16.847558975219727,10.512001037597656,0.47571611404418945,1.0564913749694824,0.23477420210838318,11.376703262329102,1.319311261177063,76.2553939819336,0.1,0.8449183702468872,278339,-2.69,29.38,-89.6,95.8,-1.7368,0.0,-2.3655614852905273,0.1723078191280365,7.525954246520996,0.5020893812179565,0.14577075839042664,2.7204322814941406,0.17858287692070007,4.937134742736816,0.05,6812,-20.639198791629497,33.54676912054355,262,-23.71355049861105,-21.208917106688023,0.5882912836897803,0.6230549926498189,0.2551228587575091,0.12182214859267208,-20.56,-6168.028,11.562,16.471,19675,360.0,0.0,0.0,360.0,0.0,0.0,0.0,0.0,0.0,0.0,0.4956,13.77,0.0649,2.505,0.623,0.255,0.122,11,3
56,BiLevel,10.8,0.9,4.071,14,0.3276,-2066.391,658.985,4971,262,-24.27,32.71,-59.97,59.02,-0.4157,0.2794,-10.028923034667969,0.4807133674621582,11.295808792114258,4.990365028381348,0.4876629710197449,0.8131560683250427,0.176253542304039,11.642263412475586,1.6071797609329224,93.30569458007812,0.1,0.8423916101455688,283310,-3.52,29.92,-107.68,109.51,-0.8806,0.0,-2.4065730571746826,0.1636752486228943,7.666450023651123,0.7322991490364075,0.13667640089988708,2.7463889122009277,0.155793234705925,4.86077880859375,0.05,7074,-24.272237933534786,32.71346636585441,262,-24.435298982419464,-23.827385734256946,0.6129595663916309,0.623130798141808,0.25545415119989,0.12141505065830192,-21.293,-6387.894,11.429,15.5,19579,360.0,0.0,0.0,360.0,0.0,0.0,0.0,0.0,0.0,0.0,0.4357,13.34,0.0662,2.567,0.623,0.255,0.122,14,0
57,BiLevel,10.9,0.9,4.83,13,0.5097,-2163.465,704.405,4970,262,-26.38,31.6,-59.96,59.18,-0.4353,0.2906,-9.886756896972656,0.4408738315105438,19.035741806030273,12.75101375579834,0.5324785709381104,1.0144524574279785,0.26691415905952454,11.496074676513672,1.000296950340271,126.57571411132812,0.1,0.8398709297180176,288280,-4.8,30.38,-100.4,92.38,-1.7782,0.5,-2.5981154441833496,0.12096919119358063,7.455387592315674,0.6086066961288452,0.11998073756694794,2.8490869998931885,0.13595525920391083,2.1523001194000244,0.05,7336,-26.376584201307605,31.60207592359864,262,-26.441465332006153,-24.009222312820583,0.6211046711293421,0.6239164720810051,0.2549007469508096,0.12118278096818544,-23.698,-7109.314,11.328,16.158,20921,360.0,0.0,0.0,360.0,23.842,0.0662,0.0,0.0,3.366,183.0,0.3125,12.34,0.0659,2.697,0.623,0.255,0.121,10,3
58,BiLevel,10.6,0.9,3.542,12,0.5282,-2147.087,744.07,4970,262,-20.4,33.83,-59.96,59.84,-0.432,0.2999,-9.299348831176758,0.5202105641365051,16.20073699951172,9.945192337036133,0.45382019877433777,1.0109401941299438,0.23579876124858856,11.140274047851562,2.4567816257476807,142.9256134033203,0.1,0.8373759984970093,293250,-5.47,34.1,-107.32,110.15,-1.6197,0.5,-2.7053377628326416,0.1523219645023346,7.299851417541504,0.5380314588546753,0.11581243574619293,3.0198516845703125,0.20368418097496033,1.7586714029312134,0.05,7598,-20.3960428749228,33.834761705639,262,-25.170815411680625,-27.145161544492368,0.5906828397259922,0.6248070021617979,0.2539791720863802,0.12121382575182188,-22.067,-6178.889,11.476,15.018,19427,360.0,0.0,0.0,361.954,48.92,0.1352,0.0,0.0,46.782,370.0,0.2436,11.2,0.0634,2.824,0.624,0.255,0.121,9,3
59,BiLevel,11.2,1.0,4.735,14,0.3957,-1999.095,630.134,4970,262,-15.26,36.28,-59.99,59.78,-0.4022,0.2823,-9.642250061035156,0.5580065846443176,20.89045524597168,14.65131664276123,0.49429839849472046,1.0092973709106445,0.2736738622188568,11.523446083068848,2.0717508792877197,174.83078002929688,0.1,0.8348968625068665,298220,-1.58,29.75,-93.97,94.51,-1.6549,0.0,-2.6257240772247314,0.15327967703342438,7.115198612213135,0.43590450286865234,0.10945490747690201,2.941788911819458,0.44243502616882324,6.176100254058838,0.05,7860,-15.262129082550976,36.279011553170704,262,-18.077788227482845,-21.36500317454338,0.5870167085844118,0.6250529903834146,0.2541451848452726,0.12080182477131293,-16.912,-5073.684,11.877,16.613,20227,360.0,0.0,0.0,360.0,0.0,0.0,0.0,0.0,0.0,0.0,0.3177,10.84,0.059,2.875,0.625,0.254,0.121,11,3
60,BiLevel,11.3,1.0,4.705,14,0.3803,-1994.008,634.488,4969,262,-18.46,36.04,-59.98,59.89,-0.4013,0.2835,-9.956489562988281,0.5674671530723572,19.82180404663086,13.606793403625488,0.4824393689632416,0.962153971195221,0.28238871693611145,11.831786155700684,1.9233369827270508,86.1127700805664,0.1,0.8324288129806519,303189,-5.95,30.84,-111.3,85.11,-1.2743,0.0,-2.483656167984009,0.1826055347919464,7.39286994934082,0.7933868169784546,0.1567744016647339,2.8600494861602783,0.20623764395713806,9.658784866333008,0.05,8122,-18.460942223369717,36.03923266640755,262,-16.940133307482064,-21.48404550364143,0.6100142720207077,0.6252940962676261,0.254318952732343,0.120386951000031,-16.236,-4870.723,11.77,16.475,20855,360.0,0.0,0.0,360.0,0.0,0.0,0.0,0.0,0.0,0.0,0.3647,10.69,0.0582,2.911,0.625,0.254,0.121,12,2
61,BiLevel,12.7,0.9,14.01,11,0.4711,-2397.805,868.22,4971,262,-10.79,37.63,-59.92,59.96,-0.4824,0.3265,-9.893888473510742,0.4451645612716675,23.282838821411133,17.092384338378906,0.46565383672714233,1.1735934019088745,0.36651745438575745,11.838956832885742,2.3488152027130127,69.49173736572266,0.1,0.8299513459205627,308160,-6.36,33.86,-101.52,103.18,-3.6565,0.5,-2.608543634414673,0.17971478402614594,7.2690839767456055,0.7468954920768738,0.17214356362819672,2.981949806213379,0.23296205699443817,9.151327133178711,0.05,8384,-10.788007680121364,37.633574647999346,262,-9.097847330256513,-18.64566004401759,0.5805820970241953,0.6295553266626724,0.2511518440009308,0.11929282933639682,-8.952,-2327.614,12.387,26.397,22052,360.0,0.0,0.0,400.288,108.584,0.2713,0.0,0.0,2346.214,5348.0,0.4946,11.02,0.0582,2.918,0.625,0.254,0.12,8,3
62,BiLevel,11.0,0.9,15.762,14,0.4473,-2143.12,687.326,4971,262,-33.58,32.26,-59.99,59.37,-0.4311,0.2868,-9.838973045349121,0.5319461822509766,17.913896560668945,11.747041702270508,0.4807848334312439,1.1153266429901123,0.2953872084617615,11.783326148986816,1.8017747402191162,99.52323150634766,0.1,0.8274680972099304,313131,-1.44,29.91,-95.31,93.19,-3.195,0.0,-2.5032601356506348,0.16180488467216492,7.0060200691223145,0.5585447549819946,0.12616802752017975,2.8369662761688232,0.3022094666957855,7.630944728851318,0.05,8646,-33.579397814459625,32.25709508371568,262,-23.117426832726128,-34.12647399071016,0.7240343632218459,0.6332243236798643,0.24895527123951147,0.11782040508062429,-30.833,-9249.956,11.527,27.289,22036,360.0,0.0,0.0,360.0,0.0,0.0,0.0,0.0,0.0,0.0,0.4108,11.03,0.0573,2.928,0.63,0.251,0.119,13,1
63,BiLevel,10.8,0.9,5.078,14,0.7278,-2037.584,635.213,4970,262,-18.57,34.55,-59.87,59.78,-0.41,0.2753,-9.193777084350586,0.5129755735397339,19.229970932006836,13.086244583129883,0.511540412902832,1.4063835144042969,0.2874017357826233,11.448846817016602,2.0934970378875732,86.93132019042969,0.1,0.8250069618225098,318101,-5.18,27.98,-107.4,99.75,-1.2794,0.0,-3.3327858448028564,0.21987983584403992,6.994896411895752,0.617130696773529,0.1886133849620819,3.779114246368408,0.30580902099609375,7.113855361938477,0.05,8908,-18.57321571550319,34.54652825177731,262,-18.297896276649674,-19.898964270321947,0.5836946525898047,0.633340393688428,0.24900380063293534,0.11765580567863666,-12.942,-3882.661,11.861,16.94,20405,360.0,0.0,0.0,360.0,0.0,0.0,0.0,0.0,0.0,0.0,0.4121,11.14,0.0564,2.924,0.633,0.249,0.118,13,1
64,BiLevel,11.4,1.0,5.982,14,0.4646,-2043.554,648.415,4970,262,-22.07,34.15,-59.98,59.72,-0.4112,0.2797,-9.376773834228516,0.5174067616462708,13.10770034790039,6.985925197601318,0.531406819820404,1.222313642501831,0.30535823106765747,11.42038345336914,2.2834832668304443,140.46884155273438,0.1,0.8225736618041992,323071,-2.87,33.69,-99.28,106.43,-1.3006,0.0,-2.8635377883911133,0.2052324265241623,6.684174060821533,0.379976361989975,0.16114674508571625,3.281989336013794,0.5029268264770508,6.592564105987549,0.05,9170,-22.074255286586627,34.15446247482966,262,-18.26913637958075,-25.822220841775597,0.6130360162777814,0.6338783230203255,0.24891595234872038,0.11720572463095412,-20.238,-6071.301,11.663,17.645,21827,360.0,0.0,0.0,360.0,0.0,0.0,0.0,0.0,0.0,0.0,0.3995,11.42,0.055,2.903,0.633,0.249,0.118,14,0
65,BiLevel,11.2,1.0,3.931,14,0.4174,-2008.458,614.955,4970,262,-22.79,33.72,-59.98,59.72,-0.4041,0.271,-9.05720043182373,0.5612987875938416,25.222042083740234,19.128124237060547,0.4783194661140442,1.2363125085830688,0.4455294907093048,11.09050464630127,1.7574375867843628,117.48036193847656,0.1,0.8200989961624146,328041,-0.14,31.99,-109.85,99.33,-0.9517,0.0,-2.707721471786499,0.1989169716835022,7.181634902954102,0.9473214149475098,0.14455461502075195,3.111746311187744,0.25762951374053955,13.653738975524902,0.05,9432,-22.79334894179271,33.71814727545785,262,-26.033684876090604,-30.538611318876868,0.612992060416064,0.6337994251936545,0.24927117965721896,0.11692939514912662,-24.451,-7335.249,11.645,15.575,20553,360.0,0.0,0.0,360.0,0.0,0.0,0.0,0.0,0.0,0.0,0.4225,11.8,0.0547,2.869,0.634,0.249,0.117,13,1
66,BiLevel,11.1,1.0,5.566,15,0.5401,-2071.327,659.479,4971,262,-25.12,33.11,-59.97,59.71,-0.4167,0.2822,-9.559148788452148,0.39591920375823975,21.204296112060547,15.140103340148926,0.4443845748901367,1.247342824935913,0.4122057259082794,11.159444808959961,1.8402072191238403,87.50480651855469,0.1,0.8176324963569641,333012,-4.08,29.94,-97.84,104.44,-1.3012,0.0,-3.006258964538574,0.15615496039390564,6.801045894622803,0.6347064971923828,0.12577521800994873,3.3283791542053223,0.07567551732063293,3.638397216796875,0.05,9694,-25.118038134278816,33.114062998368716,262,-24.824199767881318,-25.03838642765033,0.6318686314919778,0.6336273156741902,0.24988284496455226,0.11648983936125767,-19.867,-5960.099,11.378,16.944,20516,360.0,0.0,0.0,360.0,0.0,0.0,0.0,0.0,0.0,0.0,0.3585,12.03,0.0545,2.843,0.634,0.249,0.117,14,1
67,BiLevel,11.2,0.9,5.19,15,0.1901,-2088.347,669.586,4972,262,-17.28,33.82,-59.96,59.9,-0.42,0.2824,-9.247167587280273,0.4965798854827881,11.061820983886719,5.011547565460205,0.5380018353462219,1.3855957984924316,0.29639366269111633,11.3846435546875,1.9783494472503662,117.81574249267578,0.1,0.8151912093162537,337984,-0.93,30.14,-94.63,107.9,-1.1065,0.0,-2.906827688217163,0.12259815633296967,6.805739402770996,0.7070163488388062,0.11882584542036057,3.1611297130584717,0.11425428837537766,5.165223598480225,0.05,9956,-17.28223281823494,33.82246238204787,262,-17.91999171909533,-18.698964664810582,0.5627205847871576,0.6335276020585254,0.25063671758837003,0.1158356803531046,-14.158,-4247.324,11.654,16.844,21117,360.0,0.0,0.0,360.0,0.0,0.0,0.0,0.0,0.0,0.0,0.3393,12.18,0.0549,2.822,0.634,0.25,0.116,14,1
68,BiLevel,11.5,0.9,5.142,15,0.4762,-1967.654,597.866,4970,262,-19.04,32.57,-59.95,59.49,-0.3959,0.2592,-9.285455703735352,0.4945588707923889,33.83305740356445,27.807546615600586,0.5182733535766602,1.368316411972046,0.5946077108383179,11.225018501281738,1.6794935464859009,114.09651184082031,0.1,0.8127755522727966,342954,1.06,27.51,-80.0,101.63,-1.1966,0.0,-3.045192241668701,0.13262708485126495,6.436423301696777,0.40400439500808716,0.12538188695907593,3.3198320865631104,0.4652424156665802,2.850693941116333,0.05,10218,-19.039507000021622,32.57268237877403,262,-23.118841852247716,-20.778418581344578,0.5650062279410383,0.6332651380712819,0.25133046371511886,0.11540439821359916,-17.554,-5266.051,11.579,16.722,20130,360.0,0.0,0.0,360.0,0.0,0.0,0.0,0.0,0.0,0.0,0.4253,12.47,0.0561,2.787,0.634,0.251,0.116,14,1
69,BiLevel,11.7,0.9,8.501,12,0.5665,-2179.736,742.147,4971,262,-22.72,34.26,-59.96,59.96,-0.4385,0.3031,-8.955729484558105,0.46328410506248474,24.981914520263672,18.98929786682129,0.4709170460700989,1.4412015676498413,0.5271340012550354,10.941205024719238,2.5547704696655273,147.56478881835938,0.1,0.8103535175323486,347925,2.03,30.53,-81.25,103.67,-2.5652,0.5,-2.8088743686676025,0.10738032311201096,6.431229591369629,0.4645303189754486,0.10742341727018356,3.033890962600708,0.38935258984565735,3.7072594165802,0.05,10480,-22.723438161829783,34.25691925283292,262,-19.882567835089407,-29.34771233859815,0.6220199244407015,0.6355269705123341,0.24946214079384552,0.11501088869382031,-18.094,-5066.368,11.583,20.084,21240,360.0,0.0,0.0,361.688,64.031,0.177,0.0,0.0,81.977,600.0,0.4006,12.59,0.0568,2.763,0.633,0.251,0.115,9,3
70,BiLevel,11.3,0.8,5.139,15,0.51,-2069.742,657.7,4971,262,-28.22,32.62,-59.96,59.79,-0.4164,0.2769,-9.56108283996582,0.46040794253349304,15.823137283325195,9.853338241577148,0.4509252607822418,1.3218536376953125,0.509101390838623,11.437889099121094,1.453659176826477,87.15031433105469,0.1,0.8079527020454407,352896,-2.88,26.52,-90.23,89.34,-1.386,0.0,-3.173908233642578,0.15367843210697174,6.477945804595947,0.5723389387130737,0.1255188286304474,3.4908828735351562,0.2456756830215454,4.978280544281006,0.05,10742,-28.218662160478893,32.616760186418496,262,-21.30851081609726,-31.312968369534143,0.6626510785531821,0.6352351156556338,0.2501494714746922,0.11461541286967386,-26.279,-7883.801,11.411,16.55,19227,360.0,0.0,0.0,360.0,0.0,0.0,0.0,0.0,0.0,0.0,0.336,12.63,0.0561,2.745,0.636,0.249,0.115,13,2
71,BiLevel,11.2,0.9,6.898,13,0.2736,-2165.14,688.583,4971,262,-16.96,33.67,-59.92,59.9,-0.4356,0.2854,-9.10173225402832,0.512053906917572,44.594573974609375,38.652198791503906,0.4291650056838989,1.4050008058547974,0.7058475017547607,11.242326736450195,2.2197554111480713,71.02714538574219,0.1,0.8055480122566223,357867,0.46,32.04,-101.96,100.57,-2.0841,0.5,-3.15291428565979,0.1512117236852646,6.498729228973389,0.6538684368133545,0.1177428811788559,3.4627089500427246,0.19249087572097778,2.6926822662353516,0.05,11004,-16.95946724433883,33.66934838152586,262,-24.27784255178351,-27.007344891523058,0.5593311518175127,0.6366187616050484,0.24930319848364105,0.11407803991131059,-20.082,-6024.581,11.798,18.696,21451,360.0,0.0,0.0,360.0,27.636,0.0768,0.0,0.0,11.156,227.0,0.322,12.66,0.0561,2.727,0.635,0.25,0.115,10,3
72,BiLevel,12.1,1.0,7.486,11,0.5047,-2278.165,786.062,4970,262,-21.14,35.89,-59.97,59.86,-0.4584,0.3059,-9.885037422180176,0.42455390095710754,17.81955337524414,11.888165473937988,0.5237629413604736,1.4672530889511108,0.4524550437927246,12.065113067626953,2.7240021228790283,87.35369110107422,0.1,0.8031691908836365,362837,-0.86,31.09,-89.83,103.18,-2.4438,0.5,-3.0565266609191895,0.15205194056034088,6.162278652191162,0.37556192278862,0.12046144902706146,3.367898464202881,0.1551118791103363,2.9354488849639893,0.05,11266,-21.14299581062716,35.88978849078618,262,-18.95159560347858,-29.40173210305603,0.6319485430206464,0.6385522972908426,0.24769754906126218,0.11375015364789516,-20.288,-5274.948,11.844,19.33,21404,360.0,0.0,0.0,387.923,82.206,0.2119,0.0,0.0,1560.305,3672.0,0.4736,12.97,0.0586,2.688,0.637,0.249,0.114,8,3
73,BiLevel,11.2,0.9,3.478,14,0.515,-2100.199,673.52,4970,262,-26.1,32.35,-59.99,59.12,-0.4226,0.2798,-9.845675468444824,0.5309767127037048,15.764737129211426,9.858205795288086,0.49401408433914185,1.5733098983764648,0.4684523046016693,12.175772666931152,1.0913264751434326,88.05095672607422,0.1,0.8007887601852417,367807,-0.51,31.22,-78.83,108.59,-0.8992,0.0,-3.3038461208343506,0.12901215255260468,6.236612319946289,0.5076025724411011,0.11149239540100098,3.574195146560669,1.1357765197753906,4.037899017333984,0.05,11528,-26.09605965365916,32.35338391318877,262,-25.755957838422376,-28.748227043763585,0.6276924856306689,0.6382721935463249,0.24811157054073113,0.11361623591294397,-26.077,-7823.137,11.301,14.779,19191,360.0,0.0,0.0,360.0,0.0,0.0,0.0,0.0,0.0,0.0,0.3828,13.07,0.0573,2.657,0.639,0.248,0.114,13,1
74,BiLevel,11.7,0.9,4.004,15,0.5295,-1960.549,590.302,4969,262,-19.45,34.21,-59.96,59.9,-0.3946,0.2623,-9.30073070526123,0.5067149996757507,22.009584426879883,16.127696990966797,0.5093978643417358,1.4768197536468506,0.5898537039756775,11.510746002197266,3.4185454845428467,99.3956069946289,0.1,0.7984156608581543,372776,0.19,28.58,-69.14,98.54,-0.9471,0.0,-3.3020284175872803,0.148616224527359,6.347418785095215,0.6761186718940735,0.13612084090709686,3.6086816787719727,0.10524293035268784,5.952629089355469,0.05,11790,-19.45434305704433,34.20595133274001,262,-20.347488603152726,-20.56390546873996,0.5888769441537902,0.6376311321108687,0.24901264759893216,0.11335622029019903,-15.309,-4592.596,11.629,15.633,19908,360.0,0.0,0.0,360.0,0.0,0.0,0.0,0.0,0.0,0.0,0.5285,13.69,0.0579,2.565,0.638,0.248,0.114,15,0
75,BiLevel,11.3,1.0,3.998,15,0.515,-1961.972,604.717,4970,262,-11.67,35.12,-59.93,59.88,-0.3948,0.2711,-8.981847763061523,0.5741037130355835,8.330362319946289,2.4752390384674072,0.4765162467956543,1.5563279390335083,0.3420684039592743,11.35875129699707,1.2143056392669678,188.09999084472656,0.1,0.796055257320404,377746,-0.07,28.1,-90.79,98.18,-1.1697,0.0,-3.430217742919922,0.13702154159545898,6.104559898376465,0.48995035886764526,0.11351852118968964,3.7151248455047607,0.2720022201538086,7.224977493286133,0.05,12052,-11.671392898623207,35.119903127032906,262,-12.24153044317898,-12.96740818431503,0.5431567535774484,0.6370040115101299,0.24990609922745183,0.11308988926241831,-6.121,-1836.191,11.863,15.86,20590,360.0,0.0,0.0,360.0,0.0,0.0,0.0,0.0,0.0,0.0,0.6075,14.07,0.0627,2.482,0.638,0.249,0.113,13,2
76,BiLevel,11.4,0.9,4.258,12,0.4155,-2217.305,779.776,4970,262,-12.72,35.17,-59.95,59.96,-0.4461,0.3153,-9.327157020568848,0.5364217758178711,24.170085906982422,18.333057403564453,0.49600693583488464,1.7546418905258179,0.5438826084136963,11.752660751342773,0.8690067529678345,135.8434295654297,0.1,0.793695330619812,382716,-1.45,30.4,-83.7,89.14,-1.7044,0.5,-3.493645191192627,0.18614783883094788,6.176366329193115,0.6148711442947388,0.14600631594657898,3.8789801597595215,0.49650564789772034,5.7064995765686035,0.05,12314,-12.718243887904334,35.1701916396293,262,-12.334353917209725,-11.647593660103649,0.549249066731095,0.6380127790660539,0.2489863369004982,0.11300088403344793,-9.805,-2941.423,11.734,15.992,20347,360.0,0.0,0.0,362.192,62.747,0.1732,0.0,0.0,121.847,610.0,0.6306,13.9,0.0699,2.514,0.637,0.25,0.113,9,3
77,BiLevel,12.6,1.0,10.637,11,0.4854,-2112.207,699.707,4971,262,-11.1,36.68,-59.97,59.97,-0.4249,0.3002,-9.477877616882324,0.5341519713401794,7.924692630767822,2.106388568878174,0.48918265104293823,1.5932066440582275,0.3938748240470886,11.735124588012695,0.6156134605407715,127.34687042236328,0.1,0.7913445830345154,387687,-1.8,28.67,-95.32,106.34,-3.0408,0.5,-3.29844069480896,0.21597997844219208,6.047840118408203,0.5372088551521301,0.1538364738225937,3.7401392459869385,0.19558601081371307,6.356629848480225,0.05,12576,-11.104544670570037,36.6828959051426,262,-11.52873549837815,-11.522646845328179,0.566060963247424,0.6407714952095893,0.2468286639866179,0.1123998408037929,-8.428,-2191.231,12.06,22.697,22424,360.0,0.0,0.0,397.265,84.607,0.213,0.0,0.0,2152.672,4934.0,0.4611,13.08,0.0697,2.666,0.638,0.249,0.113,8,3
78,BiLevel,11.3,1.0,11.856,15,0.5136,-1927.599,572.295,4970,262,-10.84,35.96,-59.98,59.86,-0.3878,0.2641,-8.627251625061035,0.5048026442527771,29.305423736572266,23.508010864257812,0.4883672297000885,1.6452205181121826,0.6746032238006592,11.022926330566406,1.1953333616256714,77.42696380615234,0.1,0.7890179753303528,392657,-6.3,29.45,-99.33,83.52,-2.4523,0.0,-3.29152250289917,0.20682376623153687,6.066570281982422,0.605624794960022,0.13057637214660645,3.7137277126312256,0.1532989889383316,5.093530178070068,0.05,12838,-10.836477237835647,35.961178328625216,262,-11.066430149580302,-10.895326738608512,0.548828552733407,0.6423245200936334,0.24621469343224636,0.11146078647412017,-7.646,-2293.847,12.088,23.944,21510,360.0,0.0,0.0,360.0,0.0,0.0,0.0,0.0,0.0,0.0,0.6361,13.37,0.0647,2.664,0.641,0.247,0.112,16,0
79,BiLevel,11.6,1.0,4.653,14,0.5348,-2033.286,645.297,4971,262,-16.84,35.12,-59.97,59.94,-0.409,0.2831,-9.279956817626953,0.41384267807006836,18.375686645507812,12.60505199432373,0.4457368552684784,1.7430143356323242,0.5708098411560059,11.336660385131836,1.6645499467849731,73.1456298828125,0.1,0.7866947054862976,397628,-7.32,29.22,-105.76,88.74,-1.0755,0.0,-3.546564817428589,0.1535157710313797,6.089871406555176,0.6780372858047485,0.11653275042772293,3.8646676540374756,0.038993436843156815,4.114388942718506,0.05,13100,-16.841084810299453,35.1151708661431,262,-12.08139644484771,-10.29487685653332,0.5792845232160158,0.6423526188698383,0.24639302635530075,0.11125435477486087,-11.03,-3308.851,11.765,16.418,20978,360.0,0.0,0.0,360.0,0.0,0.0,0.0,0.0,0.0,0.0,0.548,13.56,0.0606,2.632,0.642,0.246,0.111,16,0
80,BiLevel,11.3,1.0,5.678,13,0.5405,-2026.206,629.096,4970,262,-16.85,34.26,-59.97,59.89,-0.4077,0.2685,-9.321227073669434,0.5288803577423096,26.8195858001709,21.06123924255371,0.549326479434967,1.7865501642227173,0.765705943107605,11.580235481262207,1.7296112775802612,128.52220153808594,0.1,0.7843947410583496,402598,-4.89,33.6,-105.2,99.19,-1.9398,0.5,-3.660684585571289,0.15638367831707,5.983987808227539,0.6213526725769043,0.12424147874116898,3.9848809242248535,0.10665122419595718,3.571486711502075,0.05,13362,-16.850525367844632,34.25622815347862,262,-17.921454446409875,-15.04665679115998,0.5634406626206486,0.6431543048850777,0.24579354862580555,0.11105214648911678,-13.563,-4068.981,11.651,17.329,20881,360.0,0.0,0.0,360.0,27.752,0.0771,0.0,0.0,8.309,192.0,0.4932,13.89,0.0577,2.572,0.642,0.246,0.111,10,3
81,BiLevel,12.2,1.0,9.392,11,0.4573,-2284.019,774.9,4971,262,-24.4,34.82,-59.99,59.93,-0.4595,0.3131,-9.119174003601074,0.41677913069725037,23.332759857177734,17.60202980041504,0.47294479608535767,1.8384556770324707,0.7553793787956238,11.293944358825684,0.49449631571769714,115.40528869628906,0.1,0.7821201086044312,407569,-6.51,29.19,-107.05,80.08,-2.794,0.5,-3.7308454513549805,0.13731354475021362,5.82587194442749,0.5100048184394836,0.13127052783966064,4.014698505401611,0.7289471626281738,5.39512300491333,0.05,13624,-24.40106314717839,34.82379753951035,262,-22.527678554779605,-23.552783501775643,0.6475370523398232,0.6454912269212187,0.24394313026435469,0.11056564281442668,-24.78,-6442.81,11.525,20.916,21652,360.0,0.0,0.0,382.627,92.652,0.2421,0.0,0.0,1099.74,2942.0,0.7263,14.52,0.0612,2.443,0.643,0.246,0.111,8,3
82,BiLevel,12.3,1.2,6.21,11,0.5291,-2255.133,764.515,4970,262,-21.02,34.0,-59.98,59.91,-0.4537,0.3074,-9.001935958862305,0.5052662491798401,26.968107223510742,21.264558792114258,0.4029845893383026,1.7055675983428955,0.8257743120193481,11.207695007324219,1.6426866054534912,73.70491027832031,0.1,0.7798200845718384,412539,-3.75,31.74,-92.88,86.8,-2.2014,0.5,-3.553405284881592,0.17399871349334717,5.772335529327393,0.49861472845077515,0.14536035060882568,3.9111459255218506,0.3066079020500183,5.231404781341553,0.05,13886,-21.01511583962371,33.99822079104225,262,-27.485884537312547,-27.002867790742926,0.6000745875703148,0.6469106534617843,0.2426885540475938,0.11040079249062189,-19.954,-5188.003,11.647,17.857,21183,360.0,0.0,0.0,381.362,74.827,0.1962,0.0,0.0,1103.149,2858.0,0.7997,15.05,0.0623,2.302,0.645,0.244,0.111,8,3
83,BiLevel,11.3,1.1,4.817,15,0.4638,-2021.261,626.455,4970,262,-13.45,34.68,-59.97,59.92,-0.4067,0.2796,-8.947113037109375,0.41146379709243774,15.055912017822266,9.359626770019531,0.5068332552909851,2.0064446926116943,0.568101704120636,11.330418586730957,0.969867467880249,113.74077606201172,0.1,0.7775587439537048,417509,1.41,30.53,-101.03,105.51,-1.6343,0.0,-3.4624199867248535,0.15425604581832886,5.928400039672852,0.6983104944229126,0.12846975028514862,3.783388137817383,0.4479936361312866,5.381908416748047,0.05,14148,-13.454900313644732,34.67584193764384,262,-16.486361952675015,-14.112133999717864,0.5469639196187639,0.646501123832837,0.24343979764752002,0.11005907851964311,-9.011,-2703.254,11.816,16.633,19318,360.0,0.0,0.0,360.0,0.0,0.0,0.0,0.0,0.0,0.0,0.7379,15.36,0.0637,2.195,0.647,0.242,0.111,12,3
84,BiLevel,13.5,1.2,7.275,11,0.5255,-2199.501,746.484,4969,262,-13.6,35.43,-59.95,59.96,-0.4426,0.3125,-9.577446937561035,0.4459531307220459,19.17331314086914,13.49622917175293,0.48553451895713806,1.8139445781707764,0.6958560943603516,11.880599975585938,1.7551391124725342,174.94874572753906,0.1,0.7752915024757385,422478,-5.96,28.55,-107.72,100.0,-2.4023,0.5,-3.6144251823425293,0.12768672406673431,6.1081013679504395,0.921164333820343,0.13284540176391602,3.8793323040008545,0.18063466250896454,10.807703971862793,0.05,14410,-13.60459160919491,35.42765295919579,262,-15.45447989090493,-12.955831737737906,0.5616269561714549,0.6481846025015883,0.24200748200986102,0.10980791548855064,-13.392,-3481.806,11.869,19.144,21042,360.0,0.0,0.0,392.969,77.436,0.1971,0.0,0.0,1782.382,4288.0,0.7057,15.64,0.0648,2.088,0.648,0.241,0.111,8,3
85,BiLevel,12.4,0.9,3.467,13,0.3733,-1965.626,603.18,4970,262,-16.5,34.03,-59.98,59.88,-0.3955,0.2679,-9.1390380859375,0.6184983253479004,24.171218872070312,18.504831314086914,0.5544474124908447,1.9537678956985474,0.7902784943580627,11.867812156677246,0.991117537021637,170.20213317871094,0.1,0.7730147838592529,427448,-3.35,31.48,-87.56,107.99,-1.443,0.5,-3.6854488849639893,0.17182423174381256,5.7226362228393555,0.5783652067184448,0.1552136093378067,4.039131164550781,0.1847061961889267,5.531215190887451,0.05,14672,-16.4969190395128,34.0348734295553,262,-15.046017944303,-16.838478780851553,0.5588883994449809,0.6484326158222554,0.2418785075785128,0.10968887659923178,-13.297,-3989.137,11.486,14.953,19062,360.0,0.0,0.0,360.0,19.771,0.0549,0.0,0.0,4.13,145.0,0.7895,15.81,0.0705,1.991,0.651,0.237,0.112,10,3
86,BiLevel,11.4,1.0,3.735,12,0.5529,-2196.433,713.259,4970,262,-15.85,34.35,-59.98,59.77,-0.4419,0.2863,-8.696743965148926,0.46548911929130554,37.659828186035156,32.02392578125,0.4400356113910675,2.017422676086426,1.2011595964431763,11.132339477539062,2.1495275497436523,118.62877655029297,0.1,0.7707538604736328,432418,-3.9,29.18,-102.72,91.0,-1.6243,0.5,-3.9249672889709473,0.16964855790138245,5.6926727294921875,0.5901817679405212,0.11662107706069946,4.275642395019531,0.12388084828853607,5.498599529266357,0.05,14934,-15.846963187037279,34.35316324189774,262,-7.88172719364888,-19.94550963620606,0.5586861902342323,0.649147446087869,0.2411018749781087,0.10975067893402217,-12.96,-3887.972,11.641,15.376,19010,360.0,0.0,0.0,362.285,51.658,0.1426,0.0,0.0,79.809,409.0,0.7516,15.9,0.0732,1.918,0.652,0.236,0.112,9,3
87,BiLevel,11.1,1.1,5.59,12,0.5428,-2193.498,742.633,4970,262,-28.4,31.13,-59.98,59.63,-0.4413,0.3029,-8.60696029663086,0.4739033281803131,36.78499984741211,31.16615867614746,0.46593931317329407,2.010847806930542,1.1292673349380493,11.248800277709961,1.2991849184036255,174.60108947753906,0.1,0.7684963941574097,437388,-0.11,31.92,-84.65,90.75,-1.9818,0.5,-4.340745449066162,0.15641382336616516,5.763370037078857,0.6997593641281128,0.11540772765874863,4.661717414855957,0.16555321216583252,4.015116214752197,0.05,15196,-28.4031464907485,31.1316860347317,262,-16.609141763574197,-27.006595198261106,0.6475052097638784,0.650344364800793,0.2400018678777238,0.10965376732148319,-21.065,-5898.13,11.253,16.843,20602,360.0,0.0,0.0,360.731,46.268,0.1283,0.0,0.0,38.309,341.0,0.7053,16.13,0.0716,1.8,0.653,0.235,0.112,9,3
88,BiLevel,11.6,0.9,4.702,15,0.4859,-1933.481,588.722,4972,262,-15.04,34.75,-59.97,59.98,-0.3889,0.2659,-8.996496200561523,0.5577157735824585,9.934707641601562,4.330733776092529,0.5110945701599121,2.0353586673736572,0.5667955279350281,11.697259902954102,1.4712997674942017,109.82946014404297,0.1,0.7662476897239685,442360,-2.35,30.02,-98.74,90.07,-1.6106,0.0,-4.089951992034912,0.14776431024074554,5.601424217224121,0.5783388018608093,0.1390630602836609,4.396363735198975,0.32965680956840515,5.375933647155762,0.05,15458,-15.03771015761041,34.753487896890924,262,-18.433229255362562,-20.662988924352746,0.5568894961705533,0.6498838426770803,0.24076703113471445,0.10934912618820515,-14.46,-4337.974,11.818,16.521,20788,360.0,0.0,0.0,360.0,0.0,0.0,0.0,0.0,0.0,0.0,0.8726,16.33,0.0801,1.656,0.655,0.232,0.113,12,3
89,BiLevel,11.5,1.0,3.905,14,0.5778,-1890.631,557.389,4970,262,-13.39,35.78,-59.95,59.96,-0.3804,0.2616,-8.625167846679688,0.45464521646499634,29.48887062072754,23.912403106689453,0.4133094847202301,2.068589925765991,1.0774611234664917,11.104005813598633,0.6132691502571106,115.84496307373047,0.1,0.7640044689178467,447330,-0.65,31.84,-92.19,101.32,-0.9643,0.0,-4.1415839195251465,0.13480769097805023,5.58786678314209,0.6026226282119751,0.11673932522535324,4.418472766876221,0.3757163882255554,4.955461502075195,0.05,15720,-13.388552654137314,35.77778363889552,262,-13.077851860146774,-14.833920615695808,0.5659707270526193,0.6496570380596588,0.24109028977948102,0.10925267216086018,-9.101,-2730.406,11.7,15.605,19862,360.0,0.0,0.0,360.0,0.0,0.0,0.0,0.0,0.0,0.0,1.0177,16.19,0.0951,1.608,0.656,0.231,0.113,16,0
90,BiLevel,11.2,1.0,6.391,13,0.5154,-2076.894,672.067,4970,262,-19.56,34.14,-59.95,59.95,-0.4179,0.281,-8.875911712646484,0.4691852033138275,21.802997589111328,16.242721557617188,0.4493529498577118,2.255901336669922,0.810005784034729,11.398347854614258,1.0410188436508179,82.80216979980469,0.1,0.7617708444595337,452300,-2.75,29.72,-97.88,109.51,-2.0575,0.5,-3.8335814476013184,0.13563616573810577,5.575566291809082,0.6272968053817749,0.11478753387928009,4.116384506225586,0.17067132890224457,6.8712992668151855,0.05,15982,-19.55874521136584,34.14153910381328,262,-14.138259153617057,-13.508078991170777,0.589387368884126,0.6505743835559147,0.2404277206510239,0.1089978957930615,-11.832,-3549.486,11.713,18.104,21316,360.0,0.0,0.0,360.319,22.225,0.0617,0.0,0.0,5.527,181.0,0.7678,15.79,0.1005,1.714,0.655,0.232,0.113,10,3
91,BiLevel,11.1,1.0,4.851,13,0.5732,-2044.342,644.524,4970,262,-15.77,34.76,-59.98,59.84,-0.4113,0.2763,-8.869840621948242,0.46715620160102844,14.463260650634766,8.916084289550781,0.532816469669342,1.9598584175109863,0.6666942834854126,11.405501365661621,0.9442757368087769,133.24632263183594,0.1,0.7595382928848267,457270,-3.37,31.95,-97.43,90.34,-1.784,0.5,-4.113943099975586,0.19416502118110657,5.29127311706543,0.3810015022754669,0.12428292632102966,4.5104827880859375,0.196982279419899,4.335936069488525,0.05,16244,-15.765164961676737,34.75576264987124,262,-13.305936436276687,-16.424520842025153,0.5637333136592229,0.6510635998882436,0.2400310440745654,0.10890535603719108,-10.077,-3022.966,11.709,16.559,19841,360.0,0.0,0.0,360.0,14.715,0.0409,0.0,0.0,3.267,97.0,0.6104,15.58,0.0874,1.74,0.65,0.241,0.109,10,3
92,BiLevel,11.1,1.1,6.376,14,0.579,-2152.61,709.733,4970,262,-18.86,32.2,-59.98,59.67,-0.4331,0.2922,-8.493438720703125,0.4676845967769623,17.603435516357422,12.074865341186523,0.5427508354187012,2.4496660232543945,0.7942441701889038,11.164554595947266,0.7127023935317993,102.42408752441406,0.1,0.75730961561203,462240,-4.81,29.17,-99.28,110.37,-1.4966,0.0,-4.370032787322998,0.15815825760364532,5.596466064453125,0.7213940620422363,0.12107197195291519,4.694766044616699,0.05365258455276489,8.183813095092773,0.05,16506,-18.86465468475599,32.200649359283254,262,-13.66692019818645,-16.90912920283644,0.5493345097952056,0.6514584235997237,0.2399229219916236,0.10861865440865258,-14.209,-4262.748,11.566,17.942,20726,360.0,0.0,0.0,360.0,0.0,0.0,0.0,0.0,0.0,0.0,0.6019,14.64,0.1011,1.986,0.654,0.236,0.111,13,1
93,BiLevel,11.0,1.0,4.381,14,0.4179,-2066.416,648.794,4971,262,-23.48,31.94,-59.99,59.84,-0.4157,0.2777,-8.75375747680664,0.4840760827064514,16.235544204711914,10.73277759552002,0.48211240768432617,2.1093227863311768,0.8480957746505737,11.332571029663086,1.2186832427978516,97.95215606689453,0.1,0.7551065683364868,467211,-4.0,31.25,-106.59,93.13,-1.5826,0.0,-4.529143333435059,0.19976820051670074,5.396893501281738,0.5554577112197876,0.1613420993089676,4.936236381530762,0.409697026014328,14.227063179016113,0.05,16768,-23.475251421011613,31.93507135166899,262,-23.177182936040982,-20.681630640908292,0.5945147926073617,0.6514235689346627,0.240188949858585,0.10838748120675239,-19.229,-5768.552,11.4,15.78,20275,360.0,0.0,0.0,360.0,0.0,0.0,0.0,0.0,0.0,0.0,0.4602,14.14,0.0773,2.059,0.65,0.241,0.108,11,3
94,BiLevel,11.2,0.9,4.98,14,0.3617,-1959.883,582.944,4970,262,-10.55,34.48,-59.97,59.93,-0.3943,0.2639,-8.748031616210938,0.5460886359214783,25.074750900268555,19.590991973876953,0.47738486528396606,2.4514143466949463,1.0356554985046387,11.558100700378418,2.189291000366211,106.56258392333984,0.1,0.7529081106185913,472181,-2.47,32.53,-110.76,102.81,-1.0909,0.0,-4.230640411376953,0.1794552505016327,5.227077484130859,0.42092418670654297,0.15357983112335205,4.596197605133057,0.1167839989066124,4.337701320648193,0.05,17030,-10.545499431006835,34.47781464055127,262,-12.108406121009272,-12.456716935924792,0.5232722458337694,0.6515652638017889,0.24035854953428043,0.10807618666393073,-4.617,-1385.094,11.653,16.633,19853,360.0,0.0,0.0,360.0,0.0,0.0,0.0,0.0,0.0,0.0,0.6089,14.8,0.072,1.931,0.651,0.24,0.108,15,0
95,BiLevel,12.1,1.0,13.558,11,0.5223,-2441.356,867.42,4970,262,-10.55,32.77,-59.95,59.86,-0.4912,0.326,-8.667704582214355,0.44357606768608093,13.208024978637695,7.750685214996338,0.4000754952430725,1.905902624130249,0.7882992625236511,11.034273147583008,0.7654832601547241,68.67037200927734,0.1,0.7507191300392151,477151,-2.38,31.45,-101.2,101.69,-3.6307,0.5,-4.425925254821777,0.14788410067558289,5.582176208496094,0.8100013732910156,0.11897150427103043,4.733345985412598,0.32420220971107483,9.300948143005371,0.05,17292,-10.550388787203362,32.77388716718026,262,-8.107209100848749,-12.084391896740385,0.4905351098002336,0.6546783521631264,0.23795518866726917,0.10736645916960431,-7.554,-1963.992,11.735,25.293,22301,360.0,0.0,0.0,389.612,90.033,0.2311,0.0,0.0,1720.63,4019.0,1.0909,16.29,0.0818,1.493,0.652,0.24,0.108,8,3
96,BiLevel,11.7,1.2,4.446,12,0.4595,-2211.74,770.336,4970,262,-22.73,32.67,-59.98,59.84,-0.445,0.3083,-8.343653678894043,0.3877885341644287,20.647274017333984,15.202659606933594,0.4613146483898163,2.544766426086426,1.0314643383026123,10.964004516601562,1.2344791889190674,87.30487823486328,0.1,0.7485274076461792,482121,-6.25,29.51,-92.21,85.98,-1.7198,0.5,-4.33516788482666,0.13437804579734802,5.378615379333496,0.6384747624397278,0.12306316196918488,4.615142822265625,0.22553299367427826,3.0457491874694824,0.05,17554,-22.731068062272964,32.67316996975094,262,-18.143427980259844,-23.737544806536874,0.595700248901115,0.6555585822385782,0.2371228221289184,0.1073185956325034,-20.975,-5453.486,11.276,15.722,20254,360.0,0.0,0.0,361.008,62.587,0.1734,0.0,0.0,46.458,525.0,0.9582,15.23,0.1288,1.697,0.66,0.229,0.111,9,3
97,BiLevel,12.4,1.2,3.696,14,0.4772,-1988.332,606.439,4970,262,-11.86,32.41,-59.96,59.91,-0.4001,0.2747,-8.794301986694336,0.4587942659854889,19.546220779418945,14.12287425994873,0.4491596817970276,2.379822254180908,0.9995119571685791,11.32280158996582,0.6780329346656799,140.87489318847656,0.1,0.7463493943214417,487091,-2.16,29.98,-109.82,88.31,-1.5054,0.5,-4.691126823425293,0.12593765556812286,5.493442535400391,0.7838638424873352,0.11281691491603851,4.952943325042725,0.3202723264694214,2.8047916889190674,0.05,17816,-11.860164471432357,32.40895985108298,262,-15.717413766446864,-13.700325343718655,0.4956283088000621,0.6553097163155991,0.23750317016392858,0.10718711352047235,-10.171,-3254.638,11.617,15.314,19628,360.0,0.0,0.0,360.0,4.564,0.0127,0.0,0.0,0.206,52.0,0.9114,15.93,0.0941,1.575,0.627,0.27,0.103,11,3
98,BiLevel,11.6,1.1,4.916,14,0.4373,-2273.179,770.727,4971,262,-27.79,31.07,-59.98,59.73,-0.4573,0.302,-8.77752685546875,0.4377925395965576,18.305011749267578,12.894556045532227,0.5151849389076233,2.3229355812072754,0.9281619787216187,11.225104331970215,1.8068876266479492,81.2232437133789,0.1,0.7442004084587097,492062,-5.08,30.91,-101.94,91.35,-1.1165,0.0,-4.579611301422119,0.1461670696735382,5.255586624145508,0.5770128965377808,0.15419498085975647,4.885002136230469,0.044027168303728104,11.950603485107422,0.05,18078,-27.790353287213723,31.070206046902438,262,-23.526657522979534,-25.518967749413694,0.6355608542027867,0.6553784079943563,0.23768190822834342,0.1069396837773004,-24.853,-7455.807,11.31,16.227,19944,360.0,0.0,0.0,360.0,0.0,0.0,0.0,0.0,0.0,0.0,0.9532,15.1,0.1224,1.761,0.659,0.231,0.11,15,0
99,BiLevel,12.0,1.1,6.391,11,0.5022,-2246.958,754.008,4972,262,-13.8,33.74,-59.97,59.97,-0.4519,0.3001,-8.895195960998535,0.39661046862602234,14.455268859863281,9.073473930358887,0.42309868335723877,2.5030689239501953,0.9165053963661194,11.594964027404785,1.4657403230667114,71.35600280761719,0.1,0.7420542240142822,497034,-4.12,30.43,-105.94,101.23,-2.2587,0.5,-4.8209381103515625,0.16139553487300873,5.405011177062988,0.7565460205078125,0.15526925027370453,5.15432596206665,0.7132074236869812,5.771626949310303,0.05,18340,-13.80371091455897,33.74047210618677,262,-19.57794655567329,-18.186494865778247,0.5302374595913407,0.6566932819989921,0.23653194239754285,0.10677477560346503,-11.214,-2915.635,11.737,18.128,19482,360.0,0.0,0.0,386.473,86.109,0.2228,0.0,0.0,1442.981,3502.0,0.9059,14.14,0.1216,2.226,0.633,0.263,0.103,8,3
100,BiLevel,12.4,1.1,8.45,11,0.4847,-2252.377,760.382,4970,262,-20.87,33.53,-59.99,59.98,-0.4532,0.3007,-9.153640747070312,0.4836309850215912,20.22675323486328,14.872457504272461,0.3767681121826172,2.4047563076019287,1.2853120565414429,11.84656047821045,2.270674228668213,133.03517150878906,0.1,0.7399243712425232,500000,-5.44,29.2,-113.24,84.37,-2.6428,0.5,-4.641840934753418,0.15830278396606445,5.221499919891357,0.6046519875526428,0.14328902959823608,4.972004413604736,0.6626466512680054,5.911993026733398,0.05,18602,-20.86897693056673,33.5340625606301,262,-19.722767236044533,-16.43280195233069,0.5913807471685206,0.6584966311911545,0.2350563202290724,0.10644704857977311,-15.395,-4002.799,11.42,19.87,21604,360.0,0.0,0.0,380.731,80.194,0.2106,0.0,0.0,1123.473,2773.0,0.866,15.15,0.0707,2.147,0.635,0.261,0.103,8,3
101,BiLevel,11.3,1.0,7.945,14,0.401,-2058.477,635.569,4971,262,-22.5,33.58,-59.99,59.88,-0.4141,0.2768,-8.717533111572266,0.43438610434532166,13.757333755493164,8.418102264404297,0.4190201163291931,2.5553135871887207,0.9074753522872925,11.278909683227539,1.3775430917739868,72.26493835449219,0.1,0.7377820014953613,500000,-1.94,29.73,-86.03,85.61,-1.6998,0.0,-4.816481113433838,0.1702231764793396,5.146263122558594,0.5569676160812378,0.12253707647323608,5.167835235595703,0.07982725650072098,4.036993980407715,0.05,18864,-22.498078060582404,33.581540134512565,262,-23.248724849757398,-19.082300964703684,0.6057262100674393,0.6592839123241319,0.23475597488283448,0.10596011279303373,-18.33,-5498.884,11.435,19.38,20767,360.0,0.0,0.0,360.0,0.0,0.0,0.0,0.0,0.0,0.0,0.7816,15.55,0.0664,2.018,0.659,0.234,0.107,14,0
102,BiLevel,11.7,1.1,6.31,15,0.5762,-2051.812,639.483,4970,262,-17.88,33.96,-59.99,59.89,-0.4128,0.2711,-8.048648834228516,0.4825214147567749,14.994674682617188,9.665925025939941,0.48303505778312683,2.8589377403259277,0.957679033279419,11.026638984680176,0.8342365026473999,92.93077087402344,0.1,0.7356495261192322,500000,-1.07,31.15,-98.05,95.39,-1.9578,0.0,-4.832439422607422,0.1288784295320511,5.18891716003418,0.6264601945877075,0.1182597205042839,5.09935188293457,0.16939471662044525,5.723335266113281,0.05,19126,-17.87524377126584,33.96121655048724,262,-20.0117435119654,-21.17381265351647,0.5681716332544875,0.6591400931806886,0.23522632905677276,0.10563357776253865,-15.657,-4697.02,11.824,18.134,20970,360.0,0.0,0.0,360.0,0.0,0.0,0.0,0.0,0.0,0.0,0.7236,15.24,0.0767,2.024,0.662,0.231,0.108,12,3
103,BiLevel,11.6,1.1,4.33,14,0.6029,-2086.99,661.335,4970,262,-13.48,32.23,-59.88,59.98,-0.4199,0.2824,-8.467897415161133,0.4120313227176666,13.0003662109375,7.694741725921631,0.4344002902507782,2.5110702514648438,0.7940462231636047,11.136780738830566,1.2857351303100586,149.40823364257812,0.1,0.733521580696106,500000,0.34,31.05,-98.03,95.81,-1.0497,0.0,-4.882876873016357,0.15120051801204681,5.500123500823975,0.9636306762695312,0.11727463454008102,5.194606304168701,0.3727205991744995,9.874105453491211,0.05,19388,-13.476207222151654,32.22546792889937,262,-16.033067377617485,-15.45848032471381,0.5051447395825462,0.6589744189196596,0.23548139718431935,0.1055441838960211,-10.33,-3098.983,11.652,15.981,20543,360.0,0.0,0.0,360.0,0.0,0.0,0.0,0.0,0.0,0.0,0.5962,14.61,0.0785,2.118,0.66,0.234,0.106,15,0
104,BiLevel,11.5,1.1,4.781,12,0.474,-2206.835,755.347,4970,262,-21.71,32.69,-59.99,59.9,-0.444,0.3037,-8.243736267089844,0.41535115242004395,12.627540588378906,7.333930015563965,0.4922609329223633,2.7410361766815186,0.9440187811851501,11.034893035888672,1.068766713142395,82.40906524658203,0.1,0.7314035296440125,500000,-0.17,29.69,-93.22,98.18,-1.8016,0.5,-5.1187028884887695,0.1857006847858429,5.128042221069336,0.6191984415054321,0.13600774109363556,5.500352382659912,0.17939774692058563,4.2379069328308105,0.05,19650,-21.70658522322849,32.69229785399532,262,-17.046176158127032,-24.90612081634371,0.5885103556680565,0.6598814062500691,0.23462988456602507,0.10548870918390585,-20.448,-5316.464,11.369,16.15,19733,360.0,0.0,0.0,361.7,41.766,0.1155,0.0,0.0,47.55,361.0,0.6051,14.76,0.0677,2.045,0.659,0.235,0.106,9,3
105,BiLevel,11.7,1.4,3.894,14,0.5601,-2060.235,623.63,4971,262,-14.44,33.03,-59.96,59.88,-0.4145,0.267,-8.707308769226074,0.42962130904197693,12.117202758789062,6.8423638343811035,0.5053641200065613,2.8342230319976807,0.8984216451644897,11.572257995605469,0.7961285710334778,102.02506256103516,0.1,0.7292808294296265,500000,-3.65,33.86,-101.89,95.39,-0.9482,0.0,-4.9397430419921875,0.18813470005989075,5.149002552032471,0.6667599678039551,0.15803958475589752,5.325275421142578,0.2744826674461365,12.327546119689941,0.05,19912,-14.441789333995793,33.02581502467208,262,-15.188944746318617,-16.279492391410628,0.5240696962178534,0.6596315436657789,0.23496245268721283,0.10540600364700824,-12.165,-3649.583,11.678,15.572,19949,360.0,0.0,0.0,360.0,0.0,0.0,0.0,0.0,0.0,0.0,0.5933,14.55,0.0706,1.984,0.66,0.235,0.105,16,0
106,BiLevel,12.3,1.1,8.248,11,0.5688,-2348.76,808.682,4970,262,-9.34,33.95,-59.97,59.91,-0.4726,0.317,-9.06908130645752,0.46899694204330444,25.387086868286133,20.13491439819336,0.4194222688674927,2.5918185710906982,1.7186384201049805,11.879359245300293,0.7318813800811768,189.35321044921875,0.1,0.727158784866333,500000,-5.71,32.97,-100.13,111.34,-2.6051,0.5,-4.796295166015625,0.2290039360523224,5.244471073150635,0.7885929346084595,0.15584886074066162,5.2632856369018555,0.10829021781682968,17.248197555541992,0.05,20174,-9.336993091121705,33.9521221341183,262,-12.536763421877435,-19.593332713999246,0.5075402479450623,0.6612866122632987,0.23355274326932685,0.10516064446737446,-11.603,-3016.674,11.947,20.195,22472,360.0,0.0,0.0,396.665,86.038,0.2169,0.0,0.0,1963.153,4783.0,0.8936,15.28,0.0657,1.706,0.66,0.235,0.105,8,3
107,BiLevel,11.4,1.0,4.6,14,0.5455,-2067.53,660.45,4970,262,-20.58,33.05,-59.97,59.7,-0.416,0.2839,-8.535771369934082,0.46398845314979553,10.441840171813965,5.204618453979492,0.4008500277996063,3.035884380340576,0.8870221376419067,11.721338272094727,0.684015691280365,57.35912322998047,0.1,0.7250597476959229,500000,-1.95,29.11,-100.94,113.46,-1.6561,0.5,-4.792294025421143,0.17753764986991882,5.070191383361816,0.6427106261253357,0.1412002146244049,5.161369323730469,0.6384085416793823,11.551680564880371,0.05,20436,-20.580573983801532,33.04727554519745,262,-18.501818997373707,-22.72334818975314,0.580629583747168,0.6612015612294743,0.23377761034787137,0.10502082842265434,-18.841,-6029.129,11.575,16.175,19681,360.0,0.0,0.0,360.0,7.89,0.0219,0.0,0.0,0.687,75.0,0.802,16.29,0.0544,1.494,0.662,0.232,0.106,11,3
108,BiLevel,11.6,1.2,6.778,14,0.4535,-1906.122,565.008,4970,262,-17.82,33.34,-59.98,59.77,-0.3835,0.2604,-9.125004768371582,0.44965362548828125,17.329877853393555,12.104762077331543,0.45546385645866394,2.6507303714752197,1.1415150165557861,11.828186988830566,1.0914955139160156,102.20478820800781,0.1,0.7229650020599365,500000,-0.58,30.65,-90.94,103.69,-1.5032,0.0,-4.911832332611084,0.15807189047336578,4.935996055603027,0.5322812795639038,0.132185697555542,5.2350873947143555,0.5080097317695618,4.64492130279541,0.05,20698,-17.823567491133044,33.335550228249176,262,-18.11009973578743,-24.445765471458433,0.5584777946847587,0.6616564863704382,0.23367095604605564,0.1046725575835062,-17.942,-5382.479,11.602,18.379,20827,360.0,0.0,0.0,360.0,0.0,0.0,0.0,0.0,0.0,0.0,1.0332,17.26,0.0539,1.263,0.667,0.225,0.109,16,0
109,BiLevel,12.2,1.2,3.872,14,0.5757,-2158.822,719.838,4970,262,-23.63,30.47,-59.99,59.57,-0.4344,0.3017,-8.447107315063477,0.45572346448898315,19.801122665405273,14.5989408493042,0.393494188785553,2.8148019313812256,1.5409311056137085,11.382087707519531,2.4603869915008545,69.9002914428711,0.1,0.7208759188652039,500000,-3.53,29.16,-105.61,92.84,-0.9713,0.0,-5.215824604034424,0.16820067167282104,5.018775939941406,0.638168454170227,0.14190657436847687,5.5632758140563965,0.26186344027519226,7.582711219787598,0.05,20960,-23.629941484341828,30.474964904405475,262,-22.352587687822158,-24.280506582950288,0.5825498134914807,0.6613909874156212,0.2340032432532218,0.10460576933115699,-22.54,-6761.902,11.352,15.224,20564,360.0,0.0,0.0,360.0,0.0,0.0,0.0,0.0,0.0,0.0,0.8142,16.86,0.0904,1.019,0.671,0.218,0.111,15,0
110,BiLevel,11.4,1.2,3.475,13,0.5172,-2001.925,604.215,4970,262,-20.6,32.25,-59.97,59.9,-0.4028,0.2563,-8.597169876098633,0.4376586675643921,9.302854537963867,4.109768867492676,0.4826835095882416,2.834153652191162,0.9800682067871094,11.525932312011719,1.0285803079605103,75.20459747314453,0.1,0.7187874913215637,500000,0.39,33.25,-93.81,111.37,-1.4646,0.5,-5.307451248168945,0.12482960522174835,4.775045394897461,0.41772642731666565,0.11026265472173691,5.565435409545898,0.39848220348358154,6.773492336273193,0.05,21222,-20.59585775056595,32.25251097937969,262,-21.33988546634975,-25.273684468237974,0.5697156544116792,0.6615071756991928,0.2338904090498853,0.1046024152509219,-17.772,-5331.679,11.49,14.965,18947,360.0,0.0,0.0,360.0,12.71,0.0353,0.0,0.0,1.771,133.0,0.825,15.17,0.1697,1.095,0.669,0.221,0.11,10,3
111,BiLevel,11.5,1.2,5.579,14,0.4929,-2019.295,636.558,4971,262,-15.83,32.07,-59.97,59.6,-0.4062,0.2704,-8.602513313293457,0.421501487493515,11.733476638793945,6.563686370849609,0.4471195340156555,2.9715213775634766,0.9353283643722534,11.526193618774414,1.0661202669143677,62.324737548828125,0.1,0.7167052626609802,500000,-2.16,31.82,-106.69,110.62,-1.9006,0.0,-5.524446964263916,0.14605185389518738,4.983875751495361,0.6504669189453125,0.12733006477355957,5.827863693237305,0.41554298996925354,9.482461929321289,0.05,21484,-15.831296227442962,32.069304412511094,262,-18.621108978320112,-15.808457574562022,0.5211784286904169,0.6616668081714763,0.233965078866605,0.10436811296191874,-14.26,-4278.004,11.625,17.204,19871,360.0,0.0,0.0,360.0,0.0,0.0,0.0,0.0,0.0,0.0,0.7765,13.99,0.1855,1.18,0.592,0.314,0.094,11,3
112,BiLevel,11.4,1.2,3.924,14,0.4436,-2028.652,635.506,4970,262,-15.01,32.29,-59.98,59.82,-0.4082,0.2769,-8.607531547546387,0.4471602141857147,9.743507385253906,4.577493667602539,0.5522270202636719,2.992985963821411,0.9449229836463928,11.566746711730957,1.283475637435913,111.10062408447266,0.1,0.7146192193031311,500000,-1.04,30.17,-95.89,85.34,-0.8001,0.0,-5.509952068328857,0.220960795879364,5.078652858734131,0.7671321630477905,0.15246997773647308,5.9615888595581055,0.07022877037525177,12.330122947692871,0.05,21746,-15.007830468608326,32.28854660314391,262,-18.08706699056845,-15.47143267628394,0.5202219351794718,0.6614746688004038,0.2343041325999287,0.10422119859966757,-13.171,-3951.385,11.614,15.538,20158,360.0,0.0,0.0,360.0,0.0,0.0,0.0,0.0,0.0,0.0,0.7069,8.31,0.2643,2.289,0.577,0.332,0.091,16,0
113,BiLevel,12.0,1.1,9.952,11,0.4563,-2337.302,812.502,4970,262,-21.61,32.19,-59.99,59.93,-0.4703,0.3124,-8.28683853149414,0.4410240352153778,15.274055480957031,10.136067390441895,0.43949952721595764,3.2021687030792236,1.0690770149230957,11.430136680603027,1.7817997932434082,80.20516204833984,0.1,0.7125482559204102,500000,-2.82,27.91,-95.38,103.46,-3.0234,0.5,-5.717812538146973,0.17796634137630463,5.166449546813965,0.8740720748901367,0.15353825688362122,6.086838245391846,0.518337070941925,19.86079978942871,0.05,22008,-21.605792019529723,32.19251211913992,262,-19.5472448167048,-19.896658048112144,0.5773131225586388,0.663498676726471,0.23269482686113868,0.10380649641239027,-17.87,-4646.266,11.465,21.417,21409,360.0,0.0,0.0,379.562,91.355,0.2407,0.0,0.0,1101.912,2641.0,0.9992,12.15,0.0885,2.626,0.498,0.423,0.079,8,3
114,BiLevel,11.4,1.2,4.155,14,0.6114,-2037.688,639.053,4970,262,-14.58,31.38,-59.88,59.69,-0.41,0.2705,-8.203287124633789,0.5663373470306396,12.246330261230469,7.113552093505859,0.5678755640983582,2.888134002685547,1.1575862169265747,11.268462181091309,1.013872742652893,120.52877044677734,0.1,0.7104883193969727,500000,-0.97,31.15,-95.53,104.41,-1.0175,0.0,-5.646080017089844,0.15951208770275116,5.067101955413818,0.7973641157150269,0.1481480598449707,5.974148750305176,0.4138377606868744,9.599498748779297,0.05,22270,-14.58488656567481,31.38326218986417,262,-15.62535875408273,-14.338139057551558,0.5018222136853596,0.6632779652230317,0.23297555655779661,0.10374647821917178,-11.395,-3418.603,11.661,15.816,19130,360.0,0.0,0.0,360.0,0.0,0.0,0.0,0.0,0.0,0.0,0.8686,14.3,0.0522,2.427,0.663,0.233,0.104,16,0
115,BiLevel,11.8,1.2,4.561,14,0.429,-2089.53,660.228,4970,262,-9.75,32.73,-59.95,59.87,-0.4204,0.2798,-8.465423583984375,0.5005353093147278,13.90907096862793,8.7880277633667,0.5919977426528931,3.106666326522827,1.0137836933135986,11.678302764892578,2.143923044204712,116.01882934570312,0.1,0.7084366679191589,500000,-1.1,30.59,-110.22,96.74,-1.0949,0.0,-5.85382080078125,0.17602166533470154,5.075953483581543,0.8276451230049133,0.1282682865858078,6.217358112335205,1.1032218933105469,8.003914833068848,0.05,22532,-9.746708608348245,32.73303065975816,262,-11.367678447028522,-11.542961375964316,0.48985523800680025,0.6632285584107706,0.23321950852706685,0.10355193306216258,-7.346,-2350.846,11.991,16.552,20289,360.0,0.0,0.0,360.0,0.0,0.0,0.0,0.0,0.0,0.0,0.6933,14.68,0.059,2.309,0.663,0.233,0.104,13,1
116,BiLevel,13.2,1.2,6.315,11,0.5287,-2011.486,636.404,4970,262,-11.17,32.47,-59.97,59.81,-0.4047,0.2847,-8.424988746643066,0.4883083701133728,16.2030029296875,11.105661392211914,0.5180003643035889,3.376286029815674,1.4901682138442993,11.781808853149414,0.6145181655883789,134.90542602539062,0.1,0.7063953876495361,500000,-1.67,30.82,-95.66,91.51,-2.2078,0.5,-5.478583335876465,0.17015722393989563,5.1393327713012695,0.9136678576469421,0.12512154877185822,5.824609756469727,0.29187148809432983,8.604119300842285,0.05,22794,-11.174865761805153,32.46560068141312,262,-10.952345785861345,-9.16053698941281,0.49636441772356454,0.6643901089994786,0.23217566305509413,0.10343422794542738,-9.405,-2445.254,11.806,18.121,21718,360.0,0.0,0.0,387.742,73.022,0.1883,0.0,0.0,1598.24,3694.0,0.7056,14.85,0.0636,2.22,0.663,0.233,0.104,8,3
117,BiLevel,11.6,1.3,3.94,15,0.531,-1831.214,545.776,4970,262,-12.85,33.06,-59.91,59.77,-0.3685,0.2513,-8.186936378479004,0.44755974411964417,11.609761238098145,6.534211158752441,0.4481029808521271,3.221734046936035,1.002333164215088,11.32313346862793,0.9462754726409912,117.80789947509766,0.1,0.7043603658676147,500000,-2.74,29.34,-105.01,106.96,-1.4726,0.0,-5.485972881317139,0.12662477791309357,4.590440273284912,0.383393257856369,0.14855243265628815,5.753310203552246,0.7710699439048767,8.13158130645752,0.05,23056,-12.852774404902648,33.06347684515973,262,-17.69211825257853,-12.95814715812081,0.5161420805463413,0.6637230854395383,0.2330002283749765,0.10327668618548518,-11.617,-3717.501,11.635,15.575,19324,360.0,0.0,0.0,360.0,0.0,0.0,0.0,0.0,0.0,0.0,1.0286,15.79,0.0584,1.988,0.664,0.232,0.103,12,3
118,BiLevel,12.2,1.4,3.59,14,0.482,-1974.494,631.099,4970,262,-12.7,33.61,-59.89,59.93,-0.3973,0.2736,-7.858920097351074,0.5013660788536072,20.178447723388672,15.1167573928833,0.4472813606262207,3.375864028930664,1.7396423816680908,11.223255157470703,0.4963497817516327,96.01270294189453,0.1,0.7023177146911621,500000,-0.6,27.18,-99.06,97.61,-0.8709,0.0,-5.656494617462158,0.16533486545085907,4.907650947570801,0.7224791049957275,0.12764231860637665,5.991306781768799,0.16502328217029572,11.318755149841309,0.05,23318,-12.698872153365786,33.6145890689434,262,-10.065130724032459,-15.13278844583976,0.527131846320838,0.6634373742791962,0.23338012991953916,0.10318249580126442,-8.76,-2628.103,11.624,15.214,19757,360.0,0.0,0.0,360.0,0.0,0.0,0.0,0.0,0.0,0.0,0.9194,16.1,0.0647,1.819,0.667,0.228,0.105,14,0
119,BiLevel,11.8,1.2,5.046,14,0.6271,-1983.188,617.368,4970,262,-20.96,32.45,-59.97,59.75,-0.399,0.2706,-8.295807838439941,0.4398204982280731,10.975863456726074,5.931221961975098,0.4223242998123169,3.485431671142578,1.148094892501831,11.572953224182129,1.8184022903442383,86.47942352294922,0.1,0.7002778649330139,500000,-1.02,28.2,-99.68,94.05,-1.2112,0.0,-5.573534965515137,0.1450371891260147,4.8794684410095215,0.7161224484443665,0.11273947358131409,5.871374130249023,0.13920755684375763,8.88980770111084,0.05,23580,-20.957541525758565,32.44909767854171,262,-13.953927597129033,-22.348956291808896,0.5766723440156615,0.6634085393222348,0.23351525586602717,0.10307620481173808,-17.499,-5249.659,11.639,16.685,20264,360.0,0.0,0.0,360.0,0.0,0.0,0.0,0.0,0.0,0.0,0.8111,16.41,0.0674,1.637,0.668,0.226,0.106,16,0
120,BiLevel,11.6,1.3,3.851,14,0.3897,-2085.255,662.974,4970,262,-18.93,30.73,-59.95,59.83,-0.4196,0.2806,-8.20767879486084,0.43478453159332275,16.419086456298828,11.38965892791748,0.4168488681316376,3.5497536659240723,1.529223918914795,11.51558780670166,2.4257218837738037,94.17997741699219,0.1,0.6982606053352356,500000,-3.68,30.19,-96.34,82.25,-0.95,0.0,-5.634048938751221,0.17898263037204742,4.988541126251221,0.8445385694503784,0.12171845138072968,5.9999494552612305,0.1104976236820221,16.127662658691406,0.05,23842,-18.931982126570787,30.728318552327014,262,-20.24461149165505,-23.376008298051985,0.5309389850937221,0.6632224755331957,0.23386452876814642,0.10291299569865786,-18.118,-5435.285,11.504,15.355,20129,360.0,0.0,0.0,360.0,0.0,0.0,0.0,0.0,0.0,0.0,0.6396,16.54,0.0708,1.449,0.669,0.224,0.107,13,1
121,BiLevel,12.4,1.4,5.215,11,0.518,-2161.662,746.659,4970,262,-7.69,32.6,-59.94,59.93,-0.4349,0.3082,-8.681161880493164,0.41370654106140137,10.471717834472656,5.460402488708496,0.39893704652786255,3.3752715587615967,1.2331469058990479,11.824620246887207,1.0647447109222412,87.59973907470703,0.1,0.6962437033653259,500000,1.05,27.49,-99.89,84.49,-1.9671,0.5,-5.785124778747559,0.16387566924095154,4.790007591247559,0.6631970405578613,0.1342868059873581,6.123599052429199,0.07238788157701492,15.011241912841797,0.05,24104,-7.688173851326588,32.60134065100428,262,-11.92884464295287,-11.437366765737533,0.48029055726796854,0.6641281678366122,0.2330050094845528,0.10286682267883496,-4.637,-1205.6,11.813,17.028,19737,360.0,0.0,0.0,388.046,89.922,0.2317,0.0,0.0,1414.225,3744.0,0.6894,16.42,0.0874,1.242,0.67,0.223,0.107,8,3
122,BiLevel,12.5,1.3,4.505,11,0.5045,-2345.868,820.659,4970,262,-18.24,31.19,-60.0,59.56,-0.472,0.3168,-8.500200271606445,0.3975587487220764,12.935567855834961,7.942821502685547,0.40318217873573303,3.4949944019317627,1.513816237449646,11.690232276916504,0.8516918420791626,91.97743225097656,0.1,0.6942159533500671,500000,-1.76,28.26,-90.32,102.27,-1.82,0.5,-5.806805610656738,0.1395527422428131,4.824794769287109,0.717443585395813,0.12765651941299438,6.0951995849609375,0.3982478082180023,4.419434070587158,0.05,24366,-18.23764898456948,31.18819005659095,262,-13.06655457208031,-17.86213886655475,0.5297971051216472,0.6648812119026769,0.2322588651556919,0.10285992294163113,-16.661,-4331.938,11.449,15.954,20414,360.0,0.0,0.0,379.35,90.773,0.2393,0.0,0.0,1007.546,2590.0,1.0331,15.18,0.1585,1.343,0.67,0.223,0.107,8,3
123,BiLevel,11.9,1.2,6.453,11,0.4921,-2288.078,766.763,4970,262,-19.29,31.37,-59.96,59.96,-0.4604,0.299,-7.931183338165283,0.44054675102233887,16.40194320678711,11.412675857543945,0.5125489830970764,3.899386167526245,1.4387288093566895,11.511404037475586,1.3673419952392578,84.40170288085938,0.1,0.6922181844711304,500000,-4.23,28.55,-84.03,98.74,-2.3239,0.5,-5.764817237854004,0.1364884227514267,4.5763325691223145,0.48709720373153687,0.11853206157684326,6.044523239135742,0.2748141288757324,6.907921314239502,0.05,24628,-19.29125140261325,31.37140609899458,262,-20.171751798454082,-21.27271736137765,0.540568307104521,0.6660490810636187,0.23123243679669836,0.10271848213968292,-20.603,-5356.716,11.492,17.944,21168,360.0,0.0,0.0,377.112,84.538,0.2242,0.0,0.0,930.565,2370.0,1.0932,14.32,0.1686,1.696,0.607,0.3,0.094,8,3
124,BiLevel,13.0,1.3,3.781,14,0.4093,-1994.866,612.097,4970,262,-13.18,32.6,-59.92,59.97,-0.4014,0.2694,-8.361653327941895,0.40787363052368164,13.45114517211914,8.487800598144531,0.4254743456840515,3.639181613922119,1.5232568979263306,11.635437965393066,1.4491679668426514,62.81438064575195,0.1,0.6902152895927429,500000,-5.32,29.78,-97.94,100.43,-0.7909,0.0,-5.890233039855957,0.17484994232654572,4.652184009552002,0.5802353620529175,0.12976163625717163,6.250298023223877,0.29409587383270264,7.244664192199707,0.05,24890,-13.184912268860524,32.595907992588685,262,-18.113028157071064,-16.3491566167066,0.5109839575344345,0.6658320608054489,0.2315933141329302,0.10257462506162103,-11.043,-3312.892,11.702,15.483,19763,360.0,0.0,0.0,360.0,0.0,0.0,0.0,0.0,0.0,0.0,0.9991,14.19,0.1169,2.001,0.597,0.31,0.092,15,0
125,BiLevel,11.9,1.5,4.066,14,0.3318,-2159.763,713.576,4970,262,-20.55,30.15,-59.88,59.82,-0.4346,0.2915,-8.379460334777832,0.3748719096183777,9.54985237121582,4.607420921325684,0.37275514006614685,3.6403393745422363,1.029665231704712,11.653581619262695,0.6687612533569336,53.37849426269531,0.1,0.6882123947143555,500000,-3.09,28.85,-95.29,74.01,-0.8911,0.0,-5.851155757904053,0.14817166328430176,4.8568596839904785,0.8015735745429993,0.16268326342105865,6.160078048706055,0.06201164796948433,8.74059009552002,0.05,25152,-20.551817060477088,30.148515646168242,262,-17.583848686281005,-21.272109488907613,0.5374039852258797,0.6657095755122905,0.2319208740740489,0.1023695504136607,-18.103,-5430.786,11.268,15.335,20143,360.0,0.0,0.0,360.0,0.0,0.0,0.0,0.0,0.0,0.0,0.8169,15.52,0.0599,1.806,0.649,0.251,0.1,16,0
126,BiLevel,11.4,1.2,6.985,12,0.3858,-2159.453,749.331,4970,262,-22.83,30.48,-59.95,59.43,-0.4345,0.3071,-8.395984649658203,0.5413316488265991,19.36023712158203,14.410807609558105,0.6055997610092163,3.6391186714172363,2.1457841396331787,11.932449340820312,0.865874707698822,166.18846130371094,0.1,0.6862231492996216,500000,-4.19,31.8,-97.23,101.73,-2.2047,0.5,-6.315718650817871,0.1812540590763092,4.50120735168457,0.4607658386230469,0.15345458686351776,6.691014289855957,0.2717304825782776,9.841436386108398,0.05,25414,-22.825144687734948,30.484101930811907,262,-19.785228571452592,-20.695514578431062,0.569350644142309,0.6670172230069508,0.23084528079426234,0.10213749619878687,-20.241,-5667.549,11.439,18.425,21338,360.0,0.0,0.0,360.55,44.403,0.1232,0.0,0.0,37.046,389.0,0.682,15.96,0.0602,1.613,0.668,0.228,0.104,9,3
127,BiLevel,11.7,1.6,5.831,14,0.4431,-2023.598,610.185,4970,262,-19.52,31.77,-59.99,59.89,-0.4072,0.2646,-7.979009628295898,0.5639266967773438,17.018997192382812,12.089410781860352,0.5406217575073242,4.084140300750732,2.161356210708618,11.837472915649414,1.3137269020080566,102.96450805664062,0.1,0.6842443346977234,500000,-0.16,31.99,-99.27,103.87,-1.8634,0.0,-6.39749813079834,0.18846802413463593,4.562422275543213,0.5406323671340942,0.1495259702205658,6.782907962799072,0.05365845188498497,12.66933536529541,0.05,25676,-19.52012423332256,31.765930205853323,262,-17.412182908701272,-20.753582347164816,0.5517141298625666,0.6672128921619966,0.23090168758421808,0.10188542025378529,-16.563,-4968.966,11.681,17.512,22086,360.0,0.0,0.0,360.0,0.0,0.0,0.0,0.0,0.0,0.0,0.6755,16.89,0.0536,1.444,0.671,0.224,0.105,11,3
128,BiLevel,12.5,1.2,7.329,11,0.4462,-2215.757,813.277,4970,262,-11.68,33.58,-59.83,59.81,-0.4458,0.3297,-8.557605743408203,0.5044384598731995,15.051929473876953,10.137773513793945,0.5220397710800171,3.857300043106079,1.874922752380371,12.203502655029297,1.3580601215362549,140.00628662109375,0.1,0.6822712421417236,500000,-0.79,28.69,-97.52,107.0,-2.3627,0.5,-6.3560709953308105,0.19517895579338074,4.457727432250977,0.45411983132362366,0.14615745842456818,6.751347541809082,0.5681919455528259,6.076696872711182,0.05,25938,-11.67658905010273,33.57797538238406,262,-12.568360821902752,-15.686773261976871,0.5190758759410594,0.6685511277269841,0.2297796485640549,0.101669223708961,-10.58,-2750.76,11.904,19.233,20358,360.0,0.0,0.0,387.696,85.627,0.2209,0.0,0.0,1548.851,3635.0,0.7234,16.75,0.0803,1.207,0.675,0.218,0.107,8,3
129,BiLevel,11.8,1.2,8.554,13,0.5285,-1989.109,621.71,4970,262,-19.4,32.54,-59.97,59.81,-0.4002,0.2752,-7.939852714538574,0.4481898248195648,16.715755462646484,11.824163436889648,0.4450114965438843,4.07359504699707,2.296661138534546,11.589670181274414,0.9022173881530762,87.92789459228516,0.1,0.6803098320960999,500000,-3.63,28.37,-93.04,92.62,-2.4908,0.5,-6.423500061035156,0.13470035791397095,4.501163959503174,0.5137320756912231,0.12998491525650024,6.703099250793457,0.3991398811340332,8.228557586669922,0.05,26200,-19.399153480529634,32.53978536535916,262,-16.536460566206983,-15.883462601586393,0.5613795571040537,0.6696798351775941,0.22896003079326996,0.10136013402913589,-14.623,-4094.344,11.625,20.179,21752,360.0,0.0,0.0,360.0,17.748,0.0493,0.0,0.0,4.027,225.0,0.7917,16.34,0.1115,0.963,0.676,0.218,0.107,10,3
130,BiLevel,11.6,1.1,5.119,14,0.4857,-1976.93,616.607,4970,262,-15.81,33.35,-59.98,59.85,-0.3978,0.2806,-8.433127403259277,0.48793715238571167,18.8588809967041,13.9832124710083,0.41953244805336,3.8511769771575928,2.333169937133789,11.998193740844727,0.7779625058174133,146.53501892089844,0.1,0.6783424615859985,500000,-1.49,32.77,-103.81,103.61,-1.1558,0.0,-6.467300891876221,0.17234385013580322,4.439402103424072,0.4663688540458679,0.13713937997817993,6.821378231048584,0.40527069568634033,2.242555856704712,0.05,26462,-15.807948702676466,33.34843060107832,262,-16.148531851015594,-16.633912733354066,0.5404352246856192,0.6696961056670856,0.22912100077940187,0.10118289355351266,-14.869,-4460.642,11.848,16.967,21607,360.0,0.0,0.0,360.0,0.0,0.0,0.0,0.0,0.0,0.0,0.8399,13.71,0.2263,1.186,0.658,0.242,0.1,16,0
131,BiLevel,12.4,1.6,6.225,15,0.4327,-1893.44,576.907,4970,262,-11.84,33.84,-59.95,59.91,-0.381,0.2624,-7.971762180328369,0.4272230565547943,14.036388397216797,9.169708251953125,0.4606357216835022,4.081577301025391,1.8153371810913086,11.60251522064209,1.1081851720809937,67.85839080810547,0.1,0.6763693690299988,500000,2.28,31.56,-108.63,93.21,-1.1202,0.0,-6.630098342895508,0.1449194848537445,4.667651653289795,0.7107548713684082,0.12464144080877304,6.92887544631958,0.6103729009628296,4.726902484893799,0.05,26724,-11.84409724892355,33.83900337566892,262,-13.379811623221949,-17.73080368026307,0.5219641713419175,0.6695459847373627,0.2296079764472152,0.10084603881542216,-11.908,-3810.428,11.853,18.078,21713,360.0,0.0,0.0,360.0,0.0,0.0,0.0,0.0,0.0,0.0,1.0098,11.11,0.3017,2.027,0.543,0.375,0.082,15,0
132,BiLevel,12.6,1.3,10.521,14,0.5541,-1982.055,599.507,4970,262,-17.38,32.64,-59.97,59.95,-0.3988,0.2641,-8.301183700561523,0.4875151813030243,12.718647956848145,7.8509063720703125,0.5846210718154907,4.090950965881348,1.8252854347229004,12.05250358581543,0.6312112212181091,119.55451965332031,0.1,0.674415111541748,500000,1.44,29.14,-110.71,103.95,-2.7275,0.0,-6.74845027923584,0.13273625075817108,4.542697906494141,0.6023691892623901,0.1266343891620636,7.02470588684082,0.09806032478809357,5.022787094116211,0.05,26986,-17.375605523722317,32.635250405258034,262,-12.334053110135226,-17.94112307586168,0.5460620083361033,0.6706323673213517,0.22899172298281675,0.10037590969583163,-12.963,-3888.795,11.7,22.221,21706,360.0,0.0,0.0,360.0,0.0,0.0,0.0,0.0,0.0,0.0,0.9025,14.53,0.0863,2.179,0.469,0.461,0.071,11,3
133,BiLevel,12.3,1.5,6.531,15,0.5867,-2019.815,628.873,4971,262,-18.2,30.1,-59.93,59.67,-0.4063,0.271,-7.979220390319824,0.3760993480682373,7.945577144622803,3.1099720001220703,0.4139130115509033,4.009136199951172,1.0903522968292236,11.442626953125,0.5039978623390198,117.61843872070312,0.1,0.6724537014961243,500000,-0.1,28.52,-87.72,78.85,-1.4906,0.0,-6.725852012634277,0.12910224497318268,4.391655921936035,0.468209445476532,0.11809797585010529,6.992486476898193,0.3426947593688965,17.016681671142578,0.05,27248,-18.195045353747712,30.099472704955332,262,-12.644379334583094,-18.849071132548545,0.5154309451927299,0.6704761329515624,0.22941147101606874,0.10011239603236886,-14.188,-4256.316,11.491,18.022,19669,360.0,0.0,0.0,360.0,0.0,0.0,0.0,0.0,0.0,0.0,0.7297,14.89,0.0724,2.094,0.671,0.229,0.1,16,0
134,BiLevel,11.7,1.2,3.607,14,0.498,-1991.321,614.941,4970,262,-17.92,32.32,-59.99,59.9,-0.4007,0.272,-8.1857271194458,0.3807489573955536,9.570499420166016,4.747805118560791,0.4197659492492676,4.328509330749512,1.6122617721557617,11.853707313537598,0.6836312413215637,70.22264099121094,0.1,0.6704971790313721,500000,0.02,30.81,-90.25,99.88,-0.928,0.0,-6.798755645751953,0.13239926099777222,4.623043060302734,0.7142005562782288,0.13835984468460083,7.074397563934326,0.6491117477416992,7.136492729187012,0.05,27510,-17.91743316723285,32.31901000255242,262,-17.332141202452938,-18.332620752838096,0.5485683213340428,0.6701777343360259,0.22977932843836943,0.10004293722560474,-15.729,-4718.565,11.547,15.154,18774,360.0,0.0,0.0,360.0,0.0,0.0,0.0,0.0,0.0,0.0,0.6701,14.19,0.0811,2.191,0.67,0.229,0.1,13,1
135,BiLevel,12.3,1.3,18.382,11,0.4578,-2194.307,715.952,4970,262,-21.88,31.8,-59.97,59.7,-0.4415,0.298,-8.174538612365723,0.42434000968933105,11.074984550476074,6.263707160949707,0.4447402358055115,4.057872772216797,1.6145210266113281,11.742094039916992,0.7434764504432678,104.20550537109375,0.1,0.668559193611145,500000,0.21,30.79,-90.69,88.25,-4.6087,0.5,-6.932365417480469,0.17515841126441956,4.8729248046875,0.9761897921562195,0.1562650054693222,7.288061141967773,1.0783954858779907,12.928418159484863,0.05,27772,-21.87625811216712,31.80070778719571,262,-17.508975589667493,-24.246695126632325,0.5773198910383558,0.6736689529070841,0.22715363234884972,0.0991774147440661,-17.303,-4498.9,11.712,30.094,23023,360.0,0.0,0.0,380.696,81.452,0.214,0.0,0.0,1174.637,2823.0,0.8092,14.89,0.0651,1.988,0.67,0.23,0.1,8,3
136,BiLevel,11.9,1.3,7.798,14,0.4768,-1899.976,574.456,4971,262,-15.06,32.87,-59.9,59.91,-0.3822,0.2648,-8.794000625610352,0.36598384380340576,8.505461692810059,3.7070369720458984,0.44973424077033997,3.8557419776916504,1.2086080312728882,12.09094524383545,0.5725249648094177,69.96180725097656,0.1,0.6666420102119446,500000,0.28,33.41,-99.23,106.22,-1.9451,0.0,-6.579537868499756,0.16482394933700562,4.7093729972839355,0.8254817724227905,0.14570465683937073,6.918149471282959,0.15896064043045044,14.846593856811523,0.05,28034,-15.05571187449253,32.8736428834996,262,-10.521363205560728,-15.334112085264763,0.5294671985771028,0.6742029858449965,0.22695007069720527,0.09884694345779808,-7.078,-2123.27,11.57,19.369,21089,360.0,0.0,0.0,360.0,0.0,0.0,0.0,0.0,0.0,0.0,0.9457,16.2,0.0529,1.75,0.674,0.227,0.099,12,2
137,BiLevel,12.5,1.3,3.913,14,0.4332,-1999.175,622.299,4970,262,-16.69,31.6,-59.94,59.85,-0.4022,0.2784,-8.253433227539062,0.4106792211532593,12.331575393676758,7.554080009460449,0.374131977558136,4.301233768463135,1.9357836246490479,11.917680740356445,0.8179382681846619,53.567745208740234,0.1,0.6647162437438965,500000,-1.91,32.52,-93.91,97.67,-0.93,0.0,-6.758289813995361,0.15817035734653473,4.246704578399658,0.37780094146728516,0.1250302791595459,7.078831672668457,0.4340497851371765,6.277231216430664,0.05,28296,-16.693102213756838,31.60416162961466,262,-12.6709413596674,-13.256257815737474,0.5250906835868991,0.6739803334067584,0.22729095088629736,0.09872871570694428,-13.587,-4076.052,11.544,15.457,19172,360.0,0.0,0.0,360.0,0.0,0.0,0.0,0.0,0.0,0.0,0.7804,16.67,0.0611,1.512,0.679,0.219,0.102,15,0
138,BiLevel,11.8,1.1,5.167,12,0.6796,-2170.383,749.789,4971,262,-12.52,31.46,-59.94,59.64,-0.4366,0.3154,-7.497360706329346,0.3976276218891144,10.936562538146973,6.166628837585449,0.44475510716438293,4.540711879730225,2.000609874725342,11.300283432006836,2.8673059940338135,96.96434020996094,0.1,0.6627905368804932,500000,-2.41,29.06,-93.89,82.3,-1.9137,0.5,-6.965590000152588,0.22431397438049316,4.701476573944092,0.8477910161018372,0.180032879114151,7.4234299659729,0.5719810724258423,7.778033256530762,0.05,28558,-12.5168341215287,31.45889353138752,262,-12.296387847081611,-16.043455116372364,0.4898589264419535,0.6747247495539779,0.22648441508027917,0.09879083536574304,-12.476,-3243.655,11.75,16.917,20435,360.0,0.0,0.0,363.108,64.754,0.1783,0.0,0.0,96.744,693.0,0.8485,16.34,0.0884,1.336,0.681,0.216,0.103,9,3
139,BiLevel,11.6,1.3,4.876,13,0.4276,-1928.725,621.532,4970,262,-8.66,33.49,-59.98,59.85,-0.3881,0.292,-8.09127140045166,0.47622936964035034,19.565479278564453,14.808978080749512,0.43602675199508667,4.354186058044434,3.226564645767212,11.910110473632812,1.5112119913101196,168.2789764404297,0.1,0.6608864665031433,500000,-3.04,27.48,-112.84,82.61,-1.7133,0.5,-6.926803112030029,0.24000516533851624,5.284352779388428,1.4448425769805908,0.18456891179084778,7.416590690612793,0.08894434571266174,25.624303817749023,0.05,28820,-8.664325087119487,33.4940806022558,262,-12.413544146951875,-6.222707325690671,0.49716448408732844,0.6751014698519289,0.22622571968317912,0.09867281046489204,-2.861,-800.955,11.894,16.77,19442,360.0,0.0,0.0,360.0,29.601,0.0822,0.0,0.0,9.504,209.0,0.8988,13.79,0.1651,1.957,0.68,0.217,0.102,10,3
140,BiLevel,12.4,1.2,6.281,14,0.3986,-1930.089,587.182,4970,262,-16.46,31.85,-59.97,59.78,-0.3883,0.2617,-8.370177268981934,0.45369449257850647,12.576061248779297,7.835614204406738,0.3992840647697449,4.02509069442749,1.9636861085891724,11.928022384643555,0.6666265726089478,97.38543701171875,0.1,0.6589815020561218,500000,-3.09,31.12,-97.87,112.65,-1.2542,0.0,-6.873187065124512,0.18817731738090515,4.788352966308594,0.9643084406852722,0.1702602505683899,7.255890846252441,0.055087119340896606,21.656911849975586,0.05,29082,-16.463234389129223,31.853449917922177,262,-10.465768276547132,-18.721414772617187,0.5277493550520602,0.6753551316388853,0.22624772679289507,0.09839714156821956,-12.502,-3750.496,11.658,17.938,21034,360.0,0.0,0.0,360.0,0.0,0.0,0.0,0.0,0.0,0.0,0.9027,14.3,0.0909,2.099,0.609,0.302,0.089,16,0
141,BiLevel,12.3,1.2,5.067,12,0.5482,-1918.538,638.532,4969,262,-10.85,31.33,-59.85,59.83,-0.3861,0.2948,-8.364830017089844,0.5344651937484741,11.999565124511719,7.267098426818848,0.4299546480178833,4.115306377410889,2.0179178714752197,12.143627166748047,1.2259695529937744,128.5323028564453,0.1,0.6570836901664734,500000,1.39,27.77,-90.25,98.49,-1.8671,0.5,-6.549152851104736,0.22423146665096283,4.686698913574219,0.8761963844299316,0.16646301746368408,7.006843090057373,0.121665820479393,13.865811347961426,0.05,29344,-10.84515007968012,31.33265206607947,262,-5.982077865655485,-19.6793944968989,0.47848528907170523,0.6761216211783759,0.22548380079671784,0.09839457802490616,-8.746,-2274.017,11.616,16.683,20228,360.0,0.0,0.0,362.838,51.289,0.1414,0.0,0.0,84.912,509.0,0.9074,15.76,0.0543,1.901,0.675,0.226,0.098,9,3
142,BiLevel,11.6,1.2,5.528,14,0.3992,-1926.706,582.675,4970,262,-13.41,33.05,-59.91,59.81,-0.3877,0.2712,-7.833446025848389,0.5092987418174744,10.288002014160156,5.5675554275512695,0.4375724196434021,4.449587345123291,1.7165805101394653,11.770342826843262,0.7623956203460693,115.9207992553711,0.1,0.6551873683929443,500000,1.93,31.1,-102.53,108.52,-1.7875,0.0,-6.811079502105713,0.2216503769159317,4.6566314697265625,0.8569566607475281,0.19691221415996552,7.26625919342041,0.3504009544849396,22.97224235534668,0.05,29606,-13.414415370022327,33.0532473316629,262,-8.565116779388568,-16.043060143370376,0.5250427259858238,0.6762223214968728,0.2256111131405069,0.09816656536262043,-11.009,-3302.833,11.987,17.515,20877,360.0,0.0,0.0,360.0,0.0,0.0,0.0,0.0,0.0,0.0,0.8692,16.49,0.0557,1.714,0.679,0.22,0.1,11,3
143,BiLevel,12.2,1.1,7.941,11,0.5117,-2109.047,693.574,4971,262,-15.3,31.82,-59.91,59.86,-0.4243,0.2936,-7.947510719299316,0.4401581287384033,12.52032470703125,7.815425872802734,0.411393404006958,4.459466457366943,2.1841835975646973,11.741389274597168,0.6695745587348938,89.99694061279297,0.1,0.6533056497573853,500000,-1.0,33.09,-91.39,103.02,-2.5097,0.5,-7.089794158935547,0.2578582763671875,4.510897636413574,0.7223140001296997,0.16773661971092224,7.6176934242248535,0.12868350744247437,8.395843505859375,0.05,29868,-15.297792132922137,31.822082617801716,262,-13.318210661097577,-13.73618969791814,0.5187769695165843,0.6775499393960983,0.22447328098238645,0.09797677962151535,-11.245,-2923.72,11.619,19.56,22052,360.0,0.0,0.0,382.965,83.788,0.2188,0.0,0.0,1258.523,3036.0,0.8542,16.84,0.0653,1.491,0.682,0.215,0.102,8,3
144,BiLevel,11.9,1.1,4.771,11,0.5341,-2192.795,739.14,4970,262,-16.9,31.85,-59.94,59.81,-0.4412,0.3006,-8.386682510375977,0.38744938373565674,8.028854370117188,3.3411107063293457,0.3651818335056305,4.423618316650391,1.2085986137390137,12.034996032714844,1.169182538986206,53.343727111816406,0.1,0.6514325141906738,500000,-0.42,30.74,-96.87,97.28,-1.8611,0.5,-6.845859527587891,0.17205703258514404,4.890329837799072,1.1151502132415771,0.1401847004890442,7.199224472045898,0.3433271646499634,12.429425239562988,0.05,30130,-16.897519681542004,31.852155477086296,262,-14.360711463815287,-16.242399742728786,0.5366630000913198,0.6782516187412821,0.2237630418051895,0.09798533945352832,-11.648,-3028.436,11.52,16.291,20281,360.0,0.0,0.0,381.119,86.355,0.2266,0.0,0.0,1161.996,2865.0,1.0101,16.6,0.0917,1.355,0.685,0.212,0.103,8,3
145,BiLevel,11.1,1.0,3.793,15,0.4657,-1949.038,603.575,4970,262,-14.48,31.5,-59.99,59.67,-0.3922,0.2682,-7.664551734924316,0.4046939015388489,11.134557723999023,6.451368808746338,0.44799381494522095,4.613098621368408,2.1853244304656982,11.4874849319458,0.6608489751815796,80.1982421875,0.1,0.6495568156242371,500000,-2.04,31.28,-100.58,101.2,-0.9677,0.0,-7.383327007293701,0.15476946532726288,4.562432289123535,0.8020885586738586,0.13954764604568481,7.702579498291016,0.07499682903289795,11.314208984375,0.05,30392,-14.479431795192061,31.504376779355734,262,-12.914891707426623,-15.57733719505762,0.5067106732326908,0.6775802446139424,0.22458030774995943,0.0978394476360981,-10.945,-3283.431,11.435,15.229,19294,360.0,0.0,0.0,360.0,0.0,0.0,0.0,0.0,0.0,0.0,0.927,16.28,0.1112,1.304,0.685,0.213,0.102,14,1
146,BiLevel,11.4,1.2,4.342,15,0.4511,-2095.046,670.762,4970,262,-19.64,30.74,-59.96,59.8,-0.4215,0.2854,-8.110095024108887,0.4399039149284363,9.753355026245117,5.083191871643066,0.45593321323394775,4.794051647186279,1.7645343542099,12.107589721679688,1.755765438079834,95.26265716552734,0.1,0.6476851105690002,500000,-1.87,31.75,-114.76,96.65,-1.0489,0.0,-7.865063667297363,0.15824958682060242,4.344893455505371,0.5968245267868042,0.1151159405708313,8.192119598388672,0.08531337976455688,13.955514907836914,0.05,30654,-19.636051869578285,30.73780472607273,262,-16.577719884326584,-20.56010178488336,0.5410282450654833,0.6770251536148897,0.2253195950637974,0.09765525132131284,-19.091,-5727.237,11.419,15.761,20357,360.0,0.0,0.0,360.0,0.0,0.0,0.0,0.0,0.0,0.0,0.8166,15.75,0.1277,1.379,0.666,0.238,0.096,14,1
147,BiLevel,11.3,1.1,5.593,14,0.3931,-1997.606,642.186,4970,262,-19.44,31.12,-59.94,59.87,-0.4019,0.28,-7.635860443115234,0.43070536851882935,14.57236385345459,9.916661262512207,0.4166754484176636,4.851953506469727,3.0162601470947266,11.631427764892578,2.481968641281128,111.97767639160156,0.1,0.6458280682563782,500000,-3.71,32.58,-97.78,88.5,-1.1992,0.0,-7.531957149505615,0.19112706184387207,4.127370357513428,0.3928273320198059,0.1336997151374817,7.924999713897705,0.13089896738529205,7.69536018371582,0.05,30916,-19.436218164365748,31.117705120781363,262,-17.711078950449043,-19.047030209593082,0.545889295308147,0.6771348426428594,0.2254377963178796,0.09742736103926092,-12.928,-3878.486,11.373,16.966,20656,360.0,0.0,0.0,360.0,0.0,0.0,0.0,0.0,0.0,0.0,0.6743,15.3,0.1185,1.45,0.649,0.257,0.094,14,0
148,BiLevel,11.1,1.1,3.506,14,0.52,-1957.929,593.78,4970,262,-16.45,30.71,-59.93,59.75,-0.3939,0.2664,-8.255899429321289,0.4364771544933319,10.352346420288086,5.709939002990723,0.4179612696170807,4.746609687805176,1.9181575775146484,12.19642448425293,0.8789783120155334,99.21673583984375,0.1,0.6439840197563171,500000,0.24,33.05,-105.13,105.82,-1.4462,0.0,-7.445191860198975,0.143816739320755,4.139487266540527,0.4173986315727234,0.1322966068983078,7.743913650512695,0.18137753009796143,11.062182426452637,0.05,31178,-16.448839060504973,30.705239537162207,262,-13.56313055251774,-17.54525388196895,0.5106556626508366,0.6767970221846602,0.22581505062759127,0.09738792718774844,-12.649,-3794.569,11.568,15.073,19371,360.0,0.0,0.0,360.0,0.0,0.0,0.0,0.0,0.0,0.0,0.6765,14.54,0.1268,1.619,0.658,0.247,0.095,11,3
149,BiLevel,11.2,1.0,5.525,15,0.4438,-1938.369,589.957,4970,262,-15.02,31.53,-59.97,59.76,-0.39,0.2728,-7.941287040710449,0.4330545663833618,12.894786834716797,8.264556884765625,0.4250813126564026,4.876020908355713,2.426496982574463,11.95357608795166,0.7217800617218018,78.43278503417969,0.1,0.6421440243721008,500000,-3.73,29.03,-99.01,98.9,-1.2012,0.0,-7.660341262817383,0.13475894927978516,4.907527446746826,1.1968821287155151,0.1288880854845047,7.937989234924316,0.383987694978714,4.968859672546387,0.05,31440,-15.02089089582706,31.531057318915533,262,-8.214899697742965,-15.985077193614686,0.51059961619879,0.67647820391448,0.22638514211191774,0.09713665397360219,-9.815,-3140.781,11.614,17.139,20173,360.0,0.0,0.0,360.0,0.0,0.0,0.0,0.0,0.0,0.0,0.7161,14.16,0.1214,1.804,0.65,0.257,0.093,16,0
150,BiLevel,11.9,1.1,4.705,14,0.4394,-1935.775,583.022,4970,262,-16.56,31.34,-59.98,59.81,-0.3895,0.2682,-8.114593505859375,0.4229169189929962,8.874677658081055,4.256503582000732,0.4211273193359375,4.818163871765137,1.9397706985473633,12.04216194152832,1.6048375368118286,66.41696166992188,0.1,0.640308678150177,500000,-2.6,30.66,-109.46,89.27,-1.6647,0.0,-8.00232219696045,0.1620347499847412,4.360226631164551,0.6623409986495972,0.12050586193799973,8.339433670043945,0.303323358297348,4.933824062347412,0.05,31702,-16.557967721996924,31.344583272176262,262,-12.619150965464742,-18.595075849796594,0.5189756976927636,0.6764034693964835,0.22660841237925028,0.09698811822426615,-13.332,-3999.626,11.494,16.199,19776,360.0,0.0,0.0,360.0,0.0,0.0,0.0,0.0,0.0,0.0,0.7318,15.18,0.0875,1.595,0.655,0.251,0.094,11,3
151,BiLevel,11.6,1.0,4.061,12,0.5716,-2174.222,775.208,4970,262,-15.37,31.21,-59.98,59.62,-0.4375,0.3157,-8.25294303894043,0.4846869707107544,12.465566635131836,7.8618316650390625,0.3975691795349121,4.855495452880859,2.410973072052002,12.320981979370117,1.136957049369812,121.08609008789062,0.1,0.6384880542755127,500000,0.57,31.07,-101.85,105.31,-1.6683,0.5,-7.6718549728393555,0.17467765510082245,4.31000280380249,0.6259531378746033,0.1433127224445343,8.030643463134766,0.06391523778438568,10.184975624084473,0.05,31964,-15.365447141823754,31.213180992189265,262,-11.798144577208317,-13.012433151665487,0.5092135052095691,0.6769436778323896,0.22599700749419227,0.09705931467341808,-7.487,-1946.669,11.592,15.653,19971,360.0,0.0,0.0,360.9,60.788,0.1684,0.0,0.0,62.061,418.0,0.9567,14.47,0.139,1.695,0.677,0.225,0.097,9,3
152,BiLevel,11.4,1.0,4.041,14,0.4455,-1949.867,606.524,4970,262,-19.26,31.0,-59.99,59.78,-0.3923,0.2704,-8.630024909973145,0.3882978856563568,6.805879592895508,2.215282440185547,0.38078051805496216,4.680794715881348,1.4066487550735474,12.379014015197754,1.406039834022522,50.2387809753418,0.1,0.6366699934005737,500000,-0.54,28.37,-82.41,106.12,-0.8948,0.0,-7.798437595367432,0.16058410704135895,4.037440299987793,0.36529451608657837,0.13674575090408325,8.12878704071045,0.24121138453483582,4.651067733764648,0.05,32226,-19.25783828765536,30.999119233497314,262,-13.219352917922171,-19.080518808490353,0.5425251433666165,0.6767406793280782,0.22630678394552184,0.09695253672639992,-15.587,-4676.238,11.394,15.435,19291,360.0,0.0,0.0,360.0,0.0,0.0,0.0,0.0,0.0,0.0,0.8755,14.14,0.1233,1.889,0.637,0.271,0.091,16,0
153,BiLevel,11.7,1.0,9.375,14,0.5245,-1927.651,579.947,4971,262,-18.71,30.84,-59.96,59.83,-0.3878,0.2659,-7.710335731506348,0.4245157241821289,11.249481201171875,6.66411828994751,0.437783420085907,5.077385902404785,2.5306971073150635,11.778980255126953,1.364664077758789,70.48207092285156,0.1,0.6348536610603333,500000,-0.03,28.83,-86.89,98.72,-2.2375,0.0,-7.787051200866699,0.15266519784927368,4.05441427230835,0.393578439950943,0.12066391110420227,8.101603507995605,0.15311037003993988,6.322103500366211,0.05,32488,-18.711150449251946,30.835082051185417,262,-13.598477858775539,-19.448955531810462,0.5333780533992769,0.6775026198004886,0.22590744328650786,0.09658993691300347,-15.381,-4614.419,11.441,20.816,21537,360.0,0.0,0.0,360.0,0.0,0.0,0.0,0.0,0.0,0.0,0.8643,12.91,0.1217,2.37,0.653,0.253,0.094,12,2
154,BiLevel,11.2,1.1,5.455,14,0.4748,-1968.113,620.882,4970,262,-13.4,30.8,-59.94,59.54,-0.396,0.2728,-8.012052536010742,0.43637514114379883,13.60993766784668,9.038229942321777,0.41665828227996826,5.114312171936035,3.3488383293151855,12.107436180114746,1.733432412147522,90.62741088867188,0.1,0.6330555081367493,500000,-2.98,30.53,-93.99,87.07,-1.2058,0.0,-7.9962968826293945,0.13598309457302094,4.2657694816589355,0.6148182153701782,0.13123151659965515,8.279646873474121,0.539991557598114,3.833099842071533,0.05,32750,-13.399527610774326,30.797684351559667,262,-12.070041775311294,-12.974595671735312,0.4848021847280692,0.6775502365946304,0.22602758964430855,0.09642217376106112,-9.24,-2772.057,11.562,17.017,20615,360.0,0.0,0.0,360.0,0.0,0.0,0.0,0.0,0.0,0.0,0.7223,13.34,0.0723,2.419,0.655,0.251,0.093,16,0
155,BiLevel,11.7,1.0,4.243,13,0.4792,-1935.109,587.108,4970,262,-9.98,31.1,-59.82,59.72,-0.3894,0.2693,-8.060201644897461,0.4023798108100891,9.07208251953125,4.5117106437683105,0.4308096468448639,5.099113941192627,1.9598402976989746,12.078886032104492,1.0843814611434937,81.23035430908203,0.1,0.631259560585022,500000,0.6,29.22,-99.23,96.97,-1.6114,0.5,-7.642854690551758,0.1315542757511139,4.856438159942627,1.2167562246322632,0.14095646142959595,7.918767929077148,0.13753579556941986,7.284234523773193,0.05,33012,-9.982028399319042,31.099876486115967,262,-6.934572016879132,-13.227643557441862,0.47271507834596244,0.6777607921868546,0.22585879452986604,0.09638041328327945,-8.165,-2449.474,11.616,15.859,19449,360.0,0.0,0.0,360.154,19.545,0.0543,0.0,0.0,3.164,146.0,0.7134,14.25,0.0593,2.259,0.678,0.226,0.096,10,3
156,BiLevel,11.6,1.1,3.488,15,0.4607,-1808.01,512.183,4970,262,-4.46,31.95,-59.92,59.93,-0.3638,0.2518,-7.813144683837891,0.46418699622154236,10.641170501708984,6.081396102905273,0.5387668609619141,5.318730354309082,2.76369047164917,12.084057807922363,1.3229373693466187,97.43125915527344,0.1,0.6294559240341187,500000,-3.37,32.55,-102.28,95.99,-0.8423,0.0,-7.957144260406494,0.11748532205820084,4.858850955963135,1.2323054075241089,0.12114417552947998,8.20073127746582,0.20068077743053436,13.04234504699707,0.05,33274,-4.4575531199165965,31.95114725454844,262,-3.6026666501635,-6.915397002273485,0.46112334348616946,0.677060728017081,0.22667860525042335,0.09626066673249575,-1.178,-353.326,12.037,15.525,19180,360.0,0.0,0.0,360.0,0.0,0.0,0.0,0.0,0.0,0.0,1.0067,14.06,0.0779,2.239,0.678,0.226,0.096,15,0
157,BiLevel,12.8,1.1,8.342,11,0.3969,-2109.012,711.773,4970,262,-8.55,32.19,-59.93,59.91,-0.4243,0.3143,-7.638538360595703,0.3816415071487427,11.601890563964844,7.065587043762207,0.4028421938419342,5.391136646270752,2.959472179412842,11.789326667785645,1.5342262983322144,73.71788787841797,0.1,0.6276661157608032,500000,-2.8,28.95,-85.86,104.2,-2.5741,0.5,-8.06895923614502,0.1310110241174698,4.801657676696777,1.1857391595840454,0.1142856553196907,8.336471557617188,0.15622557699680328,9.16111946105957,0.05,33536,-8.546317814491404,32.19448547092757,262,-4.895659665684951,-6.955537917386545,0.48015134863114706,0.6784439136684693,0.22554883427190123,0.09600725205962933,-3.105,-807.277,11.978,20.32,21993,360.0,0.0,0.0,393.7,81.392,0.2067,0.0,0.0,1903.141,4420.0,1.0487,14.23,0.0724,2.18,0.677,0.227,0.096,8,3
158,BiLevel,11.6,1.2,5.122,15,0.5058,-1888.455,578.542,4971,262,-10.01,32.49,-59.96,59.94,-0.3799,0.2654,-8.09364128112793,0.4049057066440582,9.116918563842773,4.589554786682129,0.44076651334762573,5.061097621917725,1.9315640926361084,12.063130378723145,3.26070237159729,98.79067993164062,0.1,0.6258859038352966,500000,-1.38,32.98,-108.2,98.31,-1.2365,0.0,-8.102773666381836,0.16279762983322144,3.9173226356506348,0.310543954372406,0.13627587258815765,8.438128471374512,0.239321768283844,9.053014755249023,0.05,33798,-10.0063570936075,32.49246503018757,262,-5.005538673973398,-8.738215346830454,0.49123000530061905,0.6780275035858125,0.226148868680654,0.09582362773353327,-3.272,-981.502,11.667,16.789,19453,360.0,0.0,0.0,360.0,0.0,0.0,0.0,0.0,0.0,0.0,1.0086,14.17,0.0713,2.136,0.678,0.226,0.096,14,1
159,BiLevel,11.4,1.0,10.642,13,0.4285,-1889.163,570.576,4971,262,-8.85,34.04,-59.98,59.98,-0.38,0.2707,-7.8731584548950195,0.402435302734375,8.380529403686523,3.869375705718994,0.3905700445175171,5.237534999847412,2.209533452987671,11.957987785339355,2.135953664779663,67.32212829589844,0.1,0.6241100430488586,500000,-0.61,27.81,-109.85,80.68,-2.8984,0.5,-8.198376655578613,0.21029239892959595,4.943101406097412,1.3458576202392578,0.14681996405124664,8.628663063049316,0.06294022500514984,19.579668045043945,0.05,34060,-8.8511630932532,34.04252713975381,262,-4.9466844207362115,-8.703047725715136,0.5101506370448136,0.6794191185176156,0.22516950928393198,0.09541137219845235,-4.36,-1308.113,12.046,22.688,22489,360.0,0.0,0.0,360.25,35.664,0.099,0.0,0.0,12.218,197.0,0.9554,14.0,0.0697,2.093,0.678,0.226,0.096,10,3
160,BiLevel,11.7,1.1,5.77,14,0.5539,-1969.023,598.897,4970,262,-16.57,32.62,-59.96,59.87,-0.3962,0.2665,-7.789488315582275,0.37623655796051025,9.022970199584961,4.525071144104004,0.404773086309433,5.498096466064453,1.7340927124023438,11.947943687438965,1.7258142232894897,80.12101745605469,0.1,0.6223393678665161,500000,-1.47,29.02,-99.73,86.8,-1.8873,0.5,-8.583085060119629,0.19273506104946136,4.218465805053711,0.6297914981842041,0.17070314288139343,8.975412368774414,0.08862664550542831,15.853821754455566,0.05,34322,-16.567290245905383,32.62046498477931,262,-2.9254817448164285,-12.931244817219284,0.5384325372175951,0.6794839571779008,0.2252407379144459,0.0952753049076534,-8.81,-2819.079,11.775,17.545,20875,360.0,0.0,0.0,360.0,2.807,0.0078,0.0,0.0,0.122,32.0,0.6768,14.52,0.0571,1.977,0.679,0.225,0.095,11,3
161,BiLevel,11.4,1.1,7.576,14,0.5418,-1941.069,590.536,4970,262,-17.03,32.19,-59.99,59.87,-0.3906,0.2705,-7.609392166137695,0.4398192763328552,8.210527420043945,3.7229506969451904,0.40592724084854126,5.347776412963867,2.1740875244140625,11.815988540649414,0.8760334253311157,72.06195068359375,0.1,0.6205772161483765,500000,-6.04,29.56,-91.77,105.05,-1.6993,0.0,-8.426735877990723,0.16675177216529846,3.980362892150879,0.40464553236961365,0.16549602150917053,8.76205062866211,0.15654723346233368,7.962197303771973,0.05,34584,-17.02838926012787,32.19408404282953,262,-6.791338015543788,-16.596030049888707,0.5353735843572855,0.6798795708414384,0.22508332706583756,0.095037102092724,-9.128,-2738.426,11.57,19.146,21099,360.0,0.0,0.0,360.0,0.0,0.0,0.0,0.0,0.0,0.0,0.5649,15.0,0.0554,1.859,0.679,0.225,0.095,15,0
162,BiLevel,12.1,1.1,5.913,11,0.47,-2129.89,704.616,4969,262,-14.97,32.83,-60.0,59.74,-0.4286,0.3096,-8.097467422485352,0.3868884742259979,6.4744157791137695,1.9964773654937744,0.38854989409446716,5.57779598236084,1.422082781791687,12.323022842407227,0.8720239400863647,55.002769470214844,0.1,0.6188220977783203,500000,-4.14,30.61,-109.95,83.34,-2.0997,0.5,-8.47819709777832,0.17079153656959534,4.680577754974365,1.1166763305664062,0.1430903971195221,8.824365615844727,0.12546540796756744,10.018012046813965,0.05,34846,-14.969295542927084,32.83105221537653,262,-7.795769073461232,-16.31270224279479,0.532697070900403,0.6807666438072012,0.22427328093688734,0.09496007525591144,-9.933,-2582.691,11.765,17.678,21007,360.0,0.0,0.0,386.796,78.127,0.202,0.0,0.0,1406.553,3525.0,0.8444,15.89,0.0555,1.647,0.68,0.225,0.095,8,3
163,BiLevel,12.1,1.2,6.857,15,0.5797,-1864.007,547.721,4971,262,-12.46,31.54,-59.96,59.59,-0.375,0.2504,-7.89939546585083,0.47448083758354187,11.096908569335938,6.6250200271606445,0.4382615089416504,5.2253098487854,3.546128273010254,12.078533172607422,1.1924715042114258,104.78163146972656,0.1,0.6170833706855774,500000,2.64,32.26,-103.17,107.75,-1.6238,0.0,-8.62113094329834,0.1591515839099884,4.585975646972656,1.032365083694458,0.12531612813472748,8.952837944030762,0.3496273159980774,8.073799133300781,0.05,35108,-12.458418112479373,31.537148772583897,262,-8.46496982519564,-14.81078382730484,0.49049582991588114,0.6806274688172089,0.22464334609346628,0.09472918508932483,-6.142,-1842.486,11.658,18.515,19963,360.0,0.0,0.0,360.0,0.0,0.0,0.0,0.0,0.0,0.0,0.9228,16.79,0.0537,1.463,0.684,0.218,0.097,14,1
164,BiLevel,11.8,1.1,3.584,14,0.4669,-1844.411,551.776,4971,262,-9.13,32.33,-59.95,59.95,-0.371,0.2585,-7.695470809936523,0.3702627420425415,9.75346565246582,5.298527717590332,0.38290920853614807,5.56134557723999,3.22064471244812,11.876383781433105,3.263065814971924,60.58663558959961,0.1,0.6153470873832703,500000,-2.77,30.79,-111.15,92.34,-0.9281,0.0,-8.530098915100098,0.15113142132759094,4.316132068634033,0.7737736701965332,0.11983167380094528,8.841263771057129,0.2271454930305481,9.624224662780762,0.05,35370,-9.128481222181355,32.33318285090852,262,-4.373274981818701,-9.968883128385794,0.4848376565182043,0.6803277090094865,0.22500272337550867,0.09466956761500482,-4.629,-1388.747,11.811,15.395,18291,360.0,0.0,0.0,360.0,0.0,0.0,0.0,0.0,0.0,0.0,0.9917,17.18,0.0657,1.168,0.688,0.213,0.1,13,1
165,BiLevel,11.0,1.1,6.998,14,0.4462,-1981.218,603.904,4970,262,-20.86,31.25,-59.99,59.65,-0.3986,0.2712,-7.646509647369385,0.39073365926742554,8.06765365600586,3.6183998584747314,0.43114420771598816,5.704498291015625,2.125217914581299,11.90512466430664,1.8919024467468262,84.38256072998047,0.1,0.6136224865913391,500000,-2.19,31.08,-97.71,100.83,-1.5815,0.0,-8.493443489074707,0.1451735943555832,5.57235860824585,2.0406494140625,0.12578700482845306,8.795806884765625,0.37211018800735474,17.372652053833008,0.05,35632,-20.856194042885146,31.254198084078944,262,-11.015074655727336,-16.007182845316436,0.5590598778185742,0.680647386605187,0.22493297505088417,0.09441963834392887,-14.394,-4318.313,11.517,18.515,20972,360.0,0.0,0.0,360.0,0.0,0.0,0.0,0.0,0.0,0.0,0.7601,16.67,0.1012,0.929,0.689,0.21,0.101,15,0
166,BiLevel,11.5,1.1,4.196,14,0.5251,-1879.274,560.033,4971,262,-9.47,32.22,-59.92,59.87,-0.378,0.2604,-7.671167373657227,0.42553988099098206,8.45870304107666,4.017172813415527,0.4668782353401184,5.751033306121826,2.595604181289673,12.046656608581543,1.1036534309387207,84.31803894042969,0.1,0.6118882894515991,500000,0.66,32.76,-85.66,103.18,-1.0038,0.0,-8.146308898925781,0.15657588839530945,4.427147388458252,0.9030078053474426,0.14778149127960205,8.468377113342285,0.31030043959617615,17.17308235168457,0.05,35894,-9.46800359401322,32.222575673352054,262,-4.459768340148424,-17.751769491794864,0.4845436683618233,0.6804362446120257,0.22520512911957688,0.09435862626839758,-8.405,-2521.355,11.813,16.009,20187,360.0,0.0,0.0,360.0,0.0,0.0,0.0,0.0,0.0,0.0,0.7715,14.21,0.2069,1.119,0.679,0.226,0.094,14,0
167,BiLevel,11.9,1.0,5.219,14,0.5241,-1834.718,539.397,4970,262,-4.62,32.03,-59.95,59.83,-0.3692,0.2488,-7.905289649963379,0.44974324107170105,9.986471176147461,5.556690692901611,0.4426593482494354,5.7549214363098145,3.082667589187622,12.321554183959961,1.2532494068145752,88.71063232421875,0.1,0.6101810932159424,500000,0.97,31.44,-88.31,105.95,-1.8769,0.5,-8.566946029663086,0.1777319759130478,3.925724983215332,0.4109429717063904,0.1293027400970459,8.938210487365723,0.07174057513475418,6.856358051300049,0.05,36156,-4.616055638716749,32.03010185836955,262,2.02659896498448,-4.580685564169758,0.4640836908970634,0.6804087308782221,0.2253473538580106,0.09424391526376717,2.138,641.349,11.999,17.218,21239,360.0,0.0,0.0,360.0,0.614,0.0017,0.0,0.0,0.027,7.0,0.8779,13.36,0.226,1.272,0.571,0.349,0.079,11,3
168,BiLevel,11.7,1.2,4.064,15,0.5029,-1825.612,539.889,4971,262,-10.35,33.47,-59.96,59.62,-0.3673,0.2579,-7.889468669891357,0.46817517280578613,8.97507095336914,4.5592217445373535,0.39873775839805603,5.830680847167969,2.438917398452759,12.389970779418945,0.7285594940185547,59.29631042480469,0.1,0.6084651350975037,500000,-1.31,27.96,-95.12,104.79,-0.8677,0.0,-8.783393859863281,0.1613994538784027,4.30795955657959,0.8044251203536987,0.13860341906547546,9.115623474121094,0.06030561402440071,4.7318572998046875,0.05,36418,-10.352406282804486,33.472091786810985,262,-2.490239849843476,-7.925117570161818,0.5131801283803058,0.6798081539007264,0.2260643624606023,0.09412748363867127,-4.545,-1363.599,11.753,15.817,20269,360.0,0.0,0.0,360.0,0.0,0.0,0.0,0.0,0.0,0.0,0.942,12.91,0.2278,1.566,0.552,0.372,0.076,14,1
169,BiLevel,11.7,1.1,3.871,14,0.4935,-1852.582,541.704,4970,262,-13.55,32.68,-59.98,59.66,-0.3728,0.2513,-7.7596869468688965,0.4646541178226471,9.9407377243042,5.530409812927246,0.4426679015159607,6.142737865447998,2.673135280609131,12.435949325561523,1.1436673402786255,173.4146728515625,0.1,0.6067435145378113,500000,0.07,31.76,-82.5,110.87,-0.7507,0.0,-8.87825870513916,0.1855251044034958,4.244600772857666,0.7520056962966919,0.14785371720790863,9.259571075439453,0.436489462852478,5.590256214141846,0.05,36680,-13.553678462393506,32.67830979269466,262,-6.005634434129062,-12.394987070599669,0.517448447576844,0.6795564897211418,0.22637431955498274,0.09406919072387544,-7.417,-2225.057,11.544,15.415,20197,360.0,0.0,0.0,360.0,0.0,0.0,0.0,0.0,0.0,0.0,0.8826,12.93,0.1664,2.075,0.549,0.374,0.076,14,0
170,BiLevel,11.9,1.2,3.804,14,0.5409,-1804.466,536.196,4969,262,-11.26,32.48,-59.95,59.68,-0.3631,0.2544,-7.773094177246094,0.41591310501098633,8.90365982055664,4.508992671966553,0.3814127743244171,6.0990214347839355,2.8236517906188965,12.281856536865234,0.945468544960022,98.20117950439453,0.1,0.6050395965576172,500000,-5.03,32.34,-106.54,106.76,-0.9058,0.0,-8.68160629272461,0.15505465865135193,4.7084197998046875,1.2253925800323486,0.1499502956867218,9.003158569335938,0.0588354766368866,10.992770195007324,0.05,36942,-11.263512485500737,32.484029975055996,262,-5.480368085754545,-10.21113161366237,0.4987410676788104,0.679276983083055,0.2266846403970819,0.09403837651986316,-7.753,-2325.915,11.824,15.628,20204,360.0,0.0,0.0,360.0,0.0,0.0,0.0,0.0,0.0,0.0,0.9517,15.75,0.0731,1.693,0.612,0.303,0.085,13,1
171,BiLevel,11.3,1.2,5.536,15,0.5959,-1974.279,617.208,4970,262,-13.37,31.93,-59.88,59.84,-0.3972,0.2748,-8.237428665161133,0.40530461072921753,9.063215255737305,4.6726298332214355,0.44421815872192383,5.843202590942383,2.739377975463867,12.57171630859375,1.5440175533294678,107.27680969238281,0.1,0.6033467650413513,500000,0.34,30.45,-104.18,106.0,-1.5096,0.0,-9.039338111877441,0.16793155670166016,3.918983221054077,0.4455309808254242,0.1224425807595253,9.386719703674316,0.10238227993249893,8.306990623474121,0.05,37204,-13.367120345922514,31.92964830651222,262,-5.436802895622033,-12.848862451158073,0.5041354418487679,0.6789115091428016,0.2271941715562376,0.09389431930096065,-6.718,-2015.385,11.792,17.329,19892,360.0,0.0,0.0,360.0,0.0,0.0,0.0,0.0,0.0,0.0,0.8534,14.74,0.1095,1.812,0.682,0.222,0.096,13,2
172,BiLevel,11.8,1.1,4.751,14,0.3536,-1924.815,592.618,4970,262,-15.0,32.48,-59.96,59.85,-0.3873,0.2658,-7.360516548156738,0.4530017673969269,7.4058637619018555,3.031665325164795,0.3816748857498169,6.046427249908447,1.7902929782867432,11.90221881866455,0.8559738993644714,131.47157287597656,0.1,0.6016545295715332,500000,2.37,30.72,-93.28,98.24,-1.1071,0.0,-9.01587200164795,0.15244625508785248,3.9346423149108887,0.4714694023132324,0.14419716596603394,9.333961486816406,0.8529384732246399,12.37028980255127,0.05,37466,-15.003511409639893,32.48278182584022,262,-10.145850118720219,-12.158966692184148,0.5228244485467909,0.6788718989041759,0.22740519752794963,0.09372290356787444,-8.973,-2691.942,11.726,16.477,19863,360.0,0.0,0.0,360.0,0.0,0.0,0.0,0.0,0.0,0.0,0.6218,13.53,0.0969,2.023,0.669,0.238,0.093,13,1
173,BiLevel,11.7,1.3,3.821,14,0.4986,-1916.137,585.501,4970,262,-10.5,32.57,-59.95,59.78,-0.3855,0.2571,-8.150169372558594,0.40020981431007385,8.4224214553833,4.0561442375183105,0.40505918860435486,5.782295227050781,2.672694206237793,12.414591789245605,0.47970134019851685,85.40042114257812,0.1,0.5999626517295837,500000,1.72,32.9,-113.18,112.85,-0.9184,0.0,-9.053730010986328,0.17987334728240967,4.089696884155273,0.6359737515449524,0.13793092966079712,9.422374725341797,0.4243631660938263,3.755272388458252,0.05,37728,-10.496773697833495,32.573566157694835,262,-5.639582804747318,-6.7458292812108995,0.4942564220746198,0.6786159378704518,0.22771226766253472,0.09367179446701336,-1.756,-526.85,11.808,15.629,20079,360.0,0.0,0.0,360.0,0.0,0.0,0.0,0.0,0.0,0.0,0.4705,10.75,0.0936,2.464,0.679,0.227,0.094,15,0
174,BiLevel,11.9,1.2,5.025,14,0.6297,-1763.009,497.725,4971,262,-9.86,33.35,-59.97,59.74,-0.3547,0.2451,-7.936787128448486,0.4111004173755646,10.03082275390625,5.672046661376953,0.4390597343444824,6.329258441925049,2.8379716873168945,12.539772987365723,1.2800884246826172,109.25003051757812,0.1,0.5982711315155029,500000,1.02,29.49,-92.95,97.98,-1.7589,0.5,-9.153829574584961,0.12994028627872467,3.849614143371582,0.40322932600975037,0.12778346240520477,9.428849220275879,0.07578562945127487,10.569031715393066,0.05,37990,-9.861447738741344,33.34690455778357,262,-3.788784438842221,-4.914013745596535,0.5053494253199119,0.6785237295722053,0.22785191298708507,0.09362435744070963,-2.11,-633.122,11.963,16.988,20882,360.0,0.0,0.0,360.0,4.736,0.0132,0.0,0.0,0.206,54.0,0.7939,12.48,0.0582,2.249,0.679,0.228,0.094,11,3
175,BiLevel,11.6,1.1,5.089,14,0.5312,-1938.505,592.306,4970,262,-14.34,32.78,-59.96,59.47,-0.39,0.2741,-7.886072158813477,0.46777111291885376,10.182600021362305,5.833544731140137,0.45050010085105896,5.9075751304626465,3.444186210632324,12.354466438293457,1.2190228700637817,115.41590118408203,0.1,0.5965881943702698,500000,-5.47,30.09,-106.78,92.67,-1.1851,0.0,-9.14139175415039,0.14547927677631378,3.89104962348938,0.45531731843948364,0.128078892827034,9.44411563873291,0.1445038914680481,9.711867332458496,0.05,38252,-14.338166983416622,32.78057223566169,262,-4.011764994224435,-6.857218716411215,0.5278343392190626,0.678479561691796,0.2279948291699236,0.0935256091382803,-4.651,-1395.21,11.719,16.808,20521,360.0,0.0,0.0,360.0,0.0,0.0,0.0,0.0,0.0,0.0,0.67,13.75,0.0509,2.133,0.679,0.228,0.094,15,0
176,BiLevel,11.8,1.2,4.462,14,0.514,-1724.354,489.136,4969,262,-1.57,32.82,-59.85,59.71,-0.347,0.2461,-7.606267929077148,0.40891310572624207,8.20478343963623,3.873883008956909,0.3633066713809967,6.321078777313232,2.567164659500122,12.1866455078125,1.2147043943405151,51.15856170654297,0.1,0.5949054956436157,500000,-1.48,29.46,-106.27,91.68,-1.612,0.5,-9.107743263244629,0.13543260097503662,4.2882184982299805,0.8651639223098755,0.13090229034423828,9.38942813873291,0.1336112916469574,14.442916870117188,0.05,38514,-1.5724821135455704,32.82366885235208,262,2.925683998120458,-5.823470842289297,0.46976356050343254,0.6783329471679231,0.22821623076286757,0.09345082206920927,2.61,782.868,12.033,16.494,19822,360.0,0.0,0.0,360.0,1.666,0.0046,0.0,0.0,0.073,19.0,0.9753,15.1,0.0513,1.932,0.678,0.228,0.094,11,3
177,BiLevel,11.7,1.3,5.137,12,0.5027,-2150.162,764.168,4971,262,-9.15,33.98,-59.88,59.76,-0.4325,0.3163,-8.042638778686523,0.44577133655548096,7.3517351150512695,3.0270462036132812,0.4063251316547394,5.982010364532471,2.193385124206543,12.484443664550781,1.1297345161437988,96.42986297607422,0.1,0.5932363271713257,500000,-2.15,32.51,-106.66,95.86,-1.8699,0.5,-9.177606582641602,0.15779417753219604,4.057031154632568,0.6428500413894653,0.1321410834789276,9.5025053024292,0.5834962129592896,8.207938194274902,0.05,38776,-9.150825613072085,33.98295829689743,262,1.2619350483543,-4.693449298900209,0.5146719804929255,0.6790401912910534,0.22752210590862454,0.0934377028003221,-0.678,-176.35,11.933,17.07,19964,360.0,0.0,0.0,363.292,71.718,0.1974,0.0,0.0,141.053,539.0,1.2819,16.21,0.0532,1.684,0.679,0.228,0.094,9,3
178,BiLevel,11.1,1.1,4.252,14,0.4963,-1794.147,529.822,4971,262,-7.53,31.65,-59.94,59.7,-0.3609,0.251,-7.859690189361572,0.4005669951438904,7.271304130554199,2.950967311859131,0.46574947237968445,6.394547939300537,2.37906551361084,12.451604843139648,1.2474209070205688,101.23641204833984,0.1,0.5915718078613281,500000,-2.09,32.41,-104.65,100.25,-1.5548,0.5,-9.500041961669922,0.1937864124774933,4.622481346130371,1.215086817741394,0.1365082859992981,9.895008087158203,0.2845560610294342,17.842138290405273,0.05,39038,-7.52867281989756,31.651019331657498,262,-1.9036783937560884,-9.648736142171057,0.468280053397998,0.6788625182606356,0.2277719770801172,0.0933655046592471,-2.943,-882.755,11.799,16.052,19859,360.0,0.0,0.0,360.0,4.736,0.0132,0.0,0.0,0.206,54.0,1.174,16.88,0.0598,1.388,0.684,0.219,0.097,11,3
179,BiLevel,11.6,1.1,4.376,14,0.4742,-1924.012,581.602,4970,262,-13.58,32.7,-59.91,59.62,-0.3871,0.2653,-7.756883144378662,0.4437984824180603,7.77255916595459,3.4676761627197266,0.41315793991088867,6.424368858337402,2.546635866165161,12.424509048461914,0.9136382937431335,77.70506286621094,0.1,0.5899164080619812,500000,-1.07,34.66,-98.26,106.0,-1.0415,0.0,-9.242546081542969,0.15902279317378998,5.212531566619873,1.8111979961395264,0.14733366668224335,9.571425437927246,0.44684725999832153,6.089931011199951,0.05,39300,-13.577531833543445,32.69524429419814,262,-9.399117997445558,-14.162402599814692,0.5196751346511884,0.6787153999229317,0.22800775899419223,0.09327684108287607,-11.527,-3458.107,11.76,16.136,20597,360.0,0.0,0.0,360.0,0.0,0.0,0.0,0.0,0.0,0.0,0.8756,15.26,0.1213,1.61,0.687,0.215,0.098,14,0
180,BiLevel,11.4,1.0,3.813,13,0.4673,-1847.087,564.565,4971,262,-11.98,31.92,-59.95,59.77,-0.3716,0.2608,-8.056375503540039,0.4053378105163574,8.75933837890625,4.467261791229248,0.3931683897972107,6.517244338989258,3.210500478744507,12.710834503173828,0.6857089400291443,75.49656677246094,0.1,0.5882646441459656,500000,-0.46,31.39,-98.19,103.0,-1.5603,0.5,-9.653332710266113,0.16687268018722534,5.119058609008789,1.7251596450805664,0.14840269088745117,9.994327545166016,0.5134449005126953,24.048362731933594,0.05,39562,-11.975177823839246,31.91647824334754,262,-9.881277700788095,-10.698262781532188,0.49462086298483154,0.6788380298487671,0.22789862664437133,0.09326334350686147,-6.497,-1949.132,11.789,15.602,20242,360.0,0.0,0.0,360.0,20.854,0.0579,0.0,0.0,5.008,188.0,0.7578,14.24,0.111,1.879,0.657,0.253,0.09,10,3
181,BiLevel,11.5,1.0,6.22,13,0.6373,-1850.789,532.606,4970,262,-14.3,32.53,-59.96,59.36,-0.3724,0.2565,-7.982605457305908,0.39068546891212463,8.025290489196777,3.7426464557647705,0.3938671946525574,5.769479751586914,2.646519899368286,12.143891334533691,1.2290700674057007,70.14314270019531,0.1,0.5866132378578186,500000,-5.79,28.59,-94.17,87.42,-2.0709,0.5,-9.257448196411133,0.207463800907135,4.061368942260742,0.679546594619751,0.1453964114189148,9.682337760925293,0.09900195151567459,9.21821403503418,0.05,39824,-14.297403085769211,32.52532198288914,262,-11.831744711022628,-12.043133701148786,0.5201321725837547,0.6793103527108068,0.22747721478564728,0.09321243250354584,-8.505,-2551.461,11.796,18.015,21317,360.0,0.0,0.0,360.0,17.322,0.0481,0.0,0.0,2.847,160.0,0.6559,15.5,0.059,1.669,0.668,0.241,0.092,10,3
182,BiLevel,11.6,1.2,4.999,14,0.4953,-1911.208,574.066,4970,262,-10.28,33.65,-59.98,59.52,-0.3845,0.2594,-7.624576091766357,0.37802964448928833,7.989719867706299,3.7157974243164062,0.4062741994857788,6.5160441398620605,2.756471872329712,12.19546127319336,0.7885023951530457,101.6851577758789,0.1,0.5849747061729431,500000,-2.77,30.97,-109.55,101.46,-1.2141,0.0,-9.686681747436523,0.184350848197937,5.052398681640625,1.6772730350494385,0.13027682900428772,10.069385528564453,0.4919687807559967,19.581132888793945,0.05,40086,-10.279279400990672,33.647557504555536,262,-3.888549367691341,-14.59790251349148,0.5154886932673539,0.6792614710480295,0.22763423035689878,0.09310429859507174,-5.685,-1705.605,11.958,16.958,20000,360.0,0.0,0.0,360.0,0.0,0.0,0.0,0.0,0.0,0.0,0.5082,16.12,0.0557,1.501,0.681,0.224,0.095,13,1
183,BiLevel,11.5,1.0,3.767,14,0.6219,-2018.693,619.794,4970,262,-19.31,32.34,-60.0,59.21,-0.4062,0.2725,-7.805891036987305,0.36523157358169556,8.42165756225586,4.150292873382568,0.5010912418365479,6.168240547180176,2.842461109161377,12.114437103271484,0.780999481678009,160.43380737304688,0.1,0.583342969417572,500000,-1.3,28.91,-90.91,105.25,-1.4923,0.0,-9.730178833007812,0.17602978646755219,3.742412567138672,0.37750956416130066,0.15842807292938232,10.090311050415039,0.23192600905895233,16.182573318481445,0.05,40348,-19.30981407531198,32.34062582222108,262,-10.467812437446494,-17.213182354914515,0.5602550492961523,0.6789575474203161,0.22792380366176182,0.09311864891792211,-15.02,-4506.06,11.49,15.258,19658,360.0,0.0,0.0,360.0,0.0,0.0,0.0,0.0,0.0,0.0,0.6935,17.08,0.0577,1.198,0.684,0.22,0.096,11,3
184,BiLevel,11.7,1.2,5.818,15,0.4724,-1883.577,568.889,4970,262,-10.18,33.24,-59.92,59.55,-0.379,0.2646,-7.938254356384277,0.39165547490119934,8.892004013061523,4.6278791427612305,0.5230445861816406,6.592998504638672,3.0773158073425293,12.53515911102295,1.5150036811828613,163.6473846435547,0.1,0.5817182064056396,500000,-0.88,28.3,-93.15,88.23,-1.3858,0.0,-9.468297958374023,0.16252562403678894,4.792194366455078,1.4371626377105713,0.14018544554710388,9.802176475524902,0.28316617012023926,18.45814323425293,0.05,40610,-10.183597836399851,33.23616949079601,262,-5.883131341244045,-13.810167145101648,0.5062623239282344,0.6786987277658898,0.2283901174913094,0.09291115474280068,-4.851,-1455.185,11.858,17.676,20257,360.0,0.0,0.0,360.0,0.0,0.0,0.0,0.0,0.0,0.0,0.5547,15.28,0.1234,1.279,0.688,0.214,0.099,14,1
185,BiLevel,11.5,1.2,6.415,15,0.4494,-1796.681,506.565,4970,262,-6.14,31.94,-59.8,59.54,-0.3615,0.2442,-7.614442825317383,0.3921467065811157,9.928136825561523,5.679335594177246,0.4546802341938019,6.76602840423584,4.052556037902832,12.32089614868164,1.1345878839492798,94.74688720703125,0.1,0.5800822377204895,500000,-5.3,29.49,-97.7,92.48,-1.3812,0.0,-9.708112716674805,0.18230722844600677,3.8696956634521484,0.5226770639419556,0.15019772946834564,10.084232330322266,0.3276803195476532,8.042216300964355,0.05,40872,-6.137218723265488,31.939636656882502,262,-2.339089930528089,-12.51132330267053,0.46738174053838805,0.6785512337541296,0.22878361952302606,0.09266514672284441,-2.961,-888.222,11.903,18.318,20654,360.0,0.0,0.0,360.0,0.0,0.0,0.0,0.0,0.0,0.0,0.6994,13.05,0.1721,1.654,0.655,0.255,0.09,16,0
186,BiLevel,11.9,1.2,4.907,13,0.5039,-1925.2,589.887,4970,262,-12.31,32.8,-59.93,59.22,-0.3874,0.2587,-7.373117446899414,0.44812923669815063,8.364572525024414,4.129398822784424,0.4009902775287628,6.902112007141113,3.4487321376800537,12.273078918457031,2.44915771484375,87.9366683959961,0.1,0.5784627795219421,500000,-3.18,31.79,-105.36,105.39,-1.8587,0.5,-9.6986665725708,0.1383182406425476,3.882939338684082,0.5448766946792603,0.12288179248571396,9.985724449157715,0.5208507180213928,8.01522159576416,0.05,41134,-12.310280780473226,32.80129581102765,262,-5.488624964889728,-12.483903146770439,0.5120869741390852,0.6788443396106417,0.22853796740779184,0.09261769298156661,-7.033,-2109.928,11.881,16.788,20887,360.0,0.0,0.0,360.0,19.721,0.0548,0.0,0.0,3.527,122.0,0.5822,10.25,0.1327,2.252,0.605,0.312,0.083,10,3
187,BiLevel,12.5,1.2,5.315,12,0.4378,-2053.403,721.925,4970,262,-4.47,33.37,-59.87,59.76,-0.4132,0.318,-7.656225681304932,0.3648853003978729,6.1157965660095215,1.8942387104034424,0.3517226576805115,6.437064170837402,1.6541316509246826,12.090291023254395,0.6872920393943787,66.76448059082031,0.1,0.5768535137176514,500000,-0.81,33.97,-94.44,113.25,-1.944,0.5,-9.90301513671875,0.14011655747890472,4.1475605964660645,0.817341148853302,0.12831100821495056,10.194171905517578,0.7456151247024536,4.434070110321045,0.05,41396,-4.472015491341591,33.37238966759352,262,1.3106264153593463,-9.018997736863401,0.4879384603661849,0.6795846187403493,0.22784756088841523,0.09256782037123547,1.664,465.797,12.193,17.508,20001,360.0,0.0,0.0,367.219,69.054,0.188,0.0,0.0,249.118,1053.0,0.8458,11.55,0.0942,2.383,0.646,0.266,0.088,9,3
188,BiLevel,11.7,1.1,4.111,14,0.4013,-1884.305,576.334,4971,262,-12.24,32.39,-59.92,59.67,-0.3791,0.2672,-7.854947090148926,0.34689465165138245,7.149964809417725,2.9275705814361572,0.4637037515640259,6.932412624359131,2.0536718368530273,12.540735244750977,0.8435702323913574,111.15412139892578,0.1,0.5752394199371338,500000,-3.11,26.88,-112.08,89.72,-0.9496,0.0,-9.916747093200684,0.17399975657463074,5.184264183044434,1.8639246225357056,0.1267041116952896,10.272852897644043,0.46140190958976746,8.808993339538574,0.05,41658,-12.243428033647122,32.39445771559246,262,-4.0160022894018566,-13.066624323023778,0.5056885259874159,0.6794197648122767,0.22811800052245731,0.09246223466526605,-7.877,-2363.238,11.662,15.773,19636,360.0,0.0,0.0,360.0,0.0,0.0,0.0,0.0,0.0,0.0,0.678,10.99,0.0788,2.509,0.68,0.228,0.093,15,0
189,BiLevel,11.7,1.2,4.634,14,0.5164,-1939.273,598.349,4970,262,-13.31,33.04,-59.99,59.8,-0.3902,0.2641,-7.681698799133301,0.4328087270259857,6.911089897155762,2.7063534259796143,0.3853830099105835,6.906402587890625,2.0080394744873047,12.50838851928711,0.9872100353240967,118.80880737304688,0.1,0.5736430883407593,500000,-4.02,28.13,-97.04,95.3,-1.1405,0.0,-9.92849349975586,0.19152885675430298,3.8437881469726562,0.5311044454574585,0.1598430573940277,10.320497512817383,0.36326315999031067,19.064468383789062,0.05,41920,-13.313458637612117,33.04392681389713,262,-5.534798467394552,-14.246391308307647,0.5212342280369977,0.6793027729618961,0.22831059238862644,0.09238663464947752,-5.788,-1736.331,11.796,16.431,20041,360.0,0.0,0.0,360.0,0.0,0.0,0.0,0.0,0.0,0.0,0.5648,11.65,0.0581,2.402,0.679,0.228,0.092,13,1
190,BiLevel,12.0,1.1,4.6,13,0.493,-1869.47,574.871,4971,262,-11.07,33.46,-59.97,59.61,-0.3761,0.2672,-7.6938347816467285,0.3852173686027527,6.422732353210449,2.2269129753112793,0.3900126516819,6.960681915283203,2.2581686973571777,12.452938079833984,0.6381521224975586,71.82797241210938,0.1,0.5720351338386536,500000,1.49,29.1,-89.77,100.86,-1.6904,0.5,-9.856390953063965,0.16174983978271484,3.6920695304870605,0.3865604102611542,0.15226170420646667,10.19115161895752,0.1385613977909088,7.522413730621338,0.05,42182,-11.071474235346741,33.46373589417144,262,-5.213707943339097,-10.995278976465526,0.515961865880944,0.6795429746220335,0.2281068197227696,0.09235020565519687,-6.072,-1821.573,11.839,16.438,19825,360.0,0.0,0.0,360.0,21.212,0.0589,0.0,0.0,4.298,139.0,0.5372,11.87,0.059,2.284,0.679,0.228,0.092,10,3
191,BiLevel,11.6,1.1,4.639,12,0.6395,-2049.963,710.35,4970,262,-9.77,33.3,-59.96,59.39,-0.4125,0.3062,-8.022061347961426,0.45604708790779114,7.8056511878967285,3.615463972091675,0.4381912350654602,6.708263874053955,3.0361862182617188,12.761953353881836,3.0480856895446777,89.90544128417969,0.1,0.5704424977302551,500000,-2.02,28.6,-94.71,90.35,-1.8072,0.5,-9.767058372497559,0.20107311010360718,3.8559677600860596,0.5582574009895325,0.15377619862556458,10.177301406860352,0.06958041340112686,10.28946590423584,0.05,42444,-9.769349377029679,33.30492929985001,262,-5.733588308958632,-10.348242274083589,0.5064561431198208,0.6800901610359781,0.22748052954430745,0.09242930941971454,-4.84,-1258.41,11.878,16.517,19176,360.0,0.0,0.0,364.319,71.519,0.1963,0.0,0.0,139.901,741.0,0.8048,10.47,0.0793,2.295,0.68,0.228,0.092,9,3
192,BiLevel,11.4,1.1,3.512,15,0.569,-1775.11,527.854,4972,262,-3.92,33.38,-59.92,59.43,-0.357,0.2547,-7.703773021697998,0.3626614511013031,8.731700897216797,4.557786464691162,0.3660028576850891,6.956020355224609,4.854959964752197,12.376710891723633,1.8369027376174927,100.13381958007812,0.1,0.5688530206680298,500000,-0.78,30.12,-97.83,89.38,-1.0843,0.0,-10.106070518493652,0.2688943147659302,3.983819007873535,0.6926001310348511,0.14355114102363586,10.649127006530762,0.06824801117181778,11.61669635772705,0.05,42706,-3.922728699561934,33.3782670507334,262,2.3925507584684764,-4.471660069454657,0.48591260481102383,0.679414096353193,0.2282009362435537,0.09238496740325323,2.55,765.008,11.963,15.475,19084,360.0,0.0,0.0,360.0,0.0,0.0,0.0,0.0,0.0,0.0,0.9878,10.96,0.0601,2.055,0.68,0.227,0.092,13,2
193,BiLevel,11.7,1.1,6.231,15,0.4482,-1884.632,568.071,4971,262,-7.59,33.19,-59.97,59.71,-0.3791,0.2644,-8.113678932189941,0.43479469418525696,7.045740604400635,2.8775246143341064,0.38162827491760254,6.737880229949951,2.4994876384735107,12.798912048339844,0.9998493790626526,89.6592788696289,0.1,0.5672666430473328,500000,1.48,34.24,-96.8,99.9,-1.6049,0.0,-10.243279457092285,0.23247142136096954,3.768765687942505,0.4862139821052551,0.16635914146900177,10.716052055358887,0.40920600295066833,22.17024040222168,0.05,42968,-7.589042471549031,33.18928499261909,262,-0.2912142371660785,-9.542533104043258,0.49319461392167707,0.6792359401931504,0.22860935838481905,0.09215470142203057,-4.375,-1312.391,12.037,18.268,21352,360.0,0.0,0.0,360.0,0.0,0.0,0.0,0.0,0.0,0.0,0.7627,12.03,0.0506,1.979,0.679,0.228,0.092,13,2
194,BiLevel,12.2,1.1,9.139,11,0.63,-2146.867,703.955,4971,262,-13.95,33.19,-59.94,59.5,-0.4319,0.2974,-8.281892776489258,0.39962202310562134,7.908282279968262,3.7478713989257812,0.4184455871582031,7.048715114593506,2.9422993659973145,13.069314956665039,1.6462167501449585,107.66312408447266,0.1,0.5656895041465759,500000,-2.2,28.67,-101.25,94.46,-2.8081,0.5,-10.112974166870117,0.17846626043319702,3.835078477859497,0.5612832903862,0.15094245970249176,10.47901725769043,0.5576479434967041,12.337076187133789,0.05,43230,-13.946332662456822,33.1924548124054,262,-6.9432385259553,-13.870824345573784,0.5296276985605625,0.6805249077719949,0.22745952461537283,0.09201556761263228,-8.538,-2219.901,11.802,20.941,21498,360.0,0.0,0.0,386.362,82.172,0.2127,0.0,0.0,1446.454,3490.0,1.1286,13.22,0.0502,1.87,0.679,0.229,0.092,8,3
195,BiLevel,11.8,1.1,6.853,12,0.5892,-2052.537,732.035,4970,262,-6.48,34.36,-59.89,59.7,-0.413,0.3218,-7.732489585876465,0.43530067801475525,6.412846565246582,2.261772871017456,0.4422729015350342,7.220911026000977,2.0506839752197266,12.658212661743164,2.297844171524048,115.01180267333984,0.1,0.5641222596168518,500000,-1.26,30.06,-102.98,107.34,-2.2442,0.5,-10.403255462646484,0.1501651406288147,3.6682732105255127,0.4019564986228943,0.13408257067203522,10.712828636169434,0.43404895067214966,6.860670566558838,0.05,43492,-6.478154494437638,34.355805411636624,262,-2.8554034088003006,-9.204086734687813,0.511082386299701,0.6814455167929669,0.22658813519070078,0.09196634801633234,1.305,339.213,12.254,19.107,21418,360.0,0.0,0.0,368.242,70.477,0.1914,0.0,0.0,349.378,1103.0,1.0931,14.3,0.05,1.816,0.681,0.227,0.092,9,3
196,BiLevel,11.9,1.1,3.784,13,0.3573,-1849.027,553.394,4971,262,-7.46,34.29,-59.81,59.76,-0.372,0.2599,-8.002474784851074,0.3617752194404602,8.123333930969238,3.989424228668213,0.3701859712600708,7.368164539337158,4.124833106994629,12.873492240905762,1.1662136316299438,67.73751831054688,0.1,0.5625524520874023,500000,2.49,29.77,-81.47,92.73,-1.484,0.5,-10.182308197021484,0.15676742792129517,4.95862340927124,1.6998100280761719,0.1389835774898529,10.507637023925781,0.22978337109088898,10.451667785644531,0.05,43754,-7.45680091600154,34.28768775625913,262,-0.8361389255837389,-2.2190275857323094,0.511519719878382,0.6815898875718388,0.22650323057623362,0.0919068818519276,-0.098,-29.41,12.034,15.818,19634,360.0,0.0,0.0,360.496,34.387,0.0954,0.0,0.0,15.328,242.0,1.0001,15.33,0.05,1.783,0.681,0.227,0.092,10,3
197,BiLevel,12.1,1.2,4.414,13,0.6038,-1766.13,517.149,4970,262,-4.54,33.93,-59.88,59.82,-0.3554,0.255,-7.702676296234131,0.35374438762664795,6.266388893127441,2.143540859222412,0.3516613245010376,7.046905994415283,1.9487380981445312,12.35025691986084,1.790974736213684,64.39198303222656,0.1,0.5609800815582275,500000,4.0,29.26,-80.64,110.96,-1.6779,0.5,-10.396695137023926,0.16243258118629456,3.6991829872131348,0.4466995298862457,0.15193602442741394,10.73151969909668,0.4469059109687805,7.65592622756958,0.05,44016,-4.541012742221955,33.92814623052171,262,-1.0515297508553458,-1.4532578504399254,0.49728938563684244,0.6817500947906084,0.2263170152132411,0.0919328899961504,2.56,767.892,12.184,16.598,20788,360.0,0.0,0.0,360.008,34.196,0.095,0.0,0.0,12.443,215.0,1.1008,16.35,0.0502,1.728,0.683,0.224,0.093,10,3
198,BiLevel,12.1,1.0,6.312,13,0.5913,-1754.281,516.367,4970,262,-0.13,33.5,-59.63,59.84,-0.353,0.2631,-7.946547031402588,0.415743350982666,5.953671932220459,1.8344684839248657,0.4099348187446594,6.85198450088501,1.75166654586792,12.612430572509766,2.484555721282959,87.96569061279297,0.1,0.5594189763069153,500000,0.03,28.4,-89.29,96.22,-2.0573,0.5,-10.237756729125977,0.24220161139965057,5.138898849487305,1.8916124105453491,0.17382556200027466,10.731451988220215,0.16205745935440063,23.7434024810791,0.05,44278,-0.12895733864052256,33.49750255920915,262,4.9732933050707775,1.4966812954921467,0.48595291446220373,0.6822224965679689,0.22591379008847012,0.09186371334356112,5.983,1794.758,12.23,18.542,20538,360.0,0.0,0.0,360.192,28.94,0.0803,0.0,0.0,11.775,143.0,1.1471,16.97,0.0577,1.502,0.687,0.217,0.096,10,3
199,BiLevel,11.5,1.2,3.741,15,0.482,-1988.85,615.155,4970,262,-14.6,32.72,-59.96,59.53,-0.4002,0.2738,-7.783631324768066,0.3683429956436157,5.837624549865723,1.732422113418579,0.36913827061653137,6.993017673492432,1.5745861530303955,12.410548210144043,0.7861962914466858,99.36876678466797,0.1,0.5578588843345642,500000,0.72,29.99,-103.16,93.95,-0.9151,0.0,-10.270483016967773,0.1828550398349762,3.752962112426758,0.5143146514892578,0.1693434715270996,10.649511337280273,0.16282713413238525,10.134678840637207,0.05,44540,-14.597241468827654,32.715869039565774,262,-7.976684150962453,-10.784660474250192,0.5280669748071632,0.6816167436285878,0.22661219911816227,0.0917710572532499,-10.852,-3255.638,11.512,15.252,20233,360.0,0.0,0.0,360.0,0.0,0.0,0.0,0.0,0.0,0.0,1.0159,16.62,0.0883,1.38,0.69,0.213,0.097,16,0
200,BiLevel,13.0,1.0,13.903,11,0.602,-2112.846,700.061,4970,262,-9.39,34.39,-59.89,59.6,-0.4251,0.3017,-8.026111602783203,0.33772969245910645,5.924966335296631,1.8314059972763062,0.34411951899528503,7.132228851318359,2.413919687271118,12.663501739501953,2.0803542137145996,77.53817749023438,0.1,0.5562962889671326,500000,-0.07,30.54,-104.4,106.16,-3.7718,0.5,-10.506987571716309,0.16621007025241852,3.5376675128936768,0.308541476726532,0.13766244053840637,10.843038558959961,0.06343613564968109,5.500563621520996,0.05,44802,-9.393049759305713,34.39071556096181,262,-5.8034244462847715,-14.045208554518851,0.522433631123462,0.6836529726450953,0.2249456584653408,0.09140136888956382,-4.069,-1058.005,12.017,25.92,23036,360.0,0.0,0.0,397.092,92.318,0.2325,0.0,0.0,1898.073,4885.0,1.1635,16.22,0.113,1.355,0.688,0.216,0.096,8,3
201,BiLevel,13.4,1.0,8.418,11,0.4471,-1867.104,585.507,4970,262,1.72,33.73,-59.92,59.69,-0.3757,0.278,-7.83479642868042,0.4600946307182312,6.100722312927246,2.0100603103637695,0.4085941016674042,7.143425941467285,1.8121716976165771,12.704391479492188,0.9501480460166931,170.38926696777344,0.1,0.5547410845756531,500000,-0.02,32.5,-96.32,108.9,-2.6233,0.5,-10.728556632995605,0.1612856090068817,3.7884953022003174,0.5656183958053589,0.13938255608081818,11.06064224243164,0.29653143882751465,12.69420051574707,0.05,45064,1.7174331844313973,33.73244915170519,262,2.5392845015776784,-5.187457916454266,0.4887599809897033,0.6848509019255291,0.22393228920272903,0.09121680887174188,2.317,602.31,12.509,20.927,22499,360.0,0.0,0.0,412.062,81.091,0.1968,0.0,0.0,2932.802,6824.0,0.9577,15.98,0.1192,1.383,0.67,0.24,0.09,8,3
202,BiLevel,12.2,1.1,8.116,15,0.4531,-1895.536,571.417,4970,262,-11.72,32.91,-59.96,59.03,-0.3814,0.2556,-8.085616111755371,0.35144007205963135,6.001291275024414,1.9237754344940186,0.36887210607528687,7.56119966506958,1.7987500429153442,12.975542068481445,0.9947744607925415,72.85208129882812,0.1,0.5531976819038391,500000,1.45,30.79,-95.19,101.55,-1.7399,0.0,-10.64256477355957,0.13520662486553192,3.685744047164917,0.4707410931587219,0.13003036379814148,10.920446395874023,0.23573492467403412,14.921640396118164,0.05,45326,-11.724203132442245,32.91248904083977,262,-1.2109715775439613,-7.379091305560188,0.5116422104260424,0.6849486143802956,0.22413973684713115,0.09091164877257318,-4.441,-1332.276,11.908,20.024,22184,360.0,0.0,0.0,360.0,0.0,0.0,0.0,0.0,0.0,0.0,0.7791,16.75,0.0863,1.081,0.665,0.246,0.089,16,0
203,BiLevel,12.4,1.2,4.978,12,0.4993,-2015.025,687.108,4970,262,-11.22,32.35,-59.95,59.53,-0.4054,0.2987,-7.727532386779785,0.4020947217941284,9.567136764526367,5.494759559631348,0.40792590379714966,7.614968299865723,6.141067981719971,12.737677574157715,1.262220025062561,93.68331146240234,0.1,0.551660418510437,500000,5.92,33.88,-100.22,112.27,-1.8138,0.5,-10.87726879119873,0.14236360788345337,3.6327736377716064,0.4234713017940521,0.1265973150730133,11.175954818725586,0.43521010875701904,9.992043495178223,0.05,45588,-11.219442654977472,32.348153199857734,262,-2.9018871978709573,-10.377553249032873,0.4989105745365371,0.685570618743311,0.2235170604162656,0.0909123208404233,-4.246,-1104.026,11.832,16.81,19905,360.0,0.0,0.0,362.615,57.891,0.1596,0.0,0.0,88.408,489.0,0.7805,15.33,0.1555,1.107,0.692,0.212,0.096,9,3
204,BiLevel,12.1,1.4,4.507,13,0.2809,-1924.638,586.998,4969,262,-8.21,33.95,-59.98,59.75,-0.3873,0.2626,-8.06949234008789,0.38696885108947754,6.124706745147705,2.0652661323547363,0.3801831603050232,7.277433395385742,2.090043783187866,12.84580135345459,0.9989931583404541,92.10671997070312,0.1,0.5501208305358887,500000,3.04,31.76,-80.15,99.78,-1.6981,0.5,-10.871840476989746,0.1933501660823822,3.69246506690979,0.4919556677341461,0.13119624555110931,11.26881217956543,0.7003205418586731,6.2590813636779785,0.05,45850,-8.211867415120356,33.94930017282403,262,0.09460111448639337,-1.0059055038188636,0.5115345001083477,0.685843375514821,0.2233684267648932,0.09078819772028587,2.013,603.938,12.106,16.613,21358,360.0,0.0,0.0,360.285,28.002,0.0777,0.0,0.0,13.84,253.0,0.5896,13.16,0.159,1.239,0.628,0.288,0.083,10,3
205,BiLevel,11.7,1.3,6.526,12,0.4115,-1954.389,661.706,4970,262,-8.24,33.56,-59.86,59.8,-0.3932,0.2944,-8.354848861694336,0.36443811655044556,5.939640998840332,1.891847848892212,0.36456912755966187,7.388767242431641,1.9822276830673218,13.125194549560547,1.164925456047058,75.9352798461914,0.1,0.5485855937004089,500000,1.16,31.31,-90.73,106.0,-2.2023,0.5,-10.78393840789795,0.18454493582248688,3.860013484954834,0.6659051179885864,0.1402777135372162,11.167299270629883,0.5217368602752686,14.279873847961426,0.05,46112,-8.242780407737769,33.55815934608943,262,1.757249264026943,-1.5841999055523623,0.5016512442738382,0.6867357017274206,0.2225863052449351,0.09067799302764448,0.503,140.754,11.991,18.516,21429,360.0,0.0,0.0,365.842,68.981,0.1886,0.0,0.0,177.656,843.0,0.4819,5.82,0.1753,1.914,0.625,0.292,0.083,9,3
206,BiLevel,11.5,1.1,4.049,15,0.4526,-1840.53,538.252,4970,262,-8.35,32.23,-59.93,59.28,-0.3703,0.2421,-7.532812595367432,0.39357882738113403,7.225130081176758,3.186161756515503,0.3733900487422943,8.12258529663086,3.844870090484619,12.769521713256836,1.1510038375854492,79.9921646118164,0.1,0.5470547676086426,500000,5.97,31.27,-90.8,97.69,-0.8492,0.0,-10.619423866271973,0.17387822270393372,3.744021415710449,0.5553802251815796,0.13445481657981873,10.977472305297852,0.4691346287727356,10.559530258178711,0.05,46374,-8.34644882533422,32.23328279465877,262,1.273763434510482,-2.9886747715504547,0.47979202827665324,0.6861802113463048,0.22325647392934442,0.09056331472435081,0.027,8.221,11.848,15.897,19630,360.0,0.0,0.0,360.0,0.0,0.0,0.0,0.0,0.0,0.0,0.5918,6.35,0.0678,1.995,0.609,0.31,0.08,15,0
207,BiLevel,13.0,1.1,9.005,11,0.487,-1978.44,658.616,4969,262,-7.15,34.02,-59.87,59.44,-0.3982,0.2953,-7.598825931549072,0.4126705527305603,6.1228742599487305,2.0906012058258057,0.3780926465988159,8.275747299194336,2.6476023197174072,12.925085067749023,0.9644409418106079,111.1661148071289,0.1,0.5455294251441956,500000,7.0,31.65,-81.55,114.46,-2.7396,0.5,-10.57503604888916,0.19977085292339325,5.311399459838867,2.129667043685913,0.14690756797790527,10.985248565673828,0.2569443881511688,19.410587310791016,0.05,46636,-7.151304009317089,34.023249428990745,262,-0.38717428885008154,-9.200091832091934,0.5078422908267797,0.6874307864559345,0.222192925102594,0.09037628844147154,-4.484,-1165.94,12.099,21.104,21776,360.0,0.0,0.0,397.046,80.162,0.2019,0.0,0.0,1959.76,4834.0,0.5772,5.3,0.0675,1.984,0.686,0.223,0.091,8,3
208,BiLevel,13.2,1.0,7.784,11,0.5768,-1863.401,600.292,4970,262,-2.34,34.11,-59.79,59.69,-0.3749,0.2835,-7.723447799682617,0.390676885843277,5.615048885345459,1.5895676612854004,0.401053249835968,7.7416839599609375,1.9023323059082031,12.71446418762207,0.5123100280761719,84.09043884277344,0.1,0.544014573097229,500000,0.87,30.59,-91.43,116.23,-2.5116,0.5,-11.042028427124023,0.18263965845108032,3.5978336334228516,0.42486459016799927,0.15272152423858643,11.415556907653809,0.6330480575561523,7.213152885437012,0.05,46898,-2.335067509467783,34.10554879056962,262,3.6247367645564834,-4.861270570715791,0.49769102695950507,0.6884521881516549,0.22126122383912009,0.09028658800922507,4.778,1242.19,12.266,20.05,21925,360.0,0.0,0.0,401.946,72.609,0.1806,0.0,0.0,2178.206,5520.0,0.5978,5.05,0.0581,1.9,0.687,0.222,0.09,8,3
209,BiLevel,12.0,1.0,4.122,15,0.6811,-1818.655,547.485,4971,262,-8.46,33.68,-59.93,59.52,-0.3659,0.2555,-7.948644638061523,0.3369949758052826,6.513090133666992,2.500916004180908,0.35023602843284607,8.094996452331543,3.0849344730377197,13.019041061401367,0.7429863214492798,73.25303649902344,0.1,0.5425123572349548,500000,2.86,29.34,-93.93,88.03,-1.0358,0.0,-10.718348503112793,0.16970643401145935,3.9095165729522705,0.7418121695518494,0.14599263668060303,11.072633743286133,0.34863147139549255,27.55925941467285,0.05,47160,-8.464845280538254,33.68338512627582,262,4.965193449196063,-3.0918072864609334,0.5069651591043345,0.6878259969918296,0.221899158335493,0.0902748446726774,1.275,382.544,12.005,16.127,20657,360.0,0.0,0.0,360.0,0.0,0.0,0.0,0.0,0.0,0.0,0.7268,5.93,0.0517,1.825,0.688,0.221,0.09,16,0
210,BiLevel,12.3,1.1,3.95,15,0.4926,-1806.537,531.522,4969,262,-6.58,33.04,-59.72,59.59,-0.3636,0.2491,-7.872439861297607,0.3623860478401184,8.191337585449219,4.18817138671875,0.3418940305709839,7.958355903625488,5.404951095581055,12.890073776245117,2.3771438598632812,67.25814819335938,0.1,0.5410093069076538,500000,2.14,29.59,-79.22,97.72,-0.996,0.0,-10.616252899169922,0.1827331781387329,3.7924838066101074,0.6294885873794556,0.1322503238916397,10.993172645568848,0.6880226731300354,21.643356323242188,0.05,47422,-6.5756067151507755,33.04466089840825,262,5.830778133241754,-4.833651722732343,0.49007059644074435,0.6872419196298196,0.22257279224235763,0.09018528812782273,2.153,645.976,12.051,16.001,19527,360.0,0.0,0.0,360.0,0.0,0.0,0.0,0.0,0.0,0.0,0.819,7.05,0.0502,1.789,0.688,0.222,0.09,14,1
211,BiLevel,12.0,1.3,4.774,15,0.5377,-1881.964,555.233,4971,262,-13.09,33.64,-59.99,59.41,-0.3786,0.2506,-7.9862213134765625,0.36899811029434204,5.905767440795898,1.908052682876587,0.37696951627731323,8.54935359954834,2.441157817840576,13.32481861114502,3.8660924434661865,115.75615692138672,0.1,0.5395085215568542,500000,-0.45,30.07,-89.88,90.09,-1.6305,0.0,-10.814409255981445,0.21398450434207916,4.005142688751221,0.8482362627983093,0.17275233566761017,11.248481750488281,0.39467063546180725,35.32603073120117,0.05,47684,-13.087278871850796,33.637801108753386,262,2.0621787798247837,-7.505161373552522,0.5288595516174927,0.6867747755760524,0.22314542560662862,0.09007979881731895,-1.856,-556.671,11.801,16.575,20553,360.0,0.0,0.0,360.0,0.0,0.0,0.0,0.0,0.0,0.0,0.6337,8.01,0.05,1.806,0.687,0.223,0.09,12,3
212,BiLevel,12.4,1.2,5.204,11,0.4959,-2137.893,693.567,4970,262,-15.01,32.06,-59.95,59.08,-0.4302,0.2872,-8.009641647338867,0.3646453022956848,7.174691200256348,3.190620183944702,0.3333902955055237,8.12576961517334,4.325153350830078,13.09843921661377,0.8465251326560974,78.05345153808594,0.1,0.5380066633224487,500000,4.19,29.84,-80.26,102.95,-1.9592,0.5,-10.92451000213623,0.23818078637123108,4.017889022827148,0.8708558082580566,0.16137443482875824,11.408540725708008,0.2518276572227478,15.307313919067383,0.05,47946,-15.008893681215254,32.06388109373315,262,-1.712635405753788,-6.80648148908819,0.5172062170469947,0.6874158265729998,0.2225130709081958,0.09007110251880442,-5.191,-1349.621,11.615,16.819,20464,360.0,0.0,0.0,381.892,86.038,0.2253,0.0,0.0,1100.282,2905.0,1.049,9.2,0.0501,1.757,0.687,0.223,0.09,8,3
213,BiLevel,12.4,1.1,3.831,14,0.5648,-1846.518,555.277,4969,262,-7.02,32.76,-59.95,59.61,-0.3716,0.2544,-7.899693012237549,0.413480669260025,6.452427864074707,2.4775679111480713,0.3337754011154175,8.232413291931152,3.353450059890747,13.126842498779297,1.6627306938171387,92.12979888916016,0.1,0.5365129709243774,500000,0.01,26.92,-90.85,81.25,-0.9427,0.0,-10.940104484558105,0.20547786355018616,5.921622276306152,2.7819888591766357,0.1717311441898346,11.361255645751953,0.36487454175949097,12.456441879272461,0.05,48208,-7.024598273546295,32.76240504050752,262,-5.959815455973149,-5.782170574465081,0.4843871181231999,0.6871352371776752,0.22279927020973173,0.09006549261259314,-1.864,-559.165,12.005,15.836,18749,360.0,0.0,0.0,360.0,0.0,0.0,0.0,0.0,0.0,0.0,0.9329,10.25,0.05,1.756,0.687,0.223,0.09,14,0
214,BiLevel,12.6,1.1,5.577,12,0.3579,-2005.491,714.186,4970,262,-6.15,33.41,-59.88,59.84,-0.4035,0.3146,-7.991213321685791,0.39097511768341064,6.472667694091797,2.5077686309814453,0.3290809094905853,8.424266815185547,3.8109326362609863,13.269981384277344,2.9026072025299072,85.71499633789062,0.1,0.5350252389907837,500000,5.47,29.5,-88.53,113.03,-1.9148,0.5,-11.14329719543457,0.25381243228912354,3.662837505340576,0.528988242149353,0.1639832705259323,11.664661407470703,0.555234432220459,6.978043079376221,0.05,48470,-6.15391160002919,33.40604051082785,262,-0.41903365921033053,-6.130121519063648,0.49357115012605607,0.6878772726577326,0.22214469160152045,0.0899780357407469,-0.436,-113.341,12.112,17.689,21134,360.0,0.0,0.0,366.269,67.455,0.1842,0.0,0.0,245.412,912.0,0.8933,11.27,0.05,1.757,0.687,0.223,0.09,9,3
215,BiLevel,12.2,1.0,3.977,14,0.5246,-1852.863,548.905,4970,262,-5.65,31.79,-59.96,59.74,-0.3728,0.2587,-8.074334144592285,0.3042226731777191,5.805021286010742,1.8475710153579712,0.34273743629455566,7.871767520904541,2.100233793258667,12.871471405029297,0.8470089435577393,71.7752456665039,0.1,0.5335374474525452,500000,-2.24,30.73,-104.48,100.41,-0.9624,0.0,-11.026859283447266,0.22590239346027374,4.817134857177734,1.6880161762237549,0.15409013628959656,11.48802375793457,0.41511645913124084,17.696331024169922,0.05,48732,-5.652160778075037,31.793670295897112,262,0.09921190268115013,-5.8423774764726035,0.4613120531639316,0.6876325866139952,0.22241921121706482,0.08994820216894006,2.487,746.181,11.89,15.868,20121,360.0,0.0,0.0,360.0,0.0,0.0,0.0,0.0,0.0,0.0,0.8216,12.26,0.05,1.76,0.688,0.222,0.09,14,0
216,BiLevel,13.8,1.2,11.989,11,0.5404,-1910.658,591.14,4970,262,-3.45,33.32,-59.78,59.9,-0.3844,0.2766,-8.004752159118652,0.3806687295436859,6.737484931945801,2.7873215675354004,0.35369113087654114,8.450841903686523,3.7170796394348145,13.256040573120117,1.6187198162078857,79.21656799316406,0.1,0.5320707559585571,500000,1.2,33.89,-97.31,91.67,-3.3698,0.5,-11.182750701904297,0.20627623796463013,3.8760759830474854,0.7527249455451965,0.14959535002708435,11.607107162475586,0.1281256526708603,18.5560302734375,0.05,48994,-3.446421088366366,33.31916654294746,262,5.45713309790743,-0.28188917825096554,0.4850483691209112,0.689290173043518,0.22104987906824458,0.08965994788823732,2.342,609.029,12.281,24.27,22477,360.0,0.0,0.0,404.262,85.54,0.2116,0.0,0.0,2461.08,5817.0,0.6417,13.15,0.05,1.782,0.688,0.222,0.09,8,3
217,BiLevel,13.5,1.2,9.161,11,0.491,-1829.43,558.722,4969,262,-5.43,34.52,-59.71,59.58,-0.3682,0.2661,-8.427970886230469,0.2937193810939789,5.887016296386719,1.9389598369598389,0.4204140305519104,7.862321376800537,2.3314805030822754,13.185136795043945,0.6316734552383423,124.53687286376953,0.1,0.5305994749069214,500000,1.48,29.0,-88.31,100.0,-2.7725,0.5,-11.171756744384766,0.20527884364128113,3.453068256378174,0.33776187896728516,0.1393517553806305,11.589080810546875,0.28455767035484314,4.888973712921143,0.05,49256,-5.431697662743579,34.51995240851796,262,3.72664365772354,-6.140625688904211,0.5096692568347829,0.690523246705008,0.22000087359325557,0.08947587970173645,0.026,6.864,12.038,21.199,22851,360.0,0.0,0.0,399.862,71.007,0.1776,0.0,0.0,2014.748,5257.0,0.7041,14.13,0.05,1.776,0.689,0.221,0.09,8,3
218,BiLevel,12.3,1.2,4.234,15,0.4953,-1743.393,502.718,4970,262,-3.17,33.8,-59.92,59.79,-0.3508,0.2445,-8.291913986206055,0.31187599897384644,7.052475929260254,3.1207730770111084,0.3432343602180481,8.866262435913086,5.318617343902588,13.596426010131836,0.7605487108230591,75.21212005615234,0.1,0.5291255712509155,500000,3.56,31.84,-98.25,99.85,-1.0572,0.0,-11.36456298828125,0.1928381770849228,3.7318222522735596,0.6229673027992249,0.1442786306142807,11.757383346557617,0.15504346787929535,13.424915313720703,0.05,49518,-3.1738900133399235,33.79709137763121,262,4.253144680042016,-2.2149731626636107,0.49008100807215305,0.6899809440222147,0.22063965995155183,0.08937939602623353,3.69,1106.935,12.066,16.3,20450,360.0,0.0,0.0,360.0,0.0,0.0,0.0,0.0,0.0,0.0,0.9418,15.19,0.0503,1.723,0.691,0.22,0.089,14,1
219,BiLevel,12.7,1.1,6.392,13,0.5014,-1866.407,581.232,4970,262,-5.85,33.13,-59.97,59.89,-0.3755,0.2664,-8.344680786132812,0.3738812506198883,6.011889457702637,2.0922951698303223,0.32406577467918396,8.639752388000488,3.180813789367676,13.639233589172363,2.002483367919922,86.25210571289062,0.1,0.5276556015014648,500000,-0.18,33.37,-91.66,97.85,-2.0521,0.5,-11.516583442687988,0.1572561413049698,3.5627636909484863,0.4588671624660492,0.12612956762313843,11.840177536010742,0.3021397292613983,5.446067810058594,0.05,49780,-5.851221877758502,33.13040059454518,262,1.805486514066395,1.725083329803065,0.48587328324977613,0.6904445575364105,0.2202761207180203,0.08927932174556913,4.959,1487.585,12.003,18.395,21115,360.0,0.0,0.0,360.0,16.919,0.047,0.0,0.0,4.989,103.0,0.731,16.08,0.0505,1.698,0.691,0.219,0.09,10,3
220,BiLevel,12.5,1.0,4.853,15,0.5759,-1775.618,516.368,4972,262,-2.08,33.27,-59.93,59.72,-0.3571,0.2562,-7.543323993682861,0.39344942569732666,6.345762252807617,2.423612356185913,0.44512680172920227,8.75582218170166,3.5574707984924316,12.938785552978516,0.8072980046272278,138.20989990234375,0.1,0.5261843204498291,500000,1.68,29.9,-94.27,89.21,-1.1706,0.0,-11.430717468261719,0.1580425500869751,4.200948715209961,1.1042454242706299,0.13765770196914673,11.758267402648926,0.0860859751701355,25.988632202148438,0.05,50000,-2.077028473415086,33.26540196595853,262,3.6639485872105544,-0.3072519534512567,0.47977674143680465,0.6899716909742215,0.22083537989722388,0.08919292912855464,5.646,1693.832,12.268,17.121,20613,360.0,0.0,0.0,360.0,0.0,0.0,0.0,0.0,0.0,0.0,0.8357,16.71,0.0566,1.501,0.695,0.213,0.092,16,0
221,BiLevel,12.4,1.1,6.3,14,0.4616,-1788.943,498.02,4970,262,-5.29,33.52,-59.96,59.66,-0.3599,0.2422,-7.901795387268066,0.3442099690437317,6.661502838134766,2.7616443634033203,0.30130189657211304,8.186214447021484,5.134129047393799,12.873540878295898,1.610626220703125,95.30233001708984,0.1,0.5247219800949097,500000,3.41,29.07,-85.68,101.43,-1.4466,0.0,-11.540264129638672,0.1344117373228073,3.5639731884002686,0.47387105226516724,0.1281348466873169,11.819934844970703,0.7440289855003357,9.43062973022461,0.05,50000,-5.292349191113437,33.51617837980871,262,4.066672680487758,0.5460796759316795,0.4906184446757702,0.6900958732445223,0.22086719790343864,0.08903692885203905,2.564,769.07,12.19,18.489,21379,360.0,0.0,0.0,360.0,0.0,0.0,0.0,0.0,0.0,0.0,0.8405,16.77,0.0737,1.259,0.697,0.209,0.094,14,0
222,BiLevel,12.1,1.1,7.476,15,0.4248,-1864.046,554.805,4970,262,-8.82,33.22,-59.88,59.58,-0.3751,0.2598,-8.24107837677002,0.3501937985420227,6.338462829589844,2.4434216022491455,0.34279999136924744,8.400763511657715,3.998687267303467,13.329324722290039,1.7975856065750122,97.96687316894531,0.1,0.5232608914375305,500000,2.17,31.85,-88.69,100.38,-1.7278,0.0,-11.673627853393555,0.12692758440971375,3.542121410369873,0.4569438099861145,0.12436043471097946,11.943391799926758,0.13289549946784973,15.865763664245605,0.05,50000,-8.822615965456896,33.22226911721024,262,0.7321644180013165,-1.446018792139856,0.5008422245130342,0.6900731853743993,0.2211552566121055,0.08877155801349522,-0.09,-26.982,11.984,19.46,21737,360.0,0.0,0.0,360.0,0.0,0.0,0.0,0.0,0.0,0.0,0.6259,16.99,0.074,0.926,0.697,0.209,0.094,14,1
223,BiLevel,12.1,1.2,4.276,14,0.5433,-1828.335,538.189,4970,262,-6.8,32.93,-59.89,59.53,-0.3679,0.2552,-7.8406267166137695,0.33194732666015625,6.924419403076172,3.041248083114624,0.30545055866241455,9.278959274291992,4.916872501373291,13.329924583435059,0.5104620456695557,58.853240966796875,0.1,0.5217999219894409,500000,-1.84,29.39,-96.46,103.12,-1.0966,0.0,-11.711816787719727,0.20582729578018188,3.7633447647094727,0.6845306158065796,0.12962721288204193,12.133255958557129,0.4152202904224396,8.558547973632812,0.05,50000,-6.804371499503312,32.93232177656531,262,3.449296935726153,-2.0578565683804064,0.48605544575199777,0.6898641675516847,0.22139441762312098,0.0887414148251942,2.473,741.821,11.912,16.188,20257,360.0,0.0,0.0,360.0,0.0,0.0,0.0,0.0,0.0,0.0,0.5648,13.76,0.1806,1.133,0.698,0.208,0.094,13,1
224,BiLevel,11.8,1.2,3.974,15,0.5125,-1803.515,540.132,4971,262,-4.61,32.42,-59.95,59.15,-0.3628,0.26,-8.2489013671875,0.30586549639701843,5.470366477966309,1.592876672744751,0.3313753008842468,8.203615188598633,1.8084325790405273,13.116495132446289,0.6155649423599243,72.75330352783203,0.1,0.520351767539978,500000,2.81,31.42,-73.35,111.89,-0.9106,0.0,-11.797045707702637,0.2441539466381073,3.6531739234924316,0.5777533650398254,0.1698121279478073,12.295747756958008,0.39884138107299805,11.985814094543457,0.05,50000,-4.605040580395469,32.41516385520534,262,1.5755605010609879,-1.9725842457068599,0.47155918745832476,0.6892868816403379,0.22204533787427225,0.08866778048538995,1.725,517.354,12.034,16.008,20434,360.0,0.0,0.0,360.0,0.0,0.0,0.0,0.0,0.0,0.0,0.5952,8.06,0.2158,1.712,0.606,0.316,0.078,14,1
225,BiLevel,12.8,1.1,6.575,12,0.6003,-1958.806,703.355,4970,262,-0.47,33.41,-59.76,59.62,-0.3941,0.3226,-8.300457000732422,0.30931535363197327,6.302681922912598,2.4333724975585938,0.33745837211608887,8.420257568359375,3.281342029571533,13.279857635498047,1.6255462169647217,70.92408752441406,0.1,0.5189042091369629,500000,-0.1,31.1,-99.62,102.93,-2.327,0.5,-12.31627082824707,0.21747691929340363,5.654811859130859,2.5841917991638184,0.17110660672187805,12.759353637695312,0.7654991745948792,30.923120498657227,0.05,50000,-0.46921547045050493,33.41331480129366,262,2.8173693354192535,0.7768749615275542,0.4812632952666352,0.6900748239288673,0.22127476445183777,0.0886504116192949,4.458,1159.052,12.483,19.059,20950,360.0,0.0,0.0,371.75,68.603,0.1845,0.0,0.0,537.889,1657.0,0.743,5.75,0.1339,2.078,0.57,0.357,0.073,9,3
226,BiLevel,12.6,1.1,4.492,15,0.5432,-1725.884,483.833,4970,262,0.04,33.65,-59.89,59.87,-0.3473,0.2375,-8.421031951904297,0.34842273592948914,5.178041458129883,1.3215357065200806,0.32399439811706543,8.504070281982422,1.954862356185913,13.493010520935059,0.8033025860786438,86.53093719482422,0.1,0.5174616575241089,500000,2.06,32.3,-88.6,109.76,-1.0757,0.0,-11.723282814025879,0.2120543271303177,3.691798210144043,0.6293783783912659,0.16576646268367767,12.154666900634766,0.7843775749206543,8.048116683959961,0.05,50000,0.038002757335332794,33.64997628552083,262,10.873413072840162,-0.6130290073783776,0.4852371710615823,0.689566581667425,0.2218646229852382,0.0885687953473368,6.489,2076.476,12.401,16.893,20219,360.0,0.0,0.0,360.0,0.0,0.0,0.0,0.0,0.0,0.0,0.9526,6.81,0.0862,2.181,0.655,0.261,0.084,14,1
227,BiLevel,12.2,1.1,6.113,15,0.5395,-1845.824,542.493,4970,262,-1.66,33.12,-59.81,59.8,-0.3714,0.2615,-8.232392311096191,0.29100900888442993,6.104274272918701,2.2537941932678223,0.3642982244491577,8.471964836120605,4.730290412902832,13.166718482971191,0.7695318460464478,86.0821533203125,0.1,0.5160235166549683,500000,-2.14,30.35,-99.85,99.54,-1.9072,0.0,-11.684370994567871,0.1932649463415146,3.4293768405914307,0.37029826641082764,0.16060568392276764,12.085441589355469,0.1792837679386139,8.40339183807373,0.05,50000,-1.6582838177186263,33.12143446610373,262,9.479529431383863,-0.532724104429546,0.4765361716347282,0.6893053744576129,0.22227756864237921,0.08841705690000787,6.443,1933.017,12.187,18.3,21037,360.0,0.0,0.0,360.0,0.0,0.0,0.0,0.0,0.0,0.0,0.7047,6.35,0.0649,2.19,0.69,0.222,0.089,12,3
228,BiLevel,12.2,1.3,3.748,15,0.4619,-1787.653,520.605,4970,262,-2.37,33.27,-59.91,59.69,-0.3597,0.2564,-8.620841979980469,0.374152809381485,5.578503608703613,1.7424736022949219,0.31321001052856445,8.927255630493164,3.1126108169555664,13.927509307861328,0.7358558177947998,75.22022247314453,0.1,0.5145927667617798,500000,-3.3,26.86,-95.85,82.97,-0.8977,0.0,-11.700359344482422,0.2236131727695465,3.656830072402954,0.6040040254592896,0.16361282765865326,12.15891170501709,0.9443793892860413,19.714372634887695,0.05,50000,-2.3703955896105056,33.26796688453564,262,7.843943020466126,1.0783397356146256,0.48062747209432843,0.6887183577280437,0.22294894904564683,0.0883326932263096,4.241,1272.297,12.108,15.856,19159,360.0,0.0,0.0,360.0,0.0,0.0,0.0,0.0,0.0,0.0,0.7086,7.17,0.0536,2.172,0.689,0.222,0.088,15,0
229,BiLevel,12.7,1.2,8.347,14,0.4109,-1765.884,507.32,4970,262,-6.0,33.15,-59.88,59.5,-0.3553,0.2456,-7.552638530731201,0.30002760887145996,5.811517238616943,1.9825338125228882,0.3280225396156311,9.536993980407715,4.351587772369385,13.04547119140625,1.1957515478134155,91.4189453125,0.1,0.5131722688674927,500000,0.48,31.09,-113.84,111.38,-2.3808,0.5,-11.916804313659668,0.18968966603279114,3.4645302295684814,0.4196131229400635,0.14263607561588287,12.306015014648438,0.2010609656572342,10.98116397857666,0.05,50000,-6.0023210769927715,33.15139584319185,262,6.199375563428591,-3.0017271628505307,0.4868597967253883,0.6891670022950498,0.22275831972631102,0.08807467797863917,3.332,999.534,11.994,20.341,20942,360.0,0.0,0.0,360.0,3.009,0.0084,0.0,0.0,0.286,41.0,0.7643,8.27,0.0515,2.171,0.689,0.223,0.088,11,3
230,BiLevel,12.4,1.1,3.742,13,0.6265,-1832.728,538.801,4970,262,-4.81,33.88,-59.96,59.82,-0.3688,0.2584,-8.237442016601562,0.3131943941116333,5.588099002838135,1.7633857727050781,0.37661343812942505,8.801733016967773,2.955148696899414,13.337777137756348,0.8195875883102417,110.27081298828125,0.1,0.511753261089325,500000,-0.12,29.55,-89.88,96.58,-1.5406,0.5,-11.884592056274414,0.1430605798959732,3.538945436477661,0.5010848045349121,0.12989884614944458,12.178803443908691,0.3903292417526245,10.893962860107422,0.05,50000,-4.812051792008806,33.879335699261034,262,1.9296879450741564,-3.840280497387836,0.49430345607922643,0.6891872003720365,0.22266455524720077,0.08814824438076257,2.429,728.843,12.069,15.81,20479,360.0,0.0,0.0,360.731,41.411,0.1148,0.0,0.0,18.13,288.0,0.5945,9.12,0.0511,2.172,0.689,0.223,0.088,10,3
231,BiLevel,13.3,1.1,8.775,11,0.4621,-1928.381,604.681,4970,262,-8.07,35.23,-59.9,59.64,-0.388,0.2766,-8.281697273254395,0.3961317837238312,5.8125457763671875,1.9968383312225342,0.3725701570510864,8.6962251663208,3.078512191772461,13.489507675170898,0.9246984124183655,151.43023681640625,0.1,0.5103381872177124,500000,0.58,31.17,-100.54,96.3,-2.6879,0.5,-12.259912490844727,0.1362883746623993,3.9561805725097656,0.922254741191864,0.1378476619720459,12.543618202209473,0.11103810369968414,13.33642864227295,0.05,50000,-8.065149531395397,35.22902881856301,262,4.685327510770999,-7.715343106263562,0.5299355795373886,0.6903359648367655,0.22168371335373616,0.08798032180949834,-0.431,-111.965,12.221,20.995,21931,360.0,0.0,0.0,397.531,73.637,0.1852,0.0,0.0,2012.958,4941.0,0.7312,10.31,0.0501,2.186,0.689,0.223,0.088,8,3
232,BiLevel,12.7,1.4,6.27,15,0.4098,-1712.783,480.811,4970,262,-0.8,33.45,-59.83,59.6,-0.3446,0.2402,-8.075590133666992,0.3268553912639618,5.636378288269043,1.8267616033554077,0.38763126730918884,9.568321228027344,2.9243545532226562,13.583962440490723,0.8205739259719849,95.47793579101562,0.1,0.5089213252067566,500000,1.43,30.33,-89.36,104.8,-1.6114,0.0,-12.173133850097656,0.1626487672328949,3.8449912071228027,0.8146759271621704,0.16426090896129608,12.50867748260498,0.16329684853553772,26.450803756713867,0.05,50000,-0.8000204606022933,33.45107831555042,262,4.852889002153748,0.9045505133114362,0.4820526401730879,0.690139607063022,0.22209049728047744,0.08776989565650059,6.754,2026.28,12.322,18.592,21029,360.0,0.0,0.0,360.0,0.0,0.0,0.0,0.0,0.0,0.0,0.9491,11.57,0.0506,2.175,0.69,0.222,0.088,13,2
233,BiLevel,12.3,1.1,7.642,15,0.5499,-1762.883,510.413,4970,262,-1.09,33.65,-59.95,59.84,-0.3547,0.2475,-8.129764556884766,0.3458847105503082,6.657656192779541,2.861393690109253,0.33068692684173584,9.178515434265137,5.670720100402832,13.45667839050293,0.8171024918556213,93.53509521484375,0.1,0.5075140595436096,500000,1.17,33.57,-106.82,92.44,-1.932,0.0,-11.90072250366211,0.18815460801124573,3.6372928619384766,0.6124597191810608,0.14193521440029144,12.28506088256836,0.6447775959968567,20.653785705566406,0.05,50000,-1.093607781100381,33.653078497950936,262,9.657206654470219,0.2807000266878223,0.48451885367113917,0.6901006996195572,0.22233475962137103,0.08756454075907179,5.697,1709.202,12.177,19.819,21216,360.0,0.0,0.0,360.0,0.0,0.0,0.0,0.0,0.0,0.0,0.8996,12.59,0.0514,2.143,0.69,0.222,0.088,13,2
234,BiLevel,12.4,1.1,4.942,15,0.5553,-1746.026,506.044,4971,262,0.12,33.65,-59.65,59.85,-0.3512,0.2568,-8.441286087036133,0.29452621936798096,5.469209671020508,1.6807912588119507,0.3382362425327301,9.015153884887695,2.4517126083374023,13.575725555419922,0.8992811441421509,85.83150482177734,0.1,0.5061045289039612,500000,-1.69,30.06,-110.03,110.16,-1.6693,0.0,-11.704524993896484,0.23123160004615784,5.1942362785339355,2.1770823001861572,0.1372547298669815,12.174125671386719,0.1939525306224823,11.671308517456055,0.05,50000,0.11567192240122626,33.64657185933729,262,10.303630343157995,2.9878619394804296,0.4846023135900677,0.6896632548902544,0.22286175823869217,0.08747498687105354,8.784,2635.345,12.367,17.309,20256,360.0,0.0,0.0,360.0,0.0,0.0,0.0,0.0,0.0,0.0,0.9013,13.36,0.0534,2.059,0.69,0.222,0.088,12,3
235,BiLevel,12.8,1.0,5.849,12,0.5044,-2019.769,648.911,4970,262,-3.84,34.23,-59.98,59.67,-0.4064,0.2864,-8.008370399475098,0.3544284701347351,5.345096588134766,1.5645315647125244,0.35143405199050903,9.787588119506836,1.7145432233810425,13.641200065612793,1.0305336713790894,99.07207489013672,0.1,0.5046995878219604,500000,-3.17,30.82,-103.95,97.29,-2.0111,0.5,-11.749256134033203,0.24723023176193237,3.601658821105957,0.5896271467208862,0.18297255039215088,12.249601364135742,0.5520040392875671,15.01877498626709,0.05,50000,-3.838145579750719,34.22808658824622,262,8.57351253981653,2.884830116284521,0.5006701630701138,0.6903584465452788,0.2221908939172132,0.08745065953750798,5.841,1752.222,12.15,17.999,20479,360.0,0.0,0.0,368.815,80.185,0.2174,0.0,0.0,269.034,1213.0,1.2011,13.82,0.058,1.936,0.69,0.223,0.087,9,3
236,BiLevel,12.5,1.1,3.633,15,0.5423,-1739.464,482.423,4970,262,5.25,33.58,-59.67,59.84,-0.35,0.2384,-8.325979232788086,0.33852419257164,5.639876365661621,1.8727794885635376,0.3165118992328644,9.027633666992188,3.909822463989258,13.537388801574707,0.9491457343101501,97.01806640625,0.1,0.503299355506897,500000,1.53,30.16,-92.58,109.35,-0.8948,0.0,-12.093324661254883,0.2593502402305603,3.8852734565734863,0.8774322271347046,0.22210198640823364,12.622178077697754,1.0032459497451782,19.789756774902344,0.05,50000,5.247371457680551,33.575430311213154,262,11.953599587631853,10.333113391942494,0.4878118349713043,0.6897340190290663,0.22285560203950835,0.08741037893142534,11.586,3707.51,12.661,16.295,19206,360.0,0.0,0.0,360.0,0.0,0.0,0.0,0.0,0.0,0.0,1.1231,14.63,0.054,1.819,0.69,0.222,0.087,16,0
237,BiLevel,12.2,1.1,7.488,15,0.6281,-1737.444,494.379,4970,262,-0.19,34.42,-59.89,59.8,-0.3496,0.2455,-8.728331565856934,0.31472671031951904,5.343252182006836,1.5858622789382935,0.30908674001693726,9.067375183105469,2.1605429649353027,13.897016525268555,1.213274359703064,107.17581939697266,0.1,0.5019016861915588,500000,-2.17,32.35,-95.66,97.57,-1.9199,0.0,-12.10041618347168,0.24883215129375458,3.724719524383545,0.7209821939468384,0.2703915536403656,12.609086036682129,0.3525027334690094,25.490615844726562,0.05,50000,-0.19433202615168912,34.419236547005596,262,10.055990144257482,6.469832593124164,0.49945972983199793,0.6896497193051583,0.2231016664807336,0.08724861421410816,9.748,2924.325,12.314,19.802,20666,360.0,0.0,0.0,360.0,0.0,0.0,0.0,0.0,0.0,0.0,1.0493,15.56,0.0517,1.735,0.69,0.223,0.087,13,2
238,BiLevel,12.7,1.1,7.284,15,0.5841,-1726.155,499.131,4970,262,5.31,32.61,-59.9,59.71,-0.3473,0.2528,-8.407659530639648,0.35398223996162415,5.931809425354004,2.182229995727539,0.3277357518672943,9.441437721252441,4.8985419273376465,13.830864906311035,0.7045979499816895,91.34813690185547,0.1,0.5005061030387878,500000,0.17,31.47,-108.06,86.5,-1.7144,0.0,-12.386009216308594,0.25588834285736084,3.7367730140686035,0.7385852932929993,0.2180454432964325,12.913473129272461,0.7813244462013245,22.2077579498291,0.05,50000,5.314267637022964,32.60569978565971,262,12.742088990109533,10.867324910665811,0.47318663462943666,0.6895504389767352,0.2233719938248591,0.08707756719840559,12.761,3828.238,12.708,19.992,20306,360.0,0.0,0.0,360.0,0.0,0.0,0.0,0.0,0.0,0.0,1.0066,16.07,0.0576,1.55,0.692,0.219,0.089,14,1
239,BiLevel,12.3,1.1,4.384,15,0.3583,-1765.565,508.222,4969,262,-0.11,33.62,-59.91,59.85,-0.3553,0.2527,-8.675222396850586,0.33363744616508484,6.10399055480957,2.3628764152526855,0.32158195972442627,9.505661010742188,4.707920551300049,14.064579010009766,1.7903648614883423,73.2782211303711,0.1,0.4991185665130615,500000,-1.14,31.88,-93.0,80.94,-1.0093,0.0,-12.006075859069824,0.16216188669204712,3.2789762020111084,0.2873142659664154,0.17501531541347504,12.341583251953125,0.7952163219451904,16.250303268432617,0.05,50000,-0.11285035557704544,33.622429325876226,262,7.1553921727365575,3.1486588176535935,0.48668417270357955,0.6891022163642941,0.22396854986249853,0.0869292337732072,5.089,1526.85,12.326,16.71,20065,360.0,0.0,0.0,360.0,0.0,0.0,0.0,0.0,0.0,0.0,0.8392,16.81,0.0558,1.355,0.694,0.216,0.09,16,0
240,BiLevel,12.1,1.2,10.122,15,0.4862,-1824.139,543.659,4970,262,-3.52,34.27,-59.98,59.7,-0.367,0.2586,-8.313837051391602,0.27805763483047485,5.408694744110107,1.6765953302383423,0.3214882016181946,9.200096130371094,3.8050460815429688,13.433636665344238,0.6270008683204651,84.88186645507812,0.1,0.49773579835891724,500000,-3.56,33.36,-114.52,98.9,-2.4441,0.0,-12.277474403381348,0.18419264256954193,3.542407274246216,0.5542417764663696,0.1995987445116043,12.65534782409668,0.1920153945684433,18.696706771850586,0.05,50000,-3.5171913632662064,34.27198633484665,262,6.664965513505434,0.8333051615639736,0.4995989435245762,0.6894500610715961,0.2239461734736583,0.08660376545474567,3.214,964.177,12.232,22.355,21252,360.0,0.0,0.0,360.0,0.0,0.0,0.0,0.0,0.0,0.0,0.6462,17.21,0.062,1.091,0.696,0.212,0.092,13,2
241,BiLevel,12.5,1.1,3.828,15,0.4228,-1783.662,503.561,4969,262,2.38,33.42,-59.74,59.8,-0.359,0.2481,-8.996467590332031,0.27590277791023254,5.398408889770508,1.6806862354278564,0.26782357692718506,9.11872386932373,3.6951310634613037,14.062134742736816,1.3874093294143677,49.24505615234375,0.1,0.49635812640190125,500000,1.97,32.25,-92.58,103.92,-0.9642,0.0,-12.505970001220703,0.1905476450920105,3.4644615650177,0.48261603713035583,0.158946692943573,12.894975662231445,0.16713915765285492,9.13755989074707,0.05,50000,2.3770098029492464,33.4205248932477,262,9.761640793712516,3.0595559412711544,0.4831318821019038,0.6889024017868784,0.22458980722387092,0.08650779098925063,9.189,2756.839,12.567,16.396,20572,360.0,0.0,0.0,360.0,0.0,0.0,0.0,0.0,0.0,0.0,0.5316,15.47,0.124,1.08,0.698,0.209,0.093,14,1
242,BiLevel,12.2,1.0,3.714,15,0.5881,-1790.116,530.855,4970,262,2.4,33.4,-59.69,59.71,-0.3602,0.264,-8.228057861328125,0.30447784066200256,5.49288272857666,1.7772071361541748,0.3438529372215271,10.219413757324219,4.055578708648682,13.880325317382812,0.7060433626174927,102.9909896850586,0.09947587549686432,0.49497681856155396,500000,1.92,30.69,-102.88,102.11,-0.9413,0.0,-12.371810913085938,0.17979489266872406,3.5232491493225098,0.5473777055740356,0.1485113501548767,12.741825103759766,0.5421627759933472,19.16069984436035,0.05,50000,2.403481496195918,33.39507081835043,262,11.7538897123776,5.547503814258073,0.4785398789065228,0.6882882825367276,0.22522427828355912,0.08648743917971327,10.007,3202.233,12.47,16.184,18499,360.0,0.0,0.0,360.0,0.0,0.0,0.0,0.0,0.0,0.0,0.4256,10.8,0.1576,1.408,0.664,0.252,0.083,14,1
243,BiLevel,12.1,1.1,4.041,13,0.4475,-1828.776,534.327,4971,262,2.59,34.3,-59.81,59.56,-0.3679,0.2506,-8.143976211547852,0.3320431411266327,5.031099319458008,1.3261886835098267,0.3146970570087433,9.723800659179688,2.674682855606079,13.600850105285645,1.4870985746383667,90.09087371826172,0.09856131672859192,0.4936031401157379,500000,-2.9,32.33,-106.48,84.9,-1.6572,0.5,-12.336912155151367,0.1946745067834854,6.84532356262207,3.8740234375,0.16426779329776764,12.736316680908203,0.4964839816093445,13.71916675567627,0.05,50000,2.585934296605561,34.3027591401118,262,10.836193319214017,4.644351943543082,0.4963041980825028,0.6884108802589552,0.22511431535226695,0.08647480438877767,8.486,2545.655,12.488,16.529,19365,360.0,0.0,0.0,362.45,48.362,0.1334,0.0,0.0,48.683,388.0,0.3895,3.52,0.1206,1.741,0.629,0.292,0.079,10,3
244,BiLevel,12.4,1.0,5.433,13,0.5801,-1773.893,511.989,4971,262,-2.06,35.05,-59.96,59.98,-0.3568,0.2476,-8.570611953735352,0.3079870343208313,5.298958778381348,1.602252721786499,0.3177005350589752,10.203338623046875,2.792783260345459,14.186582565307617,1.6595962047576904,95.45233917236328,0.0976559966802597,0.49223682284355164,500000,4.04,30.02,-107.61,114.13,-1.9057,0.5,-12.636817932128906,0.2145216464996338,3.586560010910034,0.6189793348312378,0.16848641633987427,13.0768461227417,0.16252072155475616,20.758520126342773,0.05,50000,-2.0552660242510683,35.0510915023415,262,10.143239794122545,4.3519640009654195,0.5092814770762271,0.6886919809059087,0.2248454679382348,0.08646255115585645,7.971,2391.245,12.3,17.733,21368,360.0,0.0,0.0,361.385,40.368,0.1117,0.0,0.0,34.21,263.0,0.3992,3.07,0.0566,1.72,0.667,0.249,0.084,10,3
245,BiLevel,12.3,1.1,5.54,15,0.5299,-1768.411,515.207,4971,262,-3.89,34.02,-59.82,59.85,-0.3557,0.2529,-8.253445625305176,0.3097754120826721,5.390576362609863,1.700850248336792,0.3326191306114197,9.99242877960205,4.198051929473877,13.745077133178711,0.5677982568740845,92.12977600097656,0.09674736857414246,0.49087536334991455,500000,-2.96,27.59,-96.45,85.31,-1.7879,0.0,-13.177022933959961,0.20750920474529266,3.671293020248413,0.7074984908103943,0.1750263273715973,13.605422973632812,0.33321040868759155,17.156816482543945,0.05,50000,-3.886205390839495,34.01953551241089,262,6.57394546364483,1.5357525042797389,0.49569161615862617,0.6883647469031251,0.22529049253671984,0.08634476056015501,5.41,1623.091,12.268,17.808,20963,360.0,0.0,0.0,360.0,0.0,0.0,0.0,0.0,0.0,0.0,0.4203,3.93,0.0505,1.774,0.689,0.225,0.086,12,3
246,BiLevel,13.5,1.1,13.295,11,0.5604,-2096.408,690.0,4970,262,-7.58,34.88,-59.91,59.96,-0.4218,0.3039,-8.166708946228027,0.3350951671600342,5.928386688232422,2.251664876937866,0.2838168442249298,10.482537269592285,7.323923110961914,13.949302673339844,0.6956071257591248,62.8421745300293,0.09584756195545197,0.48950663208961487,500000,0.12,29.51,-110.98,91.74,-3.651,0.5,-13.344603538513184,0.2468864619731903,5.701537132263184,2.743738889694214,0.18477946519851685,13.84859848022461,0.5464615821838379,18.07150650024414,0.05,50000,-7.577651204646263,34.88361365441485,262,5.363563486463145,-4.259674742347316,0.5256671845899801,0.690097454982168,0.2238510253939337,0.08605151962389826,0.544,141.398,12.05,25.344,23547,360.0,0.0,0.0,399.469,94.305,0.2361,0.0,0.0,2114.611,5212.0,1.0531,5.27,0.0513,1.691,0.688,0.225,0.086,8,3
247,BiLevel,12.9,1.4,5.248,15,0.4698,-1743.991,504.773,4970,262,1.61,34.22,-59.84,59.6,-0.3509,0.2495,-8.828598976135254,0.32085853815078735,5.276444435119629,1.605513334274292,0.30562445521354675,10.201618194580078,3.3529958724975586,14.45363998413086,1.0042392015457153,74.8163833618164,0.09496910125017166,0.4881516993045807,500000,-1.41,28.42,-92.72,83.66,-1.2078,0.0,-12.664566040039062,0.20975011587142944,3.6065046787261963,0.6530138254165649,0.1268097311258316,13.09387493133545,0.5895328521728516,13.296780586242676,0.05,50000,1.609537958260438,34.21781856768919,262,9.63379937927974,7.02570601576253,0.49574606740612764,0.6897425624051001,0.22433547717697286,0.08592196041792685,12.04,3612.124,12.456,17.704,20608,360.0,0.0,0.0,360.0,0.0,0.0,0.0,0.0,0.0,0.0,0.9601,6.37,0.0507,1.659,0.69,0.224,0.086,15,0
248,BiLevel,12.5,1.1,5.251,15,0.4496,-1679.975,459.704,4970,262,7.39,34.06,-59.61,59.64,-0.338,0.2404,-8.240321159362793,0.31386932730674744,5.249577522277832,1.5885889530181885,0.30026257038116455,10.603914260864258,4.417742729187012,14.012298583984375,1.4620246887207031,107.00212097167969,0.09409536421298981,0.4867967963218689,500000,-1.01,30.32,-100.4,89.85,-1.7073,0.0,-12.5640230178833,0.18130670487880707,3.3386545181274414,0.3882027566432953,0.1479835957288742,12.93437671661377,0.10725831240415573,11.80544662475586,0.05,50000,7.386267061508308,34.05652111088433,262,15.433874565206077,13.47705495482997,0.5041913910384096,0.689396790382107,0.22481864481819433,0.08578456479969876,15.41,5239.565,12.99,18.242,21750,360.0,0.0,0.0,360.0,0.0,0.0,0.0,0.0,0.0,0.0,1.0314,7.46,0.0504,1.635,0.69,0.224,0.086,12,3
249,BiLevel,13.4,1.0,12.746,11,0.4406,-1934.827,600.055,4971,262,-3.77,36.14,-59.83,59.61,-0.3892,0.2841,-8.489532470703125,0.2702648937702179,5.426639080047607,1.7748010158538818,0.29873350262641907,10.143355369567871,3.720168113708496,13.937302589416504,0.9171440601348877,69.3384780883789,0.09319984912872314,0.4854529798030853,500000,5.06,32.5,-90.87,111.88,-3.5083,0.5,-12.919764518737793,0.21504467725753784,5.0218915939331055,2.0776758193969727,0.15045860409736633,13.361178398132324,0.29285722970962524,8.017086029052734,0.05,50000,-3.7683297989594338,36.14376190960908,262,7.36751432952128,-1.713023567199707,0.5342503900585648,0.6910745772394955,0.22345784848788033,0.08546757427262423,-0.867,-225.441,12.471,25.217,22732,360.0,0.0,0.0,405.673,76.803,0.1893,0.0,0.0,2451.698,5995.0,1.0456,8.49,0.0504,1.608,0.689,0.225,0.086,8,3
250,BiLevel,13.1,1.2,5.199,12,0.5757,-1934.265,677.25,4970,262,3.73,34.43,-59.58,59.83,-0.3892,0.3142,-8.614089012145996,0.36356109380722046,5.1223063468933105,1.483243465423584,0.2688179314136505,10.207185745239258,4.579266548156738,14.266036987304688,1.4498034715652466,94.38604736328125,0.09234254062175751,0.4841080605983734,500000,3.44,34.73,-101.52,108.09,-1.8958,0.5,-13.330793380737305,0.14487531781196594,3.7540526390075684,0.8149275779724121,0.12193010002374649,13.630216598510742,0.30376434326171875,25.777137756347656,0.05,50000,3.7283191477606294,34.426483824019954,262,5.953256360794368,0.5715588246521199,0.5031966828746515,0.691630833976371,0.22286378639319998,0.08550537963042884,9.175,2385.404,12.831,18.03,21509,360.0,0.0,0.0,382.123,74.593,0.1952,0.0,0.0,952.901,2941.0,1.0237,9.52,0.0501,1.599,0.691,0.223,0.085,9,3
251,BiLevel,13.7,1.1,8.952,11,0.5199,-2047.537,670.942,4970,262,-7.36,35.55,-59.88,59.23,-0.412,0.2975,-8.53003215789795,0.3822648525238037,4.971611022949219,1.339897632598877,0.28829407691955566,10.598444938659668,5.15549898147583,14.40456485748291,0.9688207507133484,74.97704315185547,0.0914774239063263,0.4827769100666046,500000,1.06,31.29,-103.45,110.33,-2.7429,0.5,-13.318693161010742,0.1538723111152649,3.430990695953369,0.4942144453525543,0.1574421226978302,13.63503646850586,0.19249378144741058,10.827507019042969,0.05,50000,-7.363729322953543,35.553448057871904,262,4.408867666282152,-4.265974803033629,0.533868618460262,0.6927325770540164,0.22189510901948659,0.08537231392649698,-3.043,-791.056,12.265,21.216,22382,360.0,0.0,0.0,399.065,85.388,0.214,0.0,0.0,2049.962,5124.0,1.2113,10.58,0.05,1.593,0.692,0.223,0.086,8,3
252,BiLevel,12.6,1.1,5.953,14,0.3414,-1684.715,465.037,4971,262,5.13,33.58,-59.59,59.6,-0.3389,0.2379,-9.024401664733887,0.3375279903411865,5.63835334777832,2.013246536254883,0.3136136829853058,10.468649864196777,9.616318702697754,14.742341995239258,2.6363024711608887,77.33851623535156,0.09064622968435287,0.4814421236515045,500000,1.1,31.61,-97.16,109.48,-1.8693,0.5,-13.726423263549805,0.18329142034053802,3.979210138320923,1.0442240238189697,0.19052362442016602,14.104754447937012,0.7790912389755249,41.739898681640625,0.05,50000,5.131824955821946,33.581809249052824,262,13.79873007849643,4.074656430043673,0.4897922765501337,0.692827642496983,0.22196826241679882,0.08520409508621826,14.097,4229.063,12.707,18.661,21419,360.0,0.0,0.0,360.0,16.803,0.0467,0.0,0.0,3.187,129.0,1.2201,11.62,0.05,1.589,0.693,0.222,0.085,11,3
253,BiLevel,12.3,1.2,5.126,15,0.4491,-1770.882,516.648,4971,262,-6.81,35.68,-59.87,59.28,-0.3562,0.2478,-8.671812057495117,0.3163195252418518,5.1855621337890625,1.571243405342102,0.2957639992237091,10.955155372619629,4.605617523193359,14.5475492477417,1.7806899547576904,90.28713989257812,0.0898425281047821,0.4801035225391388,500000,2.26,30.74,-104.16,105.36,-1.6797,0.0,-13.528471946716309,0.15925802290439606,3.645319938659668,0.7162197232246399,0.1580522656440735,13.859671592712402,0.15220758318901062,34.55149459838867,0.05,50000,-6.814545649117497,35.682765032576135,262,5.200593921542168,0.6357922701459187,0.5329881005606948,0.6924545025336319,0.22247027596107594,0.08507522150529212,2.481,744.436,12.122,17.248,20105,360.0,0.0,0.0,360.0,0.0,0.0,0.0,0.0,0.0,0.0,1.0042,12.62,0.05,1.591,0.693,0.222,0.085,12,3
254,BiLevel,13.9,1.1,12.021,11,0.5099,-1943.938,629.588,4970,262,-2.5,36.35,-59.63,59.58,-0.3911,0.2906,-8.65982437133789,0.32081449031829834,5.116422176361084,1.5096534490585327,0.30542388558387756,10.349178314208984,4.032210350036621,14.25068187713623,1.2705973386764526,107.77156066894531,0.08904096484184265,0.4787740111351013,500000,2.21,30.44,-91.05,100.17,-3.3782,0.5,-13.570903778076172,0.15440452098846436,5.047870635986328,2.1243033409118652,0.13790765404701233,13.885895729064941,0.5004445910453796,37.45331573486328,0.05,50000,-2.5010999845044775,36.35266818473765,262,2.3421264123759773,-4.691594014042302,0.5349536470579169,0.6939792139139246,0.22119917620083743,0.08482160988523808,1.968,511.735,12.504,24.525,22522,360.0,0.0,0.0,409.838,90.802,0.2216,0.0,0.0,2780.183,6592.0,0.9704,13.6,0.05,1.592,0.692,0.222,0.085,8,3
255,BiLevel,12.9,1.2,5.859,15,0.5477,-1624.166,431.198,4970,262,8.94,33.02,-59.56,59.73,-0.3268,0.233,-8.820308685302734,0.30899572372436523,5.148989677429199,1.5519098043441772,0.2908974885940552,11.147740364074707,5.9770307540893555,14.750635147094727,1.1805813312530518,125.57808685302734,0.0882718488574028,0.4774600565433502,500000,4.78,29.81,-94.75,98.77,-1.8569,0.0,-13.81536865234375,0.14434418082237244,3.8952269554138184,0.9757156372070312,0.14137786626815796,14.113563537597656,0.6874321103096008,32.69313049316406,0.05,50000,8.943286310527586,33.02187302047953,262,14.306893797140372,9.752490209043026,0.49478529754198075,0.6936739079826391,0.22161865671278574,0.08470743530457525,14.512,4643.812,12.865,18.724,21335,360.0,0.0,0.0,360.0,0.0,0.0,0.0,0.0,0.0,0.0,1.1431,14.61,0.05,1.583,0.694,0.221,0.085,12,3
256,BiLevel,12.4,1.1,5.408,13,0.4681,-1829.021,538.551,4970,262,-4.67,34.85,-59.9,59.25,-0.368,0.2568,-8.701456069946289,0.25979211926460266,5.06369686126709,1.4764093160629272,0.278889000415802,11.006810188293457,4.959907531738281,14.447685241699219,0.7271676659584045,62.36429977416992,0.08747006952762604,0.47613972425460815,500000,0.88,30.65,-101.64,97.62,-1.8427,0.5,-13.883162498474121,0.20433039963245392,3.748757839202881,0.834476113319397,0.17230644822120667,14.300604820251465,1.1034613847732544,22.2855281829834,0.05,50000,-4.668226660658386,34.84776597799502,262,6.264498651890378,5.246030085180935,0.5122087006718574,0.6939648014245612,0.22137986832904705,0.08465533024639164,3.753,1125.893,12.311,17.719,20592,360.0,0.0,0.0,360.754,30.649,0.085,0.0,0.0,19.542,246.0,0.8228,15.53,0.0502,1.579,0.694,0.222,0.085,10,3
257,BiLevel,12.3,1.0,5.631,15,0.4129,-1742.471,506.969,4970,262,1.42,33.3,-59.84,59.61,-0.3506,0.2406,-9.239551544189453,0.3140151798725128,5.066269397735596,1.4816046953201294,0.3310390114784241,10.064352035522461,2.848630428314209,14.631601333618164,1.8305946588516235,78.48983764648438,0.08666074275970459,0.4748325049877167,500000,1.88,34.64,-98.31,105.75,-1.2824,0.0,-13.30318832397461,0.18473246693611145,3.3429861068725586,0.43293729424476624,0.14473845064640045,13.67953872680664,1.063056468963623,14.34178638458252,0.05,50000,1.4165157928403234,33.295394066380595,262,9.65389395889483,6.459814040754971,0.4801319105245908,0.6936714311139669,0.22183360694487642,0.08449496194115673,11.554,3466.247,12.301,17.931,20220,360.0,0.0,0.0,360.0,0.0,0.0,0.0,0.0,0.0,0.0,0.7571,16.41,0.0508,1.531,0.696,0.218,0.086,16,0
258,BiLevel,14.4,1.1,15.459,11,0.4001,-1904.379,633.716,4970,262,6.74,35.31,-59.56,59.82,-0.3832,0.3005,-9.034247398376465,0.3217468857765198,4.947137832641602,1.378453016281128,0.2601025104522705,10.34447956085205,3.67356014251709,14.576080322265625,0.8444370627403259,55.83765411376953,0.08587376773357391,0.47351881861686707,500000,1.59,30.79,-98.41,100.83,-4.066,0.5,-13.54438591003418,0.19526125490665436,3.471165657043457,0.5634080767631531,0.14960812032222748,13.942590713500977,0.5009680390357971,25.194116592407227,0.05,50000,6.741195013421687,35.31085723579344,262,16.70673808235871,11.660471731581186,0.5256500585485547,0.6956877192271315,0.2202424234457795,0.08406985732708899,17.406,4525.682,12.906,28.364,22984,360.0,0.0,0.0,422.127,78.298,0.1855,0.0,0.0,3494.779,8158.0,0.7506,17.03,0.0566,1.326,0.699,0.212,0.088,8,3
259,BiLevel,12.5,1.0,4.226,14,0.5848,-1733.86,492.689,4971,262,4.58,34.34,-59.89,59.58,-0.3488,0.2506,-8.752778053283691,0.34964877367019653,5.088255882263184,1.526294469833374,0.2769688367843628,10.482254028320312,3.4336211681365967,14.399735450744629,0.5921154022216797,65.86393737792969,0.0851064920425415,0.4722039997577667,500000,3.85,27.11,-66.05,116.28,-1.5567,0.5,-13.787246704101562,0.23880349099636078,3.8535985946655273,0.9498182535171509,0.1605653017759323,14.271410942077637,0.26165634393692017,15.403883934020996,0.05,50000,4.575500507408304,34.33693010627141,262,14.171156685054303,10.160167643270995,0.4997090423391678,0.6954550548833643,0.2204695159915222,0.08407542912511351,14.106,4231.774,12.763,16.988,19811,360.0,0.0,0.0,360.0,17.124,0.0476,0.0,0.0,2.008,140.0,0.7416,16.95,0.0803,1.045,0.704,0.207,0.089,11,3
260,BiLevel,12.6,1.2,5.11,14,0.3765,-1737.938,487.347,4971,262,4.09,35.03,-59.91,59.66,-0.3496,0.2439,-8.76109504699707,0.3044118881225586,5.473031997680664,1.9147714376449585,0.3388749659061432,11.31069564819336,6.513131618499756,14.692848205566406,1.322569489479065,94.84766387939453,0.08434444665908813,0.4708968997001648,500000,1.17,30.86,-102.47,97.01,-1.6884,0.5,-13.573803901672363,0.26228490471839905,3.5415148735046387,0.6411129236221313,0.16348697245121002,14.104753494262695,0.08299520611763,22.337543487548828,0.05,50000,4.092568282008747,35.02757011043043,262,11.119105731186114,10.98836052590295,0.5140397719804175,0.6954113737829618,0.220627781025375,0.08396084519166334,11.409,3422.765,12.818,17.928,20062,360.0,0.0,0.0,360.0,10.809,0.03,0.0,0.0,2.595,126.0,0.7097,15.93,0.1294,0.838,0.703,0.208,0.089,11,3
261,BiLevel,12.5,1.1,4.139,13,0.4592,-1661.114,460.85,4970,262,6.43,33.22,-59.41,59.9,-0.3342,0.2388,-9.166122436523438,0.2949060797691345,4.760887622833252,1.2150734663009644,0.30027636885643005,11.085057258605957,2.223973274230957,14.95217514038086,0.7737412452697754,84.04376220703125,0.08359642326831818,0.46959200501441956,500000,1.97,29.66,-91.62,93.29,-1.6245,0.5,-13.280736923217773,0.2552204728126526,3.669743776321411,0.7729768753051758,0.17113922536373138,13.800366401672363,0.8427613973617554,10.87125015258789,0.05,50000,6.426924700835266,33.2237329919461,262,13.784713421840417,9.617734426416849,0.48844328898216477,0.6955226652934582,0.22052138645853805,0.08395594824800383,15.277,4583.125,12.586,16.725,20509,360.0,0.0,0.0,363.1,49.202,0.1355,0.0,0.0,56.66,486.0,0.8539,11.84,0.315,1.042,0.665,0.255,0.08,10,3
262,BiLevel,12.6,1.1,6.732,12,0.5462,-2022.514,715.92,4971,262,-4.21,35.66,-59.9,59.5,-0.4069,0.3166,-9.284648895263672,0.2772042155265808,5.0487494468688965,1.5099416971206665,0.30298709869384766,10.741279602050781,4.244544982910156,14.856951713562012,0.47530752420425415,99.23939514160156,0.0828326940536499,0.46828874945640564,500000,0.93,30.84,-98.55,95.9,-2.4426,0.5,-13.731141090393066,0.19472774863243103,3.279313802719116,0.3873240649700165,0.14215654134750366,14.13425064086914,0.31527742743492126,6.4605183601379395,0.05,50000,-4.212346094778679,35.656520430563724,262,11.405896548220989,2.4846531733086232,0.5233552204095441,0.6962763720262855,0.2197969199457258,0.0839267080279887,2.639,686.176,12.256,18.987,20869,360.0,0.0,0.0,370.442,79.549,0.2147,0.0,0.0,386.515,1493.0,1.1075,7.94,0.4973,1.184,0.487,0.454,0.059,9,3
263,BiLevel,13.3,1.0,16.157,12,0.4447,-1967.844,668.227,4971,262,-0.28,35.7,-59.76,59.84,-0.3959,0.3124,-8.948469161987305,0.27485159039497375,5.147140979766846,1.6145251989364624,0.3323529362678528,11.291268348693848,5.5881829261779785,14.759958267211914,0.9173706769943237,92.65433502197266,0.08208759874105453,0.46699875593185425,500000,2.21,29.15,-103.91,97.59,-3.8023,0.5,-13.596229553222656,0.16293670237064362,3.7024667263031006,0.8172407150268555,0.13387200236320496,13.935505867004395,0.28084132075309753,17.4123592376709,0.05,50000,-0.28461965104949843,35.69602508719059,262,7.411442279815674,2.098060428625659,0.522396143460034,0.6983405052713019,0.21815869126731507,0.08350080346138297,9.671,2707.95,12.584,28.741,23083,360.0,0.0,0.0,380.077,71.885,0.1891,0.0,0.0,1032.294,2670.0,1.1091,5.43,0.4218,1.852,0.487,0.454,0.059,9,3
264,BiLevel,12.3,1.0,3.441,15,0.5438,-1781.072,521.062,4969,262,0.66,33.99,-59.7,59.49,-0.3584,0.2462,-8.588828086853027,0.29031461477279663,4.898118495941162,1.3773002624511719,0.302660197019577,11.403517723083496,3.4196929931640625,14.463582992553711,2.387510061264038,91.49820709228516,0.0813378319144249,0.4657105803489685,500000,1.36,31.94,-78.78,84.65,-0.5999,0.0,-13.526529312133789,0.13394422829151154,3.359724760055542,0.4783342480659485,0.12032443284988403,13.806391716003418,0.2190590351819992,8.840296745300293,0.05,50000,0.6597486003164279,33.99361106648592,262,10.81426140666008,2.7940566502119366,0.4911079611464645,0.6976925604323643,0.21882439683668806,0.08348304273094782,8.406,2521.927,12.515,15.956,18601,360.0,0.0,0.0,360.0,0.0,0.0,0.0,0.0,0.0,0.0,0.8853,6.0,0.0902,2.178,0.489,0.453,0.058,16,0
265,BiLevel,12.5,1.1,7.973,15,0.3859,-1793.401,515.713,4970,262,-5.4,36.12,-59.93,59.82,-0.3608,0.243,-9.211566925048828,0.2900775969028473,4.884862422943115,1.3769389390945435,0.2528112530708313,11.926424026489258,1.9565279483795166,15.313413619995117,1.184609055519104,91.76524353027344,0.08060995489358902,0.4644238352775574,500000,-1.71,29.02,-103.05,89.9,-2.2579,0.0,-13.566215515136719,0.2202453911304474,3.6241955757141113,0.7447093725204468,0.1598455160856247,14.015033721923828,0.15864136815071106,21.198383331298828,0.05,50000,-5.403270823239036,36.11741670511923,262,6.779938668012619,-3.6736808103950396,0.5355373266746167,0.697714173410607,0.21905528660224807,0.0832305399871449,2.238,716.169,12.366,20.34,21807,360.0,0.0,0.0,360.0,0.0,0.0,0.0,0.0,0.0,0.0,0.694,7.39,0.0508,2.095,0.698,0.219,0.083,12,3
266,BiLevel,12.8,1.1,7.448,15,0.5538,-1742.39,488.47,4970,262,-0.12,34.14,-59.61,59.41,-0.3506,0.2427,-9.117780685424805,0.34589776396751404,4.921198844909668,1.423429012298584,0.249123215675354,11.573580741882324,3.8568780422210693,15.151198387145996,0.9437782168388367,52.946170806884766,0.07989125698804855,0.46314477920532227,500000,3.38,29.18,-94.22,88.56,-1.6973,0.0,-13.811972618103027,0.1492055058479309,3.598371982574463,0.7221616506576538,0.13005365431308746,14.120946884155273,0.02975355088710785,6.087702751159668,0.05,50000,-0.11503549739905826,34.13529704064402,262,8.788618688520632,3.85768284781983,0.4936021809770682,0.6976119682363467,0.21931969957530675,0.08306833218834637,10.835,3250.521,12.468,19.917,21532,360.0,0.0,0.0,360.0,0.0,0.0,0.0,0.0,0.0,0.0,0.6807,8.46,0.0504,2.031,0.698,0.219,0.083,16,0
267,BiLevel,12.6,1.2,4.735,14,0.5162,-1702.149,479.246,4970,262,8.93,33.05,-59.5,59.64,-0.3425,0.252,-9.0162992477417,0.30009862780570984,4.952400207519531,1.458884358406067,0.29950979351997375,11.970405578613281,6.303246974945068,15.133902549743652,1.6154567003250122,102.04186248779297,0.07920199632644653,0.4618706703186035,500000,1.57,30.76,-99.2,104.25,-1.658,0.5,-14.10487174987793,0.14717073738574982,3.4195072650909424,0.548403263092041,0.12219193577766418,14.410514831542969,0.2179563194513321,3.3898940086364746,0.05,50000,8.9302193952031,33.047342540625905,262,17.436195846921517,12.80793373616118,0.49451929971048914,0.6974670619865015,0.21950323329680343,0.08302970471669519,17.858,5357.394,12.893,17.629,20588,360.0,0.0,0.0,360.0,15.152,0.0421,0.0,0.0,3.023,135.0,0.7535,9.56,0.0501,1.978,0.698,0.219,0.083,11,3
268,BiLevel,12.4,1.2,8.175,14,0.4756,-1844.386,536.404,4971,262,-7.05,35.38,-59.93,59.59,-0.371,0.2545,-9.341034889221191,0.33251553773880005,4.730293273925781,1.2460806369781494,0.2988649606704712,11.389004707336426,3.5983574390411377,15.23773193359375,0.5936529636383057,100.89886474609375,0.07850253582000732,0.4605918228626251,500000,-2.15,29.09,-87.2,105.72,-2.3678,0.5,-14.047083854675293,0.12790007889270782,5.851714134216309,2.9851527214050293,0.11227945238351822,14.314428329467773,0.3823632597923279,18.29007911682129,0.05,50000,-7.051029109313044,35.379433977646066,262,9.67159827602537,1.5834891367899746,0.5269172919207865,0.6978004246703604,0.2193523823814919,0.08284719294814763,0.905,271.4,12.202,20.377,21693,360.0,0.0,0.0,360.0,8.882,0.0247,0.0,0.0,0.443,100.0,0.636,10.53,0.0501,1.971,0.697,0.22,0.083,11,3
269,BiLevel,12.7,1.1,8.838,15,0.6747,-1778.242,520.517,4971,262,1.56,34.43,-59.75,59.67,-0.3577,0.2538,-9.129188537597656,0.3075740337371826,4.812610626220703,1.3371903896331787,0.2872350811958313,11.36108112335205,4.613423824310303,14.96338939666748,0.5590956211090088,71.19557189941406,0.07780439406633377,0.45931926369667053,500000,2.3,31.33,-92.08,95.87,-2.0647,0.0,-14.368755340576172,0.16663959622383118,3.756244659423828,0.8913974761962891,0.13535618782043457,14.709259986877441,0.09793038666248322,13.898885726928711,0.05,50000,1.5582406211114581,34.43151656120655,262,8.283840176306274,3.3567458555886622,0.4991541072674643,0.6978478765509524,0.21946616844903413,0.08268595500001344,8.959,2687.719,12.505,21.343,20592,360.0,0.0,0.0,360.0,0.0,0.0,0.0,0.0,0.0,0.0,0.5236,11.4,0.05,1.989,0.698,0.219,0.083,14,1
270,BiLevel,13.1,1.1,5.92,15,0.3888,-1701.744,483.543,4971,262,2.76,33.25,-59.64,59.61,-0.3423,0.2448,-9.262530326843262,0.320212185382843,4.853262901306152,1.3822746276855469,0.3338257968425751,11.70600700378418,3.5937564373016357,15.273420333862305,1.2396701574325562,120.01485443115234,0.07711338996887207,0.4580553472042084,500000,2.08,29.19,-73.98,111.92,-1.3829,0.0,-14.06941032409668,0.19552744925022125,3.680105209350586,0.8174465894699097,0.1640976220369339,14.473342895507812,0.7296751141548157,35.29718780517578,0.05,50000,2.7556264157435275,33.254467322711164,262,11.75079208294812,6.476395611857113,0.4826360253251224,0.6975913454686622,0.21989235206570473,0.08251630246563303,13.258,3977.306,12.633,18.553,21736,360.0,0.0,0.0,360.0,0.0,0.0,0.0,0.0,0.0,0.0,0.6482,12.44,0.05,1.968,0.698,0.219,0.083,14,1
271,BiLevel,12.6,1.2,4.145,15,0.6069,-1634.849,443.454,4971,262,9.95,32.48,-59.76,59.72,-0.3289,0.2319,-9.821611404418945,0.26131489872932434,4.787198066711426,1.326001763343811,0.3126777112483978,10.986672401428223,6.25095796585083,15.36126708984375,2.0969934463500977,104.96952056884766,0.07642926275730133,0.4567967355251312,500000,-2.12,34.74,-111.81,85.15,-1.0176,0.0,-14.04664421081543,0.1877322494983673,3.8691205978393555,1.0122891664505005,0.13308404386043549,14.431076049804688,0.20825964212417603,22.823726654052734,0.05,50000,9.946765067645977,32.475590349807234,262,17.24873035797163,16.585599335871244,0.4904304166565853,0.6970296918675335,0.22046855028721996,0.08250175784524648,19.094,6110.147,13.01,17.154,20301,360.0,0.0,0.0,360.0,0.0,0.0,0.0,0.0,0.0,0.0,0.8687,13.59,0.05,1.907,0.698,0.22,0.083,15,0
272,BiLevel,12.6,1.1,11.947,15,0.5178,-1770.711,520.491,4970,262,-5.56,34.91,-59.7,59.57,-0.3563,0.2532,-9.105416297912598,0.283416748046875,4.799655914306641,1.3492670059204102,0.29561054706573486,11.67176342010498,4.552363395690918,14.979524612426758,0.619918167591095,83.29339599609375,0.07575219124555588,0.455543577671051,500000,0.52,29.9,-85.03,98.46,-2.83,0.0,-14.088287353515625,0.17014166712760925,3.7862837314605713,0.9350113868713379,0.14946027100086212,14.440546035766602,0.14678244292736053,22.82088279724121,0.05,50000,-5.5572485933323925,34.91010782175203,262,10.002805648508824,-1.2843408659884807,0.5172864398335475,0.6975460560386033,0.22028742573276286,0.08216651822863388,1.531,489.812,12.248,24.195,21753,360.0,0.0,0.0,360.0,0.0,0.0,0.0,0.0,0.0,0.0,0.6633,14.47,0.0504,1.885,0.697,0.22,0.083,13,2
273,BiLevel,12.7,1.2,5.199,12,0.3893,-1901.88,662.2,4970,262,6.01,34.23,-59.64,59.66,-0.3827,0.3162,-9.123090744018555,0.31533029675483704,4.690415859222412,1.2461305856704712,0.3127952814102173,12.256759643554688,6.97493839263916,15.306398391723633,0.41888201236724854,90.26814270019531,0.07508693635463715,0.4542944133281708,500000,-1.45,29.49,-93.08,95.02,-1.8447,0.5,-14.443115234375,0.14805544912815094,3.751626491546631,0.9025067090988159,0.1476285308599472,14.751198768615723,0.23325219750404358,23.130619049072266,0.05,50000,6.008729199473737,34.22893402463202,262,9.921918430767562,4.705597950439705,0.5039990672108159,0.6981230865902539,0.21974136779708942,0.08213554561265658,10.459,2719.304,12.742,17.941,20660,360.0,0.0,0.0,381.531,77.234,0.2024,0.0,0.0,930.511,2831.0,0.8031,15.48,0.0506,1.816,0.698,0.22,0.082,9,3
274,BiLevel,13.9,1.1,26.082,11,0.5595,-1986.589,640.413,4969,262,-2.93,37.69,-59.75,59.76,-0.3998,0.2965,-9.444791793823242,0.2609902024269104,4.613550186157227,1.1771714687347412,0.314697265625,11.910713195800781,7.121922969818115,15.356367111206055,1.5954254865646362,85.41046142578125,0.07441399991512299,0.4530458450317383,500000,-5.68,33.17,-94.25,100.51,-6.3483,0.5,-14.201329231262207,0.23007899522781372,3.6348257064819336,0.7869294285774231,0.1792815774679184,14.66650676727295,0.6683364510536194,13.349939346313477,0.05,50000,-2.9343550006562307,37.690208752354565,262,11.15258679778168,2.07146981389899,0.5598039088377216,0.7014075302029643,0.21717179435653547,0.08142067544050022,4.47,1162.25,12.569,38.651,23519,360.0,0.0,0.0,410.831,77.65,0.189,0.0,0.0,2804.477,6660.0,1.0473,16.51,0.0507,1.726,0.7,0.217,0.083,8,3
275,BiLevel,13.8,1.2,5.38,12,0.4255,-1857.723,574.235,4970,262,-2.32,36.3,-59.84,59.92,-0.3738,0.2696,-8.766552925109863,0.2868557274341583,4.536291122436523,1.1112663745880127,0.2898743152618408,13.190211296081543,3.495086193084717,15.299572944641113,1.1304370164871216,76.80428314208984,0.07376955449581146,0.45180267095565796,500000,-0.63,31.58,-99.03,92.89,-1.8726,0.5,-14.334199905395508,0.23359176516532898,3.689873456954956,0.8468176126480103,0.15745505690574646,14.80881404876709,0.12309202551841736,13.001351356506348,0.05,50000,-2.3168313849773594,36.29911458540176,262,7.684104737953135,0.01808801081619773,0.5326582972313376,0.701987691701287,0.21661257610730358,0.08139973219140938,3.555,995.349,12.385,17.765,21158,360.0,0.0,0.0,374.504,74.33,0.1985,0.0,0.0,633.989,1939.0,0.8578,16.73,0.065,1.53,0.707,0.207,0.085,9,3
276,BiLevel,12.3,1.2,7.202,14,0.4178,-1781.785,521.127,4970,262,0.08,33.95,-59.65,59.71,-0.3585,0.261,-8.778142929077148,0.27875038981437683,4.7511491775512695,1.336037039756775,0.2769222855567932,13.19098949432373,11.918022155761719,15.267783164978027,1.723951816558838,78.79847717285156,0.07311800122261047,0.45055174827575684,500000,-5.37,31.65,-99.8,89.79,-1.639,0.0,-14.323771476745605,0.17372894287109375,6.358177185058594,3.519834518432617,0.11691403388977051,14.678136825561523,0.1442171037197113,11.604072570800781,0.05,50000,0.07635216680870689,33.94561039964668,262,7.003675621277408,1.8002293731036936,0.4912578368980231,0.702186283035925,0.21657551201255204,0.0812382049515229,7.985,2395.626,12.522,19.725,20862,360.0,0.0,0.0,360.0,0.0,0.0,0.0,0.0,0.0,0.0,0.6871,16.57,0.08,1.382,0.709,0.205,0.086,14,0
277,BiLevel,12.4,1.2,5.677,15,0.4723,-1676.535,466.434,4970,262,0.48,34.05,-59.85,59.57,-0.3373,0.2342,-9.476447105407715,0.2671569287776947,5.024796485900879,1.6129049062728882,0.32928740978240967,11.871012687683105,9.00507926940918,15.346210479736328,0.7419458031654358,92.16033935546875,0.0724731832742691,0.44931405782699585,500000,-0.1,28.78,-107.27,90.36,-1.3272,0.0,-14.596556663513184,0.22714725136756897,3.8603501319885254,1.023937702178955,0.13156703114509583,15.05681324005127,0.5817527174949646,47.844146728515625,0.05,50000,0.4760552151346021,34.05355327118157,262,9.269790020232138,9.56732224573038,0.49389682593774126,0.7018561672632708,0.21702529445933014,0.08111853827739908,9.585,3067.171,12.361,18.038,20780,360.0,0.0,0.0,360.0,0.0,0.0,0.0,0.0,0.0,0.0,0.8345,16.61,0.095,1.15,0.708,0.206,0.085,16,0
278,BiLevel,13.3,1.1,3.664,14,0.4594,-1692.499,467.076,4970,262,7.5,34.11,-59.84,59.82,-0.3405,0.248,-9.747955322265625,0.28894105553627014,4.555361747741699,1.1551921367645264,0.3002534508705139,11.949817657470703,4.238899230957031,15.680595397949219,1.0713322162628174,84.24993896484375,0.0718478113412857,0.448076456785202,500000,1.42,31.02,-97.12,96.34,-1.403,0.5,-14.4041166305542,0.19449248909950256,4.0999579429626465,1.2675135135650635,0.14876702427864075,14.8062162399292,0.6387128829956055,17.38727569580078,0.05,50000,7.497266179256486,34.113273179524704,262,11.948397461481784,7.474152187061937,0.5078472713395331,0.7015765369398653,0.21732141078411482,0.08110205227601981,11.031,3309.155,12.792,16.456,19929,360.0,0.0,0.0,360.104,9.419,0.0262,0.0,0.0,1.821,75.0,0.8624,16.06,0.131,0.973,0.708,0.207,0.085,11,3
279,BiLevel,12.7,1.1,4.242,15,0.6221,-1681.478,455.774,4970,262,2.58,34.97,-59.73,59.85,-0.3383,0.2341,-9.492208480834961,0.2999280095100403,4.684131622314453,1.2902721166610718,0.3233909010887146,12.583531379699707,5.816445350646973,15.713123321533203,1.1072077751159668,99.43055725097656,0.07121962308883667,0.4468466639518738,500000,-0.22,32.11,-90.57,108.95,-0.9958,0.0,-14.511682510375977,0.19323556125164032,6.226889133453369,3.3984649181365967,0.16429662704467773,14.908454895019531,0.48497721552848816,41.032039642333984,0.05,50000,2.579319270847129,34.96815067838767,262,11.519954679043668,10.763651887680354,0.5080535919998437,0.7010153744989019,0.21788947685454021,0.08109514864655791,10.827,3464.728,12.6,16.842,19736,360.0,0.0,0.0,360.0,0.0,0.0,0.0,0.0,0.0,0.0,0.8852,13.37,0.2469,1.371,0.669,0.254,0.077,15,0
280,BiLevel,14.9,1.1,15.893,11,0.5115,-1932.167,654.648,4971,262,9.55,36.13,-59.15,59.95,-0.3887,0.3091,-9.349827766418457,0.35413408279418945,4.823382377624512,1.446354627609253,0.2439495027065277,12.79437255859375,4.5458760261535645,15.751538276672363,0.8742362856864929,81.38160705566406,0.07060477882623672,0.44561898708343506,500000,3.97,28.75,-85.73,101.37,-4.0199,0.5,-14.164216041564941,0.1369413584470749,6.366146087646484,3.5421245098114014,0.12432943284511566,14.447622299194336,0.3208894729614258,48.01538848876953,0.05,50000,9.553583666718964,36.128411780248506,262,19.13484106742238,7.921946903906371,0.5503984508559345,0.7029370901948636,0.21632594003174843,0.08073696977338798,17.593,4574.057,13.244,29.138,23239,360.0,0.0,0.0,432.742,84.756,0.1959,0.0,0.0,4239.156,9497.0,1.0172,14.25,0.1826,1.72,0.547,0.39,0.063,8,3
281,BiLevel,13.7,1.1,5.547,12,0.5997,-1887.065,655.558,4970,262,5.88,35.02,-59.41,59.73,-0.3797,0.3131,-9.511802673339844,0.22516629099845886,4.469169616699219,1.0977718830108643,0.25834304094314575,12.58084487915039,7.541368007659912,15.55276870727539,1.1190218925476074,73.40896606445312,0.06998589634895325,0.44439592957496643,500000,1.24,30.74,-101.27,96.45,-2.0922,0.5,-14.695806503295898,0.15064194798469543,3.7182793617248535,0.8980134129524231,0.1315148025751114,15.008522987365723,0.3694852888584137,25.066757202148438,0.05,50000,5.884497216349876,35.02236682667288,262,18.604087952877343,5.519752152656254,0.5197015475244842,0.7034758765688772,0.2157416932531913,0.08078243017793153,12.56,3265.549,12.902,18.449,21065,360.0,0.0,0.0,384.885,75.345,0.1958,0.0,0.0,1300.393,3346.0,0.9597,16.36,0.0867,1.466,0.616,0.313,0.071,9,3
282,BiLevel,12.8,1.1,5.728,13,0.4056,-1718.132,488.532,4970,262,3.49,34.51,-59.74,59.71,-0.3457,0.2506,-9.682039260864258,0.287579208612442,4.783452987670898,1.4243296384811401,0.22914020717144012,12.196324348449707,6.503242015838623,15.649800300598145,0.8103493452072144,109.8917007446289,0.06938391923904419,0.4431762993335724,500000,2.82,26.31,-89.58,71.44,-1.8793,0.5,-14.525132179260254,0.14473041892051697,3.668415069580078,0.850124716758728,0.13927437365055084,14.825417518615723,0.509194552898407,11.109418869018555,0.05,50000,3.4922465793983317,34.505934887570916,262,14.766523374264176,6.223052375293091,0.5018126809346872,0.7037871831632192,0.2155052385889251,0.08070757824785571,11.508,3452.313,12.62,18.348,21886,360.0,0.0,0.0,362.319,50.592,0.1396,0.0,0.0,54.21,432.0,0.8938,16.41,0.0969,1.256,0.709,0.207,0.084,10,3
283,BiLevel,13.0,1.0,7.915,16,0.5753,-1706.561,483.894,4970,262,10.9,32.83,-59.63,59.6,-0.3434,0.2491,-9.50343132019043,0.27471619844436646,4.43984317779541,1.0895121097564697,0.23819932341575623,13.116713523864746,5.911257743835449,15.834487915039062,1.2424851655960083,52.48240661621094,0.06880224496126175,0.44196081161499023,500000,4.56,31.37,-102.34,104.06,-2.2584,0.0,-14.804014205932617,0.15415912866592407,3.6680312156677246,0.8533632159233093,0.13250316679477692,15.12463665008545,0.5208883881568909,6.716416835784912,0.05,50000,10.90003116943197,32.833722527478315,262,18.12257861769513,12.775006481377702,0.5013741418800578,0.7034045913411586,0.2160769281519424,0.08051848050689894,18.614,5956.556,13.152,21.067,21701,360.0,0.0,0.0,360.0,0.0,0.0,0.0,0.0,0.0,0.0,0.8611,14.16,0.1758,1.841,0.709,0.206,0.084,13,3
284,BiLevel,12.3,1.4,4.986,15,0.6865,-1654.95,465.341,4970,262,0.08,34.78,-59.87,59.73,-0.333,0.2356,-9.378067016601562,0.2826254963874817,4.667023658752441,1.3226268291473389,0.2776661217212677,12.381240844726562,4.986701011657715,15.396896362304688,1.1930267810821533,79.7514877319336,0.0682137981057167,0.4407464563846588,500000,0.35,28.69,-96.21,84.42,-1.0796,0.0,-14.705699920654297,0.1681843400001526,3.7248647212982178,0.9142187833786011,0.12374255061149597,15.047089576721191,0.3443194329738617,21.724199295043945,0.05,50000,0.0809733726005529,34.77767060127167,262,12.5583074159332,5.816026391677167,0.5039047766709472,0.7029178768261708,0.21656879101896487,0.08051333215486434,7.209,2162.678,12.325,17.311,20131,360.0,0.0,0.0,360.0,0.0,0.0,0.0,0.0,0.0,0.0,0.9487,15.37,0.0989,1.919,0.623,0.305,0.071,15,0
285,BiLevel,12.6,1.2,4.116,14,0.4591,-1858.679,557.841,4970,262,-8.51,35.6,-59.87,59.91,-0.374,0.2579,-9.630773544311523,0.3013775944709778,4.666996002197266,1.3329824209213257,0.2599285840988159,12.393766403198242,5.899659633636475,15.677614212036133,0.7600525617599487,75.27027130126953,0.06761755049228668,0.4395349323749542,500000,3.28,31.1,-104.02,100.37,-1.5076,0.5,-14.59046745300293,0.17292176187038422,8.602701187133789,5.793802738189697,0.12704893946647644,14.947164535522461,0.42308345437049866,85.51303100585938,0.05,50000,-8.514653565970734,35.601819276169564,262,1.7372707543796615,-1.05870174055821,0.5371096279265444,0.702697183878788,0.2168201298263658,0.08048268629484626,1.186,355.717,12.039,16.155,20900,360.0,0.0,0.0,360.0,11.2,0.0311,0.0,0.0,0.863,91.0,0.902,16.04,0.0765,1.761,0.704,0.214,0.081,11,3
286,BiLevel,13.6,1.1,15.005,12,0.6196,-1923.672,670.741,4970,262,3.86,35.47,-59.62,59.94,-0.3871,0.3146,-9.414000511169434,0.25134778022766113,4.768549919128418,1.443004846572876,0.2570992410182953,13.43024730682373,7.593087196350098,15.813494682312012,0.8158119320869446,90.39263153076172,0.06705213338136673,0.4383343756198883,500000,2.07,31.61,-99.0,100.64,-3.9662,0.5,-14.783491134643555,0.1705482304096222,3.5710530281066895,0.7643225789070129,0.13769155740737915,15.13443660736084,0.9010264277458191,36.20895767211914,0.05,50000,3.8587405815450717,35.47457005318786,262,13.862135659707217,3.446470417945008,0.5193875233285935,0.7044431587023271,0.21535083410474845,0.0802060071929244,13.011,3643.122,12.784,27.788,22381,360.0,0.0,0.0,382.25,74.474,0.1948,0.0,0.0,1075.725,3010.0,1.0096,16.62,0.0726,1.484,0.707,0.21,0.083,9,3
287,BiLevel,13.0,1.3,3.954,15,0.3235,-1665.852,455.698,4970,262,5.23,35.03,-59.9,59.81,-0.3352,0.2391,-9.599761009216309,0.27372655272483826,4.520781517028809,1.1951491832733154,0.34923356771469116,13.358899116516113,4.8928937911987305,15.989572525024414,1.134900450706482,87.15925598144531,0.06649231910705566,0.43712782859802246,500000,0.43,31.75,-101.09,100.01,-0.925,0.0,-14.798130989074707,0.18474701046943665,6.901942253112793,4.099160194396973,0.19258534908294678,15.176876068115234,0.3012711703777313,25.332698822021484,0.05,50000,5.2329967160767294,35.02509803168724,262,12.971425080769938,11.373650228820349,0.5140900451875176,0.703932830359178,0.21597440823183614,0.08009276140898582,13.288,3986.367,12.81,16.764,19825,360.0,0.0,0.0,360.0,0.0,0.0,0.0,0.0,0.0,0.0,1.0413,16.08,0.104,1.424,0.711,0.205,0.084,15,0
288,BiLevel,12.8,1.1,3.721,14,0.5085,-1648.319,447.592,4970,262,7.44,34.15,-59.64,59.71,-0.3317,0.2383,-9.811870574951172,0.3307645916938782,4.4216508865356445,1.1057708263397217,0.35640284419059753,13.552949905395508,5.217478275299072,16.381057739257812,0.9999611377716064,135.1763153076172,0.06593688577413559,0.435923308134079,500000,-3.67,32.49,-103.6,87.75,-1.4441,0.5,-14.626276016235352,0.3888522684574127,3.1138486862182617,0.3117585778236389,0.19712743163108826,15.413673400878906,0.341798335313797,9.619339942932129,0.05,50000,7.443046241855132,34.14713317762191,262,15.62554391261778,12.473895807093694,0.5056181494298206,0.7036442254913697,0.21625885588689645,0.08009691862173396,17.246,5173.718,12.726,16.447,20211,360.0,0.0,0.0,360.035,10.581,0.0294,0.0,0.0,1.542,69.0,1.07,14.59,0.1467,1.847,0.7,0.221,0.08,11,3
289,BiLevel,12.8,1.3,6.74,12,0.5005,-1860.491,641.234,4970,262,-1.3,35.45,-59.86,59.73,-0.3743,0.3096,-9.672697067260742,0.25547924637794495,4.667960166931152,1.3621152639389038,0.33106380701065063,13.182869911193848,3.376079559326172,15.904450416564941,0.5024489164352417,94.94027709960938,0.06536979228258133,0.43472447991371155,500000,0.25,29.6,-96.26,103.13,-2.2484,0.5,-14.732386589050293,0.32792213559150696,3.711477041244507,0.9129194021224976,0.18107399344444275,15.397661209106445,0.15611080825328827,15.52888011932373,0.05,50000,-1.2974309482235065,35.44856934083802,262,8.421751089472519,3.9919790589495703,0.5178010418784552,0.7043573691023726,0.21558015032452568,0.08006248057310163,4.083,1061.64,12.391,19.131,21601,360.0,0.0,0.0,373.688,63.889,0.171,0.0,0.0,519.344,1855.0,0.9893,15.06,0.0932,1.939,0.654,0.271,0.074,9,3
290,BiLevel,14.1,1.3,9.304,11,0.6044,-1889.848,602.975,4970,262,-1.64,35.83,-59.79,59.79,-0.3803,0.2829,-9.907505989074707,0.3109416365623474,4.610098838806152,1.3193976879119873,0.270743191242218,13.539974212646484,6.126465797424316,16.39826011657715,1.2780091762542725,81.72376251220703,0.06479919701814651,0.4335291385650635,500000,2.3,30.54,-98.55,106.3,-2.8383,0.5,-14.871360778808594,0.22549691796302795,3.896432876586914,1.101405382156372,0.16381031274795532,15.330836296081543,0.05188416689634323,20.832242965698242,0.05,50000,-1.6386730341019644,35.82661384276499,262,5.088064603115383,0.7161103385059455,0.5246323016452793,0.7053628600393134,0.21465633974878712,0.07998080021189943,6.261,1627.782,12.546,21.85,22160,360.0,0.0,0.0,408.381,82.764,0.2027,0.0,0.0,2651.698,6374.0,0.9861,15.97,0.0651,1.717,0.705,0.215,0.08,8,3
291,BiLevel,13.4,1.3,4.655,15,0.5523,-1695.21,480.526,4970,262,0.3,34.68,-59.62,59.65,-0.3411,0.2428,-10.136335372924805,0.33317530155181885,4.388111114501953,1.0984172821044922,0.34227341413497925,12.539827346801758,3.720545768737793,16.23780059814453,0.9760023355484009,119.79011535644531,0.06424040347337723,0.43233639001846313,500000,-1.78,28.94,-95.03,106.6,-1.1715,0.0,-14.787858963012695,0.18440470099449158,6.117879390716553,3.3282787799835205,0.14565324783325195,15.165998458862305,0.19476856291294098,31.42832374572754,0.05,50000,0.29817275900423706,34.67721388568321,262,7.153944028051276,2.739105385228207,0.5039742118021427,0.7048723632032499,0.21519185009901917,0.07993578669773088,6.63,2121.602,12.476,17.131,20717,360.0,0.0,0.0,360.0,0.0,0.0,0.0,0.0,0.0,0.0,0.9391,15.24,0.0872,1.716,0.709,0.208,0.082,14,1
292,BiLevel,13.3,1.1,8.173,14,0.5738,-1676.679,462.44,4969,262,9.74,33.11,-59.4,59.82,-0.3374,0.2418,-10.009098052978516,0.2531939744949341,4.421642780303955,1.1461385488510132,0.2728237807750702,13.96397876739502,6.908886432647705,16.53792381286621,0.8282305002212524,79.42466735839844,0.06368201225996017,0.4311498701572418,500000,-1.19,32.15,-114.68,98.2,-2.3937,0.5,-15.032193183898926,0.16457833349704742,3.550931215286255,0.7657895088195801,0.1436067372560501,15.372034072875977,0.13067971169948578,16.70478630065918,0.05,50000,9.739988166685194,33.110294256451155,262,15.380438299555527,9.718664435963882,0.499183434448914,0.705130153883784,0.21505704548514154,0.07981280063107443,16.625,4987.607,12.971,21.145,20882,360.0,0.0,0.0,360.008,20.967,0.0582,0.0,0.0,4.939,207.0,0.9321,16.23,0.0601,1.459,0.706,0.214,0.081,11,3
293,BiLevel,12.7,1.0,4.635,15,0.5445,-1755.024,518.023,4970,262,-1.91,35.23,-59.81,59.96,-0.3531,0.2511,-10.099708557128906,0.3218965530395508,4.393001556396484,1.1220757961273193,0.310715913772583,13.58193588256836,6.596802711486816,16.587743759155273,0.2820795476436615,120.93070983886719,0.0631527453660965,0.42996853590011597,500000,-0.37,31.51,-107.8,102.54,-1.1227,0.0,-15.044742584228516,0.17132288217544556,3.299628973007202,0.5173918604850769,0.12519824504852295,15.399048805236816,0.34128594398498535,6.862313747406006,0.05,50000,-1.9134303419620278,35.226914871196215,262,11.253299731643578,2.7612919681950623,0.5142297067231237,0.7046421065198193,0.21559178652186664,0.07976610695831399,5.878,1763.252,12.256,16.891,19224,360.0,0.0,0.0,360.0,0.0,0.0,0.0,0.0,0.0,0.0,0.7245,17.1,0.0537,1.293,0.71,0.207,0.083,16,0
294,BiLevel,12.8,1.3,5.775,13,0.5248,-1703.598,468.047,4970,262,3.4,35.05,-59.43,59.89,-0.3428,0.2398,-10.051063537597656,0.2135794311761856,4.975934028625488,1.7160133123397827,0.2890356183052063,14.459097862243652,6.662469387054443,16.693233489990234,0.5692593455314636,87.4458236694336,0.06262680143117905,0.42878639698028564,500000,-1.22,30.22,-94.21,104.89,-1.9144,0.5,-15.356439590454102,0.15329214930534363,3.44224214553833,0.6597179174423218,0.13433760404586792,15.670098304748535,0.8970879316329956,15.85702896118164,0.05,50000,3.404837041528112,35.05081480102939,262,10.03657859352074,0.2110946143928329,0.5094087796396861,0.7049136278843935,0.21534497653026966,0.07974139558533694,8.748,2624.353,12.645,18.42,21190,360.0,0.0,0.0,361.565,45.075,0.1247,0.0,0.0,40.027,327.0,0.6945,16.99,0.0792,0.996,0.713,0.202,0.085,10,3
295,BiLevel,12.9,1.0,4.218,16,0.52,-1663.48,472.989,4970,262,9.92,32.8,-59.41,59.78,-0.3347,0.2437,-9.853598594665527,0.2595219910144806,4.293642520904541,1.0446380376815796,0.266343355178833,14.964876174926758,2.9050021171569824,16.776525497436523,0.7084271907806396,86.1090087890625,0.06208562105894089,0.4275997281074524,500000,0.02,28.41,-85.7,97.86,-1.4548,0.0,-15.459871292114258,0.17758722603321075,8.321793556213379,5.542484760284424,0.12621992826461792,15.824365615844727,0.14851798117160797,28.72367286682129,0.05,50000,9.919856157118991,32.80198487122399,262,19.029409207952646,11.749356028123906,0.4970426214947739,0.7040801641326482,0.21625435251105338,0.07966548335629836,17.343,5896.782,12.919,17.137,18646,360.0,0.0,0.0,360.0,0.0,0.0,0.0,0.0,0.0,0.0,0.7732,14.39,0.1952,1.338,0.713,0.202,0.085,13,3
296,BiLevel,12.6,1.3,3.652,15,0.4239,-1613.526,454.023,4969,262,5.4,34.62,-59.46,59.73,-0.3247,0.2384,-9.988279342651367,0.26962560415267944,4.391050338745117,1.1441032886505127,0.3314477801322937,14.089471817016602,5.164378643035889,16.530372619628906,1.1377816200256348,101.76274108886719,0.061567023396492004,0.42641332745552063,500000,-2.4,29.1,-94.75,76.41,-0.748,0.0,-15.068382263183594,0.18097874522209167,3.5044822692871094,0.7279425263404846,0.11937397718429565,15.440455436706543,0.5216960310935974,32.262535095214844,0.05,50000,5.40118802336552,34.62245060959303,262,16.542275590175077,9.851027015831908,0.5074098511533843,0.7035100936927245,0.21688431168203176,0.07960559462524373,13.089,3926.654,12.595,16.247,19487,360.0,0.0,0.0,360.0,0.0,0.0,0.0,0.0,0.0,0.0,0.9297,15.51,0.1424,1.222,0.604,0.328,0.068,15,0
297,BiLevel,13.3,1.2,3.999,16,0.578,-1659.225,472.077,4971,262,7.36,33.13,-59.62,59.77,-0.3338,0.2422,-10.258498191833496,0.18863223493099213,4.18853759765625,0.9597195386886597,0.23709365725517273,13.573817253112793,4.978451728820801,16.410133361816406,0.6035967469215393,56.3297119140625,0.06104044243693352,0.4252380430698395,500000,-0.42,33.43,-101.12,95.56,-1.1482,0.0,-15.41386890411377,0.22205553948879242,3.2838783264160156,0.5114471912384033,0.1731041967868805,15.863395690917969,0.12594634294509888,24.844703674316406,0.05,50000,7.361527135663126,33.12760005613395,262,18.5073120138755,8.764163429486123,0.4889159007125196,0.7026403790484077,0.21779879315216963,0.07956082779942265,15.383,4922.604,12.653,16.652,19441,360.0,0.0,0.0,360.0,0.0,0.0,0.0,0.0,0.0,0.0,0.8785,15.03,0.1621,1.247,0.659,0.267,0.075,14,2
298,BiLevel,12.6,1.3,3.48,15,0.3953,-1645.236,473.472,4970,262,7.56,33.77,-59.37,59.71,-0.331,0.2488,-10.074748992919922,0.236941859126091,4.582816123962402,1.3592431545257568,0.2845546305179596,14.661174774169922,6.085964202880859,16.779399871826172,1.201204776763916,104.25511169433594,0.0605352520942688,0.42407047748565674,500000,-0.85,29.23,-106.84,91.54,-0.7507,0.0,-15.204774856567383,0.21036484837532043,6.554416656494141,3.7851150035858154,0.15605053305625916,15.631319046020508,0.3290678858757019,10.314277648925781,0.05,50000,7.559236601514131,33.773138701194966,262,17.463521576123803,12.299894318768853,0.500000836032543,0.7020640076330794,0.21843988811854675,0.07949610424837389,15.329,4598.756,12.691,16.171,19896,360.0,0.0,0.0,360.0,0.0,0.0,0.0,0.0,0.0,0.0,0.8635,13.92,0.1895,1.579,0.637,0.291,0.072,15,0
299,BiLevel,13.0,1.1,4.682,13,0.6334,-1711.927,481.338,4969,262,8.08,34.6,-59.78,59.72,-0.3445,0.2464,-10.45737075805664,0.32444509863853455,4.174177169799805,0.9548994898796082,0.33141881227493286,15.153753280639648,4.272154331207275,17.51264762878418,1.0688183307647705,118.6719741821289,0.06002712622284889,0.42289820313453674,500000,-1.2,28.81,-93.59,95.73,-1.8576,0.5,-14.85861587524414,0.1558631807565689,4.246301174163818,1.4799625873565674,0.15372268855571747,15.179394721984863,0.5320534110069275,41.9528694152832,0.05,50000,8.077829099566339,34.60229461290857,262,14.082455590837881,10.058031105995179,0.5162879940459866,0.7021696930220448,0.21827826211305504,0.07955204486490014,12.805,3841.529,12.974,17.656,21189,360.0,0.0,0.0,363.238,59.542,0.1639,0.0,0.0,99.931,557.0,0.6813,13.73,0.1219,1.821,0.608,0.323,0.069,10,3
