{
 "composite": 0.7576241614780486,
 "params": [
  240,
  360,
  300
 ],
 "episode": 31,
 "z": [
  3.771224872688287,
  16.0,
  0.3805016742092199
 ],
 "n_fleet": 16
}