{
 "variant": "rule_mpc",
 "seed": 42,
 "params": "MPC",
 "n_eval": 20,
 "wait_mean": 13.953594640498093,
 "wait_std": 7.782017538053692,
 "cv_mean": 0.5006164370458805,
 "cv_std": 0.12897249586520151,
 "overshoot_mean": 2.4,
 "overshoot_std": 0.7999999999999999,
 "composite_mean": 2.531484559104348,
 "composite_std": 1.0775470430420258
}