seed,variant,status,ep_reward,avg_wait_min,headway_cv,score,upper_plan_decisions,upper_plan_reuse_ratio,upper_plan_target_mean,upper_plan_target_std,terminal_launch_shift_mean,terminal_launch_shift_std,freq_promotion_strength,shared_ppo_lower_samples,shared_ppo_gate_evaluations,shared_ppo_gate_replans,shared_ppo_gate_value_mean,shared_ppo_wait_replan_count,shared_ppo_wait_replan_pressure_mean,shared_ppo_wait_replan_shift_pressure_mean,shared_ppo_wait_replan_gap_ratio_mean,shared_ppo_wait_replan_same_hold_mean,shared_ppo_wait_replan_same_wait_mean,shared_ppo_wait_replan_shift_mean_s,shared_ppo_wait_replan_shift_abs_mean_s,shared_ppo_wait_replan_actor_base_used_mean,shared_ppo_wait_replan_base_delta_abs_mean_s,shared_ppo_wait_replan_final_delta_abs_mean_s,shared_ppo_loss
201,interval_only,supported_native_episode_loop,-18997.869,5.2,0.5484,-6.2968,66.0,0.7480916030534351,334.5140595732603,8.467248306683421,-44.43511450381679,4.462907751407808,0.0,4971.0,0.0,0.0,0.0,0.0,0.0,0.0,0.0,0.0,0.0,0.0,0.0,0.0,0.0,0.0,35762.14006347656
211,interval_only,supported_native_episode_loop,-4480.738,11.154,0.5876,-12.3292,66.0,0.7480916030534351,341.41418134685387,5.663341582661834,-44.458015267175576,4.408111090827894,0.8461538461538461,4970.0,0.0,0.0,0.0,0.0,0.0,0.0,0.0,0.0,0.0,0.0,0.0,0.0,0.0,0.0,1105.9960388183595
221,interval_only,supported_native_episode_loop,-18410.618,4.739,0.4495,-5.638,66.0,0.7480916030534351,343.38586411953884,6.331430069422512,-44.33969465648855,4.749755789452452,0.0,4972.0,0.0,0.0,0.0,0.0,0.0,0.0,0.0,0.0,0.0,0.0,0.0,0.0,0.0,0.0,73513.49951171875
231,interval_only,supported_native_episode_loop,-10209.799,4.383,0.5879,-5.5588,66.0,0.7480916030534351,334.9926582292405,9.945916610137438,-44.49236641221374,4.290716382126527,0.8461538461538461,4970.0,0.0,0.0,0.0,0.0,0.0,0.0,0.0,0.0,0.0,0.0,0.0,0.0,0.0,0.0,2900.4987670898436
241,interval_only,supported_native_episode_loop,-2798.204,8.529,0.478,-9.485,66.0,0.7480916030534351,325.4533467994088,7.277948902712453,-44.38931297709924,4.640631240103601,1.0,4970.0,0.0,0.0,0.0,0.0,0.0,0.0,0.0,0.0,0.0,0.0,0.0,0.0,0.0,0.0,11356.06664428711
251,interval_only,supported_native_episode_loop,-2551.573,3.779,0.3801,-4.5392,66.0,0.7480916030534351,343.2584656543935,6.796729871493199,-44.19847328244275,4.718681157654837,1.0,4970.0,0.0,0.0,0.0,0.0,0.0,0.0,0.0,0.0,0.0,0.0,0.0,0.0,0.0,0.0,114.54584484100342
261,interval_only,supported_native_episode_loop,-2722.077,7.324,0.4328,-8.1896,66.0,0.7480916030534351,340.98051314994353,7.358130382871196,-44.52671755725191,4.198015242190195,1.0,4971.0,0.0,0.0,0.0,0.0,0.0,0.0,0.0,0.0,0.0,0.0,0.0,0.0,0.0,0.0,7606.185885620117
271,interval_only,supported_native_episode_loop,-19905.315,19.487,0.4719,-20.430799999999998,66.0,0.7480916030534351,334.2909146284633,4.187557894436526,-44.530534351145036,4.1724540736731415,0.0,4970.0,0.0,0.0,0.0,0.0,0.0,0.0,0.0,0.0,0.0,0.0,0.0,0.0,0.0,0.0,60133.03330078125
281,interval_only,supported_native_episode_loop,-15383.061,4.472,0.6889,-5.8498,66.0,0.7480916030534351,335.30071079627857,5.529421193829805,-44.538167938931295,4.134715401658565,0.0,4972.0,0.0,0.0,0.0,0.0,0.0,0.0,0.0,0.0,0.0,0.0,0.0,0.0,0.0,0.0,31417.998693847658
291,interval_only,supported_native_episode_loop,-11419.763,5.493,0.6386,-6.7702,66.0,0.7480916030534351,346.71721499390503,5.191315560493146,-44.42748091603053,4.483269210578515,0.0,4971.0,0.0,0.0,0.0,0.0,0.0,0.0,0.0,0.0,0.0,0.0,0.0,0.0,0.0,0.0,47709.92119140625
301,interval_only,supported_native_episode_loop,-3065.801,6.321,0.5195,-7.359999999999999,66.0,0.7480916030534351,347.15645218005847,12.910316577262098,-34.43893129770992,14.88563564232969,0.5384615384615384,4971.0,0.0,0.0,0.0,0.0,0.0,0.0,0.0,0.0,0.0,0.0,0.0,0.0,0.0,0.0,3258.271447753906
311,interval_only,supported_native_episode_loop,-13102.942,5.543,0.5485,-6.640000000000001,66.0,0.7480916030534351,346.57637223299525,10.808482379968723,-39.603053435114504,15.582177815879726,0.0,4971.0,0.0,0.0,0.0,0.0,0.0,0.0,0.0,0.0,0.0,0.0,0.0,0.0,0.0,0.0,80882.96618652344
321,interval_only,supported_native_episode_loop,-2834.073,4.792,0.5859,-5.9638,66.0,0.7480916030534351,331.0907001039151,4.650877108475851,-44.50381679389313,4.277357473815105,0.0,4970.0,0.0,0.0,0.0,0.0,0.0,0.0,0.0,0.0,0.0,0.0,0.0,0.0,0.0,0.0,47475.86353759766
331,interval_only,supported_native_episode_loop,-3807.758,5.667,0.4203,-6.5076,66.0,0.7480916030534351,343.89845231977733,6.764156573471823,-44.19083969465649,5.139451516488187,0.0,4971.0,0.0,0.0,0.0,0.0,0.0,0.0,0.0,0.0,0.0,0.0,0.0,0.0,0.0,0.0,620.1403221130371
341,interval_only,supported_native_episode_loop,-17455.41,14.918,0.5155,-15.949,66.0,0.7480916030534351,329.24539121986953,4.910453725115944,-44.538167938931295,4.160482172865041,0.0,4971.0,0.0,0.0,0.0,0.0,0.0,0.0,0.0,0.0,0.0,0.0,0.0,0.0,0.0,0.0,15822.397619628906
351,interval_only,supported_native_episode_loop,-16912.506,5.247,0.4707,-6.1884,66.0,0.7480916030534351,340.43839673641077,6.003167162696262,-44.30534351145038,4.750079356140639,0.0,4970.0,0.0,0.0,0.0,0.0,0.0,0.0,0.0,0.0,0.0,0.0,0.0,0.0,0.0,0.0,4205.492901611328
361,interval_only,supported_native_episode_loop,-3024.825,5.679,0.3388,-6.3566,66.0,0.7480916030534351,334.68928714320253,4.60989385336234,-44.469465648854964,4.372561796136647,0.0,4970.0,0.0,0.0,0.0,0.0,0.0,0.0,0.0,0.0,0.0,0.0,0.0,0.0,0.0,0.0,882.7835144042969
371,interval_only,supported_native_episode_loop,-2620.089,8.455,0.3905,-9.236,66.0,0.7480916030534351,345.5290591322815,6.10818796500646,-44.25190839694657,4.982172050697761,0.0,4970.0,0.0,0.0,0.0,0.0,0.0,0.0,0.0,0.0,0.0,0.0,0.0,0.0,0.0,0.0,4697.726427459716
381,interval_only,supported_native_episode_loop,-19745.804,30.258,0.605,-31.468,66.0,0.7480916030534351,343.4254576376073,8.471993995773094,-44.26335877862596,4.6744507144652765,0.0,4971.0,0.0,0.0,0.0,0.0,0.0,0.0,0.0,0.0,0.0,0.0,0.0,0.0,0.0,0.0,103340.421484375
391,interval_only,supported_native_episode_loop,-14607.586,5.777,0.6161,-7.0092,66.0,0.7480916030534351,337.1279697521725,11.709158045000505,-43.95038167938932,5.318968993332332,0.8461538461538461,4971.0,0.0,0.0,0.0,0.0,0.0,0.0,0.0,0.0,0.0,0.0,0.0,0.0,0.0,0.0,1362.102310180664
401,interval_only,supported_native_episode_loop,-2754.551,5.077,0.3706,-5.8182,66.0,0.7480916030534351,345.6708123907068,5.325494002055849,-44.23664122137404,4.64352468961172,0.0,4970.0,0.0,0.0,0.0,0.0,0.0,0.0,0.0,0.0,0.0,0.0,0.0,0.0,0.0,0.0,47096.281909179685
411,interval_only,supported_native_episode_loop,-20649.724,16.569,0.5165,-17.602,66.0,0.7480916030534351,338.2202395198,8.440823688818112,-44.47709923664122,4.3682418229466045,0.23076923076923078,4970.0,0.0,0.0,0.0,0.0,0.0,0.0,0.0,0.0,0.0,0.0,0.0,0.0,0.0,0.0,52974.818603515625
421,interval_only,supported_native_episode_loop,-2844.59,4.172,0.5253,-5.2226,66.0,0.7480916030534351,342.3742865893677,7.903812660658103,-44.274809160305345,4.851305695203409,0.0,4970.0,0.0,0.0,0.0,0.0,0.0,0.0,0.0,0.0,0.0,0.0,0.0,0.0,0.0,0.0,2489.655642700195
431,interval_only,supported_native_episode_loop,-9106.576,5.04,0.4311,-5.9022,66.0,0.7480916030534351,339.5258826712843,9.699268743482872,-44.50381679389313,4.240614325727498,1.0,4972.0,0.0,0.0,0.0,0.0,0.0,0.0,0.0,0.0,0.0,0.0,0.0,0.0,0.0,0.0,19080.38410644531
441,interval_only,supported_native_episode_loop,-19724.943,40.103,0.2776,-40.6582,66.0,0.7480916030534351,343.4237148128393,9.03064989669402,-44.36259541984733,4.662892917817485,0.0,4971.0,0.0,0.0,0.0,0.0,0.0,0.0,0.0,0.0,0.0,0.0,0.0,0.0,0.0,0.0,47359.596435546875
451,interval_only,supported_native_episode_loop,-2704.577,4.44,0.4856,-5.4112,66.0,0.7480916030534351,346.8749451432709,4.364217517095395,-44.19465648854962,5.25570301624597,1.0,4970.0,0.0,0.0,0.0,0.0,0.0,0.0,0.0,0.0,0.0,0.0,0.0,0.0,0.0,0.0,32336.160388183594
461,interval_only,supported_native_episode_loop,-19093.921,6.143,0.3428,-6.8286,66.0,0.7480916030534351,350.0373791874972,6.445714676179932,-44.416030534351144,4.493274308823671,0.5384615384615384,4970.0,0.0,0.0,0.0,0.0,0.0,0.0,0.0,0.0,0.0,0.0,0.0,0.0,0.0,0.0,13859.344262695313
471,interval_only,supported_native_episode_loop,-19841.365,9.301,0.4813,-10.2636,66.0,0.7480916030534351,337.764455010175,6.946568033790847,-44.270992366412216,4.901222601012377,0.0,4971.0,0.0,0.0,0.0,0.0,0.0,0.0,0.0,0.0,0.0,0.0,0.0,0.0,0.0,0.0,3346.537322998047
481,interval_only,supported_native_episode_loop,-3102.591,5.214,0.4491,-6.1122000000000005,66.0,0.7480916030534351,341.16953292031025,6.919706041153595,-44.20992366412214,4.915877919493491,0.0,4970.0,0.0,0.0,0.0,0.0,0.0,0.0,0.0,0.0,0.0,0.0,0.0,0.0,0.0,0.0,11339.796096801758
491,interval_only,supported_native_episode_loop,-14474.477,5.186,0.57,-6.326,66.0,0.7480916030534351,338.0536445509538,5.363466777280714,-44.267175572519086,4.979843995657164,0.6923076923076924,4970.0,0.0,0.0,0.0,0.0,0.0,0.0,0.0,0.0,0.0,0.0,0.0,0.0,0.0,0.0,4692.1067565917965
501,interval_only,supported_native_episode_loop,-3119.134,4.7,0.4577,-5.6154,66.0,0.7480916030534351,332.93125294656244,10.022646769835905,-44.35496183206107,4.7566701057279985,0.3846153846153846,4972.0,0.0,0.0,0.0,0.0,0.0,0.0,0.0,0.0,0.0,0.0,0.0,0.0,0.0,0.0,23773.35789794922
511,interval_only,supported_native_episode_loop,-2709.404,5.706,0.4824,-6.670800000000001,66.0,0.7480916030534351,339.70220589935406,5.413347004373555,-44.1412213740458,5.308704794942783,0.0,4970.0,0.0,0.0,0.0,0.0,0.0,0.0,0.0,0.0,0.0,0.0,0.0,0.0,0.0,0.0,763.1241424560546
521,interval_only,supported_native_episode_loop,-18714.49,5.816,0.6446,-7.1052,66.0,0.7480916030534351,331.7239937807787,13.678025107903055,-44.461832061068705,4.34447895689587,0.0,4972.0,0.0,0.0,0.0,0.0,0.0,0.0,0.0,0.0,0.0,0.0,0.0,0.0,0.0,0.0,31993.6990234375
531,interval_only,supported_native_episode_loop,-2824.355,7.353,0.5181,-8.389199999999999,66.0,0.7480916030534351,340.6719429763522,5.956349413399539,-44.41984732824427,4.481436176684767,0.0,4971.0,0.0,0.0,0.0,0.0,0.0,0.0,0.0,0.0,0.0,0.0,0.0,0.0,0.0,0.0,11713.866387939453
541,interval_only,supported_native_episode_loop,-15310.671,6.123,0.6089,-7.3408,66.0,0.7480916030534351,337.1873188003025,6.772198203509418,-44.396946564885496,4.5920265933230295,1.0,4972.0,0.0,0.0,0.0,0.0,0.0,0.0,0.0,0.0,0.0,0.0,0.0,0.0,0.0,0.0,35323.07707519531
551,interval_only,supported_native_episode_loop,-2702.971,6.565,0.4744,-7.513800000000001,66.0,0.7480916030534351,343.42007783601304,6.842035190603947,-44.05343511450382,4.780387695637148,0.9732971731083753,4970.0,0.0,0.0,0.0,0.0,0.0,0.0,0.0,0.0,0.0,0.0,0.0,0.0,0.0,0.0,9767.875839233398
561,interval_only,supported_native_episode_loop,-9312.926,4.891,0.3895,-5.67,66.0,0.7480916030534351,335.6276712290355,6.856030707669428,-44.465648854961835,4.372533476883643,1.0,4970.0,0.0,0.0,0.0,0.0,0.0,0.0,0.0,0.0,0.0,0.0,0.0,0.0,0.0,0.0,47705.1046875
571,interval_only,supported_native_episode_loop,-8763.262,3.613,0.4997,-4.6124,66.0,0.7480916030534351,329.8693081921293,4.272634349656671,-44.54961832061068,4.126277253949163,0.0,4970.0,0.0,0.0,0.0,0.0,0.0,0.0,0.0,0.0,0.0,0.0,0.0,0.0,0.0,0.0,6297.144787597656
581,interval_only,supported_native_episode_loop,-18925.051,6.076,0.3642,-6.804399999999999,66.0,0.7480916030534351,339.36119988339243,5.155822089123099,-44.5,4.281818476494403,0.0,4971.0,0.0,0.0,0.0,0.0,0.0,0.0,0.0,0.0,0.0,0.0,0.0,0.0,0.0,0.0,64555.8052734375
591,interval_only,supported_native_episode_loop,-18440.731,4.487,0.5168,-5.5206,66.0,0.7480916030534351,340.6066428488751,4.586588636742459,-44.534351145038165,4.1614327206997945,0.3846153846153846,4970.0,0.0,0.0,0.0,0.0,0.0,0.0,0.0,0.0,0.0,0.0,0.0,0.0,0.0,0.0,8694.177954101562
601,interval_only,supported_native_episode_loop,-13169.16,5.922,0.5112,-6.9444,66.0,0.7480916030534351,345.0388983543289,4.997172804065277,-44.33206106870229,4.796671351816728,1.0,4971.0,0.0,0.0,0.0,0.0,0.0,0.0,0.0,0.0,0.0,0.0,0.0,0.0,0.0,0.0,7473.913775634765
611,interval_only,supported_native_episode_loop,-9286.583,5.525,0.5976,-6.7202,66.0,0.7480916030534351,348.3116418481707,6.830011619643055,-44.36641221374046,4.498016707768245,0.23076923076923078,4972.0,0.0,0.0,0.0,0.0,0.0,0.0,0.0,0.0,0.0,0.0,0.0,0.0,0.0,0.0,8548.796124267577
621,interval_only,supported_native_episode_loop,-3025.812,5.312,0.4356,-6.1832,66.0,0.7480916030534351,333.4725587502691,5.724692615023479,-44.14885496183206,5.3756571252808,0.0,4971.0,0.0,0.0,0.0,0.0,0.0,0.0,0.0,0.0,0.0,0.0,0.0,0.0,0.0,0.0,4288.632931518555
631,interval_only,supported_native_episode_loop,-3825.939,6.027,0.4097,-6.8464,66.0,0.7480916030534351,350.25928282684265,13.48953121575323,-9.641221374045802,38.92115119985515,1.0,4970.0,0.0,0.0,0.0,0.0,0.0,0.0,0.0,0.0,0.0,0.0,0.0,0.0,0.0,0.0,12346.413037109374
641,interval_only,supported_native_episode_loop,-17614.726,6.913,0.4372,-7.7874,66.0,0.7480916030534351,339.68209668603413,15.902224749492543,-38.916030534351144,13.677327407308097,1.0,4970.0,0.0,0.0,0.0,0.0,0.0,0.0,0.0,0.0,0.0,0.0,0.0,0.0,0.0,0.0,7181.364147949219
651,interval_only,supported_native_episode_loop,-18256.062,4.818,0.7198,-6.2576,66.0,0.7480916030534351,334.1772224022308,6.325217849365166,-44.30916030534351,4.957051425686204,0.8461538461538461,4971.0,0.0,0.0,0.0,0.0,0.0,0.0,0.0,0.0,0.0,0.0,0.0,0.0,0.0,0.0,28651.9646484375
661,interval_only,supported_native_episode_loop,-18975.947,7.267,0.4217,-8.1104,66.0,0.7480916030534351,339.70614435208284,4.932110443969375,-44.39312977099237,4.535907474447344,0.0,4970.0,0.0,0.0,0.0,0.0,0.0,0.0,0.0,0.0,0.0,0.0,0.0,0.0,0.0,0.0,18823.75802001953
671,interval_only,supported_native_episode_loop,-14958.885,28.323,0.4986,-29.3202,66.0,0.7480916030534351,341.5089482992205,5.522473685474318,-44.47328244274809,4.35246397580544,0.5384615384615384,4971.0,0.0,0.0,0.0,0.0,0.0,0.0,0.0,0.0,0.0,0.0,0.0,0.0,0.0,0.0,106727.18935546876
681,interval_only,supported_native_episode_loop,-18409.773,17.33,0.5711,-18.472199999999997,66.0,0.7480916030534351,338.59159250611265,4.886159782476476,-44.461832061068705,4.383834948682797,0.0,4971.0,0.0,0.0,0.0,0.0,0.0,0.0,0.0,0.0,0.0,0.0,0.0,0.0,0.0,0.0,14174.621716308593
691,interval_only,supported_native_episode_loop,-11018.262,4.069,0.6297,-5.3284,66.0,0.7480916030534351,337.2545020176254,4.910111686501213,-44.43129770992366,4.493533674162735,0.0,4970.0,0.0,0.0,0.0,0.0,0.0,0.0,0.0,0.0,0.0,0.0,0.0,0.0,0.0,0.0,14572.330773925782
701,interval_only,supported_native_episode_loop,-2838.217,4.634,0.4631,-5.5602,66.0,0.7480916030534351,346.7656806216137,7.805148244011808,-43.33969465648855,6.2458435570246555,0.0,4971.0,0.0,0.0,0.0,0.0,0.0,0.0,0.0,0.0,0.0,0.0,0.0,0.0,0.0,0.0,471.0700340270996
711,interval_only,supported_native_episode_loop,-5632.91,7.603,0.4253,-8.4536,66.0,0.7480916030534351,346.7567979277071,4.616042367446713,-44.343511450381676,4.678635855807003,1.0,4970.0,0.0,0.0,0.0,0.0,0.0,0.0,0.0,0.0,0.0,0.0,0.0,0.0,0.0,0.0,5596.381311035157
721,interval_only,supported_native_episode_loop,-7854.993,5.301,0.6006,-6.5022,66.0,0.7480916030534351,341.72661081003474,6.706043760588888,-44.31679389312977,4.88130336542467,0.8461538461538461,4970.0,0.0,0.0,0.0,0.0,0.0,0.0,0.0,0.0,0.0,0.0,0.0,0.0,0.0,0.0,7679.447863769531
731,interval_only,supported_native_episode_loop,-15801.68,4.31,0.6711,-5.6522,66.0,0.7480916030534351,346.8998312273098,5.027738474928736,-44.091603053435115,5.359518010799318,0.0,4971.0,0.0,0.0,0.0,0.0,0.0,0.0,0.0,0.0,0.0,0.0,0.0,0.0,0.0,0.0,67824.49693603515
741,interval_only,supported_native_episode_loop,-18201.119,5.629,0.5186,-6.6662,66.0,0.7480916030534351,336.81764576768757,5.44208858468173,-44.270992366412216,5.009822238616569,0.0,4970.0,0.0,0.0,0.0,0.0,0.0,0.0,0.0,0.0,0.0,0.0,0.0,0.0,0.0,0.0,80914.71162109375
751,interval_only,supported_native_episode_loop,-17203.965,4.775,0.4829,-5.7408,66.0,0.7480916030534351,336.04816377272135,7.6742513323778265,-44.545801526717554,4.1447798409655,0.0,4971.0,0.0,0.0,0.0,0.0,0.0,0.0,0.0,0.0,0.0,0.0,0.0,0.0,0.0,0.0,5191.7990234375
761,interval_only,supported_native_episode_loop,-19436.661,26.361,0.4319,-27.224800000000002,66.0,0.7480916030534351,349.5940999709922,5.2999299406089015,-44.33587786259542,4.668573980133893,1.0,4971.0,0.0,0.0,0.0,0.0,0.0,0.0,0.0,0.0,0.0,0.0,0.0,0.0,0.0,0.0,60665.15092773437
771,interval_only,supported_native_episode_loop,-5719.848,4.133,0.4006,-4.9342,66.0,0.7480916030534351,344.47406896638273,7.358554056902102,-44.33206106870229,4.804621934679346,0.0,4971.0,0.0,0.0,0.0,0.0,0.0,0.0,0.0,0.0,0.0,0.0,0.0,0.0,0.0,0.0,3311.347578430176
781,interval_only,supported_native_episode_loop,-3224.858,11.102,0.4212,-11.9444,66.0,0.7480916030534351,347.8775275863233,4.930254705683251,-44.24045801526717,4.798159294422132,0.0,4971.0,0.0,0.0,0.0,0.0,0.0,0.0,0.0,0.0,0.0,0.0,0.0,0.0,0.0,0.0,1882.5701400756836
791,interval_only,supported_native_episode_loop,-9332.058,13.522,0.4875,-14.497,66.0,0.7480916030534351,336.9834898769476,5.77669443409575,-44.530534351145036,4.1724540736731415,0.0,4971.0,0.0,0.0,0.0,0.0,0.0,0.0,0.0,0.0,0.0,0.0,0.0,0.0,0.0,0.0,4185.583251953125
801,interval_only,supported_native_episode_loop,-20498.446,20.955,0.6869,-22.328799999999998,66.0,0.7480916030534351,333.1309061341613,4.665664711742581,-44.5,4.256786229966639,1.0,4971.0,0.0,0.0,0.0,0.0,0.0,0.0,0.0,0.0,0.0,0.0,0.0,0.0,0.0,0.0,16712.04208984375
811,interval_only,supported_native_episode_loop,-2678.923,7.686,0.2857,-8.2574,66.0,0.7480916030534351,351.9976217044295,4.184548778720296,-43.9236641221374,5.899434984733239,0.0,4971.0,0.0,0.0,0.0,0.0,0.0,0.0,0.0,0.0,0.0,0.0,0.0,0.0,0.0,0.0,1693.747947692871
821,interval_only,supported_native_episode_loop,-11050.38,5.864,0.5635,-6.991,66.0,0.7480916030534351,333.2661911437833,4.279024199750071,-44.52290076335878,4.193489408312964,1.0,4971.0,0.0,0.0,0.0,0.0,0.0,0.0,0.0,0.0,0.0,0.0,0.0,0.0,0.0,0.0,6250.26259765625
831,interval_only,supported_native_episode_loop,-17933.715,4.229,0.5204,-5.2698,66.0,0.7480916030534351,336.5850292096611,9.33409880249232,-44.48854961832061,4.347266250253307,0.0,4970.0,0.0,0.0,0.0,0.0,0.0,0.0,0.0,0.0,0.0,0.0,0.0,0.0,0.0,0.0,177057.10869140626
841,interval_only,supported_native_episode_loop,-18868.331,4.779,0.3592,-5.4974,66.0,0.7480916030534351,343.3240965665448,4.610912828528685,-44.47328244274809,4.331366591944611,1.0,4970.0,0.0,0.0,0.0,0.0,0.0,0.0,0.0,0.0,0.0,0.0,0.0,0.0,0.0,0.0,2570.891940307617
851,interval_only,supported_native_episode_loop,-2679.694,5.147,0.4189,-5.9848,66.0,0.7480916030534351,339.2115615347348,5.778509539243173,-44.43511450381679,4.458629571812913,0.3846153846153846,4971.0,0.0,0.0,0.0,0.0,0.0,0.0,0.0,0.0,0.0,0.0,0.0,0.0,0.0,0.0,18768.384075927734
861,interval_only,supported_native_episode_loop,-13621.598,5.652,0.4254,-6.502800000000001,66.0,0.7480916030534351,344.5323011438355,5.450545589847783,-43.774809160305345,6.271744993933007,0.0,4970.0,0.0,0.0,0.0,0.0,0.0,0.0,0.0,0.0,0.0,0.0,0.0,0.0,0.0,0.0,45542.137890625
871,interval_only,supported_native_episode_loop,-18756.759,4.313,0.7053,-5.723599999999999,66.0,0.7480916030534351,339.79775872068245,6.6061276589763445,-44.31679389312977,4.823094136456701,0.0,4971.0,0.0,0.0,0.0,0.0,0.0,0.0,0.0,0.0,0.0,0.0,0.0,0.0,0.0,0.0,7135.2659362792965
881,interval_only,supported_native_episode_loop,-2684.396,4.151,0.5459,-5.2428,66.0,0.7480916030534351,338.0672090793991,4.021091023331115,-44.16030534351145,5.363599101966206,1.0,4971.0,0.0,0.0,0.0,0.0,0.0,0.0,0.0,0.0,0.0,0.0,0.0,0.0,0.0,0.0,11237.626342773438
891,interval_only,supported_native_episode_loop,-18534.509,6.106,0.3397,-6.7854,66.0,0.7480916030534351,342.99862046848517,9.53420926052645,-44.17557251908397,5.077236905629482,0.6923076923076924,4970.0,0.0,0.0,0.0,0.0,0.0,0.0,0.0,0.0,0.0,0.0,0.0,0.0,0.0,0.0,113043.9609375
901,interval_only,supported_native_episode_loop,-17958.594,35.004,0.7281,-36.4602,66.0,0.7480916030534351,341.3040434288615,8.71965940631172,-44.091603053435115,5.556030190344652,0.23076923076923078,4970.0,0.0,0.0,0.0,0.0,0.0,0.0,0.0,0.0,0.0,0.0,0.0,0.0,0.0,0.0,14889.90037841797
911,interval_only,supported_native_episode_loop,-19058.164,8.749,0.3072,-9.3634,66.0,0.7480916030534351,337.5659474569461,5.939576466119926,-44.267175572519086,5.115944880724324,1.0,4971.0,0.0,0.0,0.0,0.0,0.0,0.0,0.0,0.0,0.0,0.0,0.0,0.0,0.0,0.0,50142.37985839844
921,interval_only,supported_native_episode_loop,-3013.722,5.627,0.4984,-6.6238,66.0,0.7480916030534351,337.779162808593,5.543299553053171,-44.39312977099237,4.611844870038118,0.0,4971.0,0.0,0.0,0.0,0.0,0.0,0.0,0.0,0.0,0.0,0.0,0.0,0.0,0.0,0.0,545.1599884033203
931,interval_only,supported_native_episode_loop,-4212.97,5.715,0.4507,-6.6164,66.0,0.7480916030534351,341.025904688277,4.895556650641902,-44.416030534351144,4.514460511400152,1.0,4972.0,0.0,0.0,0.0,0.0,0.0,0.0,0.0,0.0,0.0,0.0,0.0,0.0,0.0,0.0,70265.25180664062
941,interval_only,supported_native_episode_loop,-19372.701,9.515,0.5105,-10.536000000000001,66.0,0.7480916030534351,347.48170725607696,5.35682799210076,-43.721374045801525,6.15284341434623,0.0,4970.0,0.0,0.0,0.0,0.0,0.0,0.0,0.0,0.0,0.0,0.0,0.0,0.0,0.0,0.0,6486.610607910156
951,interval_only,supported_native_episode_loop,-3102.092,4.058,0.5676,-5.1932,66.0,0.7480916030534351,340.23058368898074,12.964002807698844,-44.26335877862596,4.736905713808004,0.0,4970.0,0.0,0.0,0.0,0.0,0.0,0.0,0.0,0.0,0.0,0.0,0.0,0.0,0.0,0.0,95734.7302734375
961,interval_only,supported_native_episode_loop,-12607.949,3.961,0.5826,-5.1262,66.0,0.7480916030534351,330.22449466253966,7.587585869258065,-44.52290076335878,4.218897234544625,0.6923076923076924,4971.0,0.0,0.0,0.0,0.0,0.0,0.0,0.0,0.0,0.0,0.0,0.0,0.0,0.0,0.0,15553.357397460937
971,interval_only,supported_native_episode_loop,-8864.038,5.934,0.5509,-7.0358,66.0,0.7480916030534351,342.08049032577424,10.296631705104335,-43.774809160305345,6.500062753795142,0.0,4971.0,0.0,0.0,0.0,0.0,0.0,0.0,0.0,0.0,0.0,0.0,0.0,0.0,0.0,0.0,11555.599005126953
981,interval_only,supported_native_episode_loop,-11998.161,5.446,0.3972,-6.240399999999999,66.0,0.7480916030534351,340.5302987583721,5.1488622073497465,-44.17175572519084,5.330049837344309,1.0,4970.0,0.0,0.0,0.0,0.0,0.0,0.0,0.0,0.0,0.0,0.0,0.0,0.0,0.0,0.0,57566.31538085938
991,interval_only,supported_native_episode_loop,-18843.374,4.284,0.6303,-5.5446,66.0,0.7480916030534351,328.8799066993116,4.942980162614127,-44.54961832061068,4.096570415273969,0.8461538461538461,4971.0,0.0,0.0,0.0,0.0,0.0,0.0,0.0,0.0,0.0,0.0,0.0,0.0,0.0,0.0,8571.844799804687
1001,interval_only,supported_native_episode_loop,-17753.974,6.295,0.5401,-7.3751999999999995,66.0,0.7480916030534351,338.8753285646306,12.124708864356782,-44.06106870229008,4.789868004350097,0.3846153846153846,4971.0,0.0,0.0,0.0,0.0,0.0,0.0,0.0,0.0,0.0,0.0,0.0,0.0,0.0,0.0,2034.6996978759767
1011,interval_only,supported_native_episode_loop,-19157.908,5.468,0.5799,-6.6278,66.0,0.7480916030534351,328.03721406223207,5.475280109931217,-44.51145038167939,4.250489710832054,0.0,4971.0,0.0,0.0,0.0,0.0,0.0,0.0,0.0,0.0,0.0,0.0,0.0,0.0,0.0,0.0,95053.67016601562
1021,interval_only,supported_native_episode_loop,-3193.084,5.625,0.5919,-6.8088,66.0,0.7480916030534351,341.7254501146517,5.852189743641832,-44.343511450381676,4.735396986133379,0.0,4970.0,0.0,0.0,0.0,0.0,0.0,0.0,0.0,0.0,0.0,0.0,0.0,0.0,0.0,0.0,1437.5561874389648
1031,interval_only,supported_native_episode_loop,-18844.152,4.575,0.4913,-5.5576,66.0,0.7480916030534351,331.2354411287162,5.868223145344304,-44.43893129770992,4.479181231735369,1.0,4970.0,0.0,0.0,0.0,0.0,0.0,0.0,0.0,0.0,0.0,0.0,0.0,0.0,0.0,0.0,8195.167199707032
1041,interval_only,supported_native_episode_loop,-17246.642,5.136,0.5799,-6.2958,66.0,0.7480916030534351,348.74290316879905,7.649477484171682,-41.083969465648856,12.599550560225488,0.0,4973.0,0.0,0.0,0.0,0.0,0.0,0.0,0.0,0.0,0.0,0.0,0.0,0.0,0.0,0.0,49862.06342773438
1051,interval_only,supported_native_episode_loop,-2762.157,4.994,0.3424,-5.6788,66.0,0.7480916030534351,333.122599065774,5.877730637514513,-44.52290076335878,4.193489408312964,0.6923076923076924,4970.0,0.0,0.0,0.0,0.0,0.0,0.0,0.0,0.0,0.0,0.0,0.0,0.0,0.0,0.0,36948.78356933594
1061,interval_only,supported_native_episode_loop,-18903.564,4.164,0.6421,-5.4482,66.0,0.7480916030534351,334.8922833821246,5.761961075700186,-44.465648854961835,4.363795724894276,1.0,4971.0,0.0,0.0,0.0,0.0,0.0,0.0,0.0,0.0,0.0,0.0,0.0,0.0,0.0,0.0,15174.879907226563
1071,interval_only,supported_native_episode_loop,-2752.83,3.769,0.435,-4.639,66.0,0.7480916030534351,350.3051395960247,4.833089754753351,-44.213740458015266,4.9578492529604725,0.5384615384615384,4970.0,0.0,0.0,0.0,0.0,0.0,0.0,0.0,0.0,0.0,0.0,0.0,0.0,0.0,0.0,39021.10659179687
1081,interval_only,supported_native_episode_loop,-18919.25,5.031,0.5066,-6.0442,66.0,0.7480916030534351,328.68227844578007,5.635430915726861,-44.49618320610687,4.310247058683938,0.0,4971.0,0.0,0.0,0.0,0.0,0.0,0.0,0.0,0.0,0.0,0.0,0.0,0.0,0.0,0.0,15529.87938232422
1091,interval_only,supported_native_episode_loop,-12234.622,11.376,0.6342,-12.6444,66.0,0.7480916030534351,347.49673432439056,6.026581796762587,-43.37022900763359,5.73561519167254,0.0,4971.0,0.0,0.0,0.0,0.0,0.0,0.0,0.0,0.0,0.0,0.0,0.0,0.0,0.0,0.0,20478.450634765624
1101,interval_only,supported_native_episode_loop,-18995.915,4.94,0.5154,-5.9708000000000006,66.0,0.7480916030534351,344.3704090976457,5.42497182220881,-44.41984732824427,4.5229764544186715,0.0,4970.0,0.0,0.0,0.0,0.0,0.0,0.0,0.0,0.0,0.0,0.0,0.0,0.0,0.0,0.0,30593.008374023437
1111,interval_only,supported_native_episode_loop,-16197.273,4.186,0.631,-5.448,66.0,0.7480916030534351,337.630384883277,5.07049947196945,-44.39312977099237,4.633312679686064,0.0,4971.0,0.0,0.0,0.0,0.0,0.0,0.0,0.0,0.0,0.0,0.0,0.0,0.0,0.0,0.0,51876.70317382812
1121,interval_only,supported_native_episode_loop,-2697.713,4.634,0.4553,-5.5446,66.0,0.7480916030534351,342.40587438238794,10.106233827522393,-42.68320610687023,8.664815690033619,1.0,4971.0,0.0,0.0,0.0,0.0,0.0,0.0,0.0,0.0,0.0,0.0,0.0,0.0,0.0,0.0,21189.110498046874
1131,interval_only,supported_native_episode_loop,-2675.165,4.199,0.3854,-4.9698,66.0,0.7480916030534351,342.53216669954946,5.81890205173391,-44.20229007633588,5.205061624157351,0.5384615384615384,4971.0,0.0,0.0,0.0,0.0,0.0,0.0,0.0,0.0,0.0,0.0,0.0,0.0,0.0,0.0,5025.40246887207
1141,interval_only,supported_native_episode_loop,-20564.048,33.977,0.5328,-35.0426,66.0,0.7480916030534351,345.9203952955685,7.110902951089861,-44.3587786259542,4.701905902815629,0.23076923076923078,4970.0,0.0,0.0,0.0,0.0,0.0,0.0,0.0,0.0,0.0,0.0,0.0,0.0,0.0,0.0,53499.99580078125
1151,interval_only,supported_native_episode_loop,-18614.756,5.523,0.5113,-6.545599999999999,66.0,0.7480916030534351,329.0383289209152,5.8211866781343895,-44.282442748091604,5.040711825959811,0.0,4971.0,0.0,0.0,0.0,0.0,0.0,0.0,0.0,0.0,0.0,0.0,0.0,0.0,0.0,0.0,51364.4853515625
1161,interval_only,supported_native_episode_loop,-6615.849,11.554,0.7012,-12.9564,66.0,0.7480916030534351,332.2925922806633,5.278292563695999,-44.51526717557252,4.219836350114421,1.0,4970.0,0.0,0.0,0.0,0.0,0.0,0.0,0.0,0.0,0.0,0.0,0.0,0.0,0.0,0.0,105547.871875
1171,interval_only,supported_native_episode_loop,-17489.461,51.69,0.5477,-52.785399999999996,66.0,0.7480916030534351,342.87602130056337,9.112081627869749,-44.38549618320611,4.508712890545898,0.0,4970.0,0.0,0.0,0.0,0.0,0.0,0.0,0.0,0.0,0.0,0.0,0.0,0.0,0.0,0.0,18303.921166992186
1181,interval_only,supported_native_episode_loop,-8689.694,4.691,0.6144,-5.9197999999999995,66.0,0.7480916030534351,349.4025885880733,7.35758662778869,-44.0763358778626,4.926355853372378,0.0,4970.0,0.0,0.0,0.0,0.0,0.0,0.0,0.0,0.0,0.0,0.0,0.0,0.0,0.0,0.0,19971.445275878905
1191,interval_only,supported_native_episode_loop,-3316.994,4.641,0.3643,-5.3696,66.0,0.7480916030534351,343.23147082624547,6.216720234370654,-44.16793893129771,5.1461876080292654,0.0,4970.0,0.0,0.0,0.0,0.0,0.0,0.0,0.0,0.0,0.0,0.0,0.0,0.0,0.0,0.0,7684.799456787109
1201,interval_only,supported_native_episode_loop,-18460.522,8.238,0.7751,-9.7882,66.0,0.7480916030534351,332.3158009897965,4.793680401731859,-44.41984732824427,4.525507349522755,1.0,4970.0,0.0,0.0,0.0,0.0,0.0,0.0,0.0,0.0,0.0,0.0,0.0,0.0,0.0,0.0,4984.205352783203
1211,interval_only,supported_native_episode_loop,-15883.708,31.25,0.5213,-32.2926,66.0,0.7480916030534351,340.01968924950705,4.767864991984902,-44.48473282442748,4.347254521555197,1.0,4971.0,0.0,0.0,0.0,0.0,0.0,0.0,0.0,0.0,0.0,0.0,0.0,0.0,0.0,0.0,2496.1438995361327
1221,interval_only,supported_native_episode_loop,-2892.566,6.386,0.3663,-7.1186,66.0,0.7480916030534351,341.7249939418628,5.23449069899833,-44.43511450381679,4.479979615277405,1.0,4971.0,0.0,0.0,0.0,0.0,0.0,0.0,0.0,0.0,0.0,0.0,0.0,0.0,0.0,0.0,25797.229498291017
1231,interval_only,supported_native_episode_loop,-11408.063,8.661,0.5724,-9.8058,66.0,0.7480916030534351,338.5986384612003,4.811780889528208,-44.48854961832061,4.313774161301632,0.0,4971.0,0.0,0.0,0.0,0.0,0.0,0.0,0.0,0.0,0.0,0.0,0.0,0.0,0.0,0.0,2165.233969116211
1241,interval_only,supported_native_episode_loop,-2709.241,5.495,0.5509,-6.5968,66.0,0.7480916030534351,336.4495985516458,6.658110091912351,-44.35496183206107,4.747031434622199,1.0,4971.0,0.0,0.0,0.0,0.0,0.0,0.0,0.0,0.0,0.0,0.0,0.0,0.0,0.0,0.0,2682.885487365723
1251,interval_only,supported_native_episode_loop,-11930.187,5.112,0.1907,-5.4934,66.0,0.7480916030534351,334.490505112264,6.886163583645577,-44.37022900763359,4.693298692743858,0.3846153846153846,4971.0,0.0,0.0,0.0,0.0,0.0,0.0,0.0,0.0,0.0,0.0,0.0,0.0,0.0,0.0,85590.7517578125
1261,interval_only,supported_native_episode_loop,-15453.064,4.257,0.5594,-5.3758,66.0,0.7480916030534351,343.2733453709358,7.475536934622876,-43.87404580152672,4.999558572670824,0.0,4970.0,0.0,0.0,0.0,0.0,0.0,0.0,0.0,0.0,0.0,0.0,0.0,0.0,0.0,0.0,61828.64653320312
1271,interval_only,supported_native_episode_loop,-18664.412,6.277,0.5562,-7.3894,66.0,0.7480916030534351,333.6665973835016,5.145334633299034,-44.42748091603053,4.522261364924548,0.2169086876723354,4969.0,0.0,0.0,0.0,0.0,0.0,0.0,0.0,0.0,0.0,0.0,0.0,0.0,0.0,0.0,2333.182489013672
1281,interval_only,supported_native_episode_loop,-14747.368,4.494,0.5623,-5.6186,66.0,0.7480916030534351,340.10040368947364,5.56186060331693,-44.49236641221374,4.270207788008094,0.0,4970.0,0.0,0.0,0.0,0.0,0.0,0.0,0.0,0.0,0.0,0.0,0.0,0.0,0.0,0.0,22541.496801757814
1291,interval_only,supported_native_episode_loop,-19361.618,23.74,0.4985,-24.737,66.0,0.7480916030534351,350.9520537266977,9.125661418479943,-41.7557251908397,8.995411555579372,0.23076923076923078,4970.0,0.0,0.0,0.0,0.0,0.0,0.0,0.0,0.0,0.0,0.0,0.0,0.0,0.0,0.0,34888.99672851562
1301,interval_only,supported_native_episode_loop,-11229.55,6.734,0.3267,-7.3873999999999995,66.0,0.7480916030534351,340.58965865661776,5.571749388477842,-44.52671755725191,4.177051526445086,0.0,4970.0,0.0,0.0,0.0,0.0,0.0,0.0,0.0,0.0,0.0,0.0,0.0,0.0,0.0,0.0,7074.388342285156
1311,interval_only,supported_native_episode_loop,-18478.363,4.191,0.6401,-5.4712,66.0,0.7480916030534351,324.16235100404,5.364026752095653,-44.49618320610687,4.296943784842856,0.0,4970.0,0.0,0.0,0.0,0.0,0.0,0.0,0.0,0.0,0.0,0.0,0.0,0.0,0.0,0.0,4191.040393066406
1321,interval_only,supported_native_episode_loop,-18939.167,4.962,0.6127,-6.1874,66.0,0.7480916030534351,334.07676834865987,11.791675184054045,-44.49618320610687,4.278249705964836,0.0,4970.0,0.0,0.0,0.0,0.0,0.0,0.0,0.0,0.0,0.0,0.0,0.0,0.0,0.0,0.0,3261.233258056641
1331,interval_only,supported_native_episode_loop,-3097.676,4.3,0.4007,-5.1014,66.0,0.7480916030534351,340.28889627857063,4.211892464059061,-44.43893129770992,4.456114634578129,0.0,4970.0,0.0,0.0,0.0,0.0,0.0,0.0,0.0,0.0,0.0,0.0,0.0,0.0,0.0,0.0,5837.671081542969
1341,interval_only,supported_native_episode_loop,-17043.405,7.171,0.5566,-8.2842,66.0,0.7480916030534351,336.82055523626076,8.02009887977164,-44.51526717557252,4.225259796564532,0.0,4972.0,0.0,0.0,0.0,0.0,0.0,0.0,0.0,0.0,0.0,0.0,0.0,0.0,0.0,0.0,6020.203155517578
1351,interval_only,supported_native_episode_loop,-20828.09,41.61,0.6679,-42.9458,66.0,0.7480916030534351,335.1663077519443,5.223012154217873,-44.4236641221374,4.526416644865037,0.0,4970.0,0.0,0.0,0.0,0.0,0.0,0.0,0.0,0.0,0.0,0.0,0.0,0.0,0.0,0.0,51882.47348632813
1361,interval_only,supported_native_episode_loop,-4938.929,4.752,0.5519,-5.8557999999999995,66.0,0.7480916030534351,343.651140335134,4.352658146181351,-44.41984732824427,4.5229764544186715,0.0,4971.0,0.0,0.0,0.0,0.0,0.0,0.0,0.0,0.0,0.0,0.0,0.0,0.0,0.0,0.0,83598.9517578125
1371,interval_only,supported_native_episode_loop,-12488.273,6.112,0.6507,-7.4134,66.0,0.7480916030534351,347.92790369891935,5.3087480895477155,-43.767175572519086,5.516387006945368,1.0,4969.0,0.0,0.0,0.0,0.0,0.0,0.0,0.0,0.0,0.0,0.0,0.0,0.0,0.0,0.0,9234.5751953125
1381,interval_only,supported_native_episode_loop,-18169.621,5.222,0.6117,-6.4454,66.0,0.7480916030534351,340.16907991198184,10.436695208011693,-44.347328244274806,4.750810750323091,0.0,4971.0,0.0,0.0,0.0,0.0,0.0,0.0,0.0,0.0,0.0,0.0,0.0,0.0,0.0,0.0,8353.975592041015
1391,interval_only,supported_native_episode_loop,-2917.654,5.165,0.4682,-6.1014,66.0,0.7480916030534351,344.06412528001397,5.599561251168904,-43.39312977099237,7.222871760184831,0.0,4970.0,0.0,0.0,0.0,0.0,0.0,0.0,0.0,0.0,0.0,0.0,0.0,0.0,0.0,0.0,7931.836685180664
1401,interval_only,supported_native_episode_loop,-2778.479,4.617,0.4471,-5.5112,66.0,0.7480916030534351,339.4942322041991,5.350325490140385,-44.412213740458014,4.552275211712267,0.0,4970.0,0.0,0.0,0.0,0.0,0.0,0.0,0.0,0.0,0.0,0.0,0.0,0.0,0.0,0.0,90.2392991065979
1411,interval_only,supported_native_episode_loop,-9358.501,18.445,0.4001,-19.2452,66.0,0.7480916030534351,340.4377471262793,6.690909831836881,-44.29389312977099,4.850580444139372,0.0,4970.0,0.0,0.0,0.0,0.0,0.0,0.0,0.0,0.0,0.0,0.0,0.0,0.0,0.0,0.0,32872.26770019531
1421,interval_only,supported_native_episode_loop,-20231.691,9.036,0.4537,-9.9434,66.0,0.7480916030534351,338.92447288348023,6.344672473954476,-44.56106870229008,4.058975024213428,0.0,4971.0,0.0,0.0,0.0,0.0,0.0,0.0,0.0,0.0,0.0,0.0,0.0,0.0,0.0,0.0,98606.13447265625
1431,interval_only,supported_native_episode_loop,-2790.759,3.617,0.4198,-4.4566,66.0,0.7480916030534351,341.83433145057154,7.947236291795035,-44.33206106870229,4.748688323122895,0.0,4970.0,0.0,0.0,0.0,0.0,0.0,0.0,0.0,0.0,0.0,0.0,0.0,0.0,0.0,0.0,27262.721044921876
1441,interval_only,supported_native_episode_loop,-4288.983,4.95,0.4817,-5.9134,66.0,0.7480916030534351,343.18425505884727,14.686014531272185,-43.93129770992366,4.80090773810975,0.3846153846153846,4971.0,0.0,0.0,0.0,0.0,0.0,0.0,0.0,0.0,0.0,0.0,0.0,0.0,0.0,0.0,541.3425804138184
1451,interval_only,supported_native_episode_loop,-12562.021,6.292,0.6253,-7.5426,66.0,0.7480916030534351,344.7162344065028,4.72660035968027,-44.267175572519086,4.969870177364931,0.0,4970.0,0.0,0.0,0.0,0.0,0.0,0.0,0.0,0.0,0.0,0.0,0.0,0.0,0.0,0.0,8959.476483154296
1461,interval_only,supported_native_episode_loop,-3081.304,4.092,0.5375,-5.167,66.0,0.7480916030534351,345.99826271951804,5.89983982949278,-44.0763358778626,5.404434595012342,0.23076923076923078,4970.0,0.0,0.0,0.0,0.0,0.0,0.0,0.0,0.0,0.0,0.0,0.0,0.0,0.0,0.0,12692.889868164062
1471,interval_only,supported_native_episode_loop,-18908.575,5.826,0.4963,-6.8186,66.0,0.7480916030534351,348.91053576020585,8.471056814546708,-43.13740458015267,7.126729985533097,1.0,4972.0,0.0,0.0,0.0,0.0,0.0,0.0,0.0,0.0,0.0,0.0,0.0,0.0,0.0,0.0,25234.95051269531
1481,interval_only,supported_native_episode_loop,-18078.98,14.868,0.419,-15.706,66.0,0.7480916030534351,340.03833739160734,5.875643378601477,-44.32824427480916,4.772604307845048,0.5384615384615384,4971.0,0.0,0.0,0.0,0.0,0.0,0.0,0.0,0.0,0.0,0.0,0.0,0.0,0.0,0.0,25736.02216796875
1491,interval_only,supported_native_episode_loop,-3109.067,5.129,0.5508,-6.230599999999999,66.0,0.7480916030534351,329.4708436373839,5.3837696216264295,-44.49618320610687,4.264846624416206,0.6923076923076924,4971.0,0.0,0.0,0.0,0.0,0.0,0.0,0.0,0.0,0.0,0.0,0.0,0.0,0.0,0.0,2676.4325439453123
1501,interval_only,supported_native_episode_loop,-15801.899,6.179,0.6512,-7.481400000000001,66.0,0.7480916030534351,340.9767285594428,9.170300702114355,-44.12213740458015,5.00308744488041,0.0,4970.0,0.0,0.0,0.0,0.0,0.0,0.0,0.0,0.0,0.0,0.0,0.0,0.0,0.0,0.0,5639.350354003906
1511,interval_only,supported_native_episode_loop,-18860.298,4.03,0.7335,-5.497,66.0,0.7480916030534351,349.1581229009322,8.2464257575441,-43.41984732824427,6.383368416682806,0.8461538461538461,4971.0,0.0,0.0,0.0,0.0,0.0,0.0,0.0,0.0,0.0,0.0,0.0,0.0,0.0,0.0,58147.619140625
1521,interval_only,supported_native_episode_loop,-4657.677,3.993,0.6209,-5.2348,66.0,0.7480916030534351,333.42682974387066,5.212367468282654,-44.52671755725191,4.190735409372813,0.0,4971.0,0.0,0.0,0.0,0.0,0.0,0.0,0.0,0.0,0.0,0.0,0.0,0.0,0.0,0.0,3080.4819274902343
1531,interval_only,supported_native_episode_loop,-16964.587,5.173,0.4634,-6.0998,66.0,0.7480916030534351,332.2744825609009,6.914557167455132,-44.32824427480916,4.7702045151022965,0.5384615384615384,4970.0,0.0,0.0,0.0,0.0,0.0,0.0,0.0,0.0,0.0,0.0,0.0,0.0,0.0,0.0,2933.6029205322266
1541,interval_only,supported_native_episode_loop,-2709.44,7.389,0.5822,-8.5534,66.0,0.7480916030534351,342.22768821789106,5.741100079614401,-44.286259541984734,4.835275331942472,0.804061328617184,4971.0,0.0,0.0,0.0,0.0,0.0,0.0,0.0,0.0,0.0,0.0,0.0,0.0,0.0,0.0,533.1837493896485
1551,interval_only,supported_native_episode_loop,-13689.083,5.853,0.7001,-7.2532,66.0,0.7480916030534351,350.1299949169007,4.099654456278474,-44.29770992366412,4.865668256260166,1.0,4971.0,0.0,0.0,0.0,0.0,0.0,0.0,0.0,0.0,0.0,0.0,0.0,0.0,0.0,0.0,8307.691339111328
1561,interval_only,supported_native_episode_loop,-11585.748,10.352,0.5218,-11.3956,66.0,0.7480916030534351,337.7852351607257,5.221471305493153,-44.48091603053435,4.330525672017493,0.8461538461538461,4970.0,0.0,0.0,0.0,0.0,0.0,0.0,0.0,0.0,0.0,0.0,0.0,0.0,0.0,0.0,34122.94028320313
1571,interval_only,supported_native_episode_loop,-2874.882,4.467,0.4233,-5.313599999999999,66.0,0.7480916030534351,337.411792304983,5.213392871263688,-44.24045801526717,5.110179612115861,0.07692307692307698,4970.0,0.0,0.0,0.0,0.0,0.0,0.0,0.0,0.0,0.0,0.0,0.0,0.0,0.0,0.0,3979.9778015136717
1581,interval_only,supported_native_episode_loop,-10997.758,7.097,0.7421,-8.5812,66.0,0.7480916030534351,335.950321334373,4.942278707340919,-44.396946564885496,4.58537234382289,1.0,4971.0,0.0,0.0,0.0,0.0,0.0,0.0,0.0,0.0,0.0,0.0,0.0,0.0,0.0,0.0,15572.536572265624
1591,interval_only,supported_native_episode_loop,-2731.887,4.136,0.549,-5.234,66.0,0.7480916030534351,335.6018923479789,8.398615460860434,-44.229007633587784,5.022947167933398,0.0,4971.0,0.0,0.0,0.0,0.0,0.0,0.0,0.0,0.0,0.0,0.0,0.0,0.0,0.0,0.0,321.3936393737793
1601,interval_only,supported_native_episode_loop,-2603.019,8.125,0.3676,-8.8602,66.0,0.7480916030534351,342.1494535818431,7.652309002373456,-44.33587786259542,4.866320909186869,0.6923076923076924,4970.0,0.0,0.0,0.0,0.0,0.0,0.0,0.0,0.0,0.0,0.0,0.0,0.0,0.0,0.0,851.8711143493653
1611,interval_only,supported_native_episode_loop,-3055.279,4.276,0.5121,-5.3002,66.0,0.7480916030534351,343.29787609034975,9.207317905762723,-44.32442748091603,4.737951236993718,0.8461538461538461,4970.0,0.0,0.0,0.0,0.0,0.0,0.0,0.0,0.0,0.0,0.0,0.0,0.0,0.0,0.0,62066.760498046875
1621,interval_only,supported_native_episode_loop,-18730.213,6.049,0.5437,-7.1364,66.0,0.7480916030534351,338.55897598133134,6.555108744220032,-44.47328244274809,4.236029114711571,0.0,4970.0,0.0,0.0,0.0,0.0,0.0,0.0,0.0,0.0,0.0,0.0,0.0,0.0,0.0,0.0,4516.734912109375
1631,interval_only,supported_native_episode_loop,-19513.696,9.001,0.6618,-10.3246,66.0,0.7480916030534351,335.0822199200325,10.54149454824565,-44.42748091603053,4.504502470770527,0.0,4969.0,0.0,0.0,0.0,0.0,0.0,0.0,0.0,0.0,0.0,0.0,0.0,0.0,0.0,0.0,15644.44111328125
1641,interval_only,supported_native_episode_loop,-18834.617,6.104,0.5763,-7.256600000000001,66.0,0.7480916030534351,340.37522249961177,4.9018002511735475,-44.13740458015267,5.298369846923501,0.0,4970.0,0.0,0.0,0.0,0.0,0.0,0.0,0.0,0.0,0.0,0.0,0.0,0.0,0.0,0.0,3205.0378479003907
1651,interval_only,supported_native_episode_loop,-20485.716,51.358,0.2776,-51.913199999999996,66.0,0.7480916030534351,339.31292242991714,4.789175308008906,-44.42748091603053,4.50195976723682,0.07692307692307698,4971.0,0.0,0.0,0.0,0.0,0.0,0.0,0.0,0.0,0.0,0.0,0.0,0.0,0.0,0.0,78484.2890625
1661,interval_only,supported_native_episode_loop,-2750.068,5.402,0.4898,-6.381600000000001,66.0,0.7480916030534351,342.58032425594246,7.349877301333216,-44.01908396946565,5.734888732940567,0.2752396983769181,4971.0,0.0,0.0,0.0,0.0,0.0,0.0,0.0,0.0,0.0,0.0,0.0,0.0,0.0,0.0,19723.069177246092
1671,interval_only,supported_native_episode_loop,-11347.56,4.425,0.5753,-5.5756,66.0,0.7480916030534351,340.2092724855544,6.8324296690787785,-44.35114503816794,4.71706931936523,0.6923076923076924,4971.0,0.0,0.0,0.0,0.0,0.0,0.0,0.0,0.0,0.0,0.0,0.0,0.0,0.0,0.0,25109.752807617188
1681,interval_only,supported_native_episode_loop,-3126.627,4.762,0.4462,-5.6544,66.0,0.7480916030534351,342.9577101826668,11.294280194835894,-42.73664122137404,7.1635283441141455,0.8461538461538461,4970.0,0.0,0.0,0.0,0.0,0.0,0.0,0.0,0.0,0.0,0.0,0.0,0.0,0.0,0.0,1156.578466796875
1691,interval_only,supported_native_episode_loop,-15026.878,8.633,0.8308,-10.294599999999999,66.0,0.7480916030534351,335.24178083768027,5.876790076120968,-44.52671755725191,4.184355166195539,0.5384615384615384,4971.0,0.0,0.0,0.0,0.0,0.0,0.0,0.0,0.0,0.0,0.0,0.0,0.0,0.0,0.0,12232.538397216797
1701,interval_only,supported_native_episode_loop,-18751.155,4.221,0.5177,-5.2564,66.0,0.7480916030534351,352.89167663248577,4.729020590523515,-43.29007633587786,6.175534775642123,1.0,4970.0,0.0,0.0,0.0,0.0,0.0,0.0,0.0,0.0,0.0,0.0,0.0,0.0,0.0,0.0,25128.06740722656
1711,interval_only,supported_native_episode_loop,-19598.943,16.168,0.5719,-17.311799999999998,66.0,0.7480916030534351,337.5290749581412,5.158552005671671,-44.232824427480914,5.073053234674958,0.0,4971.0,0.0,0.0,0.0,0.0,0.0,0.0,0.0,0.0,0.0,0.0,0.0,0.0,0.0,0.0,221023.77421875
1721,interval_only,supported_native_episode_loop,-15432.553,6.456,0.4578,-7.371600000000001,66.0,0.7480916030534351,334.4505882738807,8.753077598071181,-44.416030534351144,4.637900893869741,0.3846153846153846,4970.0,0.0,0.0,0.0,0.0,0.0,0.0,0.0,0.0,0.0,0.0,0.0,0.0,0.0,0.0,10338.297692871094
1731,interval_only,supported_native_episode_loop,-6152.175,4.554,0.424,-5.402,66.0,0.7480916030534351,344.61028936330575,4.473495334574552,-44.1793893129771,5.198564357857519,1.0,4970.0,0.0,0.0,0.0,0.0,0.0,0.0,0.0,0.0,0.0,0.0,0.0,0.0,0.0,0.0,5434.14814453125
1741,interval_only,supported_native_episode_loop,-18243.521,4.079,0.6441,-5.3671999999999995,66.0,0.7480916030534351,332.20210340878435,6.126097035710242,-44.57251908396947,4.100885278379497,1.0,4972.0,0.0,0.0,0.0,0.0,0.0,0.0,0.0,0.0,0.0,0.0,0.0,0.0,0.0,0.0,82626.13203125
1751,interval_only,supported_native_episode_loop,-19441.628,29.849,0.6264,-31.1018,66.0,0.7480916030534351,335.364428923353,8.405664413725821,-44.465648854961835,4.4073112572087005,1.0,4972.0,0.0,0.0,0.0,0.0,0.0,0.0,0.0,0.0,0.0,0.0,0.0,0.0,0.0,0.0,101600.33203125
1761,interval_only,supported_native_episode_loop,-3354.727,7.016,0.3659,-7.7478,66.0,0.7480916030534351,341.017338243271,5.3729477716994625,-44.50763358778626,4.258572285583939,0.0,4970.0,0.0,0.0,0.0,0.0,0.0,0.0,0.0,0.0,0.0,0.0,0.0,0.0,0.0,0.0,10847.352444458007
1771,interval_only,supported_native_episode_loop,-16144.97,14.92,0.4727,-15.8654,66.0,0.7480916030534351,345.772862745848,4.995040402080218,-44.37022900763359,4.672923380995535,0.8461538461538461,4971.0,0.0,0.0,0.0,0.0,0.0,0.0,0.0,0.0,0.0,0.0,0.0,0.0,0.0,0.0,76190.98037109376
1781,interval_only,supported_native_episode_loop,-2786.675,4.287,0.5321,-5.3512,66.0,0.7480916030534351,342.90630987858344,5.552101432293279,-44.416030534351144,4.569084910033759,0.0,4971.0,0.0,0.0,0.0,0.0,0.0,0.0,0.0,0.0,0.0,0.0,0.0,0.0,0.0,0.0,4660.62378540039
1791,interval_only,supported_native_episode_loop,-17748.005,4.631,0.4409,-5.5128,66.0,0.7480916030534351,338.95126499884003,5.44513485531377,-44.33969465648855,4.764198215816566,1.0,4970.0,0.0,0.0,0.0,0.0,0.0,0.0,0.0,0.0,0.0,0.0,0.0,0.0,0.0,0.0,3594.0191864013673
1801,interval_only,supported_native_episode_loop,-5932.165,6.966,0.4611,-7.8882,66.0,0.7480916030534351,345.3293303349091,7.6132947091711,-43.13740458015267,6.793309864318776,1.0,4969.0,0.0,0.0,0.0,0.0,0.0,0.0,0.0,0.0,0.0,0.0,0.0,0.0,0.0,0.0,6230.530456542969
1811,interval_only,supported_native_episode_loop,-8104.045,6.682,0.325,-7.332000000000001,66.0,0.7480916030534351,332.64918838554365,6.637181063889252,-44.57251908396947,4.025738819586899,1.0,4972.0,0.0,0.0,0.0,0.0,0.0,0.0,0.0,0.0,0.0,0.0,0.0,0.0,0.0,0.0,30572.436657714843
1821,interval_only,supported_native_episode_loop,-2668.761,6.601,0.4381,-7.4772,66.0,0.7480916030534351,336.3002004752026,4.272644242738765,-44.33587786259542,4.768872811627439,0.0,4971.0,0.0,0.0,0.0,0.0,0.0,0.0,0.0,0.0,0.0,0.0,0.0,0.0,0.0,0.0,26835.36202392578
1831,interval_only,supported_native_episode_loop,-12680.179,6.488,0.3947,-7.2774,66.0,0.7480916030534351,348.7955779153929,5.9406109888770615,-44.45038167938932,4.427902059464952,0.8461538461538461,4971.0,0.0,0.0,0.0,0.0,0.0,0.0,0.0,0.0,0.0,0.0,0.0,0.0,0.0,0.0,109910.39560546874
1841,interval_only,supported_native_episode_loop,-18052.177,9.385,0.5623,-10.509599999999999,66.0,0.7480916030534351,329.81596340116954,7.89840974999676,-44.545801526717554,4.1649896592154585,0.0,4970.0,0.0,0.0,0.0,0.0,0.0,0.0,0.0,0.0,0.0,0.0,0.0,0.0,0.0,0.0,208907.33359375
1851,interval_only,supported_native_episode_loop,-2810.933,5.426,0.3452,-6.1164000000000005,66.0,0.7480916030534351,333.6423066025169,6.276672573079692,-44.454198473282446,4.43397293187592,0.6923076923076924,4971.0,0.0,0.0,0.0,0.0,0.0,0.0,0.0,0.0,0.0,0.0,0.0,0.0,0.0,0.0,59374.22093505859
1861,interval_only,supported_native_episode_loop,-17645.616,5.071,0.4966,-6.0642,66.0,0.7480916030534351,334.91257584357385,8.461375053883897,-44.26335877862596,4.983494989100763,0.0,4970.0,0.0,0.0,0.0,0.0,0.0,0.0,0.0,0.0,0.0,0.0,0.0,0.0,0.0,0.0,22781.6203125
1871,interval_only,supported_native_episode_loop,-13988.521,5.304,0.7211,-6.7462,66.0,0.7480916030534351,338.9692667758495,5.079156294457608,-44.30152671755725,4.913441366911797,1.0,4970.0,0.0,0.0,0.0,0.0,0.0,0.0,0.0,0.0,0.0,0.0,0.0,0.0,0.0,0.0,107283.23564453125
1881,interval_only,supported_native_episode_loop,-18777.557,6.477,0.7297,-7.936400000000001,66.0,0.7480916030534351,350.6833826646246,9.599122803444496,-44.02671755725191,4.904746484838071,1.0,4971.0,0.0,0.0,0.0,0.0,0.0,0.0,0.0,0.0,0.0,0.0,0.0,0.0,0.0,0.0,20175.00164794922
1891,interval_only,supported_native_episode_loop,-20050.804,6.804,0.6349,-8.0738,66.0,0.7480916030534351,338.68143449600115,6.135469058785958,-44.38549618320611,4.610006079335705,0.0,4971.0,0.0,0.0,0.0,0.0,0.0,0.0,0.0,0.0,0.0,0.0,0.0,0.0,0.0,0.0,43051.26264648438
1901,interval_only,supported_native_episode_loop,-2801.527,4.373,0.35,-5.073,66.0,0.7480916030534351,331.7587543968026,7.475640977549651,-44.44656488549618,4.446781110622591,0.0,4970.0,0.0,0.0,0.0,0.0,0.0,0.0,0.0,0.0,0.0,0.0,0.0,0.0,0.0,0.0,525.5442192077637
1911,interval_only,supported_native_episode_loop,-3959.391,4.466,0.4945,-5.455,66.0,0.7480916030534351,329.6078123956539,4.4541255595112546,-44.595419847328245,3.981404535542278,0.0,4971.0,0.0,0.0,0.0,0.0,0.0,0.0,0.0,0.0,0.0,0.0,0.0,0.0,0.0,0.0,3149.6476913452148
1921,interval_only,supported_native_episode_loop,-14838.955,12.514,0.3003,-13.1146,66.0,0.7480916030534351,343.0234895386466,7.108273123925782,-44.16793893129771,5.242446651806194,0.0,4971.0,0.0,0.0,0.0,0.0,0.0,0.0,0.0,0.0,0.0,0.0,0.0,0.0,0.0,0.0,4452.548986816406
1931,interval_only,supported_native_episode_loop,-4340.962,6.196,0.4827,-7.1613999999999995,66.0,0.7480916030534351,330.78798313480604,4.61885219349857,-44.530534351145036,4.1614624765191,0.8461538461538461,4971.0,0.0,0.0,0.0,0.0,0.0,0.0,0.0,0.0,0.0,0.0,0.0,0.0,0.0,0.0,16046.302435302734
1941,interval_only,supported_native_episode_loop,-2538.369,3.727,0.441,-4.609,66.0,0.7480916030534351,350.6232999335453,9.394130318303668,-11.629770992366412,37.49488961546359,1.0,4971.0,0.0,0.0,0.0,0.0,0.0,0.0,0.0,0.0,0.0,0.0,0.0,0.0,0.0,0.0,2636.187837219238
1951,interval_only,supported_native_episode_loop,-2638.554,4.565,0.4701,-5.5052,66.0,0.7480916030534351,335.56922439418673,9.225749334332493,-44.51526717557252,4.22887156338539,0.0,4971.0,0.0,0.0,0.0,0.0,0.0,0.0,0.0,0.0,0.0,0.0,0.0,0.0,0.0,0.0,722.7163581848145
1961,interval_only,supported_native_episode_loop,-3632.947,5.095,0.4866,-6.0682,66.0,0.7480916030534351,339.458734361926,6.09838724928481,-44.458015267175576,4.401178783779389,1.0,4971.0,0.0,0.0,0.0,0.0,0.0,0.0,0.0,0.0,0.0,0.0,0.0,0.0,0.0,0.0,5907.893930053711
1971,interval_only,supported_native_episode_loop,-18733.1,4.42,0.5209,-5.4618,66.0,0.7480916030534351,336.9125369006441,5.0598148333334905,-44.343511450381676,4.761119555886136,0.0,4971.0,0.0,0.0,0.0,0.0,0.0,0.0,0.0,0.0,0.0,0.0,0.0,0.0,0.0,0.0,5316.60083618164
1981,interval_only,supported_native_episode_loop,-18965.338,5.109,0.5176,-6.1442,66.0,0.7480916030534351,336.7701019628964,10.503755474647939,-43.70610687022901,6.576725741944995,0.0,4971.0,0.0,0.0,0.0,0.0,0.0,0.0,0.0,0.0,0.0,0.0,0.0,0.0,0.0,0.0,3712.073449707031
1991,interval_only,supported_native_episode_loop,-3096.689,3.841,0.4777,-4.7964,66.0,0.7480916030534351,344.9739123288381,8.914322064026713,-43.69847328244275,5.697588678827469,0.0,4971.0,0.0,0.0,0.0,0.0,0.0,0.0,0.0,0.0,0.0,0.0,0.0,0.0,0.0,0.0,36774.613452148435
2001,interval_only,supported_native_episode_loop,-12331.234,17.648,0.7656,-19.179199999999998,66.0,0.7480916030534351,342.26327489386983,10.283051049367886,-43.6793893129771,5.540643961212807,1.0,4970.0,0.0,0.0,0.0,0.0,0.0,0.0,0.0,0.0,0.0,0.0,0.0,0.0,0.0,0.0,49259.25615234375
2011,interval_only,supported_native_episode_loop,-2557.996,5.336,0.4536,-6.2432,66.0,0.7480916030534351,346.3427210689425,12.412073330521206,-44.08015267175573,4.635293082581096,0.0,4970.0,0.0,0.0,0.0,0.0,0.0,0.0,0.0,0.0,0.0,0.0,0.0,0.0,0.0,0.0,123.95316219329834
2021,interval_only,supported_native_episode_loop,-18884.332,7.742,0.421,-8.584,66.0,0.7480916030534351,329.5592522053318,5.346901825284497,-44.400763358778626,4.621935686876145,0.5536536868781838,4971.0,0.0,0.0,0.0,0.0,0.0,0.0,0.0,0.0,0.0,0.0,0.0,0.0,0.0,0.0,2481.773318481445
2031,interval_only,supported_native_episode_loop,-14366.092,9.223,0.5424,-10.3078,66.0,0.7480916030534351,336.80115781395523,12.293603219099463,-43.278625954198475,6.14849957037975,0.0,4970.0,0.0,0.0,0.0,0.0,0.0,0.0,0.0,0.0,0.0,0.0,0.0,0.0,0.0,0.0,160852.46806640626
2041,interval_only,supported_native_episode_loop,-10112.249,8.252,0.7075,-9.667000000000002,66.0,0.7480916030534351,342.3188323368249,9.450153794534772,-44.36259541984733,4.5476919047734965,0.0,4971.0,0.0,0.0,0.0,0.0,0.0,0.0,0.0,0.0,0.0,0.0,0.0,0.0,0.0,0.0,92101.96193847657
2051,interval_only,supported_native_episode_loop,-17772.796,5.307,0.55,-6.407,66.0,0.7480916030534351,339.66038062220616,7.883751989180571,-44.38931297709924,4.582696494596529,0.6923076923076924,4970.0,0.0,0.0,0.0,0.0,0.0,0.0,0.0,0.0,0.0,0.0,0.0,0.0,0.0,0.0,2342.663900756836
2061,interval_only,supported_native_episode_loop,-18150.683,5.58,0.6221,-6.8242,66.0,0.7480916030534351,340.9377378778665,5.4054644852053615,-44.35114503816794,4.477976069750039,1.0,4972.0,0.0,0.0,0.0,0.0,0.0,0.0,0.0,0.0,0.0,0.0,0.0,0.0,0.0,0.0,6891.277502441406
2071,interval_only,supported_native_episode_loop,-18274.844,44.357,0.5348,-45.4266,66.0,0.7480916030534351,331.8366528437944,9.611021944294128,-44.538167938931295,4.138406191259817,0.0,4971.0,0.0,0.0,0.0,0.0,0.0,0.0,0.0,0.0,0.0,0.0,0.0,0.0,0.0,0.0,53999.92734375
2081,interval_only,supported_native_episode_loop,-2871.938,4.966,0.5567,-6.0794,66.0,0.7480916030534351,336.06472636324764,8.458527182675224,-44.50381679389313,4.254990865342186,1.0,4971.0,0.0,0.0,0.0,0.0,0.0,0.0,0.0,0.0,0.0,0.0,0.0,0.0,0.0,0.0,3346.973797607422
2091,interval_only,supported_native_episode_loop,-3798.481,4.183,0.4543,-5.0916,66.0,0.7480916030534351,338.5566452968515,10.47139517872761,-44.44274809160305,4.51064949427533,0.0,4972.0,0.0,0.0,0.0,0.0,0.0,0.0,0.0,0.0,0.0,0.0,0.0,0.0,0.0,0.0,82298.3337890625
2101,interval_only,supported_native_episode_loop,-2867.437,4.437,0.4527,-5.3424000000000005,66.0,0.7480916030534351,343.25514331947227,12.471835532325784,-13.32442748091603,37.90876067774576,0.0,4970.0,0.0,0.0,0.0,0.0,0.0,0.0,0.0,0.0,0.0,0.0,0.0,0.0,0.0,0.0,14627.85499267578
2111,interval_only,supported_native_episode_loop,-11284.184,6.312,0.6922,-7.696400000000001,66.0,0.7480916030534351,341.0831459532106,5.307645690745498,-44.3206106870229,4.857931541685472,0.0,4970.0,0.0,0.0,0.0,0.0,0.0,0.0,0.0,0.0,0.0,0.0,0.0,0.0,0.0,0.0,12662.649719238281
2121,interval_only,supported_native_episode_loop,-17630.616,8.626,0.7335,-10.093,66.0,0.7480916030534351,331.5360933097567,6.4251925393841685,-44.412213740458014,4.5631618691858105,0.0,4971.0,0.0,0.0,0.0,0.0,0.0,0.0,0.0,0.0,0.0,0.0,0.0,0.0,0.0,0.0,2652.323321533203
2131,interval_only,supported_native_episode_loop,-10772.836,6.11,0.5653,-7.240600000000001,66.0,0.7480916030534351,337.9020855158643,5.373521616618293,-44.2557251908397,5.006814597429143,0.0,4970.0,0.0,0.0,0.0,0.0,0.0,0.0,0.0,0.0,0.0,0.0,0.0,0.0,0.0,0.0,14689.827734375
2141,interval_only,supported_native_episode_loop,-3165.646,4.128,0.4208,-4.9696,66.0,0.7480916030534351,332.6349734968812,7.416483142254492,-44.54961832061068,4.101226292979849,0.5384615384615384,4971.0,0.0,0.0,0.0,0.0,0.0,0.0,0.0,0.0,0.0,0.0,0.0,0.0,0.0,0.0,11478.54013671875
2151,interval_only,supported_native_episode_loop,-14649.359,4.469,0.25,-4.969,66.0,0.7480916030534351,345.3026415810785,6.046163851292537,-43.57251908396947,5.320320449441959,0.0,4971.0,0.0,0.0,0.0,0.0,0.0,0.0,0.0,0.0,0.0,0.0,0.0,0.0,0.0,0.0,2534.051232910156
2161,interval_only,supported_native_episode_loop,-18901.687,5.695,0.4296,-6.5542,66.0,0.7480916030534351,337.98661208795835,11.578746334071845,-44.29389312977099,4.9579800079842125,0.0,4971.0,0.0,0.0,0.0,0.0,0.0,0.0,0.0,0.0,0.0,0.0,0.0,0.0,0.0,0.0,20989.015698242187
2171,interval_only,supported_native_episode_loop,-2772.657,4.618,0.4586,-5.535200000000001,66.0,0.7480916030534351,336.14445633524247,6.439260133530895,-44.538167938931295,4.134715401658565,1.0,4971.0,0.0,0.0,0.0,0.0,0.0,0.0,0.0,0.0,0.0,0.0,0.0,0.0,0.0,0.0,195.56740341186523
2181,interval_only,supported_native_episode_loop,-4743.222,8.394,0.462,-9.318,66.0,0.7480916030534351,351.9523383094533,5.480793819132551,-42.61832061068702,7.238001933462844,0.0,4970.0,0.0,0.0,0.0,0.0,0.0,0.0,0.0,0.0,0.0,0.0,0.0,0.0,0.0,0.0,69058.74936523437
2191,interval_only,supported_native_episode_loop,-18824.667,8.315,0.4128,-9.1406,66.0,0.7480916030534351,331.8850071246994,8.099442638253713,-44.51145038167939,4.24779495956789,0.0,4971.0,0.0,0.0,0.0,0.0,0.0,0.0,0.0,0.0,0.0,0.0,0.0,0.0,0.0,0.0,4211.10263671875
2201,interval_only,supported_native_episode_loop,-2971.9,7.932,0.4581,-8.8482,66.0,0.7480916030534351,336.09139778764194,6.679971711615521,-44.33969465648855,4.81757563731688,0.0,4970.0,0.0,0.0,0.0,0.0,0.0,0.0,0.0,0.0,0.0,0.0,0.0,0.0,0.0,0.0,77767.04799804688
2211,interval_only,supported_native_episode_loop,-3197.387,4.601,0.5345,-5.67,66.0,0.7480916030534351,346.5059502676092,4.655848586144664,-44.04961832061068,5.60137488637206,1.0,4971.0,0.0,0.0,0.0,0.0,0.0,0.0,0.0,0.0,0.0,0.0,0.0,0.0,0.0,0.0,2045.0738342285156
2221,interval_only,supported_native_episode_loop,-6164.416,14.084,0.5533,-15.1906,66.0,0.7480916030534351,344.7114268023549,6.066532583513298,-43.92748091603053,5.435823405608762,0.07692307692307698,4970.0,0.0,0.0,0.0,0.0,0.0,0.0,0.0,0.0,0.0,0.0,0.0,0.0,0.0,0.0,4237.24580078125
2231,interval_only,supported_native_episode_loop,-17061.323,4.197,0.7183,-5.6336,66.0,0.7480916030534351,342.3140265880953,7.116689752844467,-44.43129770992366,4.367761562178109,0.0,4971.0,0.0,0.0,0.0,0.0,0.0,0.0,0.0,0.0,0.0,0.0,0.0,0.0,0.0,0.0,2966.53564453125
2241,interval_only,supported_native_episode_loop,-5702.996,12.994,0.4707,-13.9354,66.0,0.7480916030534351,333.7984801309406,5.789785125930125,-44.52290076335878,4.209840614297136,1.0,4970.0,0.0,0.0,0.0,0.0,0.0,0.0,0.0,0.0,0.0,0.0,0.0,0.0,0.0,0.0,3504.8779113769533
2251,interval_only,supported_native_episode_loop,-19047.042,32.869,0.4331,-33.7352,66.0,0.7480916030534351,348.6644245057464,7.447025928579389,-43.93129770992366,4.932662349881014,0.21321579643886346,4970.0,0.0,0.0,0.0,0.0,0.0,0.0,0.0,0.0,0.0,0.0,0.0,0.0,0.0,0.0,41569.5615234375
2261,interval_only,supported_native_episode_loop,-3221.89,5.312,0.4632,-6.2384,66.0,0.7480916030534351,327.58816216446974,4.295191380718145,-44.49236641221374,4.327916098871587,0.0,4971.0,0.0,0.0,0.0,0.0,0.0,0.0,0.0,0.0,0.0,0.0,0.0,0.0,0.0,0.0,23342.2359375
2271,interval_only,supported_native_episode_loop,-18907.445,5.092,0.6198,-6.3316,66.0,0.7480916030534351,348.2711736409719,4.861472038414421,-44.29770992366412,4.876637961647909,0.0,4971.0,0.0,0.0,0.0,0.0,0.0,0.0,0.0,0.0,0.0,0.0,0.0,0.0,0.0,0.0,29337.694079589844
2281,interval_only,supported_native_episode_loop,-17989.16,6.802,0.5833,-7.9685999999999995,66.0,0.7480916030534351,341.2076765070586,4.828924290855748,-44.0,5.499479503476698,0.23076923076923078,4970.0,0.0,0.0,0.0,0.0,0.0,0.0,0.0,0.0,0.0,0.0,0.0,0.0,0.0,0.0,33337.972827148435
2291,interval_only,supported_native_episode_loop,-3034.801,4.242,0.3745,-4.991,66.0,0.7480916030534351,349.2648662456347,6.075810007104445,-41.713740458015266,7.245301329308898,0.0,4970.0,0.0,0.0,0.0,0.0,0.0,0.0,0.0,0.0,0.0,0.0,0.0,0.0,0.0,0.0,242.24099597930908
2301,interval_only,supported_native_episode_loop,-3749.373,4.789,0.4985,-5.786,66.0,0.7480916030534351,344.34587681865645,8.842881352935567,-44.213740458015266,4.740611667925678,0.0,4970.0,0.0,0.0,0.0,0.0,0.0,0.0,0.0,0.0,0.0,0.0,0.0,0.0,0.0,0.0,87075.02648925781
2311,interval_only,supported_native_episode_loop,-5550.961,6.203,0.7182,-7.6394,66.0,0.7480916030534351,349.12811622392127,4.668907007760538,-44.25954198473283,4.979481235832532,0.0,4971.0,0.0,0.0,0.0,0.0,0.0,0.0,0.0,0.0,0.0,0.0,0.0,0.0,0.0,0.0,25536.409521484376
2321,interval_only,supported_native_episode_loop,-20371.544,22.444,0.6873,-23.8186,66.0,0.7480916030534351,337.1460164030696,7.4429051311804155,-44.3206106870229,4.857931541685472,0.0,4970.0,0.0,0.0,0.0,0.0,0.0,0.0,0.0,0.0,0.0,0.0,0.0,0.0,0.0,0.0,52940.818603515625
2331,interval_only,supported_native_episode_loop,-17727.863,7.684,0.5294,-8.7428,66.0,0.7480916030534351,336.6477213070896,7.529505783529542,-44.52671755725191,4.176137673352133,0.0,4971.0,0.0,0.0,0.0,0.0,0.0,0.0,0.0,0.0,0.0,0.0,0.0,0.0,0.0,0.0,6759.122351074218
2341,interval_only,supported_native_episode_loop,-3992.582,3.382,0.433,-4.248,66.0,0.7480916030534351,347.8235379071788,14.744355749978244,-9.969465648854962,42.19826683812914,0.0,4971.0,0.0,0.0,0.0,0.0,0.0,0.0,0.0,0.0,0.0,0.0,0.0,0.0,0.0,0.0,827.7346092224121
2351,interval_only,supported_native_episode_loop,-3244.776,4.09,0.5797,-5.2494,66.0,0.7480916030534351,338.0712923748803,7.243527645804954,-44.469465648854964,4.348929729347756,0.0,4971.0,0.0,0.0,0.0,0.0,0.0,0.0,0.0,0.0,0.0,0.0,0.0,0.0,0.0,0.0,309.8216827392578
2361,interval_only,supported_native_episode_loop,-3067.947,7.594,0.439,-8.472,66.0,0.7480916030534351,348.66157063283316,7.004043311870803,-43.713740458015266,5.189364687156036,0.0,4970.0,0.0,0.0,0.0,0.0,0.0,0.0,0.0,0.0,0.0,0.0,0.0,0.0,0.0,0.0,72060.66606445312
2371,interval_only,supported_native_episode_loop,-4754.311,4.568,0.5131,-5.5942,66.0,0.7480916030534351,343.3029811135192,5.267009859261489,-44.0763358778626,5.563812082989473,0.07692307692307698,4971.0,0.0,0.0,0.0,0.0,0.0,0.0,0.0,0.0,0.0,0.0,0.0,0.0,0.0,0.0,13308.955401611329
2381,interval_only,supported_native_episode_loop,-4563.183,4.114,0.3629,-4.8398,66.0,0.7480916030534351,336.7258454062936,6.474832937324973,-44.1793893129771,5.35765440241937,0.23076923076923078,4972.0,0.0,0.0,0.0,0.0,0.0,0.0,0.0,0.0,0.0,0.0,0.0,0.0,0.0,0.0,8448.83210144043
2391,interval_only,supported_native_episode_loop,-19314.564,17.115,0.6848,-18.484599999999997,66.0,0.7480916030534351,337.5492400348339,8.849393965033325,-44.412213740458014,4.4212709806215225,0.0,4971.0,0.0,0.0,0.0,0.0,0.0,0.0,0.0,0.0,0.0,0.0,0.0,0.0,0.0,0.0,8581.952099609374
2401,interval_only,supported_native_episode_loop,-18730.345,5.978,0.4119,-6.8018,66.0,0.7480916030534351,336.96847455143626,4.768815801158648,-43.97328244274809,6.074855251346014,0.8461538461538461,4970.0,0.0,0.0,0.0,0.0,0.0,0.0,0.0,0.0,0.0,0.0,0.0,0.0,0.0,0.0,85679.87360839844
2411,interval_only,supported_native_episode_loop,-15321.168,4.978,0.5579,-6.0938,66.0,0.7480916030534351,349.8273541986374,7.813819410968001,-44.33206106870229,4.749492012620928,0.0,4970.0,0.0,0.0,0.0,0.0,0.0,0.0,0.0,0.0,0.0,0.0,0.0,0.0,0.0,0.0,11139.727111816406
2421,interval_only,supported_native_episode_loop,-2767.28,4.32,0.4558,-5.2316,66.0,0.7480916030534351,342.07339587875714,4.4671360856626485,-44.02671755725191,5.863853882502581,0.0,4971.0,0.0,0.0,0.0,0.0,0.0,0.0,0.0,0.0,0.0,0.0,0.0,0.0,0.0,0.0,29562.44619140625
2431,interval_only,supported_native_episode_loop,-18106.969,17.618,0.5237,-18.665399999999998,66.0,0.7480916030534351,341.6351743558284,11.736396971777644,-44.2442748091603,4.928638235433558,0.4271765614804839,4970.0,0.0,0.0,0.0,0.0,0.0,0.0,0.0,0.0,0.0,0.0,0.0,0.0,0.0,0.0,164243.6724609375
2441,interval_only,supported_native_episode_loop,-18508.139,4.659,0.4931,-5.6452,66.0,0.7480916030534351,343.4136077313326,5.102448683764889,-44.37786259541985,4.649382953007358,1.0,4971.0,0.0,0.0,0.0,0.0,0.0,0.0,0.0,0.0,0.0,0.0,0.0,0.0,0.0,0.0,2001.2689483642578
2451,interval_only,supported_native_episode_loop,-2914.889,5.533,0.5172,-6.5674,66.0,0.7480916030534351,338.6384375229971,8.036001948798232,-44.45038167938932,4.4339318626607,1.0,4971.0,0.0,0.0,0.0,0.0,0.0,0.0,0.0,0.0,0.0,0.0,0.0,0.0,0.0,0.0,3674.4564422607423
2461,interval_only,supported_native_episode_loop,-20121.695,17.906,0.5034,-18.912799999999997,66.0,0.7480916030534351,350.0271716861628,11.694382140640998,-23.015267175572518,29.794841690145475,0.6125940282848303,4971.0,0.0,0.0,0.0,0.0,0.0,0.0,0.0,0.0,0.0,0.0,0.0,0.0,0.0,0.0,319088.060546875
2471,interval_only,supported_native_episode_loop,-17937.653,36.166,0.5538,-37.273599999999995,66.0,0.7480916030534351,344.80645162359485,6.711528526601103,-44.4236641221374,4.4746842109750515,0.23076923076923078,4971.0,0.0,0.0,0.0,0.0,0.0,0.0,0.0,0.0,0.0,0.0,0.0,0.0,0.0,0.0,8343.7859375
2481,interval_only,supported_native_episode_loop,-2966.345,4.094,0.3993,-4.8926,66.0,0.7480916030534351,344.63685136714963,3.807770303572136,-44.38167938931298,4.610737576185119,1.0,4969.0,0.0,0.0,0.0,0.0,0.0,0.0,0.0,0.0,0.0,0.0,0.0,0.0,0.0,0.0,41432.97602539063
2491,interval_only,supported_native_episode_loop,-20421.201,23.215,0.4545,-24.124,66.0,0.7480916030534351,338.56710041418637,5.390187394709147,-44.48091603053435,4.326998757205451,0.0,4970.0,0.0,0.0,0.0,0.0,0.0,0.0,0.0,0.0,0.0,0.0,0.0,0.0,0.0,0.0,4658.412341308594
2501,interval_only,supported_native_episode_loop,-9332.04,17.489,0.5401,-18.569200000000002,66.0,0.7480916030534351,327.38576560129644,5.713757014950405,-44.50763358778626,4.262155823370216,0.0,4971.0,0.0,0.0,0.0,0.0,0.0,0.0,0.0,0.0,0.0,0.0,0.0,0.0,0.0,0.0,23205.30031738281
2511,interval_only,supported_native_episode_loop,-19107.069,7.775,0.6353,-9.0456,66.0,0.7480916030534351,335.51329249771493,4.360122676058524,-44.49618320610687,4.302270030671856,0.0,4971.0,0.0,0.0,0.0,0.0,0.0,0.0,0.0,0.0,0.0,0.0,0.0,0.0,0.0,0.0,2929.734655761719
2521,interval_only,supported_native_episode_loop,-16947.791,36.231,0.5803,-37.391600000000004,66.0,0.7480916030534351,339.2105401827785,5.564632725365018,-44.43893129770992,4.460395226370941,0.6923076923076924,4969.0,0.0,0.0,0.0,0.0,0.0,0.0,0.0,0.0,0.0,0.0,0.0,0.0,0.0,0.0,20909.120178222656
2531,interval_only,supported_native_episode_loop,-19261.308,20.719,0.6084,-21.9358,66.0,0.7480916030534351,345.8635483634153,5.078879487553001,-43.99618320610687,5.801091034263259,0.0,4970.0,0.0,0.0,0.0,0.0,0.0,0.0,0.0,0.0,0.0,0.0,0.0,0.0,0.0,0.0,61379.043212890625
2541,interval_only,supported_native_episode_loop,-3959.407,7.137,0.4689,-8.0748,66.0,0.7480916030534351,349.24794890484736,6.167370428964282,-44.48091603053435,4.3022293972825585,1.0,4971.0,0.0,0.0,0.0,0.0,0.0,0.0,0.0,0.0,0.0,0.0,0.0,0.0,0.0,0.0,17307.087603759766
2551,interval_only,supported_native_episode_loop,-16489.449,4.975,0.3949,-5.764799999999999,66.0,0.7480916030534351,335.42681504321166,10.485432974307322,-44.221374045801525,4.588052982809467,0.5384615384615384,4970.0,0.0,0.0,0.0,0.0,0.0,0.0,0.0,0.0,0.0,0.0,0.0,0.0,0.0,0.0,1713.125540161133
2561,interval_only,supported_native_episode_loop,-18400.363,23.279,0.5279,-24.3348,66.0,0.7480916030534351,334.97589078551636,6.542870171343754,-44.16793893129771,5.309724151135924,0.0,4971.0,0.0,0.0,0.0,0.0,0.0,0.0,0.0,0.0,0.0,0.0,0.0,0.0,0.0,0.0,117318.1615234375
2571,interval_only,supported_native_episode_loop,-15621.239,40.49,0.528,-41.546,66.0,0.7480916030534351,341.61827717755585,10.943146954802321,-44.50381679389313,4.263056363012548,0.0,4971.0,0.0,0.0,0.0,0.0,0.0,0.0,0.0,0.0,0.0,0.0,0.0,0.0,0.0,0.0,89724.9068359375
2581,interval_only,supported_native_episode_loop,-20000.812,19.038,0.3484,-19.7348,66.0,0.7480916030534351,337.9540684892325,13.523997293930176,-41.97709923664122,7.170726803001342,0.23076923076923078,4970.0,0.0,0.0,0.0,0.0,0.0,0.0,0.0,0.0,0.0,0.0,0.0,0.0,0.0,0.0,17083.196069335936
2591,interval_only,supported_native_episode_loop,-2569.512,7.454,0.3677,-8.1894,66.0,0.7480916030534351,334.03458475247595,5.3060200322943345,-44.30916030534351,4.92150523709258,0.0,4970.0,0.0,0.0,0.0,0.0,0.0,0.0,0.0,0.0,0.0,0.0,0.0,0.0,0.0,0.0,3177.1449462890623
2601,interval_only,supported_native_episode_loop,-2773.072,5.998,0.4624,-6.9228000000000005,66.0,0.7480916030534351,346.40803774241124,7.753045706853712,-36.47328244274809,16.928600959528335,0.0,4970.0,0.0,0.0,0.0,0.0,0.0,0.0,0.0,0.0,0.0,0.0,0.0,0.0,0.0,0.0,921.6213027954102
2611,interval_only,supported_native_episode_loop,-18939.302,5.553,0.5714,-6.6958,66.0,0.7480916030534351,338.66029651502464,6.050523969469711,-44.33969465648855,4.592047214118012,0.0,4970.0,0.0,0.0,0.0,0.0,0.0,0.0,0.0,0.0,0.0,0.0,0.0,0.0,0.0,0.0,5060.684246826172
2621,interval_only,supported_native_episode_loop,-12016.769,15.628,0.5548,-16.7376,66.0,0.7480916030534351,336.6336718750971,5.4698911805314445,-44.24809160305343,5.073834257043166,1.0,4970.0,0.0,0.0,0.0,0.0,0.0,0.0,0.0,0.0,0.0,0.0,0.0,0.0,0.0,0.0,1822.1330444335938
2631,interval_only,supported_native_episode_loop,-15767.147,5.696,0.5733,-6.8426,66.0,0.7480916030534351,341.8248059873476,6.749276639516044,-44.48854961832061,4.299594179702712,0.0,4970.0,0.0,0.0,0.0,0.0,0.0,0.0,0.0,0.0,0.0,0.0,0.0,0.0,0.0,0.0,13610.223742675782
2641,interval_only,supported_native_episode_loop,-2557.258,5.039,0.5418,-6.122599999999999,66.0,0.7480916030534351,346.72388823402065,6.269814039795957,-43.912213740458014,5.384094796596964,1.0,4971.0,0.0,0.0,0.0,0.0,0.0,0.0,0.0,0.0,0.0,0.0,0.0,0.0,0.0,0.0,6255.452728271484
2651,interval_only,supported_native_episode_loop,-2660.127,4.052,0.4074,-4.8668,66.0,0.7480916030534351,340.10546214228674,6.68320329945766,-44.38167938931298,4.62643914521572,1.0,4971.0,0.0,0.0,0.0,0.0,0.0,0.0,0.0,0.0,0.0,0.0,0.0,0.0,0.0,0.0,3636.30983581543
2661,interval_only,supported_native_episode_loop,-3105.452,5.901,0.4241,-6.7492,66.0,0.7480916030534351,341.2601238194768,10.99985433380657,-44.18702290076336,5.196826643964033,0.0,4970.0,0.0,0.0,0.0,0.0,0.0,0.0,0.0,0.0,0.0,0.0,0.0,0.0,0.0,0.0,2614.4063301086426
2671,interval_only,supported_native_episode_loop,-2786.378,4.331,0.515,-5.361000000000001,66.0,0.7480916030534351,332.53341825017486,7.030968461851063,-44.469465648854964,4.3498072806264645,0.0,4971.0,0.0,0.0,0.0,0.0,0.0,0.0,0.0,0.0,0.0,0.0,0.0,0.0,0.0,0.0,69299.62163085937
2681,interval_only,supported_native_episode_loop,-20513.59,41.66,0.5834,-42.8268,66.0,0.7480916030534351,347.0311394710274,4.274693416288031,-44.17557251908397,5.1385103672522945,0.5384615384615384,4970.0,0.0,0.0,0.0,0.0,0.0,0.0,0.0,0.0,0.0,0.0,0.0,0.0,0.0,0.0,156747.08193359376
2691,interval_only,supported_native_episode_loop,-4762.724,8.249,0.6189,-9.4868,66.0,0.7480916030534351,342.0730014136729,8.360177957586842,-44.221374045801525,5.093462471056326,0.5666260790513449,4970.0,0.0,0.0,0.0,0.0,0.0,0.0,0.0,0.0,0.0,0.0,0.0,0.0,0.0,0.0,10694.020397949218
2701,interval_only,supported_native_episode_loop,-5507.748,10.177,0.392,-10.961,66.0,0.7480916030534351,335.6908810897486,4.882823162891402,-44.25954198473283,5.196281386553012,1.0,4971.0,0.0,0.0,0.0,0.0,0.0,0.0,0.0,0.0,0.0,0.0,0.0,0.0,0.0,0.0,15132.8345703125
2711,interval_only,supported_native_episode_loop,-11947.364,4.199,0.6067,-5.4124,66.0,0.7480916030534351,331.3000887625697,4.867887374471179,-44.50381679389313,4.281816775357538,0.6923076923076924,4971.0,0.0,0.0,0.0,0.0,0.0,0.0,0.0,0.0,0.0,0.0,0.0,0.0,0.0,0.0,1111.6970230102538
2721,interval_only,supported_native_episode_loop,-2672.698,3.944,0.3365,-4.617,66.0,0.7480916030534351,338.46378168996057,8.0395094890772,-44.454198473282446,4.398538264170463,1.0,4971.0,0.0,0.0,0.0,0.0,0.0,0.0,0.0,0.0,0.0,0.0,0.0,0.0,0.0,0.0,21539.67071533203
2731,interval_only,supported_native_episode_loop,-2781.186,4.239,0.3365,-4.912,66.0,0.7480916030534351,336.06675468255554,4.851330984670287,-44.37404580152672,4.702339644826477,0.23076923076923078,4970.0,0.0,0.0,0.0,0.0,0.0,0.0,0.0,0.0,0.0,0.0,0.0,0.0,0.0,0.0,21018.312353515626
2741,interval_only,supported_native_episode_loop,-2691.681,4.752,0.4099,-5.5718,66.0,0.7480916030534351,347.3888546462581,7.683143384112609,-40.06106870229008,12.142132642885162,0.07692307692307698,4971.0,0.0,0.0,0.0,0.0,0.0,0.0,0.0,0.0,0.0,0.0,0.0,0.0,0.0,0.0,6720.131274414062
2751,interval_only,supported_native_episode_loop,-18870.763,21.37,0.6923,-22.7546,66.0,0.7480916030534351,344.50055070888374,8.434823534747718,-44.282442748091604,4.883802187228116,0.33803198081545727,4970.0,0.0,0.0,0.0,0.0,0.0,0.0,0.0,0.0,0.0,0.0,0.0,0.0,0.0,0.0,25882.659252929687
2761,interval_only,supported_native_episode_loop,-3177.736,5.62,0.5422,-6.7044,66.0,0.7480916030534351,339.58663547154305,8.583394908077095,-44.36641221374046,4.733680050705398,0.0,4970.0,0.0,0.0,0.0,0.0,0.0,0.0,0.0,0.0,0.0,0.0,0.0,0.0,0.0,0.0,40773.05798339844
2771,interval_only,supported_native_episode_loop,-18926.637,7.227,0.4501,-8.1272,66.0,0.7480916030534351,332.0420859114511,7.487691978119471,-44.56488549618321,4.04667281414639,1.0,4970.0,0.0,0.0,0.0,0.0,0.0,0.0,0.0,0.0,0.0,0.0,0.0,0.0,0.0,0.0,6035.672155761718
2781,interval_only,supported_native_episode_loop,-2959.416,4.545,0.5007,-5.5464,66.0,0.7480916030534351,333.784872342248,5.027098204573184,-44.51145038167939,4.254080057196172,0.0,4970.0,0.0,0.0,0.0,0.0,0.0,0.0,0.0,0.0,0.0,0.0,0.0,0.0,0.0,0.0,2071.8506423950193
2791,interval_only,supported_native_episode_loop,-3216.884,5.029,0.5265,-6.082,66.0,0.7480916030534351,344.57575077495085,4.23566138643128,-44.38931297709924,4.60595783953811,0.3846153846153846,4971.0,0.0,0.0,0.0,0.0,0.0,0.0,0.0,0.0,0.0,0.0,0.0,0.0,0.0,0.0,375.3006618499756
2801,interval_only,supported_native_episode_loop,-11542.536,6.909,0.2833,-7.4756,66.0,0.7480916030534351,337.0981824896225,7.0786003601450345,-44.44656488549618,4.433026600552915,0.6923076923076924,4972.0,0.0,0.0,0.0,0.0,0.0,0.0,0.0,0.0,0.0,0.0,0.0,0.0,0.0,0.0,8351.880697631836
2811,interval_only,supported_native_episode_loop,-17237.898,29.03,0.4967,-30.023400000000002,66.0,0.7480916030534351,341.72206523645934,5.9626996799818555,-44.538167938931295,4.152217434173153,1.0,4971.0,0.0,0.0,0.0,0.0,0.0,0.0,0.0,0.0,0.0,0.0,0.0,0.0,0.0,0.0,3168.8785064697267
2821,interval_only,supported_native_episode_loop,-18728.282,28.417,0.6585,-29.734,66.0,0.7480916030534351,338.211082709374,12.167778628980393,-44.13358778625954,5.12825001306411,1.0,4971.0,0.0,0.0,0.0,0.0,0.0,0.0,0.0,0.0,0.0,0.0,0.0,0.0,0.0,0.0,2983.9008544921876
2831,interval_only,supported_native_episode_loop,-18103.224,4.605,0.6106,-5.8262,66.0,0.7480916030534351,342.810795768739,7.234032899281882,-43.87022900763359,6.500025773953463,1.0,4971.0,0.0,0.0,0.0,0.0,0.0,0.0,0.0,0.0,0.0,0.0,0.0,0.0,0.0,0.0,14377.345245361328
2841,interval_only,supported_native_episode_loop,-13189.225,16.165,0.4359,-17.0368,66.0,0.7480916030534351,332.7111530859658,5.379063536503026,-44.534351145038165,4.169679193773453,0.0,4971.0,0.0,0.0,0.0,0.0,0.0,0.0,0.0,0.0,0.0,0.0,0.0,0.0,0.0,0.0,34342.42736816406
2851,interval_only,supported_native_episode_loop,-18266.616,6.117,0.3811,-6.8792,66.0,0.7480916030534351,334.5291100185639,6.2522223967036235,-44.3587786259542,4.7648020909855955,0.0,4971.0,0.0,0.0,0.0,0.0,0.0,0.0,0.0,0.0,0.0,0.0,0.0,0.0,0.0,0.0,18177.145581054687
2861,interval_only,supported_native_episode_loop,-3268.137,6.548,0.4163,-7.3806,66.0,0.7480916030534351,337.73387879442623,6.881250591496316,-44.4236641221374,4.511213036729543,0.0,4971.0,0.0,0.0,0.0,0.0,0.0,0.0,0.0,0.0,0.0,0.0,0.0,0.0,0.0,0.0,58663.1400390625
2871,interval_only,supported_native_episode_loop,-10707.212,6.054,0.5866,-7.2272,66.0,0.7480916030534351,349.0598214491102,6.074631426623065,-44.217557251908396,4.6670025837737885,0.0,4970.0,0.0,0.0,0.0,0.0,0.0,0.0,0.0,0.0,0.0,0.0,0.0,0.0,0.0,0.0,10829.874328613281
2881,interval_only,supported_native_episode_loop,-2629.598,5.511,0.4613,-6.4336,66.0,0.7480916030534351,334.44568360185497,5.0274317875389665,-44.454198473282446,4.400273404794778,1.0,4970.0,0.0,0.0,0.0,0.0,0.0,0.0,0.0,0.0,0.0,0.0,0.0,0.0,0.0,0.0,2984.763318634033
2891,interval_only,supported_native_episode_loop,-12511.199,16.069,0.5833,-17.235599999999998,66.0,0.7480916030534351,332.761559508229,4.872257431991204,-44.37786259541985,4.682919916350486,0.0,4970.0,0.0,0.0,0.0,0.0,0.0,0.0,0.0,0.0,0.0,0.0,0.0,0.0,0.0,0.0,4299.847076416016
2901,interval_only,supported_native_episode_loop,-17115.883,7.597,0.7234,-9.043800000000001,66.0,0.7480916030534351,348.67814829904233,7.528809442456834,-43.99618320610687,5.151519520589598,0.0,4971.0,0.0,0.0,0.0,0.0,0.0,0.0,0.0,0.0,0.0,0.0,0.0,0.0,0.0,0.0,7606.904748535157
2911,interval_only,supported_native_episode_loop,-10712.324,4.282,0.3933,-5.0686,66.0,0.7480916030534351,330.9274267531533,4.4010769122399775,-44.41984732824427,4.541503598867164,0.3846153846153846,4971.0,0.0,0.0,0.0,0.0,0.0,0.0,0.0,0.0,0.0,0.0,0.0,0.0,0.0,0.0,15779.848779296875
2921,interval_only,supported_native_episode_loop,-3411.783,6.572,0.2799,-7.1318,66.0,0.7480916030534351,338.5456402801129,5.613236478093202,-44.16030534351145,5.368578065104065,0.3846153846153846,4970.0,0.0,0.0,0.0,0.0,0.0,0.0,0.0,0.0,0.0,0.0,0.0,0.0,0.0,0.0,11291.127258300781
2931,interval_only,supported_native_episode_loop,-18813.93,4.427,0.5325,-5.491999999999999,66.0,0.7480916030534351,340.3084314116464,9.71249157442686,-44.50763358778626,4.2567793854005505,0.0,4971.0,0.0,0.0,0.0,0.0,0.0,0.0,0.0,0.0,0.0,0.0,0.0,0.0,0.0,0.0,5209.0291015625
2941,interval_only,supported_native_episode_loop,-18700.937,6.137,0.398,-6.933,66.0,0.7480916030534351,344.2625342964519,7.257714887111416,-44.278625954198475,4.445883379940219,0.0,4971.0,0.0,0.0,0.0,0.0,0.0,0.0,0.0,0.0,0.0,0.0,0.0,0.0,0.0,0.0,48307.75703125
2951,interval_only,supported_native_episode_loop,-6233.759,5.116,0.5195,-6.154999999999999,66.0,0.7480916030534351,345.5642378660862,5.8253363475817785,-44.267175572519086,5.069478235465789,0.0,4970.0,0.0,0.0,0.0,0.0,0.0,0.0,0.0,0.0,0.0,0.0,0.0,0.0,0.0,0.0,1464.5124252319335
2961,interval_only,supported_native_episode_loop,-7934.652,7.263,0.5459,-8.354800000000001,66.0,0.7480916030534351,343.0699332205319,7.744881616430221,-44.37786259541985,4.604010698887562,1.0,4970.0,0.0,0.0,0.0,0.0,0.0,0.0,0.0,0.0,0.0,0.0,0.0,0.0,0.0,0.0,15622.072521972656
2971,interval_only,supported_native_episode_loop,-20376.064,40.718,0.3297,-41.3774,66.0,0.7480916030534351,341.57995450624077,6.032454160234304,-43.89312977099237,6.013663714678085,0.0,4969.0,0.0,0.0,0.0,0.0,0.0,0.0,0.0,0.0,0.0,0.0,0.0,0.0,0.0,0.0,97089.30185546874
2981,interval_only,supported_native_episode_loop,-17854.555,5.156,0.5683,-6.2926,66.0,0.7480916030534351,337.9911986651766,7.664041845943633,-44.2442748091603,4.536689452856068,0.0,4970.0,0.0,0.0,0.0,0.0,0.0,0.0,0.0,0.0,0.0,0.0,0.0,0.0,0.0,0.0,3553.8823669433596
2991,interval_only,supported_native_episode_loop,-3146.127,8.363,0.4488,-9.2606,66.0,0.7480916030534351,336.0539894397022,9.329704554420884,-44.19847328244275,5.180585966044408,0.0,4970.0,0.0,0.0,0.0,0.0,0.0,0.0,0.0,0.0,0.0,0.0,0.0,0.0,0.0,0.0,873.9667984008789
3001,interval_only,supported_native_episode_loop,-20330.845,12.281,0.5546,-13.3902,66.0,0.7480916030534351,334.7616903460359,6.081697261727637,-44.534351145038165,4.169679193773453,0.0,4971.0,0.0,0.0,0.0,0.0,0.0,0.0,0.0,0.0,0.0,0.0,0.0,0.0,0.0,0.0,22332.460095214843
3011,interval_only,supported_native_episode_loop,-2948.826,4.047,0.3917,-4.8304,66.0,0.7480916030534351,343.3313955987531,4.562618848164557,-44.412213740458014,4.538840402414455,0.07692307692307698,4972.0,0.0,0.0,0.0,0.0,0.0,0.0,0.0,0.0,0.0,0.0,0.0,0.0,0.0,0.0,7094.209136962891
3021,interval_only,supported_native_episode_loop,-18813.161,6.554,0.663,-7.880000000000001,66.0,0.7480916030534351,342.54805858236085,5.503578724865282,-43.93511450381679,5.809933894384504,0.5384615384615384,4970.0,0.0,0.0,0.0,0.0,0.0,0.0,0.0,0.0,0.0,0.0,0.0,0.0,0.0,0.0,1989.2762756347656
3031,interval_only,supported_native_episode_loop,-20463.424,38.462,0.576,-39.614000000000004,66.0,0.7480916030534351,344.37638744582966,6.782658057780822,-44.217557251908396,5.0865033343532104,0.8461538461538461,4971.0,0.0,0.0,0.0,0.0,0.0,0.0,0.0,0.0,0.0,0.0,0.0,0.0,0.0,0.0,264399.2720703125
3041,interval_only,supported_native_episode_loop,-14346.397,5.97,0.387,-6.744,66.0,0.7480916030534351,345.2493005208254,5.247854340103183,-44.32442748091603,4.867489777420247,0.0,4971.0,0.0,0.0,0.0,0.0,0.0,0.0,0.0,0.0,0.0,0.0,0.0,0.0,0.0,0.0,20209.81278076172
3051,interval_only,supported_native_episode_loop,-3348.564,5.516,0.3818,-6.2796,66.0,0.7480916030534351,340.5158873309995,12.259163102590643,-43.83587786259542,5.3673961831235415,0.6923076923076924,4972.0,0.0,0.0,0.0,0.0,0.0,0.0,0.0,0.0,0.0,0.0,0.0,0.0,0.0,0.0,14353.651916503906
3061,interval_only,supported_native_episode_loop,-7238.198,8.89,0.2499,-9.389800000000001,66.0,0.7480916030534351,347.78033506525986,6.998725247522462,-44.282442748091604,4.631084500557335,0.0,4971.0,0.0,0.0,0.0,0.0,0.0,0.0,0.0,0.0,0.0,0.0,0.0,0.0,0.0,0.0,120108.19912109376
3071,interval_only,supported_native_episode_loop,-18675.565,5.815,0.5438,-6.9026000000000005,66.0,0.7480916030534351,343.6698282784178,7.956135892106846,-43.97709923664122,5.66624618103072,0.0,4971.0,0.0,0.0,0.0,0.0,0.0,0.0,0.0,0.0,0.0,0.0,0.0,0.0,0.0,0.0,43999.65565185547
3081,interval_only,supported_native_episode_loop,-3972.736,9.504,0.3981,-10.3002,66.0,0.7480916030534351,344.18451613858156,4.140682497531893,-44.396946564885496,4.551955186515509,1.0,4971.0,0.0,0.0,0.0,0.0,0.0,0.0,0.0,0.0,0.0,0.0,0.0,0.0,0.0,0.0,12073.609899902343
3091,interval_only,supported_native_episode_loop,-12052.614,4.506,0.5886,-5.6832,66.0,0.7480916030534351,340.39174577224117,9.066050907611444,-44.29389312977099,4.871779707180561,0.3846153846153846,4970.0,0.0,0.0,0.0,0.0,0.0,0.0,0.0,0.0,0.0,0.0,0.0,0.0,0.0,0.0,3982.3940826416015
3101,interval_only,supported_native_episode_loop,-2982.517,5.644,0.4677,-6.5794,66.0,0.7480916030534351,345.6423661542303,6.012290083228539,-44.30152671755725,4.857975023943169,0.0,4970.0,0.0,0.0,0.0,0.0,0.0,0.0,0.0,0.0,0.0,0.0,0.0,0.0,0.0,0.0,2015.6784881591798
3111,interval_only,supported_native_episode_loop,-2921.547,3.832,0.5331,-4.8982,66.0,0.7480916030534351,341.372266512184,4.802714386898245,-44.30152671755725,4.8916424243872125,0.0,4971.0,0.0,0.0,0.0,0.0,0.0,0.0,0.0,0.0,0.0,0.0,0.0,0.0,0.0,0.0,10390.693200683594
3121,interval_only,supported_native_episode_loop,-13720.728,8.413,0.5707,-9.554400000000001,66.0,0.7480916030534351,350.51032735948417,11.209207941165479,-35.286259541984734,15.866996153179228,1.0,4970.0,0.0,0.0,0.0,0.0,0.0,0.0,0.0,0.0,0.0,0.0,0.0,0.0,0.0,0.0,11058.58585205078
3131,interval_only,supported_native_episode_loop,-7886.869,5.154,0.5551,-6.2642,66.0,0.7480916030534351,330.63358719759543,5.61358010576583,-44.29770992366412,4.945033218713128,0.07692307692307698,4970.0,0.0,0.0,0.0,0.0,0.0,0.0,0.0,0.0,0.0,0.0,0.0,0.0,0.0,0.0,1186.50654296875
3141,interval_only,supported_native_episode_loop,-17074.769,4.036,0.3541,-4.744199999999999,66.0,0.7480916030534351,326.223365064917,4.268246403201828,-44.51908396946565,4.242372850795046,0.0,4971.0,0.0,0.0,0.0,0.0,0.0,0.0,0.0,0.0,0.0,0.0,0.0,0.0,0.0,0.0,10514.576513671875
3151,interval_only,supported_native_episode_loop,-16495.323,19.37,0.6734,-20.7168,66.0,0.7480916030534351,335.103727597438,5.729966624845016,-44.538167938931295,4.1439362121749825,0.07692307692307698,4971.0,0.0,0.0,0.0,0.0,0.0,0.0,0.0,0.0,0.0,0.0,0.0,0.0,0.0,0.0,14272.49345703125
3161,interval_only,supported_native_episode_loop,-6448.123,4.467,0.4171,-5.3012,66.0,0.7480916030534351,344.4890860340371,8.693833572523998,-44.19083969465649,5.199991931609702,0.0,4970.0,0.0,0.0,0.0,0.0,0.0,0.0,0.0,0.0,0.0,0.0,0.0,0.0,0.0,0.0,5182.01884765625
3171,interval_only,supported_native_episode_loop,-2646.057,6.65,0.5411,-7.732200000000001,66.0,0.7480916030534351,339.7628525910183,5.442716018025235,-44.534351145038165,4.1614327206997945,0.6923076923076924,4971.0,0.0,0.0,0.0,0.0,0.0,0.0,0.0,0.0,0.0,0.0,0.0,0.0,0.0,0.0,8906.990216064452
3181,interval_only,supported_native_episode_loop,-18626.048,7.101,0.6192,-8.3394,66.0,0.7480916030534351,352.89382138190837,4.950577906389303,-43.595419847328245,7.011200010489432,0.07692307692307698,4972.0,0.0,0.0,0.0,0.0,0.0,0.0,0.0,0.0,0.0,0.0,0.0,0.0,0.0,0.0,14078.623327636718
3191,interval_only,supported_native_episode_loop,-7942.517,5.385,0.5174,-6.4197999999999995,66.0,0.7480916030534351,345.33221365834464,10.67101023170318,-41.595419847328245,8.55095068680411,0.0,4970.0,0.0,0.0,0.0,0.0,0.0,0.0,0.0,0.0,0.0,0.0,0.0,0.0,0.0,0.0,6636.971789550781
3201,interval_only,supported_native_episode_loop,-10840.913,19.308,0.2625,-19.833,66.0,0.7480916030534351,344.4827488992354,7.203752254662646,-44.37786259541985,4.616429175484557,0.23076923076923078,4970.0,0.0,0.0,0.0,0.0,0.0,0.0,0.0,0.0,0.0,0.0,0.0,0.0,0.0,0.0,7320.439294433594
3211,interval_only,supported_native_episode_loop,-3179.365,5.299,0.423,-6.1450000000000005,66.0,0.7480916030534351,331.23158441926074,7.191447480773852,-44.5763358778626,4.0266162571824395,0.5384615384615384,4970.0,0.0,0.0,0.0,0.0,0.0,0.0,0.0,0.0,0.0,0.0,0.0,0.0,0.0,0.0,2459.562307739258
3221,interval_only,supported_native_episode_loop,-11796.99,6.513,0.3854,-7.2838,66.0,0.7480916030534351,345.2623411482148,8.472412790686786,-44.33969465648855,4.640004925459891,0.8461538461538461,4972.0,0.0,0.0,0.0,0.0,0.0,0.0,0.0,0.0,0.0,0.0,0.0,0.0,0.0,0.0,33612.46694335937
3231,interval_only,supported_native_episode_loop,-11924.775,5.156,0.5047,-6.1654,66.0,0.7480916030534351,347.551245929862,8.465003055824184,-43.458015267175576,6.159160671956286,1.0,4971.0,0.0,0.0,0.0,0.0,0.0,0.0,0.0,0.0,0.0,0.0,0.0,0.0,0.0,0.0,60154.19523925781
3241,interval_only,supported_native_episode_loop,-3328.425,6.224,0.4752,-7.1744,66.0,0.7480916030534351,339.5766468199913,5.8180999880196085,-44.38549618320611,4.592586494340712,0.8461538461538461,4970.0,0.0,0.0,0.0,0.0,0.0,0.0,0.0,0.0,0.0,0.0,0.0,0.0,0.0,0.0,13557.628173828125
3251,interval_only,supported_native_episode_loop,-19158.498,5.535,0.4159,-6.3668000000000005,66.0,0.7480916030534351,343.92775479071315,6.131765578304664,-44.25954198473283,4.619222673874113,0.0,4970.0,0.0,0.0,0.0,0.0,0.0,0.0,0.0,0.0,0.0,0.0,0.0,0.0,0.0,0.0,59742.9810546875
3261,interval_only,supported_native_episode_loop,-15142.48,5.329,0.5273,-6.3835999999999995,66.0,0.7480916030534351,333.4480520248413,7.786560167825864,-44.47328244274809,4.344564462705987,0.07692307692307698,4970.0,0.0,0.0,0.0,0.0,0.0,0.0,0.0,0.0,0.0,0.0,0.0,0.0,0.0,0.0,26167.645654296874
3271,interval_only,supported_native_episode_loop,-6401.71,19.815,0.5135,-20.842000000000002,66.0,0.7480916030534351,338.5003857564683,5.578063501106302,-44.50763358778626,4.262155823370216,1.0,4971.0,0.0,0.0,0.0,0.0,0.0,0.0,0.0,0.0,0.0,0.0,0.0,0.0,0.0,0.0,452.1037628173828
3281,interval_only,supported_native_episode_loop,-2870.887,5.282,0.5767,-6.4354,66.0,0.7480916030534351,342.23294380191925,4.869662703356295,-44.20992366412214,5.097317884191002,1.0,4970.0,0.0,0.0,0.0,0.0,0.0,0.0,0.0,0.0,0.0,0.0,0.0,0.0,0.0,0.0,5845.795278930664
3291,interval_only,supported_native_episode_loop,-16902.309,4.896,0.3653,-5.6266,66.0,0.7480916030534351,339.9627525360833,10.55165852554345,-44.458015267175576,4.404646301115999,0.7281531307826958,4971.0,0.0,0.0,0.0,0.0,0.0,0.0,0.0,0.0,0.0,0.0,0.0,0.0,0.0,0.0,6387.802886962891
3301,interval_only,supported_native_episode_loop,-18833.994,5.033,0.5195,-6.072,66.0,0.7480916030534351,343.94711765200276,4.4062353301248,-44.43893129770992,4.444107042758279,1.0,4971.0,0.0,0.0,0.0,0.0,0.0,0.0,0.0,0.0,0.0,0.0,0.0,0.0,0.0,0.0,2822.596694946289
3311,interval_only,supported_native_episode_loop,-18796.163,4.209,0.4347,-5.078399999999999,66.0,0.7480916030534351,333.9908352680182,9.274511091840498,-44.48091603053435,4.222533418916321,0.3846153846153846,4971.0,0.0,0.0,0.0,0.0,0.0,0.0,0.0,0.0,0.0,0.0,0.0,0.0,0.0,0.0,3559.3940673828124
3321,interval_only,supported_native_episode_loop,-4238.34,5.664,0.4689,-6.6018,66.0,0.7480916030534351,348.75714379722103,5.676986398502395,-44.48854961832061,4.299594179702712,0.3846153846153846,4972.0,0.0,0.0,0.0,0.0,0.0,0.0,0.0,0.0,0.0,0.0,0.0,0.0,0.0,0.0,6838.468142700195
3331,interval_only,supported_native_episode_loop,-17423.877,18.863,0.5486,-19.9602,66.0,0.7480916030534351,341.05948783435286,6.753626865579647,-44.30916030534351,4.862992362194314,0.0,4970.0,0.0,0.0,0.0,0.0,0.0,0.0,0.0,0.0,0.0,0.0,0.0,0.0,0.0,0.0,8887.717419433593
3341,interval_only,supported_native_episode_loop,-3215.463,4.227,0.5181,-5.2632,66.0,0.7480916030534351,334.73065639816167,8.412629652872173,-44.400763358778626,4.629361919713731,0.0,4970.0,0.0,0.0,0.0,0.0,0.0,0.0,0.0,0.0,0.0,0.0,0.0,0.0,0.0,0.0,11688.418395996094
3351,interval_only,supported_native_episode_loop,-6104.006,5.132,0.5115,-6.154999999999999,66.0,0.7480916030534351,339.56859422664303,5.59372211843527,-44.343511450381676,4.749883071869639,0.0,4971.0,0.0,0.0,0.0,0.0,0.0,0.0,0.0,0.0,0.0,0.0,0.0,0.0,0.0,0.0,58512.53422851562
3361,interval_only,supported_native_episode_loop,-10614.152,4.583,0.4051,-5.3932,66.0,0.7480916030534351,336.3954870816481,8.599868010851184,-44.29770992366412,4.93885460728358,1.0,4970.0,0.0,0.0,0.0,0.0,0.0,0.0,0.0,0.0,0.0,0.0,0.0,0.0,0.0,0.0,48158.42338867187
3371,interval_only,supported_native_episode_loop,-17895.179,5.26,0.4112,-6.0824,66.0,0.7480916030534351,333.80002821444253,4.9497693681353985,-44.45038167938932,4.409763180115516,0.0,4970.0,0.0,0.0,0.0,0.0,0.0,0.0,0.0,0.0,0.0,0.0,0.0,0.0,0.0,0.0,11153.694622802734
3381,interval_only,supported_native_episode_loop,-18266.155,4.241,0.3679,-4.9768,66.0,0.7480916030534351,339.2451663241738,7.979137863170574,-44.20229007633588,5.237226782742082,0.0,4970.0,0.0,0.0,0.0,0.0,0.0,0.0,0.0,0.0,0.0,0.0,0.0,0.0,0.0,0.0,11792.283361816406
3391,interval_only,supported_native_episode_loop,-11405.887,17.114,0.7228,-18.5596,66.0,0.7480916030534351,336.7447958721762,7.62748860479361,-44.465648854961835,4.40904294529902,0.0,4971.0,0.0,0.0,0.0,0.0,0.0,0.0,0.0,0.0,0.0,0.0,0.0,0.0,0.0,0.0,1730.4847320556642
3401,interval_only,supported_native_episode_loop,-8503.028,3.816,0.4336,-4.683199999999999,66.0,0.7480916030534351,336.3784332075287,7.537853183740627,-44.1793893129771,5.343387403140302,0.0,4970.0,0.0,0.0,0.0,0.0,0.0,0.0,0.0,0.0,0.0,0.0,0.0,0.0,0.0,0.0,33570.272967529294
3411,interval_only,supported_native_episode_loop,-20020.715,29.994,0.7037,-31.4014,66.0,0.7480916030534351,340.38911806332845,8.035198612954304,-44.347328244274806,4.7282620831940125,0.0,4972.0,0.0,0.0,0.0,0.0,0.0,0.0,0.0,0.0,0.0,0.0,0.0,0.0,0.0,0.0,135537.5908203125
3421,interval_only,supported_native_episode_loop,-3001.717,5.151,0.5759,-6.3027999999999995,66.0,0.7480916030534351,338.6560580375066,8.53543678771774,-44.408396946564885,4.5597398172716,0.0,4971.0,0.0,0.0,0.0,0.0,0.0,0.0,0.0,0.0,0.0,0.0,0.0,0.0,0.0,0.0,274.2401313781738
3431,interval_only,supported_native_episode_loop,-2627.561,4.261,0.3594,-4.9798,66.0,0.7480916030534351,336.74273227432,4.559671157917915,-44.465648854961835,4.397774784168657,0.8461538461538461,4971.0,0.0,0.0,0.0,0.0,0.0,0.0,0.0,0.0,0.0,0.0,0.0,0.0,0.0,0.0,11268.057971191407
3441,interval_only,supported_native_episode_loop,-19229.569,6.998,0.5486,-8.0952,66.0,0.7480916030534351,333.13218444604,12.351844278376475,-44.534351145038165,4.169679193773453,0.0,4970.0,0.0,0.0,0.0,0.0,0.0,0.0,0.0,0.0,0.0,0.0,0.0,0.0,0.0,0.0,8045.672607421875
3451,interval_only,supported_native_episode_loop,-5585.714,6.449,0.587,-7.622999999999999,66.0,0.7480916030534351,344.0486530970981,5.320213947656149,-44.45038167938932,4.424452768091092,0.0,4971.0,0.0,0.0,0.0,0.0,0.0,0.0,0.0,0.0,0.0,0.0,0.0,0.0,0.0,0.0,16751.606884765624
3461,interval_only,supported_native_episode_loop,-11702.527,4.446,0.5272,-5.5004,66.0,0.7480916030534351,343.1707918311197,8.12006579465054,-43.958015267175576,4.532553232884002,0.6923076923076924,4971.0,0.0,0.0,0.0,0.0,0.0,0.0,0.0,0.0,0.0,0.0,0.0,0.0,0.0,0.0,8502.713189697266
3471,interval_only,supported_native_episode_loop,-20014.615,9.338,0.4507,-10.2394,66.0,0.7480916030534351,330.7824614301589,6.155435287695007,-44.55725190839695,4.102057397299631,0.0,4971.0,0.0,0.0,0.0,0.0,0.0,0.0,0.0,0.0,0.0,0.0,0.0,0.0,0.0,0.0,90243.93237304688
3481,interval_only,supported_native_episode_loop,-17718.16,7.797,0.5312,-8.859399999999999,66.0,0.7480916030534351,339.6430791851673,4.524403170177369,-44.274809160305345,4.895945409431136,0.0,4970.0,0.0,0.0,0.0,0.0,0.0,0.0,0.0,0.0,0.0,0.0,0.0,0.0,0.0,0.0,9882.716369628906
3491,interval_only,supported_native_episode_loop,-2565.308,4.629,0.396,-5.420999999999999,66.0,0.7480916030534351,339.6859247688119,5.471456523765788,-44.3587786259542,4.751164907040619,0.0,4969.0,0.0,0.0,0.0,0.0,0.0,0.0,0.0,0.0,0.0,0.0,0.0,0.0,0.0,0.0,332.4699001312256
3501,interval_only,supported_native_episode_loop,-7437.413,9.878,0.7185,-11.315,66.0,0.7480916030534351,335.30897241070124,12.691012693100317,-44.538167938931295,4.132868770858812,1.0,4971.0,0.0,0.0,0.0,0.0,0.0,0.0,0.0,0.0,0.0,0.0,0.0,0.0,0.0,0.0,957.8308059692383
3511,interval_only,supported_native_episode_loop,-12387.847,32.213,0.3716,-32.9562,66.0,0.7480916030534351,345.72412739532217,5.679120275956534,-44.11832061068702,5.061956619059405,1.0,4970.0,0.0,0.0,0.0,0.0,0.0,0.0,0.0,0.0,0.0,0.0,0.0,0.0,0.0,0.0,223713.16650390625
3521,interval_only,supported_native_episode_loop,-18722.742,5.706,0.7165,-7.139,66.0,0.7480916030534351,345.224581816967,4.784156987247359,-43.60687022900763,5.478099225147722,0.0,4970.0,0.0,0.0,0.0,0.0,0.0,0.0,0.0,0.0,0.0,0.0,0.0,0.0,0.0,0.0,83896.80209960937
3531,interval_only,supported_native_episode_loop,-17401.861,40.161,0.5275,-41.216,66.0,0.7480916030534351,336.18950661158436,4.9198354621218074,-44.458015267175576,4.409842464833909,0.0,4971.0,0.0,0.0,0.0,0.0,0.0,0.0,0.0,0.0,0.0,0.0,0.0,0.0,0.0,0.0,10551.87183227539
3541,interval_only,supported_native_episode_loop,-11808.664,4.834,0.5403,-5.9146,66.0,0.7480916030534351,343.38739740925513,9.376660828623981,-44.43893129770992,4.425172140854639,0.7783168795493292,4972.0,0.0,0.0,0.0,0.0,0.0,0.0,0.0,0.0,0.0,0.0,0.0,0.0,0.0,0.0,16682.37058105469
3551,interval_only,supported_native_episode_loop,-2979.136,4.109,0.5386,-5.1861999999999995,66.0,0.7480916030534351,344.60939979828123,11.056765658415015,-42.961832061068705,6.423245689927372,1.0,4971.0,0.0,0.0,0.0,0.0,0.0,0.0,0.0,0.0,0.0,0.0,0.0,0.0,0.0,0.0,16811.659436035156
3561,interval_only,supported_native_episode_loop,-10268.796,5.971,0.6022,-7.1754,66.0,0.7480916030534351,331.5271441835787,5.352751675265879,-44.461832061068705,4.372501825736764,0.0,4971.0,0.0,0.0,0.0,0.0,0.0,0.0,0.0,0.0,0.0,0.0,0.0,0.0,0.0,0.0,51923.16318359375
3571,interval_only,supported_native_episode_loop,-2529.715,11.148,0.5369,-12.2218,66.0,0.7480916030534351,348.1454768953433,6.199933975677452,-44.18702290076336,5.221007140807321,0.6082714292304721,4970.0,0.0,0.0,0.0,0.0,0.0,0.0,0.0,0.0,0.0,0.0,0.0,0.0,0.0,0.0,6774.769927978516
3581,interval_only,supported_native_episode_loop,-8673.625,5.198,0.6259,-6.449800000000001,66.0,0.7480916030534351,340.06903758337177,12.672879473544102,-39.087786259541986,12.248536431658836,0.07692307692307698,4969.0,0.0,0.0,0.0,0.0,0.0,0.0,0.0,0.0,0.0,0.0,0.0,0.0,0.0,0.0,15657.321740722657
3591,interval_only,supported_native_episode_loop,-2520.617,4.685,0.491,-5.667,66.0,0.7480916030534351,347.05458017866323,6.663212583589526,-44.282442748091604,4.785912548143557,0.0,4970.0,0.0,0.0,0.0,0.0,0.0,0.0,0.0,0.0,0.0,0.0,0.0,0.0,0.0,0.0,12948.849060058594
3601,interval_only,supported_native_episode_loop,-18794.023,5.201,0.5324,-6.2658,66.0,0.7480916030534351,347.0169819025289,4.824748149833724,-44.286259541984734,4.9003546118572805,0.3846153846153846,4971.0,0.0,0.0,0.0,0.0,0.0,0.0,0.0,0.0,0.0,0.0,0.0,0.0,0.0,0.0,32771.713623046875
3611,interval_only,supported_native_episode_loop,-8906.739,3.865,0.6287,-5.122400000000001,66.0,0.7480916030534351,327.93047104925296,7.109873488516357,-44.56106870229008,4.12427319563418,1.0,4971.0,0.0,0.0,0.0,0.0,0.0,0.0,0.0,0.0,0.0,0.0,0.0,0.0,0.0,0.0,1996.7831970214843
3621,interval_only,supported_native_episode_loop,-5208.28,8.084,0.5326,-9.1492,66.0,0.7480916030534351,335.7934555604561,5.590478774273485,-44.3587786259542,4.706773910615425,0.6923076923076924,4972.0,0.0,0.0,0.0,0.0,0.0,0.0,0.0,0.0,0.0,0.0,0.0,0.0,0.0,0.0,5214.045602416993
3631,interval_only,supported_native_episode_loop,-3340.159,4.966,0.6263,-6.2186,66.0,0.7480916030534351,340.0537324488921,5.1377502251100475,-44.35114503816794,4.728383782298596,0.0,4970.0,0.0,0.0,0.0,0.0,0.0,0.0,0.0,0.0,0.0,0.0,0.0,0.0,0.0,0.0,1129.750520324707
3641,interval_only,supported_native_episode_loop,-2918.411,4.303,0.5156,-5.3342,66.0,0.7480916030534351,344.2201542309421,5.362619672492579,-44.25190839694657,4.821775529696968,0.0,4971.0,0.0,0.0,0.0,0.0,0.0,0.0,0.0,0.0,0.0,0.0,0.0,0.0,0.0,0.0,1191.956258392334
3651,interval_only,supported_native_episode_loop,-12982.963,8.433,0.5976,-9.6282,66.0,0.7480916030534351,350.8730689392139,4.760009251986597,-43.98854961832061,4.762675193169237,0.0,4970.0,0.0,0.0,0.0,0.0,0.0,0.0,0.0,0.0,0.0,0.0,0.0,0.0,0.0,0.0,30730.908544921876
3661,interval_only,supported_native_episode_loop,-2765.675,4.999,0.4959,-5.9908,66.0,0.7480916030534351,342.9212958508169,9.989812712255665,-44.45038167938932,4.288656688311469,0.0,4971.0,0.0,0.0,0.0,0.0,0.0,0.0,0.0,0.0,0.0,0.0,0.0,0.0,0.0,0.0,653.8418472290039
3671,interval_only,supported_native_episode_loop,-3245.576,8.422,0.3518,-9.1256,66.0,0.7480916030534351,346.0604759797795,5.734894090194515,-44.37786259541985,4.62716489586079,1.0,4971.0,0.0,0.0,0.0,0.0,0.0,0.0,0.0,0.0,0.0,0.0,0.0,0.0,0.0,0.0,4222.988534545899
3681,interval_only,supported_native_episode_loop,-4622.135,4.811,0.513,-5.837,66.0,0.7480916030534351,342.5510322677422,4.506947945278314,-44.38167938931298,4.641265317188516,0.23076923076923078,4970.0,0.0,0.0,0.0,0.0,0.0,0.0,0.0,0.0,0.0,0.0,0.0,0.0,0.0,0.0,20847.137243652345
3691,interval_only,supported_native_episode_loop,-11302.89,5.756,0.6213,-6.9986,66.0,0.7480916030534351,336.07022936580745,4.6813615007457665,-44.45038167938932,4.438233849364979,0.0,4971.0,0.0,0.0,0.0,0.0,0.0,0.0,0.0,0.0,0.0,0.0,0.0,0.0,0.0,0.0,12425.21796875
3701,interval_only,supported_native_episode_loop,-2632.707,4.561,0.3609,-5.2828,66.0,0.7480916030534351,340.68260083028684,4.49567190141749,-44.343511450381676,4.784311180435792,0.0,4971.0,0.0,0.0,0.0,0.0,0.0,0.0,0.0,0.0,0.0,0.0,0.0,0.0,0.0,0.0,58616.14272460937
3711,interval_only,supported_native_episode_loop,-18091.678,3.835,0.6618,-5.1586,66.0,0.7480916030534351,341.3164288816864,7.209133449545296,-44.408396946564885,4.5839503975297955,0.0,4970.0,0.0,0.0,0.0,0.0,0.0,0.0,0.0,0.0,0.0,0.0,0.0,0.0,0.0,0.0,14458.009973144532
3721,interval_only,supported_native_episode_loop,-19089.818,5.337,0.5437,-6.4243999999999994,66.0,0.7480916030534351,350.32485392209685,7.302907992807466,-42.041984732824424,7.099762969900794,0.0,4970.0,0.0,0.0,0.0,0.0,0.0,0.0,0.0,0.0,0.0,0.0,0.0,0.0,0.0,0.0,92306.02763671875
3731,interval_only,supported_native_episode_loop,-18711.608,7.197,0.388,-7.973,66.0,0.7480916030534351,335.64587226174865,5.573909605011357,-44.43893129770992,4.449257121611573,0.11390697915188519,4971.0,0.0,0.0,0.0,0.0,0.0,0.0,0.0,0.0,0.0,0.0,0.0,0.0,0.0,0.0,3790.4092407226562
3741,interval_only,supported_native_episode_loop,-10128.032,15.101,0.6163,-16.3336,66.0,0.7480916030534351,340.1333871846284,8.306430397176896,-44.51145038167939,4.240600584379564,1.0,4970.0,0.0,0.0,0.0,0.0,0.0,0.0,0.0,0.0,0.0,0.0,0.0,0.0,0.0,0.0,14680.432690429687
3751,interval_only,supported_native_episode_loop,-12852.074,7.589,0.732,-9.053,66.0,0.7480916030534351,352.723787396331,4.478885390086169,-43.55343511450382,6.374673141866743,0.0,4971.0,0.0,0.0,0.0,0.0,0.0,0.0,0.0,0.0,0.0,0.0,0.0,0.0,0.0,0.0,17432.953076171874
3761,interval_only,supported_native_episode_loop,-3033.175,4.355,0.4815,-5.3180000000000005,66.0,0.7480916030534351,333.0510475479919,7.987664700916282,-44.47328244274809,4.355093962711123,0.6923076923076924,4971.0,0.0,0.0,0.0,0.0,0.0,0.0,0.0,0.0,0.0,0.0,0.0,0.0,0.0,0.0,11149.480902099609
3771,interval_only,supported_native_episode_loop,-2880.564,5.213,0.502,-6.2170000000000005,66.0,0.7480916030534351,351.94945099448205,3.9004794717369866,-43.465648854961835,6.421930115708852,0.0,4971.0,0.0,0.0,0.0,0.0,0.0,0.0,0.0,0.0,0.0,0.0,0.0,0.0,0.0,0.0,10622.591040039062
3781,interval_only,supported_native_episode_loop,-20601.889,36.768,0.3669,-37.5018,66.0,0.7480916030534351,346.02716570048386,6.768036960272887,-42.954198473282446,5.960253331646419,0.0,4971.0,0.0,0.0,0.0,0.0,0.0,0.0,0.0,0.0,0.0,0.0,0.0,0.0,0.0,0.0,8449.6806640625
3791,interval_only,supported_native_episode_loop,-2795.739,4.703,0.421,-5.545,66.0,0.7480916030534351,336.32042865992804,5.388010808575629,-44.37786259541985,4.64034399350593,0.0,4971.0,0.0,0.0,0.0,0.0,0.0,0.0,0.0,0.0,0.0,0.0,0.0,0.0,0.0,0.0,1340.951156616211
3801,interval_only,supported_native_episode_loop,-3670.321,5.471,0.336,-6.143,66.0,0.7480916030534351,337.14271260025237,5.126904620556667,-44.49618320610687,4.309361451434224,0.0,4970.0,0.0,0.0,0.0,0.0,0.0,0.0,0.0,0.0,0.0,0.0,0.0,0.0,0.0,0.0,6483.140728759766
3811,interval_only,supported_native_episode_loop,-4310.312,6.477,0.5943,-7.6656,66.0,0.7480916030534351,333.07401862041337,9.794092898236471,-44.55343511450382,4.132699572584518,0.0,4971.0,0.0,0.0,0.0,0.0,0.0,0.0,0.0,0.0,0.0,0.0,0.0,0.0,0.0,0.0,14356.329309082032
3821,interval_only,supported_native_episode_loop,-18374.439,7.057,0.7143,-8.4856,66.0,0.7480916030534351,352.9976661723003,4.34428359868282,-44.11832061068702,5.0415570950858335,0.07692307692307698,4971.0,0.0,0.0,0.0,0.0,0.0,0.0,0.0,0.0,0.0,0.0,0.0,0.0,0.0,0.0,31624.697119140626
3831,interval_only,supported_native_episode_loop,-12099.42,4.994,0.654,-6.302,66.0,0.7480916030534351,343.2205066940864,15.02637872269532,-39.94656488549618,11.273703088593356,0.0,4971.0,0.0,0.0,0.0,0.0,0.0,0.0,0.0,0.0,0.0,0.0,0.0,0.0,0.0,0.0,5609.188610839844
3841,interval_only,supported_native_episode_loop,-2837.387,3.996,0.3937,-4.7834,66.0,0.7480916030534351,335.92910891477084,3.911574348127581,-44.404580152671755,4.599665812544103,0.07692307692307698,4971.0,0.0,0.0,0.0,0.0,0.0,0.0,0.0,0.0,0.0,0.0,0.0,0.0,0.0,0.0,2626.8839996337892
3851,interval_only,supported_native_episode_loop,-16280.019,5.153,0.6725,-6.497999999999999,66.0,0.7480916030534351,332.5230773032773,4.6002795905890785,-44.50763358778626,4.258572285583939,0.5384615384615384,4970.0,0.0,0.0,0.0,0.0,0.0,0.0,0.0,0.0,0.0,0.0,0.0,0.0,0.0,0.0,77195.92529296875
3861,interval_only,supported_native_episode_loop,-2625.852,9.354,0.4154,-10.1848,66.0,0.7480916030534351,340.8378142359351,6.386533265775399,-44.412213740458014,4.543883110876354,0.0,4971.0,0.0,0.0,0.0,0.0,0.0,0.0,0.0,0.0,0.0,0.0,0.0,0.0,0.0,0.0,25736.290905761718
3871,interval_only,supported_native_episode_loop,-3260.241,4.584,0.5128,-5.6095999999999995,66.0,0.7480916030534351,338.3487602606226,4.8567923918865805,-44.17175572519084,5.213484788026747,0.0,4970.0,0.0,0.0,0.0,0.0,0.0,0.0,0.0,0.0,0.0,0.0,0.0,0.0,0.0,0.0,3025.2357513427733
3881,interval_only,supported_native_episode_loop,-2728.597,4.417,0.5187,-5.4544,66.0,0.7480916030534351,341.4402083237814,5.840057278401607,-44.52671755725191,4.190735409372813,0.3846153846153846,4971.0,0.0,0.0,0.0,0.0,0.0,0.0,0.0,0.0,0.0,0.0,0.0,0.0,0.0,0.0,320.9823425292969
3891,interval_only,supported_native_episode_loop,-2982.151,5.561,0.4934,-6.5478,66.0,0.7480916030534351,347.5304092119024,10.664206767189805,-43.534351145038165,5.517906603167302,1.0,4973.0,0.0,0.0,0.0,0.0,0.0,0.0,0.0,0.0,0.0,0.0,0.0,0.0,0.0,0.0,2879.896224975586
3901,interval_only,supported_native_episode_loop,-18692.582,42.627,0.6197,-43.866400000000006,66.0,0.7480916030534351,344.6435744116932,7.639469268227931,-44.36259541984733,4.651419152691449,0.0,4971.0,0.0,0.0,0.0,0.0,0.0,0.0,0.0,0.0,0.0,0.0,0.0,0.0,0.0,0.0,15800.1666015625
3911,interval_only,supported_native_episode_loop,-18382.052,6.091,0.3542,-6.7994,66.0,0.7480916030534351,343.8470793306979,7.555407966441257,-44.12977099236641,5.281968385355159,0.0,4971.0,0.0,0.0,0.0,0.0,0.0,0.0,0.0,0.0,0.0,0.0,0.0,0.0,0.0,0.0,1899.6720245361328
3921,interval_only,supported_native_episode_loop,-3410.833,4.788,0.2679,-5.3238,66.0,0.7480916030534351,341.27199981643344,5.443663955325816,-44.416030534351144,4.544795140520272,0.0,4970.0,0.0,0.0,0.0,0.0,0.0,0.0,0.0,0.0,0.0,0.0,0.0,0.0,0.0,0.0,5786.732305908203
3931,interval_only,supported_native_episode_loop,-2735.646,5.514,0.3975,-6.309,66.0,0.7480916030534351,348.3338792137119,4.536917007583009,-44.02290076335878,5.147393394830481,0.0,4970.0,0.0,0.0,0.0,0.0,0.0,0.0,0.0,0.0,0.0,0.0,0.0,0.0,0.0,0.0,4467.050062561035
3941,interval_only,supported_native_episode_loop,-11623.017,5.375,0.4562,-6.2874,66.0,0.7480916030534351,345.14676183177016,7.39037007427707,-41.93893129770992,7.167841376796336,0.0,4971.0,0.0,0.0,0.0,0.0,0.0,0.0,0.0,0.0,0.0,0.0,0.0,0.0,0.0,0.0,2562.8637084960938
3951,interval_only,supported_native_episode_loop,-2700.346,4.904,0.5228,-5.9496,66.0,0.7480916030534351,331.6114842194031,5.2736589900687605,-44.469465648854964,4.36207446149176,0.0,4971.0,0.0,0.0,0.0,0.0,0.0,0.0,0.0,0.0,0.0,0.0,0.0,0.0,0.0,0.0,1545.429264831543
3961,interval_only,supported_native_episode_loop,-15451.904,22.166,0.4223,-23.0106,66.0,0.7480916030534351,341.6048085741718,4.965630012769189,-44.152671755725194,5.300832834525527,1.0,4971.0,0.0,0.0,0.0,0.0,0.0,0.0,0.0,0.0,0.0,0.0,0.0,0.0,0.0,0.0,16916.156811523437
3971,interval_only,supported_native_episode_loop,-10124.809,8.565,0.6911,-9.947199999999999,66.0,0.7480916030534351,338.3876533057095,4.582763375089331,-44.35496183206107,4.753459386970858,0.0,4972.0,0.0,0.0,0.0,0.0,0.0,0.0,0.0,0.0,0.0,0.0,0.0,0.0,0.0,0.0,28234.82578125
3981,interval_only,supported_native_episode_loop,-2746.747,4.084,0.4481,-4.9802,66.0,0.7480916030534351,342.6836782047862,10.673707677000062,-43.847328244274806,5.644660088810478,0.23076923076923078,4972.0,0.0,0.0,0.0,0.0,0.0,0.0,0.0,0.0,0.0,0.0,0.0,0.0,0.0,0.0,9566.655682373046
3991,interval_only,supported_native_episode_loop,-2815.098,3.813,0.3837,-4.5804,66.0,0.7480916030534351,339.01714378264717,5.054290812840075,-44.26335877862596,4.9880881941992525,1.0,4970.0,0.0,0.0,0.0,0.0,0.0,0.0,0.0,0.0,0.0,0.0,0.0,0.0,0.0,0.0,27808.66012878418
4001,interval_only,supported_native_episode_loop,-15302.17,37.982,0.5867,-39.1554,66.0,0.7480916030534351,332.25746078588276,4.860386958143369,-44.45038167938932,4.424452768091092,0.3846153846153846,4971.0,0.0,0.0,0.0,0.0,0.0,0.0,0.0,0.0,0.0,0.0,0.0,0.0,0.0,0.0,90937.3982421875
4011,interval_only,supported_native_episode_loop,-2765.998,4.828,0.4435,-5.715,66.0,0.7480916030534351,339.16630976685434,7.9035572251080035,-44.213740458015266,5.151902685042625,1.0,4970.0,0.0,0.0,0.0,0.0,0.0,0.0,0.0,0.0,0.0,0.0,0.0,0.0,0.0,0.0,12827.297229003907
4021,interval_only,supported_native_episode_loop,-18809.279,16.175,0.5233,-17.221600000000002,66.0,0.7480916030534351,345.94493579556615,11.073196046784945,-39.16030534351145,12.551461575968947,1.0,4970.0,0.0,0.0,0.0,0.0,0.0,0.0,0.0,0.0,0.0,0.0,0.0,0.0,0.0,0.0,62138.5724609375
4031,interval_only,supported_native_episode_loop,-2614.301,4.041,0.4905,-5.022,66.0,0.7480916030534351,334.0612757190796,9.615867847005557,-44.16793893129771,5.203716627984486,1.0,4970.0,0.0,0.0,0.0,0.0,0.0,0.0,0.0,0.0,0.0,0.0,0.0,0.0,0.0,0.0,984.5747184753418
4041,interval_only,supported_native_episode_loop,-4446.098,3.713,0.4547,-4.6224,66.0,0.7480916030534351,331.61751920442845,7.156927464736526,-44.55343511450382,4.18227444074373,0.23076923076923078,4972.0,0.0,0.0,0.0,0.0,0.0,0.0,0.0,0.0,0.0,0.0,0.0,0.0,0.0,0.0,59371.82475585937
4051,interval_only,supported_native_episode_loop,-18597.346,4.58,0.4661,-5.5122,66.0,0.7480916030534351,343.25190896385794,12.29411281847657,-40.06106870229008,11.602023859504053,0.0,4971.0,0.0,0.0,0.0,0.0,0.0,0.0,0.0,0.0,0.0,0.0,0.0,0.0,0.0,0.0,2628.1787689208986
4061,interval_only,supported_native_episode_loop,-18407.612,16.626,0.3773,-17.3806,66.0,0.7480916030534351,335.94152106838374,9.890987589926647,-44.44656488549618,4.442487400866612,0.0,4971.0,0.0,0.0,0.0,0.0,0.0,0.0,0.0,0.0,0.0,0.0,0.0,0.0,0.0,0.0,135528.3171875
4071,interval_only,supported_native_episode_loop,-3246.343,5.855,0.3207,-6.4964,66.0,0.7480916030534351,338.7982182590106,5.132441909732302,-44.49236641221374,4.31289772270401,0.0,4970.0,0.0,0.0,0.0,0.0,0.0,0.0,0.0,0.0,0.0,0.0,0.0,0.0,0.0,0.0,5092.267416381836
4081,interval_only,supported_native_episode_loop,-4984.036,5.469,0.4707,-6.4104,66.0,0.7480916030534351,346.0707169700215,12.121622903026823,-43.583969465648856,5.414728525669708,0.0,4972.0,0.0,0.0,0.0,0.0,0.0,0.0,0.0,0.0,0.0,0.0,0.0,0.0,0.0,0.0,10790.678759765626
4091,interval_only,supported_native_episode_loop,-4399.308,5.747,0.5664,-6.8797999999999995,66.0,0.7480916030534351,340.67259839190785,5.6226446233896015,-44.18702290076336,4.957774324370154,0.0,4970.0,0.0,0.0,0.0,0.0,0.0,0.0,0.0,0.0,0.0,0.0,0.0,0.0,0.0,0.0,942.9305519104004
4101,interval_only,supported_native_episode_loop,-14791.483,11.989,0.4841,-12.9572,66.0,0.7480916030534351,350.4780831446402,5.8189138156532625,-43.99618320610687,5.268006627656322,0.0,4970.0,0.0,0.0,0.0,0.0,0.0,0.0,0.0,0.0,0.0,0.0,0.0,0.0,0.0,0.0,27034.062377929688
4111,interval_only,supported_native_episode_loop,-3367.684,5.294,0.3097,-5.913399999999999,66.0,0.7480916030534351,338.7298501488191,10.670029112482116,-44.458015267175576,4.401178783779389,0.0,4971.0,0.0,0.0,0.0,0.0,0.0,0.0,0.0,0.0,0.0,0.0,0.0,0.0,0.0,0.0,22450.63068847656
4121,interval_only,supported_native_episode_loop,-4686.008,5.849,0.5747,-6.9984,66.0,0.7480916030534351,331.3786244775199,4.738057298754207,-44.56488549618321,4.045729511097498,1.0,4972.0,0.0,0.0,0.0,0.0,0.0,0.0,0.0,0.0,0.0,0.0,0.0,0.0,0.0,0.0,64651.89262695312
4131,interval_only,supported_native_episode_loop,-5449.862,10.709,0.2147,-11.138399999999999,66.0,0.7480916030534351,344.7080651660533,4.799335918891296,-44.404580152671755,4.5805406960317505,1.0,4972.0,0.0,0.0,0.0,0.0,0.0,0.0,0.0,0.0,0.0,0.0,0.0,0.0,0.0,0.0,1082.3021362304687
4141,interval_only,supported_native_episode_loop,-19946.046,32.741,0.5525,-33.846,66.0,0.7480916030534351,346.3254715817727,5.298363069982267,-44.30534351145038,4.883987123806873,0.0,4970.0,0.0,0.0,0.0,0.0,0.0,0.0,0.0,0.0,0.0,0.0,0.0,0.0,0.0,0.0,39497.47529296875
4151,interval_only,supported_native_episode_loop,-2663.247,5.443,0.5149,-6.472799999999999,66.0,0.7480916030534351,340.4155298724505,7.403717887197621,-44.412213740458014,4.52283473395291,0.07692307692307698,4970.0,0.0,0.0,0.0,0.0,0.0,0.0,0.0,0.0,0.0,0.0,0.0,0.0,0.0,0.0,998.6610679626465
4161,interval_only,supported_native_episode_loop,-20142.306,10.534,0.4076,-11.349200000000002,66.0,0.7480916030534351,336.2386344379444,8.157380468541485,-44.454198473282446,4.400273404794778,0.0,4970.0,0.0,0.0,0.0,0.0,0.0,0.0,0.0,0.0,0.0,0.0,0.0,0.0,0.0,0.0,103903.6857421875
4171,interval_only,supported_native_episode_loop,-18232.79,7.147,0.6246,-8.3962,66.0,0.7480916030534351,350.1171033112033,8.411651053918465,-44.32442748091603,4.619665755779596,0.8461538461538461,4971.0,0.0,0.0,0.0,0.0,0.0,0.0,0.0,0.0,0.0,0.0,0.0,0.0,0.0,0.0,19627.22509765625
4181,interval_only,supported_native_episode_loop,-10054.051,12.379,0.3506,-13.0802,66.0,0.7480916030534351,334.1311350793935,12.01595762593319,-44.3587786259542,4.675857601528532,1.0,4972.0,0.0,0.0,0.0,0.0,0.0,0.0,0.0,0.0,0.0,0.0,0.0,0.0,0.0,0.0,10604.093408203125
4191,interval_only,supported_native_episode_loop,-3718.741,5.201,0.5339,-6.2688,66.0,0.7480916030534351,339.81458580603123,4.248212124075587,-44.43511450381679,4.472305341009797,0.0,4972.0,0.0,0.0,0.0,0.0,0.0,0.0,0.0,0.0,0.0,0.0,0.0,0.0,0.0,0.0,1001.4307067871093
4201,interval_only,supported_native_episode_loop,-3133.436,4.106,0.4102,-4.9264,66.0,0.7480916030534351,334.7230383522941,6.517670128849987,-44.24045801526717,5.079464397832508,1.0,4970.0,0.0,0.0,0.0,0.0,0.0,0.0,0.0,0.0,0.0,0.0,0.0,0.0,0.0,0.0,5088.952087402344
4211,interval_only,supported_native_episode_loop,-18927.057,16.898,0.6007,-18.0994,66.0,0.7480916030534351,328.67836064103295,6.536489947168728,-44.48091603053435,4.33581066499912,1.0,4970.0,0.0,0.0,0.0,0.0,0.0,0.0,0.0,0.0,0.0,0.0,0.0,0.0,0.0,0.0,182326.77451171874
4221,interval_only,supported_native_episode_loop,-17894.458,4.637,0.3592,-5.3553999999999995,66.0,0.7480916030534351,337.77515579016153,9.92745757845279,-44.458015267175576,4.226885128897719,0.0,4970.0,0.0,0.0,0.0,0.0,0.0,0.0,0.0,0.0,0.0,0.0,0.0,0.0,0.0,0.0,3424.3749572753904
4231,interval_only,supported_native_episode_loop,-2680.526,5.185,0.4498,-6.0846,66.0,0.7480916030534351,336.10819289544764,6.5485615482338115,-44.33206106870229,4.822858535587154,1.0,4971.0,0.0,0.0,0.0,0.0,0.0,0.0,0.0,0.0,0.0,0.0,0.0,0.0,0.0,0.0,172.7151403427124
4241,interval_only,supported_native_episode_loop,-19135.263,8.34,0.6326,-9.6052,66.0,0.7480916030534351,331.87531573817927,6.16109451699442,-44.35496183206107,4.8077500052568265,0.0,4971.0,0.0,0.0,0.0,0.0,0.0,0.0,0.0,0.0,0.0,0.0,0.0,0.0,0.0,0.0,4650.595190429687
4251,interval_only,supported_native_episode_loop,-18210.446,7.934,0.5293,-8.9926,66.0,0.7480916030534351,330.81197251060235,5.458301407147342,-44.56106870229008,4.068367501228348,0.0,4972.0,0.0,0.0,0.0,0.0,0.0,0.0,0.0,0.0,0.0,0.0,0.0,0.0,0.0,0.0,12413.585815429688
4261,interval_only,supported_native_episode_loop,-19112.44,39.511,0.4241,-40.3592,66.0,0.7480916030534351,343.4005846767935,7.175206078092712,-43.23664122137404,5.963415258309085,0.0,4970.0,0.0,0.0,0.0,0.0,0.0,0.0,0.0,0.0,0.0,0.0,0.0,0.0,0.0,0.0,28701.1220703125
4271,interval_only,supported_native_episode_loop,-6553.978,4.502,0.5711,-5.6442,66.0,0.7480916030534351,334.5517721063915,9.787025424630245,-44.32442748091603,4.775663362307324,0.23076923076923078,4971.0,0.0,0.0,0.0,0.0,0.0,0.0,0.0,0.0,0.0,0.0,0.0,0.0,0.0,0.0,3188.958267211914
4281,interval_only,supported_native_episode_loop,-2665.663,3.66,0.4746,-4.6092,66.0,0.7480916030534351,343.35568655256856,5.7059267513871665,-43.81679389312977,6.4828623481218175,0.0,4970.0,0.0,0.0,0.0,0.0,0.0,0.0,0.0,0.0,0.0,0.0,0.0,0.0,0.0,0.0,14882.64828491211
4291,interval_only,supported_native_episode_loop,-11861.547,5.956,0.7426,-7.4412,66.0,0.7480916030534351,340.200497596728,6.643579363426168,-44.51526717557252,4.223452754902325,0.0,4970.0,0.0,0.0,0.0,0.0,0.0,0.0,0.0,0.0,0.0,0.0,0.0,0.0,0.0,0.0,11743.075891113282
4301,interval_only,supported_native_episode_loop,-9514.424,18.474,0.2411,-18.9562,66.0,0.7480916030534351,344.2934346943411,11.597537888571553,-39.87022900763359,12.537209927730451,1.0,4970.0,0.0,0.0,0.0,0.0,0.0,0.0,0.0,0.0,0.0,0.0,0.0,0.0,0.0,0.0,18796.517358398436
4311,interval_only,supported_native_episode_loop,-18729.082,4.943,0.5972,-6.1373999999999995,66.0,0.7480916030534351,341.16114427501157,7.489589309387842,-44.43129770992366,4.479070650086694,1.0,4970.0,0.0,0.0,0.0,0.0,0.0,0.0,0.0,0.0,0.0,0.0,0.0,0.0,0.0,0.0,7645.388708496093
4321,interval_only,supported_native_episode_loop,-14689.272,44.214,0.4915,-45.196999999999996,66.0,0.7480916030534351,331.83576797504764,4.99861968828451,-44.51526717557252,4.22887156338539,1.0,4972.0,0.0,0.0,0.0,0.0,0.0,0.0,0.0,0.0,0.0,0.0,0.0,0.0,0.0,0.0,69572.61088867187
4331,interval_only,supported_native_episode_loop,-12237.387,26.389,0.6443,-27.677599999999998,66.0,0.7480916030534351,343.060135554782,5.681354356158291,-44.16793893129771,5.3176254124190585,0.8461538461538461,4971.0,0.0,0.0,0.0,0.0,0.0,0.0,0.0,0.0,0.0,0.0,0.0,0.0,0.0,0.0,30423.51044921875
4341,interval_only,supported_native_episode_loop,-18344.743,4.875,0.4536,-5.7822,66.0,0.7480916030534351,346.7237736047073,6.7836349790802934,-43.74045801526717,5.209486042633185,0.0,4971.0,0.0,0.0,0.0,0.0,0.0,0.0,0.0,0.0,0.0,0.0,0.0,0.0,0.0,0.0,59862.508056640625
4351,interval_only,supported_native_episode_loop,-19932.044,7.357,0.6807,-8.7184,66.0,0.7480916030534351,345.2915112732324,6.428621648482113,-44.19083969465649,5.193381730503707,0.7881915523291345,4971.0,0.0,0.0,0.0,0.0,0.0,0.0,0.0,0.0,0.0,0.0,0.0,0.0,0.0,0.0,4392.103387451172
4361,interval_only,supported_native_episode_loop,-2659.506,5.747,0.5115,-6.77,66.0,0.7480916030534351,343.42830393811823,6.31129034463973,-44.045801526717554,5.11301676000473,0.0,4972.0,0.0,0.0,0.0,0.0,0.0,0.0,0.0,0.0,0.0,0.0,0.0,0.0,0.0,0.0,5256.570208740234
4371,interval_only,supported_native_episode_loop,-12877.138,30.389,0.4489,-31.2868,66.0,0.7480916030534351,336.7761474588142,5.180204647181502,-44.41984732824427,4.536458245350203,0.6923076923076924,4970.0,0.0,0.0,0.0,0.0,0.0,0.0,0.0,0.0,0.0,0.0,0.0,0.0,0.0,0.0,68861.68427734375
4381,interval_only,supported_native_episode_loop,-2667.346,3.981,0.4208,-4.8225999999999996,66.0,0.7480916030534351,337.2936015788532,9.91790980215772,-44.5,4.2558894980776145,1.0,4971.0,0.0,0.0,0.0,0.0,0.0,0.0,0.0,0.0,0.0,0.0,0.0,0.0,0.0,0.0,4791.714939880371
4391,interval_only,supported_native_episode_loop,-14555.948,4.754,0.533,-5.819999999999999,66.0,0.7480916030534351,333.37533476201025,11.535245072315734,-44.14885496183206,5.35573982476436,0.0,4969.0,0.0,0.0,0.0,0.0,0.0,0.0,0.0,0.0,0.0,0.0,0.0,0.0,0.0,0.0,99392.22412109375
4401,interval_only,supported_native_episode_loop,-10209.146,7.296,0.6912,-8.6784,66.0,0.7480916030534351,345.93300209979674,6.139639783596764,-43.79007633587786,6.247275497303687,0.6923076923076924,4970.0,0.0,0.0,0.0,0.0,0.0,0.0,0.0,0.0,0.0,0.0,0.0,0.0,0.0,0.0,8700.790698242188
4411,interval_only,supported_native_episode_loop,-15882.651,5.769,0.307,-6.383,66.0,0.7480916030534351,329.1417722813652,6.760988464361294,-44.404580152671755,4.551283060356052,1.0,4971.0,0.0,0.0,0.0,0.0,0.0,0.0,0.0,0.0,0.0,0.0,0.0,0.0,0.0,0.0,91724.2173828125
4421,interval_only,supported_native_episode_loop,-18274.033,7.59,0.6352,-8.8604,66.0,0.7480916030534351,335.4836977580121,7.127645261195664,-44.54961832061068,4.093774346973603,1.0,4970.0,0.0,0.0,0.0,0.0,0.0,0.0,0.0,0.0,0.0,0.0,0.0,0.0,0.0,0.0,43462.494360351564
4431,interval_only,supported_native_episode_loop,-6334.697,5.107,0.5324,-6.1718,66.0,0.7480916030534351,345.39571347870594,5.51397185973585,-44.4236641221374,4.423209640156551,0.0,4971.0,0.0,0.0,0.0,0.0,0.0,0.0,0.0,0.0,0.0,0.0,0.0,0.0,0.0,0.0,20717.94647216797
4441,interval_only,supported_native_episode_loop,-14499.02,4.678,0.5965,-5.871,66.0,0.7480916030534351,349.27050142878187,5.432734465763226,-43.73664122137404,5.813523403880053,1.0,4971.0,0.0,0.0,0.0,0.0,0.0,0.0,0.0,0.0,0.0,0.0,0.0,0.0,0.0,0.0,4988.107727050781
4451,interval_only,supported_native_episode_loop,-19032.67,43.149,0.4797,-44.1084,66.0,0.7480916030534351,335.6487620875428,6.858252343419638,-44.404580152671755,4.597175744272588,0.0,4972.0,0.0,0.0,0.0,0.0,0.0,0.0,0.0,0.0,0.0,0.0,0.0,0.0,0.0,0.0,5325.335827636719
4461,interval_only,supported_native_episode_loop,-3743.568,6.461,0.554,-7.569000000000001,66.0,0.7480916030534351,333.3615306585573,9.911585122532077,-44.31297709923664,4.84347986924178,1.0,4970.0,0.0,0.0,0.0,0.0,0.0,0.0,0.0,0.0,0.0,0.0,0.0,0.0,0.0,0.0,1065.8011276245118
4471,interval_only,supported_native_episode_loop,-20199.449,56.158,0.5324,-57.2228,66.0,0.7480916030534351,329.366876361449,6.274520452896709,-44.38167938931298,4.652764121846782,1.0,4971.0,0.0,0.0,0.0,0.0,0.0,0.0,0.0,0.0,0.0,0.0,0.0,0.0,0.0,0.0,5201.8689636230465
4481,interval_only,supported_native_episode_loop,-12024.953,4.395,0.4097,-5.2143999999999995,66.0,0.7480916030534351,334.86337174344004,8.608771362096586,-44.343511450381676,4.758713971450965,0.6923076923076924,4970.0,0.0,0.0,0.0,0.0,0.0,0.0,0.0,0.0,0.0,0.0,0.0,0.0,0.0,0.0,34665.50444335937
4491,interval_only,supported_native_episode_loop,-12968.089,13.088,0.5612,-14.2104,66.0,0.7480916030534351,339.8470180016437,5.570570330667527,-44.538167938931295,4.134715401658565,1.0,4972.0,0.0,0.0,0.0,0.0,0.0,0.0,0.0,0.0,0.0,0.0,0.0,0.0,0.0,0.0,6222.210595703125
4501,interval_only,supported_native_episode_loop,-11863.374,45.488,0.6002,-46.6884,66.0,0.7480916030534351,345.181733573939,8.984808422268992,-43.23664122137404,7.4036632784034815,0.4493045497733865,4971.0,0.0,0.0,0.0,0.0,0.0,0.0,0.0,0.0,0.0,0.0,0.0,0.0,0.0,0.0,18149.14484863281
4511,interval_only,supported_native_episode_loop,-18881.239,5.416,0.5022,-6.420400000000001,66.0,0.7480916030534351,337.0118174749401,8.140437119601502,-44.347328244274806,4.686912560553157,0.0,4971.0,0.0,0.0,0.0,0.0,0.0,0.0,0.0,0.0,0.0,0.0,0.0,0.0,0.0,0.0,2305.266165161133
4521,interval_only,supported_native_episode_loop,-11201.195,5.903,0.6205,-7.144,66.0,0.7480916030534351,343.0558095119685,4.437059814551735,-44.45038167938932,4.422727113613998,0.6923076923076924,4973.0,0.0,0.0,0.0,0.0,0.0,0.0,0.0,0.0,0.0,0.0,0.0,0.0,0.0,0.0,27017.756225585938
4531,interval_only,supported_native_episode_loop,-13867.11,4.154,0.4657,-5.0854,66.0,0.7480916030534351,342.652817760351,4.9754528623653576,-44.3587786259542,4.701905902815629,0.0,4970.0,0.0,0.0,0.0,0.0,0.0,0.0,0.0,0.0,0.0,0.0,0.0,0.0,0.0,0.0,3430.1219116210937
4541,interval_only,supported_native_episode_loop,-18377.185,5.079,0.2894,-5.6578,66.0,0.7480916030534351,338.64295673547804,5.717654448026024,-44.50763358778626,4.258572285583939,0.0,4971.0,0.0,0.0,0.0,0.0,0.0,0.0,0.0,0.0,0.0,0.0,0.0,0.0,0.0,0.0,3101.229461669922
4551,interval_only,supported_native_episode_loop,-18740.435,47.771,0.5903,-48.9516,66.0,0.7480916030534351,343.8780768087195,7.523709713143089,-43.958015267175576,5.436144994084822,1.0,4970.0,0.0,0.0,0.0,0.0,0.0,0.0,0.0,0.0,0.0,0.0,0.0,0.0,0.0,0.0,11602.527465820312
4561,interval_only,supported_native_episode_loop,-20150.754,6.693,0.714,-8.120999999999999,66.0,0.7480916030534351,332.09453483289127,9.851904916040366,-44.41984732824427,4.528879676225624,0.0,4971.0,0.0,0.0,0.0,0.0,0.0,0.0,0.0,0.0,0.0,0.0,0.0,0.0,0.0,0.0,16723.028771972655
4571,interval_only,supported_native_episode_loop,-3176.239,6.87,0.5395,-7.949,66.0,0.7480916030534351,349.20415508020426,7.818976240876273,-40.93129770992366,12.57508189140297,1.0,4969.0,0.0,0.0,0.0,0.0,0.0,0.0,0.0,0.0,0.0,0.0,0.0,0.0,0.0,0.0,103127.7818359375
4581,interval_only,supported_native_episode_loop,-20213.778,10.103,0.7229,-11.5488,66.0,0.7480916030534351,339.86236171619277,7.08137109352365,-44.04961832061068,5.148317357161078,0.0,4971.0,0.0,0.0,0.0,0.0,0.0,0.0,0.0,0.0,0.0,0.0,0.0,0.0,0.0,0.0,61652.67690429687
4591,interval_only,supported_native_episode_loop,-19127.999,9.428,0.3786,-10.1852,66.0,0.7480916030534351,338.8424115667513,9.187676811556685,-44.38549618320611,4.588429226769158,1.0,4970.0,0.0,0.0,0.0,0.0,0.0,0.0,0.0,0.0,0.0,0.0,0.0,0.0,0.0,0.0,230365.5400390625
4601,interval_only,supported_native_episode_loop,-6487.504,6.62,0.4471,-7.5142,66.0,0.7480916030534351,347.41287608529814,4.933767314815796,-44.25190839694657,4.976806529115846,1.0,4970.0,0.0,0.0,0.0,0.0,0.0,0.0,0.0,0.0,0.0,0.0,0.0,0.0,0.0,0.0,19719.3875
4611,interval_only,supported_native_episode_loop,-18088.345,4.747,0.5909,-5.9288,66.0,0.7480916030534351,342.10637208135563,8.899006942638803,-44.36641221374046,4.598715563906234,0.8461538461538461,4971.0,0.0,0.0,0.0,0.0,0.0,0.0,0.0,0.0,0.0,0.0,0.0,0.0,0.0,0.0,48598.10744628906
4621,interval_only,supported_native_episode_loop,-15802.85,5.567,0.628,-6.823,66.0,0.7480916030534351,338.17951510503843,5.689488922990586,-44.49618320610687,4.2916109287052215,0.8461538461538461,4971.0,0.0,0.0,0.0,0.0,0.0,0.0,0.0,0.0,0.0,0.0,0.0,0.0,0.0,0.0,31816.973999023438
4631,interval_only,supported_native_episode_loop,-17569.518,8.007,0.5847,-9.1764,66.0,0.7480916030534351,342.2924955358487,6.694013242567091,-44.458015267175576,4.394235540398323,0.6923076923076924,4973.0,0.0,0.0,0.0,0.0,0.0,0.0,0.0,0.0,0.0,0.0,0.0,0.0,0.0,0.0,2785.9057647705076
4641,interval_only,supported_native_episode_loop,-2904.262,5.473,0.4925,-6.458,66.0,0.7480916030534351,337.51643346404757,6.011028240693277,-44.270992366412216,4.530540782132711,0.0,4971.0,0.0,0.0,0.0,0.0,0.0,0.0,0.0,0.0,0.0,0.0,0.0,0.0,0.0,0.0,7971.674279785157
4651,interval_only,supported_native_episode_loop,-6559.038,7.089,0.5681,-8.225200000000001,66.0,0.7480916030534351,340.546047779622,5.149120558067395,-44.31679389312977,4.780968196553001,1.0,4970.0,0.0,0.0,0.0,0.0,0.0,0.0,0.0,0.0,0.0,0.0,0.0,0.0,0.0,0.0,38457.2185546875
4661,interval_only,supported_native_episode_loop,-18839.132,7.399,0.696,-8.791,66.0,0.7480916030534351,343.4316353436796,5.478129437057263,-44.20992366412214,5.117495137537742,0.0,4970.0,0.0,0.0,0.0,0.0,0.0,0.0,0.0,0.0,0.0,0.0,0.0,0.0,0.0,0.0,19098.917321777342
4671,interval_only,supported_native_episode_loop,-8009.307,22.724,0.6627,-24.0494,66.0,0.7480916030534351,327.37294334819296,4.437028264396169,-44.5,4.291612625959816,1.0,4971.0,0.0,0.0,0.0,0.0,0.0,0.0,0.0,0.0,0.0,0.0,0.0,0.0,0.0,0.0,61986.08508300781
4681,interval_only,supported_native_episode_loop,-17860.518,3.904,0.5191,-4.9422,66.0,0.7480916030534351,348.2364826925291,6.99913015158002,-44.45038167938932,4.409763180115516,0.0,4971.0,0.0,0.0,0.0,0.0,0.0,0.0,0.0,0.0,0.0,0.0,0.0,0.0,0.0,0.0,18047.280603027342
4691,interval_only,supported_native_episode_loop,-18990.072,3.946,0.6063,-5.1586,66.0,0.7480916030534351,332.80454541823946,5.828153739185306,-44.48473282442748,4.323484127986721,0.0,4971.0,0.0,0.0,0.0,0.0,0.0,0.0,0.0,0.0,0.0,0.0,0.0,0.0,0.0,0.0,14234.250756835938
4701,interval_only,supported_native_episode_loop,-18781.645,13.595,0.5071,-14.609200000000001,66.0,0.7480916030534351,334.3089523055778,5.740256420204796,-44.56106870229008,4.068367501228348,1.0,4971.0,0.0,0.0,0.0,0.0,0.0,0.0,0.0,0.0,0.0,0.0,0.0,0.0,0.0,0.0,3187.7953247070313
4711,interval_only,supported_native_episode_loop,-17237.647,4.208,0.5354,-5.2788,66.0,0.7480916030534351,336.6021934380664,4.570985021718671,-44.44274809160305,4.486043336215641,0.5384615384615384,4971.0,0.0,0.0,0.0,0.0,0.0,0.0,0.0,0.0,0.0,0.0,0.0,0.0,0.0,0.0,27910.710864257813
4721,interval_only,supported_native_episode_loop,-9086.87,4.921,0.479,-5.8790000000000004,66.0,0.7480916030534351,340.1091683782391,5.261270756676654,-44.41984732824427,4.549900088615793,1.0,4970.0,0.0,0.0,0.0,0.0,0.0,0.0,0.0,0.0,0.0,0.0,0.0,0.0,0.0,0.0,20443.56317138672
4731,interval_only,supported_native_episode_loop,-11651.394,4.816,0.5053,-5.8266,66.0,0.7480916030534351,339.7996304727086,6.822035971180736,-44.347328244274806,4.714519205073173,1.0,4971.0,0.0,0.0,0.0,0.0,0.0,0.0,0.0,0.0,0.0,0.0,0.0,0.0,0.0,0.0,1740.811474609375
4741,interval_only,supported_native_episode_loop,-3244.011,7.062,0.514,-8.09,66.0,0.7480916030534351,340.3794004281362,5.713101588037539,-44.51908396946565,4.215295929300231,1.0,4971.0,0.0,0.0,0.0,0.0,0.0,0.0,0.0,0.0,0.0,0.0,0.0,0.0,0.0,0.0,407.7389312744141
4751,interval_only,supported_native_episode_loop,-2993.66,6.643,0.4899,-7.6228,66.0,0.7480916030534351,342.8117962038623,5.959244560890742,-44.43893129770992,4.451829926846945,0.0,4971.0,0.0,0.0,0.0,0.0,0.0,0.0,0.0,0.0,0.0,0.0,0.0,0.0,0.0,0.0,30079.697595214842
4761,interval_only,supported_native_episode_loop,-10415.756,4.172,0.4761,-5.1242,66.0,0.7480916030534351,341.2172609022859,13.531510581341507,-44.43129770992366,4.403443898050389,0.0,4971.0,0.0,0.0,0.0,0.0,0.0,0.0,0.0,0.0,0.0,0.0,0.0,0.0,0.0,0.0,4345.1463073730465
4771,interval_only,supported_native_episode_loop,-2871.839,5.097,0.4859,-6.0688,66.0,0.7480916030534351,335.2946126298444,5.650706511295691,-44.33969465648855,4.81757563731688,0.0,4972.0,0.0,0.0,0.0,0.0,0.0,0.0,0.0,0.0,0.0,0.0,0.0,0.0,0.0,0.0,329.16154327392576
4781,interval_only,supported_native_episode_loop,-2567.862,5.621,0.4661,-6.5532,66.0,0.7480916030534351,328.84765792581567,5.151445395217614,-44.52290076335878,4.218897234544625,0.0,4970.0,0.0,0.0,0.0,0.0,0.0,0.0,0.0,0.0,0.0,0.0,0.0,0.0,0.0,0.0,209.13592128753663
4791,interval_only,supported_native_episode_loop,-18991.77,31.441,0.4843,-32.4096,66.0,0.7480916030534351,340.4681049048432,6.21193431903726,-44.43511450381679,4.46718183383072,0.0,4971.0,0.0,0.0,0.0,0.0,0.0,0.0,0.0,0.0,0.0,0.0,0.0,0.0,0.0,0.0,2018.1804077148438
4801,interval_only,supported_native_episode_loop,-19345.74,42.166,0.3193,-42.80459999999999,66.0,0.7480916030534351,340.5622125227639,5.958674664298605,-44.33587786259542,4.764869353355672,0.8461538461538461,4971.0,0.0,0.0,0.0,0.0,0.0,0.0,0.0,0.0,0.0,0.0,0.0,0.0,0.0,0.0,36493.9900390625
4811,interval_only,supported_native_episode_loop,-3868.35,5.03,0.42,-5.87,66.0,0.7480916030534351,339.4169137987282,6.618680031580369,-43.52290076335878,7.51724800307735,1.0,4971.0,0.0,0.0,0.0,0.0,0.0,0.0,0.0,0.0,0.0,0.0,0.0,0.0,0.0,0.0,34990.420703125
4821,interval_only,supported_native_episode_loop,-8755.059,6.278,0.6098,-7.497599999999999,66.0,0.7480916030534351,347.04937637146304,7.831251315133141,-43.87022900763359,5.7682957470485245,1.0,4971.0,0.0,0.0,0.0,0.0,0.0,0.0,0.0,0.0,0.0,0.0,0.0,0.0,0.0,0.0,552.229810333252
4831,interval_only,supported_native_episode_loop,-19050.51,66.555,0.7746,-68.1042,66.0,0.7480916030534351,344.2811132245695,6.683266305191353,-44.23664122137404,5.064216722128158,0.8461538461538461,4971.0,0.0,0.0,0.0,0.0,0.0,0.0,0.0,0.0,0.0,0.0,0.0,0.0,0.0,0.0,2654.0510803222655
4841,interval_only,supported_native_episode_loop,-17830.171,4.391,0.4983,-5.3876,66.0,0.7480916030534351,350.09486990819755,4.417445310430013,-44.400763358778626,4.597094937026152,1.0,4971.0,0.0,0.0,0.0,0.0,0.0,0.0,0.0,0.0,0.0,0.0,0.0,0.0,0.0,0.0,11818.977954101563
4851,interval_only,supported_native_episode_loop,-7712.892,8.029,0.5491,-9.1272,66.0,0.7480916030534351,334.50940596747944,10.240492596080188,-44.56488549618321,4.04667281414639,0.0,4971.0,0.0,0.0,0.0,0.0,0.0,0.0,0.0,0.0,0.0,0.0,0.0,0.0,0.0,0.0,53057.45327148437
4861,interval_only,supported_native_episode_loop,-11705.702,5.638,0.55,-6.7379999999999995,66.0,0.7480916030534351,341.3587837508617,10.940478331902794,-43.774809160305345,5.05681980006187,0.0,4971.0,0.0,0.0,0.0,0.0,0.0,0.0,0.0,0.0,0.0,0.0,0.0,0.0,0.0,0.0,29709.870080566405
4871,interval_only,supported_native_episode_loop,-20481.771,27.419,0.7139,-28.8468,66.0,0.7480916030534351,334.8621198537695,5.142450995721893,-44.30152671755725,4.878359828436028,0.0,4970.0,0.0,0.0,0.0,0.0,0.0,0.0,0.0,0.0,0.0,0.0,0.0,0.0,0.0,0.0,199102.8716796875
4881,interval_only,supported_native_episode_loop,-2458.707,3.994,0.5134,-5.0208,66.0,0.7480916030534351,340.44314048723635,5.307344833592627,-44.103053435114504,4.9656136499740695,0.0,4970.0,0.0,0.0,0.0,0.0,0.0,0.0,0.0,0.0,0.0,0.0,0.0,0.0,0.0,0.0,290.76355476379393
4891,interval_only,supported_native_episode_loop,-7888.871,4.377,0.4527,-5.2824,66.0,0.7480916030534351,332.61523327851717,6.846906549556797,-44.24045801526717,5.15553920778869,1.0,4970.0,0.0,0.0,0.0,0.0,0.0,0.0,0.0,0.0,0.0,0.0,0.0,0.0,0.0,0.0,672.1545707702637
4901,interval_only,supported_native_episode_loop,-12669.206,34.455,0.635,-35.725,66.0,0.7480916030534351,330.96117891889185,6.004379889474005,-44.52671755725191,4.2061899937755465,0.4039028796575477,4971.0,0.0,0.0,0.0,0.0,0.0,0.0,0.0,0.0,0.0,0.0,0.0,0.0,0.0,0.0,19386.8048828125
4911,interval_only,supported_native_episode_loop,-3396.465,6.927,0.6365,-8.2,66.0,0.7480916030534351,338.4668686568282,5.906345462931263,-44.50381679389313,4.281816775357538,0.0,4970.0,0.0,0.0,0.0,0.0,0.0,0.0,0.0,0.0,0.0,0.0,0.0,0.0,0.0,0.0,568.2733100891113
4921,interval_only,supported_native_episode_loop,-10982.687,8.143,0.6555,-9.454,66.0,0.7480916030534351,339.3314085541184,6.7873233730577525,-44.11068702290076,5.6113945132169585,0.0,4971.0,0.0,0.0,0.0,0.0,0.0,0.0,0.0,0.0,0.0,0.0,0.0,0.0,0.0,0.0,56162.21162109375
4931,interval_only,supported_native_episode_loop,-18971.071,4.448,0.6609,-5.7698,66.0,0.7480916030534351,340.14578406935124,7.330118367820582,-44.038167938931295,5.7894410073774285,0.2610441806427959,4971.0,0.0,0.0,0.0,0.0,0.0,0.0,0.0,0.0,0.0,0.0,0.0,0.0,0.0,0.0,7178.230334472656
4941,interval_only,supported_native_episode_loop,-18216.542,4.706,0.4101,-5.5262,66.0,0.7480916030534351,339.73751663797685,4.708970264711373,-44.458015267175576,4.408111090827894,0.0,4972.0,0.0,0.0,0.0,0.0,0.0,0.0,0.0,0.0,0.0,0.0,0.0,0.0,0.0,0.0,11132.316833496094
4951,interval_only,supported_native_episode_loop,-2559.793,4.771,0.321,-5.413,66.0,0.7480916030534351,345.94120733769796,4.862226234798793,-43.847328244274806,5.611429560876905,0.0,4970.0,0.0,0.0,0.0,0.0,0.0,0.0,0.0,0.0,0.0,0.0,0.0,0.0,0.0,0.0,36292.33732910156
4961,interval_only,supported_native_episode_loop,-2646.984,3.86,0.3372,-4.5344,66.0,0.7480916030534351,337.1072095194542,5.991936996644406,-44.43893129770992,4.474065598537065,1.0,4970.0,0.0,0.0,0.0,0.0,0.0,0.0,0.0,0.0,0.0,0.0,0.0,0.0,0.0,0.0,1698.3633163452148
4971,interval_only,supported_native_episode_loop,-4345.361,5.061,0.4668,-5.9946,66.0,0.7480916030534351,338.32486135815634,6.77635488357666,-44.35496183206107,4.7694913669390955,0.23076923076923078,4971.0,0.0,0.0,0.0,0.0,0.0,0.0,0.0,0.0,0.0,0.0,0.0,0.0,0.0,0.0,2534.8877822875975
4981,interval_only,supported_native_episode_loop,-17690.413,49.126,0.5657,-50.2574,66.0,0.7480916030534351,341.3713062906993,5.52446251991052,-44.29007633587786,4.891164412197768,0.0,4970.0,0.0,0.0,0.0,0.0,0.0,0.0,0.0,0.0,0.0,0.0,0.0,0.0,0.0,0.0,91936.7330078125
4991,interval_only,supported_native_episode_loop,-3614.661,7.109,0.3457,-7.8004,66.0,0.7480916030534351,331.87466615563585,6.108299951979292,-44.37022900763359,4.675373106824043,1.0,4971.0,0.0,0.0,0.0,0.0,0.0,0.0,0.0,0.0,0.0,0.0,0.0,0.0,0.0,0.0,1093.9483207702638
5001,interval_only,supported_native_episode_loop,-2725.683,5.256,0.5224,-6.300800000000001,66.0,0.7480916030534351,340.96241361121184,13.430429792418849,-43.721374045801525,5.156578954010564,0.0,4970.0,0.0,0.0,0.0,0.0,0.0,0.0,0.0,0.0,0.0,0.0,0.0,0.0,0.0,0.0,120.15600128173828
5011,interval_only,supported_native_episode_loop,-2586.539,7.238,0.3722,-7.9824,66.0,0.7480916030534351,337.9400814998734,10.871315907575914,-44.465648854961835,4.366418886451955,0.0,4971.0,0.0,0.0,0.0,0.0,0.0,0.0,0.0,0.0,0.0,0.0,0.0,0.0,0.0,0.0,17668.81024169922
5021,interval_only,supported_native_episode_loop,-2855.669,4.783,0.5374,-5.8578,66.0,0.7480916030534351,335.4500295088188,5.674057095586707,-44.39312977099237,4.614327022292165,0.0,4971.0,0.0,0.0,0.0,0.0,0.0,0.0,0.0,0.0,0.0,0.0,0.0,0.0,0.0,0.0,12975.749829101562
5031,interval_only,supported_native_episode_loop,-19016.407,44.151,0.4395,-45.03,66.0,0.7480916030534351,347.27966515857145,9.18341963667177,-43.79007633587786,4.869069772778792,0.8461538461538461,4971.0,0.0,0.0,0.0,0.0,0.0,0.0,0.0,0.0,0.0,0.0,0.0,0.0,0.0,0.0,66744.5287109375
5041,interval_only,supported_native_episode_loop,-18491.966,6.32,0.4829,-7.2858,66.0,0.7480916030534351,350.9985492906498,7.916417650366475,-34.73664122137404,18.422814871853205,1.0,4971.0,0.0,0.0,0.0,0.0,0.0,0.0,0.0,0.0,0.0,0.0,0.0,0.0,0.0,0.0,21771.771887207033
5051,interval_only,supported_native_episode_loop,-3666.228,4.797,0.4704,-5.7378,66.0,0.7480916030534351,333.75387582499866,6.852515546686874,-44.56488549618321,4.105664001752435,1.0,4972.0,0.0,0.0,0.0,0.0,0.0,0.0,0.0,0.0,0.0,0.0,0.0,0.0,0.0,0.0,56637.3359375
5061,interval_only,supported_native_episode_loop,-7290.501,5.726,0.6949,-7.1158,66.0,0.7480916030534351,328.5654414069107,7.569076409935518,-44.530534351145036,4.1669618992971404,1.0,4972.0,0.0,0.0,0.0,0.0,0.0,0.0,0.0,0.0,0.0,0.0,0.0,0.0,0.0,0.0,7767.034765625
5071,interval_only,supported_native_episode_loop,-2868.202,4.446,0.4206,-5.2871999999999995,66.0,0.7480916030534351,335.0523841756067,8.784014087209137,-44.14885496183206,5.4825172021703406,0.0,4971.0,0.0,0.0,0.0,0.0,0.0,0.0,0.0,0.0,0.0,0.0,0.0,0.0,0.0,0.0,38769.486804199216
5081,interval_only,supported_native_episode_loop,-3624.566,5.139,0.2972,-5.7334000000000005,66.0,0.7480916030534351,343.3592842661167,10.6216541006483,-43.32442748091603,6.681244017305966,0.0,4970.0,0.0,0.0,0.0,0.0,0.0,0.0,0.0,0.0,0.0,0.0,0.0,0.0,0.0,0.0,7584.952172851563
5091,interval_only,supported_native_episode_loop,-12613.119,13.239,0.4094,-14.0578,66.0,0.7480916030534351,335.49786077194227,5.715584418482872,-44.530534351145036,4.179765746929087,0.0,4972.0,0.0,0.0,0.0,0.0,0.0,0.0,0.0,0.0,0.0,0.0,0.0,0.0,0.0,0.0,2061.658312988281
5101,interval_only,supported_native_episode_loop,-16057.961,5.371,0.7118,-6.794600000000001,66.0,0.7480916030534351,343.6397603001455,16.68689106307118,-42.729007633587784,7.39345686121995,1.0,4972.0,0.0,0.0,0.0,0.0,0.0,0.0,0.0,0.0,0.0,0.0,0.0,0.0,0.0,0.0,19062.505950927734
5111,interval_only,supported_native_episode_loop,-5946.116,13.549,0.3478,-14.2446,66.0,0.7480916030534351,330.0260834778842,6.015225201217872,-44.45038167938932,4.416682013343567,1.0,4971.0,0.0,0.0,0.0,0.0,0.0,0.0,0.0,0.0,0.0,0.0,0.0,0.0,0.0,0.0,1097.4278549194337
5121,interval_only,supported_native_episode_loop,-14308.873,6.295,0.4736,-7.2422,66.0,0.7480916030534351,335.764255247468,6.721444908369834,-44.36641221374046,4.562050742277863,1.0,4970.0,0.0,0.0,0.0,0.0,0.0,0.0,0.0,0.0,0.0,0.0,0.0,0.0,0.0,0.0,22803.813696289064
5131,interval_only,supported_native_episode_loop,-16142.925,9.8,0.5107,-10.8214,66.0,0.7480916030534351,342.7397414797741,7.975348289878623,-44.43511450381679,4.359072729747091,0.0,4971.0,0.0,0.0,0.0,0.0,0.0,0.0,0.0,0.0,0.0,0.0,0.0,0.0,0.0,0.0,27182.2681640625
5141,interval_only,supported_native_episode_loop,-2754.801,9.983,0.4516,-10.8862,66.0,0.7480916030534351,339.9940608036579,8.108259977489997,-44.30534351145038,4.869899962561721,0.0,4970.0,0.0,0.0,0.0,0.0,0.0,0.0,0.0,0.0,0.0,0.0,0.0,0.0,0.0,0.0,1801.2332160949707
5151,interval_only,supported_native_episode_loop,-16350.011,5.556,0.4357,-6.4274000000000004,66.0,0.7480916030534351,336.10975545210994,5.227180690168818,-44.48854961832061,4.347266250253307,0.0,4970.0,0.0,0.0,0.0,0.0,0.0,0.0,0.0,0.0,0.0,0.0,0.0,0.0,0.0,0.0,58470.105249023436
5161,interval_only,supported_native_episode_loop,-2884.668,5.669,0.3714,-6.4117999999999995,66.0,0.7480916030534351,334.39515842220555,6.742231092513467,-44.461832061068705,4.378607921540264,1.0,4972.0,0.0,0.0,0.0,0.0,0.0,0.0,0.0,0.0,0.0,0.0,0.0,0.0,0.0,0.0,849.1527656555176
5171,interval_only,supported_native_episode_loop,-3005.566,3.917,0.4059,-4.7288,66.0,0.7480916030534351,334.463988397079,4.9446915504860165,-44.55725190839695,4.072173876638904,0.0,4972.0,0.0,0.0,0.0,0.0,0.0,0.0,0.0,0.0,0.0,0.0,0.0,0.0,0.0,0.0,7348.19970703125
5181,interval_only,supported_native_episode_loop,-16808.451,5.238,0.6046,-6.4472000000000005,66.0,0.7480916030534351,333.745874879166,7.722018267890168,-44.461832061068705,4.40987715144997,1.0,4971.0,0.0,0.0,0.0,0.0,0.0,0.0,0.0,0.0,0.0,0.0,0.0,0.0,0.0,0.0,3410.977264404297
5191,interval_only,supported_native_episode_loop,-10982.425,5.79,0.4466,-6.6832,66.0,0.7480916030534351,345.424205052792,6.042440402126136,-44.412213740458014,4.555627723411452,0.8700468750208064,4970.0,0.0,0.0,0.0,0.0,0.0,0.0,0.0,0.0,0.0,0.0,0.0,0.0,0.0,0.0,37821.004565429685
5201,interval_only,supported_native_episode_loop,-3016.616,4.413,0.4705,-5.354,66.0,0.7480916030534351,343.779465274562,4.979518856668391,-43.94274809160305,5.87339103235813,0.6923076923076924,4970.0,0.0,0.0,0.0,0.0,0.0,0.0,0.0,0.0,0.0,0.0,0.0,0.0,0.0,0.0,60114.67329101563
5211,interval_only,supported_native_episode_loop,-18337.075,27.414,0.6268,-28.6676,66.0,0.7480916030534351,343.8567611594843,5.66637096240634,-44.52290076335878,4.202581265781259,0.0,4970.0,0.0,0.0,0.0,0.0,0.0,0.0,0.0,0.0,0.0,0.0,0.0,0.0,0.0,0.0,103884.69482421875
5221,interval_only,supported_native_episode_loop,-2854.493,3.83,0.5752,-4.9804,66.0,0.7480916030534351,343.29983966632653,6.477135576117592,-44.5,4.274681363956708,0.8461538461538461,4972.0,0.0,0.0,0.0,0.0,0.0,0.0,0.0,0.0,0.0,0.0,0.0,0.0,0.0,0.0,1926.4778064727784
5231,interval_only,supported_native_episode_loop,-18236.503,4.694,0.553,-5.8,66.0,0.7480916030534351,347.07540948473996,7.3647175680017405,-44.36641221374046,4.261860158813984,0.0,4971.0,0.0,0.0,0.0,0.0,0.0,0.0,0.0,0.0,0.0,0.0,0.0,0.0,0.0,0.0,4530.5714660644535
5241,interval_only,supported_native_episode_loop,-15045.222,8.147,0.373,-8.893,66.0,0.7480916030534351,330.28020131011647,5.028897698416842,-44.50763358778626,4.247803533369746,1.0,4971.0,0.0,0.0,0.0,0.0,0.0,0.0,0.0,0.0,0.0,0.0,0.0,0.0,0.0,0.0,71583.4953125
5251,interval_only,supported_native_episode_loop,-5603.478,7.519,0.4689,-8.4568,66.0,0.7480916030534351,332.566165014563,5.112962516250946,-44.408396946564885,4.554714664443261,0.0,4971.0,0.0,0.0,0.0,0.0,0.0,0.0,0.0,0.0,0.0,0.0,0.0,0.0,0.0,0.0,975.7687362670898
5261,interval_only,supported_native_episode_loop,-2554.62,4.808,0.4965,-5.801,66.0,0.7480916030534351,342.62274621061215,9.314986309365068,-44.33587786259542,4.749625436453823,1.0,4971.0,0.0,0.0,0.0,0.0,0.0,0.0,0.0,0.0,0.0,0.0,0.0,0.0,0.0,0.0,3919.167822265625
5271,interval_only,supported_native_episode_loop,-18203.957,14.826,0.6007,-16.0274,66.0,0.7480916030534351,345.11061103405194,11.86608521652808,-40.904580152671755,10.994900709766386,0.0,4970.0,0.0,0.0,0.0,0.0,0.0,0.0,0.0,0.0,0.0,0.0,0.0,0.0,0.0,0.0,13110.225158691406
5281,interval_only,supported_native_episode_loop,-2734.84,3.888,0.5919,-5.0718,66.0,0.7480916030534351,352.9243732394418,7.440015642330172,-17.49236641221374,37.28093698311544,0.0,4972.0,0.0,0.0,0.0,0.0,0.0,0.0,0.0,0.0,0.0,0.0,0.0,0.0,0.0,0.0,16104.151593017577
5291,interval_only,supported_native_episode_loop,-4155.289,8.133,0.3835,-8.899999999999999,66.0,0.7480916030534351,328.9017065909679,5.372597440632837,-44.603053435114504,3.9677697492929487,0.0,4971.0,0.0,0.0,0.0,0.0,0.0,0.0,0.0,0.0,0.0,0.0,0.0,0.0,0.0,0.0,8830.876000976563
5301,interval_only,supported_native_episode_loop,-3471.772,3.677,0.4998,-4.6766000000000005,66.0,0.7480916030534351,344.1386581205382,6.342522871400194,-44.43129770992366,4.479070650086694,0.0,4972.0,0.0,0.0,0.0,0.0,0.0,0.0,0.0,0.0,0.0,0.0,0.0,0.0,0.0,0.0,8477.135290527343
5311,interval_only,supported_native_episode_loop,-2407.415,3.713,0.4662,-4.6454,66.0,0.7480916030534351,340.4225021475827,5.961098799244693,-44.465648854961835,4.363795724894276,0.44978764248503755,4970.0,0.0,0.0,0.0,0.0,0.0,0.0,0.0,0.0,0.0,0.0,0.0,0.0,0.0,0.0,22808.523583984374
201,native_promotion_replan,supported_native_episode_loop,-18997.582,5.2,0.5484,-6.2968,84.0,0.6793893129770993,335.27296138050906,7.958094745341308,-44.43511450381679,4.462907751407808,0.0,4971.0,0.0,0.0,0.0,0.0,0.0,0.0,0.0,0.0,0.0,0.0,0.0,0.0,0.0,0.0,35761.725854492186
211,native_promotion_replan,supported_native_episode_loop,-4652.857,11.577,0.4942,-12.5654,149.0,0.4312977099236641,342.0501073270296,5.256688178524055,-44.458015267175576,4.408111090827894,0.8285988307921028,4970.0,0.0,0.0,0.0,0.0,0.0,0.0,0.0,0.0,0.0,0.0,0.0,0.0,0.0,0.0,1183.2797012329102
221,native_promotion_replan,supported_native_episode_loop,-18502.085,4.79,0.3789,-5.5478000000000005,134.0,0.48854961832061067,343.7036953462596,6.04883237553387,-44.33587786259542,4.749625436453823,0.0,4972.0,0.0,0.0,0.0,0.0,0.0,0.0,0.0,0.0,0.0,0.0,0.0,0.0,0.0,0.0,72490.42744140625
231,native_promotion_replan,supported_native_episode_loop,-10220.851,4.394,0.5542,-5.5024,126.0,0.5190839694656488,335.24651574378703,9.957778300604947,-44.49236641221374,4.290716382126527,0.8461538461538461,4970.0,0.0,0.0,0.0,0.0,0.0,0.0,0.0,0.0,0.0,0.0,0.0,0.0,0.0,0.0,2887.466604614258
241,native_promotion_replan,supported_native_episode_loop,-2793.096,8.528,0.478,-9.484,123.0,0.5305343511450382,325.4917639179084,7.003200665361501,-44.38931297709924,4.640631240103601,1.0,4970.0,0.0,0.0,0.0,0.0,0.0,0.0,0.0,0.0,0.0,0.0,0.0,0.0,0.0,0.0,11354.727481079102
251,native_promotion_replan,supported_native_episode_loop,-2550.177,3.776,0.4284,-4.6328,107.0,0.5916030534351145,344.49008507648193,7.077690912146215,-44.06106870229008,4.6892043062564825,1.0,4970.0,0.0,0.0,0.0,0.0,0.0,0.0,0.0,0.0,0.0,0.0,0.0,0.0,0.0,0.0,114.49912204742432
261,native_promotion_replan,supported_native_episode_loop,-2730.128,7.324,0.4328,-8.1896,145.0,0.44656488549618323,340.55557771871867,7.800087487459686,-44.52671755725191,4.198015242190195,1.0,4971.0,0.0,0.0,0.0,0.0,0.0,0.0,0.0,0.0,0.0,0.0,0.0,0.0,0.0,0.0,7606.475091552735
271,native_promotion_replan,supported_native_episode_loop,-19903.238,19.487,0.4719,-20.430799999999998,147.0,0.4389312977099237,334.36577857599303,4.937650481317598,-44.530534351145036,4.1724540736731415,0.0,4970.0,0.0,0.0,0.0,0.0,0.0,0.0,0.0,0.0,0.0,0.0,0.0,0.0,0.0,0.0,60132.25649414062
281,native_promotion_replan,supported_native_episode_loop,-15327.618,4.501,0.6716,-5.844200000000001,143.0,0.4541984732824427,334.18204907935694,5.374487039981453,-44.538167938931295,4.134715401658565,0.0,4972.0,0.0,0.0,0.0,0.0,0.0,0.0,0.0,0.0,0.0,0.0,0.0,0.0,0.0,0.0,30922.01141357422
291,native_promotion_replan,supported_native_episode_loop,-11462.481,5.486,0.4934,-6.472799999999999,127.0,0.5152671755725191,346.20407349741413,5.5889557986065705,-44.400763358778626,4.48531099082984,0.0,4971.0,0.0,0.0,0.0,0.0,0.0,0.0,0.0,0.0,0.0,0.0,0.0,0.0,0.0,0.0,47649.5873046875
301,native_promotion_replan,supported_native_episode_loop,-3056.533,6.223,0.5567,-7.336399999999999,141.0,0.4618320610687023,347.0646193474941,13.806253401226261,-30.729007633587788,17.91410373855379,0.5384615384615384,4971.0,0.0,0.0,0.0,0.0,0.0,0.0,0.0,0.0,0.0,0.0,0.0,0.0,0.0,0.0,3264.10283203125
311,native_promotion_replan,supported_native_episode_loop,-13132.895,5.553,0.4918,-6.5366,128.0,0.5114503816793893,347.30895487251985,12.071216006631174,-39.3206106870229,13.667405465052441,0.0,4971.0,0.0,0.0,0.0,0.0,0.0,0.0,0.0,0.0,0.0,0.0,0.0,0.0,0.0,0.0,81109.32911376953
321,native_promotion_replan,supported_native_episode_loop,-2841.968,4.792,0.5859,-5.9638,102.0,0.6106870229007634,330.60732002015635,5.911430043350924,-44.50381679389313,4.277357473815105,0.0,4970.0,0.0,0.0,0.0,0.0,0.0,0.0,0.0,0.0,0.0,0.0,0.0,0.0,0.0,0.0,47476.435021972655
331,native_promotion_replan,supported_native_episode_loop,-3805.244,5.668,0.4203,-6.5086,109.0,0.583969465648855,343.59041707616575,5.911112817557625,-44.19083969465649,5.139451516488187,0.0,4971.0,0.0,0.0,0.0,0.0,0.0,0.0,0.0,0.0,0.0,0.0,0.0,0.0,0.0,0.0,620.2197494506836
341,native_promotion_replan,supported_native_episode_loop,-17232.903,15.661,0.5349,-16.7308,95.0,0.6374045801526718,329.25303855124326,4.783259921689977,-44.538167938931295,4.160482172865041,0.0,4971.0,0.0,0.0,0.0,0.0,0.0,0.0,0.0,0.0,0.0,0.0,0.0,0.0,0.0,0.0,16867.654443359374
351,native_promotion_replan,supported_native_episode_loop,-16924.406,5.25,0.4705,-6.191,126.0,0.5190839694656488,341.21658271150733,6.101013358455999,-44.06106870229008,4.972835714266209,0.0,4970.0,0.0,0.0,0.0,0.0,0.0,0.0,0.0,0.0,0.0,0.0,0.0,0.0,0.0,0.0,4158.277041625976
361,native_promotion_replan,supported_native_episode_loop,-3021.975,5.679,0.3388,-6.3566,116.0,0.5572519083969466,335.65289074758846,4.520155688307106,-44.469465648854964,4.372561796136647,0.0,4970.0,0.0,0.0,0.0,0.0,0.0,0.0,0.0,0.0,0.0,0.0,0.0,0.0,0.0,0.0,882.84341506958
371,native_promotion_replan,supported_native_episode_loop,-2619.211,8.455,0.3905,-9.236,101.0,0.6145038167938931,345.6032349260822,6.310465138149051,-44.25190839694657,4.982172050697761,0.0,4970.0,0.0,0.0,0.0,0.0,0.0,0.0,0.0,0.0,0.0,0.0,0.0,0.0,0.0,0.0,4697.7703414917
381,native_promotion_replan,supported_native_episode_loop,-19794.597,30.296,0.4426,-31.1812,119.0,0.5458015267175572,342.9826105015301,8.262804806788346,-44.4236641221374,4.461015734490215,0.0,4971.0,0.0,0.0,0.0,0.0,0.0,0.0,0.0,0.0,0.0,0.0,0.0,0.0,0.0,0.0,104159.416796875
391,native_promotion_replan,supported_native_episode_loop,-14616.015,5.765,0.6159,-6.9967999999999995,136.0,0.48091603053435117,337.95995120938494,11.330840483856754,-43.908396946564885,5.378002100271534,0.8679309139489686,4971.0,0.0,0.0,0.0,0.0,0.0,0.0,0.0,0.0,0.0,0.0,0.0,0.0,0.0,0.0,1364.1230438232421
401,native_promotion_replan,supported_native_episode_loop,-2756.701,5.081,0.3705,-5.822,114.0,0.5648854961832062,346.08684633466726,6.18150216188237,-44.041984732824424,4.745644112822667,0.0,4970.0,0.0,0.0,0.0,0.0,0.0,0.0,0.0,0.0,0.0,0.0,0.0,0.0,0.0,0.0,47106.29672851563
411,native_promotion_replan,supported_native_episode_loop,-20614.972,16.509,0.371,-17.251,193.0,0.2633587786259542,338.1152615461451,9.641592546851221,-44.47709923664122,4.3682418229466045,0.23076923076923078,4970.0,0.0,0.0,0.0,0.0,0.0,0.0,0.0,0.0,0.0,0.0,0.0,0.0,0.0,0.0,52951.80029296875
421,native_promotion_replan,supported_native_episode_loop,-2855.189,4.172,0.5253,-5.2226,94.0,0.6412213740458015,341.59489000757003,7.759928670389893,-44.274809160305345,4.851305695203409,0.0,4970.0,0.0,0.0,0.0,0.0,0.0,0.0,0.0,0.0,0.0,0.0,0.0,0.0,0.0,0.0,2489.882521057129
431,native_promotion_replan,supported_native_episode_loop,-9149.147,5.051,0.3815,-5.814,189.0,0.2786259541984733,337.71052519911495,9.301511915372895,-44.51145038167939,4.239700429093315,1.0,4972.0,0.0,0.0,0.0,0.0,0.0,0.0,0.0,0.0,0.0,0.0,0.0,0.0,0.0,0.0,19115.874072265626
441,native_promotion_replan,supported_native_episode_loop,-19720.427,40.103,0.2776,-40.6582,90.0,0.6564885496183206,343.54522774282833,10.069845949426478,-44.30534351145038,4.682912139190092,0.0,4971.0,0.0,0.0,0.0,0.0,0.0,0.0,0.0,0.0,0.0,0.0,0.0,0.0,0.0,0.0,47358.23784179687
451,native_promotion_replan,supported_native_episode_loop,-2706.181,4.442,0.4856,-5.4132,136.0,0.48091603053435117,346.8121170772377,5.00731926499361,-44.12213740458015,5.282150413302672,1.0,4970.0,0.0,0.0,0.0,0.0,0.0,0.0,0.0,0.0,0.0,0.0,0.0,0.0,0.0,0.0,32335.202514648438
461,native_promotion_replan,supported_native_episode_loop,-19239.192,6.251,0.2922,-6.8354,98.0,0.6259541984732825,350.51617806587967,5.3515658446257515,-44.4236641221374,4.493410477493363,0.5384615384615384,4970.0,0.0,0.0,0.0,0.0,0.0,0.0,0.0,0.0,0.0,0.0,0.0,0.0,0.0,0.0,14793.270666503906
471,native_promotion_replan,supported_native_episode_loop,-19853.141,9.301,0.4813,-10.2636,80.0,0.6946564885496184,336.43571917105265,7.019876436003142,-44.270992366412216,4.901222601012377,0.0,4971.0,0.0,0.0,0.0,0.0,0.0,0.0,0.0,0.0,0.0,0.0,0.0,0.0,0.0,0.0,3349.479382324219
481,native_promotion_replan,supported_native_episode_loop,-3096.478,5.214,0.4236,-6.0612,110.0,0.5801526717557252,341.06888351925755,6.597801151212535,-43.896946564885496,5.196232324597361,0.0,4970.0,0.0,0.0,0.0,0.0,0.0,0.0,0.0,0.0,0.0,0.0,0.0,0.0,0.0,0.0,11448.811157226562
491,native_promotion_replan,supported_native_episode_loop,-14478.824,5.193,0.5701,-6.3332,83.0,0.683206106870229,338.3252766055763,5.2888758447212645,-44.25954198473283,4.980247681169536,0.6923076923076924,4970.0,0.0,0.0,0.0,0.0,0.0,0.0,0.0,0.0,0.0,0.0,0.0,0.0,0.0,0.0,4696.277697753906
501,native_promotion_replan,supported_native_episode_loop,-3115.371,4.7,0.4579,-5.6158,146.0,0.44274809160305345,332.5961487263517,10.38251110064194,-44.35496183206107,4.7566701057279985,0.3846153846153846,4972.0,0.0,0.0,0.0,0.0,0.0,0.0,0.0,0.0,0.0,0.0,0.0,0.0,0.0,0.0,23737.393444824218
511,native_promotion_replan,supported_native_episode_loop,-2706.918,5.711,0.4822,-6.675400000000001,92.0,0.648854961832061,341.0693688984515,5.199940154659736,-43.75190839694657,5.535063128721941,0.0,4970.0,0.0,0.0,0.0,0.0,0.0,0.0,0.0,0.0,0.0,0.0,0.0,0.0,0.0,0.0,771.8093635559082
521,native_promotion_replan,supported_native_episode_loop,-18703.642,5.819,0.6452,-7.1094,145.0,0.44656488549618323,332.95746275683996,15.095163253409464,-43.50763358778626,5.641140027716646,0.0,4972.0,0.0,0.0,0.0,0.0,0.0,0.0,0.0,0.0,0.0,0.0,0.0,0.0,0.0,0.0,31913.31630859375
531,native_promotion_replan,supported_native_episode_loop,-2826.506,7.353,0.5181,-8.389199999999999,151.0,0.42366412213740456,340.35595687096964,5.73846986809868,-44.41984732824427,4.481436176684767,0.0,4971.0,0.0,0.0,0.0,0.0,0.0,0.0,0.0,0.0,0.0,0.0,0.0,0.0,0.0,0.0,11714.016494750977
541,native_promotion_replan,supported_native_episode_loop,-15355.33,6.167,0.6455,-7.458,104.0,0.6030534351145038,338.36844268031325,6.490233930232438,-44.396946564885496,4.5920265933230295,0.40322315068807746,4972.0,0.0,0.0,0.0,0.0,0.0,0.0,0.0,0.0,0.0,0.0,0.0,0.0,0.0,0.0,34187.25061035156
551,native_promotion_replan,supported_native_episode_loop,-2701.862,6.573,0.4615,-7.496,102.0,0.6106870229007634,344.28790633913513,6.678805521379242,-43.70229007633588,5.457251855007746,0.9732971731083753,4970.0,0.0,0.0,0.0,0.0,0.0,0.0,0.0,0.0,0.0,0.0,0.0,0.0,0.0,0.0,9961.640396118164
561,native_promotion_replan,supported_native_episode_loop,-9308.197,4.893,0.3908,-5.6746,206.0,0.21374045801526717,335.7791342185199,8.674725874036515,-44.458015267175576,4.373339670964229,1.0,4970.0,0.0,0.0,0.0,0.0,0.0,0.0,0.0,0.0,0.0,0.0,0.0,0.0,0.0,0.0,47861.38581542969
571,native_promotion_replan,supported_native_episode_loop,-8743.976,3.612,0.5466,-4.7052,110.0,0.5801526717557252,329.9105794799844,4.235278688430009,-44.54961832061068,4.126277253949163,0.0,4970.0,0.0,0.0,0.0,0.0,0.0,0.0,0.0,0.0,0.0,0.0,0.0,0.0,0.0,0.0,6292.423696899414
581,native_promotion_replan,supported_native_episode_loop,-18928.191,6.076,0.3642,-6.804399999999999,135.0,0.4847328244274809,339.18840559029684,4.862851194453796,-44.5,4.281818476494403,0.0,4971.0,0.0,0.0,0.0,0.0,0.0,0.0,0.0,0.0,0.0,0.0,0.0,0.0,0.0,0.0,64556.2892578125
591,native_promotion_replan,supported_native_episode_loop,-18466.154,4.487,0.5167,-5.5204,244.0,0.06870229007633588,338.93194143141005,4.511326226093317,-44.534351145038165,4.1614327206997945,0.3846153846153846,4970.0,0.0,0.0,0.0,0.0,0.0,0.0,0.0,0.0,0.0,0.0,0.0,0.0,0.0,0.0,8700.701147460937
601,native_promotion_replan,supported_native_episode_loop,-13127.584,5.916,0.5112,-6.938400000000001,121.0,0.5381679389312977,343.5423035272964,5.736972969766716,-44.33206106870229,4.796671351816728,1.0,4971.0,0.0,0.0,0.0,0.0,0.0,0.0,0.0,0.0,0.0,0.0,0.0,0.0,0.0,0.0,7485.538494873047
611,native_promotion_replan,supported_native_episode_loop,-9292.007,5.521,0.4667,-6.4544,87.0,0.6679389312977099,347.5526125958118,6.480214617911402,-44.43893129770992,4.462961610723472,0.23076923076923078,4972.0,0.0,0.0,0.0,0.0,0.0,0.0,0.0,0.0,0.0,0.0,0.0,0.0,0.0,0.0,8456.928622436524
621,native_promotion_replan,supported_native_episode_loop,-3020.944,5.308,0.4529,-6.2138,100.0,0.6183206106870229,334.0289211243467,5.767315731463452,-44.14885496183206,5.3756571252808,0.0,4971.0,0.0,0.0,0.0,0.0,0.0,0.0,0.0,0.0,0.0,0.0,0.0,0.0,0.0,0.0,4288.483609008789
631,native_promotion_replan,supported_native_episode_loop,-3817.974,6.035,0.4335,-6.902,171.0,0.3473282442748092,348.76078127578427,13.167387813901108,-29.408396946564885,25.82703045280995,1.0,4970.0,0.0,0.0,0.0,0.0,0.0,0.0,0.0,0.0,0.0,0.0,0.0,0.0,0.0,0.0,12225.65205078125
641,native_promotion_replan,supported_native_episode_loop,-17272.072,7.253,0.5263,-8.3056,121.0,0.5381679389312977,339.9019124537251,16.072068018715015,-39.11450381679389,13.24584983045261,1.0,4970.0,0.0,0.0,0.0,0.0,0.0,0.0,0.0,0.0,0.0,0.0,0.0,0.0,0.0,0.0,6928.563610839844
651,native_promotion_replan,supported_native_episode_loop,-18256.362,4.818,0.7378,-6.2936,93.0,0.6450381679389313,333.8978419524947,6.539913422135331,-44.30916030534351,4.957051425686204,0.8461538461538461,4971.0,0.0,0.0,0.0,0.0,0.0,0.0,0.0,0.0,0.0,0.0,0.0,0.0,0.0,0.0,28652.6740234375
661,native_promotion_replan,supported_native_episode_loop,-18962.688,7.268,0.4217,-8.1114,178.0,0.32061068702290074,341.6382557075253,4.805652468018846,-44.408396946564885,4.528662545732508,0.0,4970.0,0.0,0.0,0.0,0.0,0.0,0.0,0.0,0.0,0.0,0.0,0.0,0.0,0.0,0.0,18849.393395996092
671,native_promotion_replan,supported_native_episode_loop,-15025.446,28.403,0.4905,-29.384,157.0,0.40076335877862596,342.12427633163776,4.7042575791135635,-44.47328244274809,4.35246397580544,0.5384615384615384,4971.0,0.0,0.0,0.0,0.0,0.0,0.0,0.0,0.0,0.0,0.0,0.0,0.0,0.0,0.0,106832.61337890624
681,native_promotion_replan,supported_native_episode_loop,-18312.813,17.061,0.5228,-18.1066,86.0,0.6717557251908397,338.8817273519725,5.303699488071465,-44.461832061068705,4.383834948682797,0.0,4971.0,0.0,0.0,0.0,0.0,0.0,0.0,0.0,0.0,0.0,0.0,0.0,0.0,0.0,0.0,13966.266394042968
691,native_promotion_replan,supported_native_episode_loop,-11016.641,4.064,0.6306,-5.325200000000001,90.0,0.6564885496183206,337.2109849998514,4.446159879399299,-44.43129770992366,4.493533674162735,0.0,4970.0,0.0,0.0,0.0,0.0,0.0,0.0,0.0,0.0,0.0,0.0,0.0,0.0,0.0,0.0,14349.830828857423
701,native_promotion_replan,supported_native_episode_loop,-2836.786,4.644,0.3888,-5.4216,124.0,0.5267175572519084,347.0386313749596,8.879455478788058,-42.20610687022901,7.0529270164967075,0.0,4971.0,0.0,0.0,0.0,0.0,0.0,0.0,0.0,0.0,0.0,0.0,0.0,0.0,0.0,0.0,476.96720695495605
711,native_promotion_replan,supported_native_episode_loop,-5619.122,7.614,0.4787,-8.5714,118.0,0.549618320610687,347.50334487727275,4.611034249773249,-44.29770992366412,4.689104891044184,1.0,4970.0,0.0,0.0,0.0,0.0,0.0,0.0,0.0,0.0,0.0,0.0,0.0,0.0,0.0,0.0,5535.909463500977
721,native_promotion_replan,supported_native_episode_loop,-8072.222,5.426,0.5294,-6.4848,95.0,0.6374045801526718,341.90387933003996,6.486395286027031,-44.30534351145038,4.880860157222934,0.6923076923076924,4970.0,0.0,0.0,0.0,0.0,0.0,0.0,0.0,0.0,0.0,0.0,0.0,0.0,0.0,0.0,8592.261688232422
731,native_promotion_replan,supported_native_episode_loop,-15810.333,4.323,0.5507,-5.4244,167.0,0.36259541984732824,346.15530404488317,6.229053487201853,-43.843511450381676,5.653676764032321,0.0,4971.0,0.0,0.0,0.0,0.0,0.0,0.0,0.0,0.0,0.0,0.0,0.0,0.0,0.0,0.0,68871.51712646484
741,native_promotion_replan,supported_native_episode_loop,-18184.497,5.628,0.5186,-6.6652000000000005,103.0,0.6068702290076335,337.33170832131657,6.046226962041936,-44.270992366412216,5.009822238616569,0.0,4970.0,0.0,0.0,0.0,0.0,0.0,0.0,0.0,0.0,0.0,0.0,0.0,0.0,0.0,0.0,80558.25083007812
751,native_promotion_replan,supported_native_episode_loop,-17200.641,4.776,0.4859,-5.7478,76.0,0.7099236641221374,337.20436278995663,7.480926484734071,-44.545801526717554,4.1447798409655,0.0,4971.0,0.0,0.0,0.0,0.0,0.0,0.0,0.0,0.0,0.0,0.0,0.0,0.0,0.0,0.0,5117.842193603516
761,native_promotion_replan,supported_native_episode_loop,-19412.61,26.244,0.4801,-27.2042,156.0,0.40458015267175573,349.6363541752214,5.612652932027908,-44.35496183206107,4.665116834000953,1.0,4971.0,0.0,0.0,0.0,0.0,0.0,0.0,0.0,0.0,0.0,0.0,0.0,0.0,0.0,0.0,60880.4708984375
771,native_promotion_replan,supported_native_episode_loop,-5692.639,4.119,0.5218,-5.162599999999999,126.0,0.5190839694656488,345.7482672003882,6.162845973937714,-44.30916030534351,4.808531704949893,0.0,4971.0,0.0,0.0,0.0,0.0,0.0,0.0,0.0,0.0,0.0,0.0,0.0,0.0,0.0,0.0,3323.135575866699
781,native_promotion_replan,supported_native_episode_loop,-3222.455,11.099,0.4212,-11.9414,149.0,0.4312977099236641,347.9599570396498,4.847385482589936,-44.02290076335878,4.971622753884891,0.0,4971.0,0.0,0.0,0.0,0.0,0.0,0.0,0.0,0.0,0.0,0.0,0.0,0.0,0.0,0.0,1882.211148071289
791,native_promotion_replan,supported_native_episode_loop,-9433.196,13.657,0.3998,-14.4566,104.0,0.6030534351145038,335.570285001344,5.813418158605446,-44.530534351145036,4.1724540736731415,0.0,4971.0,0.0,0.0,0.0,0.0,0.0,0.0,0.0,0.0,0.0,0.0,0.0,0.0,0.0,0.0,4336.172900390625
801,native_promotion_replan,supported_native_episode_loop,-20509.167,20.955,0.6869,-22.328799999999998,188.0,0.2824427480916031,333.23283971068815,4.965272530820245,-44.5,4.256786229966639,1.0,4971.0,0.0,0.0,0.0,0.0,0.0,0.0,0.0,0.0,0.0,0.0,0.0,0.0,0.0,0.0,16714.21096191406
811,native_promotion_replan,supported_native_episode_loop,-2676.529,7.687,0.2857,-8.2584,90.0,0.6564885496183206,351.5745650195713,3.7027807093082434,-43.89312977099237,5.898313782065949,0.0,4971.0,0.0,0.0,0.0,0.0,0.0,0.0,0.0,0.0,0.0,0.0,0.0,0.0,0.0,0.0,1693.560011291504
821,native_promotion_replan,supported_native_episode_loop,-11047.952,5.893,0.7717,-7.4364,157.0,0.40076335877862596,333.6673944947677,5.09125809342929,-44.52290076335878,4.193489408312964,1.0,4971.0,0.0,0.0,0.0,0.0,0.0,0.0,0.0,0.0,0.0,0.0,0.0,0.0,0.0,0.0,6225.733581542969
831,native_promotion_replan,supported_native_episode_loop,-17942.895,4.229,0.5204,-5.2698,119.0,0.5458015267175572,336.32604857795417,10.629279553465569,-44.48854961832061,4.347266250253307,0.0,4970.0,0.0,0.0,0.0,0.0,0.0,0.0,0.0,0.0,0.0,0.0,0.0,0.0,0.0,0.0,177059.72143554688
841,native_promotion_replan,supported_native_episode_loop,-18865.552,4.78,0.3592,-5.4984,127.0,0.5152671755725191,343.7883246720141,5.127040723293137,-44.43511450381679,4.34679707764431,1.0,4970.0,0.0,0.0,0.0,0.0,0.0,0.0,0.0,0.0,0.0,0.0,0.0,0.0,0.0,0.0,2570.4818786621095
851,native_promotion_replan,supported_native_episode_loop,-2686.443,5.147,0.4189,-5.9848,87.0,0.6679389312977099,338.76705624810666,5.610916691783993,-44.43511450381679,4.458629571812913,0.3846153846153846,4971.0,0.0,0.0,0.0,0.0,0.0,0.0,0.0,0.0,0.0,0.0,0.0,0.0,0.0,0.0,18768.580895996092
861,native_promotion_replan,supported_native_episode_loop,-13605.018,5.662,0.4771,-6.6162,98.0,0.6259541984732825,343.61883176890115,5.601523062699421,-43.774809160305345,6.271744993933007,0.0,4970.0,0.0,0.0,0.0,0.0,0.0,0.0,0.0,0.0,0.0,0.0,0.0,0.0,0.0,0.0,45486.52036132813
871,native_promotion_replan,supported_native_episode_loop,-18758.173,4.313,0.7053,-5.723599999999999,119.0,0.5458015267175572,339.8773167300647,7.196396310262632,-44.30916030534351,4.822798123253863,0.0,4971.0,0.0,0.0,0.0,0.0,0.0,0.0,0.0,0.0,0.0,0.0,0.0,0.0,0.0,0.0,7135.870935058594
881,native_promotion_replan,supported_native_episode_loop,-2678.419,4.151,0.5459,-5.2428,170.0,0.3511450381679389,338.86154737067585,4.155377565431478,-44.16030534351145,5.363599101966206,1.0,4971.0,0.0,0.0,0.0,0.0,0.0,0.0,0.0,0.0,0.0,0.0,0.0,0.0,0.0,0.0,11237.273370361328
891,native_promotion_replan,supported_native_episode_loop,-18553.371,6.042,0.4871,-7.0161999999999995,159.0,0.3931297709923664,343.6126571612428,9.872617924400917,-43.900763358778626,5.265986147371286,0.6923076923076924,4970.0,0.0,0.0,0.0,0.0,0.0,0.0,0.0,0.0,0.0,0.0,0.0,0.0,0.0,0.0,112514.46235351563
901,native_promotion_replan,supported_native_episode_loop,-18006.23,34.964,0.525,-36.013999999999996,166.0,0.366412213740458,340.84029242560536,9.1096463966044,-44.0763358778626,5.554199732257746,0.2512681415906608,4970.0,0.0,0.0,0.0,0.0,0.0,0.0,0.0,0.0,0.0,0.0,0.0,0.0,0.0,0.0,15067.583312988281
911,native_promotion_replan,supported_native_episode_loop,-19057.711,8.748,0.3072,-9.3624,102.0,0.6106870229007634,338.57263399573384,5.95612910903529,-44.267175572519086,5.115944880724324,1.0,4971.0,0.0,0.0,0.0,0.0,0.0,0.0,0.0,0.0,0.0,0.0,0.0,0.0,0.0,0.0,50130.28872070312
921,native_promotion_replan,supported_native_episode_loop,-3010.417,5.627,0.4984,-6.6238,100.0,0.6183206106870229,336.9671612586684,4.718453658674815,-44.39312977099237,4.611844870038118,0.0,4971.0,0.0,0.0,0.0,0.0,0.0,0.0,0.0,0.0,0.0,0.0,0.0,0.0,0.0,0.0,545.3088813781739
931,native_promotion_replan,supported_native_episode_loop,-4208.575,5.714,0.4507,-6.6154,104.0,0.6030534351145038,342.62909815492674,4.970827999665359,-44.416030534351144,4.514460511400152,1.0,4972.0,0.0,0.0,0.0,0.0,0.0,0.0,0.0,0.0,0.0,0.0,0.0,0.0,0.0,0.0,70310.61845703125
941,native_promotion_replan,supported_native_episode_loop,-19345.558,8.758,0.4282,-9.6144,148.0,0.4351145038167939,347.108933396663,5.059648230894201,-43.69847328244275,6.4028796566967525,0.0,4970.0,0.0,0.0,0.0,0.0,0.0,0.0,0.0,0.0,0.0,0.0,0.0,0.0,0.0,0.0,6380.605322265625
951,native_promotion_replan,supported_native_episode_loop,-3100.981,4.06,0.5759,-5.211799999999999,125.0,0.5229007633587787,339.65676632122194,12.758161543329734,-44.034351145038165,5.22789451572398,0.0,4970.0,0.0,0.0,0.0,0.0,0.0,0.0,0.0,0.0,0.0,0.0,0.0,0.0,0.0,0.0,96481.90825195312
961,native_promotion_replan,supported_native_episode_loop,-12581.032,3.96,0.5742,-5.1084,95.0,0.6374045801526718,330.40671841970834,7.604399681774054,-44.52290076335878,4.218897234544625,0.6923076923076924,4971.0,0.0,0.0,0.0,0.0,0.0,0.0,0.0,0.0,0.0,0.0,0.0,0.0,0.0,0.0,15655.770544433593
971,native_promotion_replan,supported_native_episode_loop,-8913.529,5.936,0.551,-7.038,135.0,0.4847328244274809,342.2782552361109,10.399903882358304,-43.76335877862596,6.499362342261796,0.0,4971.0,0.0,0.0,0.0,0.0,0.0,0.0,0.0,0.0,0.0,0.0,0.0,0.0,0.0,0.0,11648.539477539063
981,native_promotion_replan,supported_native_episode_loop,-12033.236,5.45,0.3969,-6.2438,141.0,0.4618320610687023,340.44163256759253,4.968264080208066,-44.12213740458015,5.392987956191243,1.0,4970.0,0.0,0.0,0.0,0.0,0.0,0.0,0.0,0.0,0.0,0.0,0.0,0.0,0.0,0.0,57768.06547851562
991,native_promotion_replan,supported_native_episode_loop,-18832.72,4.284,0.6303,-5.5446,105.0,0.5992366412213741,329.7428731459622,5.279348053569242,-44.54961832061068,4.096570415273969,0.8461538461538461,4971.0,0.0,0.0,0.0,0.0,0.0,0.0,0.0,0.0,0.0,0.0,0.0,0.0,0.0,0.0,8568.354052734376
1001,native_promotion_replan,supported_native_episode_loop,-17727.175,6.301,0.5535,-7.408,116.0,0.5572519083969466,340.3057807853773,13.031187237854944,-43.06106870229008,5.882767855057802,0.3846153846153846,4971.0,0.0,0.0,0.0,0.0,0.0,0.0,0.0,0.0,0.0,0.0,0.0,0.0,0.0,0.0,2005.4715423583984
1011,native_promotion_replan,supported_native_episode_loop,-19155.591,5.468,0.5799,-6.6278,151.0,0.42366412213740456,327.9050886876104,5.240062182254214,-44.51145038167939,4.250489710832054,0.0,4971.0,0.0,0.0,0.0,0.0,0.0,0.0,0.0,0.0,0.0,0.0,0.0,0.0,0.0,0.0,95053.475
1021,native_promotion_replan,supported_native_episode_loop,-3187.764,5.625,0.5918,-6.8086,106.0,0.5954198473282443,341.95048901678155,5.6384867905144205,-44.343511450381676,4.735396986133379,0.0,4970.0,0.0,0.0,0.0,0.0,0.0,0.0,0.0,0.0,0.0,0.0,0.0,0.0,0.0,0.0,1437.571955871582
1031,native_promotion_replan,supported_native_episode_loop,-18852.516,4.575,0.4913,-5.5576,192.0,0.26717557251908397,330.57336946977614,5.054029082452683,-44.43893129770992,4.479181231735369,1.0,4970.0,0.0,0.0,0.0,0.0,0.0,0.0,0.0,0.0,0.0,0.0,0.0,0.0,0.0,0.0,8196.8291015625
1041,native_promotion_replan,supported_native_episode_loop,-17354.554,5.09,0.6881,-6.4662,110.0,0.5801526717557252,348.5299933615304,6.944746380988063,-41.599236641221374,12.191368465686628,0.0,4973.0,0.0,0.0,0.0,0.0,0.0,0.0,0.0,0.0,0.0,0.0,0.0,0.0,0.0,0.0,50920.67563476563
1051,native_promotion_replan,supported_native_episode_loop,-2773.33,4.994,0.3424,-5.6788,121.0,0.5381679389312977,332.3939456975187,5.542188291685793,-44.52290076335878,4.193489408312964,0.6923076923076924,4970.0,0.0,0.0,0.0,0.0,0.0,0.0,0.0,0.0,0.0,0.0,0.0,0.0,0.0,0.0,36949.0369140625
1061,native_promotion_replan,supported_native_episode_loop,-18908.579,4.163,0.6201,-5.4032,163.0,0.37786259541984735,333.736023856544,6.480676617753074,-44.465648854961835,4.363795724894276,1.0,4971.0,0.0,0.0,0.0,0.0,0.0,0.0,0.0,0.0,0.0,0.0,0.0,0.0,0.0,0.0,15129.014990234375
1071,native_promotion_replan,supported_native_episode_loop,-2759.229,3.769,0.435,-4.639,138.0,0.4732824427480916,349.42437343536744,5.067812262131886,-44.13358778625954,5.028288080541879,0.5384615384615384,4970.0,0.0,0.0,0.0,0.0,0.0,0.0,0.0,0.0,0.0,0.0,0.0,0.0,0.0,0.0,39023.32309570313
1081,native_promotion_replan,supported_native_episode_loop,-18923.846,5.031,0.5066,-6.0442,121.0,0.5381679389312977,327.8285142726268,5.673840424400716,-44.49618320610687,4.310247058683938,0.0,4971.0,0.0,0.0,0.0,0.0,0.0,0.0,0.0,0.0,0.0,0.0,0.0,0.0,0.0,0.0,15530.57772216797
1091,native_promotion_replan,supported_native_episode_loop,-12705.142,10.78,0.6083,-11.996599999999999,105.0,0.5992366412213741,348.5267050750383,6.7291264292572155,-37.44656488549618,17.698142386283912,0.07692307692307698,4971.0,0.0,0.0,0.0,0.0,0.0,0.0,0.0,0.0,0.0,0.0,0.0,0.0,0.0,0.0,20712.509545898436
1101,native_promotion_replan,supported_native_episode_loop,-19000.533,4.939,0.5154,-5.9698,116.0,0.5572519083969466,342.9758958410519,5.106600262617455,-44.416030534351144,4.5229072052004256,0.0,4970.0,0.0,0.0,0.0,0.0,0.0,0.0,0.0,0.0,0.0,0.0,0.0,0.0,0.0,0.0,30593.376391601563
1111,native_promotion_replan,supported_native_episode_loop,-16203.7,4.176,0.6351,-5.4462,93.0,0.6450381679389313,337.9492989191875,4.974632178125513,-44.3587786259542,4.638979721812812,0.0,4971.0,0.0,0.0,0.0,0.0,0.0,0.0,0.0,0.0,0.0,0.0,0.0,0.0,0.0,0.0,51085.20412597656
1121,native_promotion_replan,supported_native_episode_loop,-2702.222,4.629,0.4553,-5.539599999999999,156.0,0.40458015267175573,342.8981877952246,10.213410666102194,-41.50763358778626,12.733241453437676,1.0,4971.0,0.0,0.0,0.0,0.0,0.0,0.0,0.0,0.0,0.0,0.0,0.0,0.0,0.0,0.0,21194.62626953125
1131,native_promotion_replan,supported_native_episode_loop,-2669.02,4.199,0.3854,-4.9698,103.0,0.6068702290076335,342.5554049069948,6.32824851534945,-44.19847328244275,5.20484191388392,0.5384615384615384,4971.0,0.0,0.0,0.0,0.0,0.0,0.0,0.0,0.0,0.0,0.0,0.0,0.0,0.0,0.0,5025.310464477539
1141,native_promotion_replan,supported_native_episode_loop,-20588.035,33.936,0.504,-34.944,121.0,0.5381679389312977,345.63336740839236,7.522376829083324,-44.19083969465649,4.811110715605457,0.23076923076923078,4970.0,0.0,0.0,0.0,0.0,0.0,0.0,0.0,0.0,0.0,0.0,0.0,0.0,0.0,0.0,53052.75090332031
1151,native_promotion_replan,supported_native_episode_loop,-18613.946,5.523,0.5113,-6.545599999999999,119.0,0.5458015267175572,329.3430698781219,5.997775440825527,-44.282442748091604,5.040711825959811,0.0,4971.0,0.0,0.0,0.0,0.0,0.0,0.0,0.0,0.0,0.0,0.0,0.0,0.0,0.0,0.0,51364.38203125
1161,native_promotion_replan,supported_native_episode_loop,-7134.496,12.378,0.5184,-13.4148,167.0,0.36259541984732824,332.1515944993223,4.355417352983792,-44.51526717557252,4.219836350114421,1.0,4970.0,0.0,0.0,0.0,0.0,0.0,0.0,0.0,0.0,0.0,0.0,0.0,0.0,0.0,0.0,112369.6953125
1171,native_promotion_replan,supported_native_episode_loop,-17502.261,51.696,0.5038,-52.703599999999994,135.0,0.4847328244274809,342.7710538535324,9.06857235124791,-44.23664122137404,4.676287529064482,0.0,4970.0,0.0,0.0,0.0,0.0,0.0,0.0,0.0,0.0,0.0,0.0,0.0,0.0,0.0,0.0,18380.0708984375
1181,native_promotion_replan,supported_native_episode_loop,-8706.607,4.71,0.5467,-5.8034,147.0,0.4389312977099237,350.86189507169786,6.491055258155447,-44.12977099236641,4.927562218095716,0.0,4970.0,0.0,0.0,0.0,0.0,0.0,0.0,0.0,0.0,0.0,0.0,0.0,0.0,0.0,0.0,20218.018005371094
1191,native_promotion_replan,supported_native_episode_loop,-3315.361,4.643,0.3643,-5.3716,194.0,0.2595419847328244,343.9198811988567,6.6987110286621165,-43.13740458015267,6.735191116120317,0.0,4970.0,0.0,0.0,0.0,0.0,0.0,0.0,0.0,0.0,0.0,0.0,0.0,0.0,0.0,0.0,7693.871755981445
1201,native_promotion_replan,supported_native_episode_loop,-18461.236,8.239,0.7751,-9.789200000000001,108.0,0.5877862595419847,333.9869634741894,5.288298427463894,-44.404580152671755,4.527740831526102,1.0,4970.0,0.0,0.0,0.0,0.0,0.0,0.0,0.0,0.0,0.0,0.0,0.0,0.0,0.0,0.0,4984.204504394531
1211,native_promotion_replan,supported_native_episode_loop,-15987.579,31.66,0.5978,-32.8556,119.0,0.5458015267175572,339.62713726522594,5.326304467958434,-44.48473282442748,4.347254521555197,1.0,4971.0,0.0,0.0,0.0,0.0,0.0,0.0,0.0,0.0,0.0,0.0,0.0,0.0,0.0,0.0,2517.7665588378904
1221,native_promotion_replan,supported_native_episode_loop,-2906.779,6.386,0.3663,-7.1186,134.0,0.48854961832061067,342.29590097693085,5.839864431574753,-44.43511450381679,4.479979615277405,1.0,4971.0,0.0,0.0,0.0,0.0,0.0,0.0,0.0,0.0,0.0,0.0,0.0,0.0,0.0,0.0,25797.733361816405
1231,native_promotion_replan,supported_native_episode_loop,-11828.142,9.086,0.5188,-10.1236,108.0,0.5877862595419847,339.3187317191303,5.977741255674196,-44.48854961832061,4.313774161301632,0.0,4971.0,0.0,0.0,0.0,0.0,0.0,0.0,0.0,0.0,0.0,0.0,0.0,0.0,0.0,0.0,2221.074124145508
1241,native_promotion_replan,supported_native_episode_loop,-2718.432,5.495,0.565,-6.625,114.0,0.5648854961832062,335.71018763443897,6.7478998928655685,-44.35496183206107,4.747031434622199,1.0,4971.0,0.0,0.0,0.0,0.0,0.0,0.0,0.0,0.0,0.0,0.0,0.0,0.0,0.0,0.0,2682.8288146972654
1251,native_promotion_replan,supported_native_episode_loop,-11820.509,5.114,0.1855,-5.484999999999999,192.0,0.26717557251908397,334.2048313436314,7.737643337199104,-44.31297709923664,4.7600179123815405,0.3846153846153846,4971.0,0.0,0.0,0.0,0.0,0.0,0.0,0.0,0.0,0.0,0.0,0.0,0.0,0.0,0.0,84997.84384765624
1261,native_promotion_replan,supported_native_episode_loop,-15436.773,4.259,0.5637,-5.3864,101.0,0.6145038167938931,344.11384707737153,7.853727022589266,-43.6793893129771,5.073155176402083,0.0,4970.0,0.0,0.0,0.0,0.0,0.0,0.0,0.0,0.0,0.0,0.0,0.0,0.0,0.0,0.0,61805.403149414065
1271,native_promotion_replan,supported_native_episode_loop,-18658.546,6.277,0.5562,-7.3894,130.0,0.5038167938931297,334.962750466513,5.469525595974241,-44.42748091603053,4.522261364924548,0.2169086876723354,4969.0,0.0,0.0,0.0,0.0,0.0,0.0,0.0,0.0,0.0,0.0,0.0,0.0,0.0,0.0,2331.005743408203
1281,native_promotion_replan,supported_native_episode_loop,-14728.604,4.492,0.4911,-5.4742,109.0,0.583969465648855,339.8760489819614,6.33210435815612,-44.49236641221374,4.270207788008094,0.0,4970.0,0.0,0.0,0.0,0.0,0.0,0.0,0.0,0.0,0.0,0.0,0.0,0.0,0.0,0.0,22577.967724609374
1291,native_promotion_replan,supported_native_episode_loop,-19316.711,23.76,0.4744,-24.7088,136.0,0.48091603053435117,350.16021807082376,9.189848495799206,-42.69465648854962,5.98521477261813,0.07692307692307698,4970.0,0.0,0.0,0.0,0.0,0.0,0.0,0.0,0.0,0.0,0.0,0.0,0.0,0.0,0.0,35055.65483398437
1301,native_promotion_replan,supported_native_episode_loop,-11238.12,6.669,0.3147,-7.298399999999999,141.0,0.4618320610687023,341.16366316705336,5.949125321763299,-44.52671755725191,4.177051526445086,0.0,4970.0,0.0,0.0,0.0,0.0,0.0,0.0,0.0,0.0,0.0,0.0,0.0,0.0,0.0,0.0,7095.996923828125
1311,native_promotion_replan,supported_native_episode_loop,-18484.604,4.191,0.6401,-5.4712,101.0,0.6145038167938931,323.5162819447408,5.3991262595884155,-44.49618320610687,4.296943784842856,0.0,4970.0,0.0,0.0,0.0,0.0,0.0,0.0,0.0,0.0,0.0,0.0,0.0,0.0,0.0,0.0,4191.847576904297
1321,native_promotion_replan,supported_native_episode_loop,-18932.174,4.962,0.6127,-6.1874,123.0,0.5305343511450382,334.98176386823485,11.809178710842838,-44.49618320610687,4.278249705964836,0.0,4970.0,0.0,0.0,0.0,0.0,0.0,0.0,0.0,0.0,0.0,0.0,0.0,0.0,0.0,0.0,3259.1223083496093
1331,native_promotion_replan,supported_native_episode_loop,-3089.843,4.3,0.4504,-5.2008,74.0,0.7175572519083969,340.51638622611534,3.9436597683942547,-44.43893129770992,4.456114634578129,0.0,4970.0,0.0,0.0,0.0,0.0,0.0,0.0,0.0,0.0,0.0,0.0,0.0,0.0,0.0,0.0,5837.001425170898
1341,native_promotion_replan,supported_native_episode_loop,-17085.129,7.151,0.4039,-7.9588,95.0,0.6374045801526718,336.71618339263154,8.23766401024921,-44.51526717557252,4.225259796564532,0.0,4972.0,0.0,0.0,0.0,0.0,0.0,0.0,0.0,0.0,0.0,0.0,0.0,0.0,0.0,0.0,6010.640197753906
1351,native_promotion_replan,supported_native_episode_loop,-20829.849,41.61,0.6679,-42.9458,112.0,0.5725190839694656,334.92722918690004,4.849950483869373,-44.41984732824427,4.5263506667480735,0.0,4970.0,0.0,0.0,0.0,0.0,0.0,0.0,0.0,0.0,0.0,0.0,0.0,0.0,0.0,0.0,51883.2876953125
1361,native_promotion_replan,supported_native_episode_loop,-4868.978,4.778,0.2982,-5.3744,115.0,0.5610687022900763,343.7337716275499,4.54466806442132,-44.41984732824427,4.5229764544186715,0.0,4971.0,0.0,0.0,0.0,0.0,0.0,0.0,0.0,0.0,0.0,0.0,0.0,0.0,0.0,0.0,82405.22299804687
1371,native_promotion_replan,supported_native_episode_loop,-12479.238,6.109,0.6507,-7.4104,145.0,0.44656488549618323,348.31373902517765,5.322459771081584,-43.958015267175576,5.441057572863689,1.0,4969.0,0.0,0.0,0.0,0.0,0.0,0.0,0.0,0.0,0.0,0.0,0.0,0.0,0.0,0.0,9254.957287597656
1381,native_promotion_replan,supported_native_episode_loop,-18174.538,5.222,0.6117,-6.4454,136.0,0.48091603053435117,340.35241009059143,10.990244581370108,-44.229007633587784,4.820542691402743,0.0,4971.0,0.0,0.0,0.0,0.0,0.0,0.0,0.0,0.0,0.0,0.0,0.0,0.0,0.0,0.0,8353.88882446289
1391,native_promotion_replan,supported_native_episode_loop,-2920.864,5.165,0.4682,-6.1014,97.0,0.6297709923664122,344.11986868196465,5.214529421617702,-43.38549618320611,7.222754778189781,0.0,4970.0,0.0,0.0,0.0,0.0,0.0,0.0,0.0,0.0,0.0,0.0,0.0,0.0,0.0,0.0,7931.963156127929
1401,native_promotion_replan,supported_native_episode_loop,-2785.493,4.617,0.4471,-5.5112,147.0,0.4389312977099237,338.5071946963099,5.4956562347086875,-44.412213740458014,4.552275211712267,0.0,4970.0,0.0,0.0,0.0,0.0,0.0,0.0,0.0,0.0,0.0,0.0,0.0,0.0,0.0,0.0,90.5175253868103
1411,native_promotion_replan,supported_native_episode_loop,-9410.429,18.65,0.3267,-19.3034,113.0,0.5687022900763359,340.25238632382326,6.528304426276622,-44.24809160305343,4.855497413926512,0.0,4970.0,0.0,0.0,0.0,0.0,0.0,0.0,0.0,0.0,0.0,0.0,0.0,0.0,0.0,0.0,32844.73203125
1421,native_promotion_replan,supported_native_episode_loop,-20216.71,9.644,0.47,-10.584,101.0,0.6145038167938931,338.5901830183906,7.157609389765592,-44.56106870229008,4.058975024213428,0.0,4971.0,0.0,0.0,0.0,0.0,0.0,0.0,0.0,0.0,0.0,0.0,0.0,0.0,0.0,0.0,97889.4166015625
1431,native_promotion_replan,supported_native_episode_loop,-2802.199,3.616,0.4195,-4.455,168.0,0.35877862595419846,341.2214273734715,6.644490493326596,-44.343511450381676,4.746667762261092,0.0,4970.0,0.0,0.0,0.0,0.0,0.0,0.0,0.0,0.0,0.0,0.0,0.0,0.0,0.0,0.0,27307.391650390626
1441,native_promotion_replan,supported_native_episode_loop,-4290.197,4.957,0.6239,-6.2048,179.0,0.31679389312977096,343.0185379366194,14.538113536803609,-44.25954198473283,4.610952421460247,0.3846153846153846,4971.0,0.0,0.0,0.0,0.0,0.0,0.0,0.0,0.0,0.0,0.0,0.0,0.0,0.0,0.0,553.9709175109863
1451,native_promotion_replan,supported_native_episode_loop,-12537.922,6.28,0.5982,-7.4764,150.0,0.42748091603053434,345.4955978353515,4.9347489297603815,-44.2442748091603,4.985615343361421,0.0,4970.0,0.0,0.0,0.0,0.0,0.0,0.0,0.0,0.0,0.0,0.0,0.0,0.0,0.0,0.0,8893.404339599609
1461,native_promotion_replan,supported_native_episode_loop,-3082.811,4.086,0.5369,-5.159800000000001,186.0,0.2900763358778626,345.2532073938759,4.645643752491104,-44.19465648854962,5.276721353338503,0.23076923076923078,4970.0,0.0,0.0,0.0,0.0,0.0,0.0,0.0,0.0,0.0,0.0,0.0,0.0,0.0,0.0,12704.285382080077
1471,native_promotion_replan,supported_native_episode_loop,-18895.672,5.855,0.4686,-6.7922,190.0,0.2748091603053435,348.4495315149204,9.150129830247824,-43.3587786259542,6.527766533265845,1.0,4972.0,0.0,0.0,0.0,0.0,0.0,0.0,0.0,0.0,0.0,0.0,0.0,0.0,0.0,0.0,25604.23093261719
1481,native_promotion_replan,supported_native_episode_loop,-18024.32,14.867,0.4736,-15.814200000000001,99.0,0.6221374045801527,340.1934820403883,4.906910517878654,-44.33206106870229,4.77274013788217,0.5384615384615384,4971.0,0.0,0.0,0.0,0.0,0.0,0.0,0.0,0.0,0.0,0.0,0.0,0.0,0.0,0.0,25417.206213378908
1491,native_promotion_replan,supported_native_episode_loop,-3111.418,5.132,0.5507,-6.2334,130.0,0.5038167938931297,328.71678430251495,5.792774274975069,-44.49618320610687,4.264846624416206,0.6923076923076924,4971.0,0.0,0.0,0.0,0.0,0.0,0.0,0.0,0.0,0.0,0.0,0.0,0.0,0.0,0.0,2667.685562133789
1501,native_promotion_replan,supported_native_episode_loop,-15833.99,6.164,0.6791,-7.5222,142.0,0.4580152671755725,341.37198346137393,8.053370145243983,-44.01908396946565,5.092617235363976,0.0,4970.0,0.0,0.0,0.0,0.0,0.0,0.0,0.0,0.0,0.0,0.0,0.0,0.0,0.0,0.0,5625.997344970703
1511,native_promotion_replan,supported_native_episode_loop,-18864.057,4.038,0.7335,-5.505000000000001,113.0,0.5687022900763359,348.82464408605404,7.728622230805818,-43.83969465648855,5.782728685646899,0.8461538461538461,4971.0,0.0,0.0,0.0,0.0,0.0,0.0,0.0,0.0,0.0,0.0,0.0,0.0,0.0,0.0,58103.13237304687
1521,native_promotion_replan,supported_native_episode_loop,-4623.277,3.988,0.6249,-5.2378,130.0,0.5038167938931297,333.80539428385464,5.773786010743279,-44.52671755725191,4.190735409372813,0.0,4971.0,0.0,0.0,0.0,0.0,0.0,0.0,0.0,0.0,0.0,0.0,0.0,0.0,0.0,0.0,3075.1162109375
1531,native_promotion_replan,supported_native_episode_loop,-16925.368,5.208,0.5508,-6.3096,100.0,0.6183206106870229,331.85869440692676,6.994462442465328,-44.32824427480916,4.7702045151022965,0.5384615384615384,4970.0,0.0,0.0,0.0,0.0,0.0,0.0,0.0,0.0,0.0,0.0,0.0,0.0,0.0,0.0,2949.2168029785157
1541,native_promotion_replan,supported_native_episode_loop,-2711.971,7.389,0.5822,-8.5534,115.0,0.5610687022900763,342.35717030627126,6.0525989038008765,-44.286259541984734,4.835275331942472,0.804061328617184,4971.0,0.0,0.0,0.0,0.0,0.0,0.0,0.0,0.0,0.0,0.0,0.0,0.0,0.0,0.0,533.2368087768555
1551,native_promotion_replan,supported_native_episode_loop,-13712.2,5.84,0.7001,-7.2402,99.0,0.6221374045801527,349.5568534285513,3.958987873879887,-44.29389312977099,4.865508073470462,1.0,4971.0,0.0,0.0,0.0,0.0,0.0,0.0,0.0,0.0,0.0,0.0,0.0,0.0,0.0,0.0,8284.2306640625
1561,native_promotion_replan,supported_native_episode_loop,-11062.614,10.297,0.746,-11.789000000000001,109.0,0.583969465648855,337.5409717568308,6.239141430664725,-44.48091603053435,4.330525672017493,0.6923076923076924,4970.0,0.0,0.0,0.0,0.0,0.0,0.0,0.0,0.0,0.0,0.0,0.0,0.0,0.0,0.0,31665.15524902344
1571,native_promotion_replan,supported_native_episode_loop,-2863.604,4.467,0.4233,-5.313599999999999,172.0,0.3435114503816794,338.3079835183141,4.777871297083456,-44.24045801526717,5.110179612115861,0.07692307692307698,4970.0,0.0,0.0,0.0,0.0,0.0,0.0,0.0,0.0,0.0,0.0,0.0,0.0,0.0,0.0,3979.630439758301
1581,native_promotion_replan,supported_native_episode_loop,-10993.041,7.097,0.7421,-8.5812,107.0,0.5916030534351145,336.0234758595474,4.266621877962543,-44.396946564885496,4.58537234382289,1.0,4971.0,0.0,0.0,0.0,0.0,0.0,0.0,0.0,0.0,0.0,0.0,0.0,0.0,0.0,0.0,15589.252319335938
1591,native_promotion_replan,supported_native_episode_loop,-2741.499,4.137,0.549,-5.234999999999999,166.0,0.366412213740458,335.2514481189597,9.164537326959765,-44.17175572519084,5.032440938841234,0.0,4971.0,0.0,0.0,0.0,0.0,0.0,0.0,0.0,0.0,0.0,0.0,0.0,0.0,0.0,0.0,321.13811073303225
1601,native_promotion_replan,supported_native_episode_loop,-2612.848,8.125,0.3676,-8.8602,131.0,0.5,342.4016394055034,7.379065987760761,-44.33587786259542,4.866320909186869,0.6923076923076924,4970.0,0.0,0.0,0.0,0.0,0.0,0.0,0.0,0.0,0.0,0.0,0.0,0.0,0.0,0.0,852.3043769836426
1611,native_promotion_replan,supported_native_episode_loop,-3046.87,4.276,0.5121,-5.3002,125.0,0.5229007633587787,343.2743499948285,8.0329733924047,-44.33969465648855,4.736881110483663,0.8461538461538461,4970.0,0.0,0.0,0.0,0.0,0.0,0.0,0.0,0.0,0.0,0.0,0.0,0.0,0.0,0.0,62065.27888183594
1621,native_promotion_replan,supported_native_episode_loop,-18729.858,6.065,0.5437,-7.1524,123.0,0.5305343511450382,339.01913972654336,6.400952025818489,-43.50381679389313,5.686966545138058,0.0,4970.0,0.0,0.0,0.0,0.0,0.0,0.0,0.0,0.0,0.0,0.0,0.0,0.0,0.0,0.0,4509.06845703125
1631,native_promotion_replan,supported_native_episode_loop,-19510.899,8.993,0.5741,-10.141200000000001,160.0,0.3893129770992366,334.96099690742244,10.40652186006104,-44.42748091603053,4.504502470770527,0.0,4969.0,0.0,0.0,0.0,0.0,0.0,0.0,0.0,0.0,0.0,0.0,0.0,0.0,0.0,0.0,15742.560607910156
1641,native_promotion_replan,supported_native_episode_loop,-18842.672,6.105,0.5763,-7.2576,105.0,0.5992366412213741,340.60171016129374,4.680251354400029,-44.099236641221374,5.328670776254699,0.0,4970.0,0.0,0.0,0.0,0.0,0.0,0.0,0.0,0.0,0.0,0.0,0.0,0.0,0.0,0.0,3206.007977294922
1651,native_promotion_replan,supported_native_episode_loop,-20453.669,51.44,0.2807,-52.0014,88.0,0.6641221374045801,341.1745359074372,4.0274222103673045,-44.42748091603053,4.50195976723682,0.21105247796427595,4971.0,0.0,0.0,0.0,0.0,0.0,0.0,0.0,0.0,0.0,0.0,0.0,0.0,0.0,0.0,78448.33623046875
1661,native_promotion_replan,supported_native_episode_loop,-2764.791,5.403,0.4898,-6.3826,114.0,0.5648854961832062,342.0569586315417,7.3300932200891795,-44.01526717557252,5.734567385300841,0.2752396983769181,4971.0,0.0,0.0,0.0,0.0,0.0,0.0,0.0,0.0,0.0,0.0,0.0,0.0,0.0,0.0,19723.466796875
1671,native_promotion_replan,supported_native_episode_loop,-11111.349,4.427,0.5755,-5.577999999999999,121.0,0.5381679389312977,339.2379755902609,6.820114569713615,-44.35114503816794,4.71706931936523,0.6923076923076924,4971.0,0.0,0.0,0.0,0.0,0.0,0.0,0.0,0.0,0.0,0.0,0.0,0.0,0.0,0.0,25407.9455078125
1681,native_promotion_replan,supported_native_episode_loop,-3123.308,4.788,0.4708,-5.7296000000000005,100.0,0.6183206106870229,343.9005988525108,10.888933857465018,-42.19465648854962,7.404112875788681,0.8461538461538461,4970.0,0.0,0.0,0.0,0.0,0.0,0.0,0.0,0.0,0.0,0.0,0.0,0.0,0.0,0.0,1137.064112854004
1691,native_promotion_replan,supported_native_episode_loop,-15096.573,8.615,0.7413,-10.0976,119.0,0.5458015267175572,335.69066429215343,5.185712968808625,-44.52671755725191,4.184355166195539,0.6923076923076924,4971.0,0.0,0.0,0.0,0.0,0.0,0.0,0.0,0.0,0.0,0.0,0.0,0.0,0.0,0.0,12188.705548095702
1701,native_promotion_replan,supported_native_episode_loop,-18747.395,4.221,0.4711,-5.1632,129.0,0.5076335877862596,352.9320456186172,4.827295480198428,-43.44274809160305,5.9587133010170685,1.0,4970.0,0.0,0.0,0.0,0.0,0.0,0.0,0.0,0.0,0.0,0.0,0.0,0.0,0.0,0.0,25182.774792480468
1711,native_promotion_replan,supported_native_episode_loop,-19617.005,16.193,0.6658,-17.5246,131.0,0.5,337.53704355533495,5.252499465087916,-44.23664122137404,5.073252808811875,0.0,4971.0,0.0,0.0,0.0,0.0,0.0,0.0,0.0,0.0,0.0,0.0,0.0,0.0,0.0,0.0,219728.5791015625
1721,native_promotion_replan,supported_native_episode_loop,-15395.522,6.447,0.506,-7.459,101.0,0.6145038167938931,334.1216935214802,8.396186517870582,-44.416030534351144,4.637900893869741,0.6923076923076924,4970.0,0.0,0.0,0.0,0.0,0.0,0.0,0.0,0.0,0.0,0.0,0.0,0.0,0.0,0.0,10322.37247314453
1731,native_promotion_replan,supported_native_episode_loop,-6192.866,4.557,0.4434,-5.4438,121.0,0.5381679389312977,344.33647994389594,4.573926679734749,-44.11068702290076,5.217333879525279,1.0,4970.0,0.0,0.0,0.0,0.0,0.0,0.0,0.0,0.0,0.0,0.0,0.0,0.0,0.0,0.0,5452.911901855468
1741,native_promotion_replan,supported_native_episode_loop,-18247.389,4.079,0.6441,-5.3671999999999995,153.0,0.41603053435114506,332.3335902869,6.453675627948497,-44.57251908396947,4.100885278379497,1.0,4972.0,0.0,0.0,0.0,0.0,0.0,0.0,0.0,0.0,0.0,0.0,0.0,0.0,0.0,0.0,82626.50749511718
1751,native_promotion_replan,supported_native_episode_loop,-19425.95,29.845,0.5942,-31.0334,107.0,0.5916030534351145,335.80752882897144,7.45531952609358,-44.465648854961835,4.4073112572087005,1.0,4972.0,0.0,0.0,0.0,0.0,0.0,0.0,0.0,0.0,0.0,0.0,0.0,0.0,0.0,0.0,102212.93706054687
1761,native_promotion_replan,supported_native_episode_loop,-3357.186,7.016,0.3659,-7.7478,86.0,0.6717557251908397,341.02758439454715,6.407645255548393,-44.50763358778626,4.258572285583939,0.0,4970.0,0.0,0.0,0.0,0.0,0.0,0.0,0.0,0.0,0.0,0.0,0.0,0.0,0.0,0.0,10847.39825744629
1771,native_promotion_replan,supported_native_episode_loop,-16187.068,14.901,0.4853,-15.871599999999999,118.0,0.549618320610687,344.9972456803152,4.967643662997204,-44.36641221374046,4.672815825439387,0.8461538461538461,4971.0,0.0,0.0,0.0,0.0,0.0,0.0,0.0,0.0,0.0,0.0,0.0,0.0,0.0,0.0,76139.56416015625
1781,native_promotion_replan,supported_native_episode_loop,-2790.27,4.287,0.5321,-5.3512,120.0,0.5419847328244275,343.7749117585615,5.716751113512099,-44.396946564885496,4.572034790650184,0.0,4971.0,0.0,0.0,0.0,0.0,0.0,0.0,0.0,0.0,0.0,0.0,0.0,0.0,0.0,0.0,4660.868756103516
1791,native_promotion_replan,supported_native_episode_loop,-17750.208,4.631,0.4409,-5.5128,127.0,0.5152671755725191,338.242596534251,5.518594957255307,-44.33969465648855,4.764198215816566,1.0,4970.0,0.0,0.0,0.0,0.0,0.0,0.0,0.0,0.0,0.0,0.0,0.0,0.0,0.0,0.0,3594.8889739990236
1801,native_promotion_replan,supported_native_episode_loop,-6366.53,7.633,0.6592,-8.9514,99.0,0.6221374045801527,344.4934539587329,7.560008552004379,-43.26335877862596,6.760016103992633,1.0,4969.0,0.0,0.0,0.0,0.0,0.0,0.0,0.0,0.0,0.0,0.0,0.0,0.0,0.0,0.0,6422.879443359375
1811,native_promotion_replan,supported_native_episode_loop,-8089.459,6.681,0.3274,-7.3358,137.0,0.4770992366412214,331.7263890763882,7.849245631211409,-44.57251908396947,4.025738819586899,1.0,4972.0,0.0,0.0,0.0,0.0,0.0,0.0,0.0,0.0,0.0,0.0,0.0,0.0,0.0,0.0,30687.573571777342
1821,native_promotion_replan,supported_native_episode_loop,-2663.683,6.601,0.4381,-7.4772,103.0,0.6068702290076335,336.08520268301925,4.273831660158705,-44.33587786259542,4.768872811627439,0.0,4971.0,0.0,0.0,0.0,0.0,0.0,0.0,0.0,0.0,0.0,0.0,0.0,0.0,0.0,0.0,26835.15157470703
1831,native_promotion_replan,supported_native_episode_loop,-12692.83,6.489,0.3947,-7.2783999999999995,201.0,0.23282442748091603,348.1133912747079,6.330778286922643,-44.43511450381679,4.430289974899841,0.8461538461538461,4971.0,0.0,0.0,0.0,0.0,0.0,0.0,0.0,0.0,0.0,0.0,0.0,0.0,0.0,0.0,109933.7068359375
1841,native_promotion_replan,supported_native_episode_loop,-18063.54,9.386,0.5529,-10.4918,149.0,0.4312977099236641,327.8881601630277,8.199675354223025,-44.545801526717554,4.1649896592154585,0.0,4970.0,0.0,0.0,0.0,0.0,0.0,0.0,0.0,0.0,0.0,0.0,0.0,0.0,0.0,0.0,208907.65126953126
1851,native_promotion_replan,supported_native_episode_loop,-2812.661,5.427,0.3451,-6.1171999999999995,83.0,0.683206106870229,333.76234205187734,6.612134977012965,-44.454198473282446,4.43397293187592,0.6923076923076924,4971.0,0.0,0.0,0.0,0.0,0.0,0.0,0.0,0.0,0.0,0.0,0.0,0.0,0.0,0.0,59338.32707519531
1861,native_promotion_replan,supported_native_episode_loop,-17649.829,5.07,0.4966,-6.0632,98.0,0.6259541984732825,335.4369457139011,8.169837939954773,-44.29770992366412,4.95736733950153,0.0,4970.0,0.0,0.0,0.0,0.0,0.0,0.0,0.0,0.0,0.0,0.0,0.0,0.0,0.0,0.0,22784.28682861328
1871,native_promotion_replan,supported_native_episode_loop,-14194.373,5.323,0.6608,-6.6446000000000005,92.0,0.648854961832061,340.44538371414325,5.7779874593390295,-44.30152671755725,4.913441366911797,1.0,4970.0,0.0,0.0,0.0,0.0,0.0,0.0,0.0,0.0,0.0,0.0,0.0,0.0,0.0,0.0,108006.98911132812
1881,native_promotion_replan,supported_native_episode_loop,-18774.06,6.475,0.7706,-8.0162,184.0,0.29770992366412213,350.11393913559937,8.713695725504573,-44.3206106870229,4.742639416474224,1.0,4971.0,0.0,0.0,0.0,0.0,0.0,0.0,0.0,0.0,0.0,0.0,0.0,0.0,0.0,0.0,20151.516442871092
1891,native_promotion_replan,supported_native_episode_loop,-20036.265,6.598,0.7416,-8.081199999999999,132.0,0.4961832061068702,339.016855995012,6.11791478234472,-44.38549618320611,4.610006079335705,0.0,4971.0,0.0,0.0,0.0,0.0,0.0,0.0,0.0,0.0,0.0,0.0,0.0,0.0,0.0,0.0,44030.44111328125
1901,native_promotion_replan,supported_native_episode_loop,-2801.019,4.373,0.35,-5.073,154.0,0.4122137404580153,332.02994871357924,7.893301833499081,-44.44656488549618,4.446781110622591,0.0,4970.0,0.0,0.0,0.0,0.0,0.0,0.0,0.0,0.0,0.0,0.0,0.0,0.0,0.0,0.0,525.5097328186035
1911,native_promotion_replan,supported_native_episode_loop,-3957.74,4.468,0.5119,-5.4918,117.0,0.5534351145038168,328.8137468314959,4.575401011516031,-44.595419847328245,3.981404535542278,0.0,4971.0,0.0,0.0,0.0,0.0,0.0,0.0,0.0,0.0,0.0,0.0,0.0,0.0,0.0,0.0,3146.2657775878906
1921,native_promotion_replan,supported_native_episode_loop,-14685.326,12.506,0.3129,-13.1318,115.0,0.5610687022900763,342.55384749950457,8.732690179722658,-44.16793893129771,5.242446651806194,0.0,4971.0,0.0,0.0,0.0,0.0,0.0,0.0,0.0,0.0,0.0,0.0,0.0,0.0,0.0,0.0,4481.130584716797
1931,native_promotion_replan,supported_native_episode_loop,-4346.934,6.195,0.4826,-7.160200000000001,96.0,0.6335877862595419,330.02680965088706,5.660674355650722,-44.530534351145036,4.1614624765191,0.8461538461538461,4971.0,0.0,0.0,0.0,0.0,0.0,0.0,0.0,0.0,0.0,0.0,0.0,0.0,0.0,0.0,15982.885284423828
1941,native_promotion_replan,supported_native_episode_loop,-2571.236,3.735,0.416,-4.567,181.0,0.30916030534351147,350.03556617893105,9.97382711833364,-9.595419847328245,39.17883807705383,1.0,4971.0,0.0,0.0,0.0,0.0,0.0,0.0,0.0,0.0,0.0,0.0,0.0,0.0,0.0,0.0,2652.421401977539
1951,native_promotion_replan,supported_native_episode_loop,-2633.409,4.565,0.4701,-5.5052,122.0,0.5343511450381679,335.816049077432,8.919624592782654,-44.51526717557252,4.22887156338539,0.0,4971.0,0.0,0.0,0.0,0.0,0.0,0.0,0.0,0.0,0.0,0.0,0.0,0.0,0.0,0.0,722.6439224243164
1961,native_promotion_replan,supported_native_episode_loop,-3635.239,5.096,0.4682,-6.0324,108.0,0.5877862595419847,338.88076201164694,5.0308824894432735,-44.458015267175576,4.401178783779389,1.0,4971.0,0.0,0.0,0.0,0.0,0.0,0.0,0.0,0.0,0.0,0.0,0.0,0.0,0.0,0.0,5884.964331054687
1971,native_promotion_replan,supported_native_episode_loop,-18733.951,4.42,0.5209,-5.4618,114.0,0.5648854961832062,336.93993582073364,4.868537474887016,-44.30916030534351,4.795018891009909,0.0,4971.0,0.0,0.0,0.0,0.0,0.0,0.0,0.0,0.0,0.0,0.0,0.0,0.0,0.0,0.0,5316.139916992188
1981,native_promotion_replan,supported_native_episode_loop,-18957.241,5.107,0.484,-6.075,126.0,0.5190839694656488,337.544905840833,10.9450710311835,-42.79770992366412,7.004436605475886,0.0,4971.0,0.0,0.0,0.0,0.0,0.0,0.0,0.0,0.0,0.0,0.0,0.0,0.0,0.0,0.0,3709.223797607422
1991,native_promotion_replan,supported_native_episode_loop,-3086.597,3.84,0.4777,-4.7954,88.0,0.6641221374045801,346.66306421643657,8.548749975553877,-43.14503816793893,6.198524987563088,0.0,4971.0,0.0,0.0,0.0,0.0,0.0,0.0,0.0,0.0,0.0,0.0,0.0,0.0,0.0,0.0,36771.98923339844
2001,native_promotion_replan,supported_native_episode_loop,-12909.451,18.866,0.4315,-19.729,170.0,0.3511450381679389,342.8661271182332,9.727125107181124,-41.60687022900763,7.783940120036883,1.0,4970.0,0.0,0.0,0.0,0.0,0.0,0.0,0.0,0.0,0.0,0.0,0.0,0.0,0.0,0.0,48780.71469726563
2011,native_promotion_replan,supported_native_episode_loop,-2565.287,5.34,0.486,-6.311999999999999,133.0,0.49236641221374045,346.66804712275973,12.851145874363231,-44.01526717557252,4.7646675633968325,0.0,4970.0,0.0,0.0,0.0,0.0,0.0,0.0,0.0,0.0,0.0,0.0,0.0,0.0,0.0,0.0,125.36939353942871
2021,native_promotion_replan,supported_native_episode_loop,-18848.255,7.839,0.5031,-8.8452,89.0,0.6603053435114504,329.91244267689365,5.292572421579037,-44.400763358778626,4.621935686876145,0.5536536868781838,4971.0,0.0,0.0,0.0,0.0,0.0,0.0,0.0,0.0,0.0,0.0,0.0,0.0,0.0,0.0,2496.083865356445
2031,native_promotion_replan,supported_native_episode_loop,-14327.616,9.33,0.4757,-10.2814,136.0,0.48091603053435117,336.9337759281843,12.275631071274296,-43.00763358778626,6.163790079208673,0.0,4970.0,0.0,0.0,0.0,0.0,0.0,0.0,0.0,0.0,0.0,0.0,0.0,0.0,0.0,0.0,166117.53525390624
2041,native_promotion_replan,supported_native_episode_loop,-10151.937,8.261,0.7074,-9.675799999999999,120.0,0.5419847328244275,341.02194778256444,9.66369522905705,-44.404580152671755,4.53447965479599,0.0,4971.0,0.0,0.0,0.0,0.0,0.0,0.0,0.0,0.0,0.0,0.0,0.0,0.0,0.0,0.0,91879.48156738281
2051,native_promotion_replan,supported_native_episode_loop,-17760.3,5.304,0.55,-6.404,164.0,0.37404580152671757,339.2309242485541,7.0384179481767895,-44.38931297709924,4.582696494596529,0.6923076923076924,4970.0,0.0,0.0,0.0,0.0,0.0,0.0,0.0,0.0,0.0,0.0,0.0,0.0,0.0,0.0,2343.6470123291015
2061,native_promotion_replan,supported_native_episode_loop,-18156.645,5.582,0.6221,-6.8262,133.0,0.49236641221374045,343.07210242239796,5.556624182949769,-43.961832061068705,4.724315177405148,1.0,4972.0,0.0,0.0,0.0,0.0,0.0,0.0,0.0,0.0,0.0,0.0,0.0,0.0,0.0,0.0,6891.557733154297
2071,native_promotion_replan,supported_native_episode_loop,-18179.95,43.774,0.4646,-44.7032,111.0,0.5763358778625954,332.41173391052484,9.742673828406275,-44.538167938931295,4.138406191259817,0.0,4971.0,0.0,0.0,0.0,0.0,0.0,0.0,0.0,0.0,0.0,0.0,0.0,0.0,0.0,0.0,54945.73125
2081,native_promotion_replan,supported_native_episode_loop,-2877.788,4.966,0.5567,-6.0794,103.0,0.6068702290076335,335.7240094392961,8.549586751151534,-44.50381679389313,4.254990865342186,1.0,4971.0,0.0,0.0,0.0,0.0,0.0,0.0,0.0,0.0,0.0,0.0,0.0,0.0,0.0,0.0,3347.063848876953
2091,native_promotion_replan,supported_native_episode_loop,-3807.75,4.18,0.4084,-4.9967999999999995,104.0,0.6030534351145038,338.33670271549363,11.386717753510743,-44.44274809160305,4.51064949427533,0.0,4972.0,0.0,0.0,0.0,0.0,0.0,0.0,0.0,0.0,0.0,0.0,0.0,0.0,0.0,0.0,82151.97797851563
2101,native_promotion_replan,supported_native_episode_loop,-2822.207,4.474,0.4613,-5.3966,113.0,0.5687022900763359,343.4931377622917,12.736849700642564,-7.896946564885496,40.410027171731095,0.0,4970.0,0.0,0.0,0.0,0.0,0.0,0.0,0.0,0.0,0.0,0.0,0.0,0.0,0.0,0.0,14670.716473388671
2111,native_promotion_replan,supported_native_episode_loop,-11281.815,6.309,0.6922,-7.6934000000000005,93.0,0.6450381679389313,340.77514322613376,5.423170843767002,-44.3206106870229,4.857931541685472,0.0,4970.0,0.0,0.0,0.0,0.0,0.0,0.0,0.0,0.0,0.0,0.0,0.0,0.0,0.0,0.0,12661.401159667968
2121,native_promotion_replan,supported_native_episode_loop,-17643.484,8.627,0.7345,-10.096,117.0,0.5534351145038168,331.65827576173774,7.1503070071276245,-44.412213740458014,4.5631618691858105,0.0,4971.0,0.0,0.0,0.0,0.0,0.0,0.0,0.0,0.0,0.0,0.0,0.0,0.0,0.0,0.0,2658.323666381836
2131,native_promotion_replan,supported_native_episode_loop,-10691.535,5.937,0.652,-7.2410000000000005,85.0,0.6755725190839694,338.0568787123411,5.628741521916723,-44.2557251908397,5.006814597429143,0.0,4970.0,0.0,0.0,0.0,0.0,0.0,0.0,0.0,0.0,0.0,0.0,0.0,0.0,0.0,0.0,14495.6767578125
2141,native_promotion_replan,supported_native_episode_loop,-3158.665,4.128,0.4208,-4.9696,97.0,0.6297709923664122,332.4805377802473,7.8871318904162075,-44.54961832061068,4.101226292979849,0.5384615384615384,4971.0,0.0,0.0,0.0,0.0,0.0,0.0,0.0,0.0,0.0,0.0,0.0,0.0,0.0,0.0,11478.465710449218
2151,native_promotion_replan,supported_native_episode_loop,-14561.119,4.44,0.3527,-5.1454,115.0,0.5610687022900763,346.54568975960257,5.199973711638688,-40.5,11.20003748630586,0.0,4971.0,0.0,0.0,0.0,0.0,0.0,0.0,0.0,0.0,0.0,0.0,0.0,0.0,0.0,0.0,2572.1884796142576
2161,native_promotion_replan,supported_native_episode_loop,-18926.305,5.624,0.2615,-6.146999999999999,142.0,0.4580152671755725,338.75393624502897,11.67625106529055,-44.282442748091604,4.958260605439679,0.23076923076923078,4971.0,0.0,0.0,0.0,0.0,0.0,0.0,0.0,0.0,0.0,0.0,0.0,0.0,0.0,0.0,20877.45498046875
2171,native_promotion_replan,supported_native_episode_loop,-2769.377,4.618,0.4585,-5.535,88.0,0.6641221374045801,336.7549663656843,6.4350001987909,-44.538167938931295,4.134715401658565,1.0,4971.0,0.0,0.0,0.0,0.0,0.0,0.0,0.0,0.0,0.0,0.0,0.0,0.0,0.0,0.0,195.4937385559082
2181,native_promotion_replan,supported_native_episode_loop,-4319.771,8.036,0.4809,-8.9978,132.0,0.4961832061068702,352.2584869494008,5.866192780956343,-40.3206106870229,9.636339598023484,0.0,4970.0,0.0,0.0,0.0,0.0,0.0,0.0,0.0,0.0,0.0,0.0,0.0,0.0,0.0,0.0,66576.60341796876
2191,native_promotion_replan,supported_native_episode_loop,-18822.515,8.315,0.4128,-9.1406,226.0,0.13740458015267176,332.94107520192006,7.532351026468603,-44.51145038167939,4.24779495956789,0.0,4971.0,0.0,0.0,0.0,0.0,0.0,0.0,0.0,0.0,0.0,0.0,0.0,0.0,0.0,0.0,4210.151910400391
2201,native_promotion_replan,supported_native_episode_loop,-2976.073,7.932,0.4579,-8.8478,113.0,0.5687022900763359,335.9671132714997,6.802780287487111,-44.33969465648855,4.81757563731688,0.0,4970.0,0.0,0.0,0.0,0.0,0.0,0.0,0.0,0.0,0.0,0.0,0.0,0.0,0.0,0.0,77733.30498046875
2211,native_promotion_replan,supported_native_episode_loop,-3192.426,4.599,0.4843,-5.5676000000000005,94.0,0.6412213740458015,346.220214170809,5.139772391325094,-44.034351145038165,5.6014893193020034,1.0,4971.0,0.0,0.0,0.0,0.0,0.0,0.0,0.0,0.0,0.0,0.0,0.0,0.0,0.0,0.0,2040.0071548461915
2221,native_promotion_replan,supported_native_episode_loop,-5577.822,12.969,0.6084,-14.1858,120.0,0.5419847328244275,346.16239397288814,5.568736520602697,-44.02290076335878,5.279899445108537,0.8461538461538461,4970.0,0.0,0.0,0.0,0.0,0.0,0.0,0.0,0.0,0.0,0.0,0.0,0.0,0.0,0.0,3984.8615539550783
2231,native_promotion_replan,supported_native_episode_loop,-17067.706,4.196,0.7023,-5.6006,151.0,0.42366412213740456,342.7286228421497,8.04903687118701,-44.454198473282446,4.353181858880491,0.0,4971.0,0.0,0.0,0.0,0.0,0.0,0.0,0.0,0.0,0.0,0.0,0.0,0.0,0.0,0.0,2970.7448120117188
2241,native_promotion_replan,supported_native_episode_loop,-6224.788,14.203,0.5346,-15.2722,153.0,0.41603053435114506,333.4427967784059,5.414918651854882,-44.52290076335878,4.209840614297136,1.0,4970.0,0.0,0.0,0.0,0.0,0.0,0.0,0.0,0.0,0.0,0.0,0.0,0.0,0.0,0.0,4074.534533691406
2251,native_promotion_replan,supported_native_episode_loop,-19050.927,32.868,0.3962,-33.6604,81.0,0.6908396946564885,348.5805929364442,7.257151027252378,-43.66412213740458,5.101430254504221,0.21321579643886346,4970.0,0.0,0.0,0.0,0.0,0.0,0.0,0.0,0.0,0.0,0.0,0.0,0.0,0.0,0.0,41317.18198242188
2261,native_promotion_replan,supported_native_episode_loop,-3227.292,5.312,0.4632,-6.2384,116.0,0.5572519083969466,327.3051471671378,3.9166030812522115,-44.49236641221374,4.327916098871587,0.0,4971.0,0.0,0.0,0.0,0.0,0.0,0.0,0.0,0.0,0.0,0.0,0.0,0.0,0.0,0.0,23342.169323730468
2271,native_promotion_replan,supported_native_episode_loop,-18908.313,5.093,0.6198,-6.3326,88.0,0.6641221374045801,347.85681555481966,4.442889502250082,-44.29389312977099,4.876478139191631,0.0,4971.0,0.0,0.0,0.0,0.0,0.0,0.0,0.0,0.0,0.0,0.0,0.0,0.0,0.0,0.0,29338.155322265626
2281,native_promotion_replan,supported_native_episode_loop,-17988.241,6.803,0.6015,-8.006,123.0,0.5305343511450382,342.20368312853145,5.774394087362889,-42.75190839694657,6.897525290758059,0.23076923076923078,4970.0,0.0,0.0,0.0,0.0,0.0,0.0,0.0,0.0,0.0,0.0,0.0,0.0,0.0,0.0,33123.968432617185
2291,native_promotion_replan,supported_native_episode_loop,-2848.346,4.144,0.2572,-4.6584,223.0,0.14885496183206107,350.0414946687358,5.854615389766076,-29.67557251908397,24.44009842311941,0.0,4970.0,0.0,0.0,0.0,0.0,0.0,0.0,0.0,0.0,0.0,0.0,0.0,0.0,0.0,0.0,235.72017288208008
2301,native_promotion_replan,supported_native_episode_loop,-3753.23,4.788,0.4988,-5.7856000000000005,126.0,0.5190839694656488,345.029474487423,9.14412774898921,-44.19847328244275,4.727570341439209,0.0,4970.0,0.0,0.0,0.0,0.0,0.0,0.0,0.0,0.0,0.0,0.0,0.0,0.0,0.0,0.0,87141.59995117187
2311,native_promotion_replan,supported_native_episode_loop,-5555.475,6.205,0.6397,-7.4844,93.0,0.6450381679389313,348.69452181714786,5.034773289683367,-44.24809160305343,4.986575124524339,0.0,4971.0,0.0,0.0,0.0,0.0,0.0,0.0,0.0,0.0,0.0,0.0,0.0,0.0,0.0,0.0,25596.741967773436
2321,native_promotion_replan,supported_native_episode_loop,-20482.705,23.445,0.5125,-24.47,107.0,0.5916030534351145,336.42383881282564,7.601934455015036,-44.31679389312977,4.865639812972289,0.3846153846153846,4970.0,0.0,0.0,0.0,0.0,0.0,0.0,0.0,0.0,0.0,0.0,0.0,0.0,0.0,0.0,55332.23793945312
2331,native_promotion_replan,supported_native_episode_loop,-17757.033,7.913,0.4416,-8.7962,130.0,0.5038167938931297,335.45343772561193,7.761165877971271,-44.52671755725191,4.176137673352133,0.0,4971.0,0.0,0.0,0.0,0.0,0.0,0.0,0.0,0.0,0.0,0.0,0.0,0.0,0.0,0.0,6708.264624023437
2341,native_promotion_replan,supported_native_episode_loop,-3989.558,3.384,0.4324,-4.2488,81.0,0.6908396946564885,347.67572016957155,15.045692367126197,-10.320610687022901,41.82182621214268,0.0,4971.0,0.0,0.0,0.0,0.0,0.0,0.0,0.0,0.0,0.0,0.0,0.0,0.0,0.0,0.0,824.6722106933594
2351,native_promotion_replan,supported_native_episode_loop,-3250.829,4.09,0.5797,-5.2494,119.0,0.5458015267175572,338.09128183293285,7.718813385792622,-44.469465648854964,4.348929729347756,0.0,4971.0,0.0,0.0,0.0,0.0,0.0,0.0,0.0,0.0,0.0,0.0,0.0,0.0,0.0,0.0,309.99184799194336
2361,native_promotion_replan,supported_native_episode_loop,-3098.712,7.591,0.4062,-8.4034,133.0,0.49236641221374045,349.4162567386042,7.7199431567881325,-42.43129770992366,6.89348164251154,0.0,4970.0,0.0,0.0,0.0,0.0,0.0,0.0,0.0,0.0,0.0,0.0,0.0,0.0,0.0,0.0,71651.05913085937
2371,native_promotion_replan,supported_native_episode_loop,-4756.632,4.567,0.5131,-5.5932,171.0,0.3473282442748092,342.4165823368417,6.506264577465196,-44.05343511450382,5.568878869585017,0.07692307692307698,4971.0,0.0,0.0,0.0,0.0,0.0,0.0,0.0,0.0,0.0,0.0,0.0,0.0,0.0,0.0,13310.705352783203
2381,native_promotion_replan,supported_native_episode_loop,-4567.037,4.112,0.3629,-4.8378,152.0,0.4198473282442748,335.8596157164519,5.7731523595910845,-44.18320610687023,5.343615048068812,0.23076923076923078,4972.0,0.0,0.0,0.0,0.0,0.0,0.0,0.0,0.0,0.0,0.0,0.0,0.0,0.0,0.0,8425.467669677735
2391,native_promotion_replan,supported_native_episode_loop,-19299.188,17.111,0.6118,-18.334600000000002,101.0,0.6145038167938931,337.44337227204977,9.212383770362404,-44.48854961832061,4.3358375441626125,0.0,4971.0,0.0,0.0,0.0,0.0,0.0,0.0,0.0,0.0,0.0,0.0,0.0,0.0,0.0,0.0,8614.017822265625
2401,native_promotion_replan,supported_native_episode_loop,-18731.875,5.981,0.4535,-6.888,82.0,0.6870229007633588,336.91406380311224,5.058231985480135,-43.98854961832061,6.057285578822901,0.8461538461538461,4970.0,0.0,0.0,0.0,0.0,0.0,0.0,0.0,0.0,0.0,0.0,0.0,0.0,0.0,0.0,84692.57900390626
2411,native_promotion_replan,supported_native_episode_loop,-15325.414,4.975,0.6722,-6.3194,135.0,0.4847328244274809,348.87583408031907,8.286429752695009,-44.343511450381676,4.747471793815629,0.0,4970.0,0.0,0.0,0.0,0.0,0.0,0.0,0.0,0.0,0.0,0.0,0.0,0.0,0.0,0.0,11063.964630126953
2421,native_promotion_replan,supported_native_episode_loop,-2767.977,4.315,0.4558,-5.2266,119.0,0.5458015267175572,342.5298167136486,5.054342879515385,-43.961832061068705,5.877119017108821,0.0,4971.0,0.0,0.0,0.0,0.0,0.0,0.0,0.0,0.0,0.0,0.0,0.0,0.0,0.0,0.0,29562.189868164063
2431,native_promotion_replan,supported_native_episode_loop,-18035.399,17.982,0.5193,-19.020599999999998,138.0,0.4732824427480916,342.38228858012053,12.422134278304497,-44.270992366412216,4.917549016348082,0.5384615384615384,4970.0,0.0,0.0,0.0,0.0,0.0,0.0,0.0,0.0,0.0,0.0,0.0,0.0,0.0,0.0,167482.07392578124
2441,native_promotion_replan,supported_native_episode_loop,-18516.072,4.659,0.4931,-5.6452,112.0,0.5725190839694656,343.12875435779955,4.997006127612226,-44.38167938931298,4.643731743748319,1.0,4971.0,0.0,0.0,0.0,0.0,0.0,0.0,0.0,0.0,0.0,0.0,0.0,0.0,0.0,0.0,2002.7363555908203
2451,native_promotion_replan,supported_native_episode_loop,-2927.71,5.533,0.5172,-6.5674,155.0,0.4083969465648855,337.26339452401675,7.692594557791144,-44.45038167938932,4.4339318626607,1.0,4971.0,0.0,0.0,0.0,0.0,0.0,0.0,0.0,0.0,0.0,0.0,0.0,0.0,0.0,0.0,3674.7654693603517
2461,native_promotion_replan,supported_native_episode_loop,-20041.633,17.734,0.5409,-18.815800000000003,193.0,0.2633587786259542,350.3616023291311,12.040248350497622,-17.80534351145038,34.468764071804564,0.6125940282848303,4971.0,0.0,0.0,0.0,0.0,0.0,0.0,0.0,0.0,0.0,0.0,0.0,0.0,0.0,0.0,318186.600390625
2471,native_promotion_replan,supported_native_episode_loop,-17937.035,36.08,0.4873,-37.0546,129.0,0.5076335877862596,345.12499001111274,7.416946069333526,-44.43511450381679,4.472305341009797,0.23076923076923078,4971.0,0.0,0.0,0.0,0.0,0.0,0.0,0.0,0.0,0.0,0.0,0.0,0.0,0.0,0.0,8291.628601074219
2481,native_promotion_replan,supported_native_episode_loop,-2973.778,4.095,0.3993,-4.893599999999999,194.0,0.2595419847328244,344.14064035110795,4.026730464269404,-44.38167938931298,4.610737576185119,1.0,4969.0,0.0,0.0,0.0,0.0,0.0,0.0,0.0,0.0,0.0,0.0,0.0,0.0,0.0,0.0,41414.24858398437
2491,native_promotion_replan,supported_native_episode_loop,-20421.479,23.215,0.4545,-24.124,91.0,0.6526717557251909,338.18062312930596,7.242855748797573,-44.48091603053435,4.326998757205451,0.0,4970.0,0.0,0.0,0.0,0.0,0.0,0.0,0.0,0.0,0.0,0.0,0.0,0.0,0.0,0.0,4657.885021972656
2501,native_promotion_replan,supported_native_episode_loop,-9306.231,16.642,0.3754,-17.3928,93.0,0.6450381679389313,326.1588518591631,5.812749792115219,-44.50763358778626,4.262155823370216,0.0,4971.0,0.0,0.0,0.0,0.0,0.0,0.0,0.0,0.0,0.0,0.0,0.0,0.0,0.0,0.0,23242.336547851562
2511,native_promotion_replan,supported_native_episode_loop,-19089.793,7.426,0.5688,-8.563600000000001,111.0,0.5763358778625954,336.4802294318609,5.035273771835802,-44.49618320610687,4.302270030671856,0.0,4971.0,0.0,0.0,0.0,0.0,0.0,0.0,0.0,0.0,0.0,0.0,0.0,0.0,0.0,0.0,2913.5622802734374
2521,native_promotion_replan,supported_native_episode_loop,-16906.564,36.472,0.3528,-37.1776,170.0,0.3511450381679389,340.1346386591442,6.016948559125482,-44.42748091603053,4.462790237917425,1.0,4969.0,0.0,0.0,0.0,0.0,0.0,0.0,0.0,0.0,0.0,0.0,0.0,0.0,0.0,0.0,20028.13425292969
2531,native_promotion_replan,supported_native_episode_loop,-19285.746,20.691,0.588,-21.866999999999997,123.0,0.5305343511450382,346.81093024554986,4.461872877889289,-44.00381679389313,5.7925314454552765,0.0,4970.0,0.0,0.0,0.0,0.0,0.0,0.0,0.0,0.0,0.0,0.0,0.0,0.0,0.0,0.0,60675.95737304688
2541,native_promotion_replan,supported_native_episode_loop,-3900.994,7.099,0.4769,-8.0528,166.0,0.366412213740458,349.7115242099091,5.7399458414907425,-44.469465648854964,4.303050455888153,1.0,4971.0,0.0,0.0,0.0,0.0,0.0,0.0,0.0,0.0,0.0,0.0,0.0,0.0,0.0,0.0,17747.313409423827
2551,native_promotion_replan,supported_native_episode_loop,-16462.249,5.125,0.3378,-5.8006,143.0,0.4541984732824427,336.52204683122363,10.936948650583169,-43.912213740458014,4.637624472529891,0.5384615384615384,4970.0,0.0,0.0,0.0,0.0,0.0,0.0,0.0,0.0,0.0,0.0,0.0,0.0,0.0,0.0,1704.759329223633
2561,native_promotion_replan,supported_native_episode_loop,-18629.057,23.152,0.5598,-24.2716,147.0,0.4389312977099237,333.68572857674144,6.889008866163695,-44.11068702290076,5.428856344331544,0.0,4971.0,0.0,0.0,0.0,0.0,0.0,0.0,0.0,0.0,0.0,0.0,0.0,0.0,0.0,0.0,120403.8732421875
2571,native_promotion_replan,supported_native_episode_loop,-15568.475,41.985,0.4268,-42.8386,109.0,0.583969465648855,340.83293924818514,12.371907066662319,-44.43893129770992,4.276030700606802,0.0,4971.0,0.0,0.0,0.0,0.0,0.0,0.0,0.0,0.0,0.0,0.0,0.0,0.0,0.0,0.0,90303.49614257812
2581,native_promotion_replan,supported_native_episode_loop,-20112.635,18.749,0.4467,-19.6424,109.0,0.583969465648855,337.7028569039498,13.867784064061487,-37.767175572519086,14.395291547591757,0.23076923076923078,4970.0,0.0,0.0,0.0,0.0,0.0,0.0,0.0,0.0,0.0,0.0,0.0,0.0,0.0,0.0,17069.49562988281
2591,native_promotion_replan,supported_native_episode_loop,-2577.778,7.454,0.3677,-8.1894,118.0,0.549618320610687,334.2000199828136,4.931164206156482,-44.30916030534351,4.92150523709258,0.0,4970.0,0.0,0.0,0.0,0.0,0.0,0.0,0.0,0.0,0.0,0.0,0.0,0.0,0.0,0.0,3177.4807464599608
2601,native_promotion_replan,supported_native_episode_loop,-2789.309,6.041,0.4768,-6.9946,124.0,0.5267175572519084,346.8262569807337,7.68767727337374,-34.6412213740458,21.468623902074008,0.0,4970.0,0.0,0.0,0.0,0.0,0.0,0.0,0.0,0.0,0.0,0.0,0.0,0.0,0.0,0.0,936.08046875
2611,native_promotion_replan,supported_native_episode_loop,-18943.234,5.554,0.5714,-6.6968000000000005,127.0,0.5152671755725191,340.1573069602554,6.117520435350842,-44.343511450381676,4.573022439765817,0.0,4970.0,0.0,0.0,0.0,0.0,0.0,0.0,0.0,0.0,0.0,0.0,0.0,0.0,0.0,0.0,5060.389678955078
2621,native_promotion_replan,supported_native_episode_loop,-12146.654,15.845,0.527,-16.899,114.0,0.5648854961832062,335.75662931097673,6.098016543235211,-44.24809160305343,5.073834257043166,1.0,4970.0,0.0,0.0,0.0,0.0,0.0,0.0,0.0,0.0,0.0,0.0,0.0,0.0,0.0,0.0,1889.3615631103517
2631,native_promotion_replan,supported_native_episode_loop,-15779.185,5.841,0.6354,-7.111800000000001,98.0,0.6259541984732825,341.2716769883651,8.22252397811111,-44.48854961832061,4.299594179702712,0.0,4970.0,0.0,0.0,0.0,0.0,0.0,0.0,0.0,0.0,0.0,0.0,0.0,0.0,0.0,0.0,13437.290197753906
2641,native_promotion_replan,supported_native_episode_loop,-2568.957,5.044,0.5418,-6.127599999999999,136.0,0.48091603053435117,346.9372074837207,6.844561415825793,-42.12213740458015,8.709495476893942,1.0,4971.0,0.0,0.0,0.0,0.0,0.0,0.0,0.0,0.0,0.0,0.0,0.0,0.0,0.0,0.0,6264.533679199219
2651,native_promotion_replan,supported_native_episode_loop,-2658.482,4.051,0.4077,-4.8664000000000005,85.0,0.6755725190839694,339.21601122229464,7.180206724317103,-44.37786259541985,4.626339955699336,1.0,4971.0,0.0,0.0,0.0,0.0,0.0,0.0,0.0,0.0,0.0,0.0,0.0,0.0,0.0,0.0,3637.9022171020506
2661,native_promotion_replan,supported_native_episode_loop,-3114.237,5.905,0.4241,-6.7532000000000005,144.0,0.45038167938931295,340.98113233691447,9.657940253735438,-44.00381679389313,5.312018701397123,0.0,4970.0,0.0,0.0,0.0,0.0,0.0,0.0,0.0,0.0,0.0,0.0,0.0,0.0,0.0,0.0,2615.3041984558104
2671,native_promotion_replan,supported_native_episode_loop,-2813.246,4.331,0.515,-5.361000000000001,167.0,0.36259541984732824,329.7109961499998,6.649643563963719,-44.469465648854964,4.3498072806264645,0.0,4971.0,0.0,0.0,0.0,0.0,0.0,0.0,0.0,0.0,0.0,0.0,0.0,0.0,0.0,0.0,69300.15485839844
2681,native_promotion_replan,supported_native_episode_loop,-20518.095,41.66,0.5834,-42.8268,109.0,0.583969465648855,347.0692107050625,4.6746252451796275,-44.16030534351145,5.139751967599676,0.5384615384615384,4970.0,0.0,0.0,0.0,0.0,0.0,0.0,0.0,0.0,0.0,0.0,0.0,0.0,0.0,0.0,156748.7591796875
2691,native_promotion_replan,supported_native_episode_loop,-4755.933,8.249,0.5636,-9.3762,126.0,0.5190839694656488,342.59090439034935,8.237314106895116,-44.083969465648856,5.164526933012911,0.5666260790513449,4970.0,0.0,0.0,0.0,0.0,0.0,0.0,0.0,0.0,0.0,0.0,0.0,0.0,0.0,0.0,10687.413879394531
2701,native_promotion_replan,supported_native_episode_loop,-5524.017,10.179,0.3538,-10.8866,115.0,0.5610687022900763,336.76577229875187,4.889572393954017,-44.2557251908397,5.196103359533297,1.0,4971.0,0.0,0.0,0.0,0.0,0.0,0.0,0.0,0.0,0.0,0.0,0.0,0.0,0.0,0.0,15174.980737304688
2711,native_promotion_replan,supported_native_episode_loop,-11910.101,4.198,0.6067,-5.4114,121.0,0.5381679389312977,331.5550261664937,4.8056140266521075,-44.50381679389313,4.281816775357538,0.6923076923076924,4971.0,0.0,0.0,0.0,0.0,0.0,0.0,0.0,0.0,0.0,0.0,0.0,0.0,0.0,0.0,1096.3449737548829
2721,native_promotion_replan,supported_native_episode_loop,-2670.555,3.944,0.3365,-4.617,118.0,0.549618320610687,338.6760668491892,6.822415675323747,-44.454198473282446,4.398538264170463,1.0,4971.0,0.0,0.0,0.0,0.0,0.0,0.0,0.0,0.0,0.0,0.0,0.0,0.0,0.0,0.0,21539.30252685547
2731,native_promotion_replan,supported_native_episode_loop,-2794.038,4.239,0.3365,-4.912,112.0,0.5725190839694656,335.6691556396982,5.054684462515948,-44.37404580152672,4.702339644826477,0.23076923076923078,4970.0,0.0,0.0,0.0,0.0,0.0,0.0,0.0,0.0,0.0,0.0,0.0,0.0,0.0,0.0,21018.688879394533
2741,native_promotion_replan,supported_native_episode_loop,-2686.683,4.723,0.4099,-5.5428,102.0,0.6106870229007634,347.3669500752886,7.070758467960763,-40.24045801526717,12.192766461664691,0.07692307692307698,4971.0,0.0,0.0,0.0,0.0,0.0,0.0,0.0,0.0,0.0,0.0,0.0,0.0,0.0,0.0,6728.4620910644535
2751,native_promotion_replan,supported_native_episode_loop,-18862.272,21.378,0.6438,-22.6656,82.0,0.6870229007633588,344.54914254117335,8.525557400691888,-44.24045801526717,4.894244612253576,0.33803198081545727,4970.0,0.0,0.0,0.0,0.0,0.0,0.0,0.0,0.0,0.0,0.0,0.0,0.0,0.0,0.0,25767.218701171874
2761,native_promotion_replan,supported_native_episode_loop,-3177.603,5.62,0.5422,-6.7044,99.0,0.6221374045801527,338.9070845358547,8.550117248280277,-44.36641221374046,4.733680050705398,0.0,4970.0,0.0,0.0,0.0,0.0,0.0,0.0,0.0,0.0,0.0,0.0,0.0,0.0,0.0,0.0,40772.34604492188
2771,native_promotion_replan,supported_native_episode_loop,-18947.935,7.227,0.4501,-8.1272,213.0,0.18702290076335878,330.21189892863964,5.845760907112825,-44.56488549618321,4.04667281414639,1.0,4970.0,0.0,0.0,0.0,0.0,0.0,0.0,0.0,0.0,0.0,0.0,0.0,0.0,0.0,0.0,6041.048657226563
2781,native_promotion_replan,supported_native_episode_loop,-2969.169,4.545,0.5007,-5.5464,95.0,0.6374045801526718,333.661748895087,5.339322973077783,-44.51145038167939,4.254080057196172,0.0,4970.0,0.0,0.0,0.0,0.0,0.0,0.0,0.0,0.0,0.0,0.0,0.0,0.0,0.0,0.0,2072.26953125
2791,native_promotion_replan,supported_native_episode_loop,-3234.878,5.029,0.5265,-6.082,117.0,0.5534351145038168,342.49071909445536,4.7609044774862195,-44.38931297709924,4.60595783953811,0.3846153846153846,4971.0,0.0,0.0,0.0,0.0,0.0,0.0,0.0,0.0,0.0,0.0,0.0,0.0,0.0,0.0,375.3502384185791
2801,native_promotion_replan,supported_native_episode_loop,-11558.24,6.91,0.2638,-7.4376,172.0,0.3435114503816794,336.4249817737584,6.784600336688077,-44.44656488549618,4.433026600552915,0.6923076923076924,4972.0,0.0,0.0,0.0,0.0,0.0,0.0,0.0,0.0,0.0,0.0,0.0,0.0,0.0,0.0,8363.849520874024
2811,native_promotion_replan,supported_native_episode_loop,-17443.994,28.437,0.4542,-29.3454,130.0,0.5038167938931297,339.8255602041122,7.010415935705035,-44.541984732824424,4.152180595111851,1.0,4971.0,0.0,0.0,0.0,0.0,0.0,0.0,0.0,0.0,0.0,0.0,0.0,0.0,0.0,0.0,3677.5572998046873
2821,native_promotion_replan,supported_native_episode_loop,-18718.479,28.034,0.5455,-29.125,166.0,0.366412213740458,339.15183800040757,11.988986343573329,-43.41984732824427,5.9769968696448865,1.0,4971.0,0.0,0.0,0.0,0.0,0.0,0.0,0.0,0.0,0.0,0.0,0.0,0.0,0.0,0.0,3026.488000488281
2831,native_promotion_replan,supported_native_episode_loop,-18104.474,4.603,0.6107,-5.8244,136.0,0.48091603053435117,341.0860681327977,6.934300589217051,-43.912213740458014,6.325454730064968,1.0,4971.0,0.0,0.0,0.0,0.0,0.0,0.0,0.0,0.0,0.0,0.0,0.0,0.0,0.0,0.0,14322.037573242187
2841,native_promotion_replan,supported_native_episode_loop,-13268.961,16.225,0.5534,-17.3318,128.0,0.5114503816793893,332.2542553673567,5.590083554022732,-44.534351145038165,4.169679193773453,0.0,4971.0,0.0,0.0,0.0,0.0,0.0,0.0,0.0,0.0,0.0,0.0,0.0,0.0,0.0,0.0,35000.97221679687
2851,native_promotion_replan,supported_native_episode_loop,-18280.337,6.169,0.3657,-6.900399999999999,96.0,0.6335877862595419,335.71568051517465,6.09025916371473,-44.3587786259542,4.7648020909855955,0.0,4971.0,0.0,0.0,0.0,0.0,0.0,0.0,0.0,0.0,0.0,0.0,0.0,0.0,0.0,0.0,18023.915759277344
2861,native_promotion_replan,supported_native_episode_loop,-3253.321,6.548,0.4163,-7.3806,117.0,0.5534351145038168,338.16288133210503,5.649191525293905,-44.4236641221374,4.511213036729543,0.0,4971.0,0.0,0.0,0.0,0.0,0.0,0.0,0.0,0.0,0.0,0.0,0.0,0.0,0.0,0.0,58662.34340820312
2871,native_promotion_replan,supported_native_episode_loop,-10706.767,6.045,0.5865,-7.218,107.0,0.5916030534351145,349.0259749001826,5.843350258457053,-43.80916030534351,5.046523259119743,0.0,4970.0,0.0,0.0,0.0,0.0,0.0,0.0,0.0,0.0,0.0,0.0,0.0,0.0,0.0,0.0,10877.684118652343
2881,native_promotion_replan,supported_native_episode_loop,-2628.736,5.511,0.4613,-6.4336,122.0,0.5343511450381679,334.6234023833093,5.801741893305961,-44.454198473282446,4.400273404794778,1.0,4970.0,0.0,0.0,0.0,0.0,0.0,0.0,0.0,0.0,0.0,0.0,0.0,0.0,0.0,0.0,2981.46771774292
2891,native_promotion_replan,supported_native_episode_loop,-12292.617,15.538,0.3955,-16.329,127.0,0.5152671755725191,331.76501573266563,5.676390022846267,-44.37786259541985,4.682919916350486,0.0,4970.0,0.0,0.0,0.0,0.0,0.0,0.0,0.0,0.0,0.0,0.0,0.0,0.0,0.0,0.0,4319.70712890625
2901,native_promotion_replan,supported_native_episode_loop,-17040.402,7.645,0.6356,-8.9162,103.0,0.6068702290076335,348.76355334275405,7.454785105010069,-44.286259541984734,4.6263147643724105,0.0,4971.0,0.0,0.0,0.0,0.0,0.0,0.0,0.0,0.0,0.0,0.0,0.0,0.0,0.0,0.0,7719.836096191406
2911,native_promotion_replan,supported_native_episode_loop,-10641.922,4.269,0.3928,-5.0546,87.0,0.6679389312977099,330.16372950726185,4.372151262137978,-44.41984732824427,4.541503598867164,0.3846153846153846,4971.0,0.0,0.0,0.0,0.0,0.0,0.0,0.0,0.0,0.0,0.0,0.0,0.0,0.0,0.0,15698.15751953125
2921,native_promotion_replan,supported_native_episode_loop,-3404.674,6.572,0.2793,-7.1306,139.0,0.46946564885496184,338.6826462196636,4.873494794834155,-44.152671755725194,5.368800571755164,0.3846153846153846,4970.0,0.0,0.0,0.0,0.0,0.0,0.0,0.0,0.0,0.0,0.0,0.0,0.0,0.0,0.0,11300.904150390625
2931,native_promotion_replan,supported_native_episode_loop,-18815.445,4.427,0.5325,-5.491999999999999,121.0,0.5381679389312977,339.4824790330485,10.310406619765828,-44.50763358778626,4.2567793854005505,0.0,4971.0,0.0,0.0,0.0,0.0,0.0,0.0,0.0,0.0,0.0,0.0,0.0,0.0,0.0,0.0,5208.569329833985
2941,native_promotion_replan,supported_native_episode_loop,-18879.587,6.354,0.516,-7.386,165.0,0.3702290076335878,344.2356524769847,6.922719851217852,-44.48854961832061,4.236998815800551,0.0,4971.0,0.0,0.0,0.0,0.0,0.0,0.0,0.0,0.0,0.0,0.0,0.0,0.0,0.0,0.0,48723.249755859375
2951,native_promotion_replan,supported_native_episode_loop,-6232.385,5.113,0.4074,-5.9278,126.0,0.5190839694656488,346.78349035765604,5.890916290666422,-44.29389312977099,5.003956537255965,0.0,4970.0,0.0,0.0,0.0,0.0,0.0,0.0,0.0,0.0,0.0,0.0,0.0,0.0,0.0,0.0,1462.5359924316406
2961,native_promotion_replan,supported_native_episode_loop,-7900.674,7.213,0.5657,-8.3444,127.0,0.5152671755725191,344.0330322831869,7.006200576912157,-44.31297709923664,4.6200425784787384,1.0,4970.0,0.0,0.0,0.0,0.0,0.0,0.0,0.0,0.0,0.0,0.0,0.0,0.0,0.0,0.0,15675.88924560547
2971,native_promotion_replan,supported_native_episode_loop,-20357.436,40.641,0.3563,-41.3536,172.0,0.3435114503816794,341.53509559701115,6.2047595748638,-44.06870229007634,5.680004891534633,0.0,4969.0,0.0,0.0,0.0,0.0,0.0,0.0,0.0,0.0,0.0,0.0,0.0,0.0,0.0,0.0,98024.641796875
2981,native_promotion_replan,supported_native_episode_loop,-17861.46,5.15,0.5683,-6.2866,102.0,0.6106870229007634,338.63700721006074,8.051519630781245,-43.24809160305343,5.86907864526287,0.0,4970.0,0.0,0.0,0.0,0.0,0.0,0.0,0.0,0.0,0.0,0.0,0.0,0.0,0.0,0.0,3549.810021972656
2991,native_promotion_replan,supported_native_episode_loop,-3150.744,8.363,0.4488,-9.2606,102.0,0.6106870229007634,336.00628930753425,9.304027036788051,-44.23664122137404,5.149419386330468,0.0,4970.0,0.0,0.0,0.0,0.0,0.0,0.0,0.0,0.0,0.0,0.0,0.0,0.0,0.0,0.0,873.590633392334
3001,native_promotion_replan,supported_native_episode_loop,-20394.432,12.379,0.6659,-13.710799999999999,115.0,0.5610687022900763,334.7848114378883,5.759947668674458,-44.534351145038165,4.169679193773453,0.0,4971.0,0.0,0.0,0.0,0.0,0.0,0.0,0.0,0.0,0.0,0.0,0.0,0.0,0.0,0.0,22283.814318847657
3011,native_promotion_replan,supported_native_episode_loop,-2946.933,4.047,0.3993,-4.845599999999999,88.0,0.6641221374045801,343.86268923887764,4.898688431162294,-44.412213740458014,4.538840402414455,0.07692307692307698,4972.0,0.0,0.0,0.0,0.0,0.0,0.0,0.0,0.0,0.0,0.0,0.0,0.0,0.0,0.0,7100.203515625
3021,native_promotion_replan,supported_native_episode_loop,-18812.467,6.549,0.6404,-7.8298000000000005,131.0,0.5,343.96305260926715,4.865022731907108,-43.95038167938932,5.8067987797117,0.5384615384615384,4970.0,0.0,0.0,0.0,0.0,0.0,0.0,0.0,0.0,0.0,0.0,0.0,0.0,0.0,0.0,1985.6872314453126
3031,native_promotion_replan,supported_native_episode_loop,-20456.603,38.462,0.576,-39.614000000000004,114.0,0.5648854961832062,344.74651490577685,5.855257112308725,-44.217557251908396,5.0865033343532104,0.8461538461538461,4971.0,0.0,0.0,0.0,0.0,0.0,0.0,0.0,0.0,0.0,0.0,0.0,0.0,0.0,0.0,264396.7658203125
3041,native_promotion_replan,supported_native_episode_loop,-14417.971,5.976,0.3861,-6.7482,86.0,0.6717557251908397,345.77410519518355,5.529982722633957,-44.217557251908396,4.901549543370089,0.0,4971.0,0.0,0.0,0.0,0.0,0.0,0.0,0.0,0.0,0.0,0.0,0.0,0.0,0.0,0.0,20107.338623046875
3051,native_promotion_replan,supported_native_episode_loop,-3324.958,5.5,0.3797,-6.2594,191.0,0.27099236641221375,341.41442984078964,10.2617578168865,-43.85114503816794,5.854858573688627,0.6923076923076924,4972.0,0.0,0.0,0.0,0.0,0.0,0.0,0.0,0.0,0.0,0.0,0.0,0.0,0.0,0.0,13953.419372558594
3061,native_promotion_replan,supported_native_episode_loop,-7265.264,9.278,0.4734,-10.2248,122.0,0.5343511450381679,347.25941127265185,6.365251607177995,-44.29770992366412,4.651511543686262,0.0,4971.0,0.0,0.0,0.0,0.0,0.0,0.0,0.0,0.0,0.0,0.0,0.0,0.0,0.0,0.0,117812.3580078125
3071,native_promotion_replan,supported_native_episode_loop,-18674.009,5.815,0.5438,-6.9026000000000005,69.0,0.7366412213740458,343.6061672101949,7.325904957938348,-43.99236641221374,5.666287316872058,0.0,4971.0,0.0,0.0,0.0,0.0,0.0,0.0,0.0,0.0,0.0,0.0,0.0,0.0,0.0,0.0,44197.77747802735
3081,native_promotion_replan,supported_native_episode_loop,-3978.695,9.508,0.3981,-10.3042,102.0,0.6106870229007634,345.1604780553255,4.623453336381877,-44.31679389312977,4.573699334099404,1.0,4971.0,0.0,0.0,0.0,0.0,0.0,0.0,0.0,0.0,0.0,0.0,0.0,0.0,0.0,0.0,12065.163076782226
3091,native_promotion_replan,supported_native_episode_loop,-12098.525,4.492,0.5868,-5.6655999999999995,100.0,0.6183206106870229,340.2290700235231,8.339993432394778,-44.29389312977099,4.871779707180561,0.3846153846153846,4970.0,0.0,0.0,0.0,0.0,0.0,0.0,0.0,0.0,0.0,0.0,0.0,0.0,0.0,0.0,4019.520529174805
3101,native_promotion_replan,supported_native_episode_loop,-2983.217,5.643,0.4677,-6.5784,77.0,0.7061068702290076,346.0780558321748,5.708568643462671,-44.30152671755725,4.857975023943169,0.0,4970.0,0.0,0.0,0.0,0.0,0.0,0.0,0.0,0.0,0.0,0.0,0.0,0.0,0.0,0.0,2015.743814086914
3111,native_promotion_replan,supported_native_episode_loop,-2924.836,3.832,0.5331,-4.8982,80.0,0.6946564885496184,341.1436873938291,4.513424571081053,-44.30152671755725,4.8916424243872125,0.0,4971.0,0.0,0.0,0.0,0.0,0.0,0.0,0.0,0.0,0.0,0.0,0.0,0.0,0.0,0.0,10390.69810180664
3121,native_promotion_replan,supported_native_episode_loop,-13646.141,8.189,0.278,-8.745000000000001,210.0,0.1984732824427481,352.0590188157505,10.09942348564877,-34.958015267175576,16.824479866503836,0.8389281234710584,4970.0,0.0,0.0,0.0,0.0,0.0,0.0,0.0,0.0,0.0,0.0,0.0,0.0,0.0,0.0,11025.181408691406
3131,native_promotion_replan,supported_native_episode_loop,-7939.942,5.16,0.5551,-6.2702,148.0,0.4351145038167939,332.4687325861694,5.0937364263672675,-44.29770992366412,4.945033218713128,0.07692307692307698,4970.0,0.0,0.0,0.0,0.0,0.0,0.0,0.0,0.0,0.0,0.0,0.0,0.0,0.0,0.0,1192.3124908447267
3141,native_promotion_replan,supported_native_episode_loop,-17067.477,4.035,0.3544,-4.7438,122.0,0.5343511450381679,325.15618473179165,4.9364123700709355,-44.51908396946565,4.242372850795046,0.0,4971.0,0.0,0.0,0.0,0.0,0.0,0.0,0.0,0.0,0.0,0.0,0.0,0.0,0.0,0.0,10432.793127441406
3151,native_promotion_replan,supported_native_episode_loop,-16411.374,20.475,0.5481,-21.5712,119.0,0.5458015267175572,335.3093292535868,5.999725032798365,-44.538167938931295,4.1439362121749825,0.6163067783806495,4971.0,0.0,0.0,0.0,0.0,0.0,0.0,0.0,0.0,0.0,0.0,0.0,0.0,0.0,0.0,14124.171752929688
3161,native_promotion_replan,supported_native_episode_loop,-6500.902,4.442,0.5768,-5.5956,102.0,0.6106870229007634,345.77364277731976,7.827317460902517,-44.16793893129771,5.20004796183948,0.0,4970.0,0.0,0.0,0.0,0.0,0.0,0.0,0.0,0.0,0.0,0.0,0.0,0.0,0.0,0.0,5163.70805053711
3171,native_promotion_replan,supported_native_episode_loop,-2643.425,6.65,0.5323,-7.714600000000001,107.0,0.5916030534351145,340.1131299920722,5.395938485417889,-44.534351145038165,4.1614327206997945,0.6923076923076924,4971.0,0.0,0.0,0.0,0.0,0.0,0.0,0.0,0.0,0.0,0.0,0.0,0.0,0.0,0.0,8907.585406494141
3181,native_promotion_replan,supported_native_episode_loop,-18622.639,7.101,0.6192,-8.3394,95.0,0.6374045801526718,351.3551878909725,6.108367970914109,-43.56870229007634,7.009879440213695,0.07692307692307698,4972.0,0.0,0.0,0.0,0.0,0.0,0.0,0.0,0.0,0.0,0.0,0.0,0.0,0.0,0.0,14058.85694580078
3191,native_promotion_replan,supported_native_episode_loop,-8031.451,5.419,0.4822,-6.3834,109.0,0.583969465648855,345.5155206390844,11.283261288387024,-41.267175572519086,7.446321318806673,0.0,4970.0,0.0,0.0,0.0,0.0,0.0,0.0,0.0,0.0,0.0,0.0,0.0,0.0,0.0,0.0,6741.777197265625
3201,native_promotion_replan,supported_native_episode_loop,-10734.799,19.505,0.4689,-20.4428,138.0,0.4732824427480916,344.8689846355491,7.150414914067668,-44.38167938931298,4.616528577941356,0.23076923076923078,4970.0,0.0,0.0,0.0,0.0,0.0,0.0,0.0,0.0,0.0,0.0,0.0,0.0,0.0,0.0,7300.450311279297
3211,native_promotion_replan,supported_native_episode_loop,-3182.163,5.299,0.423,-6.1450000000000005,206.0,0.21374045801526717,331.24917546919437,7.44238588830556,-44.5763358778626,4.0266162571824395,0.5384615384615384,4970.0,0.0,0.0,0.0,0.0,0.0,0.0,0.0,0.0,0.0,0.0,0.0,0.0,0.0,0.0,2459.9357879638674
3221,native_promotion_replan,supported_native_episode_loop,-11754.39,6.508,0.3878,-7.2836,159.0,0.3931297709923664,345.0326674748895,6.799254402482214,-44.37786259541985,4.632935364106671,0.8461538461538461,4972.0,0.0,0.0,0.0,0.0,0.0,0.0,0.0,0.0,0.0,0.0,0.0,0.0,0.0,0.0,33353.303442382814
3231,native_promotion_replan,supported_native_episode_loop,-11928.911,5.16,0.5795,-6.319,136.0,0.48091603053435117,348.32242229311674,7.652510233050801,-43.49236641221374,6.346690167282673,1.0,4971.0,0.0,0.0,0.0,0.0,0.0,0.0,0.0,0.0,0.0,0.0,0.0,0.0,0.0,0.0,59956.82172851563
3241,native_promotion_replan,supported_native_episode_loop,-3326.42,6.224,0.4752,-7.1744,120.0,0.5419847328244275,340.41841810501865,6.21096817208572,-44.38167938931298,4.5924897457858,0.8461538461538461,4970.0,0.0,0.0,0.0,0.0,0.0,0.0,0.0,0.0,0.0,0.0,0.0,0.0,0.0,0.0,13557.348583984374
3251,native_promotion_replan,supported_native_episode_loop,-19159.335,5.534,0.4471,-6.4281999999999995,110.0,0.5801526717557252,344.22226630323416,6.539828508070233,-44.11068702290076,4.699273159786481,0.0,4970.0,0.0,0.0,0.0,0.0,0.0,0.0,0.0,0.0,0.0,0.0,0.0,0.0,0.0,0.0,59457.869140625
3261,native_promotion_replan,supported_native_episode_loop,-15154.19,5.325,0.5418,-6.4086,121.0,0.5381679389312977,331.17446799460254,7.331190232975263,-44.47328244274809,4.344564462705987,0.07692307692307698,4970.0,0.0,0.0,0.0,0.0,0.0,0.0,0.0,0.0,0.0,0.0,0.0,0.0,0.0,0.0,25830.100048828124
3271,native_promotion_replan,supported_native_episode_loop,-6368.548,19.894,0.594,-21.081999999999997,121.0,0.5381679389312977,338.6941121732897,6.335476779361872,-44.50763358778626,4.262155823370216,1.0,4971.0,0.0,0.0,0.0,0.0,0.0,0.0,0.0,0.0,0.0,0.0,0.0,0.0,0.0,0.0,448.825724029541
3281,native_promotion_replan,supported_native_episode_loop,-2876.018,5.282,0.5426,-6.3672,136.0,0.48091603053435117,342.04165130553355,4.868924611287696,-44.20992366412214,5.097317884191002,1.0,4970.0,0.0,0.0,0.0,0.0,0.0,0.0,0.0,0.0,0.0,0.0,0.0,0.0,0.0,0.0,5839.963613891601
3291,native_promotion_replan,supported_native_episode_loop,-16869.582,4.898,0.3655,-5.629,149.0,0.4312977099236641,339.9498897727095,11.141618235040047,-44.458015267175576,4.404646301115999,0.7281531307826958,4971.0,0.0,0.0,0.0,0.0,0.0,0.0,0.0,0.0,0.0,0.0,0.0,0.0,0.0,0.0,6389.843157958984
3301,native_promotion_replan,supported_native_episode_loop,-18836.38,5.033,0.5195,-6.072,129.0,0.5076335877862596,342.4432566799129,4.332793480288541,-44.43893129770992,4.444107042758279,1.0,4971.0,0.0,0.0,0.0,0.0,0.0,0.0,0.0,0.0,0.0,0.0,0.0,0.0,0.0,0.0,2823.0171234130858
3311,native_promotion_replan,supported_native_episode_loop,-18770.368,4.202,0.4347,-5.0714,91.0,0.6526717557251909,335.067640935131,10.264828068224965,-42.93511450381679,7.683107510468875,0.3846153846153846,4971.0,0.0,0.0,0.0,0.0,0.0,0.0,0.0,0.0,0.0,0.0,0.0,0.0,0.0,0.0,3541.9549072265627
3321,native_promotion_replan,supported_native_episode_loop,-4240.502,5.664,0.4689,-6.6018,124.0,0.5267175572519084,347.22548910707576,5.609541818907354,-44.48473282442748,4.299582320961431,0.3846153846153846,4972.0,0.0,0.0,0.0,0.0,0.0,0.0,0.0,0.0,0.0,0.0,0.0,0.0,0.0,0.0,6838.853201293945
3331,native_promotion_replan,supported_native_episode_loop,-17441.914,19.669,0.5172,-20.703400000000002,120.0,0.5419847328244275,341.92195644685023,6.916468152312181,-44.29389312977099,4.8623692231114255,0.0,4970.0,0.0,0.0,0.0,0.0,0.0,0.0,0.0,0.0,0.0,0.0,0.0,0.0,0.0,0.0,8871.401794433594
3341,native_promotion_replan,supported_native_episode_loop,-3215.375,4.227,0.5181,-5.2632,109.0,0.583969465648855,334.4697354276065,8.033565709212647,-44.400763358778626,4.629361919713731,0.0,4970.0,0.0,0.0,0.0,0.0,0.0,0.0,0.0,0.0,0.0,0.0,0.0,0.0,0.0,0.0,11687.899853515624
3351,native_promotion_replan,supported_native_episode_loop,-6090.265,5.133,0.5115,-6.156,116.0,0.5572519083969466,339.06925924474956,6.032260308807363,-44.3587786259542,4.726195801331156,0.0,4971.0,0.0,0.0,0.0,0.0,0.0,0.0,0.0,0.0,0.0,0.0,0.0,0.0,0.0,0.0,58341.88520507813
3361,native_promotion_replan,supported_native_episode_loop,-10609.507,4.588,0.4053,-5.3986,107.0,0.5916030534351145,336.7424958090745,8.089841769339044,-44.278625954198475,4.939581643650423,1.0,4970.0,0.0,0.0,0.0,0.0,0.0,0.0,0.0,0.0,0.0,0.0,0.0,0.0,0.0,0.0,47996.7623046875
3371,native_promotion_replan,supported_native_episode_loop,-17908.156,5.278,0.4112,-6.1004,215.0,0.17938931297709923,332.8655421338312,5.471912864132405,-44.45038167938932,4.409763180115516,0.0,4970.0,0.0,0.0,0.0,0.0,0.0,0.0,0.0,0.0,0.0,0.0,0.0,0.0,0.0,0.0,11187.533911132812
3381,native_promotion_replan,supported_native_episode_loop,-18261.683,4.236,0.3679,-4.9718,112.0,0.5725190839694656,339.6045136278064,8.862274401858214,-44.20229007633588,5.237226782742082,0.0,4970.0,0.0,0.0,0.0,0.0,0.0,0.0,0.0,0.0,0.0,0.0,0.0,0.0,0.0,0.0,11778.791381835938
3391,native_promotion_replan,supported_native_episode_loop,-11268.336,16.844,0.5742,-17.9924,141.0,0.4618320610687023,335.87857489440285,7.521825972006083,-44.465648854961835,4.40904294529902,0.5384615384615384,4971.0,0.0,0.0,0.0,0.0,0.0,0.0,0.0,0.0,0.0,0.0,0.0,0.0,0.0,0.0,1683.604884338379
3401,native_promotion_replan,supported_native_episode_loop,-8483.538,3.816,0.4338,-4.6836,105.0,0.5992366412213741,335.7576610896727,7.988189382973842,-44.26335877862596,5.189106412459426,0.0,4970.0,0.0,0.0,0.0,0.0,0.0,0.0,0.0,0.0,0.0,0.0,0.0,0.0,0.0,0.0,33553.38003540039
3411,native_promotion_replan,supported_native_episode_loop,-20087.728,30.132,0.759,-31.650000000000002,117.0,0.5534351145038168,341.14655995318526,8.879077370042774,-44.35114503816794,4.728383782298596,0.0,4972.0,0.0,0.0,0.0,0.0,0.0,0.0,0.0,0.0,0.0,0.0,0.0,0.0,0.0,0.0,137048.5287109375
3421,native_promotion_replan,supported_native_episode_loop,-3019.446,5.151,0.5759,-6.3027999999999995,98.0,0.6259541984732825,338.2143472788443,8.879479291959083,-44.408396946564885,4.5597398172716,0.0,4971.0,0.0,0.0,0.0,0.0,0.0,0.0,0.0,0.0,0.0,0.0,0.0,0.0,0.0,0.0,274.7754539489746
3431,native_promotion_replan,supported_native_episode_loop,-2622.951,4.261,0.3594,-4.9798,190.0,0.2748091603053435,336.7394369500284,4.760571497486915,-44.465648854961835,4.397774784168657,0.8461538461538461,4971.0,0.0,0.0,0.0,0.0,0.0,0.0,0.0,0.0,0.0,0.0,0.0,0.0,0.0,0.0,11267.803552246094
3441,native_promotion_replan,supported_native_episode_loop,-19229.503,6.998,0.5486,-8.0952,147.0,0.4389312977099237,334.0854657530481,13.445284108407323,-44.51526717557252,4.171623025762903,0.0,4970.0,0.0,0.0,0.0,0.0,0.0,0.0,0.0,0.0,0.0,0.0,0.0,0.0,0.0,0.0,8045.473376464844
3451,native_promotion_replan,supported_native_episode_loop,-5811.861,6.516,0.5941,-7.7042,94.0,0.6412213740458015,344.237600557434,5.974455890775787,-44.400763358778626,4.43309889687757,0.0,4971.0,0.0,0.0,0.0,0.0,0.0,0.0,0.0,0.0,0.0,0.0,0.0,0.0,0.0,0.0,16774.78044433594
3461,native_promotion_replan,supported_native_episode_loop,-11650.458,4.437,0.5252,-5.4874,145.0,0.44656488549618323,343.10881230186,8.806883806089807,-43.30916030534351,4.798201800287992,0.6923076923076924,4971.0,0.0,0.0,0.0,0.0,0.0,0.0,0.0,0.0,0.0,0.0,0.0,0.0,0.0,0.0,8578.466137695312
3471,native_promotion_replan,supported_native_episode_loop,-20015.623,9.338,0.4507,-10.2394,104.0,0.6030534351145038,330.7144542580039,6.325246441410317,-44.55725190839695,4.102057397299631,0.0,4971.0,0.0,0.0,0.0,0.0,0.0,0.0,0.0,0.0,0.0,0.0,0.0,0.0,0.0,0.0,90243.89453125
3481,native_promotion_replan,supported_native_episode_loop,-17723.95,7.793,0.5311,-8.8552,135.0,0.4847328244274809,340.85899896090115,4.615443601860791,-44.156488549618324,4.954982059674986,0.0,4970.0,0.0,0.0,0.0,0.0,0.0,0.0,0.0,0.0,0.0,0.0,0.0,0.0,0.0,0.0,9877.246826171875
3491,native_promotion_replan,supported_native_episode_loop,-2577.622,4.629,0.396,-5.420999999999999,164.0,0.37404580152671757,338.97913828551316,7.269151857912738,-44.3587786259542,4.751164907040619,0.0,4969.0,0.0,0.0,0.0,0.0,0.0,0.0,0.0,0.0,0.0,0.0,0.0,0.0,0.0,0.0,332.70720291137695
3501,native_promotion_replan,supported_native_episode_loop,-7411.574,9.872,0.6259,-11.1238,160.0,0.3893129770992366,335.89604354036675,12.771761139279446,-44.538167938931295,4.132868770858812,1.0,4971.0,0.0,0.0,0.0,0.0,0.0,0.0,0.0,0.0,0.0,0.0,0.0,0.0,0.0,0.0,952.4454780578614
3511,native_promotion_replan,supported_native_episode_loop,-12068.572,31.868,0.549,-32.966,139.0,0.46946564885496184,347.2233162324089,5.656913484542106,-44.11450381679389,5.0268610110118646,1.0,4970.0,0.0,0.0,0.0,0.0,0.0,0.0,0.0,0.0,0.0,0.0,0.0,0.0,0.0,0.0,225712.50888671874
3521,native_promotion_replan,supported_native_episode_loop,-18714.968,5.735,0.7594,-7.2538,147.0,0.4389312977099237,345.3833689697997,6.945275572218367,-37.221374045801525,13.14992240207905,0.0,4970.0,0.0,0.0,0.0,0.0,0.0,0.0,0.0,0.0,0.0,0.0,0.0,0.0,0.0,0.0,84002.0094970703
3531,native_promotion_replan,supported_native_episode_loop,-17431.249,40.148,0.3729,-40.893800000000006,107.0,0.5916030534351145,335.4168621214974,5.370419716117624,-44.458015267175576,4.409842464833909,0.0,4971.0,0.0,0.0,0.0,0.0,0.0,0.0,0.0,0.0,0.0,0.0,0.0,0.0,0.0,0.0,10584.566723632812
3541,native_promotion_replan,supported_native_episode_loop,-11814.526,4.836,0.5401,-5.9162,108.0,0.5877862595419847,340.96839347462765,9.427827296567926,-44.44274809160305,4.425223167432387,0.7783168795493292,4972.0,0.0,0.0,0.0,0.0,0.0,0.0,0.0,0.0,0.0,0.0,0.0,0.0,0.0,0.0,16675.813134765624
3551,native_promotion_replan,supported_native_episode_loop,-2967.552,4.121,0.5556,-5.232200000000001,111.0,0.5763358778625954,344.5302902134359,12.131045334151398,-40.63358778625954,8.958944617225141,1.0,4971.0,0.0,0.0,0.0,0.0,0.0,0.0,0.0,0.0,0.0,0.0,0.0,0.0,0.0,0.0,16661.94769897461
3561,native_promotion_replan,supported_native_episode_loop,-10153.515,5.858,0.5909,-7.0398,113.0,0.5687022900763359,332.1265863239007,4.96534407960515,-44.461832061068705,4.372501825736764,0.0,4971.0,0.0,0.0,0.0,0.0,0.0,0.0,0.0,0.0,0.0,0.0,0.0,0.0,0.0,0.0,51706.70541992188
3571,native_promotion_replan,supported_native_episode_loop,-2521.44,11.149,0.5366,-12.222199999999999,127.0,0.5152671755725191,349.8592922404901,6.013844664916892,-43.965648854961835,5.464909167824753,0.6082714292304721,4970.0,0.0,0.0,0.0,0.0,0.0,0.0,0.0,0.0,0.0,0.0,0.0,0.0,0.0,0.0,6774.463873291015
3581,native_promotion_replan,supported_native_episode_loop,-8595.075,5.309,0.6139,-6.5368,174.0,0.33587786259541985,342.08118905256725,14.92371118729888,-11.473282442748092,38.97950689693059,0.23076923076923078,4969.0,0.0,0.0,0.0,0.0,0.0,0.0,0.0,0.0,0.0,0.0,0.0,0.0,0.0,0.0,15608.805346679688
3591,native_promotion_replan,supported_native_episode_loop,-2532.483,4.686,0.491,-5.668,94.0,0.6412213740458015,346.70851551883686,5.566177938619319,-44.33206106870229,4.772740137882171,0.0,4970.0,0.0,0.0,0.0,0.0,0.0,0.0,0.0,0.0,0.0,0.0,0.0,0.0,0.0,0.0,12932.222058105468
3601,native_promotion_replan,supported_native_episode_loop,-18802.168,5.201,0.5324,-6.2658,95.0,0.6374045801526718,346.7405056232942,4.959826122101607,-44.286259541984734,4.9003546118572805,0.3846153846153846,4971.0,0.0,0.0,0.0,0.0,0.0,0.0,0.0,0.0,0.0,0.0,0.0,0.0,0.0,0.0,32773.39782714844
3611,native_promotion_replan,supported_native_episode_loop,-8878.971,3.882,0.5758,-5.0336,124.0,0.5267175572519084,327.5715141937023,6.763786448379608,-44.56106870229008,4.12427319563418,1.0,4971.0,0.0,0.0,0.0,0.0,0.0,0.0,0.0,0.0,0.0,0.0,0.0,0.0,0.0,0.0,1979.152980041504
3621,native_promotion_replan,supported_native_episode_loop,-5268.351,8.109,0.5702,-9.2494,91.0,0.6526717557251909,335.2918966531147,5.881812498048702,-44.3587786259542,4.706773910615425,0.6923076923076924,4972.0,0.0,0.0,0.0,0.0,0.0,0.0,0.0,0.0,0.0,0.0,0.0,0.0,0.0,0.0,5226.049499511719
3631,native_promotion_replan,supported_native_episode_loop,-3353.223,4.966,0.6269,-6.2198,139.0,0.46946564885496184,339.40062483059234,5.342870411219104,-44.35114503816794,4.728383782298596,0.0,4970.0,0.0,0.0,0.0,0.0,0.0,0.0,0.0,0.0,0.0,0.0,0.0,0.0,0.0,0.0,1130.674927520752
3641,native_promotion_replan,supported_native_episode_loop,-2878.229,4.297,0.5089,-5.3148,102.0,0.6106870229007634,343.22368253345473,4.525038481476028,-44.14503816793893,5.027591257600905,0.0,4971.0,0.0,0.0,0.0,0.0,0.0,0.0,0.0,0.0,0.0,0.0,0.0,0.0,0.0,0.0,1182.741807937622
3651,native_promotion_replan,supported_native_episode_loop,-12609.84,7.691,0.5615,-8.814,138.0,0.4732824427480916,351.7546349452008,4.803927717451071,-44.12213740458015,4.647946112541479,0.0,4970.0,0.0,0.0,0.0,0.0,0.0,0.0,0.0,0.0,0.0,0.0,0.0,0.0,0.0,0.0,24684.3310546875
3661,native_promotion_replan,supported_native_episode_loop,-2780.341,5.001,0.4959,-5.992800000000001,146.0,0.44274809160305345,342.11450777320005,10.807727718548282,-44.465648854961835,4.283463159647336,0.0,4971.0,0.0,0.0,0.0,0.0,0.0,0.0,0.0,0.0,0.0,0.0,0.0,0.0,0.0,0.0,647.052042388916
3671,native_promotion_replan,supported_native_episode_loop,-3251.337,8.425,0.3516,-9.128200000000001,159.0,0.3931297709923664,346.37848740104045,5.952984654465156,-44.37786259541985,4.62716489586079,1.0,4971.0,0.0,0.0,0.0,0.0,0.0,0.0,0.0,0.0,0.0,0.0,0.0,0.0,0.0,0.0,4213.469424438476
3681,native_promotion_replan,supported_native_episode_loop,-4622.677,4.811,0.5135,-5.838,83.0,0.683206106870229,342.52459039006374,4.506881461765216,-44.38167938931298,4.641265317188516,0.23076923076923078,4970.0,0.0,0.0,0.0,0.0,0.0,0.0,0.0,0.0,0.0,0.0,0.0,0.0,0.0,0.0,20846.325689697267
3691,native_promotion_replan,supported_native_episode_loop,-11381.017,5.754,0.61,-6.973999999999999,162.0,0.3816793893129771,335.57859282778725,4.674122725596498,-44.45038167938932,4.438233849364979,0.0,4971.0,0.0,0.0,0.0,0.0,0.0,0.0,0.0,0.0,0.0,0.0,0.0,0.0,0.0,0.0,12547.963647460938
3701,native_promotion_replan,supported_native_episode_loop,-2639.405,4.561,0.3609,-5.2828,119.0,0.5458015267175572,339.9582774451785,5.11799842363742,-44.343511450381676,4.784311180435792,0.0,4971.0,0.0,0.0,0.0,0.0,0.0,0.0,0.0,0.0,0.0,0.0,0.0,0.0,0.0,0.0,58616.10966796875
3711,native_promotion_replan,supported_native_episode_loop,-18083.909,3.834,0.6618,-5.1576,121.0,0.5381679389312977,342.03438969608254,6.759532133811482,-44.408396946564885,4.5839503975297955,0.0,4970.0,0.0,0.0,0.0,0.0,0.0,0.0,0.0,0.0,0.0,0.0,0.0,0.0,0.0,0.0,14456.703833007812
3721,native_promotion_replan,supported_native_episode_loop,-19093.512,5.357,0.4922,-6.3414,134.0,0.48854961832061067,352.0517137453112,6.697244109357531,-30.50763358778626,23.08393948915619,0.0,4970.0,0.0,0.0,0.0,0.0,0.0,0.0,0.0,0.0,0.0,0.0,0.0,0.0,0.0,0.0,92476.16376953125
3731,native_promotion_replan,supported_native_episode_loop,-18748.604,7.203,0.4654,-8.1338,99.0,0.6221374045801527,336.0196619694773,5.16157362922701,-44.43893129770992,4.449257121611573,0.11390697915188519,4971.0,0.0,0.0,0.0,0.0,0.0,0.0,0.0,0.0,0.0,0.0,0.0,0.0,0.0,0.0,3729.20478515625
3741,native_promotion_replan,supported_native_episode_loop,-10252.505,14.212,0.515,-15.241999999999999,126.0,0.5190839694656488,341.0945742595059,7.8967763937947115,-44.51145038167939,4.240600584379564,1.0,4970.0,0.0,0.0,0.0,0.0,0.0,0.0,0.0,0.0,0.0,0.0,0.0,0.0,0.0,0.0,14541.762329101562
3751,native_promotion_replan,supported_native_episode_loop,-12869.41,7.572,0.7771,-9.1262,92.0,0.648854961832061,352.2668265576126,5.014932706521062,-43.51145038167939,6.391031899160544,0.0,4971.0,0.0,0.0,0.0,0.0,0.0,0.0,0.0,0.0,0.0,0.0,0.0,0.0,0.0,0.0,17332.97705078125
3761,native_promotion_replan,supported_native_episode_loop,-3046.352,4.355,0.4813,-5.3176000000000005,158.0,0.3969465648854962,331.8680940218555,7.169960038032573,-44.47328244274809,4.355093962711123,0.6923076923076924,4971.0,0.0,0.0,0.0,0.0,0.0,0.0,0.0,0.0,0.0,0.0,0.0,0.0,0.0,0.0,11149.749481201172
3771,native_promotion_replan,supported_native_episode_loop,-2900.068,5.252,0.5028,-6.2576,128.0,0.5114503816793893,352.5321693435463,3.7642163404676667,-38.045801526717554,12.431407279667688,0.0,4971.0,0.0,0.0,0.0,0.0,0.0,0.0,0.0,0.0,0.0,0.0,0.0,0.0,0.0,0.0,10772.925732421874
3781,native_promotion_replan,supported_native_episode_loop,-20614.469,36.738,0.391,-37.519999999999996,131.0,0.5,345.91576971548955,8.337116411025697,-32.43893129770992,21.288326272844863,0.0,4971.0,0.0,0.0,0.0,0.0,0.0,0.0,0.0,0.0,0.0,0.0,0.0,0.0,0.0,0.0,8350.442163085938
3791,native_promotion_replan,supported_native_episode_loop,-2793.123,4.703,0.421,-5.545,98.0,0.6259541984732825,336.9382861336224,6.179854350679237,-44.31297709923664,4.670165123624464,0.0,4971.0,0.0,0.0,0.0,0.0,0.0,0.0,0.0,0.0,0.0,0.0,0.0,0.0,0.0,0.0,1342.1410346984862
3801,native_promotion_replan,supported_native_episode_loop,-3673.456,5.472,0.336,-6.144,102.0,0.6106870229007634,337.0717555169992,5.5594688113253925,-44.49618320610687,4.309361451434224,0.0,4970.0,0.0,0.0,0.0,0.0,0.0,0.0,0.0,0.0,0.0,0.0,0.0,0.0,0.0,0.0,6482.402026367187
3811,native_promotion_replan,supported_native_episode_loop,-4307.061,6.478,0.5943,-7.6666,93.0,0.6450381679389313,334.1427289232346,10.010408852071409,-44.55343511450382,4.132699572584518,0.0,4971.0,0.0,0.0,0.0,0.0,0.0,0.0,0.0,0.0,0.0,0.0,0.0,0.0,0.0,0.0,14359.084393310546
3821,native_promotion_replan,supported_native_episode_loop,-18384.368,7.055,0.6758,-8.4066,105.0,0.5992366412213741,352.79455215161045,4.34047048228677,-44.221374045801525,5.001969194419514,0.07692307692307698,4971.0,0.0,0.0,0.0,0.0,0.0,0.0,0.0,0.0,0.0,0.0,0.0,0.0,0.0,0.0,31592.224829101564
3831,native_promotion_replan,supported_native_episode_loop,-12011.369,5.014,0.7267,-6.4674000000000005,116.0,0.5572519083969466,343.70165334461075,15.483694005742409,-36.83587786259542,11.682822052038038,0.0,4971.0,0.0,0.0,0.0,0.0,0.0,0.0,0.0,0.0,0.0,0.0,0.0,0.0,0.0,0.0,5605.453594970703
3841,native_promotion_replan,supported_native_episode_loop,-2831.535,3.993,0.407,-4.8069999999999995,93.0,0.6450381679389313,336.0151402592962,4.064673116683955,-44.404580152671755,4.599665812544103,0.07692307692307698,4971.0,0.0,0.0,0.0,0.0,0.0,0.0,0.0,0.0,0.0,0.0,0.0,0.0,0.0,0.0,2576.7596893310547
3851,native_promotion_replan,supported_native_episode_loop,-16266.385,5.203,0.6762,-6.555400000000001,128.0,0.5114503816793893,331.9511264119136,4.657529532732552,-44.50763358778626,4.258572285583939,0.5384615384615384,4970.0,0.0,0.0,0.0,0.0,0.0,0.0,0.0,0.0,0.0,0.0,0.0,0.0,0.0,0.0,77082.81083984375
3861,native_promotion_replan,supported_native_episode_loop,-2640.161,9.353,0.4154,-10.1838,117.0,0.5534351145038168,339.63099453994107,7.7911385421320025,-44.400763358778626,4.543647460104147,0.0,4971.0,0.0,0.0,0.0,0.0,0.0,0.0,0.0,0.0,0.0,0.0,0.0,0.0,0.0,0.0,25744.40936279297
3871,native_promotion_replan,supported_native_episode_loop,-3256.13,4.583,0.5128,-5.6086,141.0,0.4618320610687023,338.6329261505649,4.764933438270665,-44.29007633587786,4.99463612994067,0.0,4970.0,0.0,0.0,0.0,0.0,0.0,0.0,0.0,0.0,0.0,0.0,0.0,0.0,0.0,0.0,3026.0077896118164
3881,native_promotion_replan,supported_native_episode_loop,-2733.213,4.417,0.5186,-5.4542,127.0,0.5152671755725191,340.8497907104611,5.937110517137151,-44.52671755725191,4.190735409372813,0.3846153846153846,4971.0,0.0,0.0,0.0,0.0,0.0,0.0,0.0,0.0,0.0,0.0,0.0,0.0,0.0,0.0,321.1019794464111
3891,native_promotion_replan,supported_native_episode_loop,-2992.651,5.571,0.5205,-6.612,111.0,0.5763358778625954,347.63571032666744,10.254135570191172,-43.80534351145038,5.166344596042092,1.0,4973.0,0.0,0.0,0.0,0.0,0.0,0.0,0.0,0.0,0.0,0.0,0.0,0.0,0.0,0.0,2881.015110778809
3901,native_promotion_replan,supported_native_episode_loop,-18699.976,42.63,0.5759,-43.781800000000004,179.0,0.31679389312977096,344.0515278577625,7.029631279118579,-44.33206106870229,4.6536986386283505,0.0,4971.0,0.0,0.0,0.0,0.0,0.0,0.0,0.0,0.0,0.0,0.0,0.0,0.0,0.0,0.0,15814.010107421875
3911,native_promotion_replan,supported_native_episode_loop,-18380.105,6.095,0.3725,-6.84,145.0,0.44656488549618323,344.7798599506058,7.457930882594456,-43.969465648854964,5.426031307042303,0.0,4971.0,0.0,0.0,0.0,0.0,0.0,0.0,0.0,0.0,0.0,0.0,0.0,0.0,0.0,0.0,1900.2582794189452
3921,native_promotion_replan,supported_native_episode_loop,-3414.709,4.788,0.2568,-5.3016000000000005,126.0,0.5190839694656488,341.0040546164258,5.742523050593956,-44.404580152671755,4.5470880304380135,0.0,4970.0,0.0,0.0,0.0,0.0,0.0,0.0,0.0,0.0,0.0,0.0,0.0,0.0,0.0,0.0,5786.228308105468
3931,native_promotion_replan,supported_native_episode_loop,-2743.664,5.514,0.3974,-6.3088,131.0,0.5,347.8206358785411,4.245123394013729,-44.16030534351145,5.089004452638954,0.0,4970.0,0.0,0.0,0.0,0.0,0.0,0.0,0.0,0.0,0.0,0.0,0.0,0.0,0.0,0.0,4462.386289978027
3941,native_promotion_replan,supported_native_episode_loop,-11616.457,5.372,0.4607,-6.2934,160.0,0.3893129770992366,346.457495644408,8.342937319291027,-23.041984732824428,29.24811849940936,0.3846153846153846,4971.0,0.0,0.0,0.0,0.0,0.0,0.0,0.0,0.0,0.0,0.0,0.0,0.0,0.0,0.0,2558.741735839844
3951,native_promotion_replan,supported_native_episode_loop,-2705.369,4.904,0.5228,-5.9496,119.0,0.5458015267175572,330.861063900188,4.478005018364962,-44.469465648854964,4.36207446149176,0.0,4971.0,0.0,0.0,0.0,0.0,0.0,0.0,0.0,0.0,0.0,0.0,0.0,0.0,0.0,0.0,1545.6853225708007
3961,native_promotion_replan,supported_native_episode_loop,-15616.915,24.723,0.447,-25.616999999999997,100.0,0.6183206106870229,341.52002902109814,4.933818296913201,-44.12595419847328,5.319861787021982,1.0,4971.0,0.0,0.0,0.0,0.0,0.0,0.0,0.0,0.0,0.0,0.0,0.0,0.0,0.0,0.0,17398.33674316406
3971,native_promotion_replan,supported_native_episode_loop,-10076.891,8.557,0.684,-9.925,120.0,0.5419847328244275,338.9391910576031,5.572196751918241,-44.347328244274806,4.7532203345462785,0.0,4972.0,0.0,0.0,0.0,0.0,0.0,0.0,0.0,0.0,0.0,0.0,0.0,0.0,0.0,0.0,28295.708239746094
3981,native_promotion_replan,supported_native_episode_loop,-2743.615,4.082,0.4481,-4.9782,136.0,0.48091603053435117,343.4364434771903,10.36057546010362,-44.13358778625954,5.369664732693301,0.23076923076923078,4972.0,0.0,0.0,0.0,0.0,0.0,0.0,0.0,0.0,0.0,0.0,0.0,0.0,0.0,0.0,9544.314001464843
3991,native_promotion_replan,supported_native_episode_loop,-2802.034,3.813,0.3837,-4.5804,102.0,0.6106870229007634,340.5955112297875,4.669163727278788,-44.26335877862596,4.9880881941992525,1.0,4970.0,0.0,0.0,0.0,0.0,0.0,0.0,0.0,0.0,0.0,0.0,0.0,0.0,0.0,0.0,27808.38000793457
4001,native_promotion_replan,supported_native_episode_loop,-15644.45,37.947,0.3996,-38.7462,129.0,0.5076335877862596,332.3853593741361,4.282020018852759,-44.45038167938932,4.424452768091092,0.23076923076923078,4971.0,0.0,0.0,0.0,0.0,0.0,0.0,0.0,0.0,0.0,0.0,0.0,0.0,0.0,0.0,93657.60126953125
4011,native_promotion_replan,supported_native_episode_loop,-2772.404,4.817,0.4435,-5.704000000000001,102.0,0.6106870229007634,338.2548220107877,6.860392520712837,-44.29770992366412,5.020864340431438,1.0,4970.0,0.0,0.0,0.0,0.0,0.0,0.0,0.0,0.0,0.0,0.0,0.0,0.0,0.0,0.0,12827.973168945313
4021,native_promotion_replan,supported_native_episode_loop,-18812.434,16.135,0.5856,-17.3062,196.0,0.25190839694656486,346.2782271082108,11.4863078195646,-14.633587786259541,35.66140730674065,1.0,4970.0,0.0,0.0,0.0,0.0,0.0,0.0,0.0,0.0,0.0,0.0,0.0,0.0,0.0,0.0,61631.556396484375
4031,native_promotion_replan,supported_native_episode_loop,-2617.095,4.042,0.4905,-5.023,128.0,0.5114503816793893,334.1215298717562,10.302761468851001,-44.16793893129771,5.203716627984486,1.0,4970.0,0.0,0.0,0.0,0.0,0.0,0.0,0.0,0.0,0.0,0.0,0.0,0.0,0.0,0.0,985.0828887939454
4041,native_promotion_replan,supported_native_episode_loop,-4507.696,3.765,0.4926,-4.7502,141.0,0.4618320610687023,331.28430364562655,6.418674278227357,-44.55343511450382,4.18227444074373,0.23076923076923078,4972.0,0.0,0.0,0.0,0.0,0.0,0.0,0.0,0.0,0.0,0.0,0.0,0.0,0.0,0.0,60848.15876464844
4051,native_promotion_replan,supported_native_episode_loop,-18559.159,4.577,0.4762,-5.5294,104.0,0.6030534351145038,342.8397043824651,13.53505155954558,-38.32442748091603,13.860458291901276,0.0,4971.0,0.0,0.0,0.0,0.0,0.0,0.0,0.0,0.0,0.0,0.0,0.0,0.0,0.0,0.0,2615.2599334716797
4061,native_promotion_replan,supported_native_episode_loop,-18412.767,16.641,0.4432,-17.527399999999997,131.0,0.5,335.2481473101023,10.085692362902455,-44.44656488549618,4.442487400866612,0.0,4971.0,0.0,0.0,0.0,0.0,0.0,0.0,0.0,0.0,0.0,0.0,0.0,0.0,0.0,0.0,136551.4255859375
4071,native_promotion_replan,supported_native_episode_loop,-3242.575,5.855,0.3207,-6.4964,77.0,0.7061068702290076,339.2836760465122,5.855086647036558,-44.49236641221374,4.31289772270401,0.0,4970.0,0.0,0.0,0.0,0.0,0.0,0.0,0.0,0.0,0.0,0.0,0.0,0.0,0.0,0.0,5106.47240600586
4081,native_promotion_replan,supported_native_episode_loop,-4979.848,5.462,0.4707,-6.4033999999999995,137.0,0.4770992366412214,345.3790672660481,11.977686917063338,-43.847328244274806,5.302992504515043,0.0,4972.0,0.0,0.0,0.0,0.0,0.0,0.0,0.0,0.0,0.0,0.0,0.0,0.0,0.0,0.0,10709.979931640624
4091,native_promotion_replan,supported_native_episode_loop,-4393.515,5.747,0.5652,-6.8774,126.0,0.5190839694656488,339.6065508034014,6.250213097118069,-44.16412213740458,4.951652799897355,0.0,4970.0,0.0,0.0,0.0,0.0,0.0,0.0,0.0,0.0,0.0,0.0,0.0,0.0,0.0,0.0,936.9304191589356
4101,native_promotion_replan,supported_native_episode_loop,-14713.058,11.452,0.546,-12.544,148.0,0.4351145038167939,349.22875850421894,5.7817805985149615,-44.05725190839695,5.165261689968392,0.0,4970.0,0.0,0.0,0.0,0.0,0.0,0.0,0.0,0.0,0.0,0.0,0.0,0.0,0.0,0.0,24658.062133789062
4111,native_promotion_replan,supported_native_episode_loop,-3388.295,5.294,0.3097,-5.913399999999999,195.0,0.25572519083969464,336.6395248933269,10.895972270527736,-44.458015267175576,4.401178783779389,0.0,4971.0,0.0,0.0,0.0,0.0,0.0,0.0,0.0,0.0,0.0,0.0,0.0,0.0,0.0,0.0,22450.553271484376
4121,native_promotion_replan,supported_native_episode_loop,-4649.053,5.849,0.6362,-7.1214,146.0,0.44274809160305345,330.69252628161234,4.806502977992566,-44.56488549618321,4.045729511097498,1.0,4972.0,0.0,0.0,0.0,0.0,0.0,0.0,0.0,0.0,0.0,0.0,0.0,0.0,0.0,0.0,64976.57670898437
4131,native_promotion_replan,supported_native_episode_loop,-5507.073,10.716,0.2147,-11.145399999999999,123.0,0.5305343511450382,343.84898233328005,4.648581248559633,-44.404580152671755,4.5805406960317505,1.0,4972.0,0.0,0.0,0.0,0.0,0.0,0.0,0.0,0.0,0.0,0.0,0.0,0.0,0.0,0.0,1082.541025543213
4141,native_promotion_replan,supported_native_episode_loop,-19963.045,32.761,0.5526,-33.866200000000006,111.0,0.5763358778625954,345.55338167430824,5.296267211701141,-44.30916030534351,4.884137752458384,0.0,4970.0,0.0,0.0,0.0,0.0,0.0,0.0,0.0,0.0,0.0,0.0,0.0,0.0,0.0,0.0,39841.666333007815
4151,native_promotion_replan,supported_native_episode_loop,-2662.11,5.443,0.5152,-6.4734,91.0,0.6526717557251909,341.17055348020625,8.363525697759389,-44.232824427480914,4.63178436175028,0.07692307692307698,4970.0,0.0,0.0,0.0,0.0,0.0,0.0,0.0,0.0,0.0,0.0,0.0,0.0,0.0,0.0,989.8564643859863
4161,native_promotion_replan,supported_native_episode_loop,-20242.521,10.693,0.3902,-11.4734,95.0,0.6374045801526718,335.8375367920438,8.263250937720812,-44.454198473282446,4.400273404794778,0.0,4970.0,0.0,0.0,0.0,0.0,0.0,0.0,0.0,0.0,0.0,0.0,0.0,0.0,0.0,0.0,102645.69873046875
4171,native_promotion_replan,supported_native_episode_loop,-18239.982,7.146,0.6246,-8.395199999999999,161.0,0.38549618320610685,348.30589415754645,8.31098816724596,-44.38167938931298,4.586668393359596,0.8461538461538461,4971.0,0.0,0.0,0.0,0.0,0.0,0.0,0.0,0.0,0.0,0.0,0.0,0.0,0.0,0.0,19629.416748046875
4181,native_promotion_replan,supported_native_episode_loop,-10700.657,13.966,0.5482,-15.0624,95.0,0.6374045801526718,333.26242104563056,11.40648310961905,-44.37022900763359,4.675373106824043,1.0,4972.0,0.0,0.0,0.0,0.0,0.0,0.0,0.0,0.0,0.0,0.0,0.0,0.0,0.0,0.0,13638.952429199218
4191,native_promotion_replan,supported_native_episode_loop,-3737.492,5.224,0.5181,-6.2602,99.0,0.6221374045801527,338.4231561652006,4.819640424683402,-44.43511450381679,4.472305341009797,0.0,4972.0,0.0,0.0,0.0,0.0,0.0,0.0,0.0,0.0,0.0,0.0,0.0,0.0,0.0,0.0,998.1645805358887
4201,native_promotion_replan,supported_native_episode_loop,-3133.224,4.106,0.4102,-4.9264,104.0,0.6030534351145038,334.6768443709414,8.125460946625642,-44.24045801526717,5.079464397832508,1.0,4970.0,0.0,0.0,0.0,0.0,0.0,0.0,0.0,0.0,0.0,0.0,0.0,0.0,0.0,0.0,5088.980908203125
4211,native_promotion_replan,supported_native_episode_loop,-18924.881,16.93,0.6018,-18.1336,156.0,0.40458015267175573,328.17693240405947,5.9102368399790635,-44.48091603053435,4.33581066499912,1.0,4970.0,0.0,0.0,0.0,0.0,0.0,0.0,0.0,0.0,0.0,0.0,0.0,0.0,0.0,0.0,182587.4029296875
4221,native_promotion_replan,supported_native_episode_loop,-17905.638,4.637,0.3592,-5.3553999999999995,149.0,0.4312977099236641,337.0521192630321,11.358591811921212,-44.29770992366412,4.277037314621522,0.0,4970.0,0.0,0.0,0.0,0.0,0.0,0.0,0.0,0.0,0.0,0.0,0.0,0.0,0.0,0.0,3427.2855224609375
4231,native_promotion_replan,supported_native_episode_loop,-2693.895,5.184,0.4498,-6.083600000000001,167.0,0.36259541984732824,334.9174896252367,6.627759268840387,-44.30916030534351,4.833865116722706,1.0,4971.0,0.0,0.0,0.0,0.0,0.0,0.0,0.0,0.0,0.0,0.0,0.0,0.0,0.0,0.0,172.9745979309082
4241,native_promotion_replan,supported_native_episode_loop,-19109.11,8.402,0.5901,-9.582199999999998,84.0,0.6793893129770993,331.3667740312848,6.394620019304574,-44.35496183206107,4.8077500052568265,0.0,4971.0,0.0,0.0,0.0,0.0,0.0,0.0,0.0,0.0,0.0,0.0,0.0,0.0,0.0,0.0,4690.891540527344
4251,native_promotion_replan,supported_native_episode_loop,-18173.98,7.838,0.5191,-8.8762,83.0,0.683206106870229,331.05999137693993,5.587544489692662,-44.56106870229008,4.068367501228348,0.2578199070209781,4972.0,0.0,0.0,0.0,0.0,0.0,0.0,0.0,0.0,0.0,0.0,0.0,0.0,0.0,0.0,12450.4052734375
4261,native_promotion_replan,supported_native_episode_loop,-19108.633,39.514,0.4931,-40.5002,95.0,0.6374045801526718,343.55799112508015,6.93661042800221,-43.02671755725191,6.0326126962641045,0.0,4970.0,0.0,0.0,0.0,0.0,0.0,0.0,0.0,0.0,0.0,0.0,0.0,0.0,0.0,0.0,28699.999438476563
4271,native_promotion_replan,supported_native_episode_loop,-6535.251,4.495,0.5581,-5.6112,140.0,0.46564885496183206,336.3070775588922,10.437430302149135,-44.30916030534351,4.775876888935861,0.23076923076923078,4971.0,0.0,0.0,0.0,0.0,0.0,0.0,0.0,0.0,0.0,0.0,0.0,0.0,0.0,0.0,3193.953921508789
4281,native_promotion_replan,supported_native_episode_loop,-2667.341,3.662,0.4746,-4.6112,111.0,0.5763358778625954,343.6710064970014,6.445151617763081,-43.92748091603053,5.908856768504759,0.0,4970.0,0.0,0.0,0.0,0.0,0.0,0.0,0.0,0.0,0.0,0.0,0.0,0.0,0.0,0.0,14882.387731933593
4291,native_promotion_replan,supported_native_episode_loop,-11901.226,6.775,0.4273,-7.6296,122.0,0.5343511450381679,339.9432779261629,6.1564991838066625,-44.51526717557252,4.223452754902325,0.0,4970.0,0.0,0.0,0.0,0.0,0.0,0.0,0.0,0.0,0.0,0.0,0.0,0.0,0.0,0.0,11752.351892089844
4301,native_promotion_replan,supported_native_episode_loop,-9310.839,18.543,0.6578,-19.8586,115.0,0.5610687022900763,344.468331802062,12.038205878542435,-41.05343511450382,8.912477724648447,1.0,4970.0,0.0,0.0,0.0,0.0,0.0,0.0,0.0,0.0,0.0,0.0,0.0,0.0,0.0,0.0,19084.32548828125
4311,native_promotion_replan,supported_native_episode_loop,-18729.145,4.943,0.5971,-6.1372,102.0,0.6106870229007634,340.86709806332345,7.634731931627101,-44.43129770992366,4.479070650086694,1.0,4970.0,0.0,0.0,0.0,0.0,0.0,0.0,0.0,0.0,0.0,0.0,0.0,0.0,0.0,0.0,7645.339489746094
4321,native_promotion_replan,supported_native_episode_loop,-14709.031,44.404,0.6255,-45.655,155.0,0.4083969465648855,332.1402385936135,5.122031509486009,-44.51526717557252,4.22887156338539,1.0,4972.0,0.0,0.0,0.0,0.0,0.0,0.0,0.0,0.0,0.0,0.0,0.0,0.0,0.0,0.0,70936.33403320312
4331,native_promotion_replan,supported_native_episode_loop,-11882.751,26.3,0.4114,-27.1228,116.0,0.5572519083969466,341.7965252181349,6.092815353858427,-44.16793893129771,5.3176254124190585,1.0,4971.0,0.0,0.0,0.0,0.0,0.0,0.0,0.0,0.0,0.0,0.0,0.0,0.0,0.0,0.0,29321.083447265624
4341,native_promotion_replan,supported_native_episode_loop,-18343.111,4.876,0.4536,-5.783200000000001,101.0,0.6145038167938931,346.95465075767225,7.011823857197954,-43.66793893129771,5.2994709108742075,0.0,4971.0,0.0,0.0,0.0,0.0,0.0,0.0,0.0,0.0,0.0,0.0,0.0,0.0,0.0,0.0,59859.5876953125
4351,native_promotion_replan,supported_native_episode_loop,-19931.359,7.357,0.6802,-8.7174,115.0,0.5610687022900763,344.3263127323553,6.4124002259934665,-44.19465648854962,5.193607535532976,0.7881915523291345,4971.0,0.0,0.0,0.0,0.0,0.0,0.0,0.0,0.0,0.0,0.0,0.0,0.0,0.0,0.0,4403.027081298828
4361,native_promotion_replan,supported_native_episode_loop,-2659.716,5.75,0.4859,-6.7218,102.0,0.6106870229007634,343.3633975061297,6.897788365566738,-44.12213740458015,4.9470831883770705,0.0,4972.0,0.0,0.0,0.0,0.0,0.0,0.0,0.0,0.0,0.0,0.0,0.0,0.0,0.0,0.0,5251.19342956543
4371,native_promotion_replan,supported_native_episode_loop,-12771.877,30.173,0.4924,-31.157799999999998,119.0,0.5458015267175572,337.04315877048765,4.617334098432628,-44.41984732824427,4.536458245350203,0.6923076923076924,4970.0,0.0,0.0,0.0,0.0,0.0,0.0,0.0,0.0,0.0,0.0,0.0,0.0,0.0,0.0,68900.96923828125
4381,native_promotion_replan,supported_native_episode_loop,-2659.614,3.977,0.4208,-4.8186,162.0,0.3816793893129771,337.7432807079102,10.196410420370665,-44.48473282442748,4.257655400425203,1.0,4971.0,0.0,0.0,0.0,0.0,0.0,0.0,0.0,0.0,0.0,0.0,0.0,0.0,0.0,0.0,4788.601026153565
4391,native_promotion_replan,supported_native_episode_loop,-14571.41,4.776,0.4415,-5.659,180.0,0.31297709923664124,333.2078032654964,10.492866177931031,-44.14885496183206,5.35573982476436,0.0,4969.0,0.0,0.0,0.0,0.0,0.0,0.0,0.0,0.0,0.0,0.0,0.0,0.0,0.0,0.0,99780.92177734376
4401,native_promotion_replan,supported_native_episode_loop,-10411.386,7.514,0.5537,-8.6214,251.0,0.04198473282442748,343.3970566969678,5.731316744290898,-43.85114503816794,6.310416281888196,0.6923076923076924,4970.0,0.0,0.0,0.0,0.0,0.0,0.0,0.0,0.0,0.0,0.0,0.0,0.0,0.0,0.0,8753.258099365234
4411,native_promotion_replan,supported_native_episode_loop,-15942.338,5.731,0.3133,-6.3576,156.0,0.40458015267175573,329.2318644967698,7.046285127762996,-44.404580152671755,4.551283060356052,1.0,4971.0,0.0,0.0,0.0,0.0,0.0,0.0,0.0,0.0,0.0,0.0,0.0,0.0,0.0,0.0,92036.2193359375
4421,native_promotion_replan,supported_native_episode_loop,-18234.5,7.691,0.7543,-9.1996,159.0,0.3931297709923664,336.2298626141997,7.3011212407510735,-44.54961832061068,4.093774346973603,1.0,4970.0,0.0,0.0,0.0,0.0,0.0,0.0,0.0,0.0,0.0,0.0,0.0,0.0,0.0,0.0,44022.356640625
4431,native_promotion_replan,supported_native_episode_loop,-6342.678,5.113,0.5698,-6.2526,136.0,0.48091603053435117,345.64523889992296,5.744221408893733,-44.3587786259542,4.43626399157015,0.0,4971.0,0.0,0.0,0.0,0.0,0.0,0.0,0.0,0.0,0.0,0.0,0.0,0.0,0.0,0.0,20761.77326660156
4441,native_promotion_replan,supported_native_episode_loop,-14563.118,4.762,0.5981,-5.9582,78.0,0.7022900763358778,349.6296917505411,5.831909174142868,-43.80152671755725,5.805919389658267,1.0,4971.0,0.0,0.0,0.0,0.0,0.0,0.0,0.0,0.0,0.0,0.0,0.0,0.0,0.0,0.0,4996.023999023438
4451,native_promotion_replan,supported_native_episode_loop,-19042.654,43.147,0.4533,-44.053599999999996,116.0,0.5572519083969466,335.76280633757136,6.652486948622957,-44.404580152671755,4.597175744272588,0.0,4972.0,0.0,0.0,0.0,0.0,0.0,0.0,0.0,0.0,0.0,0.0,0.0,0.0,0.0,0.0,5329.277044677734
4461,native_promotion_replan,supported_native_episode_loop,-3740.112,6.463,0.5542,-7.571400000000001,121.0,0.5381679389312977,333.74496418603206,11.155394472223588,-44.225190839694655,4.980769791073647,1.0,4970.0,0.0,0.0,0.0,0.0,0.0,0.0,0.0,0.0,0.0,0.0,0.0,0.0,0.0,0.0,1063.0933822631837
4471,native_promotion_replan,supported_native_episode_loop,-20266.414,55.953,0.3705,-56.694,98.0,0.6259541984732825,329.11489441406945,6.229929346505894,-44.38167938931298,4.652764121846782,1.0,4971.0,0.0,0.0,0.0,0.0,0.0,0.0,0.0,0.0,0.0,0.0,0.0,0.0,0.0,0.0,5162.359301757812
4481,native_promotion_replan,supported_native_episode_loop,-12011.055,4.385,0.3836,-5.1522,105.0,0.5992366412213741,335.53656728728737,8.050701081659344,-44.343511450381676,4.758713971450965,0.6923076923076924,4970.0,0.0,0.0,0.0,0.0,0.0,0.0,0.0,0.0,0.0,0.0,0.0,0.0,0.0,0.0,34816.28361816406
4491,native_promotion_replan,supported_native_episode_loop,-12816.199,12.938,0.5813,-14.1006,102.0,0.6106870229007634,341.2107138804124,5.832529802688065,-44.538167938931295,4.134715401658565,1.0,4972.0,0.0,0.0,0.0,0.0,0.0,0.0,0.0,0.0,0.0,0.0,0.0,0.0,0.0,0.0,6044.048638916016
4501,native_promotion_replan,supported_native_episode_loop,-11712.639,45.25,0.4688,-46.1876,104.0,0.6030534351145038,346.081412216638,9.745188834975103,-43.57251908396947,6.759252109077104,0.4493045497733865,4971.0,0.0,0.0,0.0,0.0,0.0,0.0,0.0,0.0,0.0,0.0,0.0,0.0,0.0,0.0,17700.477380371092
4511,native_promotion_replan,supported_native_episode_loop,-18886.737,5.416,0.5022,-6.420400000000001,136.0,0.48091603053435117,336.4086220558325,8.45678539762754,-44.37404580152672,4.682818812257908,0.0,4971.0,0.0,0.0,0.0,0.0,0.0,0.0,0.0,0.0,0.0,0.0,0.0,0.0,0.0,0.0,2306.3422607421876
4521,native_promotion_replan,supported_native_episode_loop,-11198.359,5.901,0.6225,-7.146,169.0,0.3549618320610687,342.63336330677737,5.455012783932758,-44.43893129770992,4.4234467670159106,0.8461538461538461,4973.0,0.0,0.0,0.0,0.0,0.0,0.0,0.0,0.0,0.0,0.0,0.0,0.0,0.0,0.0,27188.929833984374
4531,native_promotion_replan,supported_native_episode_loop,-13895.169,4.154,0.5045,-5.163,133.0,0.49236641221374045,341.97627265552677,5.281992245600322,-44.3587786259542,4.701905902815629,0.0,4970.0,0.0,0.0,0.0,0.0,0.0,0.0,0.0,0.0,0.0,0.0,0.0,0.0,0.0,0.0,3366.7848205566406
4541,native_promotion_replan,supported_native_episode_loop,-18519.594,5.187,0.3384,-5.8638,83.0,0.683206106870229,339.2409437158181,5.21011808419826,-44.50763358778626,4.258572285583939,0.0,4971.0,0.0,0.0,0.0,0.0,0.0,0.0,0.0,0.0,0.0,0.0,0.0,0.0,0.0,0.0,3078.336016845703
4551,native_promotion_replan,supported_native_episode_loop,-18751.744,47.81,0.581,-48.972,119.0,0.5458015267175572,343.8181520846509,7.393386249047439,-43.954198473282446,5.448387387192077,1.0,4970.0,0.0,0.0,0.0,0.0,0.0,0.0,0.0,0.0,0.0,0.0,0.0,0.0,0.0,0.0,11607.477416992188
4561,native_promotion_replan,supported_native_episode_loop,-20121.194,6.664,0.7902,-8.244399999999999,127.0,0.5152671755725191,331.95196839756034,8.949443969660726,-44.41984732824427,4.528879676225624,0.0,4971.0,0.0,0.0,0.0,0.0,0.0,0.0,0.0,0.0,0.0,0.0,0.0,0.0,0.0,0.0,16808.83876953125
4571,native_promotion_replan,supported_native_episode_loop,-3152.487,6.877,0.5394,-7.9558,192.0,0.26717557251908397,350.00608096292893,7.4531177759288445,-39.93893129770992,13.557486157800204,1.0,4969.0,0.0,0.0,0.0,0.0,0.0,0.0,0.0,0.0,0.0,0.0,0.0,0.0,0.0,0.0,103176.80380859374
4581,native_promotion_replan,supported_native_episode_loop,-20192.797,10.111,0.8083,-11.7276,133.0,0.49236641221374045,339.98295277926985,6.884820965524573,-44.2442748091603,4.866290972894742,0.0,4971.0,0.0,0.0,0.0,0.0,0.0,0.0,0.0,0.0,0.0,0.0,0.0,0.0,0.0,0.0,61526.12021484375
4591,native_promotion_replan,supported_native_episode_loop,-19049.098,9.509,0.3721,-10.2532,133.0,0.49236641221374045,336.937976498735,9.850985587360404,-44.38549618320611,4.588429226769158,1.0,4970.0,0.0,0.0,0.0,0.0,0.0,0.0,0.0,0.0,0.0,0.0,0.0,0.0,0.0,0.0,223993.56796875
4601,native_promotion_replan,supported_native_episode_loop,-6540.077,6.634,0.4183,-7.4706,114.0,0.5648854961832062,346.8073905991234,5.006062166208717,-44.26335877862596,4.975063099172065,1.0,4970.0,0.0,0.0,0.0,0.0,0.0,0.0,0.0,0.0,0.0,0.0,0.0,0.0,0.0,0.0,19559.44465332031
4611,native_promotion_replan,supported_native_episode_loop,-18090.624,4.748,0.5909,-5.9298,148.0,0.4351145038167939,343.4838166076378,8.103973341317644,-44.32824427480916,4.5991083571479185,0.8461538461538461,4971.0,0.0,0.0,0.0,0.0,0.0,0.0,0.0,0.0,0.0,0.0,0.0,0.0,0.0,0.0,48591.49372558594
4621,native_promotion_replan,supported_native_episode_loop,-15752.294,5.553,0.6038,-6.7606,104.0,0.6030534351145038,338.7734354146792,6.631769083758524,-44.469465648854964,4.301276095572884,0.8461538461538461,4971.0,0.0,0.0,0.0,0.0,0.0,0.0,0.0,0.0,0.0,0.0,0.0,0.0,0.0,0.0,32160.386303710937
4631,native_promotion_replan,supported_native_episode_loop,-17560.685,8.005,0.5891,-9.183200000000001,107.0,0.5916030534351145,342.29553131098663,7.035483716025568,-44.458015267175576,4.394235540398323,0.6923076923076924,4973.0,0.0,0.0,0.0,0.0,0.0,0.0,0.0,0.0,0.0,0.0,0.0,0.0,0.0,0.0,2769.5031188964845
4641,native_promotion_replan,supported_native_episode_loop,-2909.15,5.462,0.4745,-6.411,113.0,0.5687022900763359,337.36416358416926,7.4566775654009625,-43.85114503816794,4.844606135956948,0.0,4971.0,0.0,0.0,0.0,0.0,0.0,0.0,0.0,0.0,0.0,0.0,0.0,0.0,0.0,0.0,7964.857369995118
4651,native_promotion_replan,supported_native_episode_loop,-6535.079,8.995,0.5494,-10.0938,162.0,0.3816793893129771,341.05027562903837,5.098440158584028,-44.31679389312977,4.780968196553001,1.0,4970.0,0.0,0.0,0.0,0.0,0.0,0.0,0.0,0.0,0.0,0.0,0.0,0.0,0.0,0.0,34059.77983398437
4661,native_promotion_replan,supported_native_episode_loop,-18716.511,7.561,0.6721,-8.9052,132.0,0.4961832061068702,343.06794897286414,5.337095483075404,-44.20992366412214,5.117495137537742,0.0,4970.0,0.0,0.0,0.0,0.0,0.0,0.0,0.0,0.0,0.0,0.0,0.0,0.0,0.0,0.0,18931.859155273436
4671,native_promotion_replan,supported_native_episode_loop,-7849.112,22.366,0.439,-23.244,127.0,0.5152671755725191,326.98233367444294,4.529076946040375,-44.5,4.291612625959816,1.0,4971.0,0.0,0.0,0.0,0.0,0.0,0.0,0.0,0.0,0.0,0.0,0.0,0.0,0.0,0.0,59870.024658203125
4681,native_promotion_replan,supported_native_episode_loop,-17856.174,3.905,0.5066,-4.9182,128.0,0.5114503816793893,348.4503758186603,6.235577347607335,-44.396946564885496,4.438174766352342,0.0,4971.0,0.0,0.0,0.0,0.0,0.0,0.0,0.0,0.0,0.0,0.0,0.0,0.0,0.0,0.0,18050.827966308592
4691,native_promotion_replan,supported_native_episode_loop,-18991.259,3.946,0.6063,-5.1586,83.0,0.683206106870229,333.00289054723794,6.126966349250336,-44.48473282442748,4.323484127986721,0.0,4971.0,0.0,0.0,0.0,0.0,0.0,0.0,0.0,0.0,0.0,0.0,0.0,0.0,0.0,0.0,14232.7203125
4701,native_promotion_replan,supported_native_episode_loop,-18822.348,13.551,0.4446,-14.4402,91.0,0.6526717557251909,335.5064912627368,6.114104917686628,-44.56106870229008,4.068367501228348,1.0,4971.0,0.0,0.0,0.0,0.0,0.0,0.0,0.0,0.0,0.0,0.0,0.0,0.0,0.0,0.0,3191.7870666503904
4711,native_promotion_replan,supported_native_episode_loop,-17229.407,4.206,0.5354,-5.276800000000001,133.0,0.49236641221374045,336.95997813691315,4.687686486197692,-44.44274809160305,4.486043336215641,0.5384615384615384,4971.0,0.0,0.0,0.0,0.0,0.0,0.0,0.0,0.0,0.0,0.0,0.0,0.0,0.0,0.0,27689.672119140625
4721,native_promotion_replan,supported_native_episode_loop,-9057.862,4.923,0.479,-5.881,160.0,0.3893129770992366,341.46841224002117,4.921000638446741,-44.416030534351144,4.549831249179933,1.0,4970.0,0.0,0.0,0.0,0.0,0.0,0.0,0.0,0.0,0.0,0.0,0.0,0.0,0.0,0.0,20503.03837890625
4731,native_promotion_replan,supported_native_episode_loop,-11678.229,4.813,0.4708,-5.7546,118.0,0.549618320610687,341.03167828297194,6.558778649207048,-44.347328244274806,4.714519205073173,1.0,4971.0,0.0,0.0,0.0,0.0,0.0,0.0,0.0,0.0,0.0,0.0,0.0,0.0,0.0,0.0,1750.5340637207032
4741,native_promotion_replan,supported_native_episode_loop,-3246.97,7.066,0.5037,-8.0734,134.0,0.48854961832061067,340.26232410088824,5.233283183215855,-44.51145038167939,4.21622893662231,1.0,4971.0,0.0,0.0,0.0,0.0,0.0,0.0,0.0,0.0,0.0,0.0,0.0,0.0,0.0,0.0,404.6623405456543
4751,native_promotion_replan,supported_native_episode_loop,-3014.328,6.643,0.4907,-7.6244,137.0,0.4770992366412214,342.70966148861606,6.079108175798544,-44.4236641221374,4.456735738681168,0.0,4971.0,0.0,0.0,0.0,0.0,0.0,0.0,0.0,0.0,0.0,0.0,0.0,0.0,0.0,0.0,30079.06905517578
4761,native_promotion_replan,supported_native_episode_loop,-10432.55,4.198,0.5229,-5.2438,127.0,0.5152671755725191,340.2673897561705,12.927036833321266,-44.38931297709924,4.4112495314551055,0.0,4971.0,0.0,0.0,0.0,0.0,0.0,0.0,0.0,0.0,0.0,0.0,0.0,0.0,0.0,0.0,4316.757287597657
4771,native_promotion_replan,supported_native_episode_loop,-2871.368,5.097,0.4859,-6.0688,106.0,0.5954198473282443,335.0878306864801,5.691144872563092,-44.33969465648855,4.81757563731688,0.0,4972.0,0.0,0.0,0.0,0.0,0.0,0.0,0.0,0.0,0.0,0.0,0.0,0.0,0.0,0.0,329.210094833374
4781,native_promotion_replan,supported_native_episode_loop,-2566.73,5.62,0.4659,-6.5518,104.0,0.6030534351145038,328.9649478651489,6.289945481174868,-44.52290076335878,4.218897234544625,0.0,4970.0,0.0,0.0,0.0,0.0,0.0,0.0,0.0,0.0,0.0,0.0,0.0,0.0,0.0,0.0,209.42816047668458
4791,native_promotion_replan,supported_native_episode_loop,-19024.952,31.506,0.389,-32.284,119.0,0.5458015267175572,339.8994913860739,6.857157746802941,-44.43511450381679,4.46718183383072,0.0,4971.0,0.0,0.0,0.0,0.0,0.0,0.0,0.0,0.0,0.0,0.0,0.0,0.0,0.0,0.0,2028.7917907714843
4801,native_promotion_replan,supported_native_episode_loop,-19344.486,42.232,0.3029,-42.8378,87.0,0.6679389312977099,339.05413124458175,6.554060013370482,-44.33587786259542,4.764869353355672,0.8461538461538461,4971.0,0.0,0.0,0.0,0.0,0.0,0.0,0.0,0.0,0.0,0.0,0.0,0.0,0.0,0.0,36312.95297851563
4811,native_promotion_replan,supported_native_episode_loop,-3882.966,5.03,0.42,-5.87,124.0,0.5267175572519084,339.4863444155864,6.4277520569284015,-43.732824427480914,7.0400429685981765,1.0,4971.0,0.0,0.0,0.0,0.0,0.0,0.0,0.0,0.0,0.0,0.0,0.0,0.0,0.0,0.0,34976.84799804688
4821,native_promotion_replan,supported_native_episode_loop,-8665.912,6.321,0.5135,-7.348,178.0,0.32061068702290074,347.92495203944486,7.985146773828916,-43.99618320610687,5.7409059127684685,1.0,4971.0,0.0,0.0,0.0,0.0,0.0,0.0,0.0,0.0,0.0,0.0,0.0,0.0,0.0,0.0,545.3311115264893
4831,native_promotion_replan,supported_native_episode_loop,-19059.327,66.558,0.7746,-68.1072,176.0,0.3282442748091603,345.3756900642674,7.093597069755595,-44.13358778625954,5.101385991687621,0.8461538461538461,4971.0,0.0,0.0,0.0,0.0,0.0,0.0,0.0,0.0,0.0,0.0,0.0,0.0,0.0,0.0,2657.0314819335936
4841,native_promotion_replan,supported_native_episode_loop,-17837.121,4.391,0.4983,-5.3876,117.0,0.5534351145038168,349.21795306643304,4.412255481601311,-44.396946564885496,4.597010959362993,1.0,4971.0,0.0,0.0,0.0,0.0,0.0,0.0,0.0,0.0,0.0,0.0,0.0,0.0,0.0,0.0,11820.389575195313
4851,native_promotion_replan,supported_native_episode_loop,-7763.188,8.375,0.2807,-8.9364,124.0,0.5267175572519084,335.27680635042253,10.254212161720304,-44.55725190839695,4.047731068035223,0.0,4971.0,0.0,0.0,0.0,0.0,0.0,0.0,0.0,0.0,0.0,0.0,0.0,0.0,0.0,0.0,51413.24033203125
4861,native_promotion_replan,supported_native_episode_loop,-11991.179,5.757,0.5657,-6.8884,126.0,0.5190839694656488,341.33275210566194,11.80957388235506,-41.95038167938932,6.992459123022835,0.0,4971.0,0.0,0.0,0.0,0.0,0.0,0.0,0.0,0.0,0.0,0.0,0.0,0.0,0.0,0.0,29736.785571289063
4871,native_promotion_replan,supported_native_episode_loop,-20491.083,27.419,0.7139,-28.8468,103.0,0.6068702290076335,333.86596767653646,5.554809303186934,-44.30152671755725,4.878359828436028,0.0,4970.0,0.0,0.0,0.0,0.0,0.0,0.0,0.0,0.0,0.0,0.0,0.0,0.0,0.0,0.0,199105.68671875
4881,native_promotion_replan,supported_native_episode_loop,-2474.539,4.044,0.4693,-4.9826,121.0,0.5381679389312977,341.76945006333614,5.9144136581899485,-36.20229007633588,20.12899987522789,0.0,4970.0,0.0,0.0,0.0,0.0,0.0,0.0,0.0,0.0,0.0,0.0,0.0,0.0,0.0,0.0,292.4933193206787
4891,native_promotion_replan,supported_native_episode_loop,-7952.399,4.375,0.5182,-5.4114,97.0,0.6297709923664122,332.85119504842135,7.13441274918403,-44.24045801526717,5.15553920778869,1.0,4970.0,0.0,0.0,0.0,0.0,0.0,0.0,0.0,0.0,0.0,0.0,0.0,0.0,0.0,0.0,679.2724517822265
4901,native_promotion_replan,supported_native_episode_loop,-12545.964,34.054,0.6208,-35.2956,124.0,0.5267175572519084,331.7741625779761,5.686829588070485,-44.52671755725191,4.2061899937755465,0.0,4971.0,0.0,0.0,0.0,0.0,0.0,0.0,0.0,0.0,0.0,0.0,0.0,0.0,0.0,0.0,18880.923754882813
4911,native_promotion_replan,supported_native_episode_loop,-3397.04,6.927,0.6365,-8.2,149.0,0.4312977099236641,338.54121151601385,6.557381244257096,-44.50381679389313,4.281816775357538,0.0,4970.0,0.0,0.0,0.0,0.0,0.0,0.0,0.0,0.0,0.0,0.0,0.0,0.0,0.0,0.0,568.1865478515625
4921,native_promotion_replan,supported_native_episode_loop,-10996.376,8.129,0.6139,-9.3568,130.0,0.5038167938931297,339.1333214064373,8.168855242694876,-44.11068702290076,5.6113945132169585,0.07692307692307698,4971.0,0.0,0.0,0.0,0.0,0.0,0.0,0.0,0.0,0.0,0.0,0.0,0.0,0.0,0.0,55372.55302734375
4931,native_promotion_replan,supported_native_episode_loop,-18978.831,4.45,0.6609,-5.771800000000001,109.0,0.583969465648855,341.1923171630722,7.374678610348144,-43.97328244274809,5.801688677932136,0.2610441806427959,4971.0,0.0,0.0,0.0,0.0,0.0,0.0,0.0,0.0,0.0,0.0,0.0,0.0,0.0,0.0,7181.089294433594
4941,native_promotion_replan,supported_native_episode_loop,-18216.981,4.706,0.4101,-5.5262,88.0,0.6641221374045801,338.9190892729747,5.016255530095556,-44.458015267175576,4.408111090827894,0.0,4972.0,0.0,0.0,0.0,0.0,0.0,0.0,0.0,0.0,0.0,0.0,0.0,0.0,0.0,0.0,11132.553564453125
4951,native_promotion_replan,supported_native_episode_loop,-2562.886,4.77,0.321,-5.412,94.0,0.6412213740458015,345.78331512805005,5.1443486325978025,-43.94274809160305,5.469604149043071,0.0,4970.0,0.0,0.0,0.0,0.0,0.0,0.0,0.0,0.0,0.0,0.0,0.0,0.0,0.0,0.0,36292.231506347656
4961,native_promotion_replan,supported_native_episode_loop,-2639.414,3.86,0.3372,-4.5344,149.0,0.4312977099236641,337.04998649694693,5.5280412269361765,-44.43893129770992,4.474065598537065,1.0,4970.0,0.0,0.0,0.0,0.0,0.0,0.0,0.0,0.0,0.0,0.0,0.0,0.0,0.0,0.0,1698.2161682128906
4971,native_promotion_replan,supported_native_episode_loop,-4320.555,5.065,0.5005,-6.066000000000001,107.0,0.5916030534351145,338.7873868907681,7.087107164185926,-44.35496183206107,4.7694913669390955,0.23076923076923078,4971.0,0.0,0.0,0.0,0.0,0.0,0.0,0.0,0.0,0.0,0.0,0.0,0.0,0.0,0.0,2529.0229782104493
4981,native_promotion_replan,supported_native_episode_loop,-17770.609,49.121,0.5922,-50.3054,134.0,0.48854961832061067,340.98767011306666,6.907522492578144,-44.26335877862596,4.906308543881689,0.0,4970.0,0.0,0.0,0.0,0.0,0.0,0.0,0.0,0.0,0.0,0.0,0.0,0.0,0.0,0.0,92500.05634765625
4991,native_promotion_replan,supported_native_episode_loop,-3580.044,7.109,0.4302,-7.9694,135.0,0.4847328244274809,332.69547298135797,5.602789577375461,-44.38931297709924,4.66524018033512,1.0,4971.0,0.0,0.0,0.0,0.0,0.0,0.0,0.0,0.0,0.0,0.0,0.0,0.0,0.0,0.0,1124.313461303711
5001,native_promotion_replan,supported_native_episode_loop,-2715.24,5.254,0.4924,-6.2387999999999995,98.0,0.6259541984732825,341.17577941028486,13.303391993170818,-42.66030534351145,6.4390172711537055,0.0,4970.0,0.0,0.0,0.0,0.0,0.0,0.0,0.0,0.0,0.0,0.0,0.0,0.0,0.0,0.0,120.45713958740234
5011,native_promotion_replan,supported_native_episode_loop,-2606.856,7.238,0.3722,-7.9824,164.0,0.37404580152671757,337.14152047269175,9.986567815473597,-44.465648854961835,4.366418886451955,0.0,4971.0,0.0,0.0,0.0,0.0,0.0,0.0,0.0,0.0,0.0,0.0,0.0,0.0,0.0,0.0,17669.349798583986
5021,native_promotion_replan,supported_native_episode_loop,-2862.006,4.783,0.5374,-5.8578,126.0,0.5190839694656488,335.28980755162905,5.248686978812679,-44.39312977099237,4.614327022292165,0.0,4971.0,0.0,0.0,0.0,0.0,0.0,0.0,0.0,0.0,0.0,0.0,0.0,0.0,0.0,0.0,12975.883544921875
5031,native_promotion_replan,supported_native_episode_loop,-18891.946,44.037,0.4708,-44.9786,119.0,0.5458015267175572,348.05853548902286,8.922740379997613,-42.782442748091604,6.405686654364057,0.8461538461538461,4971.0,0.0,0.0,0.0,0.0,0.0,0.0,0.0,0.0,0.0,0.0,0.0,0.0,0.0,0.0,66526.0005859375
5041,native_promotion_replan,supported_native_episode_loop,-18459.122,6.359,0.5184,-7.3957999999999995,120.0,0.5419847328244275,351.0933270618604,7.72028590195612,-21.46564885496183,31.7905352735045,1.0,4971.0,0.0,0.0,0.0,0.0,0.0,0.0,0.0,0.0,0.0,0.0,0.0,0.0,0.0,0.0,22205.059033203124
5051,native_promotion_replan,supported_native_episode_loop,-3676.447,4.797,0.4704,-5.7378,155.0,0.4083969465648855,333.70479958366803,8.359896177352995,-44.56488549618321,4.105664001752435,1.0,4972.0,0.0,0.0,0.0,0.0,0.0,0.0,0.0,0.0,0.0,0.0,0.0,0.0,0.0,0.0,56637.51328125
5061,native_promotion_replan,supported_native_episode_loop,-7285.264,5.722,0.6949,-7.111800000000001,154.0,0.4122137404580153,326.91909223661855,6.6038835078787965,-44.530534351145036,4.1669618992971404,1.0,4972.0,0.0,0.0,0.0,0.0,0.0,0.0,0.0,0.0,0.0,0.0,0.0,0.0,0.0,0.0,7767.858386230469
5071,native_promotion_replan,supported_native_episode_loop,-2864.304,4.446,0.4206,-5.2871999999999995,131.0,0.5,335.6656813458935,8.126560962200454,-44.14885496183206,5.4825172021703406,0.0,4971.0,0.0,0.0,0.0,0.0,0.0,0.0,0.0,0.0,0.0,0.0,0.0,0.0,0.0,0.0,38769.11793212891
5081,native_promotion_replan,supported_native_episode_loop,-3466.323,5.049,0.3986,-5.8462000000000005,92.0,0.648854961832061,343.24810710424987,10.605876059687182,-43.51145038167939,6.634246578729594,0.0,4970.0,0.0,0.0,0.0,0.0,0.0,0.0,0.0,0.0,0.0,0.0,0.0,0.0,0.0,0.0,7423.551397705078
5091,native_promotion_replan,supported_native_episode_loop,-12651.327,13.234,0.4095,-14.053,126.0,0.5190839694656488,334.69895016422856,5.82647697277032,-44.530534351145036,4.179765746929087,0.0,4972.0,0.0,0.0,0.0,0.0,0.0,0.0,0.0,0.0,0.0,0.0,0.0,0.0,0.0,0.0,2060.4167449951174
5101,native_promotion_replan,supported_native_episode_loop,-16211.41,5.731,0.427,-6.585,115.0,0.5610687022900763,343.5688676154265,17.131662551318378,-41.18702290076336,9.241012939311021,1.0,4972.0,0.0,0.0,0.0,0.0,0.0,0.0,0.0,0.0,0.0,0.0,0.0,0.0,0.0,0.0,20736.445385742187
5111,native_promotion_replan,supported_native_episode_loop,-6211.586,14.178,0.4411,-15.0602,142.0,0.4580152671755725,329.1165019013499,5.750436362009297,-44.45038167938932,4.416682013343567,1.0,4971.0,0.0,0.0,0.0,0.0,0.0,0.0,0.0,0.0,0.0,0.0,0.0,0.0,0.0,0.0,1253.0334304809571
5121,native_promotion_replan,supported_native_episode_loop,-14293.722,6.29,0.4789,-7.2478,192.0,0.26717557251908397,337.2283641314433,6.255787459836301,-44.32442748091603,4.570659691525213,1.0,4970.0,0.0,0.0,0.0,0.0,0.0,0.0,0.0,0.0,0.0,0.0,0.0,0.0,0.0,0.0,22694.708227539064
5131,native_promotion_replan,supported_native_episode_loop,-16374.679,9.87,0.6723,-11.214599999999999,142.0,0.4580152671755725,341.445347159809,9.035892005234366,-44.465648854961835,4.353287272300145,0.0,4971.0,0.0,0.0,0.0,0.0,0.0,0.0,0.0,0.0,0.0,0.0,0.0,0.0,0.0,0.0,28653.032666015624
5141,native_promotion_replan,supported_native_episode_loop,-2750.822,9.98,0.4517,-10.8834,97.0,0.6297709923664122,340.0006727243501,8.070212970925814,-44.267175572519086,4.875275568615344,0.0,4970.0,0.0,0.0,0.0,0.0,0.0,0.0,0.0,0.0,0.0,0.0,0.0,0.0,0.0,0.0,1801.9953830718994
5151,native_promotion_replan,supported_native_episode_loop,-16293.479,5.494,0.548,-6.59,98.0,0.6259541984732825,336.192397464626,6.326517069674883,-44.48854961832061,4.347266250253307,0.0,4970.0,0.0,0.0,0.0,0.0,0.0,0.0,0.0,0.0,0.0,0.0,0.0,0.0,0.0,0.0,58363.00819091797
5161,native_promotion_replan,supported_native_episode_loop,-2904.779,5.674,0.3714,-6.4168,168.0,0.35877862595419846,333.8951690071108,6.321736069288024,-44.461832061068705,4.378607921540264,1.0,4972.0,0.0,0.0,0.0,0.0,0.0,0.0,0.0,0.0,0.0,0.0,0.0,0.0,0.0,0.0,851.4820938110352
5171,native_promotion_replan,supported_native_episode_loop,-3010.572,3.917,0.4064,-4.7298,78.0,0.7022900763358778,333.8214726797497,5.009592484176754,-44.55725190839695,4.072173876638904,0.0,4972.0,0.0,0.0,0.0,0.0,0.0,0.0,0.0,0.0,0.0,0.0,0.0,0.0,0.0,0.0,7348.3046203613285
5181,native_promotion_replan,supported_native_episode_loop,-16822.636,5.233,0.5804,-6.3938,120.0,0.5419847328244275,335.6795366198658,8.779425019101877,-44.458015267175576,4.409842464833909,1.0,4971.0,0.0,0.0,0.0,0.0,0.0,0.0,0.0,0.0,0.0,0.0,0.0,0.0,0.0,0.0,3405.875347900391
5191,native_promotion_replan,supported_native_episode_loop,-11005.811,5.778,0.4101,-6.598199999999999,119.0,0.5458015267175572,343.87132854828695,6.403640837032408,-44.412213740458014,4.555627723411452,0.8700468750208064,4970.0,0.0,0.0,0.0,0.0,0.0,0.0,0.0,0.0,0.0,0.0,0.0,0.0,0.0,0.0,37849.52770996094
5201,native_promotion_replan,supported_native_episode_loop,-3015.098,4.413,0.4705,-5.354,92.0,0.648854961832061,343.5651549024436,4.572602074908534,-43.93511450381679,5.873311661438126,0.6923076923076924,4970.0,0.0,0.0,0.0,0.0,0.0,0.0,0.0,0.0,0.0,0.0,0.0,0.0,0.0,0.0,60113.84484863281
5211,native_promotion_replan,supported_native_episode_loop,-18322.999,27.667,0.5378,-28.742600000000003,187.0,0.2862595419847328,343.9983717365877,5.105324514542299,-44.461832061068705,4.2260182478709805,0.0,4970.0,0.0,0.0,0.0,0.0,0.0,0.0,0.0,0.0,0.0,0.0,0.0,0.0,0.0,0.0,101059.57270507813
5221,native_promotion_replan,supported_native_episode_loop,-2853.842,3.83,0.5752,-4.9804,74.0,0.7175572519083969,342.96944939034586,5.779520273941998,-44.5,4.274681363956708,0.8461538461538461,4972.0,0.0,0.0,0.0,0.0,0.0,0.0,0.0,0.0,0.0,0.0,0.0,0.0,0.0,0.0,1926.41241607666
5231,native_promotion_replan,supported_native_episode_loop,-18240.884,4.697,0.553,-5.803,120.0,0.5419847328244275,346.8436515343819,7.718489501231467,-43.70610687022901,5.0313407941673,0.0,4971.0,0.0,0.0,0.0,0.0,0.0,0.0,0.0,0.0,0.0,0.0,0.0,0.0,0.0,0.0,4523.089916992188
5241,native_promotion_replan,supported_native_episode_loop,-14903.865,7.845,0.3583,-8.5616,145.0,0.44656488549618323,329.876294195743,5.293702674923029,-44.50763358778626,4.247803533369746,1.0,4971.0,0.0,0.0,0.0,0.0,0.0,0.0,0.0,0.0,0.0,0.0,0.0,0.0,0.0,0.0,71892.8384765625
5251,native_promotion_replan,supported_native_episode_loop,-5598.928,7.516,0.4593,-8.4346,87.0,0.6679389312977099,333.7056922428481,4.915707741160624,-44.408396946564885,4.554714664443261,0.0,4971.0,0.0,0.0,0.0,0.0,0.0,0.0,0.0,0.0,0.0,0.0,0.0,0.0,0.0,0.0,974.0955459594727
5261,native_promotion_replan,supported_native_episode_loop,-2566.829,4.808,0.4964,-5.8008,159.0,0.3931297709923664,341.04560643309924,10.393982589430685,-44.30916030534351,4.755855376650469,1.0,4971.0,0.0,0.0,0.0,0.0,0.0,0.0,0.0,0.0,0.0,0.0,0.0,0.0,0.0,0.0,3918.174203491211
5271,native_promotion_replan,supported_native_episode_loop,-18199.482,14.849,0.5522,-15.9534,163.0,0.37786259541984735,345.2790283148071,12.154161487516257,-38.778625954198475,15.285721559945458,0.0,4970.0,0.0,0.0,0.0,0.0,0.0,0.0,0.0,0.0,0.0,0.0,0.0,0.0,0.0,0.0,13094.242370605469
5281,native_promotion_replan,supported_native_episode_loop,-2717.769,3.928,0.5713,-5.0706,118.0,0.549618320610687,353.4967569443333,8.11728175758382,-10.908396946564885,38.81969484832722,0.0,4972.0,0.0,0.0,0.0,0.0,0.0,0.0,0.0,0.0,0.0,0.0,0.0,0.0,0.0,0.0,16030.401403808593
5291,native_promotion_replan,supported_native_episode_loop,-3978.714,7.887,0.4623,-8.8116,129.0,0.5076335877862596,328.9838396125774,4.383219718481221,-44.603053435114504,3.9677697492929487,0.0,4971.0,0.0,0.0,0.0,0.0,0.0,0.0,0.0,0.0,0.0,0.0,0.0,0.0,0.0,0.0,8714.199560546875
5301,native_promotion_replan,supported_native_episode_loop,-3468.155,3.678,0.5304,-4.7387999999999995,84.0,0.6793893129770993,343.00245639037234,6.15150786171753,-44.43129770992366,4.479070650086694,0.0,4972.0,0.0,0.0,0.0,0.0,0.0,0.0,0.0,0.0,0.0,0.0,0.0,0.0,0.0,0.0,8470.063848876953
5311,native_promotion_replan,supported_native_episode_loop,-2395.273,3.713,0.4662,-4.6454,203.0,0.22519083969465647,340.1276097903394,5.177166727434766,-44.465648854961835,4.363795724894276,0.44978764248503755,4970.0,0.0,0.0,0.0,0.0,0.0,0.0,0.0,0.0,0.0,0.0,0.0,0.0,0.0,0.0,22807.610729980468
201,native_learned_gate,supported_native_episode_loop,-18997.869,5.2,0.5484,-6.2968,66.0,0.7480916030534351,334.5140595732603,8.467248306683421,-44.43511450381679,4.462907751407808,0.0,4971.0,0.0,0.0,0.0,0.0,0.0,0.0,0.0,0.0,0.0,0.0,0.0,0.0,0.0,0.0,35762.14130859375
211,native_learned_gate,supported_native_episode_loop,-5153.2,11.836,0.4749,-12.7858,66.0,0.7480916030534351,341.932229619915,5.866115286773882,-44.458015267175576,4.408111090827894,1.0,4970.0,2.0,2.0,0.9820137900379085,0.0,0.0,0.0,0.0,0.0,0.0,0.0,0.0,0.0,0.0,0.0,1362.0461257934571
221,native_learned_gate,supported_native_episode_loop,-18428.779,4.752,0.3915,-5.535,66.0,0.7480916030534351,343.7513177893392,6.175622640845034,-44.31679389312977,4.75294448988542,0.0,4972.0,2.0,2.0,0.9820137900379085,0.0,0.0,0.0,0.0,0.0,0.0,0.0,0.0,0.0,0.0,0.0,73198.87197265626
231,native_learned_gate,supported_native_episode_loop,-10202.391,4.384,0.4667,-5.3174,66.0,0.7480916030534351,335.14185112273424,9.184890124372023,-44.49236641221374,4.290716382126527,0.8461538461538461,4970.0,2.0,2.0,0.9820137900379085,0.0,0.0,0.0,0.0,0.0,0.0,0.0,0.0,0.0,0.0,0.0,2883.6241607666016
241,native_learned_gate,supported_native_episode_loop,-2795.758,8.528,0.4779,-9.4838,66.0,0.7480916030534351,326.2204480455122,6.993642993862231,-44.38931297709924,4.640631240103601,1.0,4970.0,2.0,2.0,0.9820137900379085,0.0,0.0,0.0,0.0,0.0,0.0,0.0,0.0,0.0,0.0,0.0,11354.89617614746
251,native_learned_gate,supported_native_episode_loop,-2558.057,3.775,0.3811,-4.5372,66.0,0.7480916030534351,343.1458533036174,7.283128429475142,-44.416030534351144,4.491575095527438,1.0,4970.0,2.0,2.0,0.9820137900379085,0.0,0.0,0.0,0.0,0.0,0.0,0.0,0.0,0.0,0.0,0.0,114.81888608932495
261,native_learned_gate,supported_native_episode_loop,-2726.685,7.324,0.4328,-8.1896,66.0,0.7480916030534351,339.7581985558073,7.435604256261981,-44.52671755725191,4.198015242190195,1.0,4971.0,1.0,1.0,0.9820137900379085,0.0,0.0,0.0,0.0,0.0,0.0,0.0,0.0,0.0,0.0,0.0,7606.402758789062
271,native_learned_gate,supported_native_episode_loop,-19898.282,19.487,0.4719,-20.430799999999998,66.0,0.7480916030534351,335.05775189800124,4.091879076996294,-44.530534351145036,4.1724540736731415,0.0,4970.0,2.0,2.0,0.9820137900379085,0.0,0.0,0.0,0.0,0.0,0.0,0.0,0.0,0.0,0.0,0.0,60132.021875
281,native_learned_gate,supported_native_episode_loop,-15370.924,4.467,0.6436,-5.754199999999999,66.0,0.7480916030534351,335.62251529171874,5.070251806126945,-44.538167938931295,4.134715401658565,0.0,4972.0,2.0,2.0,0.9820137900379085,0.0,0.0,0.0,0.0,0.0,0.0,0.0,0.0,0.0,0.0,0.0,31099.560388183592
291,native_learned_gate,supported_native_episode_loop,-11423.6,5.475,0.4932,-6.461399999999999,66.0,0.7480916030534351,346.64262206862287,5.3921637258948385,-44.42748091603053,4.483269210578515,0.0,4971.0,2.0,2.0,0.9820137900379085,0.0,0.0,0.0,0.0,0.0,0.0,0.0,0.0,0.0,0.0,0.0,47669.23686523437
301,native_learned_gate,supported_native_episode_loop,-3047.724,6.194,0.5402,-7.2744,66.0,0.7480916030534351,348.81216044941345,12.077030768693481,-32.01526717557252,19.80341736752609,0.5384615384615384,4971.0,2.0,2.0,0.9820137900379085,0.0,0.0,0.0,0.0,0.0,0.0,0.0,0.0,0.0,0.0,0.0,3288.3021591186525
311,native_learned_gate,supported_native_episode_loop,-13111.415,5.539,0.5406,-6.6202,66.0,0.7480916030534351,346.49772289198927,10.943637380437341,-40.17175572519084,13.78782389491263,0.0,4971.0,2.0,2.0,0.9820137900379085,0.0,0.0,0.0,0.0,0.0,0.0,0.0,0.0,0.0,0.0,0.0,81121.21767578126
321,native_learned_gate,supported_native_episode_loop,-2833.783,4.792,0.5859,-5.9638,66.0,0.7480916030534351,331.2921035310391,5.039523753001377,-44.50381679389313,4.277357473815105,0.0,4970.0,2.0,2.0,0.9820137900379085,0.0,0.0,0.0,0.0,0.0,0.0,0.0,0.0,0.0,0.0,0.0,47475.91722412109
331,native_learned_gate,supported_native_episode_loop,-3805.524,5.667,0.4203,-6.5076,66.0,0.7480916030534351,343.4336887136594,6.117986494650116,-44.19083969465649,5.139451516488187,0.0,4971.0,2.0,2.0,0.9820137900379085,0.0,0.0,0.0,0.0,0.0,0.0,0.0,0.0,0.0,0.0,0.0,619.4031410217285
341,native_learned_gate,supported_native_episode_loop,-17320.165,15.259,0.6436,-16.5462,66.0,0.7480916030534351,328.92179580329326,4.526443329230261,-44.538167938931295,4.160482172865041,0.0,4971.0,2.0,2.0,0.9820137900379085,0.0,0.0,0.0,0.0,0.0,0.0,0.0,0.0,0.0,0.0,0.0,16360.07626953125
351,native_learned_gate,supported_native_episode_loop,-16923.804,5.248,0.4705,-6.189,66.0,0.7480916030534351,340.2062035689752,6.179209465014487,-44.30534351145038,4.750079356140639,0.0,4970.0,2.0,2.0,0.9820137900379085,0.0,0.0,0.0,0.0,0.0,0.0,0.0,0.0,0.0,0.0,0.0,4157.055825805664
361,native_learned_gate,supported_native_episode_loop,-3028.322,5.679,0.3388,-6.3566,66.0,0.7480916030534351,334.7753804337887,4.9910249685427015,-44.469465648854964,4.372561796136647,0.0,4970.0,2.0,2.0,0.9820137900379085,0.0,0.0,0.0,0.0,0.0,0.0,0.0,0.0,0.0,0.0,0.0,883.2847702026368
371,native_learned_gate,supported_native_episode_loop,-2622.083,8.455,0.3905,-9.236,66.0,0.7480916030534351,345.3633992626126,7.169327437662639,-44.25190839694657,4.982172050697761,0.0,4970.0,2.0,2.0,0.9820137900379085,0.0,0.0,0.0,0.0,0.0,0.0,0.0,0.0,0.0,0.0,0.0,4697.750453948975
381,native_learned_gate,supported_native_episode_loop,-19766.528,30.268,0.6191,-31.5062,66.0,0.7480916030534351,342.39522418002133,8.063569722860018,-44.43511450381679,4.458629571812913,0.0,4971.0,2.0,2.0,0.9820137900379085,0.0,0.0,0.0,0.0,0.0,0.0,0.0,0.0,0.0,0.0,0.0,103322.24418945312
391,native_learned_gate,supported_native_episode_loop,-14583.663,5.774,0.5721,-6.918200000000001,66.0,0.7480916030534351,337.4454423385343,12.110156006892883,-44.13358778625954,5.230680347601268,0.8679309139489686,4971.0,2.0,2.0,0.9820137900379085,0.0,0.0,0.0,0.0,0.0,0.0,0.0,0.0,0.0,0.0,0.0,1356.9577621459962
401,native_learned_gate,supported_native_episode_loop,-2755.557,5.076,0.3705,-5.816999999999999,66.0,0.7480916030534351,345.9692827495493,5.294308698344113,-44.270992366412216,4.6354753628550736,0.0,4970.0,2.0,2.0,0.9820137900379085,0.0,0.0,0.0,0.0,0.0,0.0,0.0,0.0,0.0,0.0,0.0,47104.53410644531
411,native_learned_gate,supported_native_episode_loop,-20669.855,16.567,0.4115,-17.39,66.0,0.7480916030534351,337.460874963465,9.737626375685101,-44.47709923664122,4.3682418229466045,0.23076923076923078,4970.0,2.0,2.0,0.9820137900379085,0.0,0.0,0.0,0.0,0.0,0.0,0.0,0.0,0.0,0.0,0.0,53242.76870117187
421,native_learned_gate,supported_native_episode_loop,-2836.753,4.172,0.5253,-5.2226,66.0,0.7480916030534351,343.1157028919105,8.195238757727164,-44.274809160305345,4.851305695203409,0.0,4970.0,2.0,2.0,0.9820137900379085,0.0,0.0,0.0,0.0,0.0,0.0,0.0,0.0,0.0,0.0,0.0,2501.2482513427735
431,native_learned_gate,supported_native_episode_loop,-9109.401,5.042,0.4311,-5.9041999999999994,66.0,0.7480916030534351,338.99177726579984,9.11837667761051,-44.51145038167939,4.239700429093315,1.0,4972.0,2.0,2.0,0.9820137900379085,0.0,0.0,0.0,0.0,0.0,0.0,0.0,0.0,0.0,0.0,0.0,19123.392419433592
441,native_learned_gate,supported_native_episode_loop,-19720.717,40.108,0.2776,-40.663199999999996,66.0,0.7480916030534351,343.5705646904371,9.235224614883668,-44.36259541984733,4.663711392316072,0.0,4971.0,2.0,2.0,0.9820137900379085,0.0,0.0,0.0,0.0,0.0,0.0,0.0,0.0,0.0,0.0,0.0,47362.99150390625
451,native_learned_gate,supported_native_episode_loop,-2703.048,4.442,0.4856,-5.4132,66.0,0.7480916030534351,346.62900130377164,5.0094009581741945,-44.11832061068702,5.274644831235755,1.0,4970.0,2.0,2.0,0.9820137900379085,0.0,0.0,0.0,0.0,0.0,0.0,0.0,0.0,0.0,0.0,0.0,32335.015002441407
461,native_learned_gate,supported_native_episode_loop,-19104.582,6.203,0.364,-6.931,66.0,0.7480916030534351,350.00793102712913,5.695963946173643,-44.4236641221374,4.493410477493363,0.5384615384615384,4970.0,2.0,2.0,0.9820137900379085,0.0,0.0,0.0,0.0,0.0,0.0,0.0,0.0,0.0,0.0,0.0,13714.715295410157
471,native_learned_gate,supported_native_episode_loop,-19841.365,9.301,0.4813,-10.2636,66.0,0.7480916030534351,337.764455010175,6.946568033790847,-44.270992366412216,4.901222601012377,0.0,4971.0,0.0,0.0,0.0,0.0,0.0,0.0,0.0,0.0,0.0,0.0,0.0,0.0,0.0,0.0,3346.5365234375
481,native_learned_gate,supported_native_episode_loop,-3103.9,5.213,0.459,-6.131,66.0,0.7480916030534351,340.9708743793591,6.3869020708525435,-44.13740458015267,4.993527656340305,0.0,4970.0,2.0,2.0,0.9820137900379085,0.0,0.0,0.0,0.0,0.0,0.0,0.0,0.0,0.0,0.0,0.0,11483.236541748047
491,native_learned_gate,supported_native_episode_loop,-14491.899,5.198,0.5638,-6.3256000000000006,66.0,0.7480916030534351,338.46175705036745,5.176723030499368,-44.267175572519086,4.979843995657164,0.6923076923076924,4970.0,2.0,2.0,0.9820137900379085,0.0,0.0,0.0,0.0,0.0,0.0,0.0,0.0,0.0,0.0,0.0,4706.8509521484375
501,native_learned_gate,supported_native_episode_loop,-3121.56,4.7,0.4577,-5.6154,66.0,0.7480916030534351,332.9284420751433,10.53261150080067,-44.35496183206107,4.7566701057279985,0.3846153846153846,4972.0,2.0,2.0,0.9820137900379085,0.0,0.0,0.0,0.0,0.0,0.0,0.0,0.0,0.0,0.0,0.0,23773.720568847657
511,native_learned_gate,supported_native_episode_loop,-2709.404,5.706,0.4824,-6.670800000000001,66.0,0.7480916030534351,339.70220589935406,5.413347004373555,-44.1412213740458,5.308704794942783,0.0,4970.0,0.0,0.0,0.0,0.0,0.0,0.0,0.0,0.0,0.0,0.0,0.0,0.0,0.0,0.0,763.0951015472413
521,native_learned_gate,supported_native_episode_loop,-18706.819,5.818,0.6446,-7.1072,66.0,0.7480916030534351,332.64764284102756,14.40067239597188,-44.396946564885496,4.360088572027328,0.0,4972.0,2.0,2.0,0.9820137900379085,0.0,0.0,0.0,0.0,0.0,0.0,0.0,0.0,0.0,0.0,0.0,32081.888525390626
531,native_learned_gate,supported_native_episode_loop,-2820.557,7.353,0.5181,-8.389199999999999,66.0,0.7480916030534351,340.81277395617263,5.743637011683329,-44.41984732824427,4.481436176684767,0.0,4971.0,2.0,2.0,0.9820137900379085,0.0,0.0,0.0,0.0,0.0,0.0,0.0,0.0,0.0,0.0,0.0,11712.91734008789
541,native_learned_gate,supported_native_episode_loop,-15310.671,6.123,0.6089,-7.3408,66.0,0.7480916030534351,337.1873188003025,6.772198203509418,-44.396946564885496,4.5920265933230295,1.0,4972.0,0.0,0.0,0.0,0.0,0.0,0.0,0.0,0.0,0.0,0.0,0.0,0.0,0.0,0.0,35323.07789306641
551,native_learned_gate,supported_native_episode_loop,-2711.034,6.569,0.4923,-7.5536,66.0,0.7480916030534351,342.91766660178587,6.692828993035914,-44.034351145038165,4.784154363723417,0.9732971731083753,4970.0,2.0,2.0,0.9820137900379085,0.0,0.0,0.0,0.0,0.0,0.0,0.0,0.0,0.0,0.0,0.0,9876.961473083496
561,native_learned_gate,supported_native_episode_loop,-9305.636,4.889,0.4071,-5.703200000000001,66.0,0.7480916030534351,336.54412968660733,6.80313006040816,-44.465648854961835,4.372533476883643,1.0,4970.0,2.0,2.0,0.9820137900379085,0.0,0.0,0.0,0.0,0.0,0.0,0.0,0.0,0.0,0.0,0.0,47870.634765625
571,native_learned_gate,supported_native_episode_loop,-8744.783,3.608,0.5909,-4.7898,66.0,0.7480916030534351,329.8682370794942,4.304669235553817,-44.54961832061068,4.126277253949163,0.0,4970.0,2.0,2.0,0.9820137900379085,0.0,0.0,0.0,0.0,0.0,0.0,0.0,0.0,0.0,0.0,0.0,6297.859466552734
581,native_learned_gate,supported_native_episode_loop,-18913.932,6.076,0.3642,-6.804399999999999,66.0,0.7480916030534351,340.1699214603458,5.006367024540143,-44.5,4.281818476494403,0.0,4971.0,2.0,2.0,0.9820137900379085,0.0,0.0,0.0,0.0,0.0,0.0,0.0,0.0,0.0,0.0,0.0,64552.6001953125
591,native_learned_gate,supported_native_episode_loop,-18446.884,4.487,0.5167,-5.5204,66.0,0.7480916030534351,340.4021275428036,4.43285887795203,-44.534351145038165,4.1614327206997945,0.3846153846153846,4970.0,2.0,2.0,0.9820137900379085,0.0,0.0,0.0,0.0,0.0,0.0,0.0,0.0,0.0,0.0,0.0,8695.581134033204
601,native_learned_gate,supported_native_episode_loop,-13126.662,5.92,0.5112,-6.9424,66.0,0.7480916030534351,345.0466046903576,5.220790760766682,-44.32442748091603,4.796398006059052,1.0,4971.0,1.0,1.0,0.9820137900379085,0.0,0.0,0.0,0.0,0.0,0.0,0.0,0.0,0.0,0.0,0.0,7479.715472412109
611,native_learned_gate,supported_native_episode_loop,-9242.212,5.507,0.5489,-6.6048,66.0,0.7480916030534351,347.304540734831,6.044236912102664,-44.43893129770992,4.462961610723472,0.23076923076923078,4972.0,2.0,2.0,0.9820137900379085,0.0,0.0,0.0,0.0,0.0,0.0,0.0,0.0,0.0,0.0,0.0,8475.2314453125
621,native_learned_gate,supported_native_episode_loop,-3019.021,5.311,0.4511,-6.2132,66.0,0.7480916030534351,334.08484742938714,5.764521477289826,-44.14885496183206,5.3756571252808,0.0,4971.0,1.0,1.0,0.9820137900379085,0.0,0.0,0.0,0.0,0.0,0.0,0.0,0.0,0.0,0.0,0.0,4314.71086730957
631,native_learned_gate,supported_native_episode_loop,-3819.147,6.053,0.4931,-7.0392,66.0,0.7480916030534351,349.53388455316,13.58833664313814,-16.400763358778626,34.3369540237777,1.0,4970.0,2.0,2.0,0.9820137900379085,0.0,0.0,0.0,0.0,0.0,0.0,0.0,0.0,0.0,0.0,0.0,12311.462982177734
641,native_learned_gate,supported_native_episode_loop,-17152.751,7.059,0.5275,-8.114,66.0,0.7480916030534351,339.5782865704471,16.06873265201557,-39.30534351145038,12.709251982343499,1.0,4970.0,2.0,2.0,0.9820137900379085,0.0,0.0,0.0,0.0,0.0,0.0,0.0,0.0,0.0,0.0,0.0,6865.861328125
651,native_learned_gate,supported_native_episode_loop,-18252.562,4.818,0.7198,-6.2576,66.0,0.7480916030534351,334.24147639911587,5.859160378499021,-44.30916030534351,4.957051425686204,0.8461538461538461,4971.0,2.0,2.0,0.9820137900379085,0.0,0.0,0.0,0.0,0.0,0.0,0.0,0.0,0.0,0.0,0.0,28651.604638671874
661,native_learned_gate,supported_native_episode_loop,-18964.528,7.253,0.4498,-8.1526,66.0,0.7480916030534351,339.80837601727353,4.785650726616384,-44.41984732824427,4.528879676225624,0.0,4970.0,2.0,2.0,0.9820137900379085,0.0,0.0,0.0,0.0,0.0,0.0,0.0,0.0,0.0,0.0,0.0,18750.440673828125
671,native_learned_gate,supported_native_episode_loop,-14833.663,28.36,0.3982,-29.156399999999998,66.0,0.7480916030534351,341.9811122387193,4.75482999325053,-44.469465648854964,4.352438872856204,0.5384615384615384,4971.0,2.0,2.0,0.9820137900379085,0.0,0.0,0.0,0.0,0.0,0.0,0.0,0.0,0.0,0.0,0.0,105706.0861328125
681,native_learned_gate,supported_native_episode_loop,-18408.504,17.284,0.6432,-18.5704,66.0,0.7480916030534351,338.8398951686976,5.010873975688811,-44.461832061068705,4.383834948682797,0.0,4971.0,2.0,2.0,0.9820137900379085,0.0,0.0,0.0,0.0,0.0,0.0,0.0,0.0,0.0,0.0,0.0,14143.131970214843
691,native_learned_gate,supported_native_episode_loop,-11017.504,4.096,0.6296,-5.3552,66.0,0.7480916030534351,337.14989697987795,4.454201997907308,-44.43129770992366,4.493533674162735,0.0,4970.0,2.0,2.0,0.9820137900379085,0.0,0.0,0.0,0.0,0.0,0.0,0.0,0.0,0.0,0.0,0.0,14659.698071289062
701,native_learned_gate,supported_native_episode_loop,-2840.16,4.63,0.463,-5.556,66.0,0.7480916030534351,346.4252768085658,8.320164530093583,-43.47709923664122,5.999161072208743,0.0,4971.0,2.0,2.0,0.9820137900379085,0.0,0.0,0.0,0.0,0.0,0.0,0.0,0.0,0.0,0.0,0.0,473.377087020874
711,native_learned_gate,supported_native_episode_loop,-5641.51,7.614,0.5164,-8.646799999999999,66.0,0.7480916030534351,346.79541613282134,4.26979638322439,-44.347328244274806,4.678761959365785,1.0,4970.0,2.0,2.0,0.9820137900379085,0.0,0.0,0.0,0.0,0.0,0.0,0.0,0.0,0.0,0.0,0.0,5624.566018676758
721,native_learned_gate,supported_native_episode_loop,-7994.922,5.417,0.5196,-6.4562,66.0,0.7480916030534351,341.8133644443129,7.397697308482241,-44.32824427480916,4.880937758871616,0.8461538461538461,4970.0,2.0,2.0,0.9820137900379085,0.0,0.0,0.0,0.0,0.0,0.0,0.0,0.0,0.0,0.0,0.0,8230.22208251953
731,native_learned_gate,supported_native_episode_loop,-15980.481,4.323,0.661,-5.6450000000000005,66.0,0.7480916030534351,346.10869312386853,5.203938325806691,-43.85496183206107,5.537687859621945,0.0,4971.0,2.0,2.0,0.9820137900379085,0.0,0.0,0.0,0.0,0.0,0.0,0.0,0.0,0.0,0.0,0.0,67658.505078125
741,native_learned_gate,supported_native_episode_loop,-18199.78,5.63,0.5185,-6.667,66.0,0.7480916030534351,336.47195197085995,5.151721188429891,-44.270992366412216,5.009822238616569,0.0,4970.0,2.0,2.0,0.9820137900379085,0.0,0.0,0.0,0.0,0.0,0.0,0.0,0.0,0.0,0.0,0.0,80536.69914550781
751,native_learned_gate,supported_native_episode_loop,-17196.539,4.775,0.4823,-5.7396,66.0,0.7480916030534351,336.6462458685761,7.2163896839936745,-44.545801526717554,4.1447798409655,0.0,4971.0,2.0,2.0,0.9820137900379085,0.0,0.0,0.0,0.0,0.0,0.0,0.0,0.0,0.0,0.0,0.0,5111.586087036133
761,native_learned_gate,supported_native_episode_loop,-19420.732,26.205,0.3645,-26.933999999999997,66.0,0.7480916030534351,349.620546914876,5.239211538698594,-44.347328244274806,4.666509365212339,1.0,4971.0,2.0,2.0,0.9820137900379085,0.0,0.0,0.0,0.0,0.0,0.0,0.0,0.0,0.0,0.0,0.0,61182.53271484375
771,native_learned_gate,supported_native_episode_loop,-5717.733,4.127,0.4951,-5.1171999999999995,66.0,0.7480916030534351,344.7098114364437,6.9389360306315275,-44.33206106870229,4.804621934679346,0.0,4971.0,2.0,2.0,0.9820137900379085,0.0,0.0,0.0,0.0,0.0,0.0,0.0,0.0,0.0,0.0,0.0,3329.4701263427733
781,native_learned_gate,supported_native_episode_loop,-3228.891,11.102,0.4212,-11.9444,66.0,0.7480916030534351,347.73861525036756,5.348496798256823,-44.24045801526717,4.798159294422132,0.0,4971.0,2.0,2.0,0.9820137900379085,0.0,0.0,0.0,0.0,0.0,0.0,0.0,0.0,0.0,0.0,0.0,1882.6015640258788
791,native_learned_gate,supported_native_episode_loop,-9970.281,14.671,0.2909,-15.252799999999999,66.0,0.7480916030534351,336.5686335298624,6.062481642593518,-44.530534351145036,4.1724540736731415,0.5384615384615384,4971.0,1.0,1.0,0.9820137900379085,0.0,0.0,0.0,0.0,0.0,0.0,0.0,0.0,0.0,0.0,0.0,4570.069421386719
801,native_learned_gate,supported_native_episode_loop,-20504.507,20.955,0.6869,-22.328799999999998,66.0,0.7480916030534351,333.1603923965047,5.389228951170779,-44.5,4.256786229966639,1.0,4971.0,2.0,2.0,0.9820137900379085,0.0,0.0,0.0,0.0,0.0,0.0,0.0,0.0,0.0,0.0,0.0,16713.543115234374
811,native_learned_gate,supported_native_episode_loop,-2678.923,7.686,0.2857,-8.2574,66.0,0.7480916030534351,351.9976217044295,4.184548778720296,-43.9236641221374,5.899434984733239,0.0,4971.0,0.0,0.0,0.0,0.0,0.0,0.0,0.0,0.0,0.0,0.0,0.0,0.0,0.0,0.0,1693.7485061645507
821,native_learned_gate,supported_native_episode_loop,-10996.252,5.845,0.5183,-6.8816,66.0,0.7480916030534351,333.958781281197,4.763912065040073,-44.52290076335878,4.193489408312964,1.0,4971.0,2.0,2.0,0.9820137900379085,0.0,0.0,0.0,0.0,0.0,0.0,0.0,0.0,0.0,0.0,0.0,6254.393371582031
831,native_learned_gate,supported_native_episode_loop,-17933.715,4.229,0.5204,-5.2698,66.0,0.7480916030534351,336.5850292096611,9.33409880249232,-44.48854961832061,4.347266250253307,0.0,4970.0,0.0,0.0,0.0,0.0,0.0,0.0,0.0,0.0,0.0,0.0,0.0,0.0,0.0,0.0,177057.1083984375
841,native_learned_gate,supported_native_episode_loop,-18869.225,4.779,0.3592,-5.4974,66.0,0.7480916030534351,342.3529390927186,4.068026380273602,-44.48473282442748,4.3305408100193645,1.0,4970.0,2.0,2.0,0.9820137900379085,0.0,0.0,0.0,0.0,0.0,0.0,0.0,0.0,0.0,0.0,0.0,2570.9910003662108
851,native_learned_gate,supported_native_episode_loop,-2679.694,5.147,0.4189,-5.9848,66.0,0.7480916030534351,339.2115615347348,5.778509539243173,-44.43511450381679,4.458629571812913,0.3846153846153846,4971.0,0.0,0.0,0.0,0.0,0.0,0.0,0.0,0.0,0.0,0.0,0.0,0.0,0.0,0.0,18768.384857177734
861,native_learned_gate,supported_native_episode_loop,-13621.598,5.652,0.4254,-6.502800000000001,66.0,0.7480916030534351,344.5323011438355,5.450545589847783,-43.774809160305345,6.271744993933007,0.0,4970.0,0.0,0.0,0.0,0.0,0.0,0.0,0.0,0.0,0.0,0.0,0.0,0.0,0.0,0.0,45542.14057617188
871,native_learned_gate,supported_native_episode_loop,-18759.81,4.313,0.7053,-5.723599999999999,66.0,0.7480916030534351,340.4419743440988,7.440289623472113,-44.31297709923664,4.8229476423975015,0.0,4971.0,2.0,2.0,0.9820137900379085,0.0,0.0,0.0,0.0,0.0,0.0,0.0,0.0,0.0,0.0,0.0,7135.811114501953
881,native_learned_gate,supported_native_episode_loop,-2689.537,4.151,0.5459,-5.2428,66.0,0.7480916030534351,337.9500556507183,4.257095897211815,-44.16030534351145,5.363599101966206,1.0,4971.0,2.0,2.0,0.9820137900379085,0.0,0.0,0.0,0.0,0.0,0.0,0.0,0.0,0.0,0.0,0.0,11237.7060546875
891,native_learned_gate,supported_native_episode_loop,-18685.841,6.253,0.4097,-7.0724,66.0,0.7480916030534351,342.8399375436832,9.48443962465174,-44.225190839694655,5.074150077538279,0.8461538461538461,4970.0,2.0,2.0,0.9820137900379085,0.0,0.0,0.0,0.0,0.0,0.0,0.0,0.0,0.0,0.0,0.0,114374.97026367187
901,native_learned_gate,supported_native_episode_loop,-17945.263,35.111,0.6382,-36.3874,66.0,0.7480916030534351,341.48388482608266,8.8046312328136,-44.091603053435115,5.556030190344652,0.23076923076923078,4970.0,2.0,2.0,0.9820137900379085,0.0,0.0,0.0,0.0,0.0,0.0,0.0,0.0,0.0,0.0,0.0,14902.412280273438
911,native_learned_gate,supported_native_episode_loop,-18942.008,8.615,0.1609,-8.9368,66.0,0.7480916030534351,338.28017895842027,6.380960425357587,-44.267175572519086,5.115944880724324,1.0,4971.0,1.0,1.0,0.9820137900379085,0.0,0.0,0.0,0.0,0.0,0.0,0.0,0.0,0.0,0.0,0.0,50296.70869140625
921,native_learned_gate,supported_native_episode_loop,-3018.607,5.627,0.4984,-6.6238,66.0,0.7480916030534351,337.23531592298707,5.259843851360593,-44.39312977099237,4.611844870038118,0.0,4971.0,2.0,2.0,0.9820137900379085,0.0,0.0,0.0,0.0,0.0,0.0,0.0,0.0,0.0,0.0,0.0,545.5838195800782
931,native_learned_gate,supported_native_episode_loop,-4213.219,5.714,0.4507,-6.6154,66.0,0.7480916030534351,341.827325119954,5.040855402119695,-44.416030534351144,4.514460511400152,1.0,4972.0,2.0,2.0,0.9820137900379085,0.0,0.0,0.0,0.0,0.0,0.0,0.0,0.0,0.0,0.0,0.0,70305.20234375
941,native_learned_gate,supported_native_episode_loop,-19427.81,8.237,0.5742,-9.3854,66.0,0.7480916030534351,346.9759500902117,4.79110578554876,-43.86259541984733,6.122494326273092,0.0,4970.0,2.0,2.0,0.9820137900379085,0.0,0.0,0.0,0.0,0.0,0.0,0.0,0.0,0.0,0.0,0.0,6361.1873779296875
951,native_learned_gate,supported_native_episode_loop,-3093.36,4.066,0.5918,-5.2496,66.0,0.7480916030534351,340.1093214618492,13.851166024283577,-43.69083969465649,6.373237824184437,0.0,4970.0,2.0,2.0,0.9820137900379085,0.0,0.0,0.0,0.0,0.0,0.0,0.0,0.0,0.0,0.0,0.0,96918.27150878907
961,native_learned_gate,supported_native_episode_loop,-12597.097,3.952,0.6061,-5.1642,66.0,0.7480916030534351,331.2886393889216,8.408856661379854,-44.52290076335878,4.218897234544625,0.6923076923076924,4971.0,1.0,1.0,0.9820137900379085,0.0,0.0,0.0,0.0,0.0,0.0,0.0,0.0,0.0,0.0,0.0,15741.132580566406
971,native_learned_gate,supported_native_episode_loop,-8902.727,5.947,0.6336,-7.2142,66.0,0.7480916030534351,342.0837773035956,11.129258661142469,-43.656488549618324,6.511611463602717,0.0,4971.0,2.0,2.0,0.9820137900379085,0.0,0.0,0.0,0.0,0.0,0.0,0.0,0.0,0.0,0.0,0.0,11473.615362548828
981,native_learned_gate,supported_native_episode_loop,-12010.871,5.448,0.397,-6.242000000000001,66.0,0.7480916030534351,339.581705891813,4.797333851777845,-44.17175572519084,5.330049837344309,1.0,4970.0,2.0,2.0,0.9820137900379085,0.0,0.0,0.0,0.0,0.0,0.0,0.0,0.0,0.0,0.0,0.0,57728.5083984375
991,native_learned_gate,supported_native_episode_loop,-18840.92,4.284,0.6303,-5.5446,66.0,0.7480916030534351,329.01014418256193,5.010087900852518,-44.54961832061068,4.096570415273969,0.8461538461538461,4971.0,2.0,2.0,0.9820137900379085,0.0,0.0,0.0,0.0,0.0,0.0,0.0,0.0,0.0,0.0,0.0,8570.792346191407
1001,native_learned_gate,supported_native_episode_loop,-17759.668,6.304,0.5535,-7.4110000000000005,66.0,0.7480916030534351,339.4715495760375,11.788654082267106,-43.76335877862596,5.3735741031710225,0.3846153846153846,4971.0,2.0,2.0,0.9820137900379085,0.0,0.0,0.0,0.0,0.0,0.0,0.0,0.0,0.0,0.0,0.0,2030.7760467529297
1011,native_learned_gate,supported_native_episode_loop,-19155.815,5.468,0.5799,-6.6278,66.0,0.7480916030534351,328.7197364137373,5.921745717823178,-44.51145038167939,4.250489710832054,0.0,4971.0,2.0,2.0,0.9820137900379085,0.0,0.0,0.0,0.0,0.0,0.0,0.0,0.0,0.0,0.0,0.0,95052.34765625
1021,native_learned_gate,supported_native_episode_loop,-3195.88,5.625,0.5918,-6.8086,66.0,0.7480916030534351,341.3610736421653,5.910098624298323,-44.343511450381676,4.735396986133379,0.0,4970.0,1.0,1.0,0.9820137900379085,0.0,0.0,0.0,0.0,0.0,0.0,0.0,0.0,0.0,0.0,0.0,1437.7248672485352
1031,native_learned_gate,supported_native_episode_loop,-18841.358,4.575,0.4913,-5.5576,66.0,0.7480916030534351,330.96412333046817,5.3258656276521785,-44.43893129770992,4.479181231735369,1.0,4970.0,2.0,2.0,0.9820137900379085,0.0,0.0,0.0,0.0,0.0,0.0,0.0,0.0,0.0,0.0,0.0,8194.332788085938
1041,native_learned_gate,supported_native_episode_loop,-17260.874,5.118,0.4043,-5.9266000000000005,66.0,0.7480916030534351,349.6926645770934,7.042745025509605,-41.38931297709924,12.602600312733214,0.0,4973.0,2.0,2.0,0.9820137900379085,0.0,0.0,0.0,0.0,0.0,0.0,0.0,0.0,0.0,0.0,0.0,49031.06337890625
1051,native_learned_gate,supported_native_episode_loop,-2751.553,4.994,0.3424,-5.6788,66.0,0.7480916030534351,333.28050416678985,5.9941093116196456,-44.52290076335878,4.193489408312964,0.6923076923076924,4970.0,2.0,2.0,0.9820137900379085,0.0,0.0,0.0,0.0,0.0,0.0,0.0,0.0,0.0,0.0,0.0,36948.319116210936
1061,native_learned_gate,supported_native_episode_loop,-18896.193,4.163,0.5933,-5.349600000000001,66.0,0.7480916030534351,334.79336506258744,6.740689182120523,-44.465648854961835,4.363795724894276,1.0,4971.0,2.0,2.0,0.9820137900379085,0.0,0.0,0.0,0.0,0.0,0.0,0.0,0.0,0.0,0.0,0.0,15230.248510742187
1071,native_learned_gate,supported_native_episode_loop,-2753.124,3.773,0.435,-4.643,66.0,0.7480916030534351,350.5632692824186,5.371419558516868,-43.961832061068705,5.173190696955186,0.5384615384615384,4970.0,2.0,2.0,0.9820137900379085,0.0,0.0,0.0,0.0,0.0,0.0,0.0,0.0,0.0,0.0,0.0,39023.14951171875
1081,native_learned_gate,supported_native_episode_loop,-18918.475,5.031,0.5066,-6.0442,66.0,0.7480916030534351,328.3338731222177,5.0156532488304055,-44.49618320610687,4.310247058683938,0.0,4971.0,2.0,2.0,0.9820137900379085,0.0,0.0,0.0,0.0,0.0,0.0,0.0,0.0,0.0,0.0,0.0,15529.667333984375
1091,native_learned_gate,supported_native_episode_loop,-12234.622,11.376,0.6342,-12.6444,66.0,0.7480916030534351,347.49673432439056,6.026581796762587,-43.37022900763359,5.73561519167254,0.0,4971.0,0.0,0.0,0.0,0.0,0.0,0.0,0.0,0.0,0.0,0.0,0.0,0.0,0.0,0.0,20478.457641601562
1101,native_learned_gate,supported_native_episode_loop,-19002.286,4.94,0.5154,-5.9708000000000006,66.0,0.7480916030534351,343.48123486208857,5.008134604176746,-44.41984732824427,4.5229764544186715,0.0,4970.0,2.0,2.0,0.9820137900379085,0.0,0.0,0.0,0.0,0.0,0.0,0.0,0.0,0.0,0.0,0.0,30594.657177734374
1111,native_learned_gate,supported_native_episode_loop,-16193.997,4.187,0.6764,-5.5398000000000005,66.0,0.7480916030534351,336.6712534411793,4.654759252863443,-44.39312977099237,4.633312679686064,0.0,4971.0,2.0,2.0,0.9820137900379085,0.0,0.0,0.0,0.0,0.0,0.0,0.0,0.0,0.0,0.0,0.0,51124.08288574219
1121,native_learned_gate,supported_native_episode_loop,-2702.643,4.632,0.4553,-5.542599999999999,66.0,0.7480916030534351,342.46532447256203,9.916864952711668,-42.82824427480916,8.650391817531641,1.0,4971.0,2.0,2.0,0.9820137900379085,0.0,0.0,0.0,0.0,0.0,0.0,0.0,0.0,0.0,0.0,0.0,21188.70559082031
1131,native_learned_gate,supported_native_episode_loop,-2667.335,4.199,0.3854,-4.9698,66.0,0.7480916030534351,343.1746346976125,6.087306320875738,-44.20229007633588,5.205061624157351,0.5384615384615384,4971.0,1.0,1.0,0.9820137900379085,0.0,0.0,0.0,0.0,0.0,0.0,0.0,0.0,0.0,0.0,0.0,5025.265550994873
1141,native_learned_gate,supported_native_episode_loop,-20565.622,33.975,0.5083,-34.9916,66.0,0.7480916030534351,345.6973421065255,6.130314044084606,-44.3587786259542,4.701905902815629,0.23076923076923078,4970.0,2.0,2.0,0.9820137900379085,0.0,0.0,0.0,0.0,0.0,0.0,0.0,0.0,0.0,0.0,0.0,53500.88615722656
1151,native_learned_gate,supported_native_episode_loop,-18611.321,5.523,0.5113,-6.545599999999999,66.0,0.7480916030534351,329.25566199214103,5.688756112189901,-44.282442748091604,5.040711825959811,0.0,4971.0,2.0,2.0,0.9820137900379085,0.0,0.0,0.0,0.0,0.0,0.0,0.0,0.0,0.0,0.0,0.0,51363.92216796875
1161,native_learned_gate,supported_native_episode_loop,-6716.927,11.244,0.5496,-12.3432,66.0,0.7480916030534351,332.7437634525256,4.697660412497102,-44.51526717557252,4.219836350114421,1.0,4970.0,2.0,2.0,0.9820137900379085,0.0,0.0,0.0,0.0,0.0,0.0,0.0,0.0,0.0,0.0,0.0,107173.74306640626
1171,native_learned_gate,supported_native_episode_loop,-17452.688,51.716,0.6972,-53.1104,66.0,0.7480916030534351,343.22902068830933,9.474200224978546,-44.38167938931298,4.508614342181172,0.0,4970.0,2.0,2.0,0.9820137900379085,0.0,0.0,0.0,0.0,0.0,0.0,0.0,0.0,0.0,0.0,0.0,18246.01120605469
1181,native_learned_gate,supported_native_episode_loop,-8682.952,4.689,0.6101,-5.9092,66.0,0.7480916030534351,350.531498260652,6.847790076845933,-44.225190839694655,4.835347639585107,0.0,4970.0,2.0,2.0,0.9820137900379085,0.0,0.0,0.0,0.0,0.0,0.0,0.0,0.0,0.0,0.0,0.0,20121.31447753906
1191,native_learned_gate,supported_native_episode_loop,-3321.26,4.639,0.3644,-5.3678,66.0,0.7480916030534351,342.60249631131876,6.53700451460995,-44.095419847328245,5.180930427143738,0.0,4970.0,2.0,2.0,0.9820137900379085,0.0,0.0,0.0,0.0,0.0,0.0,0.0,0.0,0.0,0.0,0.0,7703.4893249511715
1201,native_learned_gate,supported_native_episode_loop,-18461.986,8.238,0.7751,-9.7882,66.0,0.7480916030534351,332.7986368555604,5.155338826095146,-44.416030534351144,4.525438139032805,1.0,4970.0,1.0,1.0,0.9820137900379085,0.0,0.0,0.0,0.0,0.0,0.0,0.0,0.0,0.0,0.0,0.0,4985.406231689453
1211,native_learned_gate,supported_native_episode_loop,-15955.659,31.401,0.5861,-32.5732,66.0,0.7480916030534351,339.70362993451477,4.821105879952616,-44.48473282442748,4.347254521555197,1.0,4971.0,2.0,2.0,0.9820137900379085,0.0,0.0,0.0,0.0,0.0,0.0,0.0,0.0,0.0,0.0,0.0,2516.7554321289062
1221,native_learned_gate,supported_native_episode_loop,-2930.166,6.39,0.3663,-7.122599999999999,66.0,0.7480916030534351,341.5013309248228,5.6066881038127905,-44.43511450381679,4.479979615277405,1.0,4971.0,2.0,2.0,0.9820137900379085,0.0,0.0,0.0,0.0,0.0,0.0,0.0,0.0,0.0,0.0,0.0,25826.13490600586
1231,native_learned_gate,supported_native_episode_loop,-11596.082,9.184,0.3815,-9.947,66.0,0.7480916030534351,339.24231975375847,5.665366421950807,-44.48854961832061,4.313774161301632,0.0,4971.0,2.0,2.0,0.9820137900379085,0.0,0.0,0.0,0.0,0.0,0.0,0.0,0.0,0.0,0.0,0.0,2152.3317321777345
1241,native_learned_gate,supported_native_episode_loop,-2708.485,5.495,0.565,-6.625,66.0,0.7480916030534351,336.2505262874768,6.623822298463077,-44.35496183206107,4.747031434622199,1.0,4971.0,2.0,2.0,0.9820137900379085,0.0,0.0,0.0,0.0,0.0,0.0,0.0,0.0,0.0,0.0,0.0,2682.834504699707
1251,native_learned_gate,supported_native_episode_loop,-11864.893,5.115,0.1855,-5.486000000000001,66.0,0.7480916030534351,333.869038665052,6.687825818292738,-44.37022900763359,4.693298692743858,0.3846153846153846,4971.0,2.0,2.0,0.9820137900379085,0.0,0.0,0.0,0.0,0.0,0.0,0.0,0.0,0.0,0.0,0.0,84945.47216796875
1261,native_learned_gate,supported_native_episode_loop,-15440.876,4.26,0.5604,-5.3808,66.0,0.7480916030534351,343.4959763119846,7.693304647718196,-44.030534351145036,4.939232148652829,0.0,4970.0,2.0,2.0,0.9820137900379085,0.0,0.0,0.0,0.0,0.0,0.0,0.0,0.0,0.0,0.0,0.0,61809.894140625
1271,native_learned_gate,supported_native_episode_loop,-18662.212,6.277,0.5562,-7.3894,66.0,0.7480916030534351,334.3686929304978,5.573996127563922,-44.42748091603053,4.522261364924548,0.2169086876723354,4969.0,2.0,2.0,0.9820137900379085,0.0,0.0,0.0,0.0,0.0,0.0,0.0,0.0,0.0,0.0,0.0,2332.411569213867
1281,native_learned_gate,supported_native_episode_loop,-14747.368,4.494,0.5623,-5.6186,66.0,0.7480916030534351,340.10040368947364,5.56186060331693,-44.49236641221374,4.270207788008094,0.0,4970.0,0.0,0.0,0.0,0.0,0.0,0.0,0.0,0.0,0.0,0.0,0.0,0.0,0.0,0.0,22541.498315429686
1291,native_learned_gate,supported_native_episode_loop,-19387.024,23.729,0.5418,-24.8126,66.0,0.7480916030534351,350.6871696140037,9.285807091214602,-41.778625954198475,6.961497246535752,0.07692307692307698,4970.0,2.0,2.0,0.9820137900379085,0.0,0.0,0.0,0.0,0.0,0.0,0.0,0.0,0.0,0.0,0.0,34901.611572265625
1301,native_learned_gate,supported_native_episode_loop,-11263.568,6.677,0.4513,-7.579599999999999,66.0,0.7480916030534351,341.16031818176424,5.514131633940801,-44.52671755725191,4.177051526445086,0.0,4970.0,2.0,2.0,0.9820137900379085,0.0,0.0,0.0,0.0,0.0,0.0,0.0,0.0,0.0,0.0,0.0,7115.715734863281
1311,native_learned_gate,supported_native_episode_loop,-18483.616,4.191,0.6401,-5.4712,66.0,0.7480916030534351,323.9672299096299,5.031886210582318,-44.49618320610687,4.296943784842856,0.0,4970.0,2.0,2.0,0.9820137900379085,0.0,0.0,0.0,0.0,0.0,0.0,0.0,0.0,0.0,0.0,0.0,4191.9840637207035
1321,native_learned_gate,supported_native_episode_loop,-18935.98,4.962,0.6129,-6.187799999999999,66.0,0.7480916030534351,334.911348998213,11.598917953679615,-44.49618320610687,4.278249705964836,0.0,4970.0,2.0,2.0,0.9820137900379085,0.0,0.0,0.0,0.0,0.0,0.0,0.0,0.0,0.0,0.0,0.0,3260.496228027344
1331,native_learned_gate,supported_native_episode_loop,-3094.311,4.3,0.4093,-5.1186,66.0,0.7480916030534351,340.0866092279061,4.135509400051584,-44.43893129770992,4.456114634578129,0.0,4970.0,2.0,2.0,0.9820137900379085,0.0,0.0,0.0,0.0,0.0,0.0,0.0,0.0,0.0,0.0,0.0,5837.07366027832
1341,native_learned_gate,supported_native_episode_loop,-17083.951,7.162,0.4688,-8.0996,66.0,0.7480916030534351,337.18103287869127,8.296843547395914,-44.51526717557252,4.225259796564532,0.0,4972.0,2.0,2.0,0.9820137900379085,0.0,0.0,0.0,0.0,0.0,0.0,0.0,0.0,0.0,0.0,0.0,6024.625335693359
1351,native_learned_gate,supported_native_episode_loop,-20826.208,41.61,0.6679,-42.9458,66.0,0.7480916030534351,335.48714325980075,5.005129856095776,-44.4236641221374,4.526416644865037,0.0,4970.0,2.0,2.0,0.9820137900379085,0.0,0.0,0.0,0.0,0.0,0.0,0.0,0.0,0.0,0.0,0.0,51882.02241210938
1361,native_learned_gate,supported_native_episode_loop,-4934.327,4.752,0.5518,-5.8556,66.0,0.7480916030534351,344.5586574481644,4.466061209610286,-44.41984732824427,4.5229764544186715,0.0,4971.0,1.0,1.0,0.9820137900379085,0.0,0.0,0.0,0.0,0.0,0.0,0.0,0.0,0.0,0.0,0.0,83598.56630859376
1371,native_learned_gate,supported_native_episode_loop,-12484.535,6.108,0.6507,-7.4094,66.0,0.7480916030534351,347.55472873096136,4.820050428043015,-43.97328244274809,5.439049148314744,1.0,4969.0,2.0,2.0,0.9820137900379085,0.0,0.0,0.0,0.0,0.0,0.0,0.0,0.0,0.0,0.0,0.0,9245.326440429688
1381,native_learned_gate,supported_native_episode_loop,-18161.04,5.222,0.6117,-6.4454,66.0,0.7480916030534351,340.8721464308164,10.384606554833546,-44.347328244274806,4.750810750323091,0.0,4971.0,2.0,2.0,0.9820137900379085,0.0,0.0,0.0,0.0,0.0,0.0,0.0,0.0,0.0,0.0,0.0,8351.69712524414
1391,native_learned_gate,supported_native_episode_loop,-2911.727,5.165,0.4682,-6.1014,66.0,0.7480916030534351,343.78310421106545,5.845217006968006,-43.36641221374046,7.22189853331516,0.0,4970.0,2.0,2.0,0.9820137900379085,0.0,0.0,0.0,0.0,0.0,0.0,0.0,0.0,0.0,0.0,0.0,7931.9957824707035
1401,native_learned_gate,supported_native_episode_loop,-2786.943,4.617,0.4471,-5.5112,66.0,0.7480916030534351,338.930282965803,4.760058950732889,-44.412213740458014,4.552275211712267,0.0,4970.0,2.0,2.0,0.9820137900379085,0.0,0.0,0.0,0.0,0.0,0.0,0.0,0.0,0.0,0.0,0.0,90.56897010803223
1411,native_learned_gate,supported_native_episode_loop,-9402.09,18.529,0.3138,-19.1566,66.0,0.7480916030534351,339.995255075452,6.726445559993868,-44.286259541984734,4.851036929504514,0.0,4970.0,2.0,2.0,0.9820137900379085,0.0,0.0,0.0,0.0,0.0,0.0,0.0,0.0,0.0,0.0,0.0,32858.04580078125
1421,native_learned_gate,supported_native_episode_loop,-20228.341,9.023,0.5714,-10.165799999999999,66.0,0.7480916030534351,338.7227186392888,6.8029911054420955,-44.56106870229008,4.058975024213428,0.0,4971.0,2.0,2.0,0.9820137900379085,0.0,0.0,0.0,0.0,0.0,0.0,0.0,0.0,0.0,0.0,0.0,98056.32880859375
1431,native_learned_gate,supported_native_episode_loop,-2797.437,3.615,0.4197,-4.454400000000001,66.0,0.7480916030534351,342.17639232066205,7.666644778716434,-44.33206106870229,4.748688323122895,0.0,4970.0,2.0,2.0,0.9820137900379085,0.0,0.0,0.0,0.0,0.0,0.0,0.0,0.0,0.0,0.0,0.0,27225.227978515624
1441,native_learned_gate,supported_native_episode_loop,-4287.657,4.951,0.4815,-5.914,66.0,0.7480916030534351,344.02741080099577,13.891977956872056,-44.39312977099237,4.547672684544801,0.3846153846153846,4971.0,2.0,2.0,0.9820137900379085,0.0,0.0,0.0,0.0,0.0,0.0,0.0,0.0,0.0,0.0,0.0,547.6680671691895
1451,native_learned_gate,supported_native_episode_loop,-12551.494,6.289,0.5832,-7.4554,66.0,0.7480916030534351,345.0263568870893,4.68815118593925,-44.267175572519086,4.969870177364931,0.0,4970.0,2.0,2.0,0.9820137900379085,0.0,0.0,0.0,0.0,0.0,0.0,0.0,0.0,0.0,0.0,0.0,8840.625537109376
1461,native_learned_gate,supported_native_episode_loop,-3075.427,4.085,0.5224,-5.1297999999999995,66.0,0.7480916030534351,345.6180231594099,5.180476958002366,-44.095419847328245,5.403071823423388,0.23076923076923078,4970.0,2.0,2.0,0.9820137900379085,0.0,0.0,0.0,0.0,0.0,0.0,0.0,0.0,0.0,0.0,0.0,12722.408407592773
1471,native_learned_gate,supported_native_episode_loop,-18887.393,5.833,0.5721,-6.9772,66.0,0.7480916030534351,348.4278135662884,8.62902905077424,-42.152671755725194,9.803779674959879,1.0,4972.0,2.0,2.0,0.9820137900379085,0.0,0.0,0.0,0.0,0.0,0.0,0.0,0.0,0.0,0.0,0.0,25209.320947265624
1481,native_learned_gate,supported_native_episode_loop,-18063.81,14.86,0.4505,-15.761,66.0,0.7480916030534351,339.9996992448283,5.637905824756239,-44.32824427480916,4.772604307845048,0.5384615384615384,4971.0,2.0,2.0,0.9820137900379085,0.0,0.0,0.0,0.0,0.0,0.0,0.0,0.0,0.0,0.0,0.0,25707.662646484376
1491,native_learned_gate,supported_native_episode_loop,-3104.984,5.14,0.5508,-6.2416,66.0,0.7480916030534351,328.56776392114074,5.538274029869088,-44.49618320610687,4.264846624416206,0.6923076923076924,4971.0,2.0,2.0,0.9820137900379085,0.0,0.0,0.0,0.0,0.0,0.0,0.0,0.0,0.0,0.0,0.0,2662.879461669922
1501,native_learned_gate,supported_native_episode_loop,-15852.38,6.128,0.6785,-7.485,66.0,0.7480916030534351,340.3341888453214,8.901690916371239,-44.16412213740458,5.006843693520101,0.0,4970.0,2.0,2.0,0.9820137900379085,0.0,0.0,0.0,0.0,0.0,0.0,0.0,0.0,0.0,0.0,0.0,5595.378259277344
1511,native_learned_gate,supported_native_episode_loop,-18866.604,4.037,0.7326,-5.5022,66.0,0.7480916030534351,348.69542097137634,7.770698719512073,-43.48473282442748,6.081331378968832,0.8461538461538461,4971.0,2.0,2.0,0.9820137900379085,0.0,0.0,0.0,0.0,0.0,0.0,0.0,0.0,0.0,0.0,0.0,58943.20693359375
1521,native_learned_gate,supported_native_episode_loop,-4663.556,3.993,0.6191,-5.231199999999999,66.0,0.7480916030534351,333.3783099030721,5.032654104372609,-44.52671755725191,4.190735409372813,0.0,4971.0,2.0,2.0,0.9820137900379085,0.0,0.0,0.0,0.0,0.0,0.0,0.0,0.0,0.0,0.0,0.0,3077.8952026367188
1531,native_learned_gate,supported_native_episode_loop,-16961.412,5.164,0.5169,-6.1978,66.0,0.7480916030534351,332.14575466291444,7.31932880221145,-44.32824427480916,4.7702045151022965,0.5384615384615384,4970.0,1.0,1.0,0.9820137900379085,0.0,0.0,0.0,0.0,0.0,0.0,0.0,0.0,0.0,0.0,0.0,2941.8184204101562
1541,native_learned_gate,supported_native_episode_loop,-2707.939,7.389,0.5822,-8.5534,66.0,0.7480916030534351,342.98759328014677,5.268502364391678,-44.286259541984734,4.835275331942472,0.804061328617184,4971.0,2.0,2.0,0.9820137900379085,0.0,0.0,0.0,0.0,0.0,0.0,0.0,0.0,0.0,0.0,0.0,533.2120429992676
1551,native_learned_gate,supported_native_episode_loop,-13684.181,5.848,0.7001,-7.2482,66.0,0.7480916030534351,349.19605640772795,3.6012022052633323,-44.29770992366412,4.865668256260166,1.0,4971.0,2.0,2.0,0.9820137900379085,0.0,0.0,0.0,0.0,0.0,0.0,0.0,0.0,0.0,0.0,0.0,8316.121258544921
1561,native_learned_gate,supported_native_episode_loop,-11551.724,10.515,0.6962,-11.9074,66.0,0.7480916030534351,338.29749840149134,5.536252512458418,-44.48091603053435,4.330525672017493,0.8461538461538461,4970.0,2.0,2.0,0.9820137900379085,0.0,0.0,0.0,0.0,0.0,0.0,0.0,0.0,0.0,0.0,0.0,34304.78913574219
1571,native_learned_gate,supported_native_episode_loop,-2872.902,4.467,0.4233,-5.313599999999999,66.0,0.7480916030534351,337.8672766148893,5.147395835663412,-44.24045801526717,5.110179612115861,0.07692307692307698,4970.0,2.0,2.0,0.9820137900379085,0.0,0.0,0.0,0.0,0.0,0.0,0.0,0.0,0.0,0.0,0.0,3979.964501953125
1581,native_learned_gate,supported_native_episode_loop,-10997.758,7.097,0.7421,-8.5812,66.0,0.7480916030534351,335.950321334373,4.942278707340919,-44.396946564885496,4.58537234382289,1.0,4971.0,0.0,0.0,0.0,0.0,0.0,0.0,0.0,0.0,0.0,0.0,0.0,0.0,0.0,0.0,15572.5375
1591,native_learned_gate,supported_native_episode_loop,-2734.448,4.137,0.549,-5.234999999999999,66.0,0.7480916030534351,334.9554248978618,7.932303281470162,-44.26335877862596,5.019362602198273,0.0,4971.0,2.0,2.0,0.9820137900379085,0.0,0.0,0.0,0.0,0.0,0.0,0.0,0.0,0.0,0.0,0.0,321.2553829193115
1601,native_learned_gate,supported_native_episode_loop,-2615.284,8.125,0.3676,-8.8602,66.0,0.7480916030534351,341.83765155720045,7.610891010000368,-44.33587786259542,4.866320909186869,0.6923076923076924,4970.0,2.0,2.0,0.9820137900379085,0.0,0.0,0.0,0.0,0.0,0.0,0.0,0.0,0.0,0.0,0.0,852.4506210327148
1611,native_learned_gate,supported_native_episode_loop,-3054.717,4.276,0.5121,-5.3002,66.0,0.7480916030534351,343.4127033305001,9.199047624631579,-44.32442748091603,4.737951236993718,0.8461538461538461,4970.0,1.0,1.0,0.9820137900379085,0.0,0.0,0.0,0.0,0.0,0.0,0.0,0.0,0.0,0.0,0.0,62066.526586914064
1621,native_learned_gate,supported_native_episode_loop,-18736.652,6.049,0.5436,-7.1362000000000005,66.0,0.7480916030534351,338.11198845637665,6.270929395045952,-44.47328244274809,4.236029114711571,0.0,4970.0,2.0,2.0,0.9820137900379085,0.0,0.0,0.0,0.0,0.0,0.0,0.0,0.0,0.0,0.0,0.0,4516.567492675781
1631,native_learned_gate,supported_native_episode_loop,-19491.548,8.775,0.6593,-10.0936,66.0,0.7480916030534351,335.44282847424876,10.782864926372103,-44.42748091603053,4.504502470770527,1.0,4969.0,2.0,2.0,0.9820137900379085,0.0,0.0,0.0,0.0,0.0,0.0,0.0,0.0,0.0,0.0,0.0,15572.999206542969
1641,native_learned_gate,supported_native_episode_loop,-18835.46,6.104,0.5763,-7.256600000000001,66.0,0.7480916030534351,340.034032834308,4.634812357375711,-44.11832061068702,5.299910722663275,0.0,4970.0,2.0,2.0,0.9820137900379085,0.0,0.0,0.0,0.0,0.0,0.0,0.0,0.0,0.0,0.0,0.0,3211.577429199219
1651,native_learned_gate,supported_native_episode_loop,-20456.247,51.44,0.2807,-52.0014,66.0,0.7480916030534351,340.2243288100828,3.5999712858106996,-44.42748091603053,4.50195976723682,0.21105247796427595,4971.0,2.0,2.0,0.9820137900379085,0.0,0.0,0.0,0.0,0.0,0.0,0.0,0.0,0.0,0.0,0.0,78449.551953125
1661,native_learned_gate,supported_native_episode_loop,-2753.482,5.403,0.4898,-6.3826,66.0,0.7480916030534351,342.76207945472714,6.369367923849532,-44.01908396946565,5.734888732940567,0.2752396983769181,4971.0,2.0,2.0,0.9820137900379085,0.0,0.0,0.0,0.0,0.0,0.0,0.0,0.0,0.0,0.0,0.0,19723.078991699218
1671,native_learned_gate,supported_native_episode_loop,-11346.02,4.427,0.5753,-5.5775999999999994,66.0,0.7480916030534351,339.60305288232314,6.567498194635353,-44.35114503816794,4.71706931936523,0.6923076923076924,4971.0,2.0,2.0,0.9820137900379085,0.0,0.0,0.0,0.0,0.0,0.0,0.0,0.0,0.0,0.0,0.0,25064.752880859374
1681,native_learned_gate,supported_native_episode_loop,-3132.808,4.761,0.4536,-5.668200000000001,66.0,0.7480916030534351,343.1595307558244,11.037026591325,-42.38167938931298,7.492447103040852,0.6923076923076924,4970.0,2.0,2.0,0.9820137900379085,0.0,0.0,0.0,0.0,0.0,0.0,0.0,0.0,0.0,0.0,0.0,1129.3729942321777
1691,native_learned_gate,supported_native_episode_loop,-15090.209,8.642,0.7665,-10.174999999999999,66.0,0.7480916030534351,336.457757849123,6.383537973623407,-44.52671755725191,4.184355166195539,0.6923076923076924,4971.0,2.0,2.0,0.9820137900379085,0.0,0.0,0.0,0.0,0.0,0.0,0.0,0.0,0.0,0.0,0.0,12241.240588378907
1701,native_learned_gate,supported_native_episode_loop,-18751.713,4.223,0.5593,-5.3416,66.0,0.7480916030534351,353.121179599554,4.770793824605269,-43.103053435114504,6.282842733503568,1.0,4970.0,2.0,2.0,0.9820137900379085,0.0,0.0,0.0,0.0,0.0,0.0,0.0,0.0,0.0,0.0,0.0,24909.874633789062
1711,native_learned_gate,supported_native_episode_loop,-19605.219,16.09,0.6051,-17.3002,66.0,0.7480916030534351,337.59129521949905,5.166549402854629,-44.232824427480914,5.073053234674958,0.0,4971.0,2.0,2.0,0.9820137900379085,0.0,0.0,0.0,0.0,0.0,0.0,0.0,0.0,0.0,0.0,0.0,221284.6609375
1721,native_learned_gate,supported_native_episode_loop,-15432.432,6.445,0.4751,-7.3952,66.0,0.7480916030534351,334.122380228261,8.405391606392751,-44.416030534351144,4.637900893869741,0.6923076923076924,4970.0,2.0,2.0,0.9820137900379085,0.0,0.0,0.0,0.0,0.0,0.0,0.0,0.0,0.0,0.0,0.0,10263.527856445313
1731,native_learned_gate,supported_native_episode_loop,-6177.058,4.556,0.424,-5.404,66.0,0.7480916030534351,344.20448732275247,4.431556408856695,-44.17557251908397,5.198327558460157,1.0,4970.0,2.0,2.0,0.9820137900379085,0.0,0.0,0.0,0.0,0.0,0.0,0.0,0.0,0.0,0.0,0.0,5432.163989257812
1741,native_learned_gate,supported_native_episode_loop,-18240.665,4.079,0.6441,-5.3671999999999995,66.0,0.7480916030534351,332.48684094425374,6.747505344214251,-44.57251908396947,4.100885278379497,1.0,4972.0,2.0,2.0,0.9820137900379085,0.0,0.0,0.0,0.0,0.0,0.0,0.0,0.0,0.0,0.0,0.0,82598.78186035156
1751,native_learned_gate,supported_native_episode_loop,-19474.498,29.879,0.5679,-31.0148,66.0,0.7480916030534351,334.340244513151,8.31892842067753,-44.465648854961835,4.4073112572087005,1.0,4972.0,2.0,2.0,0.9820137900379085,0.0,0.0,0.0,0.0,0.0,0.0,0.0,0.0,0.0,0.0,0.0,100308.23247070312
1761,native_learned_gate,supported_native_episode_loop,-3357.376,7.016,0.3659,-7.7478,66.0,0.7480916030534351,340.625820687072,5.248287876218009,-44.50763358778626,4.258572285583939,0.0,4970.0,2.0,2.0,0.9820137900379085,0.0,0.0,0.0,0.0,0.0,0.0,0.0,0.0,0.0,0.0,0.0,10847.573641967774
1771,native_learned_gate,supported_native_episode_loop,-16139.157,14.959,0.4313,-15.8216,66.0,0.7480916030534351,346.1027133667438,4.6148849970433465,-44.37022900763359,4.672923380995535,0.8461538461538461,4971.0,2.0,2.0,0.9820137900379085,0.0,0.0,0.0,0.0,0.0,0.0,0.0,0.0,0.0,0.0,0.0,75503.87678222657
1781,native_learned_gate,supported_native_episode_loop,-2788.81,4.287,0.5321,-5.3512,66.0,0.7480916030534351,343.64465159974026,5.463870388246226,-44.416030534351144,4.569084910033759,0.0,4971.0,2.0,2.0,0.9820137900379085,0.0,0.0,0.0,0.0,0.0,0.0,0.0,0.0,0.0,0.0,0.0,4660.736126708985
1791,native_learned_gate,supported_native_episode_loop,-17749.125,4.631,0.4409,-5.5128,66.0,0.7480916030534351,338.4964192336752,5.495408243979869,-44.33969465648855,4.764198215816566,1.0,4970.0,2.0,2.0,0.9820137900379085,0.0,0.0,0.0,0.0,0.0,0.0,0.0,0.0,0.0,0.0,0.0,3594.363998413086
1801,native_learned_gate,supported_native_episode_loop,-5924.201,7.163,0.4375,-8.038,66.0,0.7480916030534351,345.52110311871263,7.397934479448558,-43.25954198473283,6.76326831225144,1.0,4969.0,1.0,1.0,0.9820137900379085,0.0,0.0,0.0,0.0,0.0,0.0,0.0,0.0,0.0,0.0,0.0,6144.108459472656
1811,native_learned_gate,supported_native_episode_loop,-7979.016,6.676,0.3274,-7.3308,66.0,0.7480916030534351,332.123315448858,7.002716024166071,-44.57251908396947,4.025738819586899,1.0,4972.0,2.0,2.0,0.9820137900379085,0.0,0.0,0.0,0.0,0.0,0.0,0.0,0.0,0.0,0.0,0.0,30774.96970214844
1821,native_learned_gate,supported_native_episode_loop,-2665.125,6.601,0.4381,-7.4772,66.0,0.7480916030534351,336.3365473210963,4.179601719602462,-44.33587786259542,4.768872811627439,0.0,4971.0,2.0,2.0,0.9820137900379085,0.0,0.0,0.0,0.0,0.0,0.0,0.0,0.0,0.0,0.0,0.0,26835.38377685547
1831,native_learned_gate,supported_native_episode_loop,-12679.729,6.489,0.3947,-7.2783999999999995,66.0,0.7480916030534351,349.1304881455239,6.276400316211316,-44.44656488549618,4.427857643882894,0.8461538461538461,4971.0,2.0,2.0,0.9820137900379085,0.0,0.0,0.0,0.0,0.0,0.0,0.0,0.0,0.0,0.0,0.0,109928.3373046875
1841,native_learned_gate,supported_native_episode_loop,-18057.869,9.385,0.5529,-10.4908,66.0,0.7480916030534351,328.71915406783427,8.792783148419277,-44.545801526717554,4.1649896592154585,0.0,4970.0,2.0,2.0,0.9820137900379085,0.0,0.0,0.0,0.0,0.0,0.0,0.0,0.0,0.0,0.0,0.0,208904.61875
1851,native_learned_gate,supported_native_episode_loop,-2810.51,5.426,0.3452,-6.1164000000000005,66.0,0.7480916030534351,333.9247271423728,6.175150097786387,-44.454198473282446,4.43397293187592,0.6923076923076924,4971.0,2.0,2.0,0.9820137900379085,0.0,0.0,0.0,0.0,0.0,0.0,0.0,0.0,0.0,0.0,0.0,59350.15928955078
1861,native_learned_gate,supported_native_episode_loop,-17650.831,5.071,0.4966,-6.0642,66.0,0.7480916030534351,335.21051004046706,8.214865487172279,-44.26335877862596,4.983494989100763,0.0,4970.0,2.0,2.0,0.9820137900379085,0.0,0.0,0.0,0.0,0.0,0.0,0.0,0.0,0.0,0.0,0.0,22785.421020507812
1871,native_learned_gate,supported_native_episode_loop,-14209.036,5.307,0.733,-6.773000000000001,66.0,0.7480916030534351,338.49384147981345,5.445879610903213,-44.30152671755725,4.913441366911797,1.0,4970.0,2.0,2.0,0.9820137900379085,0.0,0.0,0.0,0.0,0.0,0.0,0.0,0.0,0.0,0.0,0.0,108002.28227539062
1881,native_learned_gate,supported_native_episode_loop,-18777.408,6.478,0.7359,-7.9498,66.0,0.7480916030534351,351.1258228312315,9.947697772725071,-42.08015267175573,7.544098546377472,1.0,4971.0,2.0,2.0,0.9820137900379085,0.0,0.0,0.0,0.0,0.0,0.0,0.0,0.0,0.0,0.0,0.0,20157.75275878906
1891,native_learned_gate,supported_native_episode_loop,-19976.286,6.927,0.5884,-8.1038,66.0,0.7480916030534351,338.98634624554,6.481288986563006,-44.38549618320611,4.610006079335705,0.0,4971.0,2.0,2.0,0.9820137900379085,0.0,0.0,0.0,0.0,0.0,0.0,0.0,0.0,0.0,0.0,0.0,43600.45170898437
1901,native_learned_gate,supported_native_episode_loop,-2797.935,4.373,0.35,-5.073,66.0,0.7480916030534351,331.9991135079139,6.691863964314695,-44.44656488549618,4.446781110622591,0.0,4970.0,2.0,2.0,0.9820137900379085,0.0,0.0,0.0,0.0,0.0,0.0,0.0,0.0,0.0,0.0,0.0,525.50922164917
1911,native_learned_gate,supported_native_episode_loop,-3959.386,4.466,0.4946,-5.4552000000000005,66.0,0.7480916030534351,329.4339100602323,4.5886213152380995,-44.595419847328245,3.981404535542278,0.0,4971.0,2.0,2.0,0.9820137900379085,0.0,0.0,0.0,0.0,0.0,0.0,0.0,0.0,0.0,0.0,0.0,3149.576365661621
1921,native_learned_gate,supported_native_episode_loop,-14821.778,12.514,0.3206,-13.155199999999999,66.0,0.7480916030534351,343.12523269817126,7.2725984303153774,-44.16793893129771,5.242446651806194,0.0,4971.0,2.0,2.0,0.9820137900379085,0.0,0.0,0.0,0.0,0.0,0.0,0.0,0.0,0.0,0.0,0.0,4433.140197753906
1931,native_learned_gate,supported_native_episode_loop,-4339.361,6.195,0.4823,-7.1596,66.0,0.7480916030534351,330.5118551428991,4.461328686202875,-44.530534351145036,4.1614624765191,0.8461538461538461,4971.0,2.0,2.0,0.9820137900379085,0.0,0.0,0.0,0.0,0.0,0.0,0.0,0.0,0.0,0.0,0.0,15971.859936523437
1941,native_learned_gate,supported_native_episode_loop,-2577.602,3.734,0.5027,-4.7394,66.0,0.7480916030534351,350.8735627648375,9.237684919425195,-12.725190839694656,37.1169090569336,1.0,4971.0,2.0,2.0,0.9820137900379085,0.0,0.0,0.0,0.0,0.0,0.0,0.0,0.0,0.0,0.0,0.0,2690.3570892333983
1951,native_learned_gate,supported_native_episode_loop,-2635.574,4.565,0.4701,-5.5052,66.0,0.7480916030534351,336.25415664155975,9.082655212594723,-44.51526717557252,4.22887156338539,0.0,4971.0,2.0,2.0,0.9820137900379085,0.0,0.0,0.0,0.0,0.0,0.0,0.0,0.0,0.0,0.0,0.0,722.6056777954102
1961,native_learned_gate,supported_native_episode_loop,-3638.365,5.096,0.4873,-6.0706,66.0,0.7480916030534351,338.9242126082949,6.583014866582804,-44.458015267175576,4.401178783779389,1.0,4971.0,2.0,2.0,0.9820137900379085,0.0,0.0,0.0,0.0,0.0,0.0,0.0,0.0,0.0,0.0,0.0,5885.5206848144535
1971,native_learned_gate,supported_native_episode_loop,-18735.582,4.42,0.5209,-5.4618,66.0,0.7480916030534351,336.69564745201717,5.005954374540386,-44.343511450381676,4.761119555886136,0.0,4971.0,2.0,2.0,0.9820137900379085,0.0,0.0,0.0,0.0,0.0,0.0,0.0,0.0,0.0,0.0,0.0,5315.880389404297
1981,native_learned_gate,supported_native_episode_loop,-18959.12,5.107,0.484,-6.075,66.0,0.7480916030534351,338.3110528945316,10.372237804626378,-43.69083969465649,6.589361659612596,0.0,4971.0,2.0,2.0,0.9820137900379085,0.0,0.0,0.0,0.0,0.0,0.0,0.0,0.0,0.0,0.0,0.0,3703.3760681152344
1991,native_learned_gate,supported_native_episode_loop,-3091.378,3.841,0.4777,-4.7964,66.0,0.7480916030534351,346.1700131290742,8.542500761580104,-43.591603053435115,5.67278945302144,0.0,4971.0,2.0,2.0,0.9820137900379085,0.0,0.0,0.0,0.0,0.0,0.0,0.0,0.0,0.0,0.0,0.0,36771.67419433594
2001,native_learned_gate,supported_native_episode_loop,-12683.663,20.957,0.5301,-22.017200000000003,66.0,0.7480916030534351,342.8106091186821,9.395553266341317,-43.213740458015266,6.09029716818154,1.0,4970.0,2.0,2.0,0.9820137900379085,0.0,0.0,0.0,0.0,0.0,0.0,0.0,0.0,0.0,0.0,0.0,50845.815625
2011,native_learned_gate,supported_native_episode_loop,-2554.502,5.32,0.4163,-6.1526000000000005,66.0,0.7480916030534351,346.8554697632448,12.80153065070638,-43.0763358778626,6.918410355087688,0.0,4970.0,2.0,2.0,0.9820137900379085,0.0,0.0,0.0,0.0,0.0,0.0,0.0,0.0,0.0,0.0,0.0,124.41848278045654
2021,native_learned_gate,supported_native_episode_loop,-18884.332,7.742,0.421,-8.584,66.0,0.7480916030534351,329.5592522053318,5.346901825284497,-44.400763358778626,4.621935686876145,0.5536536868781838,4971.0,0.0,0.0,0.0,0.0,0.0,0.0,0.0,0.0,0.0,0.0,0.0,0.0,0.0,0.0,2481.768310546875
2031,native_learned_gate,supported_native_episode_loop,-14368.045,9.138,0.462,-10.062,66.0,0.7480916030534351,336.5975791123759,11.960487146377634,-44.225190839694655,4.353516495846862,0.0,4970.0,2.0,2.0,0.9820137900379085,0.0,0.0,0.0,0.0,0.0,0.0,0.0,0.0,0.0,0.0,0.0,160594.4267578125
2041,native_learned_gate,supported_native_episode_loop,-10117.42,8.252,0.7985,-9.849,66.0,0.7480916030534351,342.3910656015078,9.536370920781728,-44.36641221374046,4.547805622797834,0.0,4971.0,2.0,2.0,0.9820137900379085,0.0,0.0,0.0,0.0,0.0,0.0,0.0,0.0,0.0,0.0,0.0,91486.2900390625
2051,native_learned_gate,supported_native_episode_loop,-17758.013,5.308,0.55,-6.4079999999999995,66.0,0.7480916030534351,340.799582508396,8.391916526015649,-44.38931297709924,4.582696494596529,0.6923076923076924,4970.0,2.0,2.0,0.9820137900379085,0.0,0.0,0.0,0.0,0.0,0.0,0.0,0.0,0.0,0.0,0.0,2347.319445800781
2061,native_learned_gate,supported_native_episode_loop,-18162.795,5.58,0.6221,-6.8242,66.0,0.7480916030534351,340.7175286763421,5.796634537632375,-44.30916030534351,4.493403993364568,1.0,4972.0,2.0,2.0,0.9820137900379085,0.0,0.0,0.0,0.0,0.0,0.0,0.0,0.0,0.0,0.0,0.0,6890.560961914062
2071,native_learned_gate,supported_native_episode_loop,-18282.672,44.359,0.5335,-45.426,66.0,0.7480916030534351,331.7547774489599,9.677468690430771,-44.538167938931295,4.138406191259817,0.0,4971.0,2.0,2.0,0.9820137900379085,0.0,0.0,0.0,0.0,0.0,0.0,0.0,0.0,0.0,0.0,0.0,53763.41655273437
2081,native_learned_gate,supported_native_episode_loop,-2871.447,4.966,0.5567,-6.0794,66.0,0.7480916030534351,336.2948105495394,8.544542422646769,-44.50381679389313,4.254990865342186,1.0,4971.0,2.0,2.0,0.9820137900379085,0.0,0.0,0.0,0.0,0.0,0.0,0.0,0.0,0.0,0.0,0.0,3346.855276489258
2091,native_learned_gate,supported_native_episode_loop,-3812.006,4.184,0.4403,-5.0646,66.0,0.7480916030534351,338.10259118723206,10.493486627850965,-44.44274809160305,4.51064949427533,0.0,4972.0,2.0,2.0,0.9820137900379085,0.0,0.0,0.0,0.0,0.0,0.0,0.0,0.0,0.0,0.0,0.0,82029.3966796875
2101,native_learned_gate,supported_native_episode_loop,-2862.359,4.46,0.4613,-5.3826,66.0,0.7480916030534351,342.53608528788203,12.102077155260703,-19.954198473282442,32.63956822126378,0.0,4970.0,1.0,1.0,0.9820137900379085,0.0,0.0,0.0,0.0,0.0,0.0,0.0,0.0,0.0,0.0,0.0,14698.305065917968
2111,native_learned_gate,supported_native_episode_loop,-11294.702,6.311,0.6965,-7.704,66.0,0.7480916030534351,341.7531521321859,5.029593994355247,-44.3206106870229,4.857931541685472,0.0,4970.0,1.0,1.0,0.9820137900379085,0.0,0.0,0.0,0.0,0.0,0.0,0.0,0.0,0.0,0.0,0.0,12705.457763671875
2121,native_learned_gate,supported_native_episode_loop,-17642.407,8.627,0.7345,-10.096,66.0,0.7480916030534351,332.0911286921901,7.01749125321726,-44.412213740458014,4.5631618691858105,0.0,4971.0,2.0,2.0,0.9820137900379085,0.0,0.0,0.0,0.0,0.0,0.0,0.0,0.0,0.0,0.0,0.0,2656.9994995117186
2131,native_learned_gate,supported_native_episode_loop,-10769.577,6.101,0.668,-7.437,66.0,0.7480916030534351,337.9386579098592,5.309881752897065,-44.2557251908397,5.006814597429143,0.0,4970.0,2.0,2.0,0.9820137900379085,0.0,0.0,0.0,0.0,0.0,0.0,0.0,0.0,0.0,0.0,0.0,14515.10352783203
2141,native_learned_gate,supported_native_episode_loop,-3163.934,4.128,0.4208,-4.9696,66.0,0.7480916030534351,332.55273007448693,7.326649050591612,-44.54961832061068,4.101226292979849,0.5384615384615384,4971.0,1.0,1.0,0.9820137900379085,0.0,0.0,0.0,0.0,0.0,0.0,0.0,0.0,0.0,0.0,0.0,11478.833367919922
2151,native_learned_gate,supported_native_episode_loop,-14649.359,4.469,0.25,-4.969,66.0,0.7480916030534351,345.3026415810785,6.046163851292537,-43.57251908396947,5.320320449441959,0.0,4971.0,0.0,0.0,0.0,0.0,0.0,0.0,0.0,0.0,0.0,0.0,0.0,0.0,0.0,0.0,2534.0517608642576
2161,native_learned_gate,supported_native_episode_loop,-18929.494,5.626,0.2729,-6.1718,66.0,0.7480916030534351,337.6663948392178,11.66851319555553,-44.29389312977099,4.9579800079842125,0.23076923076923078,4971.0,2.0,2.0,0.9820137900379085,0.0,0.0,0.0,0.0,0.0,0.0,0.0,0.0,0.0,0.0,0.0,20916.19611816406
2171,native_learned_gate,supported_native_episode_loop,-2772.286,4.618,0.4586,-5.535200000000001,66.0,0.7480916030534351,336.1942775642599,6.384436430670843,-44.538167938931295,4.134715401658565,1.0,4971.0,2.0,2.0,0.9820137900379085,0.0,0.0,0.0,0.0,0.0,0.0,0.0,0.0,0.0,0.0,0.0,195.58725395202637
2181,native_learned_gate,supported_native_episode_loop,-4687.41,8.406,0.3471,-9.100200000000001,66.0,0.7480916030534351,352.87287654509777,5.372318690082766,-41.35114503816794,7.983211070379582,0.0,4970.0,2.0,2.0,0.9820137900379085,0.0,0.0,0.0,0.0,0.0,0.0,0.0,0.0,0.0,0.0,0.0,70131.44418945312
2191,native_learned_gate,supported_native_episode_loop,-18823.146,8.315,0.4128,-9.1406,66.0,0.7480916030534351,331.91776198709886,8.094968071921928,-44.51145038167939,4.24779495956789,0.0,4971.0,2.0,2.0,0.9820137900379085,0.0,0.0,0.0,0.0,0.0,0.0,0.0,0.0,0.0,0.0,0.0,4210.8068176269535
2201,native_learned_gate,supported_native_episode_loop,-2972.086,7.933,0.4581,-8.8492,66.0,0.7480916030534351,336.23354197360635,6.6542991361752195,-44.33969465648855,4.81757563731688,0.0,4970.0,2.0,2.0,0.9820137900379085,0.0,0.0,0.0,0.0,0.0,0.0,0.0,0.0,0.0,0.0,0.0,77750.09887695312
2211,native_learned_gate,supported_native_episode_loop,-3192.209,4.6,0.5322,-5.6644,66.0,0.7480916030534351,346.3136879315054,4.198600099238319,-44.04961832061068,5.60137488637206,1.0,4971.0,2.0,2.0,0.9820137900379085,0.0,0.0,0.0,0.0,0.0,0.0,0.0,0.0,0.0,0.0,0.0,2041.0825073242188
2221,native_learned_gate,supported_native_episode_loop,-6164.416,14.084,0.5533,-15.1906,66.0,0.7480916030534351,344.7114268023549,6.066532583513298,-43.92748091603053,5.435823405608762,0.07692307692307698,4970.0,0.0,0.0,0.0,0.0,0.0,0.0,0.0,0.0,0.0,0.0,0.0,0.0,0.0,0.0,4237.246295166015
2231,native_learned_gate,supported_native_episode_loop,-17051.86,4.204,0.6996,-5.603199999999999,66.0,0.7480916030534351,341.54395736578573,7.5196221276687325,-44.48473282442748,4.347254521555197,0.0,4971.0,2.0,2.0,0.9820137900379085,0.0,0.0,0.0,0.0,0.0,0.0,0.0,0.0,0.0,0.0,0.0,2980.1890502929687
2241,native_learned_gate,supported_native_episode_loop,-5906.093,13.002,0.4343,-13.870600000000001,66.0,0.7480916030534351,334.56373445655555,5.804201006871466,-44.52290076335878,4.209840614297136,1.0,4970.0,2.0,2.0,0.9820137900379085,0.0,0.0,0.0,0.0,0.0,0.0,0.0,0.0,0.0,0.0,0.0,3781.272052001953
2251,native_learned_gate,supported_native_episode_loop,-19061.944,32.843,0.5263,-33.8956,66.0,0.7480916030534351,348.27008298383714,7.37867748368899,-44.00763358778626,4.905202384267911,0.36272758280377704,4970.0,2.0,2.0,0.9820137900379085,0.0,0.0,0.0,0.0,0.0,0.0,0.0,0.0,0.0,0.0,0.0,41433.266821289064
2261,native_learned_gate,supported_native_episode_loop,-3219.479,5.312,0.4632,-6.2384,66.0,0.7480916030534351,327.06689123342966,3.9714882949805026,-44.49236641221374,4.327916098871587,0.0,4971.0,2.0,2.0,0.9820137900379085,0.0,0.0,0.0,0.0,0.0,0.0,0.0,0.0,0.0,0.0,0.0,23342.376171875
2271,native_learned_gate,supported_native_episode_loop,-18904.611,5.092,0.6198,-6.3316,66.0,0.7480916030534351,348.42742853322403,4.101391300474423,-44.29770992366412,4.876637961647909,0.0,4971.0,2.0,2.0,0.9820137900379085,0.0,0.0,0.0,0.0,0.0,0.0,0.0,0.0,0.0,0.0,0.0,29337.014904785156
2281,native_learned_gate,supported_native_episode_loop,-17993.874,6.797,0.6012,-7.9994,66.0,0.7480916030534351,340.600695218908,4.932469835096152,-44.02671755725191,5.505310752126348,0.23076923076923078,4970.0,2.0,2.0,0.9820137900379085,0.0,0.0,0.0,0.0,0.0,0.0,0.0,0.0,0.0,0.0,0.0,33213.73021240234
2291,native_learned_gate,supported_native_episode_loop,-2974.017,4.238,0.3026,-4.8432,66.0,0.7480916030534351,348.38049378282847,5.736727302310722,-42.68320610687023,6.146030217205444,0.0,4970.0,2.0,2.0,0.9820137900379085,0.0,0.0,0.0,0.0,0.0,0.0,0.0,0.0,0.0,0.0,0.0,242.10518112182618
2301,native_learned_gate,supported_native_episode_loop,-3750.339,4.789,0.4984,-5.7858,66.0,0.7480916030534351,344.23365448204083,8.70128073592177,-44.229007633587784,4.739898677527209,0.0,4970.0,2.0,2.0,0.9820137900379085,0.0,0.0,0.0,0.0,0.0,0.0,0.0,0.0,0.0,0.0,0.0,87185.75693359374
2311,native_learned_gate,supported_native_episode_loop,-5567.827,6.21,0.6374,-7.4848,66.0,0.7480916030534351,348.95204600466195,4.643017809886012,-44.267175572519086,4.979843995657164,0.0,4971.0,2.0,2.0,0.9820137900379085,0.0,0.0,0.0,0.0,0.0,0.0,0.0,0.0,0.0,0.0,0.0,25857.851477050783
2321,native_learned_gate,supported_native_episode_loop,-20523.496,23.507,0.5336,-24.5742,66.0,0.7480916030534351,337.44829081281756,7.904397651442367,-44.3206106870229,4.857931541685472,0.5384615384615384,4970.0,2.0,2.0,0.9820137900379085,0.0,0.0,0.0,0.0,0.0,0.0,0.0,0.0,0.0,0.0,0.0,54135.684814453125
2331,native_learned_gate,supported_native_episode_loop,-17784.914,7.775,0.4599,-8.6948,66.0,0.7480916030534351,336.442513135523,7.490947273691471,-44.52671755725191,4.176137673352133,0.0,4971.0,2.0,2.0,0.9820137900379085,0.0,0.0,0.0,0.0,0.0,0.0,0.0,0.0,0.0,0.0,0.0,6723.095703125
2341,native_learned_gate,supported_native_episode_loop,-3997.743,3.382,0.4322,-4.2464,66.0,0.7480916030534351,347.65753554070875,15.162030702902102,-9.969465648854962,42.19826683812914,0.0,4971.0,2.0,2.0,0.9820137900379085,0.0,0.0,0.0,0.0,0.0,0.0,0.0,0.0,0.0,0.0,0.0,831.0474243164062
2351,native_learned_gate,supported_native_episode_loop,-3244.201,4.09,0.5798,-5.2496,66.0,0.7480916030534351,338.4460444046947,7.165066530974114,-44.469465648854964,4.348929729347756,0.0,4971.0,2.0,2.0,0.9820137900379085,0.0,0.0,0.0,0.0,0.0,0.0,0.0,0.0,0.0,0.0,0.0,309.912073135376
2361,native_learned_gate,supported_native_episode_loop,-3086.63,7.636,0.3739,-8.3838,66.0,0.7480916030534351,348.0736539408906,6.660588953511064,-43.69847328244275,5.211986840873531,0.0,4970.0,2.0,2.0,0.9820137900379085,0.0,0.0,0.0,0.0,0.0,0.0,0.0,0.0,0.0,0.0,0.0,71777.1189453125
2371,native_learned_gate,supported_native_episode_loop,-4708.689,4.562,0.5131,-5.5882000000000005,66.0,0.7480916030534351,343.6854787411277,5.20449489698203,-44.0763358778626,5.563812082989473,0.07692307692307698,4971.0,2.0,2.0,0.9820137900379085,0.0,0.0,0.0,0.0,0.0,0.0,0.0,0.0,0.0,0.0,0.0,13295.068151855468
2381,native_learned_gate,supported_native_episode_loop,-4559.205,4.112,0.3629,-4.8378,66.0,0.7480916030534351,335.5718915600813,5.0872589146505485,-44.1793893129771,5.35765440241937,0.23076923076923078,4972.0,2.0,2.0,0.9820137900379085,0.0,0.0,0.0,0.0,0.0,0.0,0.0,0.0,0.0,0.0,0.0,8384.437139892578
2391,native_learned_gate,supported_native_episode_loop,-19332.5,17.161,0.6137,-18.3884,66.0,0.7480916030534351,337.2175261162013,8.895934123994778,-44.48854961832061,4.3358375441626125,0.0,4971.0,1.0,1.0,0.9820137900379085,0.0,0.0,0.0,0.0,0.0,0.0,0.0,0.0,0.0,0.0,0.0,8553.53974609375
2401,native_learned_gate,supported_native_episode_loop,-18730.937,5.978,0.4263,-6.8306,66.0,0.7480916030534351,336.82797139995273,4.832122949906962,-43.97328244274809,6.074855251346014,0.8461538461538461,4970.0,1.0,1.0,0.9820137900379085,0.0,0.0,0.0,0.0,0.0,0.0,0.0,0.0,0.0,0.0,0.0,84470.30717773437
2411,native_learned_gate,supported_native_episode_loop,-15331.867,4.977,0.4785,-5.934,66.0,0.7480916030534351,349.4275929418836,8.645459799833693,-44.343511450381676,4.747471793815629,0.0,4970.0,2.0,2.0,0.9820137900379085,0.0,0.0,0.0,0.0,0.0,0.0,0.0,0.0,0.0,0.0,0.0,11204.280987548827
2421,native_learned_gate,supported_native_episode_loop,-2766.966,4.32,0.4558,-5.2316,66.0,0.7480916030534351,342.6558387578131,3.9908154718498534,-44.02671755725191,5.863853882502581,0.0,4971.0,2.0,2.0,0.9820137900379085,0.0,0.0,0.0,0.0,0.0,0.0,0.0,0.0,0.0,0.0,0.0,29562.694555664064
2431,native_learned_gate,supported_native_episode_loop,-18282.454,18.364,0.5829,-19.5298,66.0,0.7480916030534351,342.03661179338553,11.089479106133467,-44.26335877862596,4.9195156794274855,0.0,4970.0,2.0,2.0,0.9820137900379085,0.0,0.0,0.0,0.0,0.0,0.0,0.0,0.0,0.0,0.0,0.0,165453.6384765625
2441,native_learned_gate,supported_native_episode_loop,-18511.309,4.658,0.4931,-5.6442000000000005,66.0,0.7480916030534351,344.22883178943584,4.643920936815225,-44.37786259541985,4.649382953007358,1.0,4971.0,2.0,2.0,0.9820137900379085,0.0,0.0,0.0,0.0,0.0,0.0,0.0,0.0,0.0,0.0,0.0,2002.1862396240235
2451,native_learned_gate,supported_native_episode_loop,-2917.964,5.533,0.5172,-6.5674,66.0,0.7480916030534351,338.3190113416989,7.721794447370625,-44.45038167938932,4.4339318626607,1.0,4971.0,2.0,2.0,0.9820137900379085,0.0,0.0,0.0,0.0,0.0,0.0,0.0,0.0,0.0,0.0,0.0,3674.4940185546875
2461,native_learned_gate,supported_native_episode_loop,-20095.109,17.777,0.4949,-18.7668,66.0,0.7480916030534351,350.36939895774873,11.137613172484247,-26.427480916030536,30.889245771647435,0.6125940282848303,4971.0,2.0,2.0,0.9820137900379085,0.0,0.0,0.0,0.0,0.0,0.0,0.0,0.0,0.0,0.0,0.0,319303.4376953125
2471,native_learned_gate,supported_native_episode_loop,-17937.653,36.166,0.5538,-37.273599999999995,66.0,0.7480916030534351,344.80645162359485,6.711528526601103,-44.4236641221374,4.4746842109750515,0.23076923076923078,4971.0,0.0,0.0,0.0,0.0,0.0,0.0,0.0,0.0,0.0,0.0,0.0,0.0,0.0,0.0,8343.78662109375
2481,native_learned_gate,supported_native_episode_loop,-2969.178,4.095,0.3951,-4.885199999999999,66.0,0.7480916030534351,344.74216253405615,3.9655695992477717,-44.38167938931298,4.610737576185119,1.0,4969.0,2.0,2.0,0.9820137900379085,0.0,0.0,0.0,0.0,0.0,0.0,0.0,0.0,0.0,0.0,0.0,41455.00166015625
2491,native_learned_gate,supported_native_episode_loop,-20422.259,23.215,0.4545,-24.124,66.0,0.7480916030534351,337.79455962108295,5.4440263469084025,-44.48091603053435,4.326998757205451,0.0,4970.0,2.0,2.0,0.9820137900379085,0.0,0.0,0.0,0.0,0.0,0.0,0.0,0.0,0.0,0.0,0.0,4658.611041259765
2501,native_learned_gate,supported_native_episode_loop,-8941.185,15.962,0.7616,-17.4852,66.0,0.7480916030534351,326.74193793435137,5.222888106831433,-44.50763358778626,4.262155823370216,0.0,4971.0,2.0,2.0,0.9820137900379085,0.0,0.0,0.0,0.0,0.0,0.0,0.0,0.0,0.0,0.0,0.0,21664.580493164063
2511,native_learned_gate,supported_native_episode_loop,-19121.825,7.769,0.4589,-8.6868,66.0,0.7480916030534351,336.3360983097523,4.944713382122787,-44.49618320610687,4.302270030671856,0.0,4971.0,2.0,2.0,0.9820137900379085,0.0,0.0,0.0,0.0,0.0,0.0,0.0,0.0,0.0,0.0,0.0,3017.077258300781
2521,native_learned_gate,supported_native_episode_loop,-17325.837,35.692,0.2612,-36.2144,66.0,0.7480916030534351,339.2753532225242,5.739575494732192,-44.43893129770992,4.460395226370941,0.3846153846153846,4969.0,2.0,2.0,0.9820137900379085,0.0,0.0,0.0,0.0,0.0,0.0,0.0,0.0,0.0,0.0,0.0,20312.114697265624
2531,native_learned_gate,supported_native_episode_loop,-19368.672,20.552,0.6921,-21.9362,66.0,0.7480916030534351,346.34387021687337,4.6874690152276175,-43.99618320610687,5.795825091004688,0.0,4970.0,2.0,2.0,0.9820137900379085,0.0,0.0,0.0,0.0,0.0,0.0,0.0,0.0,0.0,0.0,0.0,60852.258056640625
2541,native_learned_gate,supported_native_episode_loop,-3955.097,7.137,0.4685,-8.074,66.0,0.7480916030534351,349.4546159987042,6.127143157057605,-44.461832061068705,4.304763170782958,1.0,4971.0,2.0,2.0,0.9820137900379085,0.0,0.0,0.0,0.0,0.0,0.0,0.0,0.0,0.0,0.0,0.0,17575.84623413086
2551,native_learned_gate,supported_native_episode_loop,-16498.94,4.988,0.345,-5.678000000000001,66.0,0.7480916030534351,335.87903836539573,11.257994739313602,-43.767175572519086,5.4474581613405695,0.5384615384615384,4970.0,2.0,2.0,0.9820137900379085,0.0,0.0,0.0,0.0,0.0,0.0,0.0,0.0,0.0,0.0,0.0,1710.9186218261718
2561,native_learned_gate,supported_native_episode_loop,-18298.237,23.097,0.4555,-24.008000000000003,66.0,0.7480916030534351,335.5068782324251,5.876485992990091,-44.16793893129771,5.309724151135924,0.0,4971.0,2.0,2.0,0.9820137900379085,0.0,0.0,0.0,0.0,0.0,0.0,0.0,0.0,0.0,0.0,0.0,117405.7412109375
2571,native_learned_gate,supported_native_episode_loop,-15682.847,40.533,0.4964,-41.525800000000004,66.0,0.7480916030534351,341.44088949508034,10.779848622318926,-44.50381679389313,4.263056363012548,0.0,4971.0,2.0,2.0,0.9820137900379085,0.0,0.0,0.0,0.0,0.0,0.0,0.0,0.0,0.0,0.0,0.0,90256.74423828124
2581,native_learned_gate,supported_native_episode_loop,-20000.812,19.038,0.3484,-19.7348,66.0,0.7480916030534351,337.9540684892325,13.523997293930176,-41.97709923664122,7.170726803001342,0.23076923076923078,4970.0,0.0,0.0,0.0,0.0,0.0,0.0,0.0,0.0,0.0,0.0,0.0,0.0,0.0,0.0,17083.19765625
2591,native_learned_gate,supported_native_episode_loop,-2571.692,7.454,0.3677,-8.1894,66.0,0.7480916030534351,333.3679953647328,5.200785983708252,-44.30916030534351,4.92150523709258,0.0,4970.0,2.0,2.0,0.9820137900379085,0.0,0.0,0.0,0.0,0.0,0.0,0.0,0.0,0.0,0.0,0.0,3177.23610534668
2601,native_learned_gate,supported_native_episode_loop,-2779.246,6.001,0.4624,-6.925800000000001,66.0,0.7480916030534351,345.8628670761072,7.651357067695956,-38.213740458015266,13.340524059877856,0.0,4970.0,2.0,2.0,0.9820137900379085,0.0,0.0,0.0,0.0,0.0,0.0,0.0,0.0,0.0,0.0,0.0,918.6707382202148
2611,native_learned_gate,supported_native_episode_loop,-18943.877,5.554,0.5714,-6.6968000000000005,66.0,0.7480916030534351,338.9770699905871,5.42382024357159,-44.416030534351144,4.554861789641019,0.0,4970.0,2.0,2.0,0.9820137900379085,0.0,0.0,0.0,0.0,0.0,0.0,0.0,0.0,0.0,0.0,0.0,5061.43921508789
2621,native_learned_gate,supported_native_episode_loop,-12029.137,15.368,0.4438,-16.2556,66.0,0.7480916030534351,336.3884752433719,5.205801601302237,-44.24809160305343,5.073834257043166,1.0,4970.0,2.0,2.0,0.9820137900379085,0.0,0.0,0.0,0.0,0.0,0.0,0.0,0.0,0.0,0.0,0.0,1859.949853515625
2631,native_learned_gate,supported_native_episode_loop,-15879.922,5.699,0.6744,-7.0478,66.0,0.7480916030534351,342.2214800577241,6.674235960906177,-44.48854961832061,4.299594179702712,0.0,4970.0,2.0,2.0,0.9820137900379085,0.0,0.0,0.0,0.0,0.0,0.0,0.0,0.0,0.0,0.0,0.0,13819.8931640625
2641,native_learned_gate,supported_native_episode_loop,-2562.271,5.039,0.5418,-6.122599999999999,66.0,0.7480916030534351,346.12939786792714,5.783407767793141,-43.93893129770992,5.391901936373026,1.0,4971.0,2.0,2.0,0.9820137900379085,0.0,0.0,0.0,0.0,0.0,0.0,0.0,0.0,0.0,0.0,0.0,6255.2912109375
2651,native_learned_gate,supported_native_episode_loop,-2657.201,4.052,0.4076,-4.8671999999999995,66.0,0.7480916030534351,340.0614795765198,6.779769585277723,-44.38167938931298,4.62643914521572,1.0,4971.0,1.0,1.0,0.9820137900379085,0.0,0.0,0.0,0.0,0.0,0.0,0.0,0.0,0.0,0.0,0.0,3637.033822631836
2661,native_learned_gate,supported_native_episode_loop,-3100.89,5.901,0.4241,-6.7492,66.0,0.7480916030534351,341.2626090742477,10.819194727052595,-44.18702290076336,5.196826643964033,0.0,4970.0,2.0,2.0,0.9820137900379085,0.0,0.0,0.0,0.0,0.0,0.0,0.0,0.0,0.0,0.0,0.0,2604.2482398986817
2671,native_learned_gate,supported_native_episode_loop,-2781.98,4.331,0.515,-5.361000000000001,66.0,0.7480916030534351,332.4178223571098,6.969298671052896,-44.469465648854964,4.3498072806264645,0.0,4971.0,2.0,2.0,0.9820137900379085,0.0,0.0,0.0,0.0,0.0,0.0,0.0,0.0,0.0,0.0,0.0,69299.72038574218
2681,native_learned_gate,supported_native_episode_loop,-20517.542,41.66,0.5834,-42.8268,66.0,0.7480916030534351,346.4969372554893,4.334183126760065,-44.17557251908397,5.1385103672522945,0.5384615384615384,4970.0,2.0,2.0,0.9820137900379085,0.0,0.0,0.0,0.0,0.0,0.0,0.0,0.0,0.0,0.0,0.0,156748.04995117188
2691,native_learned_gate,supported_native_episode_loop,-4765.827,8.255,0.5629,-9.3808,66.0,0.7480916030534351,342.4238719985268,8.562743857120665,-44.06106870229008,5.204601201536551,0.5666260790513449,4970.0,2.0,2.0,0.9820137900379085,0.0,0.0,0.0,0.0,0.0,0.0,0.0,0.0,0.0,0.0,0.0,10840.902551269532
2701,native_learned_gate,supported_native_episode_loop,-5498.327,10.17,0.2873,-10.7446,66.0,0.7480916030534351,336.52694837761896,4.763578039963097,-44.25954198473283,5.196281386553012,1.0,4971.0,2.0,2.0,0.9820137900379085,0.0,0.0,0.0,0.0,0.0,0.0,0.0,0.0,0.0,0.0,0.0,15114.878698730468
2711,native_learned_gate,supported_native_episode_loop,-11935.03,4.202,0.6063,-5.4146,66.0,0.7480916030534351,331.2918596313807,4.3094206334117615,-44.50381679389313,4.281816775357538,0.6923076923076924,4971.0,2.0,2.0,0.9820137900379085,0.0,0.0,0.0,0.0,0.0,0.0,0.0,0.0,0.0,0.0,0.0,1109.3989303588867
2721,native_learned_gate,supported_native_episode_loop,-2663.052,3.944,0.3365,-4.617,66.0,0.7480916030534351,339.9250267638505,6.914281803187488,-44.454198473282446,4.398538264170463,1.0,4971.0,2.0,2.0,0.9820137900379085,0.0,0.0,0.0,0.0,0.0,0.0,0.0,0.0,0.0,0.0,0.0,21539.35889892578
2731,native_learned_gate,supported_native_episode_loop,-2775.889,4.239,0.3363,-4.9116,66.0,0.7480916030534351,336.53040728374896,4.788200761301599,-44.37404580152672,4.702339644826477,0.23076923076923078,4970.0,2.0,2.0,0.9820137900379085,0.0,0.0,0.0,0.0,0.0,0.0,0.0,0.0,0.0,0.0,0.0,21017.304528808592
2741,native_learned_gate,supported_native_episode_loop,-2694.841,4.747,0.4097,-5.5664,66.0,0.7480916030534351,346.77241631935874,7.04386231545274,-40.99618320610687,11.935736989945493,0.07692307692307698,4971.0,2.0,2.0,0.9820137900379085,0.0,0.0,0.0,0.0,0.0,0.0,0.0,0.0,0.0,0.0,0.0,6724.948693847657
2751,native_learned_gate,supported_native_episode_loop,-18865.345,21.366,0.6133,-22.5926,66.0,0.7480916030534351,344.6610231698659,8.657721980652866,-44.282442748091604,4.883802187228116,0.33803198081545727,4970.0,2.0,2.0,0.9820137900379085,0.0,0.0,0.0,0.0,0.0,0.0,0.0,0.0,0.0,0.0,0.0,25905.27041015625
2761,native_learned_gate,supported_native_episode_loop,-3175.844,5.62,0.5422,-6.7044,66.0,0.7480916030534351,339.1117900249916,8.93917655726032,-44.36641221374046,4.733680050705398,0.0,4970.0,2.0,2.0,0.9820137900379085,0.0,0.0,0.0,0.0,0.0,0.0,0.0,0.0,0.0,0.0,0.0,40765.62080078125
2771,native_learned_gate,supported_native_episode_loop,-18927.262,7.227,0.4501,-8.1272,66.0,0.7480916030534351,332.56167687492365,6.654322051555785,-44.56488549618321,4.04667281414639,1.0,4970.0,2.0,2.0,0.9820137900379085,0.0,0.0,0.0,0.0,0.0,0.0,0.0,0.0,0.0,0.0,0.0,6036.048669433594
2781,native_learned_gate,supported_native_episode_loop,-2957.637,4.545,0.5007,-5.5464,66.0,0.7480916030534351,334.0087708330033,5.432581363416638,-44.51145038167939,4.254080057196172,0.0,4970.0,2.0,2.0,0.9820137900379085,0.0,0.0,0.0,0.0,0.0,0.0,0.0,0.0,0.0,0.0,0.0,2071.738265991211
2791,native_learned_gate,supported_native_episode_loop,-3217.743,5.029,0.5335,-6.096,66.0,0.7480916030534351,344.60516692221773,4.177152793974144,-44.38931297709924,4.60595783953811,0.3846153846153846,4971.0,2.0,2.0,0.9820137900379085,0.0,0.0,0.0,0.0,0.0,0.0,0.0,0.0,0.0,0.0,0.0,375.0954223632813
2801,native_learned_gate,supported_native_episode_loop,-11561.778,6.909,0.2635,-7.436,66.0,0.7480916030534351,337.03218939504546,6.9554505655871335,-44.44656488549618,4.433026600552915,0.6923076923076924,4972.0,2.0,2.0,0.9820137900379085,0.0,0.0,0.0,0.0,0.0,0.0,0.0,0.0,0.0,0.0,0.0,8371.662899780273
2811,native_learned_gate,supported_native_episode_loop,-17298.662,29.065,0.5441,-30.153200000000002,66.0,0.7480916030534351,339.80358376536356,6.571581047554008,-44.541984732824424,4.152180595111851,1.0,4971.0,2.0,2.0,0.9820137900379085,0.0,0.0,0.0,0.0,0.0,0.0,0.0,0.0,0.0,0.0,0.0,3446.829699707031
2821,native_learned_gate,supported_native_episode_loop,-18786.303,28.13,0.5279,-29.1858,66.0,0.7480916030534351,338.8506133145655,12.766371787750256,-43.94656488549618,5.236852643006915,1.0,4971.0,2.0,2.0,0.9820137900379085,0.0,0.0,0.0,0.0,0.0,0.0,0.0,0.0,0.0,0.0,0.0,3001.657818603516
2831,native_learned_gate,supported_native_episode_loop,-18096.542,4.6,0.6706,-5.941199999999999,66.0,0.7480916030534351,342.5527597180153,7.0887736220041475,-43.75954198473283,6.5422441538701355,1.0,4971.0,2.0,2.0,0.9820137900379085,0.0,0.0,0.0,0.0,0.0,0.0,0.0,0.0,0.0,0.0,0.0,14376.689520263672
2841,native_learned_gate,supported_native_episode_loop,-13624.568,17.742,0.3782,-18.4984,66.0,0.7480916030534351,332.8064633862056,5.391413510605625,-44.534351145038165,4.169679193773453,0.0,4971.0,2.0,2.0,0.9820137900379085,0.0,0.0,0.0,0.0,0.0,0.0,0.0,0.0,0.0,0.0,0.0,34930.56796875
2851,native_learned_gate,supported_native_episode_loop,-18193.938,6.118,0.4189,-6.9558,66.0,0.7480916030534351,335.2896972568815,5.712574456978504,-44.3587786259542,4.7648020909855955,0.0,4971.0,2.0,2.0,0.9820137900379085,0.0,0.0,0.0,0.0,0.0,0.0,0.0,0.0,0.0,0.0,0.0,18113.659289550782
2861,native_learned_gate,supported_native_episode_loop,-3272.021,6.548,0.4163,-7.3806,66.0,0.7480916030534351,337.26365471611194,6.436292884881626,-44.4236641221374,4.511213036729543,0.0,4971.0,2.0,2.0,0.9820137900379085,0.0,0.0,0.0,0.0,0.0,0.0,0.0,0.0,0.0,0.0,0.0,58663.1611328125
2871,native_learned_gate,supported_native_episode_loop,-10715.297,6.053,0.5848,-7.2226,66.0,0.7480916030534351,348.99586936354484,6.009747650641129,-44.270992366412216,4.660930493046472,0.0,4970.0,2.0,2.0,0.9820137900379085,0.0,0.0,0.0,0.0,0.0,0.0,0.0,0.0,0.0,0.0,0.0,10862.3146484375
2881,native_learned_gate,supported_native_episode_loop,-2621.827,5.511,0.4613,-6.4336,66.0,0.7480916030534351,334.67074994943823,4.924975174749495,-44.454198473282446,4.400273404794778,1.0,4970.0,2.0,2.0,0.9820137900379085,0.0,0.0,0.0,0.0,0.0,0.0,0.0,0.0,0.0,0.0,0.0,2984.4283462524413
2891,native_learned_gate,supported_native_episode_loop,-12322.293,15.955,0.6085,-17.172,66.0,0.7480916030534351,332.9890077629768,5.306975359930615,-44.37786259541985,4.682919916350486,0.0,4970.0,2.0,2.0,0.9820137900379085,0.0,0.0,0.0,0.0,0.0,0.0,0.0,0.0,0.0,0.0,0.0,4152.685321044922
2901,native_learned_gate,supported_native_episode_loop,-17122.419,7.611,0.6902,-8.9914,66.0,0.7480916030534351,348.3915728375127,7.29186691815583,-44.38549618320611,4.590924039061003,0.0,4971.0,2.0,2.0,0.9820137900379085,0.0,0.0,0.0,0.0,0.0,0.0,0.0,0.0,0.0,0.0,0.0,7624.098559570312
2911,native_learned_gate,supported_native_episode_loop,-10750.51,4.272,0.3915,-5.055000000000001,66.0,0.7480916030534351,330.9779113143455,3.9441746109584397,-44.41984732824427,4.541503598867164,0.3846153846153846,4971.0,2.0,2.0,0.9820137900379085,0.0,0.0,0.0,0.0,0.0,0.0,0.0,0.0,0.0,0.0,0.0,15919.084997558593
2921,native_learned_gate,supported_native_episode_loop,-3416.812,6.572,0.2792,-7.1304,66.0,0.7480916030534351,337.81573869309017,5.828604796404944,-44.16030534351145,5.368578065104065,0.3846153846153846,4970.0,1.0,1.0,0.9820137900379085,0.0,0.0,0.0,0.0,0.0,0.0,0.0,0.0,0.0,0.0,0.0,11295.618225097656
2931,native_learned_gate,supported_native_episode_loop,-18817.75,4.427,0.5325,-5.491999999999999,66.0,0.7480916030534351,340.66920829670875,10.134421474555714,-44.50763358778626,4.2567793854005505,0.0,4971.0,2.0,2.0,0.9820137900379085,0.0,0.0,0.0,0.0,0.0,0.0,0.0,0.0,0.0,0.0,0.0,5209.987811279297
2941,native_learned_gate,supported_native_episode_loop,-18724.621,6.129,0.7071,-7.5432,66.0,0.7480916030534351,344.5083215024787,6.615100999345858,-44.14503816793893,4.774490320753691,0.0,4971.0,2.0,2.0,0.9820137900379085,0.0,0.0,0.0,0.0,0.0,0.0,0.0,0.0,0.0,0.0,0.0,48008.77470703125
2951,native_learned_gate,supported_native_episode_loop,-6200.832,5.105,0.6258,-6.3566,66.0,0.7480916030534351,346.2025583064018,5.338978228982011,-44.267175572519086,5.069478235465789,0.23076923076923078,4970.0,2.0,2.0,0.9820137900379085,0.0,0.0,0.0,0.0,0.0,0.0,0.0,0.0,0.0,0.0,0.0,1453.7502746582031
2961,native_learned_gate,supported_native_episode_loop,-7868.317,7.186,0.4878,-8.1616,66.0,0.7480916030534351,342.38418036853994,8.217830512540488,-44.37404580152672,4.603907861909885,1.0,4970.0,2.0,2.0,0.9820137900379085,0.0,0.0,0.0,0.0,0.0,0.0,0.0,0.0,0.0,0.0,0.0,15396.17537841797
2971,native_learned_gate,supported_native_episode_loop,-20367.944,40.756,0.3335,-41.423,66.0,0.7480916030534351,341.4157925782919,5.656721951265421,-43.89312977099237,6.013663714678085,0.0,4969.0,2.0,2.0,0.9820137900379085,0.0,0.0,0.0,0.0,0.0,0.0,0.0,0.0,0.0,0.0,0.0,97136.20146484375
2981,native_learned_gate,supported_native_episode_loop,-17855.666,5.154,0.5683,-6.2905999999999995,66.0,0.7480916030534351,338.4790184784633,7.665067517050527,-44.29007633587786,4.506972629631687,0.0,4970.0,2.0,2.0,0.9820137900379085,0.0,0.0,0.0,0.0,0.0,0.0,0.0,0.0,0.0,0.0,0.0,3552.217669677734
2991,native_learned_gate,supported_native_episode_loop,-3148.259,8.363,0.4493,-9.2616,66.0,0.7480916030534351,336.13170121429306,10.406529684006772,-44.18702290076336,5.180643612150594,0.0,4970.0,2.0,2.0,0.9820137900379085,0.0,0.0,0.0,0.0,0.0,0.0,0.0,0.0,0.0,0.0,0.0,872.060920715332
3001,native_learned_gate,supported_native_episode_loop,-20333.955,12.271,0.5332,-13.3374,66.0,0.7480916030534351,334.96087330437194,5.765353331542933,-44.534351145038165,4.169679193773453,0.0,4971.0,2.0,2.0,0.9820137900379085,0.0,0.0,0.0,0.0,0.0,0.0,0.0,0.0,0.0,0.0,0.0,22449.065551757812
3011,native_learned_gate,supported_native_episode_loop,-2948.826,4.047,0.3917,-4.8304,66.0,0.7480916030534351,343.3313955987531,4.562618848164557,-44.412213740458014,4.538840402414455,0.07692307692307698,4972.0,0.0,0.0,0.0,0.0,0.0,0.0,0.0,0.0,0.0,0.0,0.0,0.0,0.0,0.0,7094.209634399414
3021,native_learned_gate,supported_native_episode_loop,-18813.923,6.553,0.663,-7.879,66.0,0.7480916030534351,342.1387550706021,6.254554229460299,-43.87786259541985,5.827708099334047,0.5384615384615384,4970.0,2.0,2.0,0.9820137900379085,0.0,0.0,0.0,0.0,0.0,0.0,0.0,0.0,0.0,0.0,0.0,1989.4098388671875
3031,native_learned_gate,supported_native_episode_loop,-20460.608,38.462,0.576,-39.614000000000004,66.0,0.7480916030534351,344.2427059706234,6.339252047367086,-44.20229007633588,5.087133382688161,0.8461538461538461,4971.0,2.0,2.0,0.9820137900379085,0.0,0.0,0.0,0.0,0.0,0.0,0.0,0.0,0.0,0.0,0.0,264398.766015625
3041,native_learned_gate,supported_native_episode_loop,-14365.19,5.975,0.3856,-6.7462,66.0,0.7480916030534351,345.59752000476266,5.1866409049414255,-44.31297709923664,4.867847415965748,0.0,4971.0,2.0,2.0,0.9820137900379085,0.0,0.0,0.0,0.0,0.0,0.0,0.0,0.0,0.0,0.0,0.0,20546.950317382812
3051,native_learned_gate,supported_native_episode_loop,-3340.273,5.516,0.4019,-6.3198,66.0,0.7480916030534351,340.13992135747986,11.512667473570211,-43.954198473282446,5.317208984087017,0.6923076923076924,4972.0,2.0,2.0,0.9820137900379085,0.0,0.0,0.0,0.0,0.0,0.0,0.0,0.0,0.0,0.0,0.0,14122.002587890625
3061,native_learned_gate,supported_native_episode_loop,-6991.771,9.288,0.542,-10.372,66.0,0.7480916030534351,347.33481953486836,6.385386993287878,-44.37786259541985,4.586568343757638,0.0,4971.0,2.0,2.0,0.9820137900379085,0.0,0.0,0.0,0.0,0.0,0.0,0.0,0.0,0.0,0.0,0.0,112852.32998046876
3071,native_learned_gate,supported_native_episode_loop,-18675.565,5.815,0.5438,-6.9026000000000005,66.0,0.7480916030534351,343.6698282784178,7.956135892106846,-43.97709923664122,5.66624618103072,0.0,4971.0,0.0,0.0,0.0,0.0,0.0,0.0,0.0,0.0,0.0,0.0,0.0,0.0,0.0,0.0,43999.65606689453
3081,native_learned_gate,supported_native_episode_loop,-3972.562,9.505,0.3981,-10.301200000000001,66.0,0.7480916030534351,344.05189311751957,4.279594430809119,-44.400763358778626,4.5512014382783805,1.0,4971.0,2.0,2.0,0.9820137900379085,0.0,0.0,0.0,0.0,0.0,0.0,0.0,0.0,0.0,0.0,0.0,12057.43464050293
3091,native_learned_gate,supported_native_episode_loop,-12046.688,4.505,0.5387,-5.5824,66.0,0.7480916030534351,340.31471372427984,9.323379760746075,-44.29389312977099,4.871779707180561,0.5384615384615384,4970.0,2.0,2.0,0.9820137900379085,0.0,0.0,0.0,0.0,0.0,0.0,0.0,0.0,0.0,0.0,0.0,3986.4418853759767
3101,native_learned_gate,supported_native_episode_loop,-2982.517,5.644,0.4677,-6.5794,66.0,0.7480916030534351,345.6423661542303,6.012290083228539,-44.30152671755725,4.857975023943169,0.0,4970.0,0.0,0.0,0.0,0.0,0.0,0.0,0.0,0.0,0.0,0.0,0.0,0.0,0.0,0.0,2015.679409790039
3111,native_learned_gate,supported_native_episode_loop,-2922.943,3.832,0.5331,-4.8982,66.0,0.7480916030534351,340.9224727943653,4.4592829562423235,-44.30152671755725,4.8916424243872125,0.0,4971.0,2.0,2.0,0.9820137900379085,0.0,0.0,0.0,0.0,0.0,0.0,0.0,0.0,0.0,0.0,0.0,10390.818725585938
3121,native_learned_gate,supported_native_episode_loop,-13769.05,8.327,0.4253,-9.1776,66.0,0.7480916030534351,350.8218859866526,11.393348372300588,-26.68702290076336,29.657995580010173,0.8389281234710584,4970.0,2.0,2.0,0.9820137900379085,0.0,0.0,0.0,0.0,0.0,0.0,0.0,0.0,0.0,0.0,0.0,11397.623657226562
3131,native_learned_gate,supported_native_episode_loop,-7885.096,5.152,0.6475,-6.447,66.0,0.7480916030534351,330.617736853443,4.961507355656133,-44.29770992366412,4.945033218713128,0.07692307692307698,4970.0,2.0,2.0,0.9820137900379085,0.0,0.0,0.0,0.0,0.0,0.0,0.0,0.0,0.0,0.0,0.0,1187.4276168823242
3141,native_learned_gate,supported_native_episode_loop,-17080.942,4.036,0.3541,-4.744199999999999,66.0,0.7480916030534351,325.85462408502593,4.079479451880734,-44.51908396946565,4.242372850795046,0.0,4971.0,2.0,2.0,0.9820137900379085,0.0,0.0,0.0,0.0,0.0,0.0,0.0,0.0,0.0,0.0,0.0,10516.0328125
3151,native_learned_gate,supported_native_episode_loop,-17092.419,21.09,0.4845,-22.059,66.0,0.7480916030534351,335.3169348255672,5.820246395993684,-44.538167938931295,4.1439362121749825,0.23076923076923078,4971.0,2.0,2.0,0.9820137900379085,0.0,0.0,0.0,0.0,0.0,0.0,0.0,0.0,0.0,0.0,0.0,14149.752575683593
3161,native_learned_gate,supported_native_episode_loop,-6545.699,4.461,0.4306,-5.3222000000000005,66.0,0.7480916030534351,345.36769948592246,8.50216572167493,-44.0763358778626,5.230734656574678,0.0,4970.0,2.0,2.0,0.9820137900379085,0.0,0.0,0.0,0.0,0.0,0.0,0.0,0.0,0.0,0.0,0.0,5174.586755371094
3171,native_learned_gate,supported_native_episode_loop,-2646.057,6.65,0.5411,-7.732200000000001,66.0,0.7480916030534351,339.7628525910183,5.442716018025235,-44.534351145038165,4.1614327206997945,0.6923076923076924,4971.0,0.0,0.0,0.0,0.0,0.0,0.0,0.0,0.0,0.0,0.0,0.0,0.0,0.0,0.0,8906.9908203125
3181,native_learned_gate,supported_native_episode_loop,-18626.303,7.101,0.6192,-8.3394,66.0,0.7480916030534351,352.91638059421194,5.117084847722834,-43.595419847328245,7.011200010489432,0.07692307692307698,4972.0,2.0,2.0,0.9820137900379085,0.0,0.0,0.0,0.0,0.0,0.0,0.0,0.0,0.0,0.0,0.0,14085.9376953125
3191,native_learned_gate,supported_native_episode_loop,-7919.208,5.407,0.5167,-6.4404,66.0,0.7480916030534351,344.8715236061629,10.669632408540677,-41.52671755725191,8.187523784033804,0.0,4970.0,1.0,1.0,0.9820137900379085,0.0,0.0,0.0,0.0,0.0,0.0,0.0,0.0,0.0,0.0,0.0,6639.71982421875
3201,native_learned_gate,supported_native_episode_loop,-11092.953,19.238,0.3973,-20.0326,66.0,0.7480916030534351,344.80344822999785,6.842560435450501,-44.38167938931298,4.616528577941356,1.0,4970.0,2.0,2.0,0.9820137900379085,0.0,0.0,0.0,0.0,0.0,0.0,0.0,0.0,0.0,0.0,0.0,7292.323498535156
3211,native_learned_gate,supported_native_episode_loop,-3169.633,5.299,0.423,-6.1450000000000005,66.0,0.7480916030534351,332.1821932406977,7.213866840900714,-44.5763358778626,4.0266162571824395,0.5384615384615384,4970.0,2.0,2.0,0.9820137900379085,0.0,0.0,0.0,0.0,0.0,0.0,0.0,0.0,0.0,0.0,0.0,2459.3144134521485
3221,native_learned_gate,supported_native_episode_loop,-11770.212,6.478,0.5196,-7.5172,66.0,0.7480916030534351,344.8215142543648,7.9006316499297045,-44.37786259541985,4.632935364106671,0.8461538461538461,4972.0,2.0,2.0,0.9820137900379085,0.0,0.0,0.0,0.0,0.0,0.0,0.0,0.0,0.0,0.0,0.0,33601.7740234375
3231,native_learned_gate,supported_native_episode_loop,-11906.432,5.167,0.505,-6.177,66.0,0.7480916030534351,346.94261925555674,7.644553960157292,-43.66030534351145,6.1603159851209215,1.0,4971.0,2.0,2.0,0.9820137900379085,0.0,0.0,0.0,0.0,0.0,0.0,0.0,0.0,0.0,0.0,0.0,60119.318676757815
3241,native_learned_gate,supported_native_episode_loop,-3329.323,6.224,0.4752,-7.1744,66.0,0.7480916030534351,339.4435168180605,5.62171797958658,-44.38549618320611,4.592586494340712,0.8461538461538461,4970.0,2.0,2.0,0.9820137900379085,0.0,0.0,0.0,0.0,0.0,0.0,0.0,0.0,0.0,0.0,0.0,13557.565588378906
3251,native_learned_gate,supported_native_episode_loop,-19176.315,5.537,0.4185,-6.374,66.0,0.7480916030534351,343.1864074811832,6.515758147884232,-44.37786259541985,4.579906163849824,0.0,4970.0,2.0,2.0,0.9820137900379085,0.0,0.0,0.0,0.0,0.0,0.0,0.0,0.0,0.0,0.0,0.0,59844.28120117188
3261,native_learned_gate,supported_native_episode_loop,-15114.816,5.33,0.5278,-6.3856,66.0,0.7480916030534351,333.4108933463352,7.3487038861622915,-44.47328244274809,4.344564462705987,0.07692307692307698,4970.0,1.0,1.0,0.9820137900379085,0.0,0.0,0.0,0.0,0.0,0.0,0.0,0.0,0.0,0.0,0.0,25737.811962890624
3271,native_learned_gate,supported_native_episode_loop,-6373.381,19.892,0.5367,-20.9654,66.0,0.7480916030534351,339.2137276700435,5.438580400257668,-44.50763358778626,4.262155823370216,1.0,4971.0,2.0,2.0,0.9820137900379085,0.0,0.0,0.0,0.0,0.0,0.0,0.0,0.0,0.0,0.0,0.0,444.1214683532715
3281,native_learned_gate,supported_native_episode_loop,-2871.38,5.283,0.5426,-6.3682,66.0,0.7480916030534351,342.2321909458497,5.213401142931661,-44.20992366412214,5.097317884191002,1.0,4970.0,2.0,2.0,0.9820137900379085,0.0,0.0,0.0,0.0,0.0,0.0,0.0,0.0,0.0,0.0,0.0,5817.981475830078
3291,native_learned_gate,supported_native_episode_loop,-16902.428,4.898,0.3654,-5.6288,66.0,0.7480916030534351,340.06132076783035,11.055589292780578,-44.458015267175576,4.404646301115999,0.7281531307826958,4971.0,2.0,2.0,0.9820137900379085,0.0,0.0,0.0,0.0,0.0,0.0,0.0,0.0,0.0,0.0,0.0,6387.807623291015
3301,native_learned_gate,supported_native_episode_loop,-18832.036,5.033,0.5195,-6.072,66.0,0.7480916030534351,344.10781339908414,4.647952802012225,-44.43893129770992,4.444107042758279,1.0,4971.0,2.0,2.0,0.9820137900379085,0.0,0.0,0.0,0.0,0.0,0.0,0.0,0.0,0.0,0.0,0.0,2822.0980010986327
3311,native_learned_gate,supported_native_episode_loop,-18796.163,4.209,0.4347,-5.078399999999999,66.0,0.7480916030534351,333.9908352680182,9.274511091840498,-44.48091603053435,4.222533418916321,0.3846153846153846,4971.0,0.0,0.0,0.0,0.0,0.0,0.0,0.0,0.0,0.0,0.0,0.0,0.0,0.0,0.0,3559.395330810547
3321,native_learned_gate,supported_native_episode_loop,-4235.886,5.666,0.4397,-6.545400000000001,66.0,0.7480916030534351,347.2816002024722,5.39050586500863,-44.48854961832061,4.299594179702712,0.3846153846153846,4972.0,2.0,2.0,0.9820137900379085,0.0,0.0,0.0,0.0,0.0,0.0,0.0,0.0,0.0,0.0,0.0,6845.276553344726
3331,native_learned_gate,supported_native_episode_loop,-17347.775,18.958,0.4646,-19.8872,66.0,0.7480916030534351,341.2894149157837,6.767885013333187,-44.30916030534351,4.862992362194314,0.0,4970.0,2.0,2.0,0.9820137900379085,0.0,0.0,0.0,0.0,0.0,0.0,0.0,0.0,0.0,0.0,0.0,9110.301220703124
3341,native_learned_gate,supported_native_episode_loop,-3217.991,4.227,0.5181,-5.2632,66.0,0.7480916030534351,334.5444285544427,8.450128412005572,-44.400763358778626,4.629361919713731,0.0,4970.0,2.0,2.0,0.9820137900379085,0.0,0.0,0.0,0.0,0.0,0.0,0.0,0.0,0.0,0.0,0.0,11688.466442871093
3351,native_learned_gate,supported_native_episode_loop,-6112.823,5.132,0.5115,-6.154999999999999,66.0,0.7480916030534351,339.99837932474435,6.324843516575388,-44.343511450381676,4.749883071869639,0.0,4971.0,2.0,2.0,0.9820137900379085,0.0,0.0,0.0,0.0,0.0,0.0,0.0,0.0,0.0,0.0,0.0,58484.83452148437
3361,native_learned_gate,supported_native_episode_loop,-10612.771,4.578,0.3766,-5.3312,66.0,0.7480916030534351,336.74695940586446,8.027386311571485,-44.29007633587786,4.939308833217257,1.0,4970.0,2.0,2.0,0.9820137900379085,0.0,0.0,0.0,0.0,0.0,0.0,0.0,0.0,0.0,0.0,0.0,48232.81801757812
3371,native_learned_gate,supported_native_episode_loop,-17882.642,5.262,0.4113,-6.0846,66.0,0.7480916030534351,333.4705177632301,4.631787274212675,-44.45038167938932,4.409763180115516,0.0,4970.0,2.0,2.0,0.9820137900379085,0.0,0.0,0.0,0.0,0.0,0.0,0.0,0.0,0.0,0.0,0.0,11198.162854003906
3381,native_learned_gate,supported_native_episode_loop,-18267.935,4.238,0.3679,-4.973800000000001,66.0,0.7480916030534351,338.909795101787,7.844903342571229,-44.20229007633588,5.237226782742082,0.0,4970.0,2.0,2.0,0.9820137900379085,0.0,0.0,0.0,0.0,0.0,0.0,0.0,0.0,0.0,0.0,0.0,11775.734240722657
3391,native_learned_gate,supported_native_episode_loop,-11400.622,17.154,0.7584,-18.6708,66.0,0.7480916030534351,335.7342985975834,7.812218606087873,-44.465648854961835,4.40904294529902,0.0,4971.0,2.0,2.0,0.9820137900379085,0.0,0.0,0.0,0.0,0.0,0.0,0.0,0.0,0.0,0.0,0.0,1678.298321533203
3401,native_learned_gate,supported_native_episode_loop,-8489.363,3.815,0.4333,-4.6815999999999995,66.0,0.7480916030534351,336.25148247592057,7.3118497889671366,-44.1793893129771,5.343387403140302,0.0,4970.0,2.0,2.0,0.9820137900379085,0.0,0.0,0.0,0.0,0.0,0.0,0.0,0.0,0.0,0.0,0.0,33776.71162109375
3411,native_learned_gate,supported_native_episode_loop,-20035.158,29.984,0.7577,-31.4994,66.0,0.7480916030534351,340.2286944579532,7.934466442051171,-44.347328244274806,4.7282620831940125,0.0,4972.0,2.0,2.0,0.9820137900379085,0.0,0.0,0.0,0.0,0.0,0.0,0.0,0.0,0.0,0.0,0.0,135453.9484375
3421,native_learned_gate,supported_native_episode_loop,-3002.512,5.152,0.5759,-6.3038,66.0,0.7480916030534351,338.6923278199637,8.395791381674336,-44.408396946564885,4.5597398172716,0.0,4971.0,1.0,1.0,0.9820137900379085,0.0,0.0,0.0,0.0,0.0,0.0,0.0,0.0,0.0,0.0,0.0,273.94169158935546
3431,native_learned_gate,supported_native_episode_loop,-2628.049,4.261,0.3594,-4.9798,66.0,0.7480916030534351,335.2058938303067,5.083336688476608,-44.465648854961835,4.397774784168657,0.8461538461538461,4971.0,2.0,2.0,0.9820137900379085,0.0,0.0,0.0,0.0,0.0,0.0,0.0,0.0,0.0,0.0,0.0,11268.006304931641
3441,native_learned_gate,supported_native_episode_loop,-19229.615,6.998,0.5486,-8.0952,66.0,0.7480916030534351,332.5623875727484,12.816017762659646,-44.51908396946565,4.170692265086022,0.0,4970.0,2.0,2.0,0.9820137900379085,0.0,0.0,0.0,0.0,0.0,0.0,0.0,0.0,0.0,0.0,0.0,8045.760632324219
3451,native_learned_gate,supported_native_episode_loop,-5596.41,6.45,0.5665,-7.583,66.0,0.7480916030534351,342.5688762677004,5.999475240942914,-44.38931297709924,4.437130836740187,0.0,4971.0,2.0,2.0,0.9820137900379085,0.0,0.0,0.0,0.0,0.0,0.0,0.0,0.0,0.0,0.0,0.0,16696.267993164063
3461,native_learned_gate,supported_native_episode_loop,-11687.27,4.475,0.4564,-5.3877999999999995,66.0,0.7480916030534351,342.8503255071303,7.476427111499996,-44.31297709923664,4.2732685337230585,0.6923076923076924,4971.0,2.0,2.0,0.9820137900379085,0.0,0.0,0.0,0.0,0.0,0.0,0.0,0.0,0.0,0.0,0.0,8697.908837890625
3471,native_learned_gate,supported_native_episode_loop,-20014.649,9.338,0.4507,-10.2394,66.0,0.7480916030534351,330.81526208421354,6.097855347071103,-44.55725190839695,4.102057397299631,0.0,4971.0,1.0,1.0,0.9820137900379085,0.0,0.0,0.0,0.0,0.0,0.0,0.0,0.0,0.0,0.0,0.0,90243.93549804688
3481,native_learned_gate,supported_native_episode_loop,-17704.833,7.8,0.5321,-8.8642,66.0,0.7480916030534351,340.08177461214643,4.927391650537441,-44.286259541984734,4.894119595970336,0.0,4970.0,2.0,2.0,0.9820137900379085,0.0,0.0,0.0,0.0,0.0,0.0,0.0,0.0,0.0,0.0,0.0,9879.258947753906
3491,native_learned_gate,supported_native_episode_loop,-2561.315,4.629,0.396,-5.420999999999999,66.0,0.7480916030534351,340.4712399397491,6.363776819914771,-44.3587786259542,4.751164907040619,0.0,4969.0,2.0,2.0,0.9820137900379085,0.0,0.0,0.0,0.0,0.0,0.0,0.0,0.0,0.0,0.0,0.0,332.37078819274905
3501,native_learned_gate,supported_native_episode_loop,-7423.789,9.872,0.6262,-11.1244,66.0,0.7480916030534351,335.62512745549355,12.617764458855211,-44.538167938931295,4.132868770858812,1.0,4971.0,2.0,2.0,0.9820137900379085,0.0,0.0,0.0,0.0,0.0,0.0,0.0,0.0,0.0,0.0,0.0,952.2473449707031
3511,native_learned_gate,supported_native_episode_loop,-12047.642,31.892,0.5012,-32.8944,66.0,0.7480916030534351,345.21622874874424,5.71729758695619,-44.20610687022901,4.9558625276695185,1.0,4970.0,2.0,2.0,0.9820137900379085,0.0,0.0,0.0,0.0,0.0,0.0,0.0,0.0,0.0,0.0,0.0,222950.73125
3521,native_learned_gate,supported_native_episode_loop,-18721.323,5.704,0.6934,-7.0908,66.0,0.7480916030534351,345.47172470038174,5.412466496393629,-42.965648854961835,6.125497593028125,0.0,4970.0,2.0,2.0,0.9820137900379085,0.0,0.0,0.0,0.0,0.0,0.0,0.0,0.0,0.0,0.0,0.0,83909.46787109374
3531,native_learned_gate,supported_native_episode_loop,-17403.636,40.15,0.5934,-41.3368,66.0,0.7480916030534351,336.1172484070442,4.63570363878456,-44.458015267175576,4.409842464833909,0.0,4971.0,2.0,2.0,0.9820137900379085,0.0,0.0,0.0,0.0,0.0,0.0,0.0,0.0,0.0,0.0,0.0,10636.627850341796
3541,native_learned_gate,supported_native_episode_loop,-11819.533,4.833,0.5401,-5.9132,66.0,0.7480916030534351,343.29614713587836,8.60188337731729,-44.44274809160305,4.425223167432387,0.7783168795493292,4972.0,2.0,2.0,0.9820137900379085,0.0,0.0,0.0,0.0,0.0,0.0,0.0,0.0,0.0,0.0,0.0,16717.790673828124
3551,native_learned_gate,supported_native_episode_loop,-2968.585,4.109,0.5912,-5.291399999999999,66.0,0.7480916030534351,343.80979189296414,10.893280293848477,-42.958015267175576,6.666693495857285,1.0,4971.0,2.0,2.0,0.9820137900379085,0.0,0.0,0.0,0.0,0.0,0.0,0.0,0.0,0.0,0.0,0.0,16764.5423034668
3561,native_learned_gate,supported_native_episode_loop,-10259.365,5.988,0.5933,-7.174600000000001,66.0,0.7480916030534351,331.7498640220584,5.039448503046009,-44.461832061068705,4.372501825736764,0.0,4971.0,2.0,2.0,0.9820137900379085,0.0,0.0,0.0,0.0,0.0,0.0,0.0,0.0,0.0,0.0,0.0,51784.672265625
3571,native_learned_gate,supported_native_episode_loop,-2529.024,11.148,0.5369,-12.2218,66.0,0.7480916030534351,349.0064308051389,5.224942179919933,-44.17557251908397,5.2246931551385565,0.6082714292304721,4970.0,2.0,2.0,0.9820137900379085,0.0,0.0,0.0,0.0,0.0,0.0,0.0,0.0,0.0,0.0,0.0,6765.9891906738285
3581,native_learned_gate,supported_native_episode_loop,-8707.131,5.24,0.6255,-6.491,66.0,0.7480916030534351,340.71617653682335,12.401472657669876,-39.31297709923664,9.869827542415967,0.07692307692307698,4969.0,2.0,2.0,0.9820137900379085,0.0,0.0,0.0,0.0,0.0,0.0,0.0,0.0,0.0,0.0,0.0,15695.299951171875
3591,native_learned_gate,supported_native_episode_loop,-2522.776,4.687,0.4797,-5.6464,66.0,0.7480916030534351,347.25876321801303,6.781572146909902,-44.33206106870229,4.772740137882171,0.0,4970.0,2.0,2.0,0.9820137900379085,0.0,0.0,0.0,0.0,0.0,0.0,0.0,0.0,0.0,0.0,0.0,12973.114123535157
3601,native_learned_gate,supported_native_episode_loop,-18791.844,5.201,0.5324,-6.2658,66.0,0.7480916030534351,347.4921709216107,4.680591384654394,-44.282442748091604,4.900186644147913,0.3846153846153846,4971.0,2.0,2.0,0.9820137900379085,0.0,0.0,0.0,0.0,0.0,0.0,0.0,0.0,0.0,0.0,0.0,32771.050122070315
3611,native_learned_gate,supported_native_episode_loop,-8950.207,3.862,0.6068,-5.0756,66.0,0.7480916030534351,327.81228131689795,6.811869291617912,-44.56106870229008,4.12427319563418,1.0,4971.0,2.0,2.0,0.9820137900379085,0.0,0.0,0.0,0.0,0.0,0.0,0.0,0.0,0.0,0.0,0.0,1979.0054428100586
3621,native_learned_gate,supported_native_episode_loop,-5278.156,8.107,0.5498,-9.2066,66.0,0.7480916030534351,336.6751370022315,5.310120597681636,-44.3587786259542,4.706773910615425,0.6923076923076924,4972.0,2.0,2.0,0.9820137900379085,0.0,0.0,0.0,0.0,0.0,0.0,0.0,0.0,0.0,0.0,0.0,5417.728247070312
3631,native_learned_gate,supported_native_episode_loop,-3330.2,4.966,0.6263,-6.2186,66.0,0.7480916030534351,340.87744635219184,5.18645039824854,-44.35114503816794,4.728383782298596,0.0,4970.0,2.0,2.0,0.9820137900379085,0.0,0.0,0.0,0.0,0.0,0.0,0.0,0.0,0.0,0.0,0.0,1129.9030654907226
3641,native_learned_gate,supported_native_episode_loop,-2921.519,4.302,0.5171,-5.3362,66.0,0.7480916030534351,344.24234663506365,5.14249166294573,-44.278625954198475,4.818325508661488,0.0,4971.0,1.0,1.0,0.9820137900379085,0.0,0.0,0.0,0.0,0.0,0.0,0.0,0.0,0.0,0.0,0.0,1193.9900459289552
3651,native_learned_gate,supported_native_episode_loop,-13412.846,7.819,0.6782,-9.1754,66.0,0.7480916030534351,350.0605170314018,4.520426164523749,-44.35496183206107,4.615766437733121,0.07692307692307698,4970.0,2.0,2.0,0.9820137900379085,0.0,0.0,0.0,0.0,0.0,0.0,0.0,0.0,0.0,0.0,0.0,34953.658959960936
3661,native_learned_gate,supported_native_episode_loop,-2766.486,5.001,0.4959,-5.992800000000001,66.0,0.7480916030534351,342.90636164841766,9.965139656364503,-44.47709923664122,4.284430625420982,0.0,4971.0,2.0,2.0,0.9820137900379085,0.0,0.0,0.0,0.0,0.0,0.0,0.0,0.0,0.0,0.0,0.0,653.9742095947265
3671,native_learned_gate,supported_native_episode_loop,-3250.358,8.425,0.3518,-9.1286,66.0,0.7480916030534351,346.212320024124,5.790054924796001,-44.33206106870229,4.638912204280083,1.0,4971.0,2.0,2.0,0.9820137900379085,0.0,0.0,0.0,0.0,0.0,0.0,0.0,0.0,0.0,0.0,0.0,4205.219465637207
3681,native_learned_gate,supported_native_episode_loop,-4583.671,4.808,0.4839,-5.7758,66.0,0.7480916030534351,342.2084360320756,4.29890286565349,-44.38167938931298,4.641265317188516,0.23076923076923078,4970.0,2.0,2.0,0.9820137900379085,0.0,0.0,0.0,0.0,0.0,0.0,0.0,0.0,0.0,0.0,0.0,20960.597387695314
3691,native_learned_gate,supported_native_episode_loop,-11344.102,5.737,0.5674,-6.8718,66.0,0.7480916030534351,335.89030182956134,4.71924169479533,-44.45038167938932,4.438233849364979,0.0,4971.0,2.0,2.0,0.9820137900379085,0.0,0.0,0.0,0.0,0.0,0.0,0.0,0.0,0.0,0.0,0.0,12431.908166503907
3701,native_learned_gate,supported_native_episode_loop,-2638.856,4.561,0.3609,-5.2828,66.0,0.7480916030534351,340.2641780169563,4.996110947229612,-44.343511450381676,4.784311180435792,0.0,4971.0,2.0,2.0,0.9820137900379085,0.0,0.0,0.0,0.0,0.0,0.0,0.0,0.0,0.0,0.0,0.0,58615.7841796875
3711,native_learned_gate,supported_native_episode_loop,-18088.873,3.835,0.6618,-5.1586,66.0,0.7480916030534351,341.42436933972454,7.526320309014798,-44.408396946564885,4.5839503975297955,0.0,4970.0,1.0,1.0,0.9820137900379085,0.0,0.0,0.0,0.0,0.0,0.0,0.0,0.0,0.0,0.0,0.0,14458.27059326172
3721,native_learned_gate,supported_native_episode_loop,-19095.862,5.356,0.5419,-6.4398,66.0,0.7480916030534351,350.2551253968826,7.1373236975150744,-41.94656488549618,6.994886875315543,0.0,4970.0,2.0,2.0,0.9820137900379085,0.0,0.0,0.0,0.0,0.0,0.0,0.0,0.0,0.0,0.0,0.0,92684.44736328124
3731,native_learned_gate,supported_native_episode_loop,-18713.644,7.197,0.3886,-7.9742,66.0,0.7480916030534351,335.49122937817606,5.135999351118212,-44.43893129770992,4.449257121611573,0.11390697915188519,4971.0,2.0,2.0,0.9820137900379085,0.0,0.0,0.0,0.0,0.0,0.0,0.0,0.0,0.0,0.0,0.0,3786.5386352539062
3741,native_learned_gate,supported_native_episode_loop,-10224.839,14.838,0.4697,-15.7774,66.0,0.7480916030534351,340.82929574697073,7.308694796542726,-44.51145038167939,4.240600584379564,1.0,4970.0,2.0,2.0,0.9820137900379085,0.0,0.0,0.0,0.0,0.0,0.0,0.0,0.0,0.0,0.0,0.0,14849.408972167968
3751,native_learned_gate,supported_native_episode_loop,-12852.074,7.589,0.732,-9.053,66.0,0.7480916030534351,352.723787396331,4.478885390086169,-43.55343511450382,6.374673141866743,0.0,4971.0,0.0,0.0,0.0,0.0,0.0,0.0,0.0,0.0,0.0,0.0,0.0,0.0,0.0,0.0,17432.94987792969
3761,native_learned_gate,supported_native_episode_loop,-3032.131,4.355,0.4813,-5.3176000000000005,66.0,0.7480916030534351,333.41905274694506,7.664852647390956,-44.47328244274809,4.355093962711123,0.6923076923076924,4971.0,2.0,2.0,0.9820137900379085,0.0,0.0,0.0,0.0,0.0,0.0,0.0,0.0,0.0,0.0,0.0,11149.093069458007
3771,native_learned_gate,supported_native_episode_loop,-2879.265,5.218,0.5022,-6.2224,66.0,0.7480916030534351,352.262452850087,4.0229459286835905,-43.37404580152672,6.44511280361619,0.0,4971.0,2.0,2.0,0.9820137900379085,0.0,0.0,0.0,0.0,0.0,0.0,0.0,0.0,0.0,0.0,0.0,10572.98349609375
3781,native_learned_gate,supported_native_episode_loop,-20587.181,36.815,0.4396,-37.694199999999995,66.0,0.7480916030534351,345.2986921997395,8.009253162070026,-43.00381679389313,5.772068894704406,0.0,4971.0,2.0,2.0,0.9820137900379085,0.0,0.0,0.0,0.0,0.0,0.0,0.0,0.0,0.0,0.0,0.0,8448.609716796875
3791,native_learned_gate,supported_native_episode_loop,-2796.922,4.703,0.421,-5.545,66.0,0.7480916030534351,336.38179870258455,5.953989812096974,-44.36641221374046,4.642495556312919,0.0,4971.0,2.0,2.0,0.9820137900379085,0.0,0.0,0.0,0.0,0.0,0.0,0.0,0.0,0.0,0.0,0.0,1340.861734008789
3801,native_learned_gate,supported_native_episode_loop,-3674.284,5.471,0.336,-6.143,66.0,0.7480916030534351,338.0037714164524,5.294697723785086,-44.49618320610687,4.309361451434224,0.0,4970.0,2.0,2.0,0.9820137900379085,0.0,0.0,0.0,0.0,0.0,0.0,0.0,0.0,0.0,0.0,0.0,6483.116638183594
3811,native_learned_gate,supported_native_episode_loop,-4310.312,6.477,0.5943,-7.6656,66.0,0.7480916030534351,333.07401862041337,9.794092898236471,-44.55343511450382,4.132699572584518,0.0,4971.0,0.0,0.0,0.0,0.0,0.0,0.0,0.0,0.0,0.0,0.0,0.0,0.0,0.0,0.0,14356.330749511719
3821,native_learned_gate,supported_native_episode_loop,-18374.384,7.057,0.599,-8.255,66.0,0.7480916030534351,353.3814799401066,3.811128028556475,-44.11832061068702,5.0415570950858335,0.07692307692307698,4971.0,2.0,2.0,0.9820137900379085,0.0,0.0,0.0,0.0,0.0,0.0,0.0,0.0,0.0,0.0,0.0,31684.55224609375
3831,native_learned_gate,supported_native_episode_loop,-12394.35,4.989,0.6406,-6.2702,66.0,0.7480916030534351,343.8852599960401,13.652048762903572,-40.93893129770992,9.445105138198086,0.0,4971.0,2.0,2.0,0.9820137900379085,0.0,0.0,0.0,0.0,0.0,0.0,0.0,0.0,0.0,0.0,0.0,5627.159893798828
3841,native_learned_gate,supported_native_episode_loop,-2841.108,3.994,0.4169,-4.8278,66.0,0.7480916030534351,335.65480769087037,4.5515966765109335,-44.404580152671755,4.599665812544103,0.07692307692307698,4971.0,1.0,1.0,0.9820137900379085,0.0,0.0,0.0,0.0,0.0,0.0,0.0,0.0,0.0,0.0,0.0,2578.788835144043
3851,native_learned_gate,supported_native_episode_loop,-16333.765,5.29,0.5031,-6.2962,66.0,0.7480916030534351,331.8181991737307,4.6459320424548425,-44.50763358778626,4.258572285583939,0.5384615384615384,4970.0,2.0,2.0,0.9820137900379085,0.0,0.0,0.0,0.0,0.0,0.0,0.0,0.0,0.0,0.0,0.0,77072.103125
3861,native_learned_gate,supported_native_episode_loop,-2621.475,9.354,0.4154,-10.1848,66.0,0.7480916030534351,340.9957674599535,6.878055330441864,-44.412213740458014,4.543883110876354,0.0,4971.0,2.0,2.0,0.9820137900379085,0.0,0.0,0.0,0.0,0.0,0.0,0.0,0.0,0.0,0.0,0.0,25743.6083984375
3871,native_learned_gate,supported_native_episode_loop,-3260.657,4.584,0.5129,-5.6098,66.0,0.7480916030534351,338.9842581797496,5.1399031404744076,-44.17175572519084,5.213484788026747,0.0,4970.0,2.0,2.0,0.9820137900379085,0.0,0.0,0.0,0.0,0.0,0.0,0.0,0.0,0.0,0.0,0.0,3032.2254302978517
3881,native_learned_gate,supported_native_episode_loop,-2728.597,4.417,0.5187,-5.4544,66.0,0.7480916030534351,341.4402083237814,5.840057278401607,-44.52671755725191,4.190735409372813,0.3846153846153846,4971.0,0.0,0.0,0.0,0.0,0.0,0.0,0.0,0.0,0.0,0.0,0.0,0.0,0.0,0.0,320.99365119934083
3891,native_learned_gate,supported_native_episode_loop,-2988.406,5.558,0.5205,-6.599,66.0,0.7480916030534351,347.6978846930214,10.3821304717161,-43.44656488549618,5.568022079641717,1.0,4973.0,2.0,2.0,0.9820137900379085,0.0,0.0,0.0,0.0,0.0,0.0,0.0,0.0,0.0,0.0,0.0,2879.772282409668
3901,native_learned_gate,supported_native_episode_loop,-18703.852,42.628,0.5761,-43.7802,66.0,0.7480916030534351,343.5149726617731,6.761337574680043,-44.3587786259542,4.651304835869647,0.0,4971.0,2.0,2.0,0.9820137900379085,0.0,0.0,0.0,0.0,0.0,0.0,0.0,0.0,0.0,0.0,0.0,15781.268823242188
3911,native_learned_gate,supported_native_episode_loop,-18377.488,6.091,0.4289,-6.9488,66.0,0.7480916030534351,344.35213341767553,7.449416574980503,-43.958015267175576,5.386064209038827,0.0,4971.0,2.0,2.0,0.9820137900379085,0.0,0.0,0.0,0.0,0.0,0.0,0.0,0.0,0.0,0.0,0.0,1900.3228149414062
3921,native_learned_gate,supported_native_episode_loop,-3404.632,4.788,0.2679,-5.3238,66.0,0.7480916030534351,341.80444368011774,5.618085873171405,-44.416030534351144,4.544795140520272,0.0,4970.0,2.0,2.0,0.9820137900379085,0.0,0.0,0.0,0.0,0.0,0.0,0.0,0.0,0.0,0.0,0.0,5786.437243652344
3931,native_learned_gate,supported_native_episode_loop,-2738.204,5.513,0.3975,-6.308,66.0,0.7480916030534351,348.09432944409815,4.361050937574983,-44.1793893129771,5.075223720218398,0.0,4970.0,2.0,2.0,0.9820137900379085,0.0,0.0,0.0,0.0,0.0,0.0,0.0,0.0,0.0,0.0,0.0,4463.463003540039
3941,native_learned_gate,supported_native_episode_loop,-11541.624,5.39,0.5297,-6.4494,66.0,0.7480916030534351,345.54660155365184,7.678648262016503,-40.469465648854964,11.14122660432055,0.0,4971.0,2.0,2.0,0.9820137900379085,0.0,0.0,0.0,0.0,0.0,0.0,0.0,0.0,0.0,0.0,0.0,2566.238330078125
3951,native_learned_gate,supported_native_episode_loop,-2692.428,4.904,0.5228,-5.9496,66.0,0.7480916030534351,332.4167484040782,4.985481053689615,-44.469465648854964,4.36207446149176,0.0,4971.0,2.0,2.0,0.9820137900379085,0.0,0.0,0.0,0.0,0.0,0.0,0.0,0.0,0.0,0.0,0.0,1545.2922164916993
3961,native_learned_gate,supported_native_episode_loop,-15279.152,22.247,0.6857,-23.6184,66.0,0.7480916030534351,341.1474101764252,5.017198365786078,-44.14885496183206,5.302741137787491,1.0,4971.0,2.0,2.0,0.9820137900379085,0.0,0.0,0.0,0.0,0.0,0.0,0.0,0.0,0.0,0.0,0.0,17171.55166015625
3971,native_learned_gate,supported_native_episode_loop,-10068.507,8.559,0.6735,-9.905999999999999,66.0,0.7480916030534351,337.9144642730251,4.794019275281977,-44.35114503816794,4.753341394648444,0.0,4972.0,2.0,2.0,0.9820137900379085,0.0,0.0,0.0,0.0,0.0,0.0,0.0,0.0,0.0,0.0,0.0,28441.447412109374
3981,native_learned_gate,supported_native_episode_loop,-2753.826,4.082,0.4481,-4.9782,66.0,0.7480916030534351,342.73915734862476,9.999683403108182,-44.19465648854962,5.362818174722098,0.23076923076923078,4972.0,2.0,2.0,0.9820137900379085,0.0,0.0,0.0,0.0,0.0,0.0,0.0,0.0,0.0,0.0,0.0,9544.617468261718
3991,native_learned_gate,supported_native_episode_loop,-2812.716,3.813,0.3837,-4.5804,66.0,0.7480916030534351,340.06044365055385,4.494092240809872,-44.26335877862596,4.9880881941992525,1.0,4970.0,2.0,2.0,0.9820137900379085,0.0,0.0,0.0,0.0,0.0,0.0,0.0,0.0,0.0,0.0,0.0,27808.564904785155
4001,native_learned_gate,supported_native_episode_loop,-15293.181,37.968,0.5877,-39.14340000000001,66.0,0.7480916030534351,332.299466361223,4.610081627362309,-44.45038167938932,4.424452768091092,0.3846153846153846,4971.0,1.0,1.0,0.9820137900379085,0.0,0.0,0.0,0.0,0.0,0.0,0.0,0.0,0.0,0.0,0.0,91074.45009765626
4011,native_learned_gate,supported_native_episode_loop,-2764.549,4.828,0.4435,-5.715,66.0,0.7480916030534351,339.7929003910254,7.528866099486077,-44.213740458015266,5.151902685042625,1.0,4970.0,2.0,2.0,0.9820137900379085,0.0,0.0,0.0,0.0,0.0,0.0,0.0,0.0,0.0,0.0,0.0,12827.3138671875
4021,native_learned_gate,supported_native_episode_loop,-18920.422,16.187,0.4638,-17.114600000000003,66.0,0.7480916030534351,346.10085687294566,10.73347625639267,-41.13358778625954,8.141010221903255,1.0,4970.0,2.0,2.0,0.9820137900379085,0.0,0.0,0.0,0.0,0.0,0.0,0.0,0.0,0.0,0.0,0.0,62236.23916015625
4031,native_learned_gate,supported_native_episode_loop,-2616.609,4.041,0.4905,-5.022,66.0,0.7480916030534351,334.4488164519535,9.706372382698458,-44.16793893129771,5.203716627984486,1.0,4970.0,2.0,2.0,0.9820137900379085,0.0,0.0,0.0,0.0,0.0,0.0,0.0,0.0,0.0,0.0,0.0,984.6003715515137
4041,native_learned_gate,supported_native_episode_loop,-4458.365,3.724,0.4192,-4.5624,66.0,0.7480916030534351,331.3937986356915,6.415542479765878,-44.55343511450382,4.18227444074373,0.23076923076923078,4972.0,2.0,2.0,0.9820137900379085,0.0,0.0,0.0,0.0,0.0,0.0,0.0,0.0,0.0,0.0,0.0,60485.94127197265
4051,native_learned_gate,supported_native_episode_loop,-18593.315,4.576,0.4994,-5.5748,66.0,0.7480916030534351,343.3135676076546,12.416996489353908,-42.04961832061068,7.66183038787004,0.0,4971.0,2.0,2.0,0.9820137900379085,0.0,0.0,0.0,0.0,0.0,0.0,0.0,0.0,0.0,0.0,0.0,2608.705923461914
4061,native_learned_gate,supported_native_episode_loop,-18409.303,16.641,0.4432,-17.527399999999997,66.0,0.7480916030534351,335.0659095442212,10.093203242646913,-44.44656488549618,4.442487400866612,0.0,4971.0,2.0,2.0,0.9820137900379085,0.0,0.0,0.0,0.0,0.0,0.0,0.0,0.0,0.0,0.0,0.0,136550.711328125
4071,native_learned_gate,supported_native_episode_loop,-3246.343,5.855,0.3207,-6.4964,66.0,0.7480916030534351,338.7982182590106,5.132441909732302,-44.49236641221374,4.31289772270401,0.0,4970.0,0.0,0.0,0.0,0.0,0.0,0.0,0.0,0.0,0.0,0.0,0.0,0.0,0.0,0.0,5092.267965698242
4081,native_learned_gate,supported_native_episode_loop,-4987.694,5.464,0.4706,-6.405200000000001,66.0,0.7480916030534351,346.7826392920569,12.603444912699759,-43.9236641221374,5.105181203819047,0.0,4972.0,2.0,2.0,0.9820137900379085,0.0,0.0,0.0,0.0,0.0,0.0,0.0,0.0,0.0,0.0,0.0,10684.242742919922
4091,native_learned_gate,supported_native_episode_loop,-4401.209,5.739,0.6038,-6.9466,66.0,0.7480916030534351,340.84281338993225,5.706101353336017,-44.08015267175573,4.995920776410716,0.0,4970.0,2.0,2.0,0.9820137900379085,0.0,0.0,0.0,0.0,0.0,0.0,0.0,0.0,0.0,0.0,0.0,934.2404533386231
4101,native_learned_gate,supported_native_episode_loop,-14791.493,11.886,0.4213,-12.7286,66.0,0.7480916030534351,350.7347778979187,4.824762658491937,-44.20992366412214,5.074052462393287,0.0,4970.0,2.0,2.0,0.9820137900379085,0.0,0.0,0.0,0.0,0.0,0.0,0.0,0.0,0.0,0.0,0.0,27164.34865722656
4111,native_learned_gate,supported_native_episode_loop,-3360.777,5.294,0.3097,-5.913399999999999,66.0,0.7480916030534351,338.8619551111553,10.663156519912418,-44.458015267175576,4.401178783779389,0.0,4971.0,2.0,2.0,0.9820137900379085,0.0,0.0,0.0,0.0,0.0,0.0,0.0,0.0,0.0,0.0,0.0,22450.50651855469
4121,native_learned_gate,supported_native_episode_loop,-4674.489,5.849,0.636,-7.121,66.0,0.7480916030534351,332.1723862002521,4.417863851691859,-44.56488549618321,4.045729511097498,1.0,4972.0,2.0,2.0,0.9820137900379085,0.0,0.0,0.0,0.0,0.0,0.0,0.0,0.0,0.0,0.0,0.0,64666.79067382812
4131,native_learned_gate,supported_native_episode_loop,-5451.475,10.709,0.2147,-11.138399999999999,66.0,0.7480916030534351,344.50050174188215,4.5000976568669175,-44.404580152671755,4.5805406960317505,1.0,4972.0,2.0,2.0,0.9820137900379085,0.0,0.0,0.0,0.0,0.0,0.0,0.0,0.0,0.0,0.0,0.0,1077.634181213379
4141,native_learned_gate,supported_native_episode_loop,-19956.366,32.763,0.5477,-33.858399999999996,66.0,0.7480916030534351,346.33394089638426,4.813436666760585,-44.30534351145038,4.883987123806873,0.0,4970.0,2.0,2.0,0.9820137900379085,0.0,0.0,0.0,0.0,0.0,0.0,0.0,0.0,0.0,0.0,0.0,39602.92524414063
4151,native_learned_gate,supported_native_episode_loop,-2666.222,5.443,0.5149,-6.472799999999999,66.0,0.7480916030534351,340.49949910296436,8.029208691850464,-44.416030534351144,4.5229072052004256,0.07692307692307698,4970.0,2.0,2.0,0.9820137900379085,0.0,0.0,0.0,0.0,0.0,0.0,0.0,0.0,0.0,0.0,0.0,998.649813079834
4161,native_learned_gate,supported_native_episode_loop,-20142.423,10.534,0.4076,-11.349200000000002,66.0,0.7480916030534351,336.2664567220605,8.129990626231494,-44.454198473282446,4.400273404794778,0.0,4970.0,1.0,1.0,0.9820137900379085,0.0,0.0,0.0,0.0,0.0,0.0,0.0,0.0,0.0,0.0,0.0,103903.690234375
4171,native_learned_gate,supported_native_episode_loop,-18237.823,7.146,0.6246,-8.395199999999999,66.0,0.7480916030534351,349.4727332102888,7.516696396648192,-44.37022900763359,4.587190839161123,0.8461538461538461,4971.0,2.0,2.0,0.9820137900379085,0.0,0.0,0.0,0.0,0.0,0.0,0.0,0.0,0.0,0.0,0.0,19628.710522460937
4181,native_learned_gate,supported_native_episode_loop,-10054.051,12.379,0.3506,-13.0802,66.0,0.7480916030534351,334.1311350793935,12.01595762593319,-44.3587786259542,4.675857601528532,1.0,4972.0,0.0,0.0,0.0,0.0,0.0,0.0,0.0,0.0,0.0,0.0,0.0,0.0,0.0,0.0,10604.09432373047
4191,native_learned_gate,supported_native_episode_loop,-3719.55,5.201,0.5181,-6.2372,66.0,0.7480916030534351,339.4652063252664,4.287186539550931,-44.43511450381679,4.472305341009797,0.0,4972.0,1.0,1.0,0.9820137900379085,0.0,0.0,0.0,0.0,0.0,0.0,0.0,0.0,0.0,0.0,0.0,999.7501426696778
4201,native_learned_gate,supported_native_episode_loop,-3133.436,4.106,0.4102,-4.9264,66.0,0.7480916030534351,334.7230383522941,6.517670128849987,-44.24045801526717,5.079464397832508,1.0,4970.0,0.0,0.0,0.0,0.0,0.0,0.0,0.0,0.0,0.0,0.0,0.0,0.0,0.0,0.0,5088.952618408203
4211,native_learned_gate,supported_native_episode_loop,-18899.632,16.902,0.5683,-18.038600000000002,66.0,0.7480916030534351,329.5033176740011,6.878632792651376,-44.48091603053435,4.33581066499912,1.0,4970.0,2.0,2.0,0.9820137900379085,0.0,0.0,0.0,0.0,0.0,0.0,0.0,0.0,0.0,0.0,0.0,182307.63471679686
4221,native_learned_gate,supported_native_episode_loop,-17900.574,4.637,0.3592,-5.3553999999999995,66.0,0.7480916030534351,337.1219365187046,9.840679742743255,-44.48091603053435,4.223437233066381,0.0,4970.0,2.0,2.0,0.9820137900379085,0.0,0.0,0.0,0.0,0.0,0.0,0.0,0.0,0.0,0.0,0.0,3421.9553955078127
4231,native_learned_gate,supported_native_episode_loop,-2680.87,5.185,0.4498,-6.0846,66.0,0.7480916030534351,335.3518883549833,6.661494173625891,-44.33206106870229,4.822858535587154,1.0,4971.0,2.0,2.0,0.9820137900379085,0.0,0.0,0.0,0.0,0.0,0.0,0.0,0.0,0.0,0.0,0.0,172.7200855255127
4241,native_learned_gate,supported_native_episode_loop,-19135.263,8.34,0.6326,-9.6052,66.0,0.7480916030534351,331.87531573817927,6.16109451699442,-44.35496183206107,4.8077500052568265,0.0,4971.0,0.0,0.0,0.0,0.0,0.0,0.0,0.0,0.0,0.0,0.0,0.0,0.0,0.0,0.0,4650.596228027343
4251,native_learned_gate,supported_native_episode_loop,-18176.829,7.896,0.4386,-8.7732,66.0,0.7480916030534351,331.5795811400765,5.024487606936791,-44.56106870229008,4.068367501228348,0.23076923076923078,4972.0,1.0,1.0,0.9820137900379085,0.0,0.0,0.0,0.0,0.0,0.0,0.0,0.0,0.0,0.0,0.0,12397.837384033202
4261,native_learned_gate,supported_native_episode_loop,-19112.44,39.511,0.4241,-40.3592,66.0,0.7480916030534351,343.4005846767935,7.175206078092712,-43.23664122137404,5.963415258309085,0.0,4970.0,0.0,0.0,0.0,0.0,0.0,0.0,0.0,0.0,0.0,0.0,0.0,0.0,0.0,0.0,28701.12355957031
4271,native_learned_gate,supported_native_episode_loop,-6534.027,4.501,0.5709,-5.6428,66.0,0.7480916030534351,334.7758949852779,9.912595364225096,-44.32442748091603,4.775663362307324,0.23076923076923078,4971.0,1.0,1.0,0.9820137900379085,0.0,0.0,0.0,0.0,0.0,0.0,0.0,0.0,0.0,0.0,0.0,3179.8136657714845
4281,native_learned_gate,supported_native_episode_loop,-2668.88,3.66,0.4746,-4.6092,66.0,0.7480916030534351,342.94586449012195,4.960444183713276,-43.843511450381676,6.482090408707888,0.0,4970.0,2.0,2.0,0.9820137900379085,0.0,0.0,0.0,0.0,0.0,0.0,0.0,0.0,0.0,0.0,0.0,14882.36459350586
4291,native_learned_gate,supported_native_episode_loop,-11861.189,5.956,0.7496,-7.4552000000000005,66.0,0.7480916030534351,340.253615521687,6.339649716272674,-44.51526717557252,4.223452754902325,0.0,4970.0,1.0,1.0,0.9820137900379085,0.0,0.0,0.0,0.0,0.0,0.0,0.0,0.0,0.0,0.0,0.0,11796.02373046875
4301,native_learned_gate,supported_native_episode_loop,-9342.949,18.385,0.5395,-19.464000000000002,66.0,0.7480916030534351,344.58034693469835,11.247032628624837,-39.7442748091603,12.574945769875892,1.0,4970.0,2.0,2.0,0.9820137900379085,0.0,0.0,0.0,0.0,0.0,0.0,0.0,0.0,0.0,0.0,0.0,18464.8654296875
4311,native_learned_gate,supported_native_episode_loop,-18725.554,4.943,0.5929,-6.1288,66.0,0.7480916030534351,341.1508612312206,7.093751750725447,-44.43129770992366,4.479070650086694,1.0,4970.0,2.0,2.0,0.9820137900379085,0.0,0.0,0.0,0.0,0.0,0.0,0.0,0.0,0.0,0.0,0.0,7622.240991210938
4321,native_learned_gate,supported_native_episode_loop,-14756.505,44.125,0.4321,-44.9892,66.0,0.7480916030534351,331.98093038563815,4.899517609434096,-44.51526717557252,4.22887156338539,1.0,4972.0,2.0,2.0,0.9820137900379085,0.0,0.0,0.0,0.0,0.0,0.0,0.0,0.0,0.0,0.0,0.0,69438.45073242187
4331,native_learned_gate,supported_native_episode_loop,-12281.749,26.238,0.2962,-26.8304,66.0,0.7480916030534351,342.8412160218217,5.873648352864859,-44.16793893129771,5.3176254124190585,0.8461538461538461,4971.0,2.0,2.0,0.9820137900379085,0.0,0.0,0.0,0.0,0.0,0.0,0.0,0.0,0.0,0.0,0.0,29814.448852539062
4341,native_learned_gate,supported_native_episode_loop,-18345.666,4.877,0.4535,-5.784,66.0,0.7480916030534351,347.72073661881393,6.473809895815783,-43.85496183206107,5.180147272221321,0.0,4971.0,2.0,2.0,0.9820137900379085,0.0,0.0,0.0,0.0,0.0,0.0,0.0,0.0,0.0,0.0,0.0,59878.862109375
4351,native_learned_gate,supported_native_episode_loop,-19935.212,7.356,0.6805,-8.717,66.0,0.7480916030534351,344.0760191547962,6.12764438747132,-44.19465648854962,5.193607535532976,0.7881915523291345,4971.0,1.0,1.0,0.9820137900379085,0.0,0.0,0.0,0.0,0.0,0.0,0.0,0.0,0.0,0.0,0.0,4396.820013427734
4361,native_learned_gate,supported_native_episode_loop,-2667.005,5.747,0.486,-6.718999999999999,66.0,0.7480916030534351,342.56527629073787,5.938290161894072,-44.29389312977099,4.899902721034538,0.0,4972.0,2.0,2.0,0.9820137900379085,0.0,0.0,0.0,0.0,0.0,0.0,0.0,0.0,0.0,0.0,0.0,5242.560260009765
4371,native_learned_gate,supported_native_episode_loop,-12853.256,30.305,0.4894,-31.2838,66.0,0.7480916030534351,336.5640302725383,5.464923154517643,-44.412213740458014,4.537158254129703,0.6923076923076924,4970.0,2.0,2.0,0.9820137900379085,0.0,0.0,0.0,0.0,0.0,0.0,0.0,0.0,0.0,0.0,0.0,69402.35771484375
4381,native_learned_gate,supported_native_episode_loop,-2665.147,3.982,0.4208,-4.8236,66.0,0.7480916030534351,337.54364380824353,9.556917445073013,-44.48854961832061,4.256770829677466,1.0,4971.0,2.0,2.0,0.9820137900379085,0.0,0.0,0.0,0.0,0.0,0.0,0.0,0.0,0.0,0.0,0.0,4791.518272399902
4391,native_learned_gate,supported_native_episode_loop,-14560.324,4.76,0.5286,-5.8172,66.0,0.7480916030534351,333.6781756164463,11.383698002619859,-44.14885496183206,5.35573982476436,0.0,4969.0,2.0,2.0,0.9820137900379085,0.0,0.0,0.0,0.0,0.0,0.0,0.0,0.0,0.0,0.0,0.0,99779.32861328125
4401,native_learned_gate,supported_native_episode_loop,-10364.099,7.696,0.4381,-8.5722,66.0,0.7480916030534351,345.14994718813114,6.069933245193327,-43.81679389312977,6.240475523471483,0.8461538461538461,4970.0,1.0,1.0,0.9820137900379085,0.0,0.0,0.0,0.0,0.0,0.0,0.0,0.0,0.0,0.0,0.0,8627.783032226562
4411,native_learned_gate,supported_native_episode_loop,-15884.86,5.769,0.3211,-6.4112,66.0,0.7480916030534351,330.1687444228252,5.97412558358099,-44.404580152671755,4.551283060356052,1.0,4971.0,2.0,2.0,0.9820137900379085,0.0,0.0,0.0,0.0,0.0,0.0,0.0,0.0,0.0,0.0,0.0,91420.12109375
4421,native_learned_gate,supported_native_episode_loop,-18375.966,7.661,0.695,-9.051,66.0,0.7480916030534351,334.573760945439,7.02524679460798,-44.54961832061068,4.093774346973603,1.0,4970.0,2.0,2.0,0.9820137900379085,0.0,0.0,0.0,0.0,0.0,0.0,0.0,0.0,0.0,0.0,0.0,44908.3759765625
4431,native_learned_gate,supported_native_episode_loop,-6327.39,5.103,0.5821,-6.2672,66.0,0.7480916030534351,344.3062815176053,4.664510259018566,-44.44274809160305,4.421771786335801,0.0,4971.0,2.0,2.0,0.9820137900379085,0.0,0.0,0.0,0.0,0.0,0.0,0.0,0.0,0.0,0.0,0.0,20600.26416015625
4441,native_learned_gate,supported_native_episode_loop,-14499.02,4.678,0.5965,-5.871,66.0,0.7480916030534351,349.27050142878187,5.432734465763226,-43.73664122137404,5.813523403880053,1.0,4971.0,0.0,0.0,0.0,0.0,0.0,0.0,0.0,0.0,0.0,0.0,0.0,0.0,0.0,0.0,4988.108215332031
4451,native_learned_gate,supported_native_episode_loop,-19033.058,43.149,0.4797,-44.1084,66.0,0.7480916030534351,335.9352479709014,6.206472299433849,-44.404580152671755,4.597175744272588,0.0,4972.0,2.0,2.0,0.9820137900379085,0.0,0.0,0.0,0.0,0.0,0.0,0.0,0.0,0.0,0.0,0.0,5324.300653076172
4461,native_learned_gate,supported_native_episode_loop,-3751.714,6.461,0.5538,-7.5686,66.0,0.7480916030534351,333.41282007434904,10.880098409589927,-44.31679389312977,4.842837674729505,1.0,4970.0,2.0,2.0,0.9820137900379085,0.0,0.0,0.0,0.0,0.0,0.0,0.0,0.0,0.0,0.0,0.0,1065.6102966308595
4471,native_learned_gate,supported_native_episode_loop,-20198.389,56.158,0.5324,-57.2228,66.0,0.7480916030534351,328.9815002940842,6.594832401770522,-44.38167938931298,4.652764121846782,1.0,4971.0,2.0,2.0,0.9820137900379085,0.0,0.0,0.0,0.0,0.0,0.0,0.0,0.0,0.0,0.0,0.0,5199.980853271484
4481,native_learned_gate,supported_native_episode_loop,-12016.274,4.381,0.4248,-5.2306,66.0,0.7480916030534351,335.09567334184817,8.548458177371767,-44.343511450381676,4.758713971450965,0.6923076923076924,4970.0,1.0,1.0,0.9820137900379085,0.0,0.0,0.0,0.0,0.0,0.0,0.0,0.0,0.0,0.0,0.0,34718.061694335935
4491,native_learned_gate,supported_native_episode_loop,-12966.695,13.087,0.5609,-14.2088,66.0,0.7480916030534351,340.0260252604957,5.6317336372816795,-44.538167938931295,4.134715401658565,1.0,4972.0,2.0,2.0,0.9820137900379085,0.0,0.0,0.0,0.0,0.0,0.0,0.0,0.0,0.0,0.0,0.0,6222.2709289550785
4501,native_learned_gate,supported_native_episode_loop,-11814.329,45.397,0.5248,-46.4466,66.0,0.7480916030534351,347.0990855940122,9.351978773026566,-42.66030534351145,8.011148523783847,0.4493045497733865,4971.0,2.0,2.0,0.9820137900379085,0.0,0.0,0.0,0.0,0.0,0.0,0.0,0.0,0.0,0.0,0.0,18088.647314453126
4511,native_learned_gate,supported_native_episode_loop,-18882.309,5.416,0.5022,-6.420400000000001,66.0,0.7480916030534351,337.34151812006957,8.545788868592766,-44.37404580152672,4.682818812257908,0.0,4971.0,2.0,2.0,0.9820137900379085,0.0,0.0,0.0,0.0,0.0,0.0,0.0,0.0,0.0,0.0,0.0,2305.4386596679688
4521,native_learned_gate,supported_native_episode_loop,-11253.937,5.892,0.6077,-7.1074,66.0,0.7480916030534351,343.44895614985677,5.110730939799356,-44.45038167938932,4.422727113613998,0.8461538461538461,4973.0,2.0,2.0,0.9820137900379085,0.0,0.0,0.0,0.0,0.0,0.0,0.0,0.0,0.0,0.0,0.0,27168.461206054686
4531,native_learned_gate,supported_native_episode_loop,-13916.976,4.16,0.4856,-5.1312,66.0,0.7480916030534351,342.765941769734,4.2107959364195615,-44.3587786259542,4.701905902815629,0.0,4970.0,2.0,2.0,0.9820137900379085,0.0,0.0,0.0,0.0,0.0,0.0,0.0,0.0,0.0,0.0,0.0,3437.7908477783203
4541,native_learned_gate,supported_native_episode_loop,-18377.185,5.079,0.2894,-5.6578,66.0,0.7480916030534351,338.64295673547804,5.717654448026024,-44.50763358778626,4.258572285583939,0.0,4971.0,0.0,0.0,0.0,0.0,0.0,0.0,0.0,0.0,0.0,0.0,0.0,0.0,0.0,0.0,3101.229608154297
4551,native_learned_gate,supported_native_episode_loop,-18725.326,47.933,0.6024,-49.1378,66.0,0.7480916030534351,344.96432657909145,6.969165897326936,-44.0,5.441570271796622,1.0,4970.0,2.0,2.0,0.9820137900379085,0.0,0.0,0.0,0.0,0.0,0.0,0.0,0.0,0.0,0.0,0.0,11701.807470703125
4561,native_learned_gate,supported_native_episode_loop,-20131.781,6.75,0.8216,-8.3932,66.0,0.7480916030534351,333.3253839458218,9.735196201027996,-44.41984732824427,4.528879676225624,0.0,4971.0,2.0,2.0,0.9820137900379085,0.0,0.0,0.0,0.0,0.0,0.0,0.0,0.0,0.0,0.0,0.0,16769.78952636719
4571,native_learned_gate,supported_native_episode_loop,-3176.035,6.871,0.5394,-7.949800000000001,66.0,0.7480916030534351,348.6663285296078,7.500356828012652,-41.00763358778626,12.59285886524951,1.0,4969.0,2.0,2.0,0.9820137900379085,0.0,0.0,0.0,0.0,0.0,0.0,0.0,0.0,0.0,0.0,0.0,103032.87407226562
4581,native_learned_gate,supported_native_episode_loop,-20202.047,10.111,0.8083,-11.7276,66.0,0.7480916030534351,339.33042163745745,6.737071981837461,-44.04961832061068,5.148317357161078,0.0,4971.0,2.0,2.0,0.9820137900379085,0.0,0.0,0.0,0.0,0.0,0.0,0.0,0.0,0.0,0.0,0.0,61528.49013671875
4591,native_learned_gate,supported_native_episode_loop,-19126.309,9.427,0.3787,-10.1844,66.0,0.7480916030534351,339.3224585044171,9.023603707002431,-44.38549618320611,4.588429226769158,1.0,4970.0,2.0,2.0,0.9820137900379085,0.0,0.0,0.0,0.0,0.0,0.0,0.0,0.0,0.0,0.0,0.0,230418.5677734375
4601,native_learned_gate,supported_native_episode_loop,-6487.802,6.621,0.493,-7.607,66.0,0.7480916030534351,347.6132343326911,5.095809335374132,-44.25190839694657,4.976806529115846,1.0,4970.0,2.0,2.0,0.9820137900379085,0.0,0.0,0.0,0.0,0.0,0.0,0.0,0.0,0.0,0.0,0.0,19528.560290527344
4611,native_learned_gate,supported_native_episode_loop,-18093.557,4.747,0.5909,-5.9288,66.0,0.7480916030534351,342.22864370258105,8.955314349949127,-44.38549618320611,4.591755341937813,0.8461538461538461,4971.0,2.0,2.0,0.9820137900379085,0.0,0.0,0.0,0.0,0.0,0.0,0.0,0.0,0.0,0.0,0.0,48598.15954589844
4621,native_learned_gate,supported_native_episode_loop,-15804.017,5.552,0.6658,-6.8835999999999995,66.0,0.7480916030534351,338.18852891902657,6.11094472620603,-44.5,4.291612625959816,0.8461538461538461,4971.0,2.0,2.0,0.9820137900379085,0.0,0.0,0.0,0.0,0.0,0.0,0.0,0.0,0.0,0.0,0.0,31910.779052734375
4631,native_learned_gate,supported_native_episode_loop,-17564.222,8.008,0.5847,-9.177399999999999,66.0,0.7480916030534351,342.63674322930626,6.320832657282651,-44.458015267175576,4.394235540398323,0.6923076923076924,4973.0,2.0,2.0,0.9820137900379085,0.0,0.0,0.0,0.0,0.0,0.0,0.0,0.0,0.0,0.0,0.0,2775.39001159668
4641,native_learned_gate,supported_native_episode_loop,-2897.864,5.473,0.4493,-6.3716,66.0,0.7480916030534351,337.3936704806699,7.259370151612737,-44.217557251908396,4.534262792466896,0.0,4971.0,2.0,2.0,0.9820137900379085,0.0,0.0,0.0,0.0,0.0,0.0,0.0,0.0,0.0,0.0,0.0,7965.980395507812
4651,native_learned_gate,supported_native_episode_loop,-6427.732,9.496,0.5709,-10.6378,66.0,0.7480916030534351,340.91612909586377,5.453407417750611,-44.31679389312977,4.780968196553001,1.0,4970.0,2.0,2.0,0.9820137900379085,0.0,0.0,0.0,0.0,0.0,0.0,0.0,0.0,0.0,0.0,0.0,34973.6169921875
4661,native_learned_gate,supported_native_episode_loop,-18869.61,7.373,0.5725,-8.518,66.0,0.7480916030534351,344.2987283627041,5.50844110381214,-44.20992366412214,5.117495137537742,0.0,4970.0,2.0,2.0,0.9820137900379085,0.0,0.0,0.0,0.0,0.0,0.0,0.0,0.0,0.0,0.0,0.0,19062.608459472656
4671,native_learned_gate,supported_native_episode_loop,-7982.022,22.66,0.5446,-23.749200000000002,66.0,0.7480916030534351,326.91121372582046,4.7001056545941955,-44.5,4.291612625959816,1.0,4971.0,2.0,2.0,0.9820137900379085,0.0,0.0,0.0,0.0,0.0,0.0,0.0,0.0,0.0,0.0,0.0,61504.81547851562
4681,native_learned_gate,supported_native_episode_loop,-17864.025,3.904,0.5191,-4.9422,66.0,0.7480916030534351,347.7811113580265,6.346206264410661,-44.458015267175576,4.409842464833909,0.0,4971.0,2.0,2.0,0.9820137900379085,0.0,0.0,0.0,0.0,0.0,0.0,0.0,0.0,0.0,0.0,0.0,18048.243493652342
4691,native_learned_gate,supported_native_episode_loop,-18990.072,3.946,0.6063,-5.1586,66.0,0.7480916030534351,332.80454541823946,5.828153739185306,-44.48473282442748,4.323484127986721,0.0,4971.0,0.0,0.0,0.0,0.0,0.0,0.0,0.0,0.0,0.0,0.0,0.0,0.0,0.0,0.0,14234.251538085937
4701,native_learned_gate,supported_native_episode_loop,-18781.645,13.595,0.5071,-14.609200000000001,66.0,0.7480916030534351,334.3089523055778,5.740256420204796,-44.56106870229008,4.068367501228348,1.0,4971.0,0.0,0.0,0.0,0.0,0.0,0.0,0.0,0.0,0.0,0.0,0.0,0.0,0.0,0.0,3187.7915283203124
4711,native_learned_gate,supported_native_episode_loop,-17237.464,4.208,0.5354,-5.2788,66.0,0.7480916030534351,336.28368361135773,4.229206896403325,-44.44274809160305,4.486043336215641,0.5384615384615384,4971.0,2.0,2.0,0.9820137900379085,0.0,0.0,0.0,0.0,0.0,0.0,0.0,0.0,0.0,0.0,0.0,27910.773986816406
4721,native_learned_gate,supported_native_episode_loop,-9098.867,4.918,0.479,-5.876,66.0,0.7480916030534351,339.3557306566918,5.71763208966706,-44.38549618320611,4.557547588449055,1.0,4970.0,2.0,2.0,0.9820137900379085,0.0,0.0,0.0,0.0,0.0,0.0,0.0,0.0,0.0,0.0,0.0,20544.891650390626
4731,native_learned_gate,supported_native_episode_loop,-11650.927,4.816,0.5226,-5.8612,66.0,0.7480916030534351,340.01517783973657,6.971686026271835,-44.347328244274806,4.714519205073173,1.0,4971.0,2.0,2.0,0.9820137900379085,0.0,0.0,0.0,0.0,0.0,0.0,0.0,0.0,0.0,0.0,0.0,1746.0246612548829
4741,native_learned_gate,supported_native_episode_loop,-3239.912,7.063,0.5037,-8.0704,66.0,0.7480916030534351,340.7942840576779,5.24349426380219,-44.51908396946565,4.215295929300231,1.0,4971.0,2.0,2.0,0.9820137900379085,0.0,0.0,0.0,0.0,0.0,0.0,0.0,0.0,0.0,0.0,0.0,404.94258880615234
4751,native_learned_gate,supported_native_episode_loop,-2999.537,6.643,0.4899,-7.6228,66.0,0.7480916030534351,342.9596724582424,6.1624098029741265,-44.43893129770992,4.451829926846945,0.0,4971.0,2.0,2.0,0.9820137900379085,0.0,0.0,0.0,0.0,0.0,0.0,0.0,0.0,0.0,0.0,0.0,30079.677209472655
4761,native_learned_gate,supported_native_episode_loop,-10428.283,4.2,0.4089,-5.0178,66.0,0.7480916030534351,340.7437463733683,13.466906094181573,-44.412213740458014,4.413494623765804,0.0,4971.0,2.0,2.0,0.9820137900379085,0.0,0.0,0.0,0.0,0.0,0.0,0.0,0.0,0.0,0.0,0.0,4367.273184204101
4771,native_learned_gate,supported_native_episode_loop,-2868.389,5.097,0.4859,-6.0688,66.0,0.7480916030534351,335.28687051877415,5.080159954094819,-44.33969465648855,4.81757563731688,0.0,4972.0,1.0,1.0,0.9820137900379085,0.0,0.0,0.0,0.0,0.0,0.0,0.0,0.0,0.0,0.0,0.0,329.0727409362793
4781,native_learned_gate,supported_native_episode_loop,-2568.204,5.621,0.4659,-6.5528,66.0,0.7480916030534351,328.37390805989423,5.375938880570007,-44.52290076335878,4.218897234544625,0.0,4970.0,2.0,2.0,0.9820137900379085,0.0,0.0,0.0,0.0,0.0,0.0,0.0,0.0,0.0,0.0,0.0,209.30883445739747
4791,native_learned_gate,supported_native_episode_loop,-18991.77,31.441,0.4843,-32.4096,66.0,0.7480916030534351,340.4681049048432,6.21193431903726,-44.43511450381679,4.46718183383072,0.0,4971.0,0.0,0.0,0.0,0.0,0.0,0.0,0.0,0.0,0.0,0.0,0.0,0.0,0.0,0.0,2018.1856414794922
4801,native_learned_gate,supported_native_episode_loop,-19333.823,42.179,0.3169,-42.8128,66.0,0.7480916030534351,339.4599965738583,5.903495479925342,-44.33587786259542,4.764869353355672,0.8461538461538461,4971.0,2.0,2.0,0.9820137900379085,0.0,0.0,0.0,0.0,0.0,0.0,0.0,0.0,0.0,0.0,0.0,36554.4638671875
4811,native_learned_gate,supported_native_episode_loop,-3874.821,5.03,0.42,-5.87,66.0,0.7480916030534351,339.1171617163577,6.9283612217400234,-43.52290076335878,7.51724800307735,1.0,4971.0,2.0,2.0,0.9820137900379085,0.0,0.0,0.0,0.0,0.0,0.0,0.0,0.0,0.0,0.0,0.0,34990.329809570314
4821,native_learned_gate,supported_native_episode_loop,-8709.096,6.285,0.5085,-7.302,66.0,0.7480916030534351,346.7476178707133,8.037257574862384,-43.87404580152672,5.801698721837504,1.0,4971.0,2.0,2.0,0.9820137900379085,0.0,0.0,0.0,0.0,0.0,0.0,0.0,0.0,0.0,0.0,0.0,533.3957447052002
4831,native_learned_gate,supported_native_episode_loop,-19049.793,66.555,0.7746,-68.1042,66.0,0.7480916030534351,344.9806362180764,5.964018703661924,-44.23664122137404,5.064216722128158,0.8461538461538461,4971.0,2.0,2.0,0.9820137900379085,0.0,0.0,0.0,0.0,0.0,0.0,0.0,0.0,0.0,0.0,0.0,2654.129528808594
4841,native_learned_gate,supported_native_episode_loop,-17830.289,4.391,0.4983,-5.3876,66.0,0.7480916030534351,350.1060034465699,4.253406968472578,-44.400763358778626,4.597094937026152,1.0,4971.0,2.0,2.0,0.9820137900379085,0.0,0.0,0.0,0.0,0.0,0.0,0.0,0.0,0.0,0.0,0.0,11818.95897216797
4851,native_learned_gate,supported_native_episode_loop,-7676.837,9.197,0.4546,-10.1062,66.0,0.7480916030534351,335.1471031629402,10.868583805756376,-44.56488549618321,4.04667281414639,0.0,4971.0,2.0,2.0,0.9820137900379085,0.0,0.0,0.0,0.0,0.0,0.0,0.0,0.0,0.0,0.0,0.0,51506.87514648437
4861,native_learned_gate,supported_native_episode_loop,-11707.099,5.6,0.4112,-6.4224,66.0,0.7480916030534351,341.3737428767081,10.458743034747307,-43.8206106870229,4.9549761795631735,0.0,4971.0,2.0,2.0,0.9820137900379085,0.0,0.0,0.0,0.0,0.0,0.0,0.0,0.0,0.0,0.0,0.0,29368.20517578125
4871,native_learned_gate,supported_native_episode_loop,-20486.707,27.419,0.7139,-28.8468,66.0,0.7480916030534351,334.52449898950323,5.68309438902282,-44.30152671755725,4.878359828436028,0.0,4970.0,2.0,2.0,0.9820137900379085,0.0,0.0,0.0,0.0,0.0,0.0,0.0,0.0,0.0,0.0,0.0,199103.016015625
4881,native_learned_gate,supported_native_episode_loop,-2468.909,3.996,0.4913,-4.9786,66.0,0.7480916030534351,340.6434267028294,5.236003896047544,-43.98473282442748,5.034210798499773,0.0,4970.0,2.0,2.0,0.9820137900379085,0.0,0.0,0.0,0.0,0.0,0.0,0.0,0.0,0.0,0.0,0.0,291.32066879272463
4891,native_learned_gate,supported_native_episode_loop,-7867.464,4.374,0.4615,-5.297,66.0,0.7480916030534351,333.2321479791903,7.347205603390534,-44.24045801526717,5.15553920778869,1.0,4970.0,2.0,2.0,0.9820137900379085,0.0,0.0,0.0,0.0,0.0,0.0,0.0,0.0,0.0,0.0,0.0,671.2369140625
4901,native_learned_gate,supported_native_episode_loop,-12647.184,34.42,0.5328,-35.485600000000005,66.0,0.7480916030534351,331.57182767785537,5.235685343003187,-44.52671755725191,4.2061899937755465,0.9086943390805287,4971.0,2.0,2.0,0.9820137900379085,0.0,0.0,0.0,0.0,0.0,0.0,0.0,0.0,0.0,0.0,0.0,19194.09812011719
4911,native_learned_gate,supported_native_episode_loop,-3399.895,6.927,0.6365,-8.2,66.0,0.7480916030534351,338.00361763551336,6.60889762714085,-44.5,4.281818476494403,0.0,4970.0,2.0,2.0,0.9820137900379085,0.0,0.0,0.0,0.0,0.0,0.0,0.0,0.0,0.0,0.0,0.0,568.2131935119629
4921,native_learned_gate,supported_native_episode_loop,-11034.761,8.411,0.6141,-9.639199999999999,66.0,0.7480916030534351,339.09069712623085,7.5602384644243745,-44.11068702290076,5.6113945132169585,0.0,4971.0,2.0,2.0,0.9820137900379085,0.0,0.0,0.0,0.0,0.0,0.0,0.0,0.0,0.0,0.0,0.0,60082.49721679687
4931,native_learned_gate,supported_native_episode_loop,-18977.801,4.448,0.6609,-5.7698,66.0,0.7480916030534351,340.1545157389938,7.584898029972704,-44.038167938931295,5.7894410073774285,0.2610441806427959,4971.0,2.0,2.0,0.9820137900379085,0.0,0.0,0.0,0.0,0.0,0.0,0.0,0.0,0.0,0.0,0.0,7179.999670410156
4941,native_learned_gate,supported_native_episode_loop,-18216.542,4.706,0.4101,-5.5262,66.0,0.7480916030534351,339.73751663797685,4.708970264711373,-44.458015267175576,4.408111090827894,0.0,4972.0,0.0,0.0,0.0,0.0,0.0,0.0,0.0,0.0,0.0,0.0,0.0,0.0,0.0,0.0,11132.317761230468
4951,native_learned_gate,supported_native_episode_loop,-2557.098,4.771,0.321,-5.413,66.0,0.7480916030534351,346.2228279359013,4.842196984449839,-43.778625954198475,5.674087445660822,0.0,4970.0,2.0,2.0,0.9820137900379085,0.0,0.0,0.0,0.0,0.0,0.0,0.0,0.0,0.0,0.0,0.0,36292.295166015625
4961,native_learned_gate,supported_native_episode_loop,-2645.519,3.86,0.3372,-4.5344,66.0,0.7480916030534351,336.9276244280637,5.859344067070367,-44.43893129770992,4.474065598537065,1.0,4970.0,2.0,2.0,0.9820137900379085,0.0,0.0,0.0,0.0,0.0,0.0,0.0,0.0,0.0,0.0,0.0,1698.3788597106934
4971,native_learned_gate,supported_native_episode_loop,-4326.182,5.063,0.5171,-6.0972,66.0,0.7480916030534351,337.6268413416605,6.577032281426335,-44.35114503816794,4.769373771241211,0.23076923076923078,4971.0,2.0,2.0,0.9820137900379085,0.0,0.0,0.0,0.0,0.0,0.0,0.0,0.0,0.0,0.0,0.0,2529.689468383789
4981,native_learned_gate,supported_native_episode_loop,-17727.635,49.178,0.5056,-50.1892,66.0,0.7480916030534351,340.91924967620207,5.7673663802317545,-44.30916030534351,4.888824307715178,0.0,4970.0,2.0,2.0,0.9820137900379085,0.0,0.0,0.0,0.0,0.0,0.0,0.0,0.0,0.0,0.0,0.0,91593.40205078125
4991,native_learned_gate,supported_native_episode_loop,-3611.374,7.109,0.392,-7.893,66.0,0.7480916030534351,331.4043940724704,6.215284018662993,-44.37404580152672,4.674661073337186,1.0,4971.0,2.0,2.0,0.9820137900379085,0.0,0.0,0.0,0.0,0.0,0.0,0.0,0.0,0.0,0.0,0.0,1097.8927963256835
5001,native_learned_gate,supported_native_episode_loop,-2725.683,5.256,0.5224,-6.300800000000001,66.0,0.7480916030534351,340.96241361121184,13.430429792418849,-43.721374045801525,5.156578954010564,0.0,4970.0,0.0,0.0,0.0,0.0,0.0,0.0,0.0,0.0,0.0,0.0,0.0,0.0,0.0,0.0,120.17915706634521
5011,native_learned_gate,supported_native_episode_loop,-2591.456,7.238,0.3722,-7.9824,66.0,0.7480916030534351,337.47271069646183,11.008213544052696,-44.465648854961835,4.366418886451955,0.0,4971.0,2.0,2.0,0.9820137900379085,0.0,0.0,0.0,0.0,0.0,0.0,0.0,0.0,0.0,0.0,0.0,17668.412512207033
5021,native_learned_gate,supported_native_episode_loop,-2850.204,4.783,0.5374,-5.8578,66.0,0.7480916030534351,335.8685833765957,4.722398660769709,-44.39312977099237,4.614327022292165,0.0,4971.0,2.0,2.0,0.9820137900379085,0.0,0.0,0.0,0.0,0.0,0.0,0.0,0.0,0.0,0.0,0.0,12975.686682128906
5031,native_learned_gate,supported_native_episode_loop,-18940.799,44.051,0.4751,-45.001200000000004,66.0,0.7480916030534351,347.8014694120744,9.218787551823487,-42.8587786259542,5.8713220773286094,0.8461538461538461,4971.0,2.0,2.0,0.9820137900379085,0.0,0.0,0.0,0.0,0.0,0.0,0.0,0.0,0.0,0.0,0.0,66159.4892578125
5041,native_learned_gate,supported_native_episode_loop,-18513.383,6.327,0.5851,-7.497199999999999,66.0,0.7480916030534351,350.9198111851318,7.373019367576004,-41.083969465648856,8.104318110094272,1.0,4971.0,2.0,2.0,0.9820137900379085,0.0,0.0,0.0,0.0,0.0,0.0,0.0,0.0,0.0,0.0,0.0,21652.307971191407
5051,native_learned_gate,supported_native_episode_loop,-3671.12,4.797,0.4874,-5.7718,66.0,0.7480916030534351,333.68312037318714,6.850050504280513,-44.56488549618321,4.105664001752435,1.0,4972.0,2.0,2.0,0.9820137900379085,0.0,0.0,0.0,0.0,0.0,0.0,0.0,0.0,0.0,0.0,0.0,56638.23452148437
5061,native_learned_gate,supported_native_episode_loop,-7247.983,5.72,0.6949,-7.1098,66.0,0.7480916030534351,327.95785707860205,7.109547287447324,-44.530534351145036,4.1669618992971404,1.0,4972.0,2.0,2.0,0.9820137900379085,0.0,0.0,0.0,0.0,0.0,0.0,0.0,0.0,0.0,0.0,0.0,7761.189599609375
5071,native_learned_gate,supported_native_episode_loop,-2865.133,4.446,0.4205,-5.287,66.0,0.7480916030534351,335.3252442450924,8.118531534959436,-44.14885496183206,5.4825172021703406,0.0,4971.0,2.0,2.0,0.9820137900379085,0.0,0.0,0.0,0.0,0.0,0.0,0.0,0.0,0.0,0.0,0.0,38769.35760498047
5081,native_learned_gate,supported_native_episode_loop,-3622.597,5.139,0.2972,-5.7334000000000005,66.0,0.7480916030534351,343.59055037377146,10.661682755750233,-42.20610687022901,8.427252735045654,0.0,4970.0,2.0,2.0,0.9820137900379085,0.0,0.0,0.0,0.0,0.0,0.0,0.0,0.0,0.0,0.0,0.0,7584.9554992675785
5091,native_learned_gate,supported_native_episode_loop,-12606.93,13.239,0.4859,-14.2108,66.0,0.7480916030534351,335.6764226111823,5.8344235702131,-44.530534351145036,4.179765746929087,0.0,4972.0,2.0,2.0,0.9820137900379085,0.0,0.0,0.0,0.0,0.0,0.0,0.0,0.0,0.0,0.0,0.0,2062.437936401367
5101,native_learned_gate,supported_native_episode_loop,-15834.718,5.058,0.7656,-6.5892,66.0,0.7480916030534351,343.31000037386667,16.95269286781232,-43.75954198473283,4.705791115129277,0.8461538461538461,4972.0,2.0,2.0,0.9820137900379085,0.0,0.0,0.0,0.0,0.0,0.0,0.0,0.0,0.0,0.0,0.0,19216.248046875
5111,native_learned_gate,supported_native_episode_loop,-7362.068,18.129,0.4634,-19.0558,66.0,0.7480916030534351,328.9364531548575,5.736376418252493,-44.45038167938932,4.416682013343567,1.0,4971.0,2.0,2.0,0.9820137900379085,0.0,0.0,0.0,0.0,0.0,0.0,0.0,0.0,0.0,0.0,0.0,1481.9304306030274
5121,native_learned_gate,supported_native_episode_loop,-14297.92,6.29,0.4711,-7.2322,66.0,0.7480916030534351,335.29278503855073,7.161871777937803,-44.36259541984733,4.56946112175004,1.0,4970.0,2.0,2.0,0.9820137900379085,0.0,0.0,0.0,0.0,0.0,0.0,0.0,0.0,0.0,0.0,0.0,22598.249291992186
5131,native_learned_gate,supported_native_episode_loop,-16168.442,9.814,0.5925,-10.999,66.0,0.7480916030534351,342.9139845324911,7.880461427427764,-44.465648854961835,4.353287272300145,0.0,4971.0,2.0,2.0,0.9820137900379085,0.0,0.0,0.0,0.0,0.0,0.0,0.0,0.0,0.0,0.0,0.0,27147.363525390625
5141,native_learned_gate,supported_native_episode_loop,-2756.045,9.983,0.4518,-10.886600000000001,66.0,0.7480916030534351,339.93299730903925,8.761045240285059,-44.30152671755725,4.869745902000385,0.0,4970.0,2.0,2.0,0.9820137900379085,0.0,0.0,0.0,0.0,0.0,0.0,0.0,0.0,0.0,0.0,0.0,1800.9902973175049
5151,native_learned_gate,supported_native_episode_loop,-16362.06,5.59,0.4357,-6.461399999999999,66.0,0.7480916030534351,335.4752869599952,5.618826731496101,-44.48854961832061,4.347266250253307,0.0,4970.0,1.0,1.0,0.9820137900379085,0.0,0.0,0.0,0.0,0.0,0.0,0.0,0.0,0.0,0.0,0.0,58174.262426757814
5161,native_learned_gate,supported_native_episode_loop,-2878.465,5.668,0.3714,-6.4108,66.0,0.7480916030534351,334.7404036599868,5.898040701624502,-44.461832061068705,4.378607921540264,1.0,4972.0,2.0,2.0,0.9820137900379085,0.0,0.0,0.0,0.0,0.0,0.0,0.0,0.0,0.0,0.0,0.0,848.8620323181152
5171,native_learned_gate,supported_native_episode_loop,-3005.566,3.917,0.4059,-4.7288,66.0,0.7480916030534351,334.463988397079,4.9446915504860165,-44.55725190839695,4.072173876638904,0.0,4972.0,0.0,0.0,0.0,0.0,0.0,0.0,0.0,0.0,0.0,0.0,0.0,0.0,0.0,0.0,7348.200350952148
5181,native_learned_gate,supported_native_episode_loop,-16808.403,5.236,0.6046,-6.4452,66.0,0.7480916030534351,333.83778492812894,7.763359776251639,-44.461832061068705,4.40987715144997,1.0,4971.0,1.0,1.0,0.9820137900379085,0.0,0.0,0.0,0.0,0.0,0.0,0.0,0.0,0.0,0.0,0.0,3411.0972412109377
5191,native_learned_gate,supported_native_episode_loop,-11000.267,5.789,0.6158,-7.0206,66.0,0.7480916030534351,345.46098474050103,5.878434212430062,-44.412213740458014,4.555627723411452,0.8700468750208064,4970.0,2.0,2.0,0.9820137900379085,0.0,0.0,0.0,0.0,0.0,0.0,0.0,0.0,0.0,0.0,0.0,37681.88137207031
5201,native_learned_gate,supported_native_episode_loop,-3016.616,4.413,0.4705,-5.354,66.0,0.7480916030534351,343.779465274562,4.979518856668391,-43.94274809160305,5.87339103235813,0.6923076923076924,4970.0,0.0,0.0,0.0,0.0,0.0,0.0,0.0,0.0,0.0,0.0,0.0,0.0,0.0,0.0,60114.67348632812
5211,native_learned_gate,supported_native_episode_loop,-18312.919,27.411,0.551,-28.513,66.0,0.7480916030534351,343.9000179622616,6.048395992188782,-44.51908396946565,4.20260033105308,0.0,4970.0,2.0,2.0,0.9820137900379085,0.0,0.0,0.0,0.0,0.0,0.0,0.0,0.0,0.0,0.0,0.0,101240.55224609375
5221,native_learned_gate,supported_native_episode_loop,-2854.493,3.83,0.5752,-4.9804,66.0,0.7480916030534351,343.29983966632653,6.477135576117592,-44.5,4.274681363956708,0.8461538461538461,4972.0,0.0,0.0,0.0,0.0,0.0,0.0,0.0,0.0,0.0,0.0,0.0,0.0,0.0,0.0,1926.4783527374268
5231,native_learned_gate,supported_native_episode_loop,-18233.629,4.694,0.5531,-5.8002,66.0,0.7480916030534351,346.43376662275415,7.116594120492447,-44.400763358778626,4.240354950273183,0.0,4971.0,2.0,2.0,0.9820137900379085,0.0,0.0,0.0,0.0,0.0,0.0,0.0,0.0,0.0,0.0,0.0,4556.074719238281
5241,native_learned_gate,supported_native_episode_loop,-14995.961,8.022,0.308,-8.638,66.0,0.7480916030534351,331.3248082469134,4.995040159670619,-44.50763358778626,4.247803533369746,1.0,4971.0,2.0,2.0,0.9820137900379085,0.0,0.0,0.0,0.0,0.0,0.0,0.0,0.0,0.0,0.0,0.0,71527.67004394531
5251,native_learned_gate,supported_native_episode_loop,-5603.478,7.519,0.4689,-8.4568,66.0,0.7480916030534351,332.566165014563,5.112962516250946,-44.408396946564885,4.554714664443261,0.0,4971.0,0.0,0.0,0.0,0.0,0.0,0.0,0.0,0.0,0.0,0.0,0.0,0.0,0.0,0.0,975.7898696899414
5261,native_learned_gate,supported_native_episode_loop,-2561.101,4.808,0.4965,-5.801,66.0,0.7480916030534351,341.9238123356452,9.28880670942886,-44.33206106870229,4.749492012620928,1.0,4971.0,2.0,2.0,0.9820137900379085,0.0,0.0,0.0,0.0,0.0,0.0,0.0,0.0,0.0,0.0,0.0,3919.8711364746096
5271,native_learned_gate,supported_native_episode_loop,-18203.073,14.826,0.551,-15.928,66.0,0.7480916030534351,345.33693580949733,11.862063360424633,-36.52290076335878,18.59649505220791,0.0,4970.0,2.0,2.0,0.9820137900379085,0.0,0.0,0.0,0.0,0.0,0.0,0.0,0.0,0.0,0.0,0.0,13045.167407226563
5281,native_learned_gate,supported_native_episode_loop,-2737.702,3.887,0.5446,-4.9762,66.0,0.7480916030534351,352.87820910473965,7.468163063326414,-18.706106870229007,35.878631833559666,0.0,4972.0,2.0,2.0,0.9820137900379085,0.0,0.0,0.0,0.0,0.0,0.0,0.0,0.0,0.0,0.0,0.0,15980.95411376953
5291,native_learned_gate,supported_native_episode_loop,-3996.791,8.057,0.3527,-8.7624,66.0,0.7480916030534351,328.8887087206198,5.935118324721588,-44.603053435114504,3.9677697492929487,0.0,4971.0,2.0,2.0,0.9820137900379085,0.0,0.0,0.0,0.0,0.0,0.0,0.0,0.0,0.0,0.0,0.0,8799.89517211914
5301,native_learned_gate,supported_native_episode_loop,-3471.772,3.677,0.4998,-4.6766000000000005,66.0,0.7480916030534351,344.1386581205382,6.342522871400194,-44.43129770992366,4.479070650086694,0.0,4972.0,0.0,0.0,0.0,0.0,0.0,0.0,0.0,0.0,0.0,0.0,0.0,0.0,0.0,0.0,8477.135778808593
5311,native_learned_gate,supported_native_episode_loop,-2403.37,3.713,0.4662,-4.6454,66.0,0.7480916030534351,340.36326919311404,5.083147888157481,-44.465648854961835,4.363795724894276,0.44978764248503755,4970.0,2.0,2.0,0.9820137900379085,0.0,0.0,0.0,0.0,0.0,0.0,0.0,0.0,0.0,0.0,0.0,22808.020239257814
201,native_wait_aware_replan,supported_native_episode_loop,-18997.869,5.2,0.5484,-6.2968,66.0,0.7480916030534351,334.5140595732603,8.467248306683421,-44.43511450381679,4.462907751407808,0.0,4971.0,0.0,0.0,0.0,0.0,0.0,0.0,0.0,0.0,0.0,0.0,0.0,0.0,0.0,0.0,35761.37121582031
211,native_wait_aware_replan,supported_native_episode_loop,-4480.738,11.154,0.5876,-12.3292,66.0,0.7480916030534351,341.41418134685387,5.663341582661834,-44.458015267175576,4.408111090827894,0.8461538461538461,4970.0,0.0,0.0,0.0,0.0,0.0,0.0,0.0,0.0,0.0,0.0,0.0,0.0,0.0,0.0,1105.8955673217774
221,native_wait_aware_replan,supported_native_episode_loop,-18410.618,4.739,0.4495,-5.638,66.0,0.7480916030534351,343.38586411953884,6.331430069422512,-44.33969465648855,4.749755789452452,0.0,4972.0,0.0,0.0,0.0,0.0,0.0,0.0,0.0,0.0,0.0,0.0,0.0,0.0,0.0,0.0,73512.7798828125
231,native_wait_aware_replan,supported_native_episode_loop,-10209.799,4.383,0.5879,-5.5588,66.0,0.7480916030534351,334.9926582292405,9.945916610137438,-44.49236641221374,4.290716382126527,0.8461538461538461,4970.0,0.0,0.0,0.0,0.0,0.0,0.0,0.0,0.0,0.0,0.0,0.0,0.0,0.0,0.0,2900.332830810547
241,native_wait_aware_replan,supported_native_episode_loop,-2798.204,8.529,0.478,-9.485,66.0,0.7480916030534351,325.4533467994088,7.277948902712453,-44.38931297709924,4.640631240103601,1.0,4970.0,0.0,0.0,0.0,0.0,0.0,0.0,0.0,0.0,0.0,0.0,0.0,0.0,0.0,0.0,11356.05355834961
251,native_wait_aware_replan,supported_native_episode_loop,-2551.573,3.779,0.3801,-4.5392,66.0,0.7480916030534351,343.2584656543935,6.796729871493199,-44.19847328244275,4.718681157654837,1.0,4970.0,0.0,0.0,0.0,0.0,0.0,0.0,0.0,0.0,0.0,0.0,0.0,0.0,0.0,0.0,114.52316331863403
261,native_wait_aware_replan,supported_native_episode_loop,-2722.077,7.324,0.4328,-8.1896,66.0,0.7480916030534351,340.98051314994353,7.358130382871196,-44.52671755725191,4.198015242190195,1.0,4971.0,0.0,0.0,0.0,0.0,0.0,0.0,0.0,0.0,0.0,0.0,0.0,0.0,0.0,0.0,7606.157113647461
271,native_wait_aware_replan,supported_native_episode_loop,-19905.315,19.487,0.4719,-20.430799999999998,66.0,0.7480916030534351,334.2909146284633,4.187557894436526,-44.530534351145036,4.1724540736731415,0.0,4970.0,0.0,0.0,0.0,0.0,0.0,0.0,0.0,0.0,0.0,0.0,0.0,0.0,0.0,0.0,60131.9783203125
281,native_wait_aware_replan,supported_native_episode_loop,-15383.061,4.472,0.6889,-5.8498,66.0,0.7480916030534351,335.30071079627857,5.529421193829805,-44.538167938931295,4.134715401658565,0.0,4972.0,0.0,0.0,0.0,0.0,0.0,0.0,0.0,0.0,0.0,0.0,0.0,0.0,0.0,0.0,31417.50079345703
291,native_wait_aware_replan,supported_native_episode_loop,-11419.763,5.493,0.6386,-6.7702,66.0,0.7480916030534351,346.71721499390503,5.191315560493146,-44.42748091603053,4.483269210578515,0.0,4971.0,0.0,0.0,0.0,0.0,0.0,0.0,0.0,0.0,0.0,0.0,0.0,0.0,0.0,0.0,47709.63139648437
301,native_wait_aware_replan,supported_native_episode_loop,-3011.818,6.129,0.5404,-7.2097999999999995,66.0,0.7480916030534351,348.35030743364456,12.67200149462506,-25.366412213740457,22.9057831648465,0.5384615384615384,4971.0,1.0,1.0,0.9820137900379085,1.0,0.6136526081688469,0.48487014422512925,0.9997599787586181,0.0,0.7383989691734314,-2.0,2.0,1.0,1.9999996833503246,2.3942198902368546,3294.7269897460938
311,native_wait_aware_replan,supported_native_episode_loop,-13102.942,5.543,0.5485,-6.640000000000001,66.0,0.7480916030534351,346.57637223299525,10.808482379968723,-39.603053435114504,15.582177815879726,0.0,4971.0,0.0,0.0,0.0,0.0,0.0,0.0,0.0,0.0,0.0,0.0,0.0,0.0,0.0,0.0,80882.62517089843
321,native_wait_aware_replan,supported_native_episode_loop,-2834.073,4.792,0.5859,-5.9638,66.0,0.7480916030534351,331.0907001039151,4.650877108475851,-44.50381679389313,4.277357473815105,0.0,4970.0,0.0,0.0,0.0,0.0,0.0,0.0,0.0,0.0,0.0,0.0,0.0,0.0,0.0,0.0,47475.84389648437
331,native_wait_aware_replan,supported_native_episode_loop,-3807.758,5.667,0.4203,-6.5076,66.0,0.7480916030534351,343.89845231977733,6.764156573471823,-44.19083969465649,5.139451516488187,0.0,4971.0,0.0,0.0,0.0,0.0,0.0,0.0,0.0,0.0,0.0,0.0,0.0,0.0,0.0,0.0,620.0770866394043
341,native_wait_aware_replan,supported_native_episode_loop,-17455.41,14.918,0.5155,-15.949,66.0,0.7480916030534351,329.24539121986953,4.910453725115944,-44.538167938931295,4.160482172865041,0.0,4971.0,0.0,0.0,0.0,0.0,0.0,0.0,0.0,0.0,0.0,0.0,0.0,0.0,0.0,0.0,15821.55167236328
351,native_wait_aware_replan,supported_native_episode_loop,-16912.506,5.247,0.4707,-6.1884,66.0,0.7480916030534351,340.43839673641077,6.003167162696262,-44.30534351145038,4.750079356140639,0.0,4970.0,0.0,0.0,0.0,0.0,0.0,0.0,0.0,0.0,0.0,0.0,0.0,0.0,0.0,0.0,4204.877505493164
361,native_wait_aware_replan,supported_native_episode_loop,-3024.825,5.679,0.3388,-6.3566,66.0,0.7480916030534351,334.68928714320253,4.60989385336234,-44.469465648854964,4.372561796136647,0.0,4970.0,0.0,0.0,0.0,0.0,0.0,0.0,0.0,0.0,0.0,0.0,0.0,0.0,0.0,0.0,882.7755836486816
371,native_wait_aware_replan,supported_native_episode_loop,-2623.568,8.455,0.3905,-9.236,66.0,0.7480916030534351,344.94504970323493,6.650770248459691,-44.25190839694657,4.982172050697761,0.0,4970.0,1.0,1.0,0.9820137900379085,1.0,0.6579383101805115,0.5439177469073487,1.0632073249689213,0.0,0.7957915663719177,-2.0,2.0,1.0,1.9999996423721313,2.1357628107070923,4697.7753433227535
381,native_wait_aware_replan,supported_native_episode_loop,-19745.804,30.258,0.605,-31.468,66.0,0.7480916030534351,343.4254576376073,8.471993995773094,-44.26335877862596,4.6744507144652765,0.0,4971.0,0.0,0.0,0.0,0.0,0.0,0.0,0.0,0.0,0.0,0.0,0.0,0.0,0.0,0.0,103339.21098632812
391,native_wait_aware_replan,supported_native_episode_loop,-14607.586,5.777,0.6161,-7.0092,66.0,0.7480916030534351,337.1279697521725,11.709158045000505,-43.95038167938932,5.318968993332332,0.8461538461538461,4971.0,0.0,0.0,0.0,0.0,0.0,0.0,0.0,0.0,0.0,0.0,0.0,0.0,0.0,0.0,1361.498324584961
401,native_wait_aware_replan,supported_native_episode_loop,-2754.551,5.077,0.3706,-5.8182,66.0,0.7480916030534351,345.6708123907068,5.325494002055849,-44.23664122137404,4.64352468961172,0.0,4970.0,0.0,0.0,0.0,0.0,0.0,0.0,0.0,0.0,0.0,0.0,0.0,0.0,0.0,0.0,47096.27817382813
411,native_wait_aware_replan,supported_native_episode_loop,-20649.724,16.569,0.5165,-17.602,66.0,0.7480916030534351,338.2202395198,8.440823688818112,-44.47709923664122,4.3682418229466045,0.23076923076923078,4970.0,0.0,0.0,0.0,0.0,0.0,0.0,0.0,0.0,0.0,0.0,0.0,0.0,0.0,0.0,52973.72153320313
421,native_wait_aware_replan,supported_native_episode_loop,-2844.59,4.172,0.5253,-5.2226,66.0,0.7480916030534351,342.3742865893677,7.903812660658103,-44.274809160305345,4.851305695203409,0.0,4970.0,0.0,0.0,0.0,0.0,0.0,0.0,0.0,0.0,0.0,0.0,0.0,0.0,0.0,0.0,2489.6668228149415
431,native_wait_aware_replan,supported_native_episode_loop,-9106.576,5.04,0.4311,-5.9022,66.0,0.7480916030534351,339.5258826712843,9.699268743482872,-44.50381679389313,4.240614325727498,1.0,4972.0,0.0,0.0,0.0,0.0,0.0,0.0,0.0,0.0,0.0,0.0,0.0,0.0,0.0,0.0,19080.181262207032
441,native_wait_aware_replan,supported_native_episode_loop,-19724.943,40.103,0.2776,-40.6582,66.0,0.7480916030534351,343.4237148128393,9.03064989669402,-44.36259541984733,4.662892917817485,0.0,4971.0,0.0,0.0,0.0,0.0,0.0,0.0,0.0,0.0,0.0,0.0,0.0,0.0,0.0,0.0,47358.48090820313
451,native_wait_aware_replan,supported_native_episode_loop,-2704.577,4.44,0.4856,-5.4112,66.0,0.7480916030534351,346.8749451432709,4.364217517095395,-44.19465648854962,5.25570301624597,1.0,4970.0,0.0,0.0,0.0,0.0,0.0,0.0,0.0,0.0,0.0,0.0,0.0,0.0,0.0,0.0,32336.161083984374
461,native_wait_aware_replan,supported_native_episode_loop,-19093.921,6.143,0.3428,-6.8286,66.0,0.7480916030534351,350.0373791874972,6.445714676179932,-44.416030534351144,4.493274308823671,0.5384615384615384,4970.0,0.0,0.0,0.0,0.0,0.0,0.0,0.0,0.0,0.0,0.0,0.0,0.0,0.0,0.0,13858.654443359375
471,native_wait_aware_replan,supported_native_episode_loop,-19841.365,9.301,0.4813,-10.2636,66.0,0.7480916030534351,337.764455010175,6.946568033790847,-44.270992366412216,4.901222601012377,0.0,4971.0,0.0,0.0,0.0,0.0,0.0,0.0,0.0,0.0,0.0,0.0,0.0,0.0,0.0,0.0,3345.584509277344
481,native_wait_aware_replan,supported_native_episode_loop,-3102.591,5.214,0.4491,-6.1122000000000005,66.0,0.7480916030534351,341.16953292031025,6.919706041153595,-44.20992366412214,4.915877919493491,0.0,4970.0,0.0,0.0,0.0,0.0,0.0,0.0,0.0,0.0,0.0,0.0,0.0,0.0,0.0,0.0,11339.753964233398
491,native_wait_aware_replan,supported_native_episode_loop,-14474.477,5.186,0.57,-6.326,66.0,0.7480916030534351,338.0536445509538,5.363466777280714,-44.267175572519086,4.979843995657164,0.6923076923076924,4970.0,0.0,0.0,0.0,0.0,0.0,0.0,0.0,0.0,0.0,0.0,0.0,0.0,0.0,0.0,4691.699481201172
501,native_wait_aware_replan,supported_native_episode_loop,-3119.134,4.7,0.4577,-5.6154,66.0,0.7480916030534351,332.93125294656244,10.022646769835905,-44.35496183206107,4.7566701057279985,0.3846153846153846,4972.0,0.0,0.0,0.0,0.0,0.0,0.0,0.0,0.0,0.0,0.0,0.0,0.0,0.0,0.0,23773.347241210937
511,native_wait_aware_replan,supported_native_episode_loop,-2709.404,5.706,0.4824,-6.670800000000001,66.0,0.7480916030534351,339.70220589935406,5.413347004373555,-44.1412213740458,5.308704794942783,0.0,4970.0,0.0,0.0,0.0,0.0,0.0,0.0,0.0,0.0,0.0,0.0,0.0,0.0,0.0,0.0,763.0812789916993
521,native_wait_aware_replan,supported_native_episode_loop,-18714.49,5.816,0.6446,-7.1052,66.0,0.7480916030534351,331.7239937807787,13.678025107903055,-44.461832061068705,4.34447895689587,0.0,4972.0,0.0,0.0,0.0,0.0,0.0,0.0,0.0,0.0,0.0,0.0,0.0,0.0,0.0,0.0,31993.03532714844
531,native_wait_aware_replan,supported_native_episode_loop,-2824.355,7.353,0.5181,-8.389199999999999,66.0,0.7480916030534351,340.6719429763522,5.956349413399539,-44.41984732824427,4.481436176684767,0.0,4971.0,0.0,0.0,0.0,0.0,0.0,0.0,0.0,0.0,0.0,0.0,0.0,0.0,0.0,0.0,11713.84677734375
541,native_wait_aware_replan,supported_native_episode_loop,-15310.671,6.123,0.6089,-7.3408,66.0,0.7480916030534351,337.1873188003025,6.772198203509418,-44.396946564885496,4.5920265933230295,1.0,4972.0,0.0,0.0,0.0,0.0,0.0,0.0,0.0,0.0,0.0,0.0,0.0,0.0,0.0,0.0,35322.51739501953
551,native_wait_aware_replan,supported_native_episode_loop,-2702.971,6.565,0.4744,-7.513800000000001,66.0,0.7480916030534351,343.42007783601304,6.842035190603947,-44.05343511450382,4.780387695637148,0.9732971731083753,4970.0,0.0,0.0,0.0,0.0,0.0,0.0,0.0,0.0,0.0,0.0,0.0,0.0,0.0,0.0,9767.859855651855
561,native_wait_aware_replan,supported_native_episode_loop,-9312.926,4.891,0.3895,-5.67,66.0,0.7480916030534351,335.6276712290355,6.856030707669428,-44.465648854961835,4.372533476883643,1.0,4970.0,0.0,0.0,0.0,0.0,0.0,0.0,0.0,0.0,0.0,0.0,0.0,0.0,0.0,0.0,47704.93393554688
571,native_wait_aware_replan,supported_native_episode_loop,-8763.262,3.613,0.4997,-4.6124,66.0,0.7480916030534351,329.8693081921293,4.272634349656671,-44.54961832061068,4.126277253949163,0.0,4970.0,0.0,0.0,0.0,0.0,0.0,0.0,0.0,0.0,0.0,0.0,0.0,0.0,0.0,0.0,6296.999597167969
581,native_wait_aware_replan,supported_native_episode_loop,-18925.051,6.076,0.3642,-6.804399999999999,66.0,0.7480916030534351,339.36119988339243,5.155822089123099,-44.5,4.281818476494403,0.0,4971.0,0.0,0.0,0.0,0.0,0.0,0.0,0.0,0.0,0.0,0.0,0.0,0.0,0.0,0.0,64555.1236328125
591,native_wait_aware_replan,supported_native_episode_loop,-18440.731,4.487,0.5168,-5.5206,66.0,0.7480916030534351,340.6066428488751,4.586588636742459,-44.534351145038165,4.1614327206997945,0.3846153846153846,4970.0,0.0,0.0,0.0,0.0,0.0,0.0,0.0,0.0,0.0,0.0,0.0,0.0,0.0,0.0,8693.46590576172
601,native_wait_aware_replan,supported_native_episode_loop,-13169.16,5.922,0.5112,-6.9444,66.0,0.7480916030534351,345.0388983543289,4.997172804065277,-44.33206106870229,4.796671351816728,1.0,4971.0,0.0,0.0,0.0,0.0,0.0,0.0,0.0,0.0,0.0,0.0,0.0,0.0,0.0,0.0,7473.527026367187
611,native_wait_aware_replan,supported_native_episode_loop,-9286.583,5.525,0.5976,-6.7202,66.0,0.7480916030534351,348.3116418481707,6.830011619643055,-44.36641221374046,4.498016707768245,0.23076923076923078,4972.0,0.0,0.0,0.0,0.0,0.0,0.0,0.0,0.0,0.0,0.0,0.0,0.0,0.0,0.0,8548.649548339843
621,native_wait_aware_replan,supported_native_episode_loop,-3025.812,5.312,0.4356,-6.1832,66.0,0.7480916030534351,333.4725587502691,5.724692615023479,-44.14885496183206,5.3756571252808,0.0,4971.0,0.0,0.0,0.0,0.0,0.0,0.0,0.0,0.0,0.0,0.0,0.0,0.0,0.0,0.0,4288.609631347656
631,native_wait_aware_replan,supported_native_episode_loop,-3825.939,6.027,0.4097,-6.8464,66.0,0.7480916030534351,350.25928282684265,13.48953121575323,-9.641221374045802,38.92115119985515,1.0,4970.0,0.0,0.0,0.0,0.0,0.0,0.0,0.0,0.0,0.0,0.0,0.0,0.0,0.0,0.0,12346.341650390625
641,native_wait_aware_replan,supported_native_episode_loop,-17614.726,6.913,0.4372,-7.7874,66.0,0.7480916030534351,339.68209668603413,15.902224749492543,-38.916030534351144,13.677327407308097,1.0,4970.0,0.0,0.0,0.0,0.0,0.0,0.0,0.0,0.0,0.0,0.0,0.0,0.0,0.0,0.0,7180.648229980468
651,native_wait_aware_replan,supported_native_episode_loop,-18256.062,4.818,0.7198,-6.2576,66.0,0.7480916030534351,334.1772224022308,6.325217849365166,-44.30916030534351,4.957051425686204,0.8461538461538461,4971.0,0.0,0.0,0.0,0.0,0.0,0.0,0.0,0.0,0.0,0.0,0.0,0.0,0.0,0.0,28651.30891113281
661,native_wait_aware_replan,supported_native_episode_loop,-18975.947,7.267,0.4217,-8.1104,66.0,0.7480916030534351,339.70614435208284,4.932110443969375,-44.39312977099237,4.535907474447344,0.0,4970.0,0.0,0.0,0.0,0.0,0.0,0.0,0.0,0.0,0.0,0.0,0.0,0.0,0.0,0.0,18822.96700439453
671,native_wait_aware_replan,supported_native_episode_loop,-14958.885,28.323,0.4986,-29.3202,66.0,0.7480916030534351,341.5089482992205,5.522473685474318,-44.47328244274809,4.35246397580544,0.5384615384615384,4971.0,0.0,0.0,0.0,0.0,0.0,0.0,0.0,0.0,0.0,0.0,0.0,0.0,0.0,0.0,106726.594921875
681,native_wait_aware_replan,supported_native_episode_loop,-18409.773,17.33,0.5711,-18.472199999999997,66.0,0.7480916030534351,338.59159250611265,4.886159782476476,-44.461832061068705,4.383834948682797,0.0,4971.0,0.0,0.0,0.0,0.0,0.0,0.0,0.0,0.0,0.0,0.0,0.0,0.0,0.0,0.0,14173.765307617188
691,native_wait_aware_replan,supported_native_episode_loop,-11018.262,4.069,0.6297,-5.3284,66.0,0.7480916030534351,337.2545020176254,4.910111686501213,-44.43129770992366,4.493533674162735,0.0,4970.0,0.0,0.0,0.0,0.0,0.0,0.0,0.0,0.0,0.0,0.0,0.0,0.0,0.0,0.0,14572.132641601562
701,native_wait_aware_replan,supported_native_episode_loop,-2838.217,4.634,0.4631,-5.5602,66.0,0.7480916030534351,346.7656806216137,7.805148244011808,-43.33969465648855,6.2458435570246555,0.0,4971.0,0.0,0.0,0.0,0.0,0.0,0.0,0.0,0.0,0.0,0.0,0.0,0.0,0.0,0.0,471.03803100585935
711,native_wait_aware_replan,supported_native_episode_loop,-5632.91,7.603,0.4253,-8.4536,66.0,0.7480916030534351,346.7567979277071,4.616042367446713,-44.343511450381676,4.678635855807003,1.0,4970.0,0.0,0.0,0.0,0.0,0.0,0.0,0.0,0.0,0.0,0.0,0.0,0.0,0.0,0.0,5596.262551879883
721,native_wait_aware_replan,supported_native_episode_loop,-7854.993,5.301,0.6006,-6.5022,66.0,0.7480916030534351,341.72661081003474,6.706043760588888,-44.31679389312977,4.88130336542467,0.8461538461538461,4970.0,0.0,0.0,0.0,0.0,0.0,0.0,0.0,0.0,0.0,0.0,0.0,0.0,0.0,0.0,7679.245953369141
731,native_wait_aware_replan,supported_native_episode_loop,-15801.68,4.31,0.6711,-5.6522,66.0,0.7480916030534351,346.8998312273098,5.027738474928736,-44.091603053435115,5.359518010799318,0.0,4971.0,0.0,0.0,0.0,0.0,0.0,0.0,0.0,0.0,0.0,0.0,0.0,0.0,0.0,0.0,67824.04442138672
741,native_wait_aware_replan,supported_native_episode_loop,-18201.119,5.629,0.5186,-6.6662,66.0,0.7480916030534351,336.81764576768757,5.44208858468173,-44.270992366412216,5.009822238616569,0.0,4970.0,0.0,0.0,0.0,0.0,0.0,0.0,0.0,0.0,0.0,0.0,0.0,0.0,0.0,0.0,80913.97416992187
751,native_wait_aware_replan,supported_native_episode_loop,-17203.965,4.775,0.4829,-5.7408,66.0,0.7480916030534351,336.04816377272135,7.6742513323778265,-44.545801526717554,4.1447798409655,0.0,4971.0,0.0,0.0,0.0,0.0,0.0,0.0,0.0,0.0,0.0,0.0,0.0,0.0,0.0,0.0,5191.284826660156
761,native_wait_aware_replan,supported_native_episode_loop,-19436.661,26.361,0.4319,-27.224800000000002,66.0,0.7480916030534351,349.5940999709922,5.2999299406089015,-44.33587786259542,4.668573980133893,1.0,4971.0,0.0,0.0,0.0,0.0,0.0,0.0,0.0,0.0,0.0,0.0,0.0,0.0,0.0,0.0,60664.29604492187
771,native_wait_aware_replan,supported_native_episode_loop,-5719.848,4.133,0.4006,-4.9342,66.0,0.7480916030534351,344.47406896638273,7.358554056902102,-44.33206106870229,4.804621934679346,0.0,4971.0,0.0,0.0,0.0,0.0,0.0,0.0,0.0,0.0,0.0,0.0,0.0,0.0,0.0,0.0,3311.2840682983397
781,native_wait_aware_replan,supported_native_episode_loop,-3224.858,11.102,0.4212,-11.9444,66.0,0.7480916030534351,347.8775275863233,4.930254705683251,-44.24045801526717,4.798159294422132,0.0,4971.0,0.0,0.0,0.0,0.0,0.0,0.0,0.0,0.0,0.0,0.0,0.0,0.0,0.0,0.0,1882.509309387207
791,native_wait_aware_replan,supported_native_episode_loop,-9332.058,13.522,0.4875,-14.497,66.0,0.7480916030534351,336.9834898769476,5.77669443409575,-44.530534351145036,4.1724540736731415,0.0,4971.0,0.0,0.0,0.0,0.0,0.0,0.0,0.0,0.0,0.0,0.0,0.0,0.0,0.0,0.0,4185.176977539062
801,native_wait_aware_replan,supported_native_episode_loop,-20498.446,20.955,0.6869,-22.328799999999998,66.0,0.7480916030534351,333.1309061341613,4.665664711742581,-44.5,4.256786229966639,1.0,4971.0,0.0,0.0,0.0,0.0,0.0,0.0,0.0,0.0,0.0,0.0,0.0,0.0,0.0,0.0,16710.9341796875
811,native_wait_aware_replan,supported_native_episode_loop,-2678.923,7.686,0.2857,-8.2574,66.0,0.7480916030534351,351.9976217044295,4.184548778720296,-43.9236641221374,5.899434984733239,0.0,4971.0,0.0,0.0,0.0,0.0,0.0,0.0,0.0,0.0,0.0,0.0,0.0,0.0,0.0,0.0,1693.7115112304687
821,native_wait_aware_replan,supported_native_episode_loop,-11050.38,5.864,0.5635,-6.991,66.0,0.7480916030534351,333.2661911437833,4.279024199750071,-44.52290076335878,4.193489408312964,1.0,4971.0,0.0,0.0,0.0,0.0,0.0,0.0,0.0,0.0,0.0,0.0,0.0,0.0,0.0,0.0,6249.950512695313
831,native_wait_aware_replan,supported_native_episode_loop,-17933.715,4.229,0.5204,-5.2698,66.0,0.7480916030534351,336.5850292096611,9.33409880249232,-44.48854961832061,4.347266250253307,0.0,4970.0,0.0,0.0,0.0,0.0,0.0,0.0,0.0,0.0,0.0,0.0,0.0,0.0,0.0,0.0,177056.43623046874
841,native_wait_aware_replan,supported_native_episode_loop,-18868.331,4.779,0.3592,-5.4974,66.0,0.7480916030534351,343.3240965665448,4.610912828528685,-44.47328244274809,4.331366591944611,1.0,4970.0,0.0,0.0,0.0,0.0,0.0,0.0,0.0,0.0,0.0,0.0,0.0,0.0,0.0,0.0,2570.0744567871093
851,native_wait_aware_replan,supported_native_episode_loop,-2679.694,5.147,0.4189,-5.9848,66.0,0.7480916030534351,339.2115615347348,5.778509539243173,-44.43511450381679,4.458629571812913,0.3846153846153846,4971.0,0.0,0.0,0.0,0.0,0.0,0.0,0.0,0.0,0.0,0.0,0.0,0.0,0.0,0.0,18768.384887695312
861,native_wait_aware_replan,supported_native_episode_loop,-13621.598,5.652,0.4254,-6.502800000000001,66.0,0.7480916030534351,344.5323011438355,5.450545589847783,-43.774809160305345,6.271744993933007,0.0,4970.0,0.0,0.0,0.0,0.0,0.0,0.0,0.0,0.0,0.0,0.0,0.0,0.0,0.0,0.0,45541.734375
871,native_wait_aware_replan,supported_native_episode_loop,-18756.759,4.313,0.7053,-5.723599999999999,66.0,0.7480916030534351,339.79775872068245,6.6061276589763445,-44.31679389312977,4.823094136456701,0.0,4971.0,0.0,0.0,0.0,0.0,0.0,0.0,0.0,0.0,0.0,0.0,0.0,0.0,0.0,0.0,7134.4554992675785
881,native_wait_aware_replan,supported_native_episode_loop,-2684.396,4.151,0.5459,-5.2428,66.0,0.7480916030534351,338.0672090793991,4.021091023331115,-44.16030534351145,5.363599101966206,1.0,4971.0,0.0,0.0,0.0,0.0,0.0,0.0,0.0,0.0,0.0,0.0,0.0,0.0,0.0,0.0,11237.61064453125
891,native_wait_aware_replan,supported_native_episode_loop,-18534.509,6.106,0.3397,-6.7854,66.0,0.7480916030534351,342.99862046848517,9.53420926052645,-44.17557251908397,5.077236905629482,0.6923076923076924,4970.0,0.0,0.0,0.0,0.0,0.0,0.0,0.0,0.0,0.0,0.0,0.0,0.0,0.0,0.0,113043.43149414062
901,native_wait_aware_replan,supported_native_episode_loop,-17958.594,35.004,0.7281,-36.4602,66.0,0.7480916030534351,341.3040434288615,8.71965940631172,-44.091603053435115,5.556030190344652,0.23076923076923078,4970.0,0.0,0.0,0.0,0.0,0.0,0.0,0.0,0.0,0.0,0.0,0.0,0.0,0.0,0.0,14888.975256347656
911,native_wait_aware_replan,supported_native_episode_loop,-19058.164,8.749,0.3072,-9.3634,66.0,0.7480916030534351,337.5659474569461,5.939576466119926,-44.267175572519086,5.115944880724324,1.0,4971.0,0.0,0.0,0.0,0.0,0.0,0.0,0.0,0.0,0.0,0.0,0.0,0.0,0.0,0.0,50141.759008789064
921,native_wait_aware_replan,supported_native_episode_loop,-3013.722,5.627,0.4984,-6.6238,66.0,0.7480916030534351,337.779162808593,5.543299553053171,-44.39312977099237,4.611844870038118,0.0,4971.0,0.0,0.0,0.0,0.0,0.0,0.0,0.0,0.0,0.0,0.0,0.0,0.0,0.0,0.0,545.1514930725098
931,native_wait_aware_replan,supported_native_episode_loop,-4212.97,5.715,0.4507,-6.6164,66.0,0.7480916030534351,341.025904688277,4.895556650641902,-44.416030534351144,4.514460511400152,1.0,4972.0,0.0,0.0,0.0,0.0,0.0,0.0,0.0,0.0,0.0,0.0,0.0,0.0,0.0,0.0,70265.17739257813
941,native_wait_aware_replan,supported_native_episode_loop,-19372.701,9.515,0.5105,-10.536000000000001,66.0,0.7480916030534351,347.48170725607696,5.35682799210076,-43.721374045801525,6.15284341434623,0.0,4970.0,0.0,0.0,0.0,0.0,0.0,0.0,0.0,0.0,0.0,0.0,0.0,0.0,0.0,0.0,6485.622204589844
951,native_wait_aware_replan,supported_native_episode_loop,-3102.092,4.058,0.5676,-5.1932,66.0,0.7480916030534351,340.23058368898074,12.964002807698844,-44.26335877862596,4.736905713808004,0.0,4970.0,0.0,0.0,0.0,0.0,0.0,0.0,0.0,0.0,0.0,0.0,0.0,0.0,0.0,0.0,95734.726171875
961,native_wait_aware_replan,supported_native_episode_loop,-12607.949,3.961,0.5826,-5.1262,66.0,0.7480916030534351,330.22449466253966,7.587585869258065,-44.52290076335878,4.218897234544625,0.6923076923076924,4971.0,0.0,0.0,0.0,0.0,0.0,0.0,0.0,0.0,0.0,0.0,0.0,0.0,0.0,0.0,15553.066589355469
971,native_wait_aware_replan,supported_native_episode_loop,-8864.038,5.934,0.5509,-7.0358,66.0,0.7480916030534351,342.08049032577424,10.296631705104335,-43.774809160305345,6.500062753795142,0.0,4971.0,0.0,0.0,0.0,0.0,0.0,0.0,0.0,0.0,0.0,0.0,0.0,0.0,0.0,0.0,11555.433544921874
981,native_wait_aware_replan,supported_native_episode_loop,-11997.002,5.445,0.3971,-6.2392,66.0,0.7480916030534351,340.02623920804666,4.945800864326736,-44.17175572519084,5.330049837344309,1.0,4970.0,1.0,1.0,0.9820137900379085,1.0,0.30592342044513937,0.07456456059351917,1.0687217812181862,0.36484596133232117,0.7128377556800842,-0.5965164847481521,0.5965164847481521,1.0,2.000000238418579,1.9254357814788818,57752.209765625
991,native_wait_aware_replan,supported_native_episode_loop,-18843.374,4.284,0.6303,-5.5446,66.0,0.7480916030534351,328.8799066993116,4.942980162614127,-44.54961832061068,4.096570415273969,0.8461538461538461,4971.0,0.0,0.0,0.0,0.0,0.0,0.0,0.0,0.0,0.0,0.0,0.0,0.0,0.0,0.0,8571.07030029297
1001,native_wait_aware_replan,supported_native_episode_loop,-17753.974,6.295,0.5401,-7.3751999999999995,66.0,0.7480916030534351,338.8753285646306,12.124708864356782,-44.06106870229008,4.789868004350097,0.3846153846153846,4971.0,0.0,0.0,0.0,0.0,0.0,0.0,0.0,0.0,0.0,0.0,0.0,0.0,0.0,0.0,2033.9672149658204
1011,native_wait_aware_replan,supported_native_episode_loop,-19157.908,5.468,0.5799,-6.6278,66.0,0.7480916030534351,328.03721406223207,5.475280109931217,-44.51145038167939,4.250489710832054,0.0,4971.0,0.0,0.0,0.0,0.0,0.0,0.0,0.0,0.0,0.0,0.0,0.0,0.0,0.0,0.0,95052.9775390625
1021,native_wait_aware_replan,supported_native_episode_loop,-3193.084,5.625,0.5919,-6.8088,66.0,0.7480916030534351,341.7254501146517,5.852189743641832,-44.343511450381676,4.735396986133379,0.0,4970.0,0.0,0.0,0.0,0.0,0.0,0.0,0.0,0.0,0.0,0.0,0.0,0.0,0.0,0.0,1437.529019165039
1031,native_wait_aware_replan,supported_native_episode_loop,-18844.152,4.575,0.4913,-5.5576,66.0,0.7480916030534351,331.2354411287162,5.868223145344304,-44.43893129770992,4.479181231735369,1.0,4970.0,0.0,0.0,0.0,0.0,0.0,0.0,0.0,0.0,0.0,0.0,0.0,0.0,0.0,0.0,8194.4578125
1041,native_wait_aware_replan,supported_native_episode_loop,-17246.642,5.136,0.5799,-6.2958,66.0,0.7480916030534351,348.74290316879905,7.649477484171682,-41.083969465648856,12.599550560225488,0.0,4973.0,0.0,0.0,0.0,0.0,0.0,0.0,0.0,0.0,0.0,0.0,0.0,0.0,0.0,0.0,49861.383520507814
1051,native_wait_aware_replan,supported_native_episode_loop,-2762.495,4.994,0.3424,-5.6788,66.0,0.7480916030534351,333.1057990676726,5.8977516771666885,-44.52290076335878,4.193489408312964,0.6923076923076924,4970.0,1.0,1.0,0.9820137900379085,1.0,0.4654694297495332,0.2872925729993776,1.1031960842097004,0.0,0.7698613405227661,-2.0,2.0,1.0,1.9999995231628418,2.429069995880127,36948.591088867186
1061,native_wait_aware_replan,supported_native_episode_loop,-18903.564,4.164,0.6421,-5.4482,66.0,0.7480916030534351,334.8922833821246,5.761961075700186,-44.465648854961835,4.363795724894276,1.0,4971.0,0.0,0.0,0.0,0.0,0.0,0.0,0.0,0.0,0.0,0.0,0.0,0.0,0.0,0.0,15174.263732910156
1071,native_wait_aware_replan,supported_native_episode_loop,-2752.83,3.769,0.435,-4.639,66.0,0.7480916030534351,350.3051395960247,4.833089754753351,-44.213740458015266,4.9578492529604725,0.5384615384615384,4970.0,0.0,0.0,0.0,0.0,0.0,0.0,0.0,0.0,0.0,0.0,0.0,0.0,0.0,0.0,39021.09291992187
1081,native_wait_aware_replan,supported_native_episode_loop,-18919.25,5.031,0.5066,-6.0442,66.0,0.7480916030534351,328.68227844578007,5.635430915726861,-44.49618320610687,4.310247058683938,0.0,4971.0,0.0,0.0,0.0,0.0,0.0,0.0,0.0,0.0,0.0,0.0,0.0,0.0,0.0,0.0,15529.2375
1091,native_wait_aware_replan,supported_native_episode_loop,-12234.622,11.376,0.6342,-12.6444,66.0,0.7480916030534351,347.49673432439056,6.026581796762587,-43.37022900763359,5.73561519167254,0.0,4971.0,0.0,0.0,0.0,0.0,0.0,0.0,0.0,0.0,0.0,0.0,0.0,0.0,0.0,0.0,20478.060131835937
1101,native_wait_aware_replan,supported_native_episode_loop,-18995.915,4.94,0.5154,-5.9708000000000006,66.0,0.7480916030534351,344.3704090976457,5.42497182220881,-44.41984732824427,4.5229764544186715,0.0,4970.0,0.0,0.0,0.0,0.0,0.0,0.0,0.0,0.0,0.0,0.0,0.0,0.0,0.0,0.0,30592.34860839844
1111,native_wait_aware_replan,supported_native_episode_loop,-16197.273,4.186,0.631,-5.448,66.0,0.7480916030534351,337.630384883277,5.07049947196945,-44.39312977099237,4.633312679686064,0.0,4971.0,0.0,0.0,0.0,0.0,0.0,0.0,0.0,0.0,0.0,0.0,0.0,0.0,0.0,0.0,51876.229174804685
1121,native_wait_aware_replan,supported_native_episode_loop,-2697.713,4.634,0.4553,-5.5446,66.0,0.7480916030534351,342.40587438238794,10.106233827522393,-42.68320610687023,8.664815690033619,1.0,4971.0,0.0,0.0,0.0,0.0,0.0,0.0,0.0,0.0,0.0,0.0,0.0,0.0,0.0,0.0,21189.087109375
1131,native_wait_aware_replan,supported_native_episode_loop,-2675.165,4.199,0.3854,-4.9698,66.0,0.7480916030534351,342.53216669954946,5.81890205173391,-44.20229007633588,5.205061624157351,0.5384615384615384,4971.0,0.0,0.0,0.0,0.0,0.0,0.0,0.0,0.0,0.0,0.0,0.0,0.0,0.0,0.0,5025.39595336914
1141,native_wait_aware_replan,supported_native_episode_loop,-20564.048,33.977,0.5328,-35.0426,66.0,0.7480916030534351,345.9203952955685,7.110902951089861,-44.3587786259542,4.701905902815629,0.23076923076923078,4970.0,0.0,0.0,0.0,0.0,0.0,0.0,0.0,0.0,0.0,0.0,0.0,0.0,0.0,0.0,53498.74765625
1151,native_wait_aware_replan,supported_native_episode_loop,-18614.756,5.523,0.5113,-6.545599999999999,66.0,0.7480916030534351,329.0383289209152,5.8211866781343895,-44.282442748091604,5.040711825959811,0.0,4971.0,0.0,0.0,0.0,0.0,0.0,0.0,0.0,0.0,0.0,0.0,0.0,0.0,0.0,0.0,51363.58579101563
1161,native_wait_aware_replan,supported_native_episode_loop,-6615.849,11.554,0.7012,-12.9564,66.0,0.7480916030534351,332.2925922806633,5.278292563695999,-44.51526717557252,4.219836350114421,1.0,4970.0,0.0,0.0,0.0,0.0,0.0,0.0,0.0,0.0,0.0,0.0,0.0,0.0,0.0,0.0,105547.75986328124
1171,native_wait_aware_replan,supported_native_episode_loop,-17489.461,51.69,0.5477,-52.785399999999996,66.0,0.7480916030534351,342.87602130056337,9.112081627869749,-44.38549618320611,4.508712890545898,0.0,4970.0,0.0,0.0,0.0,0.0,0.0,0.0,0.0,0.0,0.0,0.0,0.0,0.0,0.0,0.0,18302.825244140626
1181,native_wait_aware_replan,supported_native_episode_loop,-8689.694,4.691,0.6144,-5.9197999999999995,66.0,0.7480916030534351,349.4025885880733,7.35758662778869,-44.0763358778626,4.926355853372378,0.0,4970.0,0.0,0.0,0.0,0.0,0.0,0.0,0.0,0.0,0.0,0.0,0.0,0.0,0.0,0.0,19971.275427246095
1191,native_wait_aware_replan,supported_native_episode_loop,-3316.994,4.641,0.3643,-5.3696,66.0,0.7480916030534351,343.23147082624547,6.216720234370654,-44.16793893129771,5.1461876080292654,0.0,4970.0,0.0,0.0,0.0,0.0,0.0,0.0,0.0,0.0,0.0,0.0,0.0,0.0,0.0,0.0,7684.779067993164
1201,native_wait_aware_replan,supported_native_episode_loop,-18460.522,8.238,0.7751,-9.7882,66.0,0.7480916030534351,332.3158009897965,4.793680401731859,-44.41984732824427,4.525507349522755,1.0,4970.0,0.0,0.0,0.0,0.0,0.0,0.0,0.0,0.0,0.0,0.0,0.0,0.0,0.0,0.0,4983.50224609375
1211,native_wait_aware_replan,supported_native_episode_loop,-15883.708,31.25,0.5213,-32.2926,66.0,0.7480916030534351,340.01968924950705,4.767864991984902,-44.48473282442748,4.347254521555197,1.0,4971.0,0.0,0.0,0.0,0.0,0.0,0.0,0.0,0.0,0.0,0.0,0.0,0.0,0.0,0.0,2495.356265258789
1221,native_wait_aware_replan,supported_native_episode_loop,-2892.566,6.386,0.3663,-7.1186,66.0,0.7480916030534351,341.7249939418628,5.23449069899833,-44.43511450381679,4.479979615277405,1.0,4971.0,0.0,0.0,0.0,0.0,0.0,0.0,0.0,0.0,0.0,0.0,0.0,0.0,0.0,0.0,25797.221197509767
1231,native_wait_aware_replan,supported_native_episode_loop,-11408.063,8.661,0.5724,-9.8058,66.0,0.7480916030534351,338.5986384612003,4.811780889528208,-44.48854961832061,4.313774161301632,0.0,4971.0,0.0,0.0,0.0,0.0,0.0,0.0,0.0,0.0,0.0,0.0,0.0,0.0,0.0,0.0,2164.8243896484373
1241,native_wait_aware_replan,supported_native_episode_loop,-2709.241,5.495,0.5509,-6.5968,66.0,0.7480916030534351,336.4495985516458,6.658110091912351,-44.35496183206107,4.747031434622199,1.0,4971.0,0.0,0.0,0.0,0.0,0.0,0.0,0.0,0.0,0.0,0.0,0.0,0.0,0.0,0.0,2682.8775482177734
1251,native_wait_aware_replan,supported_native_episode_loop,-11930.187,5.112,0.1907,-5.4934,66.0,0.7480916030534351,334.490505112264,6.886163583645577,-44.37022900763359,4.693298692743858,0.3846153846153846,4971.0,0.0,0.0,0.0,0.0,0.0,0.0,0.0,0.0,0.0,0.0,0.0,0.0,0.0,0.0,85590.482421875
1261,native_wait_aware_replan,supported_native_episode_loop,-15453.064,4.257,0.5594,-5.3758,66.0,0.7480916030534351,343.2733453709358,7.475536934622876,-43.87404580152672,4.999558572670824,0.0,4970.0,0.0,0.0,0.0,0.0,0.0,0.0,0.0,0.0,0.0,0.0,0.0,0.0,0.0,0.0,61828.28161621094
1271,native_wait_aware_replan,supported_native_episode_loop,-18664.412,6.277,0.5562,-7.3894,66.0,0.7480916030534351,333.6665973835016,5.145334633299034,-44.42748091603053,4.522261364924548,0.2169086876723354,4969.0,0.0,0.0,0.0,0.0,0.0,0.0,0.0,0.0,0.0,0.0,0.0,0.0,0.0,0.0,2332.304656982422
1281,native_wait_aware_replan,supported_native_episode_loop,-14747.368,4.494,0.5623,-5.6186,66.0,0.7480916030534351,340.10040368947364,5.56186060331693,-44.49236641221374,4.270207788008094,0.0,4970.0,0.0,0.0,0.0,0.0,0.0,0.0,0.0,0.0,0.0,0.0,0.0,0.0,0.0,0.0,22541.003491210937
1291,native_wait_aware_replan,supported_native_episode_loop,-19361.618,23.74,0.4985,-24.737,66.0,0.7480916030534351,350.9520537266977,9.125661418479943,-41.7557251908397,8.995411555579372,0.23076923076923078,4970.0,0.0,0.0,0.0,0.0,0.0,0.0,0.0,0.0,0.0,0.0,0.0,0.0,0.0,0.0,34887.850830078125
1301,native_wait_aware_replan,supported_native_episode_loop,-11229.55,6.734,0.3267,-7.3873999999999995,66.0,0.7480916030534351,340.58965865661776,5.571749388477842,-44.52671755725191,4.177051526445086,0.0,4970.0,0.0,0.0,0.0,0.0,0.0,0.0,0.0,0.0,0.0,0.0,0.0,0.0,0.0,0.0,7074.063232421875
1311,native_wait_aware_replan,supported_native_episode_loop,-18478.363,4.191,0.6401,-5.4712,66.0,0.7480916030534351,324.16235100404,5.364026752095653,-44.49618320610687,4.296943784842856,0.0,4970.0,0.0,0.0,0.0,0.0,0.0,0.0,0.0,0.0,0.0,0.0,0.0,0.0,0.0,0.0,4190.403338623047
1321,native_wait_aware_replan,supported_native_episode_loop,-18939.167,4.962,0.6127,-6.1874,66.0,0.7480916030534351,334.07676834865987,11.791675184054045,-44.49618320610687,4.278249705964836,0.0,4970.0,0.0,0.0,0.0,0.0,0.0,0.0,0.0,0.0,0.0,0.0,0.0,0.0,0.0,0.0,3260.487890625
1331,native_wait_aware_replan,supported_native_episode_loop,-3097.676,4.3,0.4007,-5.1014,66.0,0.7480916030534351,340.28889627857063,4.211892464059061,-44.43893129770992,4.456114634578129,0.0,4970.0,0.0,0.0,0.0,0.0,0.0,0.0,0.0,0.0,0.0,0.0,0.0,0.0,0.0,0.0,5837.621560668946
1341,native_wait_aware_replan,supported_native_episode_loop,-17043.405,7.171,0.5566,-8.2842,66.0,0.7480916030534351,336.82055523626076,8.02009887977164,-44.51526717557252,4.225259796564532,0.0,4972.0,0.0,0.0,0.0,0.0,0.0,0.0,0.0,0.0,0.0,0.0,0.0,0.0,0.0,0.0,6019.41138305664
1351,native_wait_aware_replan,supported_native_episode_loop,-20828.09,41.61,0.6679,-42.9458,66.0,0.7480916030534351,335.1663077519443,5.223012154217873,-44.4236641221374,4.526416644865037,0.0,4970.0,0.0,0.0,0.0,0.0,0.0,0.0,0.0,0.0,0.0,0.0,0.0,0.0,0.0,0.0,51881.423095703125
1361,native_wait_aware_replan,supported_native_episode_loop,-4938.929,4.752,0.5519,-5.8557999999999995,66.0,0.7480916030534351,343.651140335134,4.352658146181351,-44.41984732824427,4.5229764544186715,0.0,4971.0,0.0,0.0,0.0,0.0,0.0,0.0,0.0,0.0,0.0,0.0,0.0,0.0,0.0,0.0,83598.87587890626
1371,native_wait_aware_replan,supported_native_episode_loop,-12486.505,6.112,0.6507,-7.4134,66.0,0.7480916030534351,348.55793941190836,5.3519060891458565,-43.767175572519086,5.516387006945368,1.0,4969.0,1.0,1.0,0.9820137900379085,1.0,0.2947818175783222,0.05970909010442963,1.0335452788057675,0.4207521080970764,0.7600647807121277,-0.4776727208354372,0.4776727208354372,1.0,2.000000387430191,2.0637484788894653,9233.990020751953
1381,native_wait_aware_replan,supported_native_episode_loop,-18169.621,5.222,0.6117,-6.4454,66.0,0.7480916030534351,340.16907991198184,10.436695208011693,-44.347328244274806,4.750810750323091,0.0,4971.0,0.0,0.0,0.0,0.0,0.0,0.0,0.0,0.0,0.0,0.0,0.0,0.0,0.0,0.0,8353.273498535156
1391,native_wait_aware_replan,supported_native_episode_loop,-2917.654,5.165,0.4682,-6.1014,66.0,0.7480916030534351,344.06412528001397,5.599561251168904,-43.39312977099237,7.222871760184831,0.0,4970.0,0.0,0.0,0.0,0.0,0.0,0.0,0.0,0.0,0.0,0.0,0.0,0.0,0.0,0.0,7931.797283935547
1401,native_wait_aware_replan,supported_native_episode_loop,-2778.479,4.617,0.4471,-5.5112,66.0,0.7480916030534351,339.4942322041991,5.350325490140385,-44.412213740458014,4.552275211712267,0.0,4970.0,0.0,0.0,0.0,0.0,0.0,0.0,0.0,0.0,0.0,0.0,0.0,0.0,0.0,0.0,90.21442346572876
1411,native_wait_aware_replan,supported_native_episode_loop,-9358.501,18.445,0.4001,-19.2452,66.0,0.7480916030534351,340.4377471262793,6.690909831836881,-44.29389312977099,4.850580444139372,0.0,4970.0,0.0,0.0,0.0,0.0,0.0,0.0,0.0,0.0,0.0,0.0,0.0,0.0,0.0,0.0,32871.965551757814
1421,native_wait_aware_replan,supported_native_episode_loop,-20231.691,9.036,0.4537,-9.9434,66.0,0.7480916030534351,338.92447288348023,6.344672473954476,-44.56106870229008,4.058975024213428,0.0,4971.0,0.0,0.0,0.0,0.0,0.0,0.0,0.0,0.0,0.0,0.0,0.0,0.0,0.0,0.0,98605.4291015625
1431,native_wait_aware_replan,supported_native_episode_loop,-2790.759,3.617,0.4198,-4.4566,66.0,0.7480916030534351,341.83433145057154,7.947236291795035,-44.33206106870229,4.748688323122895,0.0,4970.0,0.0,0.0,0.0,0.0,0.0,0.0,0.0,0.0,0.0,0.0,0.0,0.0,0.0,0.0,27262.706274414064
1441,native_wait_aware_replan,supported_native_episode_loop,-4288.983,4.95,0.4817,-5.9134,66.0,0.7480916030534351,343.18425505884727,14.686014531272185,-43.93129770992366,4.80090773810975,0.3846153846153846,4971.0,0.0,0.0,0.0,0.0,0.0,0.0,0.0,0.0,0.0,0.0,0.0,0.0,0.0,0.0,541.2897834777832
1451,native_wait_aware_replan,supported_native_episode_loop,-12562.021,6.292,0.6253,-7.5426,66.0,0.7480916030534351,344.7162344065028,4.72660035968027,-44.267175572519086,4.969870177364931,0.0,4970.0,0.0,0.0,0.0,0.0,0.0,0.0,0.0,0.0,0.0,0.0,0.0,0.0,0.0,0.0,8959.129113769532
1461,native_wait_aware_replan,supported_native_episode_loop,-3081.304,4.092,0.5375,-5.167,66.0,0.7480916030534351,345.99826271951804,5.89983982949278,-44.0763358778626,5.404434595012342,0.23076923076923078,4970.0,0.0,0.0,0.0,0.0,0.0,0.0,0.0,0.0,0.0,0.0,0.0,0.0,0.0,0.0,12692.874911499024
1471,native_wait_aware_replan,supported_native_episode_loop,-18908.575,5.826,0.4963,-6.8186,66.0,0.7480916030534351,348.91053576020585,8.471056814546708,-43.13740458015267,7.126729985533097,1.0,4972.0,0.0,0.0,0.0,0.0,0.0,0.0,0.0,0.0,0.0,0.0,0.0,0.0,0.0,0.0,25234.254272460938
1481,native_wait_aware_replan,supported_native_episode_loop,-18078.98,14.868,0.419,-15.706,66.0,0.7480916030534351,340.03833739160734,5.875643378601477,-44.32824427480916,4.772604307845048,0.5384615384615384,4971.0,0.0,0.0,0.0,0.0,0.0,0.0,0.0,0.0,0.0,0.0,0.0,0.0,0.0,0.0,25735.28317871094
1491,native_wait_aware_replan,supported_native_episode_loop,-3109.067,5.129,0.5508,-6.230599999999999,66.0,0.7480916030534351,329.4708436373839,5.3837696216264295,-44.49618320610687,4.264846624416206,0.6923076923076924,4971.0,0.0,0.0,0.0,0.0,0.0,0.0,0.0,0.0,0.0,0.0,0.0,0.0,0.0,0.0,2676.402239990234
1501,native_wait_aware_replan,supported_native_episode_loop,-15801.899,6.179,0.6512,-7.481400000000001,66.0,0.7480916030534351,340.9767285594428,9.170300702114355,-44.12213740458015,5.00308744488041,0.0,4970.0,0.0,0.0,0.0,0.0,0.0,0.0,0.0,0.0,0.0,0.0,0.0,0.0,0.0,0.0,5638.719177246094
1511,native_wait_aware_replan,supported_native_episode_loop,-18860.298,4.03,0.7335,-5.497,66.0,0.7480916030534351,349.1581229009322,8.2464257575441,-43.41984732824427,6.383368416682806,0.8461538461538461,4971.0,0.0,0.0,0.0,0.0,0.0,0.0,0.0,0.0,0.0,0.0,0.0,0.0,0.0,0.0,58146.87421875
1521,native_wait_aware_replan,supported_native_episode_loop,-4657.677,3.993,0.6209,-5.2348,66.0,0.7480916030534351,333.42682974387066,5.212367468282654,-44.52671755725191,4.190735409372813,0.0,4971.0,0.0,0.0,0.0,0.0,0.0,0.0,0.0,0.0,0.0,0.0,0.0,0.0,0.0,0.0,3080.4529205322265
1531,native_wait_aware_replan,supported_native_episode_loop,-16964.587,5.173,0.4634,-6.0998,66.0,0.7480916030534351,332.2744825609009,6.914557167455132,-44.32824427480916,4.7702045151022965,0.5384615384615384,4970.0,0.0,0.0,0.0,0.0,0.0,0.0,0.0,0.0,0.0,0.0,0.0,0.0,0.0,0.0,2933.060418701172
1541,native_wait_aware_replan,supported_native_episode_loop,-2709.44,7.389,0.5822,-8.5534,66.0,0.7480916030534351,342.22768821789106,5.741100079614401,-44.286259541984734,4.835275331942472,0.804061328617184,4971.0,0.0,0.0,0.0,0.0,0.0,0.0,0.0,0.0,0.0,0.0,0.0,0.0,0.0,0.0,533.1382675170898
1551,native_wait_aware_replan,supported_native_episode_loop,-13689.083,5.853,0.7001,-7.2532,66.0,0.7480916030534351,350.1299949169007,4.099654456278474,-44.29770992366412,4.865668256260166,1.0,4971.0,0.0,0.0,0.0,0.0,0.0,0.0,0.0,0.0,0.0,0.0,0.0,0.0,0.0,0.0,8307.370660400391
1561,native_wait_aware_replan,supported_native_episode_loop,-11585.748,10.352,0.5218,-11.3956,66.0,0.7480916030534351,337.7852351607257,5.221471305493153,-44.48091603053435,4.330525672017493,0.8461538461538461,4970.0,0.0,0.0,0.0,0.0,0.0,0.0,0.0,0.0,0.0,0.0,0.0,0.0,0.0,0.0,34122.63911132813
1571,native_wait_aware_replan,supported_native_episode_loop,-2874.882,4.467,0.4233,-5.313599999999999,66.0,0.7480916030534351,337.411792304983,5.213392871263688,-44.24045801526717,5.110179612115861,0.07692307692307698,4970.0,0.0,0.0,0.0,0.0,0.0,0.0,0.0,0.0,0.0,0.0,0.0,0.0,0.0,0.0,3979.958154296875
1581,native_wait_aware_replan,supported_native_episode_loop,-10997.758,7.097,0.7421,-8.5812,66.0,0.7480916030534351,335.950321334373,4.942278707340919,-44.396946564885496,4.58537234382289,1.0,4971.0,0.0,0.0,0.0,0.0,0.0,0.0,0.0,0.0,0.0,0.0,0.0,0.0,0.0,0.0,15572.221337890625
1591,native_wait_aware_replan,supported_native_episode_loop,-2731.887,4.136,0.549,-5.234,66.0,0.7480916030534351,335.6018923479789,8.398615460860434,-44.229007633587784,5.022947167933398,0.0,4971.0,0.0,0.0,0.0,0.0,0.0,0.0,0.0,0.0,0.0,0.0,0.0,0.0,0.0,0.0,321.3890892028809
1601,native_wait_aware_replan,supported_native_episode_loop,-2611.978,8.125,0.3676,-8.8602,66.0,0.7480916030534351,341.82863995968614,7.449078310518497,-44.33587786259542,4.866320909186869,0.6923076923076924,4970.0,1.0,1.0,0.9820137900379085,1.0,0.5981592901893564,0.4642123869191419,1.0296026105594938,0.0,0.7920657396316528,-2.0,2.0,1.0,2.0000000596046448,3.0000000596046448,852.3465858459473
1611,native_wait_aware_replan,supported_native_episode_loop,-3055.279,4.276,0.5121,-5.3002,66.0,0.7480916030534351,343.29787609034975,9.207317905762723,-44.32442748091603,4.737951236993718,0.8461538461538461,4970.0,0.0,0.0,0.0,0.0,0.0,0.0,0.0,0.0,0.0,0.0,0.0,0.0,0.0,0.0,62066.73530273438
1621,native_wait_aware_replan,supported_native_episode_loop,-18730.213,6.049,0.5437,-7.1364,66.0,0.7480916030534351,338.55897598133134,6.555108744220032,-44.47328244274809,4.236029114711571,0.0,4970.0,0.0,0.0,0.0,0.0,0.0,0.0,0.0,0.0,0.0,0.0,0.0,0.0,0.0,0.0,4515.886474609375
1631,native_wait_aware_replan,supported_native_episode_loop,-19513.696,9.001,0.6618,-10.3246,66.0,0.7480916030534351,335.0822199200325,10.54149454824565,-44.42748091603053,4.504502470770527,0.0,4969.0,0.0,0.0,0.0,0.0,0.0,0.0,0.0,0.0,0.0,0.0,0.0,0.0,0.0,0.0,15643.639343261719
1641,native_wait_aware_replan,supported_native_episode_loop,-18834.617,6.104,0.5763,-7.256600000000001,66.0,0.7480916030534351,340.37522249961177,4.9018002511735475,-44.13740458015267,5.298369846923501,0.0,4970.0,0.0,0.0,0.0,0.0,0.0,0.0,0.0,0.0,0.0,0.0,0.0,0.0,0.0,0.0,3204.1822021484377
1651,native_wait_aware_replan,supported_native_episode_loop,-20485.716,51.358,0.2776,-51.913199999999996,66.0,0.7480916030534351,339.31292242991714,4.789175308008906,-44.42748091603053,4.50195976723682,0.07692307692307698,4971.0,0.0,0.0,0.0,0.0,0.0,0.0,0.0,0.0,0.0,0.0,0.0,0.0,0.0,0.0,78482.36494140625
1661,native_wait_aware_replan,supported_native_episode_loop,-2756.128,5.403,0.4898,-6.3826,66.0,0.7480916030534351,342.1748514038157,7.0195408032528475,-44.01908396946565,5.734888732940567,0.2752396983769181,4971.0,1.0,1.0,0.9820137900379085,1.0,0.6103471410050808,0.4804628546734411,1.0745300846284789,0.008516240864992142,0.7695537209510803,-2.0,2.0,1.0,2.000000350177288,2.3708669170737267,19723.15642089844
1671,native_wait_aware_replan,supported_native_episode_loop,-11347.56,4.425,0.5753,-5.5756,66.0,0.7480916030534351,340.2092724855544,6.8324296690787785,-44.35114503816794,4.71706931936523,0.6923076923076924,4971.0,0.0,0.0,0.0,0.0,0.0,0.0,0.0,0.0,0.0,0.0,0.0,0.0,0.0,0.0,25109.5486328125
1681,native_wait_aware_replan,supported_native_episode_loop,-3126.627,4.762,0.4462,-5.6544,66.0,0.7480916030534351,342.9577101826668,11.294280194835894,-42.73664122137404,7.1635283441141455,0.8461538461538461,4970.0,0.0,0.0,0.0,0.0,0.0,0.0,0.0,0.0,0.0,0.0,0.0,0.0,0.0,0.0,1156.5352745056152
1691,native_wait_aware_replan,supported_native_episode_loop,-15026.878,8.633,0.8308,-10.294599999999999,66.0,0.7480916030534351,335.24178083768027,5.876790076120968,-44.52671755725191,4.184355166195539,0.5384615384615384,4971.0,0.0,0.0,0.0,0.0,0.0,0.0,0.0,0.0,0.0,0.0,0.0,0.0,0.0,0.0,12232.049713134766
1701,native_wait_aware_replan,supported_native_episode_loop,-18751.155,4.221,0.5177,-5.2564,66.0,0.7480916030534351,352.89167663248577,4.729020590523515,-43.29007633587786,6.175534775642123,1.0,4970.0,0.0,0.0,0.0,0.0,0.0,0.0,0.0,0.0,0.0,0.0,0.0,0.0,0.0,0.0,25127.36826171875
1711,native_wait_aware_replan,supported_native_episode_loop,-19598.943,16.168,0.5719,-17.311799999999998,66.0,0.7480916030534351,337.5290749581412,5.158552005671671,-44.232824427480914,5.073053234674958,0.0,4971.0,0.0,0.0,0.0,0.0,0.0,0.0,0.0,0.0,0.0,0.0,0.0,0.0,0.0,0.0,221022.8826171875
1721,native_wait_aware_replan,supported_native_episode_loop,-15432.553,6.456,0.4578,-7.371600000000001,66.0,0.7480916030534351,334.4505882738807,8.753077598071181,-44.416030534351144,4.637900893869741,0.3846153846153846,4970.0,0.0,0.0,0.0,0.0,0.0,0.0,0.0,0.0,0.0,0.0,0.0,0.0,0.0,0.0,10337.69501953125
1731,native_wait_aware_replan,supported_native_episode_loop,-6152.175,4.554,0.424,-5.402,66.0,0.7480916030534351,344.61028936330575,4.473495334574552,-44.1793893129771,5.198564357857519,1.0,4970.0,0.0,0.0,0.0,0.0,0.0,0.0,0.0,0.0,0.0,0.0,0.0,0.0,0.0,0.0,5434.0572265625
1741,native_wait_aware_replan,supported_native_episode_loop,-18243.521,4.079,0.6441,-5.3671999999999995,66.0,0.7480916030534351,332.20210340878435,6.126097035710242,-44.57251908396947,4.100885278379497,1.0,4972.0,0.0,0.0,0.0,0.0,0.0,0.0,0.0,0.0,0.0,0.0,0.0,0.0,0.0,0.0,82625.38364257812
1751,native_wait_aware_replan,supported_native_episode_loop,-19441.628,29.849,0.6264,-31.1018,66.0,0.7480916030534351,335.364428923353,8.405664413725821,-44.465648854961835,4.4073112572087005,1.0,4972.0,0.0,0.0,0.0,0.0,0.0,0.0,0.0,0.0,0.0,0.0,0.0,0.0,0.0,0.0,101599.3970703125
1761,native_wait_aware_replan,supported_native_episode_loop,-3354.727,7.016,0.3659,-7.7478,66.0,0.7480916030534351,341.017338243271,5.3729477716994625,-44.50763358778626,4.258572285583939,0.0,4970.0,0.0,0.0,0.0,0.0,0.0,0.0,0.0,0.0,0.0,0.0,0.0,0.0,0.0,0.0,10847.319378662109
1771,native_wait_aware_replan,supported_native_episode_loop,-16144.97,14.92,0.4727,-15.8654,66.0,0.7480916030534351,345.772862745848,4.995040402080218,-44.37022900763359,4.672923380995535,0.8461538461538461,4971.0,0.0,0.0,0.0,0.0,0.0,0.0,0.0,0.0,0.0,0.0,0.0,0.0,0.0,0.0,76190.40141601562
1781,native_wait_aware_replan,supported_native_episode_loop,-2786.675,4.287,0.5321,-5.3512,66.0,0.7480916030534351,342.90630987858344,5.552101432293279,-44.416030534351144,4.569084910033759,0.0,4971.0,0.0,0.0,0.0,0.0,0.0,0.0,0.0,0.0,0.0,0.0,0.0,0.0,0.0,0.0,4660.597668457031
1791,native_wait_aware_replan,supported_native_episode_loop,-17748.005,4.631,0.4409,-5.5128,66.0,0.7480916030534351,338.95126499884003,5.44513485531377,-44.33969465648855,4.764198215816566,1.0,4970.0,0.0,0.0,0.0,0.0,0.0,0.0,0.0,0.0,0.0,0.0,0.0,0.0,0.0,0.0,3593.359942626953
1801,native_wait_aware_replan,supported_native_episode_loop,-5932.165,6.966,0.4611,-7.8882,66.0,0.7480916030534351,345.3293303349091,7.6132947091711,-43.13740458015267,6.793309864318776,1.0,4969.0,0.0,0.0,0.0,0.0,0.0,0.0,0.0,0.0,0.0,0.0,0.0,0.0,0.0,0.0,6230.419384765625
1811,native_wait_aware_replan,supported_native_episode_loop,-8104.045,6.682,0.325,-7.332000000000001,66.0,0.7480916030534351,332.64918838554365,6.637181063889252,-44.57251908396947,4.025738819586899,1.0,4972.0,0.0,0.0,0.0,0.0,0.0,0.0,0.0,0.0,0.0,0.0,0.0,0.0,0.0,0.0,30572.24296875
1821,native_wait_aware_replan,supported_native_episode_loop,-2667.294,6.601,0.4381,-7.4772,66.0,0.7480916030534351,336.3048393179139,4.1476997366779615,-44.33587786259542,4.768872811627439,0.0,4971.0,1.0,1.0,0.9820137900379085,1.0,0.6528625369626468,0.5371500492835292,1.0709226271532648,0.0,0.8195221424102783,-2.0,2.0,1.0,2.0,1.9510650634765625,26835.226489257813
1831,native_wait_aware_replan,supported_native_episode_loop,-12680.179,6.488,0.3947,-7.2774,66.0,0.7480916030534351,348.7955779153929,5.9406109888770615,-44.45038167938932,4.427902059464952,0.8461538461538461,4971.0,0.0,0.0,0.0,0.0,0.0,0.0,0.0,0.0,0.0,0.0,0.0,0.0,0.0,0.0,109909.98637695312
1841,native_wait_aware_replan,supported_native_episode_loop,-18052.177,9.385,0.5623,-10.509599999999999,66.0,0.7480916030534351,329.81596340116954,7.89840974999676,-44.545801526717554,4.1649896592154585,0.0,4970.0,0.0,0.0,0.0,0.0,0.0,0.0,0.0,0.0,0.0,0.0,0.0,0.0,0.0,0.0,208906.4873046875
1851,native_wait_aware_replan,supported_native_episode_loop,-2810.933,5.426,0.3452,-6.1164000000000005,66.0,0.7480916030534351,333.6423066025169,6.276672573079692,-44.454198473282446,4.43397293187592,0.6923076923076924,4971.0,0.0,0.0,0.0,0.0,0.0,0.0,0.0,0.0,0.0,0.0,0.0,0.0,0.0,0.0,59374.203930664065
1861,native_wait_aware_replan,supported_native_episode_loop,-17645.616,5.071,0.4966,-6.0642,66.0,0.7480916030534351,334.91257584357385,8.461375053883897,-44.26335877862596,4.983494989100763,0.0,4970.0,0.0,0.0,0.0,0.0,0.0,0.0,0.0,0.0,0.0,0.0,0.0,0.0,0.0,0.0,22780.85614013672
1871,native_wait_aware_replan,supported_native_episode_loop,-13988.521,5.304,0.7211,-6.7462,66.0,0.7480916030534351,338.9692667758495,5.079156294457608,-44.30152671755725,4.913441366911797,1.0,4970.0,0.0,0.0,0.0,0.0,0.0,0.0,0.0,0.0,0.0,0.0,0.0,0.0,0.0,0.0,107282.85610351563
1881,native_wait_aware_replan,supported_native_episode_loop,-18777.557,6.477,0.7297,-7.936400000000001,66.0,0.7480916030534351,350.6833826646246,9.599122803444496,-44.02671755725191,4.904746484838071,1.0,4971.0,0.0,0.0,0.0,0.0,0.0,0.0,0.0,0.0,0.0,0.0,0.0,0.0,0.0,0.0,20174.264074707033
1891,native_wait_aware_replan,supported_native_episode_loop,-20050.804,6.804,0.6349,-8.0738,66.0,0.7480916030534351,338.68143449600115,6.135469058785958,-44.38549618320611,4.610006079335705,0.0,4971.0,0.0,0.0,0.0,0.0,0.0,0.0,0.0,0.0,0.0,0.0,0.0,0.0,0.0,0.0,43050.52846679687
1901,native_wait_aware_replan,supported_native_episode_loop,-2801.527,4.373,0.35,-5.073,66.0,0.7480916030534351,331.7587543968026,7.475640977549651,-44.44656488549618,4.446781110622591,0.0,4970.0,0.0,0.0,0.0,0.0,0.0,0.0,0.0,0.0,0.0,0.0,0.0,0.0,0.0,0.0,525.5240089416504
1911,native_wait_aware_replan,supported_native_episode_loop,-3959.391,4.466,0.4945,-5.455,66.0,0.7480916030534351,329.6078123956539,4.4541255595112546,-44.595419847328245,3.981404535542278,0.0,4971.0,0.0,0.0,0.0,0.0,0.0,0.0,0.0,0.0,0.0,0.0,0.0,0.0,0.0,0.0,3149.5981628417967
1921,native_wait_aware_replan,supported_native_episode_loop,-14838.955,12.514,0.3003,-13.1146,66.0,0.7480916030534351,343.0234895386466,7.108273123925782,-44.16793893129771,5.242446651806194,0.0,4971.0,0.0,0.0,0.0,0.0,0.0,0.0,0.0,0.0,0.0,0.0,0.0,0.0,0.0,0.0,4451.968432617187
1931,native_wait_aware_replan,supported_native_episode_loop,-4340.962,6.196,0.4827,-7.1613999999999995,66.0,0.7480916030534351,330.78798313480604,4.61885219349857,-44.530534351145036,4.1614624765191,0.8461538461538461,4971.0,0.0,0.0,0.0,0.0,0.0,0.0,0.0,0.0,0.0,0.0,0.0,0.0,0.0,0.0,16046.24423828125
1941,native_wait_aware_replan,supported_native_episode_loop,-2538.369,3.727,0.441,-4.609,66.0,0.7480916030534351,350.6232999335453,9.394130318303668,-11.629770992366412,37.49488961546359,1.0,4971.0,0.0,0.0,0.0,0.0,0.0,0.0,0.0,0.0,0.0,0.0,0.0,0.0,0.0,0.0,2636.16788482666
1951,native_wait_aware_replan,supported_native_episode_loop,-2638.922,4.565,0.4701,-5.5052,66.0,0.7480916030534351,335.9101628195542,9.442306050547376,-44.51526717557252,4.22887156338539,0.0,4971.0,1.0,1.0,0.9820137900379085,1.0,0.6427474928006699,0.5236633237342265,1.0241218260106004,0.0,0.7808591723442078,-2.0,2.0,1.0,2.0,2.8550209999084473,722.5560249328613
1961,native_wait_aware_replan,supported_native_episode_loop,-3632.947,5.095,0.4866,-6.0682,66.0,0.7480916030534351,339.458734361926,6.09838724928481,-44.458015267175576,4.401178783779389,1.0,4971.0,0.0,0.0,0.0,0.0,0.0,0.0,0.0,0.0,0.0,0.0,0.0,0.0,0.0,0.0,5907.853628540039
1971,native_wait_aware_replan,supported_native_episode_loop,-18733.1,4.42,0.5209,-5.4618,66.0,0.7480916030534351,336.9125369006441,5.0598148333334905,-44.343511450381676,4.761119555886136,0.0,4971.0,0.0,0.0,0.0,0.0,0.0,0.0,0.0,0.0,0.0,0.0,0.0,0.0,0.0,0.0,5315.85863647461
1981,native_wait_aware_replan,supported_native_episode_loop,-18965.338,5.109,0.5176,-6.1442,66.0,0.7480916030534351,336.7701019628964,10.503755474647939,-43.70610687022901,6.576725741944995,0.0,4971.0,0.0,0.0,0.0,0.0,0.0,0.0,0.0,0.0,0.0,0.0,0.0,0.0,0.0,0.0,3711.273645019531
1991,native_wait_aware_replan,supported_native_episode_loop,-3096.689,3.841,0.4777,-4.7964,66.0,0.7480916030534351,344.9739123288381,8.914322064026713,-43.69847328244275,5.697588678827469,0.0,4971.0,0.0,0.0,0.0,0.0,0.0,0.0,0.0,0.0,0.0,0.0,0.0,0.0,0.0,0.0,36774.57761230469
2001,native_wait_aware_replan,supported_native_episode_loop,-12331.234,17.648,0.7656,-19.179199999999998,66.0,0.7480916030534351,342.26327489386983,10.283051049367886,-43.6793893129771,5.540643961212807,1.0,4970.0,0.0,0.0,0.0,0.0,0.0,0.0,0.0,0.0,0.0,0.0,0.0,0.0,0.0,0.0,49258.80244140625
2011,native_wait_aware_replan,supported_native_episode_loop,-2552.567,5.32,0.4163,-6.1526000000000005,66.0,0.7480916030534351,346.6518661747111,12.680096120823436,-43.08015267175573,6.918643028133273,0.0,4970.0,1.0,1.0,0.9820137900379085,1.0,0.5776566635254734,0.4368755513672979,1.0009614803653013,0.00032516021747142076,0.7330439686775208,-2.0,2.0,1.0,2.000000238418579,3.0000001192092896,124.20590114593506
2021,native_wait_aware_replan,supported_native_episode_loop,-18884.332,7.742,0.421,-8.584,66.0,0.7480916030534351,329.5592522053318,5.346901825284497,-44.400763358778626,4.621935686876145,0.5536536868781838,4971.0,0.0,0.0,0.0,0.0,0.0,0.0,0.0,0.0,0.0,0.0,0.0,0.0,0.0,0.0,2481.1114013671877
2031,native_wait_aware_replan,supported_native_episode_loop,-14366.092,9.223,0.5424,-10.3078,66.0,0.7480916030534351,336.80115781395523,12.293603219099463,-43.278625954198475,6.14849957037975,0.0,4970.0,0.0,0.0,0.0,0.0,0.0,0.0,0.0,0.0,0.0,0.0,0.0,0.0,0.0,0.0,160852.07275390625
2041,native_wait_aware_replan,supported_native_episode_loop,-10112.249,8.252,0.7075,-9.667000000000002,66.0,0.7480916030534351,342.3188323368249,9.450153794534772,-44.36259541984733,4.5476919047734965,0.0,4971.0,0.0,0.0,0.0,0.0,0.0,0.0,0.0,0.0,0.0,0.0,0.0,0.0,0.0,0.0,92101.78979492188
2051,native_wait_aware_replan,supported_native_episode_loop,-17772.796,5.307,0.55,-6.407,66.0,0.7480916030534351,339.66038062220616,7.883751989180571,-44.38931297709924,4.582696494596529,0.6923076923076924,4970.0,0.0,0.0,0.0,0.0,0.0,0.0,0.0,0.0,0.0,0.0,0.0,0.0,0.0,0.0,2342.0000183105467
2061,native_wait_aware_replan,supported_native_episode_loop,-18150.683,5.58,0.6221,-6.8242,66.0,0.7480916030534351,340.9377378778665,5.4054644852053615,-44.35114503816794,4.477976069750039,1.0,4972.0,0.0,0.0,0.0,0.0,0.0,0.0,0.0,0.0,0.0,0.0,0.0,0.0,0.0,0.0,6890.63090209961
2071,native_wait_aware_replan,supported_native_episode_loop,-18274.844,44.357,0.5348,-45.4266,66.0,0.7480916030534351,331.8366528437944,9.611021944294128,-44.538167938931295,4.138406191259817,0.0,4971.0,0.0,0.0,0.0,0.0,0.0,0.0,0.0,0.0,0.0,0.0,0.0,0.0,0.0,0.0,53998.90903320313
2081,native_wait_aware_replan,supported_native_episode_loop,-2871.938,4.966,0.5567,-6.0794,66.0,0.7480916030534351,336.06472636324764,8.458527182675224,-44.50381679389313,4.254990865342186,1.0,4971.0,0.0,0.0,0.0,0.0,0.0,0.0,0.0,0.0,0.0,0.0,0.0,0.0,0.0,0.0,3346.944696044922
2091,native_wait_aware_replan,supported_native_episode_loop,-3798.481,4.183,0.4543,-5.0916,66.0,0.7480916030534351,338.5566452968515,10.47139517872761,-44.44274809160305,4.51064949427533,0.0,4972.0,0.0,0.0,0.0,0.0,0.0,0.0,0.0,0.0,0.0,0.0,0.0,0.0,0.0,0.0,82298.31274414062
2101,native_wait_aware_replan,supported_native_episode_loop,-2867.437,4.437,0.4527,-5.3424000000000005,66.0,0.7480916030534351,343.25514331947227,12.471835532325784,-13.32442748091603,37.90876067774576,0.0,4970.0,0.0,0.0,0.0,0.0,0.0,0.0,0.0,0.0,0.0,0.0,0.0,0.0,0.0,0.0,14627.841757202148
2111,native_wait_aware_replan,supported_native_episode_loop,-11284.184,6.312,0.6922,-7.696400000000001,66.0,0.7480916030534351,341.0831459532106,5.307645690745498,-44.3206106870229,4.857931541685472,0.0,4970.0,0.0,0.0,0.0,0.0,0.0,0.0,0.0,0.0,0.0,0.0,0.0,0.0,0.0,0.0,12662.352600097656
2121,native_wait_aware_replan,supported_native_episode_loop,-17630.616,8.626,0.7335,-10.093,66.0,0.7480916030534351,331.5360933097567,6.4251925393841685,-44.412213740458014,4.5631618691858105,0.0,4971.0,0.0,0.0,0.0,0.0,0.0,0.0,0.0,0.0,0.0,0.0,0.0,0.0,0.0,0.0,2651.476983642578
2131,native_wait_aware_replan,supported_native_episode_loop,-10772.836,6.11,0.5653,-7.240600000000001,66.0,0.7480916030534351,337.9020855158643,5.373521616618293,-44.2557251908397,5.006814597429143,0.0,4970.0,0.0,0.0,0.0,0.0,0.0,0.0,0.0,0.0,0.0,0.0,0.0,0.0,0.0,0.0,14689.599536132813
2141,native_wait_aware_replan,supported_native_episode_loop,-3165.646,4.128,0.4208,-4.9696,66.0,0.7480916030534351,332.6349734968812,7.416483142254492,-44.54961832061068,4.101226292979849,0.5384615384615384,4971.0,0.0,0.0,0.0,0.0,0.0,0.0,0.0,0.0,0.0,0.0,0.0,0.0,0.0,0.0,11478.505364990235
2151,native_wait_aware_replan,supported_native_episode_loop,-14649.359,4.469,0.25,-4.969,66.0,0.7480916030534351,345.3026415810785,6.046163851292537,-43.57251908396947,5.320320449441959,0.0,4971.0,0.0,0.0,0.0,0.0,0.0,0.0,0.0,0.0,0.0,0.0,0.0,0.0,0.0,0.0,2533.479638671875
2161,native_wait_aware_replan,supported_native_episode_loop,-18901.687,5.695,0.4296,-6.5542,66.0,0.7480916030534351,337.98661208795835,11.578746334071845,-44.29389312977099,4.9579800079842125,0.0,4971.0,0.0,0.0,0.0,0.0,0.0,0.0,0.0,0.0,0.0,0.0,0.0,0.0,0.0,0.0,20988.198681640624
2171,native_wait_aware_replan,supported_native_episode_loop,-2772.657,4.618,0.4586,-5.535200000000001,66.0,0.7480916030534351,336.14445633524247,6.439260133530895,-44.538167938931295,4.134715401658565,1.0,4971.0,0.0,0.0,0.0,0.0,0.0,0.0,0.0,0.0,0.0,0.0,0.0,0.0,0.0,0.0,195.55142974853516
2181,native_wait_aware_replan,supported_native_episode_loop,-4743.222,8.394,0.462,-9.318,66.0,0.7480916030534351,351.9523383094533,5.480793819132551,-42.61832061068702,7.238001933462844,0.0,4970.0,0.0,0.0,0.0,0.0,0.0,0.0,0.0,0.0,0.0,0.0,0.0,0.0,0.0,0.0,69058.7216796875
2191,native_wait_aware_replan,supported_native_episode_loop,-18824.667,8.315,0.4128,-9.1406,66.0,0.7480916030534351,331.8850071246994,8.099442638253713,-44.51145038167939,4.24779495956789,0.0,4971.0,0.0,0.0,0.0,0.0,0.0,0.0,0.0,0.0,0.0,0.0,0.0,0.0,0.0,0.0,4210.34599609375
2201,native_wait_aware_replan,supported_native_episode_loop,-2971.9,7.932,0.4581,-8.8482,66.0,0.7480916030534351,336.09139778764194,6.679971711615521,-44.33969465648855,4.81757563731688,0.0,4970.0,0.0,0.0,0.0,0.0,0.0,0.0,0.0,0.0,0.0,0.0,0.0,0.0,0.0,0.0,77767.04428710937
2211,native_wait_aware_replan,supported_native_episode_loop,-3197.387,4.601,0.5345,-5.67,66.0,0.7480916030534351,346.5059502676092,4.655848586144664,-44.04961832061068,5.60137488637206,1.0,4971.0,0.0,0.0,0.0,0.0,0.0,0.0,0.0,0.0,0.0,0.0,0.0,0.0,0.0,0.0,2045.038706970215
2221,native_wait_aware_replan,supported_native_episode_loop,-6164.416,14.084,0.5533,-15.1906,66.0,0.7480916030534351,344.7114268023549,6.066532583513298,-43.92748091603053,5.435823405608762,0.07692307692307698,4970.0,0.0,0.0,0.0,0.0,0.0,0.0,0.0,0.0,0.0,0.0,0.0,0.0,0.0,0.0,4237.052001953125
2231,native_wait_aware_replan,supported_native_episode_loop,-17061.323,4.197,0.7183,-5.6336,66.0,0.7480916030534351,342.3140265880953,7.116689752844467,-44.43129770992366,4.367761562178109,0.0,4971.0,0.0,0.0,0.0,0.0,0.0,0.0,0.0,0.0,0.0,0.0,0.0,0.0,0.0,0.0,2965.9011047363283
2241,native_wait_aware_replan,supported_native_episode_loop,-5702.996,12.994,0.4707,-13.9354,66.0,0.7480916030534351,333.7984801309406,5.789785125930125,-44.52290076335878,4.209840614297136,1.0,4970.0,0.0,0.0,0.0,0.0,0.0,0.0,0.0,0.0,0.0,0.0,0.0,0.0,0.0,0.0,3504.6713317871095
2251,native_wait_aware_replan,supported_native_episode_loop,-19047.042,32.869,0.4331,-33.7352,66.0,0.7480916030534351,348.6644245057464,7.447025928579389,-43.93129770992366,4.932662349881014,0.21321579643886346,4970.0,0.0,0.0,0.0,0.0,0.0,0.0,0.0,0.0,0.0,0.0,0.0,0.0,0.0,0.0,41568.42543945312
2261,native_wait_aware_replan,supported_native_episode_loop,-3221.89,5.312,0.4632,-6.2384,66.0,0.7480916030534351,327.58816216446974,4.295191380718145,-44.49236641221374,4.327916098871587,0.0,4971.0,0.0,0.0,0.0,0.0,0.0,0.0,0.0,0.0,0.0,0.0,0.0,0.0,0.0,0.0,23342.21535644531
2271,native_wait_aware_replan,supported_native_episode_loop,-18907.445,5.092,0.6198,-6.3316,66.0,0.7480916030534351,348.2711736409719,4.861472038414421,-44.29770992366412,4.876637961647909,0.0,4971.0,0.0,0.0,0.0,0.0,0.0,0.0,0.0,0.0,0.0,0.0,0.0,0.0,0.0,0.0,29337.128063964843
2281,native_wait_aware_replan,supported_native_episode_loop,-17989.16,6.802,0.5833,-7.9685999999999995,66.0,0.7480916030534351,341.2076765070586,4.828924290855748,-44.0,5.499479503476698,0.23076923076923078,4970.0,0.0,0.0,0.0,0.0,0.0,0.0,0.0,0.0,0.0,0.0,0.0,0.0,0.0,0.0,33337.27985839844
2291,native_wait_aware_replan,supported_native_episode_loop,-3034.801,4.242,0.3745,-4.991,66.0,0.7480916030534351,349.2648662456347,6.075810007104445,-41.713740458015266,7.245301329308898,0.0,4970.0,0.0,0.0,0.0,0.0,0.0,0.0,0.0,0.0,0.0,0.0,0.0,0.0,0.0,0.0,242.2161422729492
2301,native_wait_aware_replan,supported_native_episode_loop,-3749.373,4.789,0.4985,-5.786,66.0,0.7480916030534351,344.34587681865645,8.842881352935567,-44.213740458015266,4.740611667925678,0.0,4970.0,0.0,0.0,0.0,0.0,0.0,0.0,0.0,0.0,0.0,0.0,0.0,0.0,0.0,0.0,87075.0110107422
2311,native_wait_aware_replan,supported_native_episode_loop,-5550.961,6.203,0.7182,-7.6394,66.0,0.7480916030534351,349.12811622392127,4.668907007760538,-44.25954198473283,4.979481235832532,0.0,4971.0,0.0,0.0,0.0,0.0,0.0,0.0,0.0,0.0,0.0,0.0,0.0,0.0,0.0,0.0,25536.335650634766
2321,native_wait_aware_replan,supported_native_episode_loop,-20371.544,22.444,0.6873,-23.8186,66.0,0.7480916030534351,337.1460164030696,7.4429051311804155,-44.3206106870229,4.857931541685472,0.0,4970.0,0.0,0.0,0.0,0.0,0.0,0.0,0.0,0.0,0.0,0.0,0.0,0.0,0.0,0.0,52939.753515625
2331,native_wait_aware_replan,supported_native_episode_loop,-17727.863,7.684,0.5294,-8.7428,66.0,0.7480916030534351,336.6477213070896,7.529505783529542,-44.52671755725191,4.176137673352133,0.0,4971.0,0.0,0.0,0.0,0.0,0.0,0.0,0.0,0.0,0.0,0.0,0.0,0.0,0.0,0.0,6758.180871582032
2341,native_wait_aware_replan,supported_native_episode_loop,-3992.582,3.382,0.433,-4.248,66.0,0.7480916030534351,347.8235379071788,14.744355749978244,-9.969465648854962,42.19826683812914,0.0,4971.0,0.0,0.0,0.0,0.0,0.0,0.0,0.0,0.0,0.0,0.0,0.0,0.0,0.0,0.0,827.6795478820801
2351,native_wait_aware_replan,supported_native_episode_loop,-3244.776,4.09,0.5797,-5.2494,66.0,0.7480916030534351,338.0712923748803,7.243527645804954,-44.469465648854964,4.348929729347756,0.0,4971.0,0.0,0.0,0.0,0.0,0.0,0.0,0.0,0.0,0.0,0.0,0.0,0.0,0.0,0.0,309.801305770874
2361,native_wait_aware_replan,supported_native_episode_loop,-3067.947,7.594,0.439,-8.472,66.0,0.7480916030534351,348.66157063283316,7.004043311870803,-43.713740458015266,5.189364687156036,0.0,4970.0,0.0,0.0,0.0,0.0,0.0,0.0,0.0,0.0,0.0,0.0,0.0,0.0,0.0,0.0,72060.63286132812
2371,native_wait_aware_replan,supported_native_episode_loop,-4754.311,4.568,0.5131,-5.5942,66.0,0.7480916030534351,343.3029811135192,5.267009859261489,-44.0763358778626,5.563812082989473,0.07692307692307698,4971.0,0.0,0.0,0.0,0.0,0.0,0.0,0.0,0.0,0.0,0.0,0.0,0.0,0.0,0.0,13308.915020751952
2381,native_wait_aware_replan,supported_native_episode_loop,-4563.183,4.114,0.3629,-4.8398,66.0,0.7480916030534351,336.7258454062936,6.474832937324973,-44.1793893129771,5.35765440241937,0.23076923076923078,4972.0,0.0,0.0,0.0,0.0,0.0,0.0,0.0,0.0,0.0,0.0,0.0,0.0,0.0,0.0,8448.7794921875
2391,native_wait_aware_replan,supported_native_episode_loop,-19314.564,17.115,0.6848,-18.484599999999997,66.0,0.7480916030534351,337.5492400348339,8.849393965033325,-44.412213740458014,4.4212709806215225,0.0,4971.0,0.0,0.0,0.0,0.0,0.0,0.0,0.0,0.0,0.0,0.0,0.0,0.0,0.0,0.0,8580.918627929688
2401,native_wait_aware_replan,supported_native_episode_loop,-18730.345,5.978,0.4119,-6.8018,66.0,0.7480916030534351,336.96847455143626,4.768815801158648,-43.97328244274809,6.074855251346014,0.8461538461538461,4970.0,0.0,0.0,0.0,0.0,0.0,0.0,0.0,0.0,0.0,0.0,0.0,0.0,0.0,0.0,85679.06240234376
2411,native_wait_aware_replan,supported_native_episode_loop,-15321.168,4.978,0.5579,-6.0938,66.0,0.7480916030534351,349.8273541986374,7.813819410968001,-44.33206106870229,4.749492012620928,0.0,4970.0,0.0,0.0,0.0,0.0,0.0,0.0,0.0,0.0,0.0,0.0,0.0,0.0,0.0,0.0,11139.73046875
2421,native_wait_aware_replan,supported_native_episode_loop,-2767.28,4.32,0.4558,-5.2316,66.0,0.7480916030534351,342.07339587875714,4.4671360856626485,-44.02671755725191,5.863853882502581,0.0,4971.0,0.0,0.0,0.0,0.0,0.0,0.0,0.0,0.0,0.0,0.0,0.0,0.0,0.0,0.0,29562.431567382813
2431,native_wait_aware_replan,supported_native_episode_loop,-18106.969,17.618,0.5237,-18.665399999999998,66.0,0.7480916030534351,341.6351743558284,11.736396971777644,-44.2442748091603,4.928638235433558,0.4271765614804839,4970.0,0.0,0.0,0.0,0.0,0.0,0.0,0.0,0.0,0.0,0.0,0.0,0.0,0.0,0.0,164242.742578125
2441,native_wait_aware_replan,supported_native_episode_loop,-18508.139,4.659,0.4931,-5.6452,66.0,0.7480916030534351,343.4136077313326,5.102448683764889,-44.37786259541985,4.649382953007358,1.0,4971.0,0.0,0.0,0.0,0.0,0.0,0.0,0.0,0.0,0.0,0.0,0.0,0.0,0.0,0.0,2000.5311431884766
2451,native_wait_aware_replan,supported_native_episode_loop,-2914.889,5.533,0.5172,-6.5674,66.0,0.7480916030534351,338.6384375229971,8.036001948798232,-44.45038167938932,4.4339318626607,1.0,4971.0,0.0,0.0,0.0,0.0,0.0,0.0,0.0,0.0,0.0,0.0,0.0,0.0,0.0,0.0,3674.4305557250977
2461,native_wait_aware_replan,supported_native_episode_loop,-20121.695,17.906,0.5034,-18.912799999999997,66.0,0.7480916030534351,350.0271716861628,11.694382140640998,-23.015267175572518,29.794841690145475,0.6125940282848303,4971.0,0.0,0.0,0.0,0.0,0.0,0.0,0.0,0.0,0.0,0.0,0.0,0.0,0.0,0.0,319087.325390625
2471,native_wait_aware_replan,supported_native_episode_loop,-17937.653,36.166,0.5538,-37.273599999999995,66.0,0.7480916030534351,344.80645162359485,6.711528526601103,-44.4236641221374,4.4746842109750515,0.23076923076923078,4971.0,0.0,0.0,0.0,0.0,0.0,0.0,0.0,0.0,0.0,0.0,0.0,0.0,0.0,0.0,8342.725793457032
2481,native_wait_aware_replan,supported_native_episode_loop,-2966.345,4.094,0.3993,-4.8926,66.0,0.7480916030534351,344.63685136714963,3.807770303572136,-44.38167938931298,4.610737576185119,1.0,4969.0,0.0,0.0,0.0,0.0,0.0,0.0,0.0,0.0,0.0,0.0,0.0,0.0,0.0,0.0,41432.96533203125
2491,native_wait_aware_replan,supported_native_episode_loop,-20421.201,23.215,0.4545,-24.124,66.0,0.7480916030534351,338.56710041418637,5.390187394709147,-44.48091603053435,4.326998757205451,0.0,4970.0,0.0,0.0,0.0,0.0,0.0,0.0,0.0,0.0,0.0,0.0,0.0,0.0,0.0,0.0,4657.238165283203
2501,native_wait_aware_replan,supported_native_episode_loop,-9332.04,17.489,0.5401,-18.569200000000002,66.0,0.7480916030534351,327.38576560129644,5.713757014950405,-44.50763358778626,4.262155823370216,0.0,4971.0,0.0,0.0,0.0,0.0,0.0,0.0,0.0,0.0,0.0,0.0,0.0,0.0,0.0,0.0,23204.97802734375
2511,native_wait_aware_replan,supported_native_episode_loop,-19107.069,7.775,0.6353,-9.0456,66.0,0.7480916030534351,335.51329249771493,4.360122676058524,-44.49618320610687,4.302270030671856,0.0,4971.0,0.0,0.0,0.0,0.0,0.0,0.0,0.0,0.0,0.0,0.0,0.0,0.0,0.0,0.0,2928.916015625
2521,native_wait_aware_replan,supported_native_episode_loop,-16947.791,36.231,0.5803,-37.391600000000004,66.0,0.7480916030534351,339.2105401827785,5.564632725365018,-44.43893129770992,4.460395226370941,0.6923076923076924,4969.0,0.0,0.0,0.0,0.0,0.0,0.0,0.0,0.0,0.0,0.0,0.0,0.0,0.0,0.0,20908.324182128905
2531,native_wait_aware_replan,supported_native_episode_loop,-19261.308,20.719,0.6084,-21.9358,66.0,0.7480916030534351,345.8635483634153,5.078879487553001,-43.99618320610687,5.801091034263259,0.0,4970.0,0.0,0.0,0.0,0.0,0.0,0.0,0.0,0.0,0.0,0.0,0.0,0.0,0.0,0.0,61378.05712890625
2541,native_wait_aware_replan,supported_native_episode_loop,-3959.407,7.137,0.4689,-8.0748,66.0,0.7480916030534351,349.24794890484736,6.167370428964282,-44.48091603053435,4.3022293972825585,1.0,4971.0,0.0,0.0,0.0,0.0,0.0,0.0,0.0,0.0,0.0,0.0,0.0,0.0,0.0,0.0,17307.06297607422
2551,native_wait_aware_replan,supported_native_episode_loop,-16489.449,4.975,0.3949,-5.764799999999999,66.0,0.7480916030534351,335.42681504321166,10.485432974307322,-44.221374045801525,4.588052982809467,0.5384615384615384,4970.0,0.0,0.0,0.0,0.0,0.0,0.0,0.0,0.0,0.0,0.0,0.0,0.0,0.0,0.0,1712.493716430664
2561,native_wait_aware_replan,supported_native_episode_loop,-18400.363,23.279,0.5279,-24.3348,66.0,0.7480916030534351,334.97589078551636,6.542870171343754,-44.16793893129771,5.309724151135924,0.0,4971.0,0.0,0.0,0.0,0.0,0.0,0.0,0.0,0.0,0.0,0.0,0.0,0.0,0.0,0.0,117317.43203125
2571,native_wait_aware_replan,supported_native_episode_loop,-15621.239,40.49,0.528,-41.546,66.0,0.7480916030534351,341.61827717755585,10.943146954802321,-44.50381679389313,4.263056363012548,0.0,4971.0,0.0,0.0,0.0,0.0,0.0,0.0,0.0,0.0,0.0,0.0,0.0,0.0,0.0,0.0,89724.0728515625
2581,native_wait_aware_replan,supported_native_episode_loop,-20000.812,19.038,0.3484,-19.7348,66.0,0.7480916030534351,337.9540684892325,13.523997293930176,-41.97709923664122,7.170726803001342,0.23076923076923078,4970.0,0.0,0.0,0.0,0.0,0.0,0.0,0.0,0.0,0.0,0.0,0.0,0.0,0.0,0.0,17082.012939453125
2591,native_wait_aware_replan,supported_native_episode_loop,-2569.512,7.454,0.3677,-8.1894,66.0,0.7480916030534351,334.03458475247595,5.3060200322943345,-44.30916030534351,4.92150523709258,0.0,4970.0,0.0,0.0,0.0,0.0,0.0,0.0,0.0,0.0,0.0,0.0,0.0,0.0,0.0,0.0,3177.0990783691404
2601,native_wait_aware_replan,supported_native_episode_loop,-2773.072,5.998,0.4624,-6.9228000000000005,66.0,0.7480916030534351,346.40803774241124,7.753045706853712,-36.47328244274809,16.928600959528335,0.0,4970.0,0.0,0.0,0.0,0.0,0.0,0.0,0.0,0.0,0.0,0.0,0.0,0.0,0.0,0.0,921.5828308105469
2611,native_wait_aware_replan,supported_native_episode_loop,-18939.302,5.553,0.5714,-6.6958,66.0,0.7480916030534351,338.66029651502464,6.050523969469711,-44.33969465648855,4.592047214118012,0.0,4970.0,0.0,0.0,0.0,0.0,0.0,0.0,0.0,0.0,0.0,0.0,0.0,0.0,0.0,0.0,5059.935638427734
2621,native_wait_aware_replan,supported_native_episode_loop,-12016.769,15.628,0.5548,-16.7376,66.0,0.7480916030534351,336.6336718750971,5.4698911805314445,-44.24809160305343,5.073834257043166,1.0,4970.0,0.0,0.0,0.0,0.0,0.0,0.0,0.0,0.0,0.0,0.0,0.0,0.0,0.0,0.0,1821.543295288086
2631,native_wait_aware_replan,supported_native_episode_loop,-15767.147,5.696,0.5733,-6.8426,66.0,0.7480916030534351,341.8248059873476,6.749276639516044,-44.48854961832061,4.299594179702712,0.0,4970.0,0.0,0.0,0.0,0.0,0.0,0.0,0.0,0.0,0.0,0.0,0.0,0.0,0.0,0.0,13609.735986328125
2641,native_wait_aware_replan,supported_native_episode_loop,-2557.258,5.039,0.5418,-6.122599999999999,66.0,0.7480916030534351,346.72388823402065,6.269814039795957,-43.912213740458014,5.384094796596964,1.0,4971.0,0.0,0.0,0.0,0.0,0.0,0.0,0.0,0.0,0.0,0.0,0.0,0.0,0.0,0.0,6255.410900878906
2651,native_wait_aware_replan,supported_native_episode_loop,-2660.127,4.052,0.4074,-4.8668,66.0,0.7480916030534351,340.10546214228674,6.68320329945766,-44.38167938931298,4.62643914521572,1.0,4971.0,0.0,0.0,0.0,0.0,0.0,0.0,0.0,0.0,0.0,0.0,0.0,0.0,0.0,0.0,3636.292973327637
2661,native_wait_aware_replan,supported_native_episode_loop,-3105.452,5.901,0.4241,-6.7492,66.0,0.7480916030534351,341.2601238194768,10.99985433380657,-44.18702290076336,5.196826643964033,0.0,4970.0,0.0,0.0,0.0,0.0,0.0,0.0,0.0,0.0,0.0,0.0,0.0,0.0,0.0,0.0,2614.3830947875977
2671,native_wait_aware_replan,supported_native_episode_loop,-2786.378,4.331,0.515,-5.361000000000001,66.0,0.7480916030534351,332.53341825017486,7.030968461851063,-44.469465648854964,4.3498072806264645,0.0,4971.0,0.0,0.0,0.0,0.0,0.0,0.0,0.0,0.0,0.0,0.0,0.0,0.0,0.0,0.0,69299.603125
2681,native_wait_aware_replan,supported_native_episode_loop,-20513.59,41.66,0.5834,-42.8268,66.0,0.7480916030534351,347.0311394710274,4.274693416288031,-44.17557251908397,5.1385103672522945,0.5384615384615384,4970.0,0.0,0.0,0.0,0.0,0.0,0.0,0.0,0.0,0.0,0.0,0.0,0.0,0.0,0.0,156745.74580078124
2691,native_wait_aware_replan,supported_native_episode_loop,-4762.724,8.249,0.6189,-9.4868,66.0,0.7480916030534351,342.0730014136729,8.360177957586842,-44.221374045801525,5.093462471056326,0.5666260790513449,4970.0,0.0,0.0,0.0,0.0,0.0,0.0,0.0,0.0,0.0,0.0,0.0,0.0,0.0,0.0,10693.93578491211
2701,native_wait_aware_replan,supported_native_episode_loop,-5513.827,10.176,0.3325,-10.841000000000001,66.0,0.7480916030534351,335.84762385398074,5.024898855437947,-44.25954198473283,5.196281386553012,1.0,4971.0,1.0,1.0,0.9820137900379085,1.0,0.47129940564484685,0.29506587419312913,1.0547245363780546,0.16898560523986816,0.7373092770576477,-2.0,2.0,1.0,2.000000207684934,2.485248892568052,15152.714428710937
2711,native_wait_aware_replan,supported_native_episode_loop,-11947.364,4.199,0.6067,-5.4124,66.0,0.7480916030534351,331.3000887625697,4.867887374471179,-44.50381679389313,4.281816775357538,0.6923076923076924,4971.0,0.0,0.0,0.0,0.0,0.0,0.0,0.0,0.0,0.0,0.0,0.0,0.0,0.0,0.0,1111.3304016113282
2721,native_wait_aware_replan,supported_native_episode_loop,-2672.698,3.944,0.3365,-4.617,66.0,0.7480916030534351,338.46378168996057,8.0395094890772,-44.454198473282446,4.398538264170463,1.0,4971.0,0.0,0.0,0.0,0.0,0.0,0.0,0.0,0.0,0.0,0.0,0.0,0.0,0.0,0.0,21539.6392578125
2731,native_wait_aware_replan,supported_native_episode_loop,-2781.186,4.239,0.3365,-4.912,66.0,0.7480916030534351,336.06675468255554,4.851330984670287,-44.37404580152672,4.702339644826477,0.23076923076923078,4970.0,0.0,0.0,0.0,0.0,0.0,0.0,0.0,0.0,0.0,0.0,0.0,0.0,0.0,0.0,21018.30098876953
2741,native_wait_aware_replan,supported_native_episode_loop,-2691.681,4.752,0.4099,-5.5718,66.0,0.7480916030534351,347.3888546462581,7.683143384112609,-40.06106870229008,12.142132642885162,0.07692307692307698,4971.0,0.0,0.0,0.0,0.0,0.0,0.0,0.0,0.0,0.0,0.0,0.0,0.0,0.0,0.0,6720.123504638672
2751,native_wait_aware_replan,supported_native_episode_loop,-18870.763,21.37,0.6923,-22.7546,66.0,0.7480916030534351,344.50055070888374,8.434823534747718,-44.282442748091604,4.883802187228116,0.33803198081545727,4970.0,0.0,0.0,0.0,0.0,0.0,0.0,0.0,0.0,0.0,0.0,0.0,0.0,0.0,0.0,25881.607495117187
2761,native_wait_aware_replan,supported_native_episode_loop,-3178.21,5.62,0.5422,-6.7044,66.0,0.7480916030534351,339.2458349298582,8.885024232223762,-44.36641221374046,4.733680050705398,0.0,4970.0,1.0,1.0,0.9820137900379085,1.0,0.6359979226250043,0.5146638968333391,1.0729591501197153,0.0025210126768797636,0.8034619688987732,-2.0,2.0,1.0,2.000000476837158,3.000000476837158,40765.64243164063
2771,native_wait_aware_replan,supported_native_episode_loop,-18926.637,7.227,0.4501,-8.1272,66.0,0.7480916030534351,332.0420859114511,7.487691978119471,-44.56488549618321,4.04667281414639,1.0,4970.0,0.0,0.0,0.0,0.0,0.0,0.0,0.0,0.0,0.0,0.0,0.0,0.0,0.0,0.0,6034.876684570312
2781,native_wait_aware_replan,supported_native_episode_loop,-2959.416,4.545,0.5007,-5.5464,66.0,0.7480916030534351,333.784872342248,5.027098204573184,-44.51145038167939,4.254080057196172,0.0,4970.0,0.0,0.0,0.0,0.0,0.0,0.0,0.0,0.0,0.0,0.0,0.0,0.0,0.0,0.0,2071.825045776367
2791,native_wait_aware_replan,supported_native_episode_loop,-3216.884,5.029,0.5265,-6.082,66.0,0.7480916030534351,344.57575077495085,4.23566138643128,-44.38931297709924,4.60595783953811,0.3846153846153846,4971.0,0.0,0.0,0.0,0.0,0.0,0.0,0.0,0.0,0.0,0.0,0.0,0.0,0.0,0.0,375.28298416137693
2801,native_wait_aware_replan,supported_native_episode_loop,-11542.536,6.909,0.2833,-7.4756,66.0,0.7480916030534351,337.0981824896225,7.0786003601450345,-44.44656488549618,4.433026600552915,0.6923076923076924,4972.0,0.0,0.0,0.0,0.0,0.0,0.0,0.0,0.0,0.0,0.0,0.0,0.0,0.0,0.0,8351.562966918946
2811,native_wait_aware_replan,supported_native_episode_loop,-17237.898,29.03,0.4967,-30.023400000000002,66.0,0.7480916030534351,341.72206523645934,5.9626996799818555,-44.538167938931295,4.152217434173153,1.0,4971.0,0.0,0.0,0.0,0.0,0.0,0.0,0.0,0.0,0.0,0.0,0.0,0.0,0.0,0.0,3167.9340545654295
2821,native_wait_aware_replan,supported_native_episode_loop,-18728.282,28.417,0.6585,-29.734,66.0,0.7480916030534351,338.211082709374,12.167778628980393,-44.13358778625954,5.12825001306411,1.0,4971.0,0.0,0.0,0.0,0.0,0.0,0.0,0.0,0.0,0.0,0.0,0.0,0.0,0.0,0.0,2982.777453613281
2831,native_wait_aware_replan,supported_native_episode_loop,-18103.224,4.605,0.6106,-5.8262,66.0,0.7480916030534351,342.810795768739,7.234032899281882,-43.87022900763359,6.500025773953463,1.0,4971.0,0.0,0.0,0.0,0.0,0.0,0.0,0.0,0.0,0.0,0.0,0.0,0.0,0.0,0.0,14376.74232788086
2841,native_wait_aware_replan,supported_native_episode_loop,-13189.225,16.165,0.4359,-17.0368,66.0,0.7480916030534351,332.7111530859658,5.379063536503026,-44.534351145038165,4.169679193773453,0.0,4971.0,0.0,0.0,0.0,0.0,0.0,0.0,0.0,0.0,0.0,0.0,0.0,0.0,0.0,0.0,34341.931958007815
2851,native_wait_aware_replan,supported_native_episode_loop,-18266.616,6.117,0.3811,-6.8792,66.0,0.7480916030534351,334.5291100185639,6.2522223967036235,-44.3587786259542,4.7648020909855955,0.0,4971.0,0.0,0.0,0.0,0.0,0.0,0.0,0.0,0.0,0.0,0.0,0.0,0.0,0.0,0.0,18176.434619140626
2861,native_wait_aware_replan,supported_native_episode_loop,-3268.137,6.548,0.4163,-7.3806,66.0,0.7480916030534351,337.73387879442623,6.881250591496316,-44.4236641221374,4.511213036729543,0.0,4971.0,0.0,0.0,0.0,0.0,0.0,0.0,0.0,0.0,0.0,0.0,0.0,0.0,0.0,0.0,58663.114453125
2871,native_wait_aware_replan,supported_native_episode_loop,-10707.212,6.054,0.5866,-7.2272,66.0,0.7480916030534351,349.0598214491102,6.074631426623065,-44.217557251908396,4.6670025837737885,0.0,4970.0,0.0,0.0,0.0,0.0,0.0,0.0,0.0,0.0,0.0,0.0,0.0,0.0,0.0,0.0,10829.590393066406
2881,native_wait_aware_replan,supported_native_episode_loop,-2629.598,5.511,0.4613,-6.4336,66.0,0.7480916030534351,334.44568360185497,5.0274317875389665,-44.454198473282446,4.400273404794778,1.0,4970.0,0.0,0.0,0.0,0.0,0.0,0.0,0.0,0.0,0.0,0.0,0.0,0.0,0.0,0.0,2984.7343017578123
2891,native_wait_aware_replan,supported_native_episode_loop,-12511.199,16.069,0.5833,-17.235599999999998,66.0,0.7480916030534351,332.761559508229,4.872257431991204,-44.37786259541985,4.682919916350486,0.0,4970.0,0.0,0.0,0.0,0.0,0.0,0.0,0.0,0.0,0.0,0.0,0.0,0.0,0.0,0.0,4299.340594482422
2901,native_wait_aware_replan,supported_native_episode_loop,-17115.883,7.597,0.7234,-9.043800000000001,66.0,0.7480916030534351,348.67814829904233,7.528809442456834,-43.99618320610687,5.151519520589598,0.0,4971.0,0.0,0.0,0.0,0.0,0.0,0.0,0.0,0.0,0.0,0.0,0.0,0.0,0.0,0.0,7606.228967285157
2911,native_wait_aware_replan,supported_native_episode_loop,-10712.324,4.282,0.3933,-5.0686,66.0,0.7480916030534351,330.9274267531533,4.4010769122399775,-44.41984732824427,4.541503598867164,0.3846153846153846,4971.0,0.0,0.0,0.0,0.0,0.0,0.0,0.0,0.0,0.0,0.0,0.0,0.0,0.0,0.0,15779.616131591796
2921,native_wait_aware_replan,supported_native_episode_loop,-3411.783,6.572,0.2799,-7.1318,66.0,0.7480916030534351,338.5456402801129,5.613236478093202,-44.16030534351145,5.368578065104065,0.3846153846153846,4970.0,0.0,0.0,0.0,0.0,0.0,0.0,0.0,0.0,0.0,0.0,0.0,0.0,0.0,0.0,11291.097198486328
2931,native_wait_aware_replan,supported_native_episode_loop,-18813.93,4.427,0.5325,-5.491999999999999,66.0,0.7480916030534351,340.3084314116464,9.71249157442686,-44.50763358778626,4.2567793854005505,0.0,4971.0,0.0,0.0,0.0,0.0,0.0,0.0,0.0,0.0,0.0,0.0,0.0,0.0,0.0,0.0,5208.352465820312
2941,native_wait_aware_replan,supported_native_episode_loop,-18700.937,6.137,0.398,-6.933,66.0,0.7480916030534351,344.2625342964519,7.257714887111416,-44.278625954198475,4.445883379940219,0.0,4971.0,0.0,0.0,0.0,0.0,0.0,0.0,0.0,0.0,0.0,0.0,0.0,0.0,0.0,0.0,48307.07143554687
2951,native_wait_aware_replan,supported_native_episode_loop,-6233.759,5.116,0.5195,-6.154999999999999,66.0,0.7480916030534351,345.5642378660862,5.8253363475817785,-44.267175572519086,5.069478235465789,0.0,4970.0,0.0,0.0,0.0,0.0,0.0,0.0,0.0,0.0,0.0,0.0,0.0,0.0,0.0,0.0,1464.4458251953124
2961,native_wait_aware_replan,supported_native_episode_loop,-7934.652,7.263,0.5459,-8.354800000000001,66.0,0.7480916030534351,343.0699332205319,7.744881616430221,-44.37786259541985,4.604010698887562,1.0,4970.0,0.0,0.0,0.0,0.0,0.0,0.0,0.0,0.0,0.0,0.0,0.0,0.0,0.0,0.0,15621.825366210938
2971,native_wait_aware_replan,supported_native_episode_loop,-20376.064,40.718,0.3297,-41.3774,66.0,0.7480916030534351,341.57995450624077,6.032454160234304,-43.89312977099237,6.013663714678085,0.0,4969.0,0.0,0.0,0.0,0.0,0.0,0.0,0.0,0.0,0.0,0.0,0.0,0.0,0.0,0.0,97087.89140625
2981,native_wait_aware_replan,supported_native_episode_loop,-17854.555,5.156,0.5683,-6.2926,66.0,0.7480916030534351,337.9911986651766,7.664041845943633,-44.2442748091603,4.536689452856068,0.0,4970.0,0.0,0.0,0.0,0.0,0.0,0.0,0.0,0.0,0.0,0.0,0.0,0.0,0.0,0.0,3553.124609375
2991,native_wait_aware_replan,supported_native_episode_loop,-3146.127,8.363,0.4488,-9.2606,66.0,0.7480916030534351,336.0539894397022,9.329704554420884,-44.19847328244275,5.180585966044408,0.0,4970.0,0.0,0.0,0.0,0.0,0.0,0.0,0.0,0.0,0.0,0.0,0.0,0.0,0.0,0.0,873.9508834838867
3001,native_wait_aware_replan,supported_native_episode_loop,-20330.845,12.281,0.5546,-13.3902,66.0,0.7480916030534351,334.7616903460359,6.081697261727637,-44.534351145038165,4.169679193773453,0.0,4971.0,0.0,0.0,0.0,0.0,0.0,0.0,0.0,0.0,0.0,0.0,0.0,0.0,0.0,0.0,22331.6142578125
3011,native_wait_aware_replan,supported_native_episode_loop,-2948.826,4.047,0.3917,-4.8304,66.0,0.7480916030534351,343.3313955987531,4.562618848164557,-44.412213740458014,4.538840402414455,0.07692307692307698,4972.0,0.0,0.0,0.0,0.0,0.0,0.0,0.0,0.0,0.0,0.0,0.0,0.0,0.0,0.0,7094.173342895508
3021,native_wait_aware_replan,supported_native_episode_loop,-18813.161,6.554,0.663,-7.880000000000001,66.0,0.7480916030534351,342.54805858236085,5.503578724865282,-43.93511450381679,5.809933894384504,0.5384615384615384,4970.0,0.0,0.0,0.0,0.0,0.0,0.0,0.0,0.0,0.0,0.0,0.0,0.0,0.0,0.0,1988.469955444336
3031,native_wait_aware_replan,supported_native_episode_loop,-20463.424,38.462,0.576,-39.614000000000004,66.0,0.7480916030534351,344.37638744582966,6.782658057780822,-44.217557251908396,5.0865033343532104,0.8461538461538461,4971.0,0.0,0.0,0.0,0.0,0.0,0.0,0.0,0.0,0.0,0.0,0.0,0.0,0.0,0.0,264397.975
3041,native_wait_aware_replan,supported_native_episode_loop,-14346.397,5.97,0.387,-6.744,66.0,0.7480916030534351,345.2493005208254,5.247854340103183,-44.32442748091603,4.867489777420247,0.0,4971.0,0.0,0.0,0.0,0.0,0.0,0.0,0.0,0.0,0.0,0.0,0.0,0.0,0.0,0.0,20209.275720214842
3051,native_wait_aware_replan,supported_native_episode_loop,-3348.564,5.516,0.3818,-6.2796,66.0,0.7480916030534351,340.5158873309995,12.259163102590643,-43.83587786259542,5.3673961831235415,0.6923076923076924,4972.0,0.0,0.0,0.0,0.0,0.0,0.0,0.0,0.0,0.0,0.0,0.0,0.0,0.0,0.0,14353.631524658203
3061,native_wait_aware_replan,supported_native_episode_loop,-7238.198,8.89,0.2499,-9.389800000000001,66.0,0.7480916030534351,347.78033506525986,6.998725247522462,-44.282442748091604,4.631084500557335,0.0,4971.0,0.0,0.0,0.0,0.0,0.0,0.0,0.0,0.0,0.0,0.0,0.0,0.0,0.0,0.0,120108.10244140626
3071,native_wait_aware_replan,supported_native_episode_loop,-18675.565,5.815,0.5438,-6.9026000000000005,66.0,0.7480916030534351,343.6698282784178,7.956135892106846,-43.97709923664122,5.66624618103072,0.0,4971.0,0.0,0.0,0.0,0.0,0.0,0.0,0.0,0.0,0.0,0.0,0.0,0.0,0.0,0.0,43999.13453369141
3081,native_wait_aware_replan,supported_native_episode_loop,-3968.357,9.503,0.3981,-10.2992,66.0,0.7480916030534351,344.0452163867747,4.15415496723799,-44.400763358778626,4.5512014382783805,1.0,4971.0,1.0,1.0,0.9820137900379085,1.0,0.5357383882327175,0.3809845176436233,1.0288699665878636,0.01206915732473135,0.7390484809875488,-2.0,2.0,1.0,2.0000001192092896,1.9819146394729614,12056.968258666991
3091,native_wait_aware_replan,supported_native_episode_loop,-12052.614,4.506,0.5886,-5.6832,66.0,0.7480916030534351,340.39174577224117,9.066050907611444,-44.29389312977099,4.871779707180561,0.3846153846153846,4970.0,0.0,0.0,0.0,0.0,0.0,0.0,0.0,0.0,0.0,0.0,0.0,0.0,0.0,0.0,3982.127307128906
3101,native_wait_aware_replan,supported_native_episode_loop,-2982.517,5.644,0.4677,-6.5794,66.0,0.7480916030534351,345.6423661542303,6.012290083228539,-44.30152671755725,4.857975023943169,0.0,4970.0,0.0,0.0,0.0,0.0,0.0,0.0,0.0,0.0,0.0,0.0,0.0,0.0,0.0,0.0,2015.6271606445312
3111,native_wait_aware_replan,supported_native_episode_loop,-2921.547,3.832,0.5331,-4.8982,66.0,0.7480916030534351,341.372266512184,4.802714386898245,-44.30152671755725,4.8916424243872125,0.0,4971.0,0.0,0.0,0.0,0.0,0.0,0.0,0.0,0.0,0.0,0.0,0.0,0.0,0.0,0.0,10390.672229003907
3121,native_wait_aware_replan,supported_native_episode_loop,-13565.155,8.068,0.5676,-9.203199999999999,66.0,0.7480916030534351,350.26460816044994,11.396661563652472,-36.786259541984734,13.94619301994031,0.8389281234710584,4970.0,1.0,1.0,0.9820137900379085,1.0,0.3074405767872377,0.07658743571631692,1.073275709599692,0.41492611169815063,0.752189576625824,-0.6126994857305359,0.6126994857305359,1.0,2.0,1.693650245666504,10972.666149902343
3131,native_wait_aware_replan,supported_native_episode_loop,-7886.869,5.154,0.5551,-6.2642,66.0,0.7480916030534351,330.63358719759543,5.61358010576583,-44.29770992366412,4.945033218713128,0.07692307692307698,4970.0,0.0,0.0,0.0,0.0,0.0,0.0,0.0,0.0,0.0,0.0,0.0,0.0,0.0,0.0,1186.3390533447266
3141,native_wait_aware_replan,supported_native_episode_loop,-17074.769,4.036,0.3541,-4.744199999999999,66.0,0.7480916030534351,326.223365064917,4.268246403201828,-44.51908396946565,4.242372850795046,0.0,4971.0,0.0,0.0,0.0,0.0,0.0,0.0,0.0,0.0,0.0,0.0,0.0,0.0,0.0,0.0,10514.035034179688
3151,native_wait_aware_replan,supported_native_episode_loop,-16495.323,19.37,0.6734,-20.7168,66.0,0.7480916030534351,335.103727597438,5.729966624845016,-44.538167938931295,4.1439362121749825,0.07692307692307698,4971.0,0.0,0.0,0.0,0.0,0.0,0.0,0.0,0.0,0.0,0.0,0.0,0.0,0.0,0.0,14271.828588867187
3161,native_wait_aware_replan,supported_native_episode_loop,-6448.123,4.467,0.4171,-5.3012,66.0,0.7480916030534351,344.4890860340371,8.693833572523998,-44.19083969465649,5.199991931609702,0.0,4970.0,0.0,0.0,0.0,0.0,0.0,0.0,0.0,0.0,0.0,0.0,0.0,0.0,0.0,0.0,5181.934283447265
3171,native_wait_aware_replan,supported_native_episode_loop,-2646.057,6.65,0.5411,-7.732200000000001,66.0,0.7480916030534351,339.7628525910183,5.442716018025235,-44.534351145038165,4.1614327206997945,0.6923076923076924,4971.0,0.0,0.0,0.0,0.0,0.0,0.0,0.0,0.0,0.0,0.0,0.0,0.0,0.0,0.0,8906.984582519532
3181,native_wait_aware_replan,supported_native_episode_loop,-18626.048,7.101,0.6192,-8.3394,66.0,0.7480916030534351,352.89382138190837,4.950577906389303,-43.595419847328245,7.011200010489432,0.07692307692307698,4972.0,0.0,0.0,0.0,0.0,0.0,0.0,0.0,0.0,0.0,0.0,0.0,0.0,0.0,0.0,14077.729443359374
3191,native_wait_aware_replan,supported_native_episode_loop,-7893.102,5.403,0.5126,-6.4281999999999995,66.0,0.7480916030534351,345.17901088220015,10.795577844975881,-41.69465648854962,7.914035391613422,0.0,4970.0,1.0,1.0,0.9820137900379085,1.0,0.38871097427326684,0.18494796569768912,0.9986620329438947,0.2255910187959671,0.7051835060119629,-1.479583725581513,1.479583725581513,1.0,1.4353797435760498,1.3427879810333252,6653.099865722656
3201,native_wait_aware_replan,supported_native_episode_loop,-10840.913,19.308,0.2625,-19.833,66.0,0.7480916030534351,344.4827488992354,7.203752254662646,-44.37786259541985,4.616429175484557,0.23076923076923078,4970.0,0.0,0.0,0.0,0.0,0.0,0.0,0.0,0.0,0.0,0.0,0.0,0.0,0.0,0.0,7320.012298583984
3211,native_wait_aware_replan,supported_native_episode_loop,-3182.186,5.299,0.423,-6.1450000000000005,66.0,0.7480916030534351,331.0879929223588,7.2088948789964125,-44.5763358778626,4.0266162571824395,0.5384615384615384,4970.0,1.0,1.0,0.9820137900379085,1.0,0.5888527462264721,0.4518036616352961,1.126063144499279,2.2480222128251626e-08,0.7278515100479126,-2.0,2.0,1.0,1.9999992847442627,1.813105821609497,2459.7476287841796
3221,native_wait_aware_replan,supported_native_episode_loop,-11783.364,6.51,0.3858,-7.2816,66.0,0.7480916030534351,345.72657279806737,7.895658663593396,-44.33969465648855,4.640004925459891,0.8461538461538461,4972.0,1.0,1.0,0.9820137900379085,1.0,0.25481459627319164,0.0064194616975888534,1.0843842157787058,0.41299307346343994,0.7157823443412781,-0.051355693580711126,0.051355693580711126,1.0,2.000000298023224,1.9743226170539856,33549.300561523436
3231,native_wait_aware_replan,supported_native_episode_loop,-11924.775,5.156,0.5047,-6.1654,66.0,0.7480916030534351,347.551245929862,8.465003055824184,-43.458015267175576,6.159160671956286,1.0,4971.0,0.0,0.0,0.0,0.0,0.0,0.0,0.0,0.0,0.0,0.0,0.0,0.0,0.0,0.0,60154.00961914063
3241,native_wait_aware_replan,supported_native_episode_loop,-3328.425,6.224,0.4752,-7.1744,66.0,0.7480916030534351,339.5766468199913,5.8180999880196085,-44.38549618320611,4.592586494340712,0.8461538461538461,4970.0,0.0,0.0,0.0,0.0,0.0,0.0,0.0,0.0,0.0,0.0,0.0,0.0,0.0,0.0,13557.60245361328
3251,native_wait_aware_replan,supported_native_episode_loop,-19158.498,5.535,0.4159,-6.3668000000000005,66.0,0.7480916030534351,343.92775479071315,6.131765578304664,-44.25954198473283,4.619222673874113,0.0,4970.0,0.0,0.0,0.0,0.0,0.0,0.0,0.0,0.0,0.0,0.0,0.0,0.0,0.0,0.0,59742.2763671875
3261,native_wait_aware_replan,supported_native_episode_loop,-15142.48,5.329,0.5273,-6.3835999999999995,66.0,0.7480916030534351,333.4480520248413,7.786560167825864,-44.47328244274809,4.344564462705987,0.07692307692307698,4970.0,0.0,0.0,0.0,0.0,0.0,0.0,0.0,0.0,0.0,0.0,0.0,0.0,0.0,0.0,26167.188220214844
3271,native_wait_aware_replan,supported_native_episode_loop,-6401.71,19.815,0.5135,-20.842000000000002,66.0,0.7480916030534351,338.5003857564683,5.578063501106302,-44.50763358778626,4.262155823370216,1.0,4971.0,0.0,0.0,0.0,0.0,0.0,0.0,0.0,0.0,0.0,0.0,0.0,0.0,0.0,0.0,451.901668548584
3281,native_wait_aware_replan,supported_native_episode_loop,-2870.887,5.282,0.5767,-6.4354,66.0,0.7480916030534351,342.23294380191925,4.869662703356295,-44.20992366412214,5.097317884191002,1.0,4970.0,0.0,0.0,0.0,0.0,0.0,0.0,0.0,0.0,0.0,0.0,0.0,0.0,0.0,0.0,5845.78779296875
3291,native_wait_aware_replan,supported_native_episode_loop,-16902.309,4.896,0.3653,-5.6266,66.0,0.7480916030534351,339.9627525360833,10.55165852554345,-44.458015267175576,4.404646301115999,0.7281531307826958,4971.0,0.0,0.0,0.0,0.0,0.0,0.0,0.0,0.0,0.0,0.0,0.0,0.0,0.0,0.0,6387.186901855469
3301,native_wait_aware_replan,supported_native_episode_loop,-18833.994,5.033,0.5195,-6.072,66.0,0.7480916030534351,343.94711765200276,4.4062353301248,-44.43893129770992,4.444107042758279,1.0,4971.0,0.0,0.0,0.0,0.0,0.0,0.0,0.0,0.0,0.0,0.0,0.0,0.0,0.0,0.0,2821.830242919922
3311,native_wait_aware_replan,supported_native_episode_loop,-18796.163,4.209,0.4347,-5.078399999999999,66.0,0.7480916030534351,333.9908352680182,9.274511091840498,-44.48091603053435,4.222533418916321,0.3846153846153846,4971.0,0.0,0.0,0.0,0.0,0.0,0.0,0.0,0.0,0.0,0.0,0.0,0.0,0.0,0.0,3558.5806091308596
3321,native_wait_aware_replan,supported_native_episode_loop,-4238.34,5.664,0.4689,-6.6018,66.0,0.7480916030534351,348.75714379722103,5.676986398502395,-44.48854961832061,4.299594179702712,0.3846153846153846,4972.0,0.0,0.0,0.0,0.0,0.0,0.0,0.0,0.0,0.0,0.0,0.0,0.0,0.0,0.0,6838.3883056640625
3331,native_wait_aware_replan,supported_native_episode_loop,-17423.877,18.863,0.5486,-19.9602,66.0,0.7480916030534351,341.05948783435286,6.753626865579647,-44.30916030534351,4.862992362194314,0.0,4970.0,0.0,0.0,0.0,0.0,0.0,0.0,0.0,0.0,0.0,0.0,0.0,0.0,0.0,0.0,8886.79881591797
3341,native_wait_aware_replan,supported_native_episode_loop,-3215.463,4.227,0.5181,-5.2632,66.0,0.7480916030534351,334.73065639816167,8.412629652872173,-44.400763358778626,4.629361919713731,0.0,4970.0,0.0,0.0,0.0,0.0,0.0,0.0,0.0,0.0,0.0,0.0,0.0,0.0,0.0,0.0,11688.38671875
3351,native_wait_aware_replan,supported_native_episode_loop,-6104.006,5.132,0.5115,-6.154999999999999,66.0,0.7480916030534351,339.56859422664303,5.59372211843527,-44.343511450381676,4.749883071869639,0.0,4971.0,0.0,0.0,0.0,0.0,0.0,0.0,0.0,0.0,0.0,0.0,0.0,0.0,0.0,0.0,58512.460693359375
3361,native_wait_aware_replan,supported_native_episode_loop,-10614.152,4.583,0.4051,-5.3932,66.0,0.7480916030534351,336.3954870816481,8.599868010851184,-44.29770992366412,4.93885460728358,1.0,4970.0,0.0,0.0,0.0,0.0,0.0,0.0,0.0,0.0,0.0,0.0,0.0,0.0,0.0,0.0,48158.02431640625
3371,native_wait_aware_replan,supported_native_episode_loop,-17895.179,5.26,0.4112,-6.0824,66.0,0.7480916030534351,333.80002821444253,4.9497693681353985,-44.45038167938932,4.409763180115516,0.0,4970.0,0.0,0.0,0.0,0.0,0.0,0.0,0.0,0.0,0.0,0.0,0.0,0.0,0.0,0.0,11153.046215820312
3381,native_wait_aware_replan,supported_native_episode_loop,-18266.155,4.241,0.3679,-4.9768,66.0,0.7480916030534351,339.2451663241738,7.979137863170574,-44.20229007633588,5.237226782742082,0.0,4970.0,0.0,0.0,0.0,0.0,0.0,0.0,0.0,0.0,0.0,0.0,0.0,0.0,0.0,0.0,11791.581262207032
3391,native_wait_aware_replan,supported_native_episode_loop,-11405.887,17.114,0.7228,-18.5596,66.0,0.7480916030534351,336.7447958721762,7.62748860479361,-44.465648854961835,4.40904294529902,0.0,4971.0,0.0,0.0,0.0,0.0,0.0,0.0,0.0,0.0,0.0,0.0,0.0,0.0,0.0,0.0,1730.0688354492188
3401,native_wait_aware_replan,supported_native_episode_loop,-8503.028,3.816,0.4336,-4.683199999999999,66.0,0.7480916030534351,336.3784332075287,7.537853183740627,-44.1793893129771,5.343387403140302,0.0,4970.0,0.0,0.0,0.0,0.0,0.0,0.0,0.0,0.0,0.0,0.0,0.0,0.0,0.0,0.0,33570.1380493164
3411,native_wait_aware_replan,supported_native_episode_loop,-20020.715,29.994,0.7037,-31.4014,66.0,0.7480916030534351,340.38911806332845,8.035198612954304,-44.347328244274806,4.7282620831940125,0.0,4972.0,0.0,0.0,0.0,0.0,0.0,0.0,0.0,0.0,0.0,0.0,0.0,0.0,0.0,0.0,135536.35551757814
3421,native_wait_aware_replan,supported_native_episode_loop,-3001.717,5.151,0.5759,-6.3027999999999995,66.0,0.7480916030534351,338.6560580375066,8.53543678771774,-44.408396946564885,4.5597398172716,0.0,4971.0,0.0,0.0,0.0,0.0,0.0,0.0,0.0,0.0,0.0,0.0,0.0,0.0,0.0,0.0,274.2008480072021
3431,native_wait_aware_replan,supported_native_episode_loop,-2627.561,4.261,0.3594,-4.9798,66.0,0.7480916030534351,336.74273227432,4.559671157917915,-44.465648854961835,4.397774784168657,0.8461538461538461,4971.0,0.0,0.0,0.0,0.0,0.0,0.0,0.0,0.0,0.0,0.0,0.0,0.0,0.0,0.0,11268.0404296875
3441,native_wait_aware_replan,supported_native_episode_loop,-19229.569,6.998,0.5486,-8.0952,66.0,0.7480916030534351,333.13218444604,12.351844278376475,-44.534351145038165,4.169679193773453,0.0,4970.0,0.0,0.0,0.0,0.0,0.0,0.0,0.0,0.0,0.0,0.0,0.0,0.0,0.0,0.0,8044.94853515625
3451,native_wait_aware_replan,supported_native_episode_loop,-5585.714,6.449,0.587,-7.622999999999999,66.0,0.7480916030534351,344.0486530970981,5.320213947656149,-44.45038167938932,4.424452768091092,0.0,4971.0,0.0,0.0,0.0,0.0,0.0,0.0,0.0,0.0,0.0,0.0,0.0,0.0,0.0,0.0,16751.4859375
3461,native_wait_aware_replan,supported_native_episode_loop,-11702.527,4.446,0.5272,-5.5004,66.0,0.7480916030534351,343.1707918311197,8.12006579465054,-43.958015267175576,4.532553232884002,0.6923076923076924,4971.0,0.0,0.0,0.0,0.0,0.0,0.0,0.0,0.0,0.0,0.0,0.0,0.0,0.0,0.0,8502.417712402344
3471,native_wait_aware_replan,supported_native_episode_loop,-20014.615,9.338,0.4507,-10.2394,66.0,0.7480916030534351,330.7824614301589,6.155435287695007,-44.55725190839695,4.102057397299631,0.0,4971.0,0.0,0.0,0.0,0.0,0.0,0.0,0.0,0.0,0.0,0.0,0.0,0.0,0.0,0.0,90243.02543945312
3481,native_wait_aware_replan,supported_native_episode_loop,-17718.16,7.797,0.5312,-8.859399999999999,66.0,0.7480916030534351,339.6430791851673,4.524403170177369,-44.274809160305345,4.895945409431136,0.0,4970.0,0.0,0.0,0.0,0.0,0.0,0.0,0.0,0.0,0.0,0.0,0.0,0.0,0.0,0.0,9881.982800292968
3491,native_wait_aware_replan,supported_native_episode_loop,-2565.308,4.629,0.396,-5.420999999999999,66.0,0.7480916030534351,339.6859247688119,5.471456523765788,-44.3587786259542,4.751164907040619,0.0,4969.0,0.0,0.0,0.0,0.0,0.0,0.0,0.0,0.0,0.0,0.0,0.0,0.0,0.0,0.0,332.44907455444337
3501,native_wait_aware_replan,supported_native_episode_loop,-7444.793,9.873,0.7185,-11.309999999999999,66.0,0.7480916030534351,335.5722527308423,12.586372088952517,-44.538167938931295,4.132868770858812,1.0,4971.0,1.0,1.0,0.9820137900379085,1.0,0.523476622744912,0.364635496993216,1.0554020744586603,0.19020000100135803,0.7925822734832764,-2.0,2.0,1.0,2.000000238418579,1.215122938156128,959.5124053955078
3511,native_wait_aware_replan,supported_native_episode_loop,-12387.847,32.213,0.3716,-32.9562,66.0,0.7480916030534351,345.72412739532217,5.679120275956534,-44.11832061068702,5.061956619059405,1.0,4970.0,0.0,0.0,0.0,0.0,0.0,0.0,0.0,0.0,0.0,0.0,0.0,0.0,0.0,0.0,223712.733203125
3521,native_wait_aware_replan,supported_native_episode_loop,-18722.742,5.706,0.7165,-7.139,66.0,0.7480916030534351,345.224581816967,4.784156987247359,-43.60687022900763,5.478099225147722,0.0,4970.0,0.0,0.0,0.0,0.0,0.0,0.0,0.0,0.0,0.0,0.0,0.0,0.0,0.0,0.0,83896.03422851562
3531,native_wait_aware_replan,supported_native_episode_loop,-17401.861,40.161,0.5275,-41.216,66.0,0.7480916030534351,336.18950661158436,4.9198354621218074,-44.458015267175576,4.409842464833909,0.0,4971.0,0.0,0.0,0.0,0.0,0.0,0.0,0.0,0.0,0.0,0.0,0.0,0.0,0.0,0.0,10550.878875732422
3541,native_wait_aware_replan,supported_native_episode_loop,-11808.664,4.834,0.5403,-5.9146,66.0,0.7480916030534351,343.38739740925513,9.376660828623981,-44.43893129770992,4.425172140854639,0.7783168795493292,4972.0,0.0,0.0,0.0,0.0,0.0,0.0,0.0,0.0,0.0,0.0,0.0,0.0,0.0,0.0,16682.042602539062
3551,native_wait_aware_replan,supported_native_episode_loop,-2979.136,4.109,0.5386,-5.1861999999999995,66.0,0.7480916030534351,344.60939979828123,11.056765658415015,-42.961832061068705,6.423245689927372,1.0,4971.0,0.0,0.0,0.0,0.0,0.0,0.0,0.0,0.0,0.0,0.0,0.0,0.0,0.0,0.0,16811.65119628906
3561,native_wait_aware_replan,supported_native_episode_loop,-10268.796,5.971,0.6022,-7.1754,66.0,0.7480916030534351,331.5271441835787,5.352751675265879,-44.461832061068705,4.372501825736764,0.0,4971.0,0.0,0.0,0.0,0.0,0.0,0.0,0.0,0.0,0.0,0.0,0.0,0.0,0.0,0.0,51922.87241210938
3571,native_wait_aware_replan,supported_native_episode_loop,-2529.715,11.148,0.5369,-12.2218,66.0,0.7480916030534351,348.1454768953433,6.199933975677452,-44.18702290076336,5.221007140807321,0.6082714292304721,4970.0,0.0,0.0,0.0,0.0,0.0,0.0,0.0,0.0,0.0,0.0,0.0,0.0,0.0,0.0,6774.749743652344
3581,native_wait_aware_replan,supported_native_episode_loop,-8707.002,5.2,0.4935,-6.187,66.0,0.7480916030534351,340.2244459531993,13.016589288285019,-38.30152671755725,12.428295005876832,0.23076923076923078,4969.0,1.0,1.0,0.9820137900379085,1.0,0.5759317111329144,0.4345756148438859,0.9988433205956705,0.12304279953241348,0.8092674016952515,-2.0,2.0,1.0,2.0,2.561582565307617,15677.720776367187
3591,native_wait_aware_replan,supported_native_episode_loop,-2520.617,4.685,0.491,-5.667,66.0,0.7480916030534351,347.05458017866323,6.663212583589526,-44.282442748091604,4.785912548143557,0.0,4970.0,0.0,0.0,0.0,0.0,0.0,0.0,0.0,0.0,0.0,0.0,0.0,0.0,0.0,0.0,12948.82723388672
3601,native_wait_aware_replan,supported_native_episode_loop,-18794.023,5.201,0.5324,-6.2658,66.0,0.7480916030534351,347.0169819025289,4.824748149833724,-44.286259541984734,4.9003546118572805,0.3846153846153846,4971.0,0.0,0.0,0.0,0.0,0.0,0.0,0.0,0.0,0.0,0.0,0.0,0.0,0.0,0.0,32771.1041015625
3611,native_wait_aware_replan,supported_native_episode_loop,-8906.739,3.865,0.6287,-5.122400000000001,66.0,0.7480916030534351,327.93047104925296,7.109873488516357,-44.56106870229008,4.12427319563418,1.0,4971.0,0.0,0.0,0.0,0.0,0.0,0.0,0.0,0.0,0.0,0.0,0.0,0.0,0.0,0.0,1996.590641784668
3621,native_wait_aware_replan,supported_native_episode_loop,-5241.917,8.099,0.5265,-9.152000000000001,66.0,0.7480916030534351,336.48684209673155,5.396915674049724,-44.3587786259542,4.706773910615425,0.6923076923076924,4972.0,1.0,1.0,0.9820137900379085,1.0,0.5411002430861388,0.38813365744818507,1.0703475804196398,0.10308300703763962,0.7674378156661987,-2.0,2.0,1.0,2.000000476837158,3.000000476837158,5191.293731689453
3631,native_wait_aware_replan,supported_native_episode_loop,-3334.138,4.966,0.6263,-6.2186,66.0,0.7480916030534351,340.28031462697885,4.918203015550332,-44.35114503816794,4.728383782298596,0.0,4970.0,1.0,1.0,0.9820137900379085,1.0,0.6421328078954556,0.5228437438606074,1.076366133409209,0.0,0.7854397892951965,-2.0,2.0,1.0,1.9999998807907104,2.806259274482727,1129.5164115905761
3641,native_wait_aware_replan,supported_native_episode_loop,-2918.411,4.303,0.5156,-5.3342,66.0,0.7480916030534351,344.2201542309421,5.362619672492579,-44.25190839694657,4.821775529696968,0.0,4971.0,0.0,0.0,0.0,0.0,0.0,0.0,0.0,0.0,0.0,0.0,0.0,0.0,0.0,0.0,1191.9425548553468
3651,native_wait_aware_replan,supported_native_episode_loop,-12982.963,8.433,0.5976,-9.6282,66.0,0.7480916030534351,350.8730689392139,4.760009251986597,-43.98854961832061,4.762675193169237,0.0,4970.0,0.0,0.0,0.0,0.0,0.0,0.0,0.0,0.0,0.0,0.0,0.0,0.0,0.0,0.0,30730.470629882813
3661,native_wait_aware_replan,supported_native_episode_loop,-2765.675,4.999,0.4959,-5.9908,66.0,0.7480916030534351,342.9212958508169,9.989812712255665,-44.45038167938932,4.288656688311469,0.0,4971.0,0.0,0.0,0.0,0.0,0.0,0.0,0.0,0.0,0.0,0.0,0.0,0.0,0.0,0.0,653.830248260498
3671,native_wait_aware_replan,supported_native_episode_loop,-3245.576,8.422,0.3518,-9.1256,66.0,0.7480916030534351,346.0604759797795,5.734894090194515,-44.37786259541985,4.62716489586079,1.0,4971.0,0.0,0.0,0.0,0.0,0.0,0.0,0.0,0.0,0.0,0.0,0.0,0.0,0.0,0.0,4222.932125854492
3681,native_wait_aware_replan,supported_native_episode_loop,-4622.135,4.811,0.513,-5.837,66.0,0.7480916030534351,342.5510322677422,4.506947945278314,-44.38167938931298,4.641265317188516,0.23076923076923078,4970.0,0.0,0.0,0.0,0.0,0.0,0.0,0.0,0.0,0.0,0.0,0.0,0.0,0.0,0.0,20847.093475341797
3691,native_wait_aware_replan,supported_native_episode_loop,-11302.89,5.756,0.6213,-6.9986,66.0,0.7480916030534351,336.07022936580745,4.6813615007457665,-44.45038167938932,4.438233849364979,0.0,4971.0,0.0,0.0,0.0,0.0,0.0,0.0,0.0,0.0,0.0,0.0,0.0,0.0,0.0,0.0,12424.883123779297
3701,native_wait_aware_replan,supported_native_episode_loop,-2632.707,4.561,0.3609,-5.2828,66.0,0.7480916030534351,340.68260083028684,4.49567190141749,-44.343511450381676,4.784311180435792,0.0,4971.0,0.0,0.0,0.0,0.0,0.0,0.0,0.0,0.0,0.0,0.0,0.0,0.0,0.0,0.0,58616.1244140625
3711,native_wait_aware_replan,supported_native_episode_loop,-18091.678,3.835,0.6618,-5.1586,66.0,0.7480916030534351,341.3164288816864,7.209133449545296,-44.408396946564885,4.5839503975297955,0.0,4970.0,0.0,0.0,0.0,0.0,0.0,0.0,0.0,0.0,0.0,0.0,0.0,0.0,0.0,0.0,14457.404028320312
3721,native_wait_aware_replan,supported_native_episode_loop,-19089.818,5.337,0.5437,-6.4243999999999994,66.0,0.7480916030534351,350.32485392209685,7.302907992807466,-42.041984732824424,7.099762969900794,0.0,4970.0,0.0,0.0,0.0,0.0,0.0,0.0,0.0,0.0,0.0,0.0,0.0,0.0,0.0,0.0,92305.320703125
3731,native_wait_aware_replan,supported_native_episode_loop,-18711.608,7.197,0.388,-7.973,66.0,0.7480916030534351,335.64587226174865,5.573909605011357,-44.43893129770992,4.449257121611573,0.11390697915188519,4971.0,0.0,0.0,0.0,0.0,0.0,0.0,0.0,0.0,0.0,0.0,0.0,0.0,0.0,0.0,3789.6104431152344
3741,native_wait_aware_replan,supported_native_episode_loop,-10128.032,15.101,0.6163,-16.3336,66.0,0.7480916030534351,340.1333871846284,8.306430397176896,-44.51145038167939,4.240600584379564,1.0,4970.0,0.0,0.0,0.0,0.0,0.0,0.0,0.0,0.0,0.0,0.0,0.0,0.0,0.0,0.0,14680.124865722657
3751,native_wait_aware_replan,supported_native_episode_loop,-12852.074,7.589,0.732,-9.053,66.0,0.7480916030534351,352.723787396331,4.478885390086169,-43.55343511450382,6.374673141866743,0.0,4971.0,0.0,0.0,0.0,0.0,0.0,0.0,0.0,0.0,0.0,0.0,0.0,0.0,0.0,0.0,17432.553125
3761,native_wait_aware_replan,supported_native_episode_loop,-3033.175,4.355,0.4815,-5.3180000000000005,66.0,0.7480916030534351,333.0510475479919,7.987664700916282,-44.47328244274809,4.355093962711123,0.6923076923076924,4971.0,0.0,0.0,0.0,0.0,0.0,0.0,0.0,0.0,0.0,0.0,0.0,0.0,0.0,0.0,11149.44154663086
3771,native_wait_aware_replan,supported_native_episode_loop,-2876.652,5.212,0.502,-6.215999999999999,66.0,0.7480916030534351,351.7423467112255,3.6025929419933926,-43.57251908396947,6.416260990997609,0.0,4971.0,1.0,1.0,0.9820137900379085,1.0,0.5624872456994915,0.4166496609326553,1.0165041703478308,0.0,0.70290207862854,-2.0,2.0,1.0,2.0000000447034836,3.0000000447034836,10602.292333984375
3781,native_wait_aware_replan,supported_native_episode_loop,-20601.889,36.768,0.3669,-37.5018,66.0,0.7480916030534351,346.02716570048386,6.768036960272887,-42.954198473282446,5.960253331646419,0.0,4971.0,0.0,0.0,0.0,0.0,0.0,0.0,0.0,0.0,0.0,0.0,0.0,0.0,0.0,0.0,8448.562780761718
3791,native_wait_aware_replan,supported_native_episode_loop,-2795.739,4.703,0.421,-5.545,66.0,0.7480916030534351,336.32042865992804,5.388010808575629,-44.37786259541985,4.64034399350593,0.0,4971.0,0.0,0.0,0.0,0.0,0.0,0.0,0.0,0.0,0.0,0.0,0.0,0.0,0.0,0.0,1340.9265243530274
3801,native_wait_aware_replan,supported_native_episode_loop,-3670.321,5.471,0.336,-6.143,66.0,0.7480916030534351,337.14271260025237,5.126904620556667,-44.49618320610687,4.309361451434224,0.0,4970.0,0.0,0.0,0.0,0.0,0.0,0.0,0.0,0.0,0.0,0.0,0.0,0.0,0.0,0.0,6483.095727539063
3811,native_wait_aware_replan,supported_native_episode_loop,-4310.312,6.477,0.5943,-7.6656,66.0,0.7480916030534351,333.07401862041337,9.794092898236471,-44.55343511450382,4.132699572584518,0.0,4971.0,0.0,0.0,0.0,0.0,0.0,0.0,0.0,0.0,0.0,0.0,0.0,0.0,0.0,0.0,14356.255889892578
3821,native_wait_aware_replan,supported_native_episode_loop,-18374.439,7.057,0.7143,-8.4856,66.0,0.7480916030534351,352.9976661723003,4.34428359868282,-44.11832061068702,5.0415570950858335,0.07692307692307698,4971.0,0.0,0.0,0.0,0.0,0.0,0.0,0.0,0.0,0.0,0.0,0.0,0.0,0.0,0.0,31623.770166015624
3831,native_wait_aware_replan,supported_native_episode_loop,-12099.42,4.994,0.654,-6.302,66.0,0.7480916030534351,343.2205066940864,15.02637872269532,-39.94656488549618,11.273703088593356,0.0,4971.0,0.0,0.0,0.0,0.0,0.0,0.0,0.0,0.0,0.0,0.0,0.0,0.0,0.0,0.0,5608.925512695312
3841,native_wait_aware_replan,supported_native_episode_loop,-2837.387,3.996,0.3937,-4.7834,66.0,0.7480916030534351,335.92910891477084,3.911574348127581,-44.404580152671755,4.599665812544103,0.07692307692307698,4971.0,0.0,0.0,0.0,0.0,0.0,0.0,0.0,0.0,0.0,0.0,0.0,0.0,0.0,0.0,2626.8419662475585
3851,native_wait_aware_replan,supported_native_episode_loop,-16280.019,5.153,0.6725,-6.497999999999999,66.0,0.7480916030534351,332.5230773032773,4.6002795905890785,-44.50763358778626,4.258572285583939,0.5384615384615384,4970.0,0.0,0.0,0.0,0.0,0.0,0.0,0.0,0.0,0.0,0.0,0.0,0.0,0.0,0.0,77195.33427734375
3861,native_wait_aware_replan,supported_native_episode_loop,-2625.852,9.354,0.4154,-10.1848,66.0,0.7480916030534351,340.8378142359351,6.386533265775399,-44.412213740458014,4.543883110876354,0.0,4971.0,0.0,0.0,0.0,0.0,0.0,0.0,0.0,0.0,0.0,0.0,0.0,0.0,0.0,0.0,25736.245874023436
3871,native_wait_aware_replan,supported_native_episode_loop,-3260.241,4.584,0.5128,-5.6095999999999995,66.0,0.7480916030534351,338.3487602606226,4.8567923918865805,-44.17175572519084,5.213484788026747,0.0,4970.0,0.0,0.0,0.0,0.0,0.0,0.0,0.0,0.0,0.0,0.0,0.0,0.0,0.0,0.0,3025.2198989868166
3881,native_wait_aware_replan,supported_native_episode_loop,-2728.597,4.417,0.5187,-5.4544,66.0,0.7480916030534351,341.4402083237814,5.840057278401607,-44.52671755725191,4.190735409372813,0.3846153846153846,4971.0,0.0,0.0,0.0,0.0,0.0,0.0,0.0,0.0,0.0,0.0,0.0,0.0,0.0,0.0,320.94940147399905
3891,native_wait_aware_replan,supported_native_episode_loop,-2982.151,5.561,0.4934,-6.5478,66.0,0.7480916030534351,347.5304092119024,10.664206767189805,-43.534351145038165,5.517906603167302,1.0,4973.0,0.0,0.0,0.0,0.0,0.0,0.0,0.0,0.0,0.0,0.0,0.0,0.0,0.0,0.0,2879.8715789794924
3901,native_wait_aware_replan,supported_native_episode_loop,-18692.582,42.627,0.6197,-43.866400000000006,66.0,0.7480916030534351,344.6435744116932,7.639469268227931,-44.36259541984733,4.651419152691449,0.0,4971.0,0.0,0.0,0.0,0.0,0.0,0.0,0.0,0.0,0.0,0.0,0.0,0.0,0.0,0.0,15799.15
3911,native_wait_aware_replan,supported_native_episode_loop,-18382.052,6.091,0.3542,-6.7994,66.0,0.7480916030534351,343.8470793306979,7.555407966441257,-44.12977099236641,5.281968385355159,0.0,4971.0,0.0,0.0,0.0,0.0,0.0,0.0,0.0,0.0,0.0,0.0,0.0,0.0,0.0,0.0,1898.860873413086
3921,native_wait_aware_replan,supported_native_episode_loop,-3410.833,4.788,0.2679,-5.3238,66.0,0.7480916030534351,341.27199981643344,5.443663955325816,-44.416030534351144,4.544795140520272,0.0,4970.0,0.0,0.0,0.0,0.0,0.0,0.0,0.0,0.0,0.0,0.0,0.0,0.0,0.0,0.0,5786.706182861328
3931,native_wait_aware_replan,supported_native_episode_loop,-2735.646,5.514,0.3975,-6.309,66.0,0.7480916030534351,348.3338792137119,4.536917007583009,-44.02290076335878,5.147393394830481,0.0,4970.0,0.0,0.0,0.0,0.0,0.0,0.0,0.0,0.0,0.0,0.0,0.0,0.0,0.0,0.0,4467.017185974121
3941,native_wait_aware_replan,supported_native_episode_loop,-11623.017,5.375,0.4562,-6.2874,66.0,0.7480916030534351,345.14676183177016,7.39037007427707,-41.93893129770992,7.167841376796336,0.0,4971.0,0.0,0.0,0.0,0.0,0.0,0.0,0.0,0.0,0.0,0.0,0.0,0.0,0.0,0.0,2562.482696533203
3951,native_wait_aware_replan,supported_native_episode_loop,-2700.346,4.904,0.5228,-5.9496,66.0,0.7480916030534351,331.6114842194031,5.2736589900687605,-44.469465648854964,4.36207446149176,0.0,4971.0,0.0,0.0,0.0,0.0,0.0,0.0,0.0,0.0,0.0,0.0,0.0,0.0,0.0,0.0,1545.4151290893556
3961,native_wait_aware_replan,supported_native_episode_loop,-15451.904,22.166,0.4223,-23.0106,66.0,0.7480916030534351,341.6048085741718,4.965630012769189,-44.152671755725194,5.300832834525527,1.0,4971.0,0.0,0.0,0.0,0.0,0.0,0.0,0.0,0.0,0.0,0.0,0.0,0.0,0.0,0.0,16915.371948242188
3971,native_wait_aware_replan,supported_native_episode_loop,-10127.557,8.565,0.6912,-9.9474,66.0,0.7480916030534351,338.4900210208262,4.6893885597002685,-44.35496183206107,4.753459386970858,0.0,4972.0,1.0,1.0,0.9820137900379085,1.0,0.37795846218342277,0.17061128291123037,1.0315181695364326,0.2539089322090149,0.7001549601554871,-1.3648902632898425,1.3648902632898425,1.0,1.9999997317790985,2.6824450194835663,27992.516571044922
3981,native_wait_aware_replan,supported_native_episode_loop,-2746.747,4.084,0.4481,-4.9802,66.0,0.7480916030534351,342.6836782047862,10.673707677000062,-43.847328244274806,5.644660088810478,0.23076923076923078,4972.0,0.0,0.0,0.0,0.0,0.0,0.0,0.0,0.0,0.0,0.0,0.0,0.0,0.0,0.0,9566.637451171875
3991,native_wait_aware_replan,supported_native_episode_loop,-2815.098,3.813,0.3837,-4.5804,66.0,0.7480916030534351,339.01714378264717,5.054290812840075,-44.26335877862596,4.9880881941992525,1.0,4970.0,0.0,0.0,0.0,0.0,0.0,0.0,0.0,0.0,0.0,0.0,0.0,0.0,0.0,0.0,27808.66400756836
4001,native_wait_aware_replan,supported_native_episode_loop,-15302.17,37.982,0.5867,-39.1554,66.0,0.7480916030534351,332.25746078588276,4.860386958143369,-44.45038167938932,4.424452768091092,0.3846153846153846,4971.0,0.0,0.0,0.0,0.0,0.0,0.0,0.0,0.0,0.0,0.0,0.0,0.0,0.0,0.0,90936.49267578125
4011,native_wait_aware_replan,supported_native_episode_loop,-2765.998,4.828,0.4435,-5.715,66.0,0.7480916030534351,339.16630976685434,7.9035572251080035,-44.213740458015266,5.151902685042625,1.0,4970.0,0.0,0.0,0.0,0.0,0.0,0.0,0.0,0.0,0.0,0.0,0.0,0.0,0.0,0.0,12827.266430664062
4021,native_wait_aware_replan,supported_native_episode_loop,-18809.279,16.175,0.5233,-17.221600000000002,66.0,0.7480916030534351,345.94493579556615,11.073196046784945,-39.16030534351145,12.551461575968947,1.0,4970.0,0.0,0.0,0.0,0.0,0.0,0.0,0.0,0.0,0.0,0.0,0.0,0.0,0.0,0.0,62137.58837890625
4031,native_wait_aware_replan,supported_native_episode_loop,-2614.301,4.041,0.4905,-5.022,66.0,0.7480916030534351,334.0612757190796,9.615867847005557,-44.16793893129771,5.203716627984486,1.0,4970.0,0.0,0.0,0.0,0.0,0.0,0.0,0.0,0.0,0.0,0.0,0.0,0.0,0.0,0.0,984.5596122741699
4041,native_wait_aware_replan,supported_native_episode_loop,-4446.098,3.713,0.4547,-4.6224,66.0,0.7480916030534351,331.61751920442845,7.156927464736526,-44.55343511450382,4.18227444074373,0.23076923076923078,4972.0,0.0,0.0,0.0,0.0,0.0,0.0,0.0,0.0,0.0,0.0,0.0,0.0,0.0,0.0,59371.77163085937
4051,native_wait_aware_replan,supported_native_episode_loop,-18597.346,4.58,0.4661,-5.5122,66.0,0.7480916030534351,343.25190896385794,12.29411281847657,-40.06106870229008,11.602023859504053,0.0,4971.0,0.0,0.0,0.0,0.0,0.0,0.0,0.0,0.0,0.0,0.0,0.0,0.0,0.0,0.0,2627.475650024414
4061,native_wait_aware_replan,supported_native_episode_loop,-18407.612,16.626,0.3773,-17.3806,66.0,0.7480916030534351,335.94152106838374,9.890987589926647,-44.44656488549618,4.442487400866612,0.0,4971.0,0.0,0.0,0.0,0.0,0.0,0.0,0.0,0.0,0.0,0.0,0.0,0.0,0.0,0.0,135527.2556640625
4071,native_wait_aware_replan,supported_native_episode_loop,-3246.343,5.855,0.3207,-6.4964,66.0,0.7480916030534351,338.7982182590106,5.132441909732302,-44.49236641221374,4.31289772270401,0.0,4970.0,0.0,0.0,0.0,0.0,0.0,0.0,0.0,0.0,0.0,0.0,0.0,0.0,0.0,0.0,5092.243951416016
4081,native_wait_aware_replan,supported_native_episode_loop,-4984.036,5.469,0.4707,-6.4104,66.0,0.7480916030534351,346.0707169700215,12.121622903026823,-43.583969465648856,5.414728525669708,0.0,4972.0,0.0,0.0,0.0,0.0,0.0,0.0,0.0,0.0,0.0,0.0,0.0,0.0,0.0,0.0,10790.61734008789
4091,native_wait_aware_replan,supported_native_episode_loop,-4399.308,5.747,0.5664,-6.8797999999999995,66.0,0.7480916030534351,340.67259839190785,5.6226446233896015,-44.18702290076336,4.957774324370154,0.0,4970.0,0.0,0.0,0.0,0.0,0.0,0.0,0.0,0.0,0.0,0.0,0.0,0.0,0.0,0.0,942.8658546447754
4101,native_wait_aware_replan,supported_native_episode_loop,-14791.483,11.989,0.4841,-12.9572,66.0,0.7480916030534351,350.4780831446402,5.8189138156532625,-43.99618320610687,5.268006627656322,0.0,4970.0,0.0,0.0,0.0,0.0,0.0,0.0,0.0,0.0,0.0,0.0,0.0,0.0,0.0,0.0,27033.542065429687
4111,native_wait_aware_replan,supported_native_episode_loop,-3367.684,5.294,0.3097,-5.913399999999999,66.0,0.7480916030534351,338.7298501488191,10.670029112482116,-44.458015267175576,4.401178783779389,0.0,4971.0,0.0,0.0,0.0,0.0,0.0,0.0,0.0,0.0,0.0,0.0,0.0,0.0,0.0,0.0,22450.6041015625
4121,native_wait_aware_replan,supported_native_episode_loop,-4684.951,5.848,0.5747,-6.9974,66.0,0.7480916030534351,331.4245990457122,4.467774803662068,-44.56488549618321,4.045729511097498,1.0,4972.0,1.0,1.0,0.9820137900379085,1.0,0.6171489700418159,0.48953196005575456,1.1014298752129397,0.010644695721566677,0.7746115922927856,-2.0,2.0,1.0,2.0,2.7559261322021484,64652.93842773438
4131,native_wait_aware_replan,supported_native_episode_loop,-5449.862,10.709,0.2147,-11.138399999999999,66.0,0.7480916030534351,344.7080651660533,4.799335918891296,-44.404580152671755,4.5805406960317505,1.0,4972.0,0.0,0.0,0.0,0.0,0.0,0.0,0.0,0.0,0.0,0.0,0.0,0.0,0.0,0.0,1082.206524658203
4141,native_wait_aware_replan,supported_native_episode_loop,-19946.046,32.741,0.5525,-33.846,66.0,0.7480916030534351,346.3254715817727,5.298363069982267,-44.30534351145038,4.883987123806873,0.0,4970.0,0.0,0.0,0.0,0.0,0.0,0.0,0.0,0.0,0.0,0.0,0.0,0.0,0.0,0.0,39496.51303710938
4151,native_wait_aware_replan,supported_native_episode_loop,-2663.247,5.443,0.5149,-6.472799999999999,66.0,0.7480916030534351,340.4155298724505,7.403717887197621,-44.412213740458014,4.52283473395291,0.07692307692307698,4970.0,0.0,0.0,0.0,0.0,0.0,0.0,0.0,0.0,0.0,0.0,0.0,0.0,0.0,0.0,998.6470573425293
4161,native_wait_aware_replan,supported_native_episode_loop,-20142.306,10.534,0.4076,-11.349200000000002,66.0,0.7480916030534351,336.2386344379444,8.157380468541485,-44.454198473282446,4.400273404794778,0.0,4970.0,0.0,0.0,0.0,0.0,0.0,0.0,0.0,0.0,0.0,0.0,0.0,0.0,0.0,0.0,103902.75126953125
4171,native_wait_aware_replan,supported_native_episode_loop,-18232.79,7.147,0.6246,-8.3962,66.0,0.7480916030534351,350.1171033112033,8.411651053918465,-44.32442748091603,4.619665755779596,0.8461538461538461,4971.0,0.0,0.0,0.0,0.0,0.0,0.0,0.0,0.0,0.0,0.0,0.0,0.0,0.0,0.0,19626.572680664063
4181,native_wait_aware_replan,supported_native_episode_loop,-10054.051,12.379,0.3506,-13.0802,66.0,0.7480916030534351,334.1311350793935,12.01595762593319,-44.3587786259542,4.675857601528532,1.0,4972.0,0.0,0.0,0.0,0.0,0.0,0.0,0.0,0.0,0.0,0.0,0.0,0.0,0.0,0.0,10603.80048828125
4191,native_wait_aware_replan,supported_native_episode_loop,-3718.741,5.201,0.5339,-6.2688,66.0,0.7480916030534351,339.81458580603123,4.248212124075587,-44.43511450381679,4.472305341009797,0.0,4972.0,0.0,0.0,0.0,0.0,0.0,0.0,0.0,0.0,0.0,0.0,0.0,0.0,0.0,0.0,1001.4066925048828
4201,native_wait_aware_replan,supported_native_episode_loop,-3133.436,4.106,0.4102,-4.9264,66.0,0.7480916030534351,334.7230383522941,6.517670128849987,-44.24045801526717,5.079464397832508,1.0,4970.0,0.0,0.0,0.0,0.0,0.0,0.0,0.0,0.0,0.0,0.0,0.0,0.0,0.0,0.0,5088.924835205078
4211,native_wait_aware_replan,supported_native_episode_loop,-18927.057,16.898,0.6007,-18.0994,66.0,0.7480916030534351,328.67836064103295,6.536489947168728,-44.48091603053435,4.33581066499912,1.0,4970.0,0.0,0.0,0.0,0.0,0.0,0.0,0.0,0.0,0.0,0.0,0.0,0.0,0.0,0.0,182325.71806640626
4221,native_wait_aware_replan,supported_native_episode_loop,-17894.458,4.637,0.3592,-5.3553999999999995,66.0,0.7480916030534351,337.77515579016153,9.92745757845279,-44.458015267175576,4.226885128897719,0.0,4970.0,0.0,0.0,0.0,0.0,0.0,0.0,0.0,0.0,0.0,0.0,0.0,0.0,0.0,0.0,3423.556103515625
4231,native_wait_aware_replan,supported_native_episode_loop,-2680.526,5.185,0.4498,-6.0846,66.0,0.7480916030534351,336.10819289544764,6.5485615482338115,-44.33206106870229,4.822858535587154,1.0,4971.0,0.0,0.0,0.0,0.0,0.0,0.0,0.0,0.0,0.0,0.0,0.0,0.0,0.0,0.0,172.66832809448243
4241,native_wait_aware_replan,supported_native_episode_loop,-19135.263,8.34,0.6326,-9.6052,66.0,0.7480916030534351,331.87531573817927,6.16109451699442,-44.35496183206107,4.8077500052568265,0.0,4971.0,0.0,0.0,0.0,0.0,0.0,0.0,0.0,0.0,0.0,0.0,0.0,0.0,0.0,0.0,4649.846478271485
4251,native_wait_aware_replan,supported_native_episode_loop,-18210.446,7.934,0.5293,-8.9926,66.0,0.7480916030534351,330.81197251060235,5.458301407147342,-44.56106870229008,4.068367501228348,0.0,4972.0,0.0,0.0,0.0,0.0,0.0,0.0,0.0,0.0,0.0,0.0,0.0,0.0,0.0,0.0,12412.942333984374
4261,native_wait_aware_replan,supported_native_episode_loop,-19112.44,39.511,0.4241,-40.3592,66.0,0.7480916030534351,343.4005846767935,7.175206078092712,-43.23664122137404,5.963415258309085,0.0,4970.0,0.0,0.0,0.0,0.0,0.0,0.0,0.0,0.0,0.0,0.0,0.0,0.0,0.0,0.0,28700.07634277344
4271,native_wait_aware_replan,supported_native_episode_loop,-6553.978,4.502,0.5711,-5.6442,66.0,0.7480916030534351,334.5517721063915,9.787025424630245,-44.32442748091603,4.775663362307324,0.23076923076923078,4971.0,0.0,0.0,0.0,0.0,0.0,0.0,0.0,0.0,0.0,0.0,0.0,0.0,0.0,0.0,3188.837567138672
4281,native_wait_aware_replan,supported_native_episode_loop,-2665.663,3.66,0.4746,-4.6092,66.0,0.7480916030534351,343.35568655256856,5.7059267513871665,-43.81679389312977,6.4828623481218175,0.0,4970.0,0.0,0.0,0.0,0.0,0.0,0.0,0.0,0.0,0.0,0.0,0.0,0.0,0.0,0.0,14882.63803100586
4291,native_wait_aware_replan,supported_native_episode_loop,-11861.547,5.956,0.7426,-7.4412,66.0,0.7480916030534351,340.200497596728,6.643579363426168,-44.51526717557252,4.223452754902325,0.0,4970.0,0.0,0.0,0.0,0.0,0.0,0.0,0.0,0.0,0.0,0.0,0.0,0.0,0.0,0.0,11742.742065429688
4301,native_wait_aware_replan,supported_native_episode_loop,-9514.424,18.474,0.2411,-18.9562,66.0,0.7480916030534351,344.2934346943411,11.597537888571553,-39.87022900763359,12.537209927730451,1.0,4970.0,0.0,0.0,0.0,0.0,0.0,0.0,0.0,0.0,0.0,0.0,0.0,0.0,0.0,0.0,18796.15900878906
4311,native_wait_aware_replan,supported_native_episode_loop,-18729.082,4.943,0.5972,-6.1373999999999995,66.0,0.7480916030534351,341.16114427501157,7.489589309387842,-44.43129770992366,4.479070650086694,1.0,4970.0,0.0,0.0,0.0,0.0,0.0,0.0,0.0,0.0,0.0,0.0,0.0,0.0,0.0,0.0,7644.5894226074215
4321,native_wait_aware_replan,supported_native_episode_loop,-14689.272,44.214,0.4915,-45.196999999999996,66.0,0.7480916030534351,331.83576797504764,4.99861968828451,-44.51526717557252,4.22887156338539,1.0,4972.0,0.0,0.0,0.0,0.0,0.0,0.0,0.0,0.0,0.0,0.0,0.0,0.0,0.0,0.0,69572.03525390624
4331,native_wait_aware_replan,supported_native_episode_loop,-12237.387,26.389,0.6443,-27.677599999999998,66.0,0.7480916030534351,343.060135554782,5.681354356158291,-44.16793893129771,5.3176254124190585,0.8461538461538461,4971.0,0.0,0.0,0.0,0.0,0.0,0.0,0.0,0.0,0.0,0.0,0.0,0.0,0.0,0.0,30423.033471679686
4341,native_wait_aware_replan,supported_native_episode_loop,-18344.743,4.875,0.4536,-5.7822,66.0,0.7480916030534351,346.7237736047073,6.7836349790802934,-43.74045801526717,5.209486042633185,0.0,4971.0,0.0,0.0,0.0,0.0,0.0,0.0,0.0,0.0,0.0,0.0,0.0,0.0,0.0,0.0,59861.77719726563
4351,native_wait_aware_replan,supported_native_episode_loop,-19932.044,7.357,0.6807,-8.7184,66.0,0.7480916030534351,345.2915112732324,6.428621648482113,-44.19083969465649,5.193381730503707,0.7881915523291345,4971.0,0.0,0.0,0.0,0.0,0.0,0.0,0.0,0.0,0.0,0.0,0.0,0.0,0.0,0.0,4391.1996398925785
4361,native_wait_aware_replan,supported_native_episode_loop,-2662.202,5.747,0.5115,-6.77,66.0,0.7480916030534351,343.06449506009807,6.474023521056859,-44.045801526717554,5.11301676000473,0.0,4972.0,1.0,1.0,0.9820137900379085,1.0,0.6122025229272052,0.48293669723627364,1.0411038441700873,0.0,0.7609160542488098,-2.0,2.0,1.0,2.000000238418579,2.80661940574646,5256.639135742187
4371,native_wait_aware_replan,supported_native_episode_loop,-12877.138,30.389,0.4489,-31.2868,66.0,0.7480916030534351,336.7761474588142,5.180204647181502,-44.41984732824427,4.536458245350203,0.6923076923076924,4970.0,0.0,0.0,0.0,0.0,0.0,0.0,0.0,0.0,0.0,0.0,0.0,0.0,0.0,0.0,68861.1111328125
4381,native_wait_aware_replan,supported_native_episode_loop,-2667.346,3.981,0.4208,-4.8225999999999996,66.0,0.7480916030534351,337.2936015788532,9.91790980215772,-44.5,4.2558894980776145,1.0,4971.0,0.0,0.0,0.0,0.0,0.0,0.0,0.0,0.0,0.0,0.0,0.0,0.0,0.0,0.0,4791.690863037109
4391,native_wait_aware_replan,supported_native_episode_loop,-14555.948,4.754,0.533,-5.819999999999999,66.0,0.7480916030534351,333.37533476201025,11.535245072315734,-44.14885496183206,5.35573982476436,0.0,4969.0,0.0,0.0,0.0,0.0,0.0,0.0,0.0,0.0,0.0,0.0,0.0,0.0,0.0,0.0,99391.6978515625
4401,native_wait_aware_replan,supported_native_episode_loop,-10209.146,7.296,0.6912,-8.6784,66.0,0.7480916030534351,345.93300209979674,6.139639783596764,-43.79007633587786,6.247275497303687,0.6923076923076924,4970.0,0.0,0.0,0.0,0.0,0.0,0.0,0.0,0.0,0.0,0.0,0.0,0.0,0.0,0.0,8700.501818847657
4411,native_wait_aware_replan,supported_native_episode_loop,-15882.651,5.769,0.307,-6.383,66.0,0.7480916030534351,329.1417722813652,6.760988464361294,-44.404580152671755,4.551283060356052,1.0,4971.0,0.0,0.0,0.0,0.0,0.0,0.0,0.0,0.0,0.0,0.0,0.0,0.0,0.0,0.0,91723.68564453124
4421,native_wait_aware_replan,supported_native_episode_loop,-18274.033,7.59,0.6352,-8.8604,66.0,0.7480916030534351,335.4836977580121,7.127645261195664,-44.54961832061068,4.093774346973603,1.0,4970.0,0.0,0.0,0.0,0.0,0.0,0.0,0.0,0.0,0.0,0.0,0.0,0.0,0.0,0.0,43461.66420898437
4431,native_wait_aware_replan,supported_native_episode_loop,-6334.697,5.107,0.5324,-6.1718,66.0,0.7480916030534351,345.39571347870594,5.51397185973585,-44.4236641221374,4.423209640156551,0.0,4971.0,0.0,0.0,0.0,0.0,0.0,0.0,0.0,0.0,0.0,0.0,0.0,0.0,0.0,0.0,20717.83486328125
4441,native_wait_aware_replan,supported_native_episode_loop,-14499.02,4.678,0.5965,-5.871,66.0,0.7480916030534351,349.27050142878187,5.432734465763226,-43.73664122137404,5.813523403880053,1.0,4971.0,0.0,0.0,0.0,0.0,0.0,0.0,0.0,0.0,0.0,0.0,0.0,0.0,0.0,0.0,4987.625048828125
4451,native_wait_aware_replan,supported_native_episode_loop,-19032.67,43.149,0.4797,-44.1084,66.0,0.7480916030534351,335.6487620875428,6.858252343419638,-44.404580152671755,4.597175744272588,0.0,4972.0,0.0,0.0,0.0,0.0,0.0,0.0,0.0,0.0,0.0,0.0,0.0,0.0,0.0,0.0,5324.16201171875
4461,native_wait_aware_replan,supported_native_episode_loop,-3743.349,6.461,0.5539,-7.5688,66.0,0.7480916030534351,333.4369814801308,10.059615625239525,-44.31297709923664,4.84347986924178,1.0,4970.0,1.0,1.0,0.9820137900379085,1.0,0.5359021083420766,0.3812028111227688,1.0350106104131238,0.06436170637607574,0.7209656834602356,-2.0,2.0,1.0,2.0000000596046448,2.691899299621582,1064.5817123413085
4471,native_wait_aware_replan,supported_native_episode_loop,-20199.449,56.158,0.5324,-57.2228,66.0,0.7480916030534351,329.366876361449,6.274520452896709,-44.38167938931298,4.652764121846782,1.0,4971.0,0.0,0.0,0.0,0.0,0.0,0.0,0.0,0.0,0.0,0.0,0.0,0.0,0.0,0.0,5200.568902587891
4481,native_wait_aware_replan,supported_native_episode_loop,-12024.953,4.395,0.4097,-5.2143999999999995,66.0,0.7480916030534351,334.86337174344004,8.608771362096586,-44.343511450381676,4.758713971450965,0.6923076923076924,4970.0,0.0,0.0,0.0,0.0,0.0,0.0,0.0,0.0,0.0,0.0,0.0,0.0,0.0,0.0,34665.086254882815
4491,native_wait_aware_replan,supported_native_episode_loop,-12968.089,13.088,0.5612,-14.2104,66.0,0.7480916030534351,339.8470180016437,5.570570330667527,-44.538167938931295,4.134715401658565,1.0,4972.0,0.0,0.0,0.0,0.0,0.0,0.0,0.0,0.0,0.0,0.0,0.0,0.0,0.0,0.0,6221.755975341797
4501,native_wait_aware_replan,supported_native_episode_loop,-11863.374,45.488,0.6002,-46.6884,66.0,0.7480916030534351,345.181733573939,8.984808422268992,-43.23664122137404,7.4036632784034815,0.4493045497733865,4971.0,0.0,0.0,0.0,0.0,0.0,0.0,0.0,0.0,0.0,0.0,0.0,0.0,0.0,0.0,18148.54831542969
4511,native_wait_aware_replan,supported_native_episode_loop,-18881.239,5.416,0.5022,-6.420400000000001,66.0,0.7480916030534351,337.0118174749401,8.140437119601502,-44.347328244274806,4.686912560553157,0.0,4971.0,0.0,0.0,0.0,0.0,0.0,0.0,0.0,0.0,0.0,0.0,0.0,0.0,0.0,0.0,2304.403356933594
4521,native_wait_aware_replan,supported_native_episode_loop,-11238.168,5.92,0.6098,-7.1396,66.0,0.7480916030534351,343.1198040080814,4.498377036840576,-44.45038167938932,4.422727113613998,0.8461538461538461,4973.0,1.0,1.0,0.9820137900379085,1.0,0.33196169720340823,0.10928226293787764,1.0418363372859925,0.41978195309638977,0.782020092010498,-0.8742581035030206,0.8742581035030206,1.0,1.9999999403953552,2.437128961086273,27200.699291992187
4531,native_wait_aware_replan,supported_native_episode_loop,-13867.11,4.154,0.4657,-5.0854,66.0,0.7480916030534351,342.652817760351,4.9754528623653576,-44.3587786259542,4.701905902815629,0.0,4970.0,0.0,0.0,0.0,0.0,0.0,0.0,0.0,0.0,0.0,0.0,0.0,0.0,0.0,0.0,3429.684851074219
4541,native_wait_aware_replan,supported_native_episode_loop,-18377.185,5.079,0.2894,-5.6578,66.0,0.7480916030534351,338.64295673547804,5.717654448026024,-44.50763358778626,4.258572285583939,0.0,4971.0,0.0,0.0,0.0,0.0,0.0,0.0,0.0,0.0,0.0,0.0,0.0,0.0,0.0,0.0,3100.4180297851562
4551,native_wait_aware_replan,supported_native_episode_loop,-18740.435,47.771,0.5903,-48.9516,66.0,0.7480916030534351,343.8780768087195,7.523709713143089,-43.958015267175576,5.436144994084822,1.0,4970.0,0.0,0.0,0.0,0.0,0.0,0.0,0.0,0.0,0.0,0.0,0.0,0.0,0.0,0.0,11601.28115234375
4561,native_wait_aware_replan,supported_native_episode_loop,-20150.754,6.693,0.714,-8.120999999999999,66.0,0.7480916030534351,332.09453483289127,9.851904916040366,-44.41984732824427,4.528879676225624,0.0,4971.0,0.0,0.0,0.0,0.0,0.0,0.0,0.0,0.0,0.0,0.0,0.0,0.0,0.0,0.0,16722.31591796875
4571,native_wait_aware_replan,supported_native_episode_loop,-3176.239,6.87,0.5395,-7.949,66.0,0.7480916030534351,349.20415508020426,7.818976240876273,-40.93129770992366,12.57508189140297,1.0,4969.0,0.0,0.0,0.0,0.0,0.0,0.0,0.0,0.0,0.0,0.0,0.0,0.0,0.0,0.0,103127.77192382813
4581,native_wait_aware_replan,supported_native_episode_loop,-20213.778,10.103,0.7229,-11.5488,66.0,0.7480916030534351,339.86236171619277,7.08137109352365,-44.04961832061068,5.148317357161078,0.0,4971.0,0.0,0.0,0.0,0.0,0.0,0.0,0.0,0.0,0.0,0.0,0.0,0.0,0.0,0.0,61651.804296875
4591,native_wait_aware_replan,supported_native_episode_loop,-19127.999,9.428,0.3786,-10.1852,66.0,0.7480916030534351,338.8424115667513,9.187676811556685,-44.38549618320611,4.588429226769158,1.0,4970.0,0.0,0.0,0.0,0.0,0.0,0.0,0.0,0.0,0.0,0.0,0.0,0.0,0.0,0.0,230364.8240234375
4601,native_wait_aware_replan,supported_native_episode_loop,-6487.504,6.62,0.4471,-7.5142,66.0,0.7480916030534351,347.41287608529814,4.933767314815796,-44.25190839694657,4.976806529115846,1.0,4970.0,0.0,0.0,0.0,0.0,0.0,0.0,0.0,0.0,0.0,0.0,0.0,0.0,0.0,0.0,19719.238519287108
4611,native_wait_aware_replan,supported_native_episode_loop,-18088.345,4.747,0.5909,-5.9288,66.0,0.7480916030534351,342.10637208135563,8.899006942638803,-44.36641221374046,4.598715563906234,0.8461538461538461,4971.0,0.0,0.0,0.0,0.0,0.0,0.0,0.0,0.0,0.0,0.0,0.0,0.0,0.0,0.0,48597.48129882813
4621,native_wait_aware_replan,supported_native_episode_loop,-15802.85,5.567,0.628,-6.823,66.0,0.7480916030534351,338.17951510503843,5.689488922990586,-44.49618320610687,4.2916109287052215,0.8461538461538461,4971.0,0.0,0.0,0.0,0.0,0.0,0.0,0.0,0.0,0.0,0.0,0.0,0.0,0.0,0.0,31816.49041748047
4631,native_wait_aware_replan,supported_native_episode_loop,-17569.518,8.007,0.5847,-9.1764,66.0,0.7480916030534351,342.2924955358487,6.694013242567091,-44.458015267175576,4.394235540398323,0.6923076923076924,4973.0,0.0,0.0,0.0,0.0,0.0,0.0,0.0,0.0,0.0,0.0,0.0,0.0,0.0,0.0,2785.293716430664
4641,native_wait_aware_replan,supported_native_episode_loop,-2904.262,5.473,0.4925,-6.458,66.0,0.7480916030534351,337.51643346404757,6.011028240693277,-44.270992366412216,4.530540782132711,0.0,4971.0,0.0,0.0,0.0,0.0,0.0,0.0,0.0,0.0,0.0,0.0,0.0,0.0,0.0,0.0,7971.654992675782
4651,native_wait_aware_replan,supported_native_episode_loop,-6559.038,7.089,0.5681,-8.225200000000001,66.0,0.7480916030534351,340.546047779622,5.149120558067395,-44.31679389312977,4.780968196553001,1.0,4970.0,0.0,0.0,0.0,0.0,0.0,0.0,0.0,0.0,0.0,0.0,0.0,0.0,0.0,0.0,38457.128662109375
4661,native_wait_aware_replan,supported_native_episode_loop,-18839.132,7.399,0.696,-8.791,66.0,0.7480916030534351,343.4316353436796,5.478129437057263,-44.20992366412214,5.117495137537742,0.0,4970.0,0.0,0.0,0.0,0.0,0.0,0.0,0.0,0.0,0.0,0.0,0.0,0.0,0.0,0.0,19098.092895507812
4671,native_wait_aware_replan,supported_native_episode_loop,-8009.307,22.724,0.6627,-24.0494,66.0,0.7480916030534351,327.37294334819296,4.437028264396169,-44.5,4.291612625959816,1.0,4971.0,0.0,0.0,0.0,0.0,0.0,0.0,0.0,0.0,0.0,0.0,0.0,0.0,0.0,0.0,61985.82775878906
4681,native_wait_aware_replan,supported_native_episode_loop,-17860.518,3.904,0.5191,-4.9422,66.0,0.7480916030534351,348.2364826925291,6.99913015158002,-44.45038167938932,4.409763180115516,0.0,4971.0,0.0,0.0,0.0,0.0,0.0,0.0,0.0,0.0,0.0,0.0,0.0,0.0,0.0,0.0,18046.802661132813
4691,native_wait_aware_replan,supported_native_episode_loop,-18990.072,3.946,0.6063,-5.1586,66.0,0.7480916030534351,332.80454541823946,5.828153739185306,-44.48473282442748,4.323484127986721,0.0,4971.0,0.0,0.0,0.0,0.0,0.0,0.0,0.0,0.0,0.0,0.0,0.0,0.0,0.0,0.0,14233.468823242187
4701,native_wait_aware_replan,supported_native_episode_loop,-18781.645,13.595,0.5071,-14.609200000000001,66.0,0.7480916030534351,334.3089523055778,5.740256420204796,-44.56106870229008,4.068367501228348,1.0,4971.0,0.0,0.0,0.0,0.0,0.0,0.0,0.0,0.0,0.0,0.0,0.0,0.0,0.0,0.0,3186.617816162109
4711,native_wait_aware_replan,supported_native_episode_loop,-17237.647,4.208,0.5354,-5.2788,66.0,0.7480916030534351,336.6021934380664,4.570985021718671,-44.44274809160305,4.486043336215641,0.5384615384615384,4971.0,0.0,0.0,0.0,0.0,0.0,0.0,0.0,0.0,0.0,0.0,0.0,0.0,0.0,0.0,27910.231567382812
4721,native_wait_aware_replan,supported_native_episode_loop,-9086.87,4.921,0.479,-5.8790000000000004,66.0,0.7480916030534351,340.1091683782391,5.261270756676654,-44.41984732824427,4.549900088615793,1.0,4970.0,0.0,0.0,0.0,0.0,0.0,0.0,0.0,0.0,0.0,0.0,0.0,0.0,0.0,0.0,20443.386596679688
4731,native_wait_aware_replan,supported_native_episode_loop,-11651.394,4.816,0.5053,-5.8266,66.0,0.7480916030534351,339.7996304727086,6.822035971180736,-44.347328244274806,4.714519205073173,1.0,4971.0,0.0,0.0,0.0,0.0,0.0,0.0,0.0,0.0,0.0,0.0,0.0,0.0,0.0,0.0,1740.363330078125
4741,native_wait_aware_replan,supported_native_episode_loop,-3244.011,7.062,0.514,-8.09,66.0,0.7480916030534351,340.3794004281362,5.713101588037539,-44.51908396946565,4.215295929300231,1.0,4971.0,0.0,0.0,0.0,0.0,0.0,0.0,0.0,0.0,0.0,0.0,0.0,0.0,0.0,0.0,407.7089683532715
4751,native_wait_aware_replan,supported_native_episode_loop,-2993.66,6.643,0.4899,-7.6228,66.0,0.7480916030534351,342.8117962038623,5.959244560890742,-44.43893129770992,4.451829926846945,0.0,4971.0,0.0,0.0,0.0,0.0,0.0,0.0,0.0,0.0,0.0,0.0,0.0,0.0,0.0,0.0,30079.68311767578
4761,native_wait_aware_replan,supported_native_episode_loop,-10408.991,4.18,0.4843,-5.1486,66.0,0.7480916030534351,341.27373342187053,13.724849878405339,-44.412213740458014,4.413494623765804,0.0,4971.0,1.0,1.0,0.9820137900379085,1.0,0.28504854062315815,0.046731387497544206,1.0084356796208902,0.4665796756744385,0.7774878740310669,-0.3738510999803537,0.3738510999803537,1.0,1.9999999403953552,2.0467312932014465,4311.388442993164
4771,native_wait_aware_replan,supported_native_episode_loop,-2871.839,5.097,0.4859,-6.0688,66.0,0.7480916030534351,335.2946126298444,5.650706511295691,-44.33969465648855,4.81757563731688,0.0,4972.0,0.0,0.0,0.0,0.0,0.0,0.0,0.0,0.0,0.0,0.0,0.0,0.0,0.0,0.0,329.1366786956787
4781,native_wait_aware_replan,supported_native_episode_loop,-2567.862,5.621,0.4661,-6.5532,66.0,0.7480916030534351,328.84765792581567,5.151445395217614,-44.52290076335878,4.218897234544625,0.0,4970.0,0.0,0.0,0.0,0.0,0.0,0.0,0.0,0.0,0.0,0.0,0.0,0.0,0.0,0.0,209.1840238571167
4791,native_wait_aware_replan,supported_native_episode_loop,-18991.77,31.441,0.4843,-32.4096,66.0,0.7480916030534351,340.4681049048432,6.21193431903726,-44.43511450381679,4.46718183383072,0.0,4971.0,0.0,0.0,0.0,0.0,0.0,0.0,0.0,0.0,0.0,0.0,0.0,0.0,0.0,0.0,2017.0556427001952
4801,native_wait_aware_replan,supported_native_episode_loop,-19345.74,42.166,0.3193,-42.80459999999999,66.0,0.7480916030534351,340.5622125227639,5.958674664298605,-44.33587786259542,4.764869353355672,0.8461538461538461,4971.0,0.0,0.0,0.0,0.0,0.0,0.0,0.0,0.0,0.0,0.0,0.0,0.0,0.0,0.0,36492.924072265625
4811,native_wait_aware_replan,supported_native_episode_loop,-3868.35,5.03,0.42,-5.87,66.0,0.7480916030534351,339.4169137987282,6.618680031580369,-43.52290076335878,7.51724800307735,1.0,4971.0,0.0,0.0,0.0,0.0,0.0,0.0,0.0,0.0,0.0,0.0,0.0,0.0,0.0,0.0,34990.40517578125
4821,native_wait_aware_replan,supported_native_episode_loop,-8755.059,6.278,0.6098,-7.497599999999999,66.0,0.7480916030534351,347.04937637146304,7.831251315133141,-43.87022900763359,5.7682957470485245,1.0,4971.0,0.0,0.0,0.0,0.0,0.0,0.0,0.0,0.0,0.0,0.0,0.0,0.0,0.0,0.0,552.1185745239258
4831,native_wait_aware_replan,supported_native_episode_loop,-19050.51,66.555,0.7746,-68.1042,66.0,0.7480916030534351,344.2811132245695,6.683266305191353,-44.23664122137404,5.064216722128158,0.8461538461538461,4971.0,0.0,0.0,0.0,0.0,0.0,0.0,0.0,0.0,0.0,0.0,0.0,0.0,0.0,0.0,2652.880578613281
4841,native_wait_aware_replan,supported_native_episode_loop,-17830.171,4.391,0.4983,-5.3876,66.0,0.7480916030534351,350.09486990819755,4.417445310430013,-44.400763358778626,4.597094937026152,1.0,4971.0,0.0,0.0,0.0,0.0,0.0,0.0,0.0,0.0,0.0,0.0,0.0,0.0,0.0,0.0,11818.25
4851,native_wait_aware_replan,supported_native_episode_loop,-7712.892,8.029,0.5491,-9.1272,66.0,0.7480916030534351,334.50940596747944,10.240492596080188,-44.56488549618321,4.04667281414639,0.0,4971.0,0.0,0.0,0.0,0.0,0.0,0.0,0.0,0.0,0.0,0.0,0.0,0.0,0.0,0.0,53057.200390625
4861,native_wait_aware_replan,supported_native_episode_loop,-11705.702,5.638,0.55,-6.7379999999999995,66.0,0.7480916030534351,341.3587837508617,10.940478331902794,-43.774809160305345,5.05681980006187,0.0,4971.0,0.0,0.0,0.0,0.0,0.0,0.0,0.0,0.0,0.0,0.0,0.0,0.0,0.0,0.0,29709.546032714843
4871,native_wait_aware_replan,supported_native_episode_loop,-20481.771,27.419,0.7139,-28.8468,66.0,0.7480916030534351,334.8621198537695,5.142450995721893,-44.30152671755725,4.878359828436028,0.0,4970.0,0.0,0.0,0.0,0.0,0.0,0.0,0.0,0.0,0.0,0.0,0.0,0.0,0.0,0.0,199101.8462890625
4881,native_wait_aware_replan,supported_native_episode_loop,-2458.707,3.994,0.5134,-5.0208,66.0,0.7480916030534351,340.44314048723635,5.307344833592627,-44.103053435114504,4.9656136499740695,0.0,4970.0,0.0,0.0,0.0,0.0,0.0,0.0,0.0,0.0,0.0,0.0,0.0,0.0,0.0,0.0,290.727108001709
4891,native_wait_aware_replan,supported_native_episode_loop,-7888.871,4.377,0.4527,-5.2824,66.0,0.7480916030534351,332.61523327851717,6.846906549556797,-44.24045801526717,5.15553920778869,1.0,4970.0,0.0,0.0,0.0,0.0,0.0,0.0,0.0,0.0,0.0,0.0,0.0,0.0,0.0,0.0,672.008935546875
4901,native_wait_aware_replan,supported_native_episode_loop,-12669.206,34.455,0.635,-35.725,66.0,0.7480916030534351,330.96117891889185,6.004379889474005,-44.52671755725191,4.2061899937755465,0.4039028796575477,4971.0,0.0,0.0,0.0,0.0,0.0,0.0,0.0,0.0,0.0,0.0,0.0,0.0,0.0,0.0,19386.249133300782
4911,native_wait_aware_replan,supported_native_episode_loop,-3396.465,6.927,0.6365,-8.2,66.0,0.7480916030534351,338.4668686568282,5.906345462931263,-44.50381679389313,4.281816775357538,0.0,4970.0,0.0,0.0,0.0,0.0,0.0,0.0,0.0,0.0,0.0,0.0,0.0,0.0,0.0,0.0,568.2626430511475
4921,native_wait_aware_replan,supported_native_episode_loop,-10982.687,8.143,0.6555,-9.454,66.0,0.7480916030534351,339.3314085541184,6.7873233730577525,-44.11068702290076,5.6113945132169585,0.0,4971.0,0.0,0.0,0.0,0.0,0.0,0.0,0.0,0.0,0.0,0.0,0.0,0.0,0.0,0.0,56161.985571289064
4931,native_wait_aware_replan,supported_native_episode_loop,-18971.071,4.448,0.6609,-5.7698,66.0,0.7480916030534351,340.14578406935124,7.330118367820582,-44.038167938931295,5.7894410073774285,0.2610441806427959,4971.0,0.0,0.0,0.0,0.0,0.0,0.0,0.0,0.0,0.0,0.0,0.0,0.0,0.0,0.0,7177.470404052734
4941,native_wait_aware_replan,supported_native_episode_loop,-18216.542,4.706,0.4101,-5.5262,66.0,0.7480916030534351,339.73751663797685,4.708970264711373,-44.458015267175576,4.408111090827894,0.0,4972.0,0.0,0.0,0.0,0.0,0.0,0.0,0.0,0.0,0.0,0.0,0.0,0.0,0.0,0.0,11131.624975585937
4951,native_wait_aware_replan,supported_native_episode_loop,-2559.793,4.771,0.321,-5.413,66.0,0.7480916030534351,345.94120733769796,4.862226234798793,-43.847328244274806,5.611429560876905,0.0,4970.0,0.0,0.0,0.0,0.0,0.0,0.0,0.0,0.0,0.0,0.0,0.0,0.0,0.0,0.0,36292.30987548828
4961,native_wait_aware_replan,supported_native_episode_loop,-2646.984,3.86,0.3372,-4.5344,66.0,0.7480916030534351,337.1072095194542,5.991936996644406,-44.43893129770992,4.474065598537065,1.0,4970.0,0.0,0.0,0.0,0.0,0.0,0.0,0.0,0.0,0.0,0.0,0.0,0.0,0.0,0.0,1698.3435493469237
4971,native_wait_aware_replan,supported_native_episode_loop,-4342.798,5.065,0.4926,-6.0502,66.0,0.7480916030534351,337.81598582755555,6.947752861693083,-44.35496183206107,4.7694913669390955,0.23076923076923078,4971.0,1.0,1.0,0.9820137900379085,1.0,0.5420850716793536,0.38944676223913816,1.0663571020275162,0.07337939739227295,0.751902163028717,-2.0,2.0,1.0,1.999999761581421,2.999999761581421,2528.6362182617186
4981,native_wait_aware_replan,supported_native_episode_loop,-17690.413,49.126,0.5657,-50.2574,66.0,0.7480916030534351,341.3713062906993,5.52446251991052,-44.29007633587786,4.891164412197768,0.0,4970.0,0.0,0.0,0.0,0.0,0.0,0.0,0.0,0.0,0.0,0.0,0.0,0.0,0.0,0.0,91935.833984375
4991,native_wait_aware_replan,supported_native_episode_loop,-3613.329,7.109,0.3924,-7.8938,66.0,0.7480916030534351,331.3367625426245,6.355020479811196,-44.37022900763359,4.675373106824043,1.0,4971.0,1.0,1.0,0.9820137900379085,1.0,0.5967721130328637,0.4623628173771516,1.08606625693267,0.0031495883595198393,0.7421419620513916,-2.0,2.0,1.0,1.999999761581421,1.71895432472229,1093.8281761169433
5001,native_wait_aware_replan,supported_native_episode_loop,-2725.683,5.256,0.5224,-6.300800000000001,66.0,0.7480916030534351,340.96241361121184,13.430429792418849,-43.721374045801525,5.156578954010564,0.0,4970.0,0.0,0.0,0.0,0.0,0.0,0.0,0.0,0.0,0.0,0.0,0.0,0.0,0.0,0.0,120.1478982925415
5011,native_wait_aware_replan,supported_native_episode_loop,-2591.12,7.238,0.3722,-7.9824,66.0,0.7480916030534351,337.6192641722034,10.634727275254273,-44.465648854961835,4.366418886451955,0.0,4971.0,1.0,1.0,0.9820137900379085,1.0,0.5496191779765838,0.3994922373021117,1.0567452327036075,0.0,0.7315750122070312,-2.0,2.0,1.0,2.0000001192092896,2.3504620790481567,17668.626025390626
5021,native_wait_aware_replan,supported_native_episode_loop,-2855.669,4.783,0.5374,-5.8578,66.0,0.7480916030534351,335.4500295088188,5.674057095586707,-44.39312977099237,4.614327022292165,0.0,4971.0,0.0,0.0,0.0,0.0,0.0,0.0,0.0,0.0,0.0,0.0,0.0,0.0,0.0,0.0,12975.745544433594
5031,native_wait_aware_replan,supported_native_episode_loop,-19016.407,44.151,0.4395,-45.03,66.0,0.7480916030534351,347.27966515857145,9.18341963667177,-43.79007633587786,4.869069772778792,0.8461538461538461,4971.0,0.0,0.0,0.0,0.0,0.0,0.0,0.0,0.0,0.0,0.0,0.0,0.0,0.0,0.0,66743.5
5041,native_wait_aware_replan,supported_native_episode_loop,-18491.966,6.32,0.4829,-7.2858,66.0,0.7480916030534351,350.9985492906498,7.916417650366475,-34.73664122137404,18.422814871853205,1.0,4971.0,0.0,0.0,0.0,0.0,0.0,0.0,0.0,0.0,0.0,0.0,0.0,0.0,0.0,0.0,21771.197717285155
5051,native_wait_aware_replan,supported_native_episode_loop,-3666.228,4.797,0.4704,-5.7378,66.0,0.7480916030534351,333.75387582499866,6.852515546686874,-44.56488549618321,4.105664001752435,1.0,4972.0,0.0,0.0,0.0,0.0,0.0,0.0,0.0,0.0,0.0,0.0,0.0,0.0,0.0,0.0,56637.3224609375
5061,native_wait_aware_replan,supported_native_episode_loop,-7279.761,5.721,0.6949,-7.1108,66.0,0.7480916030534351,328.3830760194145,7.630019941661645,-44.530534351145036,4.1669618992971404,1.0,4972.0,1.0,1.0,0.9820137900379085,1.0,0.4463083358586043,0.2617444478114724,1.1099233553914087,0.15109816193580627,0.7078778147697449,-2.0,2.0,1.0,1.9999996423721313,2.9249430894851685,7766.534295654297
5071,native_wait_aware_replan,supported_native_episode_loop,-2868.202,4.446,0.4206,-5.2871999999999995,66.0,0.7480916030534351,335.0523841756067,8.784014087209137,-44.14885496183206,5.4825172021703406,0.0,4971.0,0.0,0.0,0.0,0.0,0.0,0.0,0.0,0.0,0.0,0.0,0.0,0.0,0.0,0.0,38769.44459228516
5081,native_wait_aware_replan,supported_native_episode_loop,-3624.566,5.139,0.2972,-5.7334000000000005,66.0,0.7480916030534351,343.3592842661167,10.6216541006483,-43.32442748091603,6.681244017305966,0.0,4970.0,0.0,0.0,0.0,0.0,0.0,0.0,0.0,0.0,0.0,0.0,0.0,0.0,0.0,0.0,7584.916143798828
5091,native_wait_aware_replan,supported_native_episode_loop,-12613.119,13.239,0.4094,-14.0578,66.0,0.7480916030534351,335.49786077194227,5.715584418482872,-44.530534351145036,4.179765746929087,0.0,4972.0,0.0,0.0,0.0,0.0,0.0,0.0,0.0,0.0,0.0,0.0,0.0,0.0,0.0,0.0,2061.1802337646486
5101,native_wait_aware_replan,supported_native_episode_loop,-16057.961,5.371,0.7118,-6.794600000000001,66.0,0.7480916030534351,343.6397603001455,16.68689106307118,-42.729007633587784,7.39345686121995,1.0,4972.0,0.0,0.0,0.0,0.0,0.0,0.0,0.0,0.0,0.0,0.0,0.0,0.0,0.0,0.0,19061.970782470704
5111,native_wait_aware_replan,supported_native_episode_loop,-5946.116,13.549,0.3478,-14.2446,66.0,0.7480916030534351,330.0260834778842,6.015225201217872,-44.45038167938932,4.416682013343567,1.0,4971.0,0.0,0.0,0.0,0.0,0.0,0.0,0.0,0.0,0.0,0.0,0.0,0.0,0.0,0.0,1097.3960556030274
5121,native_wait_aware_replan,supported_native_episode_loop,-14308.873,6.295,0.4736,-7.2422,66.0,0.7480916030534351,335.764255247468,6.721444908369834,-44.36641221374046,4.562050742277863,1.0,4970.0,0.0,0.0,0.0,0.0,0.0,0.0,0.0,0.0,0.0,0.0,0.0,0.0,0.0,0.0,22803.321203613283
5131,native_wait_aware_replan,supported_native_episode_loop,-16142.925,9.8,0.5107,-10.8214,66.0,0.7480916030534351,342.7397414797741,7.975348289878623,-44.43511450381679,4.359072729747091,0.0,4971.0,0.0,0.0,0.0,0.0,0.0,0.0,0.0,0.0,0.0,0.0,0.0,0.0,0.0,0.0,27181.773486328126
5141,native_wait_aware_replan,supported_native_episode_loop,-2754.801,9.983,0.4516,-10.8862,66.0,0.7480916030534351,339.9940608036579,8.108259977489997,-44.30534351145038,4.869899962561721,0.0,4970.0,0.0,0.0,0.0,0.0,0.0,0.0,0.0,0.0,0.0,0.0,0.0,0.0,0.0,0.0,1801.224596786499
5151,native_wait_aware_replan,supported_native_episode_loop,-16350.011,5.556,0.4357,-6.4274000000000004,66.0,0.7480916030534351,336.10975545210994,5.227180690168818,-44.48854961832061,4.347266250253307,0.0,4970.0,0.0,0.0,0.0,0.0,0.0,0.0,0.0,0.0,0.0,0.0,0.0,0.0,0.0,0.0,58469.573950195314
5161,native_wait_aware_replan,supported_native_episode_loop,-2884.113,5.67,0.3714,-6.4128,66.0,0.7480916030534351,334.3321772011182,6.556101211893899,-44.461832061068705,4.378607921540264,1.0,4972.0,1.0,1.0,0.9820137900379085,1.0,0.63225537225374,0.5096738296716533,1.069606965796863,0.017894120886921883,0.813752293586731,-2.0,2.0,1.0,1.9999992847442627,2.3499042987823486,849.1647026062012
5171,native_wait_aware_replan,supported_native_episode_loop,-3005.566,3.917,0.4059,-4.7288,66.0,0.7480916030534351,334.463988397079,4.9446915504860165,-44.55725190839695,4.072173876638904,0.0,4972.0,0.0,0.0,0.0,0.0,0.0,0.0,0.0,0.0,0.0,0.0,0.0,0.0,0.0,0.0,7348.163619995117
5181,native_wait_aware_replan,supported_native_episode_loop,-16808.451,5.238,0.6046,-6.4472000000000005,66.0,0.7480916030534351,333.745874879166,7.722018267890168,-44.461832061068705,4.40987715144997,1.0,4971.0,0.0,0.0,0.0,0.0,0.0,0.0,0.0,0.0,0.0,0.0,0.0,0.0,0.0,0.0,3410.365856933594
5191,native_wait_aware_replan,supported_native_episode_loop,-10982.425,5.79,0.4466,-6.6832,66.0,0.7480916030534351,345.424205052792,6.042440402126136,-44.412213740458014,4.555627723411452,0.8700468750208064,4970.0,0.0,0.0,0.0,0.0,0.0,0.0,0.0,0.0,0.0,0.0,0.0,0.0,0.0,0.0,37820.68642578125
5201,native_wait_aware_replan,supported_native_episode_loop,-3016.616,4.413,0.4705,-5.354,66.0,0.7480916030534351,343.779465274562,4.979518856668391,-43.94274809160305,5.87339103235813,0.6923076923076924,4970.0,0.0,0.0,0.0,0.0,0.0,0.0,0.0,0.0,0.0,0.0,0.0,0.0,0.0,0.0,60114.66928710938
5211,native_wait_aware_replan,supported_native_episode_loop,-18337.075,27.414,0.6268,-28.6676,66.0,0.7480916030534351,343.8567611594843,5.66637096240634,-44.52290076335878,4.202581265781259,0.0,4970.0,0.0,0.0,0.0,0.0,0.0,0.0,0.0,0.0,0.0,0.0,0.0,0.0,0.0,0.0,103883.8048828125
5221,native_wait_aware_replan,supported_native_episode_loop,-2854.493,3.83,0.5752,-4.9804,66.0,0.7480916030534351,343.29983966632653,6.477135576117592,-44.5,4.274681363956708,0.8461538461538461,4972.0,0.0,0.0,0.0,0.0,0.0,0.0,0.0,0.0,0.0,0.0,0.0,0.0,0.0,0.0,1926.4623943328857
5231,native_wait_aware_replan,supported_native_episode_loop,-18236.503,4.694,0.553,-5.8,66.0,0.7480916030534351,347.07540948473996,7.3647175680017405,-44.36641221374046,4.261860158813984,0.0,4971.0,0.0,0.0,0.0,0.0,0.0,0.0,0.0,0.0,0.0,0.0,0.0,0.0,0.0,0.0,4529.989129638672
5241,native_wait_aware_replan,supported_native_episode_loop,-15045.222,8.147,0.373,-8.893,66.0,0.7480916030534351,330.28020131011647,5.028897698416842,-44.50763358778626,4.247803533369746,1.0,4971.0,0.0,0.0,0.0,0.0,0.0,0.0,0.0,0.0,0.0,0.0,0.0,0.0,0.0,0.0,71582.95686035157
5251,native_wait_aware_replan,supported_native_episode_loop,-5603.478,7.519,0.4689,-8.4568,66.0,0.7480916030534351,332.566165014563,5.112962516250946,-44.408396946564885,4.554714664443261,0.0,4971.0,0.0,0.0,0.0,0.0,0.0,0.0,0.0,0.0,0.0,0.0,0.0,0.0,0.0,0.0,975.7052947998047
5261,native_wait_aware_replan,supported_native_episode_loop,-2564.282,4.808,0.4965,-5.801,66.0,0.7480916030534351,341.9563744011163,9.70835887481804,-44.33587786259542,4.749625436453823,1.0,4971.0,1.0,1.0,0.9820137900379085,1.0,0.6322367764565493,0.5096490352753991,1.0558035669803383,0.0,0.7635838985443115,-2.0,2.0,1.0,2.0,3.0,3919.548776245117
5271,native_wait_aware_replan,supported_native_episode_loop,-18203.957,14.826,0.6007,-16.0274,66.0,0.7480916030534351,345.11061103405194,11.86608521652808,-40.904580152671755,10.994900709766386,0.0,4970.0,0.0,0.0,0.0,0.0,0.0,0.0,0.0,0.0,0.0,0.0,0.0,0.0,0.0,0.0,13109.299560546875
5281,native_wait_aware_replan,supported_native_episode_loop,-2734.84,3.888,0.5919,-5.0718,66.0,0.7480916030534351,352.9243732394418,7.440015642330172,-17.49236641221374,37.28093698311544,0.0,4972.0,0.0,0.0,0.0,0.0,0.0,0.0,0.0,0.0,0.0,0.0,0.0,0.0,0.0,0.0,16104.140380859375
5291,native_wait_aware_replan,supported_native_episode_loop,-4155.289,8.133,0.3835,-8.899999999999999,66.0,0.7480916030534351,328.9017065909679,5.372597440632837,-44.603053435114504,3.9677697492929487,0.0,4971.0,0.0,0.0,0.0,0.0,0.0,0.0,0.0,0.0,0.0,0.0,0.0,0.0,0.0,0.0,8830.807733154297
5301,native_wait_aware_replan,supported_native_episode_loop,-3471.772,3.677,0.4998,-4.6766000000000005,66.0,0.7480916030534351,344.1386581205382,6.342522871400194,-44.43129770992366,4.479070650086694,0.0,4972.0,0.0,0.0,0.0,0.0,0.0,0.0,0.0,0.0,0.0,0.0,0.0,0.0,0.0,0.0,8477.10283203125
5311,native_wait_aware_replan,supported_native_episode_loop,-2407.415,3.713,0.4662,-4.6454,66.0,0.7480916030534351,340.4225021475827,5.961098799244693,-44.465648854961835,4.363795724894276,0.44978764248503755,4970.0,0.0,0.0,0.0,0.0,0.0,0.0,0.0,0.0,0.0,0.0,0.0,0.0,0.0,0.0,22808.52165527344
