{
 "exp": "H_tpc_alpha",
 "seed": 42,
 "ep": 49,
 "wait_mean": 5.806800000000001,
 "wait_std": 1.9135030075753736,
 "cv_mean": 0.45529000000000003,
 "cv_std": 0.08272116960004858,
 "overshoot_mean": 1.55,
 "overshoot_std": 1.3955285736952865,
 "composite_mean": 1.4965789743589744,
 "composite_std": 0.5153189871083974,
 "n_eps": 20,
 "wall_s": 595.2
}