{
 "exp": "H_tpc_alpha",
 "seed": 42,
 "ep": 249,
 "wait_mean": 5.851100000000001,
 "wait_std": 2.645610513662206,
 "cv_mean": 0.50355,
 "cv_std": 0.09495595031381657,
 "overshoot_mean": 2.0,
 "overshoot_std": 1.1832159566199232,
 "composite_mean": 1.628655421245421,
 "composite_std": 0.5683995422193255,
 "n_eps": 20,
 "wall_s": 607.9
}