{
 "exp": "H_tpc_alpha",
 "seed": 42,
 "ep": 199,
 "wait_mean": 6.74015,
 "wait_std": 4.0335775717717395,
 "cv_mean": 0.5440050000000001,
 "cv_std": 0.11887636213730635,
 "overshoot_mean": 1.85,
 "overshoot_std": 1.2757350822173072,
 "composite_mean": 1.7332535164835168,
 "composite_std": 0.757943508289937,
 "n_eps": 20,
 "wall_s": 617.2
}