{
 "exp": "H_tpc_alpha",
 "seed": 123,
 "ep": 199,
 "wait_mean": 5.15575,
 "wait_std": 1.8096541071431302,
 "cv_mean": 0.52582,
 "cv_std": 0.10247507306657555,
 "overshoot_mean": 1.8,
 "overshoot_std": 1.2489995996796799,
 "composite_mean": 1.535795183150183,
 "composite_std": 0.5579459429317322,
 "n_eps": 20,
 "wall_s": 596.7
}