{
 "exp": "H_tpc_alpha",
 "seed": 42,
 "ep": 99,
 "wait_mean": 5.9689,
 "wait_std": 2.825728488372512,
 "cv_mean": 0.5367050000000001,
 "cv_std": 0.07975485236021694,
 "overshoot_mean": 1.65,
 "overshoot_std": 1.3518505834595773,
 "composite_mean": 1.6093138644688643,
 "composite_std": 0.6171364256767738,
 "n_eps": 20,
 "wall_s": 555.9
}