{
 "exp": "H_tpc_alpha",
 "seed": 456,
 "ep": 49,
 "wait_mean": 5.612499999999999,
 "wait_std": 1.826304478995767,
 "cv_mean": 0.5550399999999999,
 "cv_std": 0.11250774817762554,
 "overshoot_mean": 1.8,
 "overshoot_std": 1.4000000000000001,
 "composite_mean": 1.6427872527472527,
 "composite_std": 0.6157556988919849,
 "n_eps": 20,
 "wall_s": 357.9
}