{
 "exp": "H_tpc_alpha",
 "seed": 456,
 "ep": 199,
 "wait_mean": 5.9424,
 "wait_std": 2.6082377652353705,
 "cv_mean": 0.530575,
 "cv_std": 0.11101035480981042,
 "overshoot_mean": 1.95,
 "overshoot_std": 1.2439855304624727,
 "composite_mean": 1.6614770879120875,
 "composite_std": 0.6387116179546993,
 "n_eps": 20,
 "wall_s": 226.1
}