{
 "exp": "H_tpc_alpha",
 "seed": 123,
 "ep": 149,
 "wait_mean": 5.9418999999999995,
 "wait_std": 3.001510834563154,
 "cv_mean": 0.52512,
 "cv_std": 0.10487662561314604,
 "overshoot_mean": 1.75,
 "overshoot_std": 1.299038105676658,
 "composite_mean": 1.6101387545787547,
 "composite_std": 0.7145182092116578,
 "n_eps": 20,
 "wall_s": 590.4
}