{
 "exp": "H_tpc_alpha",
 "seed": 42,
 "ep": 149,
 "wait_mean": 6.24315,
 "wait_std": 4.1396620426672515,
 "cv_mean": 0.5121900000000001,
 "cv_std": 0.10620274431482456,
 "overshoot_mean": 1.85,
 "overshoot_std": 1.2757350822173072,
 "composite_mean": 1.6517385164835166,
 "composite_std": 0.757610097995273,
 "n_eps": 20,
 "wall_s": 598.1
}