{
 "exp": "H_tpc_alpha",
 "seed": 456,
 "ep": 299,
 "wait_mean": 6.146999999999999,
 "wait_std": 2.0976164091654126,
 "cv_mean": 0.5634049999999999,
 "cv_std": 0.12386196944583112,
 "overshoot_mean": 2.65,
 "overshoot_std": 0.5722761571129799,
 "composite_mean": 1.8561155311355306,
 "composite_std": 0.4902731609570255,
 "n_eps": 20,
 "wall_s": 225.1
}