{
 "exp": "H_tpc_alpha",
 "seed": 123,
 "ep": 249,
 "wait_mean": 5.303400000000001,
 "wait_std": 1.6757175597337397,
 "cv_mean": 0.5317,
 "cv_std": 0.0856391849564205,
 "overshoot_mean": 1.85,
 "overshoot_std": 1.2757350822173072,
 "composite_mean": 1.5772735164835165,
 "composite_std": 0.5405676765720107,
 "n_eps": 20,
 "wall_s": 610.4
}