{
 "exp": "H_tpc_alpha",
 "seed": 123,
 "ep": 99,
 "wait_mean": 5.1484000000000005,
 "wait_std": 1.0290241202226507,
 "cv_mean": 0.48884999999999995,
 "cv_std": 0.08094075920078833,
 "overshoot_mean": 1.55,
 "overshoot_std": 1.3955285736952865,
 "composite_mean": 1.4642989743589743,
 "composite_std": 0.4896130442188979,
 "n_eps": 20,
 "wall_s": 596.8
}