{
 "exp": "H_tpc_alpha",
 "seed": 42,
 "ep": 299,
 "wait_mean": 6.64945,
 "wait_std": 3.4025836576783823,
 "cv_mean": 0.53674,
 "cv_std": 0.09612893633032668,
 "overshoot_mean": 2.05,
 "overshoot_std": 1.16081867662439,
 "composite_mean": 1.753530238095238,
 "composite_std": 0.6420654457142487,
 "n_eps": 20,
 "wall_s": 608.3
}