{
 "exp": "H_tpc_alpha",
 "seed": 123,
 "ep": 49,
 "wait_mean": 5.1524,
 "wait_std": 1.5864567564229413,
 "cv_mean": 0.472295,
 "cv_std": 0.07730560442167178,
 "overshoot_mean": 1.55,
 "overshoot_std": 1.3955285736952865,
 "composite_mean": 1.447869249084249,
 "composite_std": 0.5405997542410087,
 "n_eps": 20,
 "wall_s": 590.7
}