{
 "exp": "H_tpc_alpha",
 "seed": 123,
 "ep": 299,
 "wait_mean": 6.056100000000001,
 "wait_std": 2.0464416165627592,
 "cv_mean": 0.5290300000000001,
 "cv_std": 0.09544717439505478,
 "overshoot_mean": 1.9,
 "overshoot_std": 1.3,
 "composite_mean": 1.6691042857142857,
 "composite_std": 0.4598514336294905,
 "n_eps": 20,
 "wall_s": 604.3
}