{
 "exp": "H_tpc_alpha",
 "seed": 456,
 "ep": 99,
 "wait_mean": 5.9894,
 "wait_std": 1.9739864589201215,
 "cv_mean": 0.48538,
 "cv_std": 0.1171561376966653,
 "overshoot_mean": 1.65,
 "overshoot_std": 1.388344337691482,
 "composite_mean": 1.568005897435897,
 "composite_std": 0.5630162504951032,
 "n_eps": 20,
 "wall_s": 207.2
}