{
 "exp": "H_tpc_alpha",
 "seed": 456,
 "ep": 249,
 "wait_mean": 5.64445,
 "wait_std": 3.0091323413070414,
 "cv_mean": 0.54079,
 "cv_std": 0.10677450959849921,
 "overshoot_mean": 2.1,
 "overshoot_std": 1.0908712114635715,
 "composite_mean": 1.65927804029304,
 "composite_std": 0.5815563144006417,
 "n_eps": 20,
 "wall_s": 224.4
}