{
 "exp": "H_tpc_alpha",
 "seed": 456,
 "ep": 149,
 "wait_mean": 6.7769,
 "wait_std": 3.9298686479321416,
 "cv_mean": 0.5070600000000002,
 "cv_std": 0.11381846686720043,
 "overshoot_mean": 1.95,
 "overshoot_std": 1.2031209415515964,
 "composite_mean": 1.7140311355311357,
 "composite_std": 0.7065592738725064,
 "n_eps": 20,
 "wall_s": 226.4
}