{"avg_reward": [-0.5862134122626997, -0.4912409163973923, -0.3893400220497552, -0.3968513953129431, -0.40271620827357396, -0.44121701811100256, -0.4091917160493252, -0.3816049565268021, -0.3853198366081532, -0.3970585304814736, -0.37544863882150303, -0.41041901104306, -0.4108210796647795, -0.399028673286736, -0.39826356160423354, -0.38815494804604406, -0.4054239602907244, -0.41547609938836666, -0.43429957443154726, -0.40681527296537595, -0.8969623384127109, -1.0531411617694433, -1.0804068489013972, -0.7757736159370338, -1.1194230209223672, -1.000329128978095, -0.9454117207998556, -1.029097676454291, -0.9208350273460175, -1.0009546966970575, -1.0815517716548737, -1.1361937289162778, -0.8327097282166684, -0.9362277256743242, -1.0627659695227278, -0.8226742928075977, -0.9303121135009184, -1.0826411926280266, -0.9426863085892753, -1.0970373902258066, -1.0888290678589676, -1.1453347751707859, -0.8990956059345059, -0.920540492354926, -0.8230438839150847, -0.9855982042196245, -0.9261075980918985, -1.0442568043027443, -1.1291391659726064, -0.8704214852232555, -0.9358948907847215, -0.8713834561569648, -0.9304330870222958, -0.8686581934219932, -0.8509919504837724, -0.9034884617499266, -1.0336250327911376, -1.0424067080359791, -0.6158089829362385, -1.1328274677887917, -0.741875632480802, -0.8757757481730911, -0.8835240371433786, -0.8715473366249153, -0.9011744037339774, -0.611745764655434, -0.959908860929181, -0.8809018944035146, -0.8750189107753785, -0.8974623156936467, -0.8944076245592515, -0.5928066742085409, -0.8537893853798433, -0.9385520370811442, -0.6138253826872161, -0.8213136200415032, -0.8776424995140352, -0.970070784845002, -0.7175155531923113, -0.6026245106380752, -0.6053128215922889, -0.6366068705257045, -0.5518356047407932, -0.8738762031248856, -0.6399079518382095, -0.5336971965544345, -0.9176325927698535, -0.6239598847226963, -1.0230796382779173, -0.8419597816090791, -0.7393093238525624, -0.6278216292302977, -0.6402351551840556, -0.7414464326526148, -0.82613713340069, -0.818435507265879, -0.6203981035455098, -0.6238633596380261, -0.6628648907965322, -0.6419109338617172], "sys_reward": [-1.620998464330044, -2.137784209127267, -2.9321149007238403, -2.3101657739494676, -3.038112990181328, -2.9384819387355305, -2.266936994089341, -2.237420141403318, -2.9879806659608037, -2.8306164178762687, -2.98101226653477, -1.6661144639063328, -2.2319541351790804, -2.2982908548664467, -2.2306827790499497, -2.171376220631182, -2.207007836549116, -2.1391412107164514, -1.5010733902099496, -1.7093399345128673, -15.529617654436136, -2.697288411174396, -14.813757260296905, -3.588977012763556, -4.3159247336475755, -4.94368116116359, -5.225383785955184, -4.159947099448156, -11.636058435892151, -7.9866185123577464, -2.819904593611182, -17.427969441945187, -2.486880277278679, -2.5423890520163335, -14.750678781454015, -2.545540853959975, -3.1160324752496082, -2.9459051838916688, -2.158439881506275, -3.9804942585692205, -3.8227180025503924, -4.56958754909277, -10.623402287960808, -2.7704444155147225, -3.3399304976254753, -3.3921794764740723, -2.3455513596101696, -4.344630903823319, -4.471135538717749, -2.169657877108736, -2.8910420124412877, -2.733320334424808, -2.242172003065428, -2.4240870473876717, -2.6074816546581014, -2.7241572626259627, -3.4470992804816034, -2.674454643058403, -1.6020070305582, -5.0480719917308745, -3.185001573387118, -3.5754586004330022, -3.482072489879087, -2.436130504963951, -2.8236243123835885, -1.6625714672542657, -2.423050799032782, -3.0586569659231544, -2.705936926316839, -3.5361135082772153, -2.8708806839016736, -1.6986619530451232, -3.096686846103929, -2.457458820111693, -2.3818598364514, -2.769103602132219, -2.37097035464844, -4.007443206316679, -3.655646651040641, -1.6366595545607674, -2.2129410630835067, -2.2905927566116997, -2.1135712890988394, -2.8084440970528792, -2.5971806316894854, -2.1324536790026785, -3.900386718529222, -2.273998285467976, -3.2094687193812463, -3.107191080785051, -2.146660347550939, -2.1378136944358914, -3.5388394898589013, -2.3717131981247586, -1.7450201456175325, -1.8896196545441533, -2.238682628867499, -2.250009237490084, -2.2723995371258927, -3.0444795710702146], "avg_wait": [4.136005625879044, 4.053382641558399, 3.8149032712500204, 3.9899304709456276, 4.1061354861929065, 3.8982785677683833, 4.170390418340355, 3.6136968085106385, 3.9681544585214312, 3.753285770711958, 3.63703867222631, 3.8244911870678746, 4.346435071105313, 3.64359627633513, 4.290352071581404, 4.1692119026735535, 4.119889217253686, 3.604622447626624, 3.7537918565484447, 3.8129564946458734, 135.24983584763885, 18.421885614809785, 112.46048840559506, 27.269992104112912, 36.938768101697136, 33.444440852393654, 36.20162483399734, 27.633230917402567, 98.84434417227713, 70.11762677484786, 20.94015551333474, 168.45235800438596, 9.428598554453021, 11.32179675666043, 120.97301612579774, 9.92701854022056, 14.14805798767725, 21.530995947872988, 9.16913722364887, 27.96191132840249, 28.852226041580384, 40.243915932079986, 84.67910516775792, 11.00066292974589, 21.958558616089803, 22.755668796903496, 12.754291505762943, 27.65531035245641, 38.665573351172675, 8.696197206418015, 9.468723442322316, 8.806030964321753, 8.96664211747902, 9.640962298456776, 7.292302185667505, 10.94983150800337, 18.9056378331149, 15.824122979038656, 4.107054703674948, 42.31339491031734, 4.781210552386431, 22.450187428538346, 9.050703320944006, 5.424445803154297, 11.539980642491946, 3.8104241352780366, 12.026689786181304, 8.767528540620427, 7.967215794389707, 21.496567637322563, 9.605599605787752, 4.2370255685050635, 7.198772710589099, 7.538270233439982, 4.130238374556001, 4.714491030065603, 4.673415971506233, 21.712968951229072, 6.0144751528871705, 3.9916617420138545, 3.6683607654877375, 4.261817068651618, 3.699552015519169, 9.017191055256694, 6.7475537276531, 3.678189806390269, 13.315935435895193, 4.463584208479191, 19.107610831126678, 5.372226099092813, 4.328503847711625, 4.149874785170636, 5.267073853636684, 4.349892736500008, 4.736827486072314, 5.627803612666478, 4.494642127791664, 4.23957144946614, 4.442433318722706, 4.050794500981968], "peak_fleet": [15.0, 16.0, 17.0, 16.0, 17.0, 17.0, 16.0, 16.0, 17.0, 17.0, 17.0, 15.0, 16.0, 16.0, 16.0, 16.0, 16.0, 16.0, 15.0, 15.0, 16.0, 14.0, 18.0, 13.0, 12.0, 15.0, 15.0, 15.0, 16.0, 14.0, 12.0, 10.0, 15.0, 14.0, 17.0, 15.0, 15.0, 13.0, 15.0, 14.0, 14.0, 12.0, 16.0, 15.0, 14.0, 15.0, 14.0, 15.0, 12.0, 15.0, 16.0, 16.0, 15.0, 15.0, 16.0, 15.0, 15.0, 14.0, 15.0, 13.0, 15.0, 14.0, 17.0, 15.0, 15.0, 15.0, 14.0, 16.0, 16.0, 15.0, 16.0, 15.0, 16.0, 15.0, 16.0, 16.0, 15.0, 16.0, 16.0, 15.0, 16.0, 16.0, 16.0, 16.0, 15.0, 16.0, 17.0, 16.0, 15.0, 16.0, 15.0, 16.0, 16.0, 16.0, 15.0, 15.0, 16.0, 16.0, 16.0, 17.0],