{
 "exp": "H_hiro_no_csbapr",
 "seed": 456,
 "ep": 49,
 "wait_mean": 7.449599999999999,
 "wait_std": 2.342607871582438,
 "cv_mean": 0.6000650000000001,
 "cv_std": 0.16378228315358168,
 "overshoot_mean": 2.65,
 "overshoot_std": 0.5722761571129799,
 "composite_mean": 2.0230355311355313,
 "composite_std": 0.47474179896570773,
 "n_eps": 20,
 "wall_s": 221.0
}