{
 "exp": "H_hiro_no_csbapr",
 "seed": 123,
 "ep": 149,
 "wait_mean": 5.502599999999999,
 "wait_std": 2.3779836710961666,
 "cv_mean": 0.4820100000000001,
 "cv_std": 0.0714138845043455,
 "overshoot_mean": 1.65,
 "overshoot_std": 1.3143439428094914,
 "composite_mean": 1.5000218315018317,
 "composite_std": 0.5696805821309443,
 "n_eps": 20,
 "wall_s": 207.5
}