{
 "exp": "H_hiro_no_csbapr",
 "seed": 42,
 "ep": 299,
 "wait_mean": 6.14345,
 "wait_std": 2.0137666566660597,
 "cv_mean": 0.5611899999999999,
 "cv_std": 0.09919938457470388,
 "overshoot_mean": 2.35,
 "overshoot_std": 0.9630680142129111,
 "composite_mean": 1.792563388278388,
 "composite_std": 0.5626584766288609,
 "n_eps": 20,
 "wall_s": 233.1
}