{
 "exp": "H_hiro_no_csbapr",
 "seed": 42,
 "ep": 199,
 "wait_mean": 6.2528,
 "wait_std": 3.614286742913462,
 "cv_mean": 0.527065,
 "cv_std": 0.0682920147235385,
 "overshoot_mean": 1.85,
 "overshoot_std": 1.2757350822173072,
 "composite_mean": 1.6675785164835162,
 "composite_std": 0.6816384358615261,
 "n_eps": 20,
 "wall_s": 222.7
}