{
 "exp": "H_hiro_no_csbapr",
 "seed": 123,
 "ep": 199,
 "wait_mean": 6.0081500000000005,
 "wait_std": 2.403453604191269,
 "cv_mean": 0.518445,
 "cv_std": 0.06775656776283757,
 "overshoot_mean": 1.85,
 "overshoot_std": 1.2757350822173072,
 "composite_mean": 1.6344935164835168,
 "composite_std": 0.5605786241122692,
 "n_eps": 20,
 "wall_s": 223.6
}