{
 "exp": "H_hiro_no_csbapr",
 "seed": 456,
 "ep": 149,
 "wait_mean": 5.92695,
 "wait_std": 2.9500434314599504,
 "cv_mean": 0.52974,
 "cv_std": 0.07250940214896273,
 "overshoot_mean": 1.55,
 "overshoot_std": 1.3955285736952865,
 "composite_mean": 1.5830439743589744,
 "composite_std": 0.6448362391162813,
 "n_eps": 20,
 "wall_s": 221.1
}