{
 "exp": "H_hiro_no_csbapr",
 "seed": 42,
 "ep": 249,
 "wait_mean": 5.700949999999999,
 "wait_std": 1.7352410632243578,
 "cv_mean": 0.5484099999999998,
 "cv_std": 0.08243254757679154,
 "overshoot_mean": 1.95,
 "overshoot_std": 1.2835497652993435,
 "composite_mean": 1.6636835714285716,
 "composite_std": 0.5099364904146666,
 "n_eps": 20,
 "wall_s": 229.4
}