{
 "exp": "H_hiro_no_csbapr",
 "seed": 123,
 "ep": 249,
 "wait_mean": 6.264449999999999,
 "wait_std": 4.030323491669123,
 "cv_mean": 0.504915,
 "cv_std": 0.08774684766417537,
 "overshoot_mean": 1.7,
 "overshoot_std": 1.3820274961085255,
 "composite_mean": 1.627912197802198,
 "composite_std": 0.7025867776825598,
 "n_eps": 20,
 "wall_s": 215.3
}