{
 "exp": "H_hiro_no_csbapr",
 "seed": 42,
 "ep": 99,
 "wait_mean": 6.2949,
 "wait_std": 2.509870393068136,
 "cv_mean": 0.47445000000000004,
 "cv_std": 0.07686827368947478,
 "overshoot_mean": 1.65,
 "overshoot_std": 1.388344337691482,
 "composite_mean": 1.5876258974358977,
 "composite_std": 0.5502367519751192,
 "n_eps": 20,
 "wall_s": 212.1
}