{
 "exp": "H_hiro_no_csbapr",
 "seed": 456,
 "ep": 99,
 "wait_mean": 6.76695,
 "wait_std": 2.2431291642480153,
 "cv_mean": 0.5148899999999998,
 "cv_std": 0.13409751265403844,
 "overshoot_mean": 2.25,
 "overshoot_std": 1.0428326807307104,
 "composite_mean": 1.7874229120879122,
 "composite_std": 0.5827554347065875,
 "n_eps": 20,
 "wall_s": 224.4
}