{
 "exp": "H_hiro_no_csbapr",
 "seed": 123,
 "ep": 99,
 "wait_mean": 5.37105,
 "wait_std": 1.7033627175384578,
 "cv_mean": 0.4665800000000001,
 "cv_std": 0.09214103646041756,
 "overshoot_mean": 1.55,
 "overshoot_std": 1.3955285736952865,
 "composite_mean": 1.4642939743589747,
 "composite_std": 0.5691911455972833,
 "n_eps": 20,
 "wall_s": 201.2
}