{
 "exp": "H_hiro_no_csbapr",
 "seed": 42,
 "ep": 149,
 "wait_mean": 7.190199999999999,
 "wait_std": 3.784647666560257,
 "cv_mean": 0.5288800000000001,
 "cv_std": 0.1220848827660493,
 "overshoot_mean": 1.9,
 "overshoot_std": 1.3,
 "composite_mean": 1.7823642857142858,
 "composite_std": 0.7577368655860954,
 "n_eps": 20,
 "wall_s": 224.5
}