{
 "exp": "H_hiro_no_csbapr",
 "seed": 456,
 "ep": 199,
 "wait_mean": 5.6662,
 "wait_std": 3.8002395003473137,
 "cv_mean": 0.55621,
 "cv_std": 0.10366802737585008,
 "overshoot_mean": 1.85,
 "overshoot_std": 1.2757350822173072,
 "composite_mean": 1.6380635164835167,
 "composite_std": 0.7051951974068391,
 "n_eps": 20,
 "wall_s": 232.5
}