{
 "exp": "H_hiro_no_csbapr",
 "seed": 456,
 "ep": 249,
 "wait_mean": 6.1569,
 "wait_std": 1.7353205438765484,
 "cv_mean": 0.56005,
 "cv_std": 0.10955478309959814,
 "overshoot_mean": 1.85,
 "overshoot_std": 1.2757350822173072,
 "composite_mean": 1.6909735164835165,
 "composite_std": 0.5458933165796501,
 "n_eps": 20,
 "wall_s": 229.8
}