{
 "exp": "H_hiro_no_csbapr",
 "seed": 123,
 "ep": 49,
 "wait_mean": 5.42415,
 "wait_std": 1.3400662772788514,
 "cv_mean": 0.44326499999999996,
 "cv_std": 0.07600758037853857,
 "overshoot_mean": 1.5,
 "overshoot_std": 1.4317821063276353,
 "composite_mean": 1.4424428205128204,
 "composite_std": 0.5091930907162839,
 "n_eps": 20,
 "wall_s": 204.4
}