{
 "exp": "H_hiro_no_csbapr",
 "seed": 123,
 "ep": 299,
 "wait_mean": 7.439849999999998,
 "wait_std": 4.2447043981295085,
 "cv_mean": 0.5417100000000001,
 "cv_std": 0.11928402198115219,
 "overshoot_mean": 2.0,
 "overshoot_std": 1.140175425099138,
 "composite_mean": 1.8183094688644688,
 "composite_std": 0.680927908445643,
 "n_eps": 20,
 "wall_s": 220.2
}