{
 "exp": "H_hiro_no_csbapr",
 "seed": 42,
 "ep": 49,
 "wait_mean": 6.022749999999999,
 "wait_std": 2.3072287462451575,
 "cv_mean": 0.46084,
 "cv_std": 0.06822795907837197,
 "overshoot_mean": 1.55,
 "overshoot_std": 1.3955285736952865,
 "composite_mean": 1.5237239743589743,
 "composite_std": 0.6270200727745845,
 "n_eps": 20,
 "wall_s": 212.5
}