{
 "exp": "H_hiro_no_csbapr",
 "seed": 456,
 "ep": 299,
 "wait_mean": 6.5779,
 "wait_std": 1.813137223157696,
 "cv_mean": 0.540625,
 "cv_std": 0.10866669625510844,
 "overshoot_mean": 1.9,
 "overshoot_std": 1.2206555615733703,
 "composite_mean": 1.7169818498168499,
 "composite_std": 0.5482555830465132,
 "n_eps": 20,
 "wall_s": 222.2
}