timestamp,event_type,side,price,size,order_id
34200.004241176,add,bid,585.33,18.0,16113575
34200.025551909,add,ask,585.91,18.0,16120456
34200.201743336,cancel,ask,585.91,18.0,16120456
34200.201780978,cancel,ask,585.92,18.0,16120480
34200.205573445,add,bid,585.36,18.0,16167159
34200.271739507,add,bid,585.73,20.0,3647217
34200.271739507,add,ask,585.74,40.0,5740544
34200.275016159,trade,ask,585.74,40.0,5740544
34200.275016159,trade,ask,585.75,25.0,3570647
34200.275057494,trade,bid,585.73,1.0,3647217
34200.275063291,trade,bid,585.73,10.0,3647217
34200.275072491,trade,ask,585.75,25.0,3570647
34200.275072491,trade,ask,585.75,5.0,3647221
34200.275072491,trade,ask,585.75,7.0,3647222
34200.275072491,trade,ask,585.75,20.0,5230851
34200.275072491,trade,ask,585.78,25.0,1373927
34200.275072491,trade,ask,585.78,20.0,1601225
34200.275072491,trade,ask,585.79,100.0,hidden_17
34200.275072491,trade,ask,585.8,4.0,2606421
34200.275072491,trade,ask,585.82,5.0,1364835
34200.275072491,trade,ask,585.83,7.0,7277867
34200.275072491,trade,ask,585.9,3.0,hidden_21
34200.275072491,trade,ask,585.9,200.0,hidden_22
34200.275072491,trade,ask,585.91,1.0,hidden_23
34200.275072491,trade,ask,585.92,1.0,hidden_24
34200.275072491,trade,ask,585.92,300.0,hidden_25
34200.275072491,trade,ask,585.93,37.0,16166035
34200.275123235,add,bid,585.74,50.0,16182649
34200.28039589,add,bid,585.77,18.0,16183794
34200.347390612,add,ask,585.93,100.0,16196199
34200.358687488,trade,ask,585.93,4.0,16166035
34200.417746832,trade,bid,585.77,18.0,16183794
34200.417746832,trade,bid,585.73,9.0,3647217
34200.417746832,trade,bid,585.72,23.0,hidden_33
34200.418943908,trade,bid,585.72,77.0,hidden_34
34200.418943908,trade,bid,585.7,23.0,2109823
34200.419089711,add,ask,585.92,18.0,16211220
34200.459503459,cancel,bid,585.7,100.0,16186225
34200.610751386,cancel,ask,585.92,18.0,16211220
34200.701389248,add,ask,585.87,100.0,16265573
34200.763059946,trade,bid,585.7,1.0,2109823
34200.833761339,add,bid,585.7,100.0,16284218
34200.834524603,cancel,bid,585.7,100.0,16284218
34200.887406162,trade,ask,585.86,47.0,hidden_43
34200.887488522,add,bid,585.7,18.0,16291236
34200.887548747,add,bid,585.71,18.0,16291244
34200.911977878,add,bid,585.74,100.0,16294463
34201.00965512,trade,bid,585.75,200.0,hidden_47
34201.00965512,trade,bid,585.75,300.0,hidden_48
34201.011352575,trade,bid,585.74,100.0,16294463
34201.014980201,trade,bid,585.7,26.0,2109823
34201.015080514,trade,bid,585.69,20.0,3237773
34201.015180053,add,bid,585.66,18.0,16310817
34201.043832887,add,bid,585.69,18.0,16316688
34201.171271698,cancel,bid,585.69,18.0,16316688
34201.17297637,trade,bid,585.65,5.0,3583158
34201.17297637,trade,bid,585.64,20.0,3647220
34201.17297637,trade,bid,585.6,3.0,4731250
34201.17297637,trade,bid,585.59,15.0,3647224
34201.17297637,trade,bid,585.55,1.0,4725584
34201.17297637,trade,bid,585.5,9.0,2118573
34201.17297637,trade,bid,585.5,5.0,3562118
34201.17297637,trade,bid,585.5,25.0,9480911
34201.17297637,trade,bid,585.5,17.0,hidden_63
34201.173094452,add,ask,585.87,18.0,16337399
34201.1731408,add,ask,585.86,5.0,16337407
34201.173141799,add,ask,585.86,13.0,16337408
34201.173174928,add,bid,585.48,18.0,16337414
34201.17320583,add,ask,585.84,18.0,16337423
34201.183611554,trade,bid,585.5,53.0,hidden_69
34201.183713008,add,bid,585.49,15.0,16338748
34201.188030854,trade,bid,585.5,20.0,hidden_71
34201.188124042,add,ask,585.83,15.0,16339418
34201.384238778,cancel,bid,585.49,15.0,16338748
34201.39750588,add,ask,585.8,100.0,16365896
34201.536315252,add,ask,585.77,18.0,16380157
34201.732217592,add,bid,585.47,18.0,16396043
34201.73236517,cancel,ask,585.77,18.0,16380157
34201.732368385,cancel,ask,585.78,18.0,16380182
34201.732392812,cancel,ask,585.8,18.0,16380190
34201.840762287,add,ask,585.77,18.0,16402634
34202.030342281,trade,bid,585.47,18.0,16396043
34202.030342281,trade,bid,585.46,5.0,16396051
34202.030342281,trade,bid,585.45,77.0,hidden_83
34202.030451996,add,ask,585.76,13.0,16415481
34202.034349986,add,ask,585.73,18.0,16415792
34202.179737249,trade,bid,585.46,200.0,hidden_86
34202.255253777,trade,bid,585.45,4.0,hidden_87
34202.255253777,trade,bid,585.45,26.0,hidden_88
34202.255342116,add,ask,585.73,18.0,16445672
34202.25538437,add,ask,585.72,10.0,16445684
34202.255391393,add,ask,585.72,8.0,16445687
34202.255445644,add,ask,585.72,18.0,16445707
34202.269697512,add,bid,585.44,100.0,16449896
34202.272992647,cancel,bid,585.44,100.0,16449896
34202.383613299,cancel,ask,585.72,8.0,16445687
34202.383614811,cancel,ask,585.72,18.0,16445707
34202.383643886,cancel,ask,585.72,10.0,16445684
34202.491574399,add,bid,585.69,100.0,16479076
34202.491899451,cancel,bid,585.69,100.0,16479076
34202.565551981,add,ask,585.77,18.0,16486693
34202.579213337,add,bid,585.47,100.0,16488533
34202.682315289,add,ask,585.74,18.0,16497956
34202.682720418,add,ask,585.71,18.0,16497983
34202.737723008,add,ask,585.71,100.0,16502634
34202.75688423,add,ask,585.68,18.0,16504889
34203.011800486,cancel,bid,585.47,100.0,16488533
34203.011926972,trade,ask,585.68,18.0,16504889
34203.011926972,trade,ask,585.69,16.0,16504892
34203.011926972,add,bid,585.7,66.0,16527925
34203.012001355,cancel,ask,585.71,18.0,16497983
34203.012050158,trade,bid,585.7,66.0,16527925
34203.012287906,add,bid,585.45,18.0,16527982
34203.08949192,add,ask,585.68,18.0,16535218
34203.122241619,add,bid,585.46,10.0,16538191
34203.132689191,add,ask,585.65,12.0,16539283
34203.295569158,trade,ask,585.65,12.0,16539283
34203.295569158,trade,ask,585.68,18.0,16535218
34203.295665697,add,bid,585.46,18.0,16554356
34203.295825553,cancel,ask,585.69,18.0,16535225
34203.295826267,cancel,ask,585.71,18.0,16535234
34203.324279569,trade,ask,585.7,26.0,hidden_121
34203.324279569,trade,ask,585.7,44.0,hidden_122
34203.32437532,add,bid,585.47,10.0,16556599
34203.407470515,add,ask,585.68,18.0,16563530
34203.600207608,cancel,bid,585.47,10.0,16556599
34203.600228364,cancel,ask,585.68,18.0,16563530
34203.600245629,cancel,ask,585.7,18.0,16563538
34203.954770435,add,bid,585.45,18.0,16617159
34204.105356795,add,bid,585.47,18.0,16632807
34204.127697885,cancel,ask,585.71,100.0,16502634
34204.328788797,add,ask,585.79,16.0,16655686
34204.328940476,cancel,bid,585.47,18.0,16632807
34204.328981067,cancel,bid,585.46,2.0,16632813
34204.36362978,add,bid,585.47,18.0,16658480
34204.398386311,add,ask,585.76,18.0,16661173
34204.56766787,cancel,bid,585.47,18.0,16658480
34204.567694597,cancel,bid,585.45,2.0,16658486
34204.567732501,cancel,ask,585.76,18.0,16661173
34204.570825637,add,ask,585.79,16.0,16675424
34204.576711342,add,bid,585.47,100.0,16675936
34204.577104419,add,ask,585.68,900.0,16675969
34204.62133869,add,ask,585.67,18.0,16679201
34204.894275109,add,bid,585.5,18.0,16704576
34204.894471165,cancel,ask,585.67,18.0,16679201
34205.175095396,trade,ask,585.68,50.0,16675969
34205.175277367,cancel,bid,585.5,18.0,16704576
34205.175293104,cancel,bid,585.49,18.0,16704590
34205.175294192,cancel,bid,585.48,2.0,16704592
34205.181076298,add,ask,585.68,100.0,16730960
34205.308995297,add,ask,585.65,18.0,16746392
34205.388462148,add,ask,585.65,100.0,16752894
34205.734539337,trade,ask,585.65,18.0,16746392
34205.734539337,trade,ask,585.65,63.0,16752894
34205.765156633,trade,ask,585.65,37.0,16752894
34205.765156633,trade,ask,585.68,263.0,16675969
34205.765257746,add,bid,585.47,18.0,16779043
34205.765316823,add,bid,585.48,14.0,16779073
34205.766878478,trade,ask,585.68,132.0,16675969
34205.768387095,trade,ask,585.68,59.0,16675969
34205.771753648,add,ask,585.67,18.0,16781704
34206.290141263,add,bid,585.48,7.0,16818091
34206.290260156,cancel,bid,585.48,14.0,16779073
34206.290261072,cancel,ask,585.67,18.0,16781704
34206.290892881,add,bid,585.48,53.0,16818125
34206.29123036,add,bid,585.48,52.0,16818137
34206.291527335,add,bid,585.48,1.0,16818156
34206.291814072,add,bid,585.48,5.0,16818175
34206.291925675,add,bid,585.48,45.0,16818181
34206.29195232,add,bid,585.48,39.0,16818182
34206.292254316,add,bid,585.48,27.0,16818198
34206.801157647,add,ask,585.66,18.0,16841958
34206.965352065,trade,bid,585.58,100.0,hidden_172
34206.965510203,cancel,ask,585.66,18.0,16841958
34208.041353062,add,ask,585.68,2.0,16898660
34208.48306653,add,bid,585.49,100.0,16914630
34209.21194364,add,bid,585.49,42.0,16939575
34209.477500287,add,ask,585.68,320.0,16948611
34209.481087627,add,ask,585.68,320.0,16948722
34209.489945829,trade,ask,585.68,225.0,16675969
34209.494770026,add,bid,585.49,67.0,16949037
34209.506557426,cancel,ask,585.68,320.0,16948611
34209.522721597,add,ask,585.68,320.0,16949716
34209.54252448,trade,ask,585.68,28.0,16675969
34209.542622307,add,bid,585.5,18.0,16950346
34209.780716781,trade,bid,585.5,18.0,16950346
34209.780716781,trade,bid,585.49,100.0,16914630
34209.780716781,trade,bid,585.49,42.0,16939575
34209.780716781,trade,bid,585.49,40.0,16949037
34209.780806936,add,ask,585.68,18.0,16957682
34209.780840766,add,ask,585.67,18.0,16957685
34209.784078285,trade,bid,585.5,44.0,hidden_191
34209.784078285,trade,bid,585.49,27.0,16949037
34209.786185996,trade,bid,585.48,39.0,16818182
34209.786185996,trade,bid,585.48,27.0,16818198
34209.786185996,trade,bid,585.47,34.0,16675936
34209.786266076,add,ask,585.66,2.0,16958115
34209.801542957,cancel,bid,585.47,66.0,16675936
34209.808502833,add,bid,585.49,66.0,16958771
34209.828774041,trade,bid,585.49,66.0,16958771
34209.828774041,trade,bid,585.44,34.0,16249592
34209.829435704,add,ask,585.66,169.0,16959555
34209.830562764,cancel,ask,585.66,169.0,16959555
34209.831705108,add,ask,585.66,169.0,16959614
34209.832801235,cancel,ask,585.66,169.0,16959614
34209.833894341,add,ask,585.66,169.0,16959673
34209.834919765,cancel,ask,585.66,169.0,16959673
34210.047332639,add,bid,585.47,18.0,16972144
34210.047460295,cancel,ask,585.66,2.0,16958115
34210.131535502,add,ask,585.65,18.0,16979328
34210.241247257,cancel,bid,585.47,18.0,16972144
34210.241257287,cancel,bid,585.46,4.0,16972157
34210.526792927,cancel,ask,585.65,18.0,16979328
34210.526810312,cancel,ask,585.68,18.0,16979339
34210.632267021,add,ask,585.66,18.0,17011325
34210.756845815,add,ask,585.66,320.0,17020774
34210.75693317,cancel,ask,585.66,18.0,17011325
34210.847553594,add,ask,585.63,18.0,17026393
34210.868110685,add,ask,585.63,320.0,17027766
34210.90226879,add,ask,585.61,14.0,17029589
34210.908120663,add,ask,585.61,320.0,17030071
34211.00434466,trade,bid,585.44,16.0,16249592
34211.146132928,cancel,bid,585.44,50.0,16249592
34211.146282398,cancel,ask,585.61,14.0,17029589
34211.226849977,add,ask,585.58,18.0,17047419
34211.33328328,trade,bid,585.4,50.0,13419503
34211.334948467,trade,bid,585.38,20.0,3790155
34211.334948467,trade,bid,585.38,2.0,4725582
34211.388089305,cancel,ask,585.58,18.0,17047419
34211.388104371,cancel,ask,585.61,18.0,17047425
34211.439240606,add,ask,585.58,100.0,17055489
34211.506656257,add,ask,585.58,320.0,17057352
34211.683403235,add,ask,585.56,320.0,17065496
34212.052057667,add,ask,585.54,18.0,17077786
34212.053609867,add,ask,585.54,320.0,17077932
34212.057109841,add,ask,585.52,18.0,17078173
34212.05824151,add,ask,585.52,320.0,17078284
34212.08008559,add,ask,585.39,143.0,17079484
34212.080208915,trade,ask,585.39,143.0,17079484
34212.080287308,add,bid,585.39,1.0,17079499
34212.081038785,add,ask,585.52,320.0,17079564
34212.08134726,cancel,ask,585.52,320.0,17078284
34212.095970517,trade,bid,585.39,1.0,17079499
34212.267055429,add,ask,585.51,320.0,17090001
34212.555647156,add,ask,585.5,27.0,17099848
34212.557195301,add,ask,585.5,320.0,17099873
34212.582853636,cancel,ask,585.5,27.0,17099848
34212.607269431,trade,bid,585.36,5.0,12695153
34213.897096657,add,ask,585.43,320.0,17132504
34214.181766435,trade,ask,585.42,100.0,hidden_249
34214.181907793,add,bid,585.31,18.0,17140921
34214.313574215,add,ask,585.42,320.0,17144557
34214.313671934,cancel,bid,585.31,18.0,17140921
34214.313672671,cancel,bid,585.3,4.0,17140924
34215.089261118,add,bid,585.36,100.0,17166135
34215.204460371,trade,ask,585.41,31.0,hidden_255
34215.204460371,trade,ask,585.41,200.0,hidden_256
34215.204460371,trade,ask,585.42,69.0,17144557
34215.222056281,trade,ask,585.42,251.0,17144557
34215.222997296,add,ask,585.43,251.0,17172314
34215.223443124,cancel,ask,585.43,251.0,17172314
34217.169719861,cancel,ask,585.54,100.0,17082021
34217.169871376,add,ask,585.57,100.0,17248317
34217.205484251,add,bid,585.36,18.0,17249867
34217.205625508,trade,ask,585.55,12.0,hidden_264
34217.205625508,trade,ask,585.57,88.0,17248317
34217.205639049,trade,ask,585.57,12.0,17248317
34217.205745954,add,bid,585.37,4.0,17250016
34217.205932482,trade,ask,585.58,100.0,17055489
34217.206561301,add,ask,585.58,59.0,17250485
34217.20671967,trade,ask,585.58,59.0,17250485
34217.20671967,trade,ask,585.61,100.0,hidden_271
34217.224371313,trade,bid,585.62,100.0,hidden_272
34218.299262015,trade,ask,585.52,100.0,hidden_273
34218.299262015,trade,ask,585.57,11.0,hidden_274
34218.299372333,add,ask,585.67,18.0,17293774
34218.457787528,add,ask,585.64,18.0,17300494
34218.457910779,cancel,bid,585.37,4.0,17250016
34219.279164832,add,ask,585.64,18.0,17324274
34219.320087956,add,ask,585.63,18.0,17325121
34219.517076244,trade,bid,585.47,45.0,hidden_280
34219.517076244,trade,bid,585.45,11.0,hidden_281
34219.517076244,trade,bid,585.44,100.0,hidden_282
34219.517076244,add,ask,585.44,44.0,17329817
34219.51720018,trade,ask,585.44,44.0,17329817
34219.517301103,cancel,ask,585.63,18.0,17325121
34219.517343909,add,ask,585.62,18.0,17329859
34219.517476892,cancel,ask,585.62,18.0,17329859
34219.517746191,trade,bid,585.45,100.0,hidden_288
34219.517830407,add,ask,585.68,18.0,17329912
34219.517859255,add,ask,585.67,18.0,17329915
34219.517901648,add,ask,585.65,8.0,17329922
34219.524768526,add,bid,585.36,18.0,17331198
34219.530966388,add,ask,585.65,18.0,17332747
34219.54078667,add,ask,585.62,18.0,17334022
34220.114770695,add,bid,585.41,100.0,17354342
34220.270330299,add,ask,585.61,14.0,17359068
34221.023828585,add,ask,585.58,18.0,17382133
34222.480233188,trade,bid,585.41,100.0,17354342
34222.480409206,cancel,ask,585.58,18.0,17382133
34222.480410913,cancel,ask,585.61,14.0,17359068
34222.480429642,cancel,ask,585.61,18.0,17382136
34222.670364787,add,bid,585.4,100.0,17433600
34223.052028151,trade,ask,585.51,100.0,hidden_303
34223.052115679,add,bid,585.4,18.0,17443748
34223.052156873,add,bid,585.41,4.0,17443753
34223.064575892,add,bid,585.43,35.0,17444108
34223.272801653,trade,bid,585.44,100.0,hidden_307
34223.272881711,add,ask,585.68,18.0,17451852
34223.272916778,add,ask,585.67,18.0,17451856
34224.087987753,cancel,ask,585.67,18.0,17451856
34224.087990258,cancel,ask,585.68,18.0,17451852
34225.019786766,add,bid,585.46,18.0,17494351
34226.365420435,cancel,bid,585.46,18.0,17494351
34226.452728871,cancel,bid,585.43,35.0,17444108
34226.533704582,add,ask,585.65,18.0,17537269
34226.826003805,cancel,ask,585.65,18.0,17537269
34226.826009596,cancel,ask,585.66,18.0,17537270
34226.826010048,cancel,ask,585.68,18.0,17537272
34226.974302106,add,ask,585.65,18.0,17547517
34227.437330595,add,bid,585.47,100.0,17564371
34227.437468645,cancel,ask,585.65,18.0,17547517
34227.43746982,cancel,ask,585.66,18.0,17547518
34227.449996974,add,ask,585.65,18.0,17564594
34227.595283027,add,ask,585.64,14.0,17572155
34227.608626385,add,bid,585.5,18.0,17573984
34227.731684828,add,bid,585.53,6.0,17592758
34227.731849051,cancel,ask,585.64,14.0,17572155
34227.732213652,trade,ask,585.68,2.0,16898660
34227.732521213,add,bid,585.53,4.0,17593372
34227.732533703,add,ask,585.79,18.0,17593380
34228.069592024,trade,ask,585.64,100.0,hidden_331
34228.069763888,cancel,ask,585.79,18.0,17593380
34228.07636131,trade,bid,585.64,100.0,hidden_333
34228.076445351,add,ask,585.8,18.0,17630168
34228.076486999,add,bid,585.54,18.0,17630174
34228.977296262,add,ask,585.79,10.0,17664948
34228.977434098,cancel,bid,585.54,18.0,17630174
34228.977444304,cancel,bid,585.53,6.0,17592758
34228.977445276,cancel,bid,585.53,4.0,17593372
34229.468992439,add,bid,585.5,18.0,17682589
34229.469103907,cancel,ask,585.79,10.0,17664948
34229.482287293,add,ask,585.77,18.0,17682924
34229.582360137,cancel,bid,585.5,18.0,17682589
34229.582361218,cancel,bid,585.49,8.0,17682594
34229.950358396,add,bid,585.49,18.0,17696306
34229.950512807,cancel,ask,585.77,18.0,17682924
34229.950532951,cancel,ask,585.79,18.0,17682935
34229.950534712,cancel,ask,585.8,18.0,17682934
34229.984817677,add,ask,585.77,18.0,17698596
34230.185672925,add,bid,585.5,70.0,17708793
34230.185809299,cancel,ask,585.77,18.0,17698596
34230.185823624,cancel,ask,585.78,18.0,17698599
34230.185824209,cancel,ask,585.79,18.0,17698600
34230.26534354,add,bid,585.52,8.0,17712744
34230.352536659,add,ask,585.77,18.0,17715324
34231.363620767,add,bid,585.55,18.0,17746960
34231.364322465,cancel,ask,585.77,18.0,17715324
34231.364345473,cancel,ask,585.78,18.0,17715329
34231.364359872,cancel,ask,585.8,18.0,17715338
34231.437453602,add,ask,585.78,18.0,17753844
34231.74844703,add,ask,585.77,18.0,17766530
34231.748574392,cancel,bid,585.55,18.0,17746960
34231.748576687,cancel,bid,585.52,8.0,17712744
34231.780273498,add,bid,585.52,100.0,17767360
34232.493236945,add,bid,585.53,18.0,17789587
34232.493421468,cancel,ask,585.77,18.0,17766530
34232.507320896,add,ask,585.77,18.0,17790217
34232.799204526,cancel,bid,585.53,18.0,17789587
34232.799220946,cancel,ask,585.77,18.0,17790217
34233.00537675,add,ask,585.77,18.0,17804761
34233.465320818,cancel,bid,585.52,100.0,17767360
34233.465445276,cancel,ask,585.77,18.0,17804761
34233.465464358,cancel,ask,585.8,18.0,17804769
34233.465868311,add,bid,585.53,18.0,17825130
34233.612153047,add,ask,585.77,18.0,17830372
34233.612319978,cancel,bid,585.53,18.0,17825130
34233.615478295,add,ask,585.74,12.0,17830943
34233.75039403,add,bid,585.53,18.0,17835363
34233.750574073,cancel,ask,585.74,12.0,17830943
34233.750602162,cancel,ask,585.79,18.0,17830380
34233.868678023,add,ask,585.77,18.0,17838491
34233.868847613,cancel,bid,585.53,18.0,17835363
34233.868862593,cancel,bid,585.52,8.0,17835367
34234.093000057,add,ask,585.74,12.0,17848351
34234.13930768,add,bid,585.53,18.0,17850111
34234.279409487,add,ask,585.72,18.0,17859734
34234.27957654,cancel,bid,585.53,18.0,17850111
34234.27959842,cancel,bid,585.52,8.0,17850115
34234.355328435,trade,ask,585.72,18.0,17859734
34234.355328435,trade,ask,585.74,12.0,17848351
34234.355328435,trade,ask,585.74,13.0,17859746
34234.35541262,add,bid,585.55,100.0,17865030
34234.385614796,trade,ask,585.74,5.0,17859746
34234.385614796,trade,ask,585.76,86.0,hidden_394
34234.385689697,add,bid,585.55,15.0,17866294
34234.385699607,add,bid,585.56,100.0,17866295
34234.412403907,add,bid,585.57,18.0,17867721
34234.541390391,cancel,bid,585.57,18.0,17867721
34234.541406557,cancel,bid,585.55,15.0,17866294
34234.554420572,add,bid,585.53,16.0,17872089
34234.742684923,add,ask,585.77,18.0,17878558
34234.742826285,cancel,bid,585.53,16.0,17872089
34234.74283818,cancel,bid,585.5,18.0,17872093
34234.754309814,add,bid,585.53,18.0,17879081
34235.438953097,cancel,ask,585.77,18.0,17878558
34235.438959651,cancel,ask,585.79,2.0,17878563
34235.438965836,cancel,bid,585.53,18.0,17879081
34235.438967018,cancel,bid,585.52,18.0,17879083
34235.438978997,cancel,bid,585.5,16.0,17879087
34235.62807555,add,bid,585.53,12.0,17908561
34235.707574115,add,ask,585.77,18.0,17910678
34235.925124202,add,bid,585.56,18.0,17918246
34235.925284415,cancel,ask,585.77,18.0,17910678
34235.925285075,cancel,ask,585.78,18.0,17910701
34235.953491973,add,ask,585.79,18.0,17919096
34235.955210636,add,ask,585.74,100.0,17919178
34236.957173349,cancel,bid,585.56,18.0,17918246
34237.023415106,add,bid,585.54,18.0,17947447
34237.295363936,add,ask,585.73,100.0,17957381
34237.295497905,cancel,bid,585.54,18.0,17947447
34237.295501279,cancel,bid,585.52,18.0,17947453
34237.295515346,cancel,bid,585.51,12.0,17947454
34237.32873423,add,bid,585.54,12.0,17958344
34238.003059067,cancel,bid,585.54,12.0,17958344
34238.003090749,cancel,bid,585.53,18.0,17958347
34238.384242822,add,bid,585.54,18.0,17997929
34239.262268134,trade,bid,585.54,18.0,17997929
34239.262348214,add,ask,585.73,18.0,18022350
34239.262395866,add,ask,585.72,18.0,18022357
34239.262524039,cancel,bid,585.53,18.0,17997934
34239.721464369,add,ask,585.69,18.0,18033051
34240.594933429,trade,bid,585.54,5.0,hidden_432
34242.084995031,trade,bid,585.56,25.0,hidden_433
34242.085607821,trade,bid,585.56,25.0,hidden_434
34242.085607821,trade,bid,585.54,175.0,hidden_435
34242.087302783,trade,bid,585.54,20.0,hidden_436
34242.087302783,trade,bid,585.51,80.0,17945311
34242.087393998,add,ask,585.68,18.0,18091848
34242.095295299,add,ask,585.52,300.0,18092077
34242.095405551,trade,bid,585.51,120.0,17945311
34242.095412434,trade,bid,585.5,70.0,17708793
34242.095512159,trade,bid,585.47,100.0,17564371
34242.095603971,add,ask,585.51,100.0,18092101
34242.095740199,add,bid,585.47,100.0,18092111
34242.0960365,trade,bid,585.47,100.0,18092111
34242.09605977,trade,bid,585.44,35.0,17990493
34242.125978297,trade,bid,585.37,100.0,17473627
34242.126058021,add,ask,585.5,100.0,18092945
34242.281282536,cancel,ask,585.5,100.0,18092945
34242.320906583,add,ask,585.49,6.0,18097822
34242.391038869,trade,ask,585.48,10.0,hidden_451
34242.391116126,add,bid,585.37,18.0,18099252
34242.537922535,trade,bid,585.37,18.0,18099252
34242.538131706,cancel,ask,585.49,6.0,18097822
34242.538133219,cancel,ask,585.51,18.0,18097824
34242.538135946,cancel,ask,585.52,18.0,18097825
34242.539574882,trade,bid,585.36,125.0,17533841
34242.539963416,trade,bid,585.35,100.0,hidden_458
34242.540036758,add,ask,585.52,18.0,18102098
34242.540075221,add,ask,585.51,6.0,18102100
34242.542601317,add,bid,585.3,100.0,18102164
34242.935112958,trade,bid,585.3,49.0,11599111
34242.935275142,cancel,ask,585.51,6.0,18102100
34243.161619417,trade,bid,585.31,49.0,hidden_464
34243.161699972,add,ask,585.52,18.0,18117815
34243.161737757,add,ask,585.51,18.0,18117818
34243.452960619,trade,bid,585.3,50.0,11599111
34243.453130097,cancel,ask,585.51,18.0,18117818
34243.467275681,trade,bid,585.3,100.0,11599111
34243.467353715,add,ask,585.52,18.0,18126374
34243.467384164,add,ask,585.51,18.0,18126376
34243.678623646,add,bid,585.3,19.0,18129982
34243.678719321,cancel,ask,585.51,18.0,18126376
34243.678727602,cancel,ask,585.52,18.0,18126374
34244.070699969,add,ask,585.49,18.0,18138348
34245.281721068,add,bid,585.31,18.0,18173780
34245.281805592,add,bid,585.31,100.0,18173787
34245.281874419,cancel,ask,585.49,18.0,18138348
34245.281887785,cancel,ask,585.5,18.0,18138352
34245.688820232,trade,ask,585.4,100.0,hidden_480
34245.688976615,cancel,bid,585.31,18.0,18173780
34245.694186907,add,bid,585.32,19.0,18185336
34245.694267426,add,bid,585.32,100.0,18185345
34246.68826075,trade,bid,585.34,100.0,hidden_484
34246.689153933,cancel,bid,585.32,19.0,18185336
34246.689354442,trade,bid,585.32,100.0,18185345
34246.689431471,add,ask,585.52,18.0,18206947
34246.689441034,add,ask,585.48,100.0,18206949
34246.779185361,trade,bid,585.3,31.0,11599111
34246.779265451,add,ask,585.48,18.0,18210016
34246.779299836,add,ask,585.47,18.0,18210021
34246.779330868,add,bid,585.17,18.0,18210024
34246.779363521,add,ask,585.45,18.0,18210025
34246.945391973,cancel,ask,585.45,18.0,18210025
34246.94539349,cancel,ask,585.47,18.0,18210021
34246.945393865,cancel,ask,585.48,18.0,18210016
34246.945394681,cancel,bid,585.17,18.0,18210024
34246.964670283,add,bid,585.17,18.0,18214348
34247.097986134,add,ask,585.5,18.0,18218461
34247.098124694,cancel,bid,585.17,18.0,18214348
34247.098144382,cancel,bid,585.16,12.0,18214352
34247.340863245,add,bid,585.19,18.0,18224214
34247.341026021,cancel,ask,585.5,18.0,18218461
34247.383864403,add,ask,585.5,18.0,18225112
34247.507469814,trade,ask,585.49,100.0,hidden_505
34247.507469814,trade,ask,585.49,100.0,hidden_506
34247.507469814,trade,ask,585.49,100.0,hidden_507
34247.507469814,trade,ask,585.49,100.0,hidden_508
34247.507469814,trade,ask,585.49,30.0,hidden_509
34247.507469814,trade,ask,585.5,18.0,18225112
34247.507469814,trade,ask,585.5,15.0,hidden_511
34247.507469814,trade,ask,585.51,100.0,18213671
34247.507469814,trade,ask,585.51,18.0,18225114
34247.507574573,add,bid,585.21,100.0,18226846
34247.510643582,trade,ask,585.51,100.0,hidden_515
34247.510722493,add,bid,585.21,18.0,18226913
34247.510752216,add,bid,585.22,6.0,18226915
34247.530052989,add,ask,585.51,100.0,18227280
34247.544222178,trade,ask,585.5,300.0,hidden_519
34247.544222178,trade,ask,585.5,100.0,hidden_520
34247.544222178,trade,ask,585.51,100.0,18227280
34247.544222178,trade,ask,585.51,149.0,hidden_522
34247.544305082,add,bid,585.23,100.0,18227609
34247.566058684,add,ask,585.51,100.0,18228272
34247.573089965,trade,ask,585.51,100.0,18228272
34247.573089965,trade,ask,585.52,300.0,18092077
34247.573089965,trade,ask,585.52,800.0,hidden_527
34247.573167083,add,bid,585.24,100.0,18228408
34247.573192316,add,ask,585.79,18.0,18228411
34247.594210031,add,ask,585.76,100.0,18228927
34247.598044896,add,ask,585.73,18.0,18229080
34247.620872939,add,bid,585.32,100.0,18229784
34247.628944024,add,ask,585.72,100.0,18230032
34247.682128975,add,bid,585.35,18.0,18231455
34247.736240329,trade,ask,585.64,100.0,hidden_535
34247.738295225,add,ask,585.71,100.0,18232862
34247.902045434,add,bid,585.62,18.0,18236207
34247.902146775,trade,bid,585.62,18.0,18236207
34247.902157166,cancel,bid,585.35,18.0,18231455
34247.90217879,cancel,bid,585.33,6.0,18231460
34247.902232593,add,ask,585.7,100.0,18236214
34247.904658054,add,ask,585.69,100.0,18236283
34249.040078264,cancel,ask,585.69,100.0,18236283
34249.041758793,add,ask,585.71,100.0,18258361
34249.086375027,add,bid,585.35,18.0,18259338
34249.492862272,add,bid,585.38,18.0,18274323
34251.157902039,add,ask,585.71,18.0,18313421
34251.444029787,add,bid,585.41,18.0,18321301
34251.444127395,cancel,ask,585.71,18.0,18313421
34251.831612892,cancel,bid,585.41,18.0,18321301
34251.913754532,cancel,ask,585.71,100.0,18258361
34251.915508803,add,ask,585.71,100.0,18332967
34252.0208352,trade,ask,585.7,100.0,hidden_553
34252.02093313,add,bid,585.32,18.0,18336905
34252.02096984,add,bid,585.33,18.0,18336929
34252.02103621,add,bid,585.35,6.0,18336958
34252.021626408,cancel,ask,585.71,100.0,18332967
34252.022156013,add,bid,585.69,100.0,18337445
34252.0223858,cancel,ask,585.72,100.0,18230032
34252.023086869,trade,bid,585.69,100.0,18337445
34252.02317969,add,ask,585.79,100.0,18337841
34252.02318083,add,bid,585.33,18.0,18337842
34252.024057375,add,bid,585.36,18.0,18338230
34252.024204889,add,ask,585.71,100.0,18338336
34252.026773727,add,bid,585.69,41.0,18339562
34252.027479853,trade,ask,585.71,100.0,18338336
34252.027479853,trade,ask,585.71,100.0,hidden_567
34252.027496543,add,ask,585.72,100.0,18339856
34252.027766693,add,ask,585.71,100.0,18339944
34252.028256795,trade,ask,585.71,100.0,18339944
34252.028539752,add,ask,585.71,100.0,18340168
34252.029155928,trade,bid,585.69,41.0,18339562
34252.029155928,trade,bid,585.7,100.0,hidden_573
34252.029279954,cancel,ask,585.71,100.0,18340168
34252.029822902,add,ask,585.79,100.0,18340495
34252.031700628,add,ask,585.78,100.0,18340899
34252.032401265,trade,bid,585.69,84.0,hidden_577
34252.032498709,trade,bid,585.69,100.0,hidden_578
34252.033272664,cancel,ask,585.78,100.0,18340899
34252.03414916,trade,bid,585.69,16.0,hidden_580
34252.03414916,trade,bid,585.69,109.0,hidden_581
34252.034560856,cancel,ask,585.79,100.0,18340495
34252.035351282,trade,bid,585.69,291.0,hidden_583
34252.037175668,trade,ask,585.69,100.0,hidden_584
34252.045457473,trade,ask,585.69,100.0,hidden_585
34252.053861023,trade,ask,585.69,100.0,hidden_586
34252.11104533,add,ask,585.69,100.0,18349474
34252.122145247,trade,ask,585.69,100.0,18349474
34252.122145247,trade,ask,585.69,100.0,hidden_589
34252.12223549,add,bid,585.68,100.0,18349906
34252.123392451,trade,ask,585.69,100.0,hidden_591
34252.127831123,trade,ask,585.69,100.0,hidden_592
34252.273287034,cancel,bid,585.68,100.0,18349906
34252.279815175,trade,ask,585.69,100.0,hidden_594
34252.501996264,cancel,bid,585.68,100.0,18340138
34252.525746894,add,bid,585.35,18.0,18360957
34252.740032167,trade,ask,585.69,200.0,hidden_597
34252.740104901,add,bid,585.36,18.0,18364553
34252.740154899,add,bid,585.38,6.0,18364557
34252.740940568,trade,ask,585.69,100.0,hidden_600
34253.196242217,cancel,bid,585.38,6.0,18364557
34253.196264383,cancel,bid,585.36,18.0,18364553
34253.530188041,add,ask,585.77,18.0,18381088
34253.634497901,trade,bid,585.58,100.0,hidden_604
34253.634573129,add,ask,585.77,18.0,18382475
34253.634605531,add,ask,585.76,18.0,18382476
34253.634636411,add,bid,585.33,18.0,18382478
34253.634673231,add,ask,585.74,12.0,18382479
34253.637172407,add,ask,585.68,100.0,18382521
34253.687804373,add,bid,585.36,18.0,18383216
34254.526963951,cancel,ask,585.68,100.0,18382521
34254.527136131,cancel,ask,585.74,12.0,18382479
34254.52714833,cancel,bid,585.36,18.0,18383216
34254.527151149,cancel,bid,585.35,6.0,18383217
34254.527152184,cancel,bid,585.33,18.0,18382478
34254.528583347,add,ask,585.68,100.0,18400127
34254.631582097,add,ask,585.65,1000.0,18401954
34256.19063387,trade,ask,585.65,20.0,18401954
34256.190719401,add,bid,585.32,18.0,18430075
34256.190756615,add,bid,585.33,18.0,18430078
34256.190807809,add,bid,585.35,6.0,18430082
34256.19319428,add,ask,585.65,100.0,18430131
34256.584770476,add,ask,585.64,100.0,18435674
34256.585857323,trade,ask,585.64,100.0,18435674
34256.585924316,add,bid,585.35,18.0,18435728
34256.585936731,add,bid,585.36,100.0,18435729
34256.58596536,add,bid,585.36,6.0,18435733
34256.750276532,cancel,bid,585.36,100.0,18435729
34256.750383635,cancel,bid,585.36,6.0,18435733
34256.750384117,cancel,bid,585.35,6.0,18430082
34256.750399994,cancel,bid,585.35,18.0,18435728
34256.960845789,add,bid,585.35,18.0,18444308
34256.971417778,add,bid,585.57,35.0,18445709
34256.971971766,trade,bid,585.57,35.0,18445709
34256.972053393,add,ask,585.64,100.0,18445746
34256.972065621,add,bid,585.33,14.0,18445749
34257.005572647,add,ask,585.61,18.0,18446625
34257.033394971,add,bid,585.36,18.0,18447705
34257.130242807,cancel,ask,585.61,18.0,18446625
34257.130246705,cancel,ask,585.62,18.0,18446627
34257.130249903,cancel,ask,585.63,18.0,18446630
34257.130250421,cancel,ask,585.64,12.0,18446631
34257.577139389,trade,ask,585.57,100.0,hidden_643
34257.635637197,add,ask,585.62,18.0,18460556
34257.725580772,add,bid,585.39,18.0,18462798
34258.199928727,cancel,ask,585.62,18.0,18460556
34258.199929254,cancel,ask,585.63,18.0,18460560
34258.1999297,cancel,ask,585.64,18.0,18460565
34258.199942328,cancel,bid,585.39,18.0,18462798
34258.199954264,cancel,ask,585.65,12.0,18460564
34258.199971706,cancel,bid,585.38,6.0,18462803
34258.20182267,trade,ask,585.57,200.0,hidden_652
34258.201899757,add,bid,585.32,18.0,18475976
34258.201939596,add,bid,585.33,18.0,18475980
34258.201977896,add,bid,585.35,6.0,18475984
34258.779917044,add,ask,585.62,18.0,18493677
34258.780095812,cancel,bid,585.35,6.0,18475984
34258.780098564,cancel,bid,585.33,18.0,18475980
34259.263556695,add,bid,585.35,18.0,18506481
34259.263726836,cancel,ask,585.62,18.0,18493677
34259.263748965,cancel,ask,585.64,18.0,18493685
34259.575196354,add,ask,585.62,18.0,18514142
34259.575371986,cancel,bid,585.35,18.0,18506481
34259.575378773,cancel,bid,585.34,18.0,18506484
34259.57539608,cancel,bid,585.33,6.0,18506489
34259.705453799,add,bid,585.35,18.0,18517387
34259.705624488,cancel,ask,585.62,18.0,18514142
34259.705630111,cancel,ask,585.63,18.0,18514146
34259.705635005,cancel,ask,585.64,18.0,18514148
34259.711397229,trade,ask,585.57,82.0,hidden_670
34259.712524623,trade,ask,585.59,100.0,hidden_671
34259.714077542,add,ask,585.64,100.0,18518989
34259.71846543,trade,ask,585.62,33.0,hidden_673
34259.719379992,cancel,ask,585.64,100.0,18518989
34259.721910965,add,ask,585.64,100.0,18521567
34259.726523371,add,bid,585.6,84.0,18522395
34259.728897981,trade,ask,585.63,100.0,hidden_677
34259.728897981,trade,ask,585.64,100.0,18521567
34259.729111006,add,ask,585.64,100.0,18522880
34259.729250575,trade,ask,585.64,100.0,18522880
34259.729324418,trade,ask,585.64,980.0,hidden_681
34259.729399971,trade,ask,585.64,300.0,hidden_682
34259.729508202,add,ask,585.64,100.0,18522935
34259.729520767,trade,ask,585.64,60.0,18522935
34259.729710872,trade,bid,585.6,84.0,18522395
34259.729789444,add,ask,585.64,100.0,18522971
34259.729791913,add,ask,585.64,100.0,18522973
34259.729999606,trade,ask,585.62,245.0,hidden_688
34259.730597142,cancel,ask,585.64,100.0,18522973
34259.730600451,cancel,ask,585.64,40.0,18522935
34259.732872091,add,ask,585.63,100.0,18523236
34259.743508654,trade,ask,585.61,100.0,hidden_692
34259.878295675,cancel,bid,585.51,100.0,18522857
34259.896048489,trade,ask,585.62,300.0,hidden_694
34259.896048489,trade,ask,585.63,100.0,18523236
34259.896048489,trade,ask,585.63,157.0,hidden_696
34259.896127721,add,bid,585.32,18.0,18528991
34259.896130213,add,bid,585.33,100.0,18528992
34259.896164053,add,bid,585.33,18.0,18528997
34259.896220718,add,bid,585.35,6.0,18529001
34259.896303576,add,ask,585.63,100.0,18529003
34259.903313208,add,ask,585.6,18.0,18529133
34259.933213123,trade,ask,585.6,18.0,18529133
34259.933213123,trade,ask,585.61,18.0,18529134
34259.933213123,trade,ask,585.62,18.0,18529137
34259.933213123,trade,ask,585.63,7.0,18529003
34259.933302666,add,bid,585.36,100.0,18529941
34259.933456906,add,ask,585.63,100.0,18529953
34259.967070246,add,bid,585.39,18.0,18530637
34260.082464065,cancel,ask,585.63,12.0,18529139
34260.082480027,cancel,bid,585.39,18.0,18530637
34260.189910763,trade,ask,585.63,84.0,18529003
34260.190017253,add,bid,585.32,18.0,18542740
34260.190049327,add,bid,585.33,18.0,18542750
34260.1900905,add,bid,585.35,18.0,18542764
34260.191825424,trade,ask,585.63,9.0,18529003
34260.191825424,trade,ask,585.63,100.0,18529953
34260.191908736,add,bid,585.36,100.0,18542910
34260.191914426,add,bid,585.36,2.0,18542911
34260.192087881,add,ask,585.63,100.0,18542924
34260.195383205,trade,ask,585.63,100.0,18542924
34260.195460987,add,bid,585.37,100.0,18543183
34260.195651584,add,ask,585.63,100.0,18543197
34260.350303399,cancel,bid,585.37,100.0,18543183
34260.350472351,cancel,bid,585.36,2.0,18542911
34260.748314925,add,bid,585.35,18.0,18568743
34260.939909225,add,ask,585.6,18.0,18577181
34260.940046356,cancel,bid,585.35,18.0,18568743
34260.940064642,cancel,bid,585.34,18.0,18568747
34261.114892424,cancel,ask,585.6,18.0,18577181
34261.114893155,cancel,ask,585.61,16.0,18577184
34261.267491427,add,bid,585.35,18.0,18590091
34261.342636256,add,ask,585.6,18.0,18594434
34261.383236614,cancel,bid,585.35,18.0,18590091
34261.383237408,cancel,bid,585.34,18.0,18590114
34261.383242087,cancel,bid,585.33,18.0,18590119
34261.383242471,cancel,bid,585.32,18.0,18590142
34261.504365576,add,bid,585.33,18.0,18599524
34261.50454952,cancel,ask,585.6,18.0,18594434
34261.534739258,add,bid,585.34,18.0,18600633
34261.80663996,add,ask,585.6,18.0,18610124
34261.806776323,cancel,bid,585.34,18.0,18600633
34261.823916735,add,bid,585.35,18.0,18610679
34261.824108543,trade,ask,585.6,18.0,18610124
34261.824108543,trade,ask,585.61,16.0,18610125
34261.824108543,trade,ask,585.63,66.0,18543197
34261.824199062,add,bid,585.36,2.0,18610723
34261.824211246,add,bid,585.36,100.0,18610729
34261.824573955,add,ask,585.63,100.0,18610930
34261.826038405,cancel,ask,585.63,34.0,18543197
34261.826049243,cancel,ask,585.63,100.0,18610930
34261.828016366,add,ask,585.64,100.0,18611712
34261.828892354,add,bid,585.58,100.0,18611807
34261.829204866,add,bid,585.58,100.0,18611841
34261.829973322,trade,ask,585.64,100.0,18611712
34261.83004683,add,bid,585.6,100.0,18611900
34261.830207689,add,ask,585.64,100.0,18611910
34261.83041799,trade,ask,585.64,30.0,18611910
34261.830675749,trade,ask,585.64,70.0,18611910
34261.830675749,trade,ask,585.64,95.0,hidden_760
34261.83075425,add,ask,585.64,100.0,18611961
34261.945966689,trade,ask,585.64,11.0,18611961
34261.946245937,add,ask,585.64,100.0,18616813
34261.980313977,cancel,bid,585.6,100.0,18611900
34262.264793162,cancel,bid,585.58,100.0,18611841
34262.292950338,cancel,bid,585.58,100.0,18611807
34262.347472593,cancel,ask,585.64,100.0,18616813
34262.347495148,cancel,ask,585.64,89.0,18611961
34262.708710168,trade,ask,585.59,10.0,hidden_769
34262.708802955,add,bid,585.32,18.0,18645927
34262.708847497,add,bid,585.33,18.0,18645931
34262.708889487,add,bid,585.35,18.0,18645933
34263.025180315,trade,bid,585.43,10.0,hidden_773
34263.025275358,add,bid,585.36,18.0,18655735
34263.029268535,add,ask,585.63,100.0,18655962
34263.612227278,trade,ask,585.57,100.0,hidden_776
34263.612316413,add,bid,585.37,18.0,18675995
34263.612379235,add,bid,585.39,18.0,18676008
34263.613130924,cancel,ask,585.63,100.0,18655962
34263.614803009,add,ask,585.63,100.0,18676119
34264.211684199,add,bid,585.59,35.0,18694938
34264.212574525,trade,bid,585.59,35.0,18694938
34264.21267996,add,bid,585.33,18.0,18695112
34264.214495961,cancel,ask,585.63,100.0,18676119
34264.216159784,add,ask,585.63,100.0,18695364
34264.25695608,trade,ask,585.6,100.0,hidden_786
34264.257040523,add,bid,585.34,18.0,18696557
34264.257093078,add,bid,585.36,18.0,18696562
34264.257834777,cancel,ask,585.63,100.0,18695364
34264.25944627,add,ask,585.63,100.0,18696632
34264.536465521,cancel,bid,585.36,18.0,18696562
34264.536467869,cancel,bid,585.35,18.0,18696563
34264.611582456,add,bid,585.35,18.0,18703383
34264.884055019,cancel,bid,585.35,18.0,18703383
34264.884055412,cancel,bid,585.34,18.0,18703385
34264.884055849,cancel,bid,585.33,18.0,18703387
34265.012575191,add,ask,585.62,100.0,18711138
34265.697706312,add,bid,585.35,18.0,18726212
34266.016257078,cancel,ask,585.62,100.0,18711138
34266.016390122,cancel,bid,585.35,18.0,18726212
34266.016390644,cancel,bid,585.34,18.0,18726217
34266.016414152,cancel,bid,585.32,18.0,18726219
34266.056037004,add,bid,585.35,18.0,18735561
34267.136875118,cancel,ask,585.63,100.0,18696632
34267.137012763,cancel,bid,585.35,18.0,18735561
34267.137013234,cancel,bid,585.34,18.0,18735562
34267.13702424,cancel,bid,585.33,18.0,18735563
34267.13702524,cancel,bid,585.32,18.0,18735566
34267.13865765,add,ask,585.62,100.0,18759190
34267.155097192,add,bid,585.35,18.0,18759837
34270.021359911,cancel,ask,585.62,100.0,18759190
34270.021486547,cancel,bid,585.35,18.0,18759837
34270.02150852,cancel,bid,585.33,18.0,18759841
34270.023938369,add,ask,585.43,80.0,18826632
34270.085057253,add,bid,585.35,18.0,18832369
34270.085255367,trade,bid,585.35,10.0,18832369
34270.085364701,trade,bid,585.35,8.0,18832369
34270.104431749,trade,bid,585.34,18.0,18832374
34270.106940669,trade,bid,585.34,1.0,hidden_819
34270.106940669,trade,bid,585.33,18.0,18832377
34270.107019493,trade,bid,585.32,100.0,18229784
34270.107019493,trade,bid,585.32,200.0,18328480
34270.107019493,trade,bid,585.32,18.0,18832380
34270.107440284,add,bid,585.24,18.0,18833480
34270.230930875,trade,ask,585.42,100.0,hidden_825
34270.230930875,trade,ask,585.43,80.0,18826632
34270.231008544,add,bid,585.31,100.0,18840084
34270.231083555,trade,ask,585.5,100.0,18833464
34270.2324598,add,ask,585.62,100.0,18840165
34270.233933883,cancel,ask,585.62,100.0,18840165
34270.235534103,add,ask,585.62,100.0,18840282
34270.257407678,add,ask,585.59,18.0,18840835
34270.394294159,cancel,bid,585.31,100.0,18840084
34270.394425398,cancel,ask,585.59,18.0,18840835
34270.394425867,cancel,ask,585.61,18.0,18840840
34270.394430125,cancel,ask,585.62,18.0,18840841
34270.599373841,trade,ask,585.61,100.0,hidden_837
34270.59946132,add,bid,585.23,18.0,18848157
34270.599502601,add,bid,585.24,18.0,18848161
34270.600305445,cancel,ask,585.62,100.0,18840282
34270.601967383,add,ask,585.64,100.0,18848243
34271.029030492,add,bid,585.29,200.0,18857695
34271.086869628,add,ask,585.63,18.0,18859116
34271.094170397,add,bid,585.32,18.0,18859424
34271.247507601,cancel,ask,585.63,18.0,18859116
34271.850956071,add,bid,585.34,200.0,18879462
34272.714961867,cancel,ask,585.64,100.0,18848243
34272.715074565,add,bid,585.36,100.0,18899057
34272.71666182,add,ask,585.64,100.0,18899085
34272.821962399,add,bid,585.38,18.0,18902482
34272.830397476,trade,ask,585.62,29.0,hidden_851
34272.831316933,cancel,ask,585.64,100.0,18899085
34272.832476159,trade,ask,585.62,71.0,hidden_853
34272.832476159,trade,ask,585.63,10.0,hidden_854
34272.833504834,add,ask,585.64,100.0,18905925
34273.137327992,add,bid,585.41,18.0,18916805
34273.258724107,add,ask,585.63,18.0,18919198
34273.25881242,cancel,bid,585.41,18.0,18916805
34273.408912021,add,bid,585.37,18.0,18923822
34273.409010038,cancel,ask,585.63,18.0,18919198
34273.688801716,add,bid,585.38,100.0,18928927
34273.96974997,add,bid,585.39,200.0,18934611
34273.978291626,add,bid,585.4,18.0,18934846
34274.64402051,add,ask,585.61,18.0,18948753
34274.644169616,cancel,bid,585.4,18.0,18934846
34274.646714937,add,bid,585.45,100.0,18948889
34274.651451386,cancel,bid,585.45,100.0,18948889
34274.651451386,add,bid,585.51,100.0,18949054
34274.651596186,trade,bid,585.51,100.0,18949054
34274.651682979,add,bid,585.4,18.0,18949077
34276.520426834,cancel,ask,585.61,18.0,18948753
34276.520427588,cancel,ask,585.62,18.0,18948754
34276.520430296,cancel,ask,585.63,18.0,18948756
34276.520431607,cancel,ask,585.64,18.0,18948758
34276.520459978,cancel,bid,585.4,18.0,18949077
34276.740756498,add,bid,585.39,18.0,18992668
34276.771794098,cancel,ask,585.64,100.0,18905925
34276.773441361,add,ask,585.63,100.0,18993161
34277.377202932,trade,ask,585.615,100.0,hidden_879
34277.377258512,trade,ask,585.63,100.0,18993161
34277.37729475,add,bid,585.4,18.0,19007953
34277.377502838,add,ask,585.63,100.0,19007962
34277.378089883,cancel,ask,585.63,100.0,19007962
34277.379774706,add,ask,585.64,100.0,19008082
34277.381977213,add,ask,585.64,100.0,19008186
34277.400647121,add,ask,585.64,100.0,19009075
34277.78867931,cancel,bid,585.4,18.0,19007953
34277.788681693,cancel,bid,585.39,18.0,18992668
34277.799145107,add,ask,585.62,18.0,19027288
34277.799237134,add,ask,585.62,100.0,19027298
34278.001790938,add,bid,585.41,18.0,19033166
34278.001914285,cancel,ask,585.62,18.0,19027288
34278.182363091,cancel,bid,585.41,18.0,19033166
34278.18238099,cancel,bid,585.39,18.0,19033169
34278.184801559,add,ask,585.62,100.0,19039904
34278.185457289,cancel,ask,585.62,100.0,19039904
34278.336302196,add,bid,585.42,18.0,19043926
34278.681703256,add,bid,585.43,150.0,19051396
34278.68469941,add,ask,585.62,100.0,19051433
34278.89052136,trade,ask,585.53,100.0,hidden_900
34278.890608555,add,bid,585.43,18.0,19055241
34278.890641713,add,bid,585.44,18.0,19055243
34278.891627439,trade,ask,585.62,100.0,19027298
34278.891627439,trade,ask,585.62,37.0,19051433
34278.895674158,trade,bid,585.61,100.0,hidden_905
34278.970361074,cancel,ask,585.62,63.0,19051433
34278.97270665,add,ask,585.61,100.0,19057044
34279.058497334,cancel,ask,585.61,100.0,19057044
34279.058597301,cancel,bid,585.44,18.0,19055243
34279.05859767,cancel,bid,585.43,18.0,19055241
34279.095631498,add,ask,585.63,100.0,19060163
34279.100915798,add,bid,585.46,18.0,19060279
34279.59121377,trade,bid,585.47,62.0,hidden_913
34279.591298663,add,ask,585.62,18.0,19068312
34279.591402103,cancel,bid,585.46,18.0,19060279
34279.591402582,cancel,bid,585.45,18.0,19060280
34279.593811946,add,ask,585.62,100.0,19068371
34279.612482113,add,ask,585.62,100.0,19069058
34279.613078636,trade,bid,585.47,100.0,hidden_919
34279.613966256,cancel,ask,585.62,100.0,19068371
34279.615683663,add,ask,585.61,100.0,19069153
34279.963346441,add,bid,585.46,18.0,19079059
34279.967802871,add,ask,585.61,100.0,19079190
34280.628112655,trade,ask,585.53,100.0,hidden_924
34280.628280182,cancel,bid,585.46,18.0,19079059
34280.62828144,cancel,bid,585.45,18.0,19079066
34280.629099757,cancel,ask,585.61,100.0,19069153
34280.630730875,add,ask,585.6,100.0,19094870
34280.952361211,trade,ask,585.58,100.0,hidden_929
34280.952440239,add,bid,585.43,18.0,19101699
34280.952481895,add,bid,585.44,18.0,19101702
34280.95329139,cancel,ask,585.6,100.0,19094870
34280.955015735,add,ask,585.63,100.0,19101756
34280.955880267,add,ask,585.6,100.0,19101780
34280.958563022,cancel,ask,585.6,100.0,19101780
34281.153175782,add,ask,585.63,100.0,19107439
34281.158189681,add,bid,585.47,18.0,19107744
34281.170327051,trade,ask,585.6,90.0,hidden_938
34281.171224041,cancel,ask,585.63,100.0,19101756
34281.17300783,add,ask,585.62,100.0,19108377
34281.311696767,cancel,bid,585.47,18.0,19107744
34281.31373722,trade,ask,585.58,10.0,hidden_942
34281.31373722,trade,ask,585.61,90.0,hidden_943
34281.313809617,add,bid,585.43,18.0,19112281
34281.313845441,add,bid,585.44,18.0,19112284
34281.314602817,cancel,ask,585.62,100.0,19108377
34281.316153404,add,ask,585.63,100.0,19112329
34281.344872902,trade,ask,585.63,100.0,19112329
34281.345041522,add,bid,585.45,100.0,19114185
34281.345224099,add,ask,585.63,100.0,19114324
34281.348641172,trade,ask,585.63,27.0,19114324
34281.34898398,add,ask,585.63,100.0,19116002
34281.350897901,trade,ask,585.63,73.0,19114324
34281.350897901,trade,ask,585.63,100.0,19116002
34281.351022076,add,bid,585.46,100.0,19117016
34281.351223088,add,ask,585.63,100.0,19117109
34281.351360262,trade,ask,585.63,100.0,19117109
34281.351360262,trade,ask,585.63,100.0,hidden_958
34281.351580205,add,ask,585.63,100.0,19117258
34281.356885621,add,ask,585.63,100.0,19119043
34281.362866376,trade,ask,585.63,85.0,19117258
34281.363081875,add,ask,585.63,100.0,19119958
34281.450083526,add,bid,585.46,35.0,19126333
34281.461529129,add,ask,585.63,100.0,19127217
34281.660812539,cancel,bid,585.46,35.0,19126333
34281.698310859,cancel,bid,585.46,100.0,19117016
34281.768525735,add,bid,585.46,18.0,19136439
34281.90143498,cancel,bid,585.46,18.0,19136439
34281.901436182,cancel,bid,585.45,18.0,19136440
34281.908846241,add,bid,585.47,35.0,19139187
34282.109119208,cancel,bid,585.47,35.0,19139187
34282.442346087,cancel,ask,585.63,100.0,19119958
34282.442367796,cancel,ask,585.63,15.0,19117258
34282.680357603,add,bid,585.44,20.0,19154788
34283.541397954,add,bid,585.47,18.0,19169737
34283.543353777,add,ask,585.62,100.0,19169827
34283.543428075,add,ask,585.62,100.0,19169831
34283.563717278,add,ask,585.62,100.0,19170111
34283.722987642,trade,bid,585.47,1.0,19169737
34283.723160398,cancel,bid,585.47,17.0,19169737
34283.723862481,cancel,ask,585.62,100.0,19169827
34283.725627228,add,ask,585.61,100.0,19172962
34283.725707201,add,ask,585.61,100.0,19172969
34283.761330751,add,ask,585.61,100.0,19173975
34283.936477117,cancel,ask,585.61,100.0,19172962
34283.937886139,trade,bid,585.45,6.0,hidden_986
34283.937886139,trade,bid,585.45,200.0,hidden_987
34283.937886139,trade,bid,585.45,110.0,hidden_988
34283.937886139,trade,bid,585.45,90.0,hidden_989
34283.937886139,trade,bid,585.44,20.0,19154788
34284.220198526,trade,bid,585.43,150.0,19051396
34284.220297219,add,bid,585.3,18.0,19182040
34284.293742431,cancel,ask,585.61,100.0,19173975
34284.296709911,add,ask,585.6,100.0,19183210
34284.296786976,add,ask,585.6,100.0,19183212
34284.336015114,trade,ask,585.56,100.0,hidden_996
34284.336140569,trade,ask,585.57,83.0,hidden_997
34284.336140569,trade,ask,585.59,17.0,hidden_998
34284.336143811,add,bid,585.31,7.0,19185387
34284.337823303,add,ask,585.59,100.0,19186476
34284.337926232,add,ask,585.59,100.0,19186534
34284.367761273,add,ask,585.59,100.0,19192216
34284.374245991,add,ask,585.56,18.0,19192551
34284.374313382,add,ask,585.56,100.0,19192560
34284.429358447,add,ask,585.56,100.0,19196464
34284.476359258,cancel,bid,585.31,7.0,19185387
34284.477281902,add,bid,585.26,16.0,19198199
34284.52489753,cancel,ask,585.56,18.0,19192551
34284.641022408,cancel,bid,585.26,16.0,19198199
34284.644820898,add,bid,585.27,18.0,19203759
34284.88768224,cancel,bid,585.27,18.0,19203759
34284.887683805,cancel,bid,585.26,7.0,19203761
34284.946556332,add,bid,585.27,18.0,19209566
34285.197270112,trade,bid,585.37,100.0,hidden_1014
34285.200830729,cancel,ask,585.56,100.0,19196464
34285.201355899,add,ask,585.55,100.0,19216740
34285.20142492,add,ask,585.55,100.0,19216741
34285.203480965,add,ask,585.53,100.0,19216769
34285.203550923,add,ask,585.53,100.0,19216770
34285.204262586,cancel,ask,585.53,100.0,19216769
34285.250010851,add,ask,585.51,100.0,19217497
34285.250087598,add,ask,585.51,100.0,19217499
34285.250092475,cancel,bid,585.27,18.0,19209566
34285.251099581,cancel,ask,585.51,100.0,19217497
34285.299809209,add,ask,585.49,100.0,19218466
34285.299880111,add,ask,585.49,100.0,19218468
34285.300803809,cancel,bid,585.24,100.0,19212652
34285.30404353,cancel,bid,585.24,100.0,19212652
34285.406189784,add,bid,585.27,18.0,19221011
34285.877657781,add,ask,585.48,100.0,19229357
34285.877741937,add,ask,585.48,100.0,19229364
34285.882059968,add,ask,585.47,100.0,19229548
34285.882143847,add,ask,585.47,100.0,19229555
34285.901861347,trade,ask,585.46,100.0,hidden_1034
34285.901952415,add,bid,585.28,7.0,19230579
34285.9027525,cancel,ask,585.47,100.0,19229548
34285.904455274,add,ask,585.46,100.0,19230779
34285.904528302,add,ask,585.46,100.0,19230785
34285.909107768,add,ask,585.46,100.0,19230924
34286.00419078,cancel,ask,585.46,100.0,19230779
34286.036936351,add,bid,585.43,44.0,19234695
34286.037041767,trade,bid,585.43,44.0,19234695
34286.037044193,cancel,bid,585.28,7.0,19230579
34286.037225154,add,bid,585.27,9.0,19234722
34286.038864427,trade,ask,585.45,200.0,hidden_1045
34286.038945934,add,bid,585.27,14.0,19234963
34286.041833783,cancel,ask,585.46,100.0,19230924
34286.080517867,add,ask,585.42,100.0,19238603
34286.080598217,add,ask,585.42,100.0,19238606
34286.254645484,cancel,bid,585.27,9.0,19234722
34286.254646903,cancel,bid,585.27,14.0,19234963
34286.257679073,add,ask,585.41,100.0,19243431
34286.2577467,add,ask,585.41,100.0,19243434
34286.301472235,add,ask,585.41,100.0,19244156
34286.422989672,add,bid,585.38,41.0,19246126
34286.934080152,trade,ask,585.41,100.0,19243431
34286.934080152,trade,ask,585.41,13.0,19243434
34286.934208574,trade,ask,585.41,87.0,19243434
34286.934208574,trade,ask,585.41,100.0,19244156
34286.934208574,trade,ask,585.41,13.0,hidden_1060
34286.934427575,add,ask,585.41,100.0,19258724
34286.934455803,trade,ask,585.41,100.0,19258724
34286.93468781,add,ask,585.41,100.0,19258755
34286.934809117,trade,ask,585.41,100.0,19258755
34286.934912533,trade,ask,585.41,100.0,hidden_1065
34286.934927867,trade,ask,585.41,200.0,hidden_1066
34286.935077877,add,ask,585.41,100.0,19258787
34286.935563083,trade,ask,585.41,100.0,19258787
34286.935809748,add,ask,585.41,100.0,19258839
34286.935852511,trade,ask,585.41,50.0,19258839
34286.936080454,add,ask,585.41,100.0,19258856
34286.936107146,trade,ask,585.41,50.0,19258839
34286.936107146,trade,ask,585.41,50.0,19258856
34286.936346975,add,ask,585.41,100.0,19258880
34286.95503368,add,ask,585.41,100.0,19259402
34286.966554224,trade,bid,585.38,41.0,19246126
34286.966554224,trade,bid,585.32,17.0,hidden_1077
34286.966554224,trade,bid,585.31,42.0,19258709
34286.967414644,cancel,ask,585.41,50.0,19258856
34286.967419212,cancel,ask,585.41,100.0,19258880
34286.968841008,trade,bid,585.31,58.0,19258709
34286.973032264,add,ask,585.4,100.0,19259865
34286.984242622,add,ask,585.26,13.0,19260106
34286.984336913,trade,ask,585.26,13.0,19260106
34286.998796439,add,ask,585.4,100.0,19260355
34287.121081616,add,bid,585.25,35.0,19263361
34287.254773559,add,bid,585.27,18.0,19266578
34287.311836571,trade,ask,585.37,75.0,hidden_1088
34287.311836571,trade,ask,585.4,25.0,19259865
34287.312054312,add,ask,585.4,100.0,19267537
34287.315600727,cancel,ask,585.4,100.0,19260355
34287.329361069,add,ask,585.4,100.0,19267994
34287.666561186,cancel,bid,585.27,18.0,19266578
34287.666562304,cancel,bid,585.26,7.0,19266581
34287.713927125,cancel,ask,585.4,75.0,19259865
34287.71393094,cancel,ask,585.4,100.0,19267537
34287.717174777,cancel,ask,585.4,100.0,19267994
34287.721959873,trade,bid,585.29,100.0,hidden_1098
34287.721959873,trade,bid,585.25,272.0,hidden_1099
34287.721959873,trade,bid,585.25,482.0,hidden_1100
34287.721959873,trade,bid,585.23,46.0,hidden_1101
34287.722040792,add,ask,585.54,18.0,19275705
34287.722085556,add,ask,585.53,18.0,19275708
34287.722139883,add,ask,585.53,18.0,19275711
34287.722662487,trade,bid,585.23,200.0,hidden_1105
34287.723006002,trade,bid,585.23,72.0,hidden_1106
34287.723491412,add,ask,585.52,18.0,19275772
34287.723528748,add,bid,585.23,18.0,19275775
34287.72359441,trade,bid,585.23,18.0,19275775
34287.72359441,trade,bid,585.23,28.0,hidden_1110
34287.72359441,trade,bid,585.23,20.0,hidden_1111
34287.72359441,trade,bid,585.23,100.0,hidden_1112
34287.72359441,trade,bid,585.22,34.0,18899190
34287.723682617,add,ask,585.52,100.0,19275787
34287.724139807,trade,bid,585.22,100.0,18899190
34287.724326307,add,ask,585.51,11.0,19275833
34287.724613645,add,ask,585.51,7.0,19275844
34287.725654908,trade,bid,585.22,66.0,18899190
34287.72574365,trade,bid,585.21,2.0,19275859
34287.725792697,trade,bid,585.2,55.0,18415422
34287.725843331,trade,bid,585.2,12.0,18415422
34287.72584525,add,ask,585.5,6.0,19275882
34287.725873579,trade,bid,585.2,133.0,18415422
34287.725886542,add,bid,585.22,7.0,19275886
34287.726033166,trade,bid,585.22,7.0,19275886
34287.731077481,add,ask,585.27,100.0,19276056
34287.732024858,cancel,ask,585.27,100.0,19276056
34287.845602295,cancel,ask,585.5,6.0,19275882
34287.850893666,trade,bid,585.1,5.0,12614747
34287.850893666,trade,bid,585.1,31.0,18272648
34287.850964642,add,ask,585.51,18.0,19278036
34287.850997313,add,ask,585.5,18.0,19278038
34287.851037248,add,ask,585.48,18.0,19278039
34287.85313957,trade,bid,585.1,269.0,18272648
34287.85313957,trade,bid,585.1,185.0,hidden_1135
34287.853207353,add,ask,585.31,50.0,19278083
34287.85324195,cancel,ask,585.31,50.0,19278083
34287.853266702,add,ask,585.45,18.0,19278089
34287.853328823,add,bid,585.1,300.0,19278093
34287.857641185,add,ask,585.28,100.0,19278155
34287.904018393,trade,bid,585.1,200.0,19278093
34287.910694643,trade,bid,585.1,100.0,19278093
34287.910694643,trade,bid,585.1,215.0,hidden_1143
34287.910777711,add,ask,585.27,100.0,19279150
34287.934620813,trade,bid,585.05,1.0,3647226
34287.934620813,trade,bid,585.05,100.0,18477996
34287.940574375,trade,bid,585.04,35.0,19267295
34287.940574375,trade,bid,585.01,420.0,18636517
34287.940645345,add,ask,585.07,50.0,19280161
34287.940680676,cancel,ask,585.07,50.0,19280161
34287.941252975,trade,bid,585.01,80.0,18636517
34287.941252975,trade,bid,585.0,4.0,1366993
34287.941252975,trade,bid,585.0,3.0,1370558
34287.941252975,trade,bid,585.0,5.0,1668565
34287.941252975,trade,bid,585.0,8.0,2117274
34287.941320612,add,ask,585.07,50.0,19280236
34287.941353718,cancel,ask,585.07,50.0,19280236
34287.979119142,cancel,bid,585.0,98.0,3647228
34287.979849708,cancel,bid,585.0,6.0,3647230
34287.98018607,cancel,bid,585.0,10.0,3647231
34287.980545131,cancel,bid,585.0,5.0,3647232
34287.980704158,cancel,bid,585.0,3.0,3647233
34287.980877158,cancel,bid,585.0,10.0,3647235
34287.981081378,cancel,bid,585.0,5.0,3647236
34287.981387833,cancel,bid,585.0,5.0,3647237
34287.981733481,cancel,bid,585.0,50.0,18401824
34287.984270941,add,ask,585.27,200.0,19281448
34287.991600026,add,bid,585.0,66.0,19281684
34287.992323351,add,bid,585.0,6.0,19281706
34287.992683726,add,bid,585.0,10.0,19281711
34287.993187033,add,bid,585.0,5.0,19281740
34287.993589526,add,bid,585.0,3.0,19281750
34287.993934427,add,bid,585.0,10.0,19281754
34287.994244714,add,bid,585.0,5.0,19281761
34287.994584668,add,bid,585.0,5.0,19281765
34287.994910916,add,bid,585.0,50.0,19281773
34288.028342634,cancel,bid,585.0,22.0,2117274
34288.029080828,cancel,bid,585.0,5.0,2127309
34288.029185369,cancel,bid,585.0,5.0,2776078
34288.029388919,cancel,bid,585.0,36.0,3549791
34288.029553147,cancel,bid,585.0,1.0,3561189
34288.029710803,cancel,bid,585.0,10.0,3585371
34288.029891221,cancel,bid,585.0,15.0,11592601
34288.030049884,cancel,bid,585.0,1.0,12136452
34288.065893097,add,ask,585.27,20.0,19285462
34288.067309636,cancel,ask,585.27,100.0,19279150
34288.170764629,cancel,ask,585.27,20.0,19285462
34288.170941419,add,ask,585.12,20.0,19289141
34288.204018241,add,ask,585.12,100.0,19290469
34288.258822569,trade,bid,585.01,100.0,hidden_1190
34288.260860036,trade,bid,585.0,5.0,3184267
34288.260860036,trade,bid,585.0,65.0,3688678
34288.260860036,trade,bid,585.0,6.0,4406694
34288.260860036,trade,bid,585.0,24.0,4725562
34288.337563927,trade,bid,585.0,1.0,4725562
34288.337563927,trade,bid,585.0,6.0,4726308
34288.337563927,trade,bid,585.0,8.0,4727127
34288.337563927,trade,bid,585.0,10.0,4731365
34288.337563927,trade,bid,585.0,175.0,6057645
34288.394703981,trade,bid,585.0,125.0,6057645
34288.394703981,trade,bid,585.0,40.0,7552794
34288.394703981,trade,bid,585.0,135.0,10138545
34288.724689483,add,ask,585.04,300.0,19300125
34288.724858418,add,ask,585.02,100.0,19300130
34288.725140581,trade,bid,585.0,665.0,10138545
34288.725140581,trade,bid,585.0,2087.0,10183494
34288.725218205,trade,bid,585.0,1262.0,10183494
34288.725218205,trade,bid,585.0,50.0,18572243
34288.725218205,trade,bid,585.0,66.0,19281684
34288.725218205,trade,bid,585.0,6.0,19281706
34288.725218205,trade,bid,585.0,10.0,19281711
34288.725218205,trade,bid,585.0,5.0,19281740
34288.725218205,trade,bid,585.0,3.0,19281750
34288.725218205,trade,bid,585.0,10.0,19281754
34288.725218205,trade,bid,585.0,5.0,19281761
34288.725218205,trade,bid,585.0,5.0,19281765
34288.725218205,trade,bid,585.0,50.0,19281773
34288.725310169,add,ask,585.01,50.0,19300154
34288.725325865,add,ask,585.01,100.0,19300155
34288.725360959,add,ask,585.01,100.0,19300157
34288.725439872,trade,ask,585.01,50.0,19300154
34288.725439872,trade,ask,585.01,50.0,19300157
34288.725479499,trade,bid,584.99,2.0,16166175
34288.725479499,trade,bid,584.97,5.0,12727870
34288.72553753,cancel,ask,585.01,50.0,19300157
34288.72553753,add,ask,585.01,50.0,19300164
34288.725560496,add,ask,585.01,50.0,19300166
34288.725639165,cancel,ask,585.01,50.0,19300164
34288.725639165,add,ask,585.01,50.0,19300171
34288.725677485,trade,ask,585.01,50.0,19300166
34288.725677485,trade,ask,585.01,50.0,19300171
34288.726481689,trade,bid,584.95,23.0,8712887
34288.726568752,trade,bid,584.95,23.0,8712887
34288.726584723,trade,bid,584.95,4.0,8712887
34288.727028043,trade,bid,584.93,200.0,12962720
34288.727115472,trade,bid,584.93,13.0,12962720
34288.727131258,trade,bid,584.93,87.0,12962720
34288.733526741,trade,bid,584.9,50.0,16261926
34288.733618791,add,ask,584.99,100.0,19300531
34288.770969403,add,ask,584.97,100.0,19301917
34289.317897608,cancel,ask,584.97,100.0,19301917
34289.527049784,add,ask,584.95,100.0,19314759
34289.818734718,cancel,ask,584.95,100.0,19314759
34289.884308585,add,ask,584.97,100.0,19320445
34290.611030563,trade,bid,584.8,20.0,2117277
34290.611113017,add,ask,584.93,100.0,19333486
34290.611600353,trade,bid,584.71,5.0,19329655
34290.736078392,add,ask,584.9,100.0,19335255
34291.033125417,trade,bid,584.69,10.0,877391
34291.033125417,trade,bid,584.69,3.0,hidden_1250
34291.033125417,trade,bid,584.68,23.0,hidden_1251
34291.033219724,add,ask,584.86,100.0,19340875
34291.046208367,trade,bid,584.67,27.0,hidden_1253
34291.046208367,trade,bid,584.65,73.0,11438128
34291.19828947,cancel,ask,584.86,100.0,19340875
34291.200875325,cancel,ask,584.9,100.0,19335255
34291.20324552,add,ask,584.84,100.0,19344648
34291.204057184,cancel,ask,584.84,100.0,19344648
34291.209983199,trade,bid,584.65,200.0,11438128
34291.466544724,add,ask,585.0,200.0,19352093
34291.582373887,cancel,ask,585.0,200.0,19352093
34291.584592378,add,ask,584.95,100.0,19355500
34291.744590668,cancel,ask,584.95,100.0,19355500
34291.747577457,add,ask,584.9,100.0,19359897
34291.806903906,cancel,ask,584.9,100.0,19359897
34291.809313582,add,ask,584.86,100.0,19360852
34291.814219233,cancel,ask,584.86,100.0,19360852
34291.86740175,add,ask,584.95,200.0,19361884
34293.270308721,trade,bid,584.72,49.0,hidden_1269
34293.270308721,trade,bid,584.72,51.0,hidden_1270
34293.752142428,cancel,ask,584.95,200.0,19361884
34293.967906396,add,ask,584.95,100.0,19412142
34296.00851097,add,ask,584.94,2.0,19453439
34296.171066895,add,ask,584.94,100.0,19457464
34296.815549138,cancel,ask,584.94,100.0,19457464
34296.81787371,add,ask,584.93,100.0,19468200
34297.208815143,trade,ask,584.92,4.0,hidden_1277
34297.209226118,trade,ask,584.92,100.0,hidden_1278
34297.209845157,trade,ask,584.92,56.0,hidden_1279
34297.209845157,trade,ask,584.92,44.0,hidden_1280
34297.212700845,trade,ask,584.92,100.0,hidden_1281
34297.219460878,trade,ask,584.92,100.0,hidden_1282
34297.35971413,trade,ask,584.92,56.0,hidden_1283
34297.35971413,trade,ask,584.92,44.0,hidden_1284
34297.359875809,trade,ask,584.92,100.0,hidden_1285
34297.560045359,trade,bid,584.79,100.0,hidden_1286
34297.564673576,trade,bid,584.78,100.0,hidden_1287
34297.635945497,trade,bid,584.65,27.0,11438128
34297.635945497,trade,bid,584.64,20.0,19461544
34297.635945497,trade,bid,584.64,2.0,hidden_1290
34297.635945497,trade,bid,584.63,5.0,18808029
34297.635945497,trade,bid,584.63,46.0,19457332
34297.636034158,add,ask,584.9,100.0,19501647
34297.63978556,trade,bid,584.63,54.0,19457332
34297.63978556,trade,bid,584.62,5.0,18795546
34297.63978949,trade,bid,584.61,5.0,18786479
34297.639868298,add,ask,584.89,100.0,19501755
34297.734218655,add,ask,584.89,200.0,19503707
34297.788290593,cancel,ask,584.89,100.0,19501755
34298.131527321,trade,bid,584.63,100.0,hidden_1300
34301.616326243,trade,ask,584.86,50.0,hidden_1301
34303.448555454,trade,ask,584.86,50.0,hidden_1302
34303.448555454,trade,ask,584.87,50.0,hidden_1303
34303.450171221,cancel,ask,584.89,200.0,19503707
34303.472545824,trade,bid,584.67,180.0,hidden_1305
34303.484131967,add,ask,584.9,100.0,19621463
34303.633940493,cancel,ask,584.9,100.0,19621463
34303.636527352,add,ask,584.87,100.0,19624605
34303.640587376,cancel,ask,584.87,100.0,19624605
34303.69658252,add,ask,584.94,100.0,19625489
34305.095907735,trade,ask,584.87,50.0,hidden_1311
34305.095907735,trade,ask,584.91,50.0,hidden_1312
34305.098815535,trade,ask,584.93,49.0,hidden_1313
34305.098815535,trade,ask,584.94,2.0,19453439
34305.098815535,trade,ask,584.94,100.0,19625489
34305.09956531,cancel,ask,585.02,20.0,19300249
34305.099680933,add,ask,585.05,20.0,19673190
34305.099850554,cancel,ask,585.05,20.0,19673190
34305.100266031,add,bid,585.0,100.0,19673222
34305.100919551,trade,ask,585.04,56.0,hidden_1320
34305.100919551,trade,ask,585.05,44.0,19622978
34305.102384427,add,ask,585.05,100.0,19673315
34305.102707308,trade,bid,585.0,100.0,19673222
34305.102778041,add,ask,585.04,100.0,19673335
34305.114148562,trade,ask,585.04,100.0,19673335
34305.114575046,add,ask,585.04,100.0,19673611
34305.11464071,add,ask,585.04,100.0,19673612
34305.114954126,trade,ask,585.04,100.0,19673611
34305.114954126,trade,ask,585.04,100.0,19673612
34305.115051218,trade,ask,585.05,56.0,19622978
34305.115071463,trade,ask,585.08,20.0,19673585
34305.115479592,cancel,ask,585.14,100.0,19673624
34305.116128437,cancel,ask,585.14,100.0,19673603
34305.116187222,add,ask,585.16,100.0,19673660
34305.116657325,cancel,ask,585.16,100.0,19673660
34305.116908184,add,ask,585.14,100.0,19673713
34305.117211975,add,bid,584.6,100.0,19673720
34305.118484312,cancel,ask,585.14,100.0,19673713
34305.118490539,add,ask,585.23,100.0,19673741
34305.119195738,add,ask,585.23,100.0,19673775
34305.119411437,cancel,ask,585.23,100.0,19673741
34305.119668622,cancel,ask,585.23,100.0,19673775
34305.120101375,add,ask,585.29,100.0,19673813
34305.12024044,add,ask,585.19,100.0,19673824
34305.121609072,cancel,ask,585.19,100.0,19673824
34305.121609814,add,ask,585.29,100.0,19673874
34305.122293066,add,ask,585.29,100.0,19673917
34305.123763025,add,ask,585.19,100.0,19673990
34305.124700494,cancel,ask,585.19,100.0,19673990
34305.125406611,add,ask,585.2,100.0,19674073
34305.125875521,cancel,ask,585.2,100.0,19674073
34305.126136913,cancel,ask,585.21,100.0,19674093
34305.126558608,add,ask,585.27,100.0,19674145
34305.126702906,add,ask,585.2,100.0,19674154
34305.127169606,cancel,ask,585.2,100.0,19674154
34305.127525067,cancel,ask,585.21,100.0,19674169
34305.128193705,add,ask,585.23,100.0,19674241
34305.12865844,cancel,ask,585.23,100.0,19674241
34305.129329782,add,ask,585.24,100.0,19674275
34305.129775049,cancel,ask,585.24,100.0,19674244
34305.129797528,cancel,ask,585.24,100.0,19674275
34305.130441491,add,ask,585.27,100.0,19674300
34305.130641952,add,ask,585.27,100.0,19674308
34305.1307218,add,ask,585.25,200.0,19674309
34305.131189133,cancel,ask,585.25,200.0,19674309
34305.131602497,add,ask,585.24,200.0,19674351
34305.132096812,add,ask,585.08,100.0,19674373
34305.196811739,cancel,ask,585.08,100.0,19674373
34305.198090308,add,ask,585.27,200.0,19675926
34305.199907331,cancel,ask,585.27,200.0,19675926
34305.527462612,add,ask,585.13,100.0,19681489
34305.750995193,trade,ask,585.11,200.0,hidden_1372
34305.850784765,add,bid,584.67,20.0,19688207
34305.850857887,add,bid,584.67,100.0,19688208
34305.988655765,cancel,ask,585.13,100.0,19681489
34306.014016602,add,ask,585.22,100.0,19691512
34306.817398952,cancel,ask,585.22,100.0,19691512
34306.881904199,add,ask,585.17,100.0,19708267
34306.965749406,cancel,ask,585.17,100.0,19708267
34307.041530663,add,ask,585.17,100.0,19712154
34307.099099434,cancel,ask,585.17,100.0,19712154
34307.102029995,add,ask,585.13,100.0,19715367
34307.104120319,cancel,ask,585.13,100.0,19715367
34307.148348046,add,ask,585.18,100.0,19717911
34307.179353862,cancel,ask,585.18,100.0,19717911
34307.265156556,add,ask,585.22,100.0,19722294
34307.277117649,trade,ask,585.18,3.0,hidden_1387
34307.277117649,trade,ask,585.18,97.0,hidden_1388
34307.282715862,cancel,ask,585.22,100.0,19722294
34307.284577512,add,ask,585.35,200.0,19722953
34307.293114044,cancel,ask,585.35,200.0,19722953
34307.293768011,add,ask,585.37,200.0,19723278
34307.29950428,cancel,ask,585.37,200.0,19723278
34307.300146468,add,ask,585.39,200.0,19723419
34307.406032471,add,ask,585.3,100.0,19724821
34309.160090854,add,bid,584.88,200.0,19773188
34309.160158059,add,bid,584.88,100.0,19773190
34309.163231458,cancel,bid,584.88,200.0,19773188
34309.204020735,cancel,ask,585.3,100.0,19724821
34309.208264288,add,ask,585.15,100.0,19776546
34309.397581847,add,ask,585.14,1.0,19783783
34309.448904884,cancel,ask,585.14,1.0,19783783
34309.448904884,add,ask,585.39,1.0,19785087
34309.451456255,add,ask,585.05,100.0,19785142
34309.451572102,add,ask,585.04,1.0,19785149
34309.515232115,cancel,ask,585.04,1.0,19785149
34309.515232115,add,ask,585.39,1.0,19786572
34309.517765457,add,ask,585.04,100.0,19786631
34309.517892721,add,ask,585.03,1.0,19786636
34309.520154119,cancel,ask,585.03,1.0,19786636
34309.520154119,add,ask,585.39,1.0,19786734
34309.572563152,add,ask,585.05,100.0,19787819
34309.572687415,add,ask,585.04,1.0,19787822
34309.623711603,cancel,ask,585.04,1.0,19787822
34309.623711603,add,ask,585.39,1.0,19788846
34309.626991643,add,ask,585.04,100.0,19789055
34309.627124773,add,ask,585.03,1.0,19789062
34309.629974124,cancel,ask,585.03,1.0,19789062
34309.629974124,add,ask,585.39,1.0,19789191
34309.748408819,add,ask,585.36,18.0,19791611
34309.748541896,add,ask,585.35,1.0,19791619
34309.799113349,add,ask,585.05,100.0,19792756
34309.799235274,add,ask,585.04,1.0,19792760
34309.994551822,cancel,ask,585.04,1.0,19792760
34309.994551822,add,ask,585.35,1.0,19798800
34309.994817066,cancel,ask,585.35,1.0,19798800
34309.994817066,add,ask,585.39,1.0,19798988
34309.998544497,add,ask,585.36,18.0,19800596
34309.998690006,add,ask,585.35,1.0,19800632
34309.999127455,add,ask,585.04,100.0,19800798
34309.99926395,add,ask,585.03,1.0,19800860
34310.002068208,cancel,ask,585.03,1.0,19800860
34310.002068208,add,ask,585.35,1.0,19801765
34310.005217125,add,ask,585.32,18.0,19802435
34310.005360717,add,ask,585.31,1.0,19802469
34310.052375914,add,ask,585.05,100.0,19808795
34310.052511001,add,ask,585.04,1.0,19808806
34310.116845233,cancel,ask,585.04,1.0,19808806
34310.116845233,add,ask,585.31,1.0,19813405
34310.117026476,cancel,ask,585.31,1.0,19813405
34310.117026476,add,ask,585.39,1.0,19813420
34310.119214476,add,ask,585.04,100.0,19813501
34310.119335127,add,ask,585.03,1.0,19813513
34310.121684846,cancel,ask,585.03,1.0,19813513
34310.121684846,add,ask,585.39,1.0,19813644
34310.154952328,add,ask,585.05,100.0,19815063
34310.155076366,add,ask,585.04,1.0,19815067
34310.22905144,cancel,ask,585.04,1.0,19815067
34310.22905144,add,ask,585.39,1.0,19817791
34310.23149353,add,ask,585.04,100.0,19817901
34310.231617827,add,ask,585.03,1.0,19817911
34310.234002067,cancel,ask,585.03,1.0,19817911
34310.234002067,add,ask,585.39,1.0,19817994
34310.244165283,add,ask,585.25,100.0,19818296
34310.244295795,add,ask,585.24,1.0,19818308
34310.315440102,add,ask,585.23,18.0,19822538
34310.31558608,add,ask,585.22,1.0,19822546
34310.324364146,add,ask,585.05,100.0,19823406
34310.324496269,add,ask,585.04,1.0,19823415
34310.36202301,cancel,ask,585.04,1.0,19823415
34310.36202301,add,ask,585.22,1.0,19824928
34310.36485041,add,ask,585.04,100.0,19825030
34310.364974219,add,ask,585.03,1.0,19825039
34310.367887294,cancel,ask,585.03,1.0,19825039
34310.367887294,add,ask,585.22,1.0,19825128
34310.725535168,add,ask,585.05,100.0,19833840
34310.725695068,add,ask,585.04,1.0,19833852
34310.95991734,cancel,ask,585.04,1.0,19833852
34310.95991734,add,ask,585.39,1.0,19839424
34310.998092265,add,ask,585.36,18.0,19840347
34310.99821845,add,ask,585.35,1.0,19840359
34311.077831634,add,ask,585.32,18.0,19842389
34311.077960146,add,ask,585.31,1.0,19842395
34311.217451005,add,ask,585.06,100.0,19845675
34311.217586632,add,ask,585.05,1.0,19845683
34311.296344591,cancel,ask,585.05,1.0,19845683
34311.296344591,add,ask,585.39,1.0,19847375
34311.298656881,add,ask,585.05,100.0,19847477
34311.298784894,add,ask,585.04,1.0,19847483
34311.311165158,add,bid,585.0,20.0,19847687
34311.311241038,add,bid,585.0,100.0,19847691
34311.327923591,trade,bid,585.0,20.0,19847687
34311.327923591,trade,bid,585.0,100.0,19847691
34311.33419413,cancel,ask,585.04,1.0,19847483
34311.33419413,add,ask,585.39,1.0,19848156
34311.336530624,add,ask,585.04,100.0,19848206
34311.336642887,add,ask,585.03,1.0,19848211
34311.339067314,cancel,ask,585.03,1.0,19848211
34311.339067314,add,ask,585.39,1.0,19848246
34311.408707648,add,ask,585.05,100.0,19849480
34311.408825913,add,ask,585.04,1.0,19849483
34311.550232187,cancel,ask,585.04,1.0,19849483
34311.550232187,add,ask,585.39,1.0,19851760
34311.552527426,add,ask,585.04,100.0,19851835
34311.552650248,add,ask,585.03,1.0,19851841
34311.555784668,cancel,ask,585.03,1.0,19851841
34311.555784668,add,ask,585.39,1.0,19851904
34311.648195672,add,ask,585.36,18.0,19853018
34311.648331802,add,ask,585.35,1.0,19853023
34311.652872253,add,ask,585.25,100.0,19853120
34311.652984135,add,ask,585.24,1.0,19853122
34311.821882364,add,ask,585.05,100.0,19856307
34311.822015329,add,ask,585.04,1.0,19856309
34312.02149222,cancel,ask,585.04,1.0,19856309
34312.02149222,add,ask,585.24,1.0,19860583
34312.023733399,add,ask,585.04,100.0,19860697
34312.023864304,add,ask,585.03,1.0,19860703
34312.02474739,cancel,ask,585.03,1.0,19860703
34312.02474739,add,ask,585.24,1.0,19860751
34312.086544489,add,ask,585.05,100.0,19862344
34312.086682344,add,ask,585.04,1.0,19862350
34312.163954406,cancel,ask,585.04,1.0,19862350
34312.163954406,add,ask,585.24,1.0,19864036
34312.16728293,add,ask,585.04,100.0,19864127
34312.167397644,add,ask,585.03,1.0,19864128
34312.169538775,cancel,ask,585.03,1.0,19864128
34312.169538775,add,ask,585.24,1.0,19864205
34312.176880335,add,ask,585.23,18.0,19864346
34312.176998868,add,ask,585.22,1.0,19864351
34312.292782092,add,ask,585.05,100.0,19867474
34312.292911944,add,ask,585.04,1.0,19867482
34312.36495913,cancel,ask,585.04,1.0,19867482
34312.36495913,add,ask,585.24,1.0,19868862
34312.367712292,add,ask,585.04,100.0,19868900
34312.367841804,add,ask,585.03,1.0,19868903
34312.370549721,cancel,ask,585.03,1.0,19868903
34312.370549721,add,ask,585.24,1.0,19868949
34312.546192839,add,ask,585.24,18.0,19872763
34312.580816364,add,ask,585.23,18.0,19873203
34312.580946322,add,ask,585.22,1.0,19873206
34312.692705533,add,bid,584.85,100.0,19874578
34312.692934124,cancel,ask,585.22,1.0,19873206
34312.692934124,add,ask,585.24,1.0,19874584
34312.696138293,add,ask,585.05,100.0,19874629
34312.6962632,add,ask,585.04,1.0,19874631
34312.766945009,cancel,ask,585.04,1.0,19874631
34312.766945009,add,ask,585.24,1.0,19876103
34312.769107678,add,ask,585.04,100.0,19876171
34312.76922784,add,ask,585.03,1.0,19876176
34312.771974591,cancel,ask,585.03,1.0,19876176
34312.771974591,add,ask,585.24,1.0,19876273
34312.838170779,add,ask,585.06,100.0,19877346
34312.838293174,add,ask,585.05,1.0,19877349
34312.951664388,cancel,ask,585.05,1.0,19877349
34312.951664388,add,ask,585.24,1.0,19879283
34312.954094896,add,ask,585.05,100.0,19879344
34312.954218211,add,ask,585.04,1.0,19879346
34312.999029565,cancel,ask,585.04,1.0,19879346
34312.999029565,add,ask,585.24,1.0,19879935
34313.002263677,add,ask,585.04,100.0,19880001
34313.002384633,add,ask,585.03,1.0,19880004
34313.005466811,cancel,ask,585.03,1.0,19880004
34313.005466811,add,ask,585.24,1.0,19880053
34313.023447132,add,ask,585.23,18.0,19880668
34313.023573127,add,ask,585.22,1.0,19880674
34313.995827507,add,ask,585.05,100.0,19895075
34313.995977483,add,ask,585.04,1.0,19895082
34314.089811483,cancel,ask,585.04,1.0,19895082
34314.089811483,add,ask,585.39,1.0,19901981
34314.098327118,add,ask,585.04,100.0,19902325
34314.098453452,add,ask,585.03,1.0,19902335
34314.1029786,cancel,ask,585.03,1.0,19902335
34314.1029786,add,ask,585.39,1.0,19902443
34314.157621009,add,ask,585.05,100.0,19903746
34314.157741312,add,ask,585.04,1.0,19903753
34314.162400629,cancel,ask,585.04,1.0,19903753
34314.162400629,add,ask,585.39,1.0,19903891
34314.163066264,add,ask,585.29,200.0,19903928
34314.163181343,add,ask,585.28,1.0,19903935
34314.192607631,add,ask,585.24,400.0,19904952
34314.192726338,add,ask,585.23,1.0,19904957
34314.29024433,cancel,ask,585.23,1.0,19904957
34314.29024433,add,ask,585.23,2.0,19906681
34314.412405332,cancel,ask,585.23,2.0,19906681
34314.412405332,add,ask,585.28,2.0,19909406
34314.414782159,add,ask,585.23,200.0,19909443
34314.414904977,add,ask,585.22,2.0,19909444
34314.419782953,cancel,ask,585.22,2.0,19909444
34314.419782953,add,ask,585.28,2.0,19909485
34314.456260577,add,ask,585.23,100.0,19909978
34314.456375965,add,ask,585.22,2.0,19909980
34314.517406825,cancel,ask,585.22,2.0,19909980
34314.517406825,add,ask,585.28,2.0,19910890
34314.51955115,add,ask,585.22,200.0,19910915
34314.5196767,add,ask,585.21,2.0,19910920
34314.521860135,add,ask,585.21,200.0,19910949
34314.523132689,add,ask,585.2,200.0,19910984
34314.523251019,add,ask,585.19,2.0,19910988
34314.524017898,add,ask,585.19,200.0,19911003
34314.529106369,add,ask,585.18,200.0,19911184
34314.529219642,add,ask,585.17,2.0,19911187
34314.53436952,add,ask,585.17,200.0,19911374
34314.720647537,add,ask,585.17,200.0,19913679
34315.173092947,add,ask,585.16,100.0,19923143
34315.173229797,add,ask,585.15,2.0,19923145
34315.173894352,add,ask,585.15,100.0,19923160
34315.17553716,add,ask,585.15,100.0,19923176
34315.178837471,add,ask,585.15,100.0,19923221
34315.360172062,cancel,ask,585.15,100.0,19923221
34315.363474944,add,ask,585.14,100.0,19926577
34315.363596768,add,ask,585.13,2.0,19926580
34315.663381846,trade,ask,585.06,100.0,hidden_1602
34315.663381846,trade,ask,585.13,2.0,19926580
34315.663381846,trade,ask,585.13,100.0,hidden_1604
34315.663381846,trade,ask,585.14,100.0,19926577
34315.663381846,trade,ask,585.14,100.0,hidden_1606
34315.664672506,cancel,ask,585.17,100.0,19927913
34315.664673891,cancel,ask,585.17,100.0,19927930
34315.665349157,add,ask,585.22,200.0,19931406
34315.667433836,trade,ask,585.21,100.0,hidden_1610
34315.667433836,trade,ask,585.21,100.0,hidden_1611
34315.667591094,trade,ask,585.21,200.0,hidden_1612
34315.667748259,trade,ask,585.22,98.0,19931406
34315.669261689,cancel,ask,585.22,102.0,19931406
34315.688947082,add,ask,585.27,100.0,19931829
34315.694620591,cancel,ask,585.27,100.0,19931829
34315.695279595,add,ask,585.29,100.0,19931897
34315.701817362,add,ask,585.24,100.0,19931989
34315.703982803,cancel,ask,585.24,100.0,19931989
34315.729661532,cancel,ask,585.29,100.0,19931897
34315.887398315,add,ask,585.16,100.0,19934075
34316.025760338,cancel,ask,585.16,100.0,19934075
34316.028140815,add,ask,585.14,100.0,19936008
34316.272065499,add,ask,585.12,2.0,19939731
34316.777169467,trade,ask,585.12,2.0,19939731
34316.780589698,cancel,ask,585.16,200.0,19946584
34316.782981694,add,ask,585.15,100.0,19947998
34316.785215534,cancel,ask,585.15,100.0,19947998
34316.932500833,add,ask,585.16,100.0,19950006
34316.992529697,cancel,ask,585.16,100.0,19950006
34316.995502615,add,ask,585.15,100.0,19950978
34316.996105515,cancel,ask,585.15,100.0,19950978
34316.998091111,add,ask,585.28,100.0,19951002
34317.03043721,add,ask,585.16,100.0,19951974
34317.178230503,cancel,ask,585.16,100.0,19951974
34317.180752547,add,ask,585.15,100.0,19955171
34317.181669209,cancel,ask,585.15,100.0,19955171
34317.186155259,trade,ask,585.15,60.0,hidden_1638
34317.225922351,add,ask,585.16,100.0,19955844
34317.40376508,cancel,ask,585.16,100.0,19955844
34317.406323658,add,ask,585.15,100.0,19958969
34317.40666596,cancel,ask,585.15,100.0,19958969
34317.557578584,add,ask,585.16,100.0,19960626
34318.071429248,trade,ask,585.15,40.0,hidden_1644
34318.071429248,trade,ask,585.16,18.0,19960626
34318.142390484,trade,ask,585.16,82.0,19960626
34318.152336954,cancel,ask,585.29,100.0,19975793
34318.153058462,add,ask,585.35,100.0,19976432
34318.200816019,add,ask,585.16,100.0,19977560
34318.200932155,trade,ask,585.16,100.0,19977560
34318.236830357,cancel,ask,585.35,100.0,19976432
34318.236831159,cancel,ask,585.35,100.0,19976374
34318.237500785,add,ask,585.37,200.0,19978445
34318.252768602,add,ask,585.35,200.0,19978742
34318.266309795,add,ask,585.3,100.0,19979081
34318.902649231,cancel,ask,585.3,100.0,19979081
34318.937716878,add,ask,585.29,300.0,19990425
34318.940472525,cancel,ask,585.29,300.0,19990425
34318.973000057,add,ask,585.3,100.0,19991108
34320.34426528,add,ask,585.22,100.0,20027255
34320.346317414,trade,ask,585.22,47.0,20027255
34320.529611449,trade,ask,585.22,53.0,20027255
34321.148802785,cancel,ask,585.3,100.0,19991108
34321.2483094,add,ask,585.28,100.0,20052179
34321.361237877,trade,ask,585.27,100.0,hidden_1665
34321.372556963,cancel,ask,585.28,100.0,20052179
34321.455688936,add,bid,585.01,100.0,20057598
34321.641264156,add,ask,585.28,100.0,20061909
34321.65342282,cancel,bid,585.01,100.0,20057598
34321.738103175,cancel,ask,585.28,100.0,20061909
34322.081486057,add,ask,585.28,100.0,20071326
34322.088117915,cancel,ask,585.28,100.0,20071326
34322.160386028,add,ask,585.28,100.0,20073772
34322.164835734,cancel,ask,585.28,100.0,20073772
34322.206147556,add,ask,585.3,100.0,20075374
34322.248089281,add,bid,584.99,100.0,20076724
34322.935811308,add,bid,585.01,147.0,20092324
34323.423567265,add,ask,585.25,100.0,20101430
34323.432357429,cancel,bid,585.01,147.0,20092324
34323.482517061,trade,ask,585.25,100.0,20101430
34323.489728592,add,ask,585.3,100.0,20103119
34323.602397047,add,bid,584.99,100.0,20106854
34324.2027449,add,bid,585.03,100.0,20118919
34324.482806635,trade,ask,585.27,100.0,hidden_1684
34324.662168056,add,bid,585.04,100.0,20128116
34324.662632898,cancel,bid,585.04,100.0,20128116
34324.663287144,add,bid,585.03,100.0,20128132
34325.482770845,trade,ask,585.28,100.0,hidden_1688
34325.530909018,cancel,ask,585.3,100.0,20075374
34325.534168223,add,ask,585.28,100.0,20149322
34325.534241968,add,ask,585.28,100.0,20149325
34326.287761321,trade,ask,585.25,100.0,hidden_1692
34326.659459616,add,bid,585.04,100.0,20171281
34326.711145513,add,ask,585.27,200.0,20172242
34326.711222641,add,ask,585.27,100.0,20172244
34326.772559247,add,ask,585.27,100.0,20173675
34327.483380739,trade,ask,585.25,100.0,hidden_1697
34327.483380739,trade,ask,585.26,100.0,hidden_1698
34328.074921686,add,bid,585.09,100.0,20204010
34328.122122394,add,bid,585.1,100.0,20204799
34328.156871232,trade,ask,585.25,100.0,hidden_1701
34328.1902282,cancel,bid,585.1,100.0,20204799
34328.705943742,cancel,ask,585.27,100.0,20173675
34328.708938268,add,ask,585.26,100.0,20224537
34328.709019557,add,ask,585.26,100.0,20224540
34329.66403288,trade,ask,585.25,76.0,hidden_1706
34329.66403288,trade,ask,585.25,124.0,hidden_1707
34329.828515159,trade,ask,585.25,76.0,hidden_1708
34329.828515159,trade,ask,585.26,100.0,20224537
34329.828515159,trade,ask,585.26,24.0,20224540
34329.829690692,trade,ask,585.26,76.0,20224540
34329.829792882,add,bid,585.14,100.0,20258679
34329.829827924,trade,ask,585.27,24.0,20172242
34329.830848205,trade,ask,585.27,100.0,20172242
34329.832713248,trade,ask,585.27,76.0,20172242
34329.832823814,add,bid,585.15,100.0,20258842
34329.833488382,add,ask,585.27,100.0,20258898
34329.834202692,trade,ask,585.27,100.0,20258898
34329.834310285,add,bid,585.16,100.0,20258946
34329.836438838,add,ask,585.27,100.0,20259055
34329.870173185,add,ask,585.27,100.0,20259941
34329.870585157,trade,ask,585.27,100.0,20259055
34329.870682796,trade,ask,585.27,100.0,20259941
34329.870752123,add,bid,585.17,100.0,20259969
34329.873277488,add,ask,585.27,100.0,20260059
34329.873376278,trade,ask,585.27,100.0,20260059
34329.873456193,add,bid,585.18,100.0,20260065
34329.91800042,add,ask,585.44,100.0,20261528
34330.037843456,cancel,ask,585.44,100.0,20261528
34330.04125788,add,ask,585.43,100.0,20266206
34330.226288418,cancel,bid,585.18,100.0,20260065
34330.604857516,cancel,ask,585.43,100.0,20266206
34330.607164533,add,ask,585.4,100.0,20282792
34330.614271805,cancel,ask,585.4,100.0,20282792
34330.668427521,add,ask,585.23,100.0,20283763
34330.67034457,trade,bid,585.17,100.0,20269160
34330.956717315,trade,bid,585.14,98.0,hidden_1737
34330.979358652,trade,bid,585.14,2.0,hidden_1738
34331.240090163,add,ask,585.23,100.0,20294779
34331.261057827,cancel,ask,585.23,100.0,20283763
34331.264408396,add,ask,585.22,100.0,20295284
34332.253506568,trade,ask,585.21,100.0,hidden_1742
34332.257417015,cancel,ask,585.22,100.0,20295284
34332.905332767,add,ask,585.22,100.0,20321804
34332.912972483,cancel,ask,585.22,100.0,20321804
34332.985479271,trade,ask,585.22,100.0,hidden_1746
34332.989827405,add,ask,585.22,100.0,20322919
34332.992594115,cancel,ask,585.22,100.0,20322919
34333.621184833,add,ask,585.23,100.0,20332734
34334.189835014,cancel,ask,585.23,100.0,20332734
34334.192748733,add,ask,585.22,100.0,20342338
34335.191665536,trade,bid,585.14,100.0,hidden_1752
34335.26982124,cancel,ask,585.22,100.0,20342338
34335.316994595,add,ask,585.2,100.0,20373376
34335.399964031,cancel,ask,585.2,100.0,20373376
34335.403410208,add,ask,585.18,100.0,20377616
34335.407283099,cancel,ask,585.18,100.0,20377616
34335.525492702,add,ask,585.2,100.0,20380208
34335.647888771,trade,bid,585.04,100.0,20171281
34335.650416598,trade,bid,585.01,20.0,20310349
34335.652877945,trade,bid,585.01,101.0,hidden_1761
34335.652877945,trade,bid,585.0,409.0,20319722
34335.65299059,trade,bid,585.0,200.0,20319722
34335.652999156,trade,bid,585.0,200.0,20319722
34335.653106169,trade,bid,585.0,191.0,20319722
34336.109206286,add,bid,585.01,147.0,20393856
34336.114692593,cancel,ask,585.2,100.0,20380208
34336.253219981,add,ask,585.2,113.0,20396563
34336.522291682,trade,bid,585.01,147.0,20393856
34336.604255673,trade,ask,585.075,100.0,hidden_1770
34337.164804966,cancel,bid,584.95,100.0,20321449
34337.172554061,trade,bid,584.96,100.0,hidden_1772
34337.182059339,trade,bid,584.96,200.0,hidden_1773
34337.209183382,trade,bid,584.89,20.0,hidden_1774
34337.209183382,trade,bid,584.88,180.0,20124860
34337.277532394,trade,bid,584.88,100.0,20124860
34338.794834055,trade,bid,584.88,20.0,20124860
34338.794834055,trade,bid,584.85,74.0,19874578
34340.511099215,add,ask,585.05,15.0,20485249
34340.511211,trade,ask,585.05,15.0,20485249
34340.637249648,cancel,ask,585.2,113.0,20396563
34341.20509332,add,ask,585.3,18.0,20497559
34341.205274091,add,ask,585.29,18.0,20497567
34341.265376671,trade,bid,585.03,27.0,hidden_1784
34341.265376671,add,ask,585.0,13.0,20499278
34341.265457199,trade,ask,585.0,13.0,20499278
34342.117679119,cancel,ask,585.29,18.0,20497567
34342.425981166,add,ask,585.21,100.0,20522118
34344.656552888,cancel,ask,585.21,100.0,20522118
34344.896524374,trade,ask,585.015,100.0,hidden_1790
34344.932862144,add,ask,585.22,100.0,20574766
34346.152304355,add,ask,585.21,1.0,20601857
34346.257670613,cancel,ask,585.21,1.0,20601857
34346.257670613,add,ask,585.32,1.0,20604198
34346.322213718,add,ask,585.21,100.0,20605201
34346.322337485,add,ask,585.2,1.0,20605208
34346.634475192,cancel,ask,585.2,1.0,20605208
34346.634475192,add,ask,585.32,1.0,20629655
34346.69239221,add,ask,585.31,18.0,20630857
34346.692522776,add,ask,585.3,1.0,20630862
34346.700641557,add,ask,585.21,100.0,20631028
34346.700755834,add,ask,585.2,1.0,20631033
34346.754370529,cancel,ask,585.2,1.0,20631033
34346.754370529,add,ask,585.3,1.0,20632357
34346.783890231,add,ask,585.21,100.0,20633190
34346.784017491,add,ask,585.2,1.0,20633201
34346.842958093,cancel,ask,585.2,1.0,20633201
34346.842958093,add,ask,585.3,1.0,20635202
34346.843073293,cancel,ask,585.3,1.0,20635202
34346.843073293,add,ask,585.32,1.0,20635204
34346.867954957,add,ask,585.21,100.0,20635807
34346.868076517,add,ask,585.2,1.0,20635815
34346.945601726,cancel,ask,585.2,1.0,20635815
34346.945601726,add,ask,585.32,1.0,20637756
34346.973704458,add,ask,585.21,100.0,20638312
34346.973826688,add,ask,585.2,1.0,20638317
34347.027794136,cancel,ask,585.2,1.0,20638317
34347.027794136,add,ask,585.32,1.0,20640217
34347.064693161,add,ask,585.21,100.0,20641257
34347.064824012,add,ask,585.2,1.0,20641260
34347.124643917,cancel,ask,585.2,1.0,20641260
34347.124643917,add,ask,585.32,1.0,20642822
34347.146759085,add,ask,585.21,100.0,20643380
34347.146883681,add,ask,585.2,1.0,20643392
34347.208569065,cancel,ask,585.2,1.0,20643392
34347.208569065,add,ask,585.32,1.0,20644964
34347.294107761,add,ask,585.31,18.0,20646754
34347.294235903,add,ask,585.3,1.0,20646761
34347.298466029,add,ask,585.21,100.0,20646839
34347.298585666,add,ask,585.2,1.0,20646845
34347.361772424,cancel,ask,585.2,1.0,20646845
34347.361772424,add,ask,585.3,1.0,20648337
34347.390016559,add,ask,585.21,100.0,20648864
34347.390142278,add,ask,585.2,1.0,20648869
34347.442321362,cancel,ask,585.2,1.0,20648869
34347.442321362,add,ask,585.3,1.0,20649845
34347.442450965,cancel,ask,585.3,1.0,20649845
34347.442450965,add,ask,585.32,1.0,20649848
34347.468807967,add,ask,585.21,100.0,20650354
34347.468928316,add,ask,585.2,1.0,20650358
34347.52144158,cancel,ask,585.2,1.0,20650358
34347.52144158,add,ask,585.21,1.0,20651395
34348.387212229,trade,bid,585.06,100.0,hidden_1843
34348.399336582,add,ask,585.2,18.0,20671975
34348.399476461,add,ask,585.19,1.0,20672010
34348.84190766,cancel,ask,585.19,1.0,20672010
34348.84190766,add,ask,585.21,1.0,20688051
34349.790710183,cancel,ask,585.21,1.0,20688051
34349.790710183,add,ask,585.43,1.0,20745126
34349.819806335,add,ask,585.4,18.0,20746060
34349.819935234,add,ask,585.39,1.0,20746074
34349.857760054,add,ask,585.21,100.0,20747282
34349.857876773,add,ask,585.2,1.0,20747286
34351.834666783,add,bid,584.86,20.0,20795950
34352.676382059,add,ask,585.19,1.0,20811254
34352.67652133,add,ask,585.18,1.0,20811257
34353.019211267,add,bid,584.86,100.0,20818430
34359.589037005,trade,bid,585.02,100.0,hidden_1858
34359.620876444,cancel,ask,585.18,1.0,20811257
34359.620876444,add,ask,585.19,1.0,20931569
34360.125785042,trade,bid,584.86,20.0,20795950
34360.125785042,trade,bid,584.86,100.0,20818430
34360.125869104,add,ask,585.19,18.0,20943797
34360.125935381,add,ask,585.16,18.0,20943804
34360.126062808,add,ask,585.15,1.0,20943812
34360.180572245,trade,bid,584.85,26.0,19874578
34360.180572245,trade,bid,584.83,54.0,hidden_1867
34360.180651977,add,ask,585.15,18.0,20945531
34360.180684335,add,ask,585.14,18.0,20945534
34360.180806247,add,ask,585.13,1.0,20945537
34360.185526607,trade,bid,584.83,46.0,hidden_1871
34360.185526607,trade,bid,584.82,154.0,20118700
34360.185621411,trade,bid,584.82,146.0,20118700
34360.213105955,add,ask,585.09,100.0,20946411
34360.213240994,add,ask,585.08,1.0,20946429
34360.997028418,cancel,ask,585.08,1.0,20946429
34360.997028418,add,ask,585.19,1.0,20959660
34361.014614546,add,ask,585.15,100.0,20960170
34361.014728224,add,ask,585.14,1.0,20960173
34361.272782738,add,ask,585.14,200.0,20966691
34361.353245862,add,bid,584.8,20.0,20968276
34361.542586508,cancel,bid,584.8,98.0,20340616
34361.54797492,add,bid,584.81,98.0,20971737
34361.557315387,add,ask,585.13,200.0,20971845
34361.5574466,add,ask,585.12,1.0,20971846
34363.680013833,add,ask,585.12,200.0,21028711
34364.40473811,add,bid,584.96,100.0,21053652
34364.41687805,cancel,ask,585.12,200.0,21028711
34364.417011044,cancel,ask,585.12,1.0,20971846
34364.417011044,add,ask,585.19,1.0,21053903
34364.417555294,add,ask,585.13,200.0,21053920
34364.417679853,add,ask,585.12,1.0,21053926
34364.51010034,cancel,ask,585.12,1.0,21053926
34364.51010034,add,ask,585.19,1.0,21055953
34364.510637417,add,ask,585.14,200.0,21055976
34364.510748854,add,ask,585.13,1.0,21055982
34364.522121281,cancel,ask,585.13,1.0,21055982
34364.522121281,add,ask,585.19,1.0,21056283
34364.522650872,add,ask,585.15,200.0,21056297
34364.522769682,add,ask,585.14,1.0,21056301
34364.563483903,add,ask,585.0,50.0,21057173
34364.563584679,trade,ask,585.0,50.0,21057173
34364.563612597,cancel,ask,585.14,1.0,21056301
34364.563612597,add,ask,584.99,1.0,21057185
34364.563664043,add,bid,584.97,100.0,21057188
34364.563719906,trade,ask,584.99,1.0,21057185
34364.564377687,trade,bid,584.97,100.0,21057188
34365.112000605,add,ask,585.14,200.0,21071382
34365.11395034,cancel,ask,585.14,200.0,21071382
34365.114620443,add,ask,585.15,200.0,21071449
34365.115109986,cancel,ask,585.15,200.0,21071449
34365.11579965,add,ask,585.17,200.0,21071497
34365.127802438,add,ask,585.16,200.0,21072180
34365.149184832,add,ask,585.15,200.0,21072898
34365.460776145,cancel,ask,585.15,200.0,21072898
34365.461433684,add,ask,585.18,200.0,21078970
34365.48970765,add,ask,585.16,200.0,21079373
34365.49043962,cancel,ask,585.16,200.0,21079373
34365.491114302,add,ask,585.19,200.0,21079393
34365.520729639,add,ask,585.17,200.0,21079947
34365.550750827,add,ask,585.15,200.0,21080489
34365.551513831,cancel,ask,585.15,200.0,21080489
34365.552163226,add,ask,585.19,200.0,21080512
34365.571789458,add,ask,585.17,200.0,21080797
34365.585389237,add,bid,585.0,100.0,21081087
34365.58631885,cancel,ask,585.17,200.0,21080797
34368.744255126,trade,bid,585.0,100.0,21081087
34368.74433378,add,ask,585.15,100.0,21138365
34368.769351188,trade,bid,584.96,26.0,21053652
34368.902286524,cancel,ask,585.15,100.0,21138365
34369.204455932,add,bid,584.97,100.0,21148173
34370.182565512,add,bid,585.0,98.0,21166445
34372.185239611,add,bid,585.01,100.0,21200369
34372.228949873,trade,bid,585.01,50.0,21200369
34372.816662965,add,ask,585.09,100.0,21208177
34374.062761932,add,bid,585.02,100.0,21228099
34374.61141273,trade,ask,585.08,66.0,hidden_1937
34374.611475228,trade,ask,585.08,66.0,hidden_1938
34374.611583344,trade,ask,585.08,68.0,hidden_1939
34374.611583344,trade,ask,585.08,32.0,hidden_1940
34374.871731527,trade,ask,585.08,200.0,hidden_1941
34374.897020856,trade,ask,585.08,68.0,hidden_1942
34374.897020856,trade,ask,585.08,132.0,hidden_1943
34374.897096687,trade,ask,585.08,100.0,hidden_1944
34374.897151998,trade,ask,585.08,100.0,hidden_1945
34375.004256575,trade,ask,585.08,58.0,hidden_1946
34375.004256575,trade,ask,585.09,42.0,21208177
34375.019670433,trade,ask,585.09,58.0,21208177
34375.019758525,add,bid,585.05,100.0,21242296
34375.020577761,add,bid,585.06,100.0,21242340
34375.37258926,cancel,bid,585.06,100.0,21242340
34375.37258926,add,bid,585.02,100.0,21248359
34375.819492677,trade,ask,585.2,100.0,20840200
34375.819564105,add,bid,585.03,100.0,21256274
34375.820416237,add,bid,585.04,100.0,21256308
34375.942471694,cancel,bid,585.04,100.0,21256308
34375.942471694,add,bid,585.17,100.0,21257845
34375.943051955,cancel,bid,585.17,100.0,21257845
34375.943051955,add,bid,585.21,100.0,21257865
34375.943331381,cancel,ask,585.27,100.0,21190742
34375.943610986,cancel,bid,585.21,100.0,21257865
34375.943610986,add,bid,585.17,100.0,21257900
34375.944032568,add,ask,585.31,100.0,21257921
34375.944158615,cancel,bid,585.17,100.0,21257900
34375.944838991,add,bid,585.18,100.0,21257976
34375.944920885,cancel,ask,585.31,100.0,21257921
34375.944927073,add,ask,585.33,100.0,21257981
34375.945528881,cancel,ask,585.33,100.0,21257981
34375.946187384,add,ask,585.37,100.0,21258039
34375.949441599,cancel,bid,585.18,100.0,21257976
34375.949441599,add,bid,585.17,100.0,21258089
34375.950010405,cancel,bid,585.17,100.0,21258089
34375.950010405,add,bid,585.07,100.0,21258110
34375.950564427,cancel,bid,585.07,100.0,21258110
34375.950564427,add,bid,585.16,100.0,21258123
34375.95198926,add,ask,585.33,100.0,21258150
34375.952454495,cancel,bid,585.16,100.0,21258123
34375.952454495,add,bid,585.09,100.0,21258157
34376.017094776,add,bid,585.22,300.0,21259536
34376.017878798,add,bid,585.23,100.0,21259570
34376.018478982,cancel,bid,585.23,100.0,21259570
34376.018478982,add,bid,585.22,100.0,21259585
34376.019030672,cancel,bid,585.22,100.0,21259585
34376.01958435,add,bid,585.23,100.0,21259611
34376.020502158,cancel,bid,585.23,100.0,21259611
34376.020502158,add,bid,585.22,100.0,21259625
34376.02122329,cancel,bid,585.22,100.0,21259625
34376.02122329,add,bid,585.23,100.0,21259645
34376.021783759,cancel,bid,585.23,100.0,21259645
34376.021783759,add,bid,585.22,100.0,21259684
34376.022335411,cancel,bid,585.22,100.0,21259684
34376.02289302,add,bid,585.23,100.0,21259733
34376.023679056,cancel,bid,585.23,100.0,21259733
34376.023679056,add,bid,585.22,100.0,21259762
34376.024231881,cancel,bid,585.22,100.0,21259762
34376.024789103,add,bid,585.23,100.0,21259824
34376.025470853,cancel,bid,585.23,100.0,21259824
34376.026509629,add,bid,585.23,100.0,21259905
34376.027273529,cancel,bid,585.23,100.0,21259905
34376.027273529,add,bid,585.22,100.0,21259929
34376.028010472,cancel,bid,585.22,100.0,21259929
34376.028010472,add,bid,585.23,100.0,21259948
34376.028849143,cancel,bid,585.23,100.0,21259948
34376.029542086,add,bid,585.22,100.0,21259983
34376.030113652,cancel,bid,585.22,100.0,21259983
34376.030113652,add,bid,585.23,100.0,21260001
34376.030911033,cancel,bid,585.23,100.0,21260001
34376.030911033,add,bid,585.22,100.0,21260019
34376.03154274,cancel,bid,585.22,100.0,21260019
34376.03154274,add,bid,585.23,100.0,21260029
34376.034498491,cancel,bid,585.23,100.0,21260029
34376.034498491,add,bid,585.22,100.0,21260094
34376.035196625,cancel,bid,585.22,100.0,21260094
34376.035196625,add,bid,585.23,100.0,21260108
34376.035980769,cancel,bid,585.23,100.0,21260108
34376.035980769,add,bid,585.22,100.0,21260125
34376.036680269,cancel,bid,585.22,100.0,21260125
34376.036680269,add,bid,585.23,100.0,21260138
34376.037403486,cancel,bid,585.23,100.0,21260138
34376.037403486,add,bid,585.22,100.0,21260145
34376.037966927,cancel,bid,585.22,100.0,21260145
34376.03850959,add,bid,585.22,100.0,21260163
34376.073951801,cancel,bid,585.22,100.0,21260163
34376.073951801,add,bid,585.23,100.0,21260879
34376.443349924,cancel,bid,585.23,100.0,21260879
34376.443349924,add,bid,585.22,100.0,21266751
34376.444060455,cancel,bid,585.22,100.0,21266751
34376.444060455,add,bid,585.23,100.0,21266760
34376.444739019,cancel,bid,585.23,100.0,21266760
34376.444739019,add,bid,585.22,100.0,21266767
34376.445433205,cancel,bid,585.22,100.0,21266767
34376.445433205,add,bid,585.23,100.0,21266773
34376.446107986,cancel,bid,585.23,100.0,21266773
34376.446107986,add,bid,585.22,100.0,21266783
34376.446897283,cancel,bid,585.22,100.0,21266783
34376.446897283,add,bid,585.23,100.0,21266790
34376.447594678,cancel,bid,585.23,100.0,21266790
34376.447594678,add,bid,585.22,100.0,21266797
34376.44829674,cancel,bid,585.22,100.0,21266797
34376.44829674,add,bid,585.23,100.0,21266802
34376.47987181,trade,ask,585.33,100.0,21258150
34376.479955507,add,bid,585.24,100.0,21267127
34376.48012489,add,ask,585.33,45.0,21267134
34376.480724521,add,bid,585.25,100.0,21267162
34376.481318291,cancel,bid,585.25,100.0,21267162
34376.481318291,add,bid,585.24,100.0,21267181
34376.481849735,cancel,bid,585.24,100.0,21267181
34376.482550235,add,bid,585.24,100.0,21267216
34376.48309628,cancel,bid,585.24,100.0,21267216
34376.483638864,add,bid,585.24,100.0,21267250
34376.491289983,cancel,bid,585.24,100.0,21267250
34376.49326047,add,bid,585.24,100.0,21267385
34376.542822446,cancel,bid,585.24,100.0,21267385
34376.542822446,add,bid,585.25,100.0,21268013
34377.044937638,cancel,bid,585.25,100.0,21268013
34377.044937638,add,bid,585.27,100.0,21274489
34377.198713053,cancel,bid,585.27,100.0,21274489
34377.488643854,add,bid,585.09,75.0,21282814
34377.949035477,trade,ask,585.33,45.0,21267134
34377.949799561,add,bid,585.27,100.0,21288632
34377.950393616,cancel,bid,585.27,100.0,21288632
34377.950393616,add,bid,585.27,100.0,21288653
34377.950517818,add,ask,585.43,68.0,21288656
34377.950939977,cancel,bid,585.27,100.0,21288653
34377.950939977,add,bid,585.25,100.0,21288668
34377.951635432,cancel,bid,585.25,100.0,21288668
34377.951635432,add,bid,585.27,100.0,21288681
34378.207186838,add,bid,585.27,253.0,21292090
34378.209245557,cancel,bid,585.27,253.0,21292090
34378.876267768,trade,ask,585.41,50.0,hidden_2070
34378.876267768,trade,ask,585.42,50.0,hidden_2071
34378.878081732,add,bid,585.29,253.0,21300706
34378.878883284,add,bid,585.3,100.0,21300721
34378.883983844,add,bid,585.3,75.0,21300873
34379.284312211,trade,ask,585.43,68.0,21288656
34379.284401747,add,bid,585.31,100.0,21306855
34379.284428177,trade,ask,585.44,100.0,19509583
34379.285155374,cancel,ask,585.47,200.0,21269285
34379.285207632,add,bid,585.32,100.0,21306877
34379.285812351,add,ask,585.48,200.0,21306884
34379.287656784,cancel,ask,585.48,200.0,21306884
34379.288497646,add,bid,585.32,100.0,21306918
34379.444873368,add,bid,585.32,253.0,21309124
34379.776433548,cancel,ask,585.5,50.0,19352974
34379.780198269,cancel,bid,585.32,253.0,21309124
34379.849581856,add,ask,585.53,100.0,21313799
34379.849679343,cancel,ask,585.53,100.0,21313799
34379.85787187,trade,ask,585.43,100.0,hidden_2088
34379.868000657,cancel,ask,585.59,100.0,21308809
34379.868002908,cancel,ask,585.59,100.0,21308816
34379.868682317,add,ask,585.59,100.0,21314088
34379.868894894,add,ask,585.59,100.0,21314090
34379.869500269,cancel,ask,585.59,100.0,21314088
34379.869501878,cancel,ask,585.59,100.0,21314090
34380.056269621,add,bid,585.32,253.0,21319040
34380.060106285,cancel,bid,585.32,253.0,21319040
34380.226290292,cancel,bid,585.32,100.0,21306877
34380.226290292,add,bid,585.37,100.0,21322613
34380.228995687,add,bid,585.37,75.0,21322683
34380.368731637,trade,ask,585.63,20.0,hidden_2100
34380.368731637,trade,ask,585.63,10.0,hidden_2101
34380.652137674,add,bid,585.4,253.0,21332294
34380.653232996,add,bid,585.41,100.0,21332612
34380.656238205,trade,ask,585.62,31.0,hidden_2104
34380.659886295,add,bid,585.41,75.0,21335695
34381.15929485,add,bid,585.43,253.0,21358701
34381.160041281,add,bid,585.44,100.0,21358725
34381.161754162,add,bid,585.44,100.0,21358768
34381.210136348,add,bid,585.61,100.0,21359688
34381.210237959,trade,bid,585.61,3.0,21359688
34381.210251704,trade,bid,585.61,97.0,21359688
34381.210321456,add,ask,585.63,100.0,21359693
34381.210574876,trade,ask,585.62,69.0,hidden_2113
34381.210574876,trade,ask,585.63,31.0,21359693
34381.210936776,cancel,bid,585.44,100.0,21358725
34381.210936776,add,bid,585.62,100.0,21359746
34381.211035096,trade,bid,585.62,100.0,21359746
34381.211036878,trade,bid,585.62,100.0,hidden_2118
34381.211365408,trade,ask,585.61,200.0,hidden_2119
34381.364643613,cancel,ask,585.63,69.0,21359693
34381.610278637,add,ask,585.61,100.0,21369231
34382.319633557,add,bid,585.5,98.0,21382468
34382.32406986,cancel,ask,585.61,100.0,21369231
34382.326102856,add,bid,585.5,178.0,21382567
34382.328705269,add,bid,585.5,100.0,21382624
34382.530635292,add,bid,585.5,75.0,21385158
34383.141826573,trade,ask,585.64,100.0,19442932
34383.271963236,add,ask,585.57,100.0,21395480
34383.272977873,trade,ask,585.57,100.0,21395480
34383.273053118,add,bid,585.52,100.0,21395500
34383.275629297,add,bid,585.52,75.0,21395547
34383.345859856,add,ask,585.57,100.0,21396513
34383.345968835,trade,ask,585.57,100.0,21396513
34383.3460475,add,bid,585.53,100.0,21396518
34383.346468092,trade,bid,585.53,100.0,21396518
34383.346576762,add,ask,585.63,100.0,21396546
34383.347071217,trade,bid,585.53,3.0,hidden_2137
34383.34722297,trade,bid,585.52,100.0,21395500
34383.348343155,add,bid,585.52,178.0,21396629
34383.500296143,cancel,ask,585.63,100.0,21396546
34383.50184368,cancel,bid,585.52,178.0,21396629
34383.530834619,add,ask,585.61,18.0,21398974
34383.531685144,trade,bid,585.52,75.0,21395547
34383.532136482,trade,bid,585.5,25.0,21382468
34383.532235892,trade,bid,585.5,73.0,21382468
34383.532235892,trade,bid,585.5,100.0,21396644
34383.532937231,add,bid,585.27,200.0,21399086
34383.533587358,cancel,bid,585.27,200.0,21399086
34383.53426594,add,bid,585.14,200.0,21399172
34383.539480979,add,bid,585.15,200.0,21399360
34383.540345959,add,bid,585.16,200.0,21399422
34383.541995504,cancel,bid,585.16,200.0,21399422
34383.542662179,add,bid,585.15,200.0,21399480
34383.543129798,cancel,bid,585.15,200.0,21399480
34383.543772208,add,bid,585.14,200.0,21399507
34383.548504704,add,bid,585.15,200.0,21399586
34383.549781802,add,bid,585.16,200.0,21399611
34383.551007455,cancel,bid,585.16,200.0,21399611
34383.551715641,add,bid,585.15,200.0,21399659
34383.552195618,cancel,bid,585.15,200.0,21399659
34383.552876752,add,bid,585.14,200.0,21399716
34383.55704054,add,bid,585.15,200.0,21399868
34383.557907052,add,bid,585.16,200.0,21399882
34383.559511463,cancel,bid,585.16,200.0,21399882
34383.560164022,add,bid,585.15,200.0,21399928
34383.560652018,cancel,bid,585.15,200.0,21399928
34383.561303718,add,bid,585.14,200.0,21399962
34383.56549529,add,bid,585.15,200.0,21400015
34383.565703786,add,ask,585.58,18.0,21400021
34383.566373598,add,bid,585.16,200.0,21400052
34383.576324388,add,bid,585.17,200.0,21400261
34383.577218525,add,bid,585.18,200.0,21400281
34383.578430124,cancel,bid,585.18,200.0,21400281
34383.579078606,add,bid,585.17,200.0,21400351
34383.579574895,cancel,bid,585.17,200.0,21400351
34383.580260309,add,bid,585.14,200.0,21400384
34383.586971874,add,bid,585.15,200.0,21400508
34383.593729278,add,bid,585.16,200.0,21400598
34383.594669944,add,bid,585.17,200.0,21400623
34383.596288457,cancel,bid,585.17,200.0,21400623
34383.59693947,add,bid,585.16,200.0,21400661
34383.597400558,cancel,bid,585.16,200.0,21400661
34383.598085718,add,bid,585.14,200.0,21400684
34383.886342293,cancel,bid,585.14,200.0,21400684
34383.886521874,cancel,ask,585.58,18.0,21400021
34383.886540245,cancel,ask,585.59,18.0,21400025
34383.887004357,add,bid,585.02,100.0,21404246
34383.887702367,add,bid,585.15,178.0,21404254
34383.889291886,cancel,ask,585.63,100.0,21398996
34383.892601162,cancel,bid,585.15,178.0,21404254
34384.018099606,add,bid,585.04,200.0,21406668
34384.066315109,add,ask,585.61,18.0,21407924
34384.424135625,add,bid,585.18,178.0,21413327
34384.424261337,cancel,ask,585.61,18.0,21407924
34384.424280357,cancel,ask,585.63,18.0,21407928
34384.425330785,add,ask,585.6,204.0,21413364
34384.426273559,cancel,ask,585.6,204.0,21413364
34384.427026235,add,ask,585.6,201.0,21413397
34384.428007534,cancel,ask,585.6,201.0,21413397
34384.42904139,cancel,bid,585.18,178.0,21413327
34384.531133997,trade,ask,585.6,201.0,hidden_2201
34384.531133997,trade,ask,585.63,100.0,hidden_2202
34384.531133997,trade,ask,585.63,109.0,hidden_2203
34384.5402472,add,bid,585.03,100.0,21415541
34384.558669371,add,bid,585.09,200.0,21415799
34384.662437496,add,bid,585.14,100.0,21417065
34384.932401679,add,bid,585.14,178.0,21420571
34385.06343143,cancel,bid,585.14,178.0,21420571
34385.231956518,add,bid,585.27,201.0,21426985
34385.233230421,cancel,bid,585.27,201.0,21426985
34385.234493181,add,bid,585.27,201.0,21427123
34385.23550088,cancel,bid,585.27,201.0,21427123
34385.236601908,add,bid,585.27,201.0,21427211
34385.237626998,cancel,bid,585.27,201.0,21427211
34385.238776314,add,bid,585.27,201.0,21427294
34385.239743413,cancel,bid,585.27,201.0,21427294
34385.240869008,add,bid,585.27,201.0,21427379
34385.24197407,cancel,bid,585.27,201.0,21427379
34385.243080096,add,bid,585.27,201.0,21427430
34385.244196664,cancel,bid,585.27,201.0,21427430
34385.245231514,add,bid,585.27,201.0,21427476
34385.246239258,cancel,bid,585.27,201.0,21427476
34385.2475138,add,bid,585.27,201.0,21427532
34385.248502221,cancel,bid,585.27,201.0,21427532
34385.250118308,add,bid,585.27,201.0,21427588
34385.251113154,cancel,bid,585.27,201.0,21427588
34385.252261593,add,bid,585.27,201.0,21427673
34385.253538772,cancel,bid,585.27,201.0,21427673
34385.254790875,add,bid,585.27,201.0,21427746
34385.255825823,cancel,bid,585.27,201.0,21427746
34385.256973851,add,bid,585.27,201.0,21427845
34385.257965043,cancel,bid,585.27,201.0,21427845
34385.259296248,add,bid,585.27,201.0,21427893
34385.260301206,cancel,bid,585.27,201.0,21427893
34385.261528902,add,bid,585.27,201.0,21427941
34385.262531148,cancel,bid,585.27,201.0,21427941
34385.263670414,add,bid,585.27,201.0,21427984
34385.264671037,cancel,bid,585.27,201.0,21427984
34385.265849594,add,bid,585.27,201.0,21428027
34385.267004409,cancel,bid,585.27,201.0,21428027
34385.27095807,add,bid,585.27,201.0,21428177
34385.272071644,cancel,bid,585.27,201.0,21428177
34385.273197798,add,bid,585.27,201.0,21428230
34385.274189023,cancel,bid,585.27,201.0,21428230
34385.275347247,add,bid,585.27,201.0,21428284
34385.276326481,cancel,bid,585.27,201.0,21428284
34385.277613017,add,bid,585.27,201.0,21428335
34385.27866569,cancel,bid,585.27,201.0,21428335
34385.279809108,add,bid,585.27,201.0,21428393
34385.28081794,cancel,bid,585.27,201.0,21428393
34385.281976998,add,bid,585.27,201.0,21428423
34385.282997186,cancel,bid,585.27,201.0,21428423
34385.284220781,add,bid,585.27,201.0,21428462
34385.28532777,cancel,bid,585.27,201.0,21428462
34385.286351782,add,bid,585.27,201.0,21428503
34385.287363547,cancel,bid,585.27,201.0,21428503
34385.31579227,add,bid,585.27,201.0,21429207
34385.316837002,cancel,bid,585.27,201.0,21429207
34385.318022791,add,bid,585.27,201.0,21429268
34385.31903595,cancel,bid,585.27,201.0,21429268
34385.320155788,add,bid,585.27,201.0,21429335
34385.321154391,cancel,bid,585.27,201.0,21429335
34385.322855405,add,bid,585.27,201.0,21429408
34385.323864548,cancel,bid,585.27,201.0,21429408
34385.325141404,add,bid,585.27,201.0,21429462
34385.326201953,cancel,bid,585.27,201.0,21429462
34385.327344692,add,bid,585.27,201.0,21429509
34385.32836606,cancel,bid,585.27,201.0,21429509
34385.329526548,add,bid,585.27,201.0,21429554
34385.330548418,cancel,bid,585.27,201.0,21429554
34385.33181469,add,bid,585.27,201.0,21429580
34385.332937307,cancel,bid,585.27,201.0,21429580
34385.422551306,add,ask,585.61,18.0,21431508
34385.535920556,cancel,ask,585.61,18.0,21431508
34385.535921783,cancel,ask,585.62,18.0,21431513
34385.535924112,cancel,ask,585.63,18.0,21431514
34385.535926291,cancel,ask,585.64,18.0,21431520
34385.537187209,add,bid,585.3,178.0,21435108
34386.011333606,cancel,ask,585.64,880.0,19442932
34386.021057346,add,ask,585.64,680.0,21441899
34386.240944592,add,ask,585.61,18.0,21447208
34386.270019821,trade,bid,585.39,50.0,hidden_2282
34386.270096544,add,ask,585.6,18.0,21447678
34386.479548638,add,ask,585.59,18.0,21451246
34386.621201169,trade,ask,585.59,18.0,21451246
34386.621201169,trade,ask,585.59,50.0,hidden_2286
34386.625079912,add,ask,585.61,18.0,21452934
34386.867744251,cancel,ask,585.61,18.0,21452934
34386.867744796,cancel,ask,585.62,18.0,21452935
34386.86774723,cancel,ask,585.63,18.0,21452937
34386.87547779,add,ask,585.64,180.0,21456818
34387.092245301,add,ask,585.61,18.0,21460886
34387.365079818,add,bid,585.32,18.0,21471760
34387.36521287,cancel,ask,585.61,18.0,21460886
34387.365233664,cancel,ask,585.64,18.0,21460893
34387.370605348,add,ask,585.61,18.0,21472484
34387.370840922,add,ask,585.58,18.0,21472505
34387.372907085,add,bid,585.32,178.0,21472668
34387.720729514,add,bid,585.32,100.0,21481864
34387.720881634,cancel,bid,585.32,18.0,21471760
34387.720923659,cancel,ask,585.58,18.0,21472505
34387.79119028,cancel,bid,585.32,178.0,21472668
34387.811456936,add,bid,585.39,151.0,21483762
34388.815160764,add,bid,585.39,100.0,21502604
34388.815705689,cancel,bid,585.39,151.0,21483762
34388.816353156,add,bid,585.39,178.0,21502660
34389.159082668,cancel,bid,585.39,100.0,21502604
34389.159680581,add,bid,585.39,151.0,21508797
34389.160602239,cancel,bid,585.39,151.0,21508797
34389.161914884,add,bid,585.39,151.0,21508833
34389.162915544,cancel,bid,585.39,151.0,21508833
34389.16406773,add,bid,585.39,151.0,21508879
34389.165083018,cancel,bid,585.39,151.0,21508879
34389.166324182,add,bid,585.39,151.0,21508917
34389.167373971,cancel,bid,585.39,151.0,21508917
34389.168607808,add,bid,585.39,151.0,21508947
34389.1693946,cancel,bid,585.39,151.0,21508947
34389.194729008,add,bid,585.39,151.0,21509542
34389.195737738,cancel,bid,585.39,151.0,21509542
34389.196989062,add,bid,585.39,151.0,21509569
34389.19801882,cancel,bid,585.39,151.0,21509569
34389.199172046,add,bid,585.39,151.0,21509634
34389.200467781,cancel,bid,585.39,151.0,21509634
34389.201550383,add,bid,585.39,151.0,21509692
34389.202573032,cancel,bid,585.39,151.0,21509692
34389.20383499,add,bid,585.39,151.0,21509722
34389.205000953,cancel,bid,585.39,151.0,21509722
34389.206135418,add,bid,585.39,151.0,21509795
34389.20720371,cancel,bid,585.39,151.0,21509795
34389.20841985,add,bid,585.39,151.0,21509867
34389.209456008,cancel,bid,585.39,151.0,21509867
34389.210771891,add,bid,585.39,151.0,21509922
34389.21177881,cancel,bid,585.39,151.0,21509922
34389.365744236,add,bid,585.39,151.0,21512136
34389.366781348,cancel,bid,585.39,151.0,21512136
34389.368001942,add,bid,585.39,151.0,21512169
34389.369057414,cancel,bid,585.39,151.0,21512169
34389.370291253,add,bid,585.39,151.0,21512214
34389.371417966,cancel,bid,585.39,151.0,21512214
34389.372545814,add,bid,585.39,151.0,21512240
34389.373559622,cancel,bid,585.39,151.0,21512240
34389.374775436,add,bid,585.39,151.0,21512312
34389.375806337,cancel,bid,585.39,151.0,21512312
34389.377106661,add,bid,585.39,151.0,21512351
34389.378248159,cancel,bid,585.39,151.0,21512351
34389.379404374,add,bid,585.39,151.0,21512404
34389.380432822,cancel,bid,585.39,151.0,21512404
34389.38160838,add,bid,585.39,151.0,21512438
34389.382670121,cancel,bid,585.39,151.0,21512438
34389.600311592,trade,bid,585.4,100.0,hidden_2350
34389.600402865,add,ask,585.64,18.0,21515105
34389.600455784,add,ask,585.63,18.0,21515112
34389.600499387,add,ask,585.61,18.0,21515115
34389.606188997,cancel,bid,585.39,178.0,21502660
34389.607546661,cancel,bid,585.26,151.0,21515206
34389.607619561,add,bid,585.41,178.0,21515275
34389.608315805,trade,bid,585.41,1.0,21515275
34389.608386693,add,ask,585.6,18.0,21515308
34389.608412363,trade,bid,585.41,177.0,21515275
34389.608489034,add,ask,585.59,100.0,21515315
34389.608540473,add,bid,585.18,18.0,21515320
34389.641397683,add,bid,585.45,100.0,21515780
34389.641486246,trade,bid,585.45,100.0,21515780
34389.641565351,add,ask,585.58,100.0,21515792
34389.740269502,add,bid,585.17,18.0,21516766
34389.993292463,cancel,ask,585.58,100.0,21515792
34389.993388459,cancel,bid,585.17,18.0,21516766
34390.26327717,add,ask,585.59,18.0,21532908
34390.278686228,add,ask,585.56,18.0,21533250
34390.832214657,add,bid,585.17,18.0,21543665
34390.832353065,cancel,ask,585.56,18.0,21533250
34390.832364523,cancel,ask,585.6,18.0,21532911
34392.020224829,cancel,bid,585.17,18.0,21543665
34392.535364444,add,ask,585.59,18.0,21575367
34392.569673492,add,bid,585.17,18.0,21575986
34392.607086094,add,ask,585.56,18.0,21576918
34393.883102524,cancel,bid,585.17,18.0,21575986
34394.145450899,cancel,ask,585.56,18.0,21576918
34394.151896451,add,bid,585.14,100.0,21606436
34394.270510574,cancel,ask,585.57,200.0,21601299
34394.352968625,add,ask,585.61,18.0,21609399
34394.359713711,add,ask,585.58,18.0,21609603
34394.965841546,trade,ask,585.57,18.0,hidden_2383
34394.965921365,add,bid,585.14,18.0,21616686
34394.965964968,add,bid,585.15,6.0,21616691
34394.966115655,cancel,ask,585.58,18.0,21609603
34395.715961473,add,bid,585.18,6.0,21628613
34395.843737543,trade,ask,585.64,27.0,21456818
34395.843873539,add,bid,585.18,18.0,21634575
34395.844312069,add,bid,585.21,2.0,21634832
34395.844336781,trade,ask,585.64,100.0,21456818
34395.845414542,add,bid,585.22,4.0,21635428
34395.84918236,trade,ask,585.64,26.0,21456818
34395.849392069,add,ask,585.61,18.0,21637576
34395.854541038,trade,ask,585.61,18.0,21637576
34395.854541038,trade,ask,585.62,18.0,21637608
34395.854541038,trade,ask,585.63,18.0,21637627
34395.854541038,trade,ask,585.64,27.0,21456818
34395.854541038,trade,ask,585.64,18.0,21637647
