variant,reference,n_common,sharpe_delta_mean,sharpe_delta_ci95_low,sharpe_delta_ci95_high,sharpe_win_rate,total_return_delta_mean,total_return_delta_ci95_low,total_return_delta_ci95_high,total_return_win_rate,post_shift_cum_pnl_120_delta_mean,post_shift_cum_pnl_120_delta_ci95_low,post_shift_cum_pnl_120_delta_ci95_high,post_shift_cum_pnl_120_win_rate,recovery_cost_120_delta_mean,recovery_cost_120_delta_ci95_low,recovery_cost_120_delta_ci95_high,recovery_cost_120_win_rate,recovery_regret_120_delta_mean,recovery_regret_120_delta_ci95_low,recovery_regret_120_delta_ci95_high,recovery_regret_120_win_rate,max_drawdown_delta_mean,max_drawdown_delta_ci95_low,max_drawdown_delta_ci95_high,max_drawdown_win_rate,turnover_delta_mean,turnover_delta_ci95_low,turnover_delta_ci95_high,turnover_win_rate,transaction_cost_delta_mean,transaction_cost_delta_ci95_low,transaction_cost_delta_ci95_high,transaction_cost_win_rate,FocusScore_delta_mean,FocusScore_delta_ci95_low,FocusScore_delta_ci95_high,FocusScore_win_rate
default_promotion,no_promotion,20,0.001788120929679593,-0.03493941068801919,0.046428625291920315,0.15,-0.0002786186121776169,-0.0007986851213261997,0.00020323316786572608,0.2,-0.0003349200289947292,-0.0007903637273074817,-3.168425843815106e-05,0.05,0.00010415351417564696,-1.0333454527614825e-06,0.0002632423524008538,0.15,0.0003197305482892397,3.131931744867271e-05,0.0007365282008081453,0.05,-2.475982368300711e-05,-0.00026906936188389463,0.00014725550970842716,0.05,0.0755596997107495,0.020296358664402533,0.15734834788928073,0.0,0.00045335819826449706,0.00012138861462202105,0.0009924209152744284,0.0,0.0033791862904077596,-0.0028695352344872754,0.010276054095280863,0.25
recovery_tuned,no_promotion,20,0.43038245424129223,0.314966067808102,0.5363071382173775,0.95,0.011482439952640056,0.008697687751032544,0.014503223385317739,1.0,0.008542768674290817,0.006223585745696672,0.010904879681048921,0.95,-0.00034488469598499885,-0.0006654161746672782,-2.8244036988715516e-05,0.7,-0.00838580473772555,-0.010753955259652852,-0.00613492407620953,0.95,-0.00026435068966131347,-0.0006772052180486398,0.00017287811818392427,0.65,0.14948110458251862,0.10598343135585495,0.20293048979840742,0.0,0.0008968866274951115,0.0006420635752386141,0.0011965140332128668,0.0,0.0011486700517838733,-0.009799859469328487,0.013064251199785513,0.4
