variant,total_reward_mean,reward_mean_mean,wait_proxy_mean,headway_cv_mean,hold_mean_mean,promotion_count_mean,leakage_penalty_mean,UpperHFPower_mean,LowerLFDrift_mean,LowerLFDriftAbs_mean,RawLowerLFDrift_mean,RawLowerLFDriftAbs_mean,plan_smoothness_mean,plan_coeff_abs_mean,wait_low_share_mean,wait_high_share_mean,wait_attr_penalty_mean,wait_board_credit_mean,wait_credit_relief_mean,promotion_gate_value_mean,lower_lf_effect_filter_window_mean,lower_lf_effect_filter_gain_mean,lower_lf_raw_recenter_gain_mean,raw_recenter_reduction_mean_mean,upper_decision_count_mean,promotion_replan_count_mean,n,delta_reward_vs_interval,delta_wait_vs_interval,delta_replans_vs_interval,delta_raw_lower_lf_abs_vs_interval
interval_only,-427.48527116204906,-4.452971574604677,4.127492076645385,0.10325650827999515,3.927493279826719,21.2,1.074655731828213,0.002397618424966669,1.072258113403246,7.47507395556624e-05,1.1325294299135407,0.008811298269923693,0.019905615263828218,0.48788426703295,0.9540541357560093,0.04594586424399071,0.0,0.0,0.12872758990090205,0.0,12.0,1.0,1.0,3.5393741402575984,12.0,0.0,5,0.0,0.0,0.0,0.0
deterministic_forced,-427.5723590707545,-4.453878740320358,4.125719588845372,0.10412799531094599,3.943791385537403,21.2,1.0870757341116692,0.006344362767031052,1.0807313713446383,7.370849863618283e-05,1.1354553724029484,0.008915113174842738,0.012734318746031648,0.4793379900335445,0.9540541357560093,0.04594586424399071,0.0,0.0,0.12495903545917401,0.0,12.0,1.0,1.0,3.5580843783641063,31.2,21.2,5,-0.0009071657156809465,-0.0017724878000136002,21.2,0.0001038149049190449
learned_gate,-427.8078107909337,-4.4563313624055585,4.126721206808046,0.10473200407431209,3.853535843643999,21.2,1.0825528244733111,0.006273388406473783,1.0762794360668375,7.221935251012463e-05,1.1396888392118147,0.00854681453628705,0.021840061994684766,0.4640753027203459,0.9540541357560093,0.04594586424399071,0.0,0.0,0.1271747690224524,0.6745780714655332,12.0,1.0,1.0,3.479337186517205,26.8,16.4,5,-0.0033597878008810866,-0.0007708698373392053,16.4,-0.0002644837336366439
