variant,total_reward_mean,reward_mean_mean,wait_proxy_mean,headway_cv_mean,hold_mean_mean,promotion_count_mean,leakage_penalty_mean,UpperHFPower_mean,LowerLFDrift_mean,LowerLFDriftAbs_mean,RawLowerLFDrift_mean,RawLowerLFDriftAbs_mean,plan_smoothness_mean,plan_coeff_abs_mean,wait_low_share_mean,wait_high_share_mean,wait_attr_penalty_mean,wait_board_credit_mean,wait_credit_relief_mean,promotion_recovery_relief_mean,promotion_gate_value_mean,lower_lf_effect_filter_window_mean,lower_lf_effect_filter_gain_mean,lower_lf_raw_recenter_gain_mean,raw_recenter_reduction_mean_mean,upper_decision_count_mean,promotion_replan_count_mean,n,delta_reward_vs_interval,delta_wait_vs_interval,delta_replans_vs_interval,delta_raw_lower_lf_abs_vs_interval
interval_only,-427.48527116204906,-4.452971574604677,4.127492076645385,0.10325650827999515,3.927493279826719,21.2,1.074655731828213,0.002397618424966669,1.072258113403246,7.47507395556624e-05,1.1325294299135407,0.008811298269923693,0.019905615263828218,0.48788426703295,0.9540541357560093,0.04594586424399071,0.0,0.0,0.12872758990090205,0.0,0.0,12.0,1.0,1.0,3.5393741402575984,12.0,0.0,5,0.0,0.0,0.0,0.0
deterministic_forced,-426.99536760899093,-4.447868412593655,4.119719571786002,0.1041250985011531,3.9433863260488926,21.2,1.0870895789829182,0.006344625522282317,1.080744953460636,7.36958677700628e-05,1.135456209131791,0.008913244692534015,0.012737797868966977,0.4792566726641144,0.9540541357560093,0.04594586424399071,0.0,0.0,0.1249603091668852,0.006000105070962403,0.0,12.0,1.0,1.0,3.5577089779404205,31.2,21.2,5,0.005103162011022455,-0.007772504859383744,21.2,0.00010194642261032207
learned_gate,-427.24582172258636,-4.450477309610275,4.120828296146845,0.10474461729346078,3.8537903957616964,21.2,1.0826416138742618,0.006274022840631199,1.0763675910336308,7.221448601897205e-05,1.1396737958356422,0.008547818075786622,0.021810604772375293,0.46410360998721883,0.9540541357560093,0.04594586424399071,0.0,0.0,0.12717504503131088,0.005892723021702383,0.6746714495934663,12.0,1.0,1.0,3.479548390846366,26.8,16.4,5,0.0024942649944019735,-0.006663780498540106,16.4,-0.00026348019413707097
