variant,total_reward_mean,reward_mean_mean,wait_proxy_mean,headway_cv_mean,hold_mean_mean,promotion_count_mean,leakage_penalty_mean,UpperHFPower_mean,LowerLFDrift_mean,LowerLFDriftAbs_mean,RawLowerLFDrift_mean,RawLowerLFDriftAbs_mean,plan_smoothness_mean,plan_coeff_abs_mean,wait_low_share_mean,wait_high_share_mean,wait_attr_penalty_mean,wait_board_credit_mean,wait_credit_relief_mean,promotion_gate_value_mean,lower_lf_effect_filter_window_mean,lower_lf_effect_filter_gain_mean,lower_lf_raw_recenter_gain_mean,raw_recenter_reduction_mean_mean,upper_decision_count_mean,promotion_replan_count_mean,n,delta_reward_vs_interval,delta_wait_vs_interval,delta_replans_vs_interval,delta_raw_lower_lf_abs_vs_interval
interval_only,-428.164583710621,-4.460047746985635,4.127297787782973,0.10567867450150725,3.928483924535323,14.0,1.0806097452767354,0.002395855850662961,1.0782138894260722,7.307462861788157e-05,1.1312688987100488,0.008802938196855977,0.01976859698545946,0.4866590381380315,0.9551360815473928,0.04486391845260717,0.0,0.0,0.1255508809680538,0.0,12.0,1.0,1.0,3.5401726807184253,12.0,0.0,3,0.0,0.0,0.0,0.0
deterministic_forced,-428.3742140417171,-4.462231396267886,4.126107651137062,0.10678066748787568,3.9454356667992854,14.0,1.0938160839122182,0.007166359541892441,1.0866497243703257,7.217335789148499e-05,1.1341580592009046,0.008908688162485837,0.013644768785641947,0.4980532082388769,0.9551360815473928,0.04486391845260717,0.0,0.0,0.12381254038145079,0.0,12.0,1.0,1.0,3.5595250558123506,25.0,14.0,3,-0.002183649282250677,-0.0011901366459108331,14.0,0.00010574996562985953
learned_gate,-428.58617177200085,-4.4644392892916755,4.126690052258644,0.1074412467406416,3.85637420277684,14.0,1.0893206630810524,0.00664788917374953,1.082672773907303,7.059159431618204e-05,1.1383167427041887,0.00854558573549853,0.022196377701757867,0.47177847262988887,0.9551360815473928,0.04486391845260717,0.0,0.0,0.12481033749729831,0.6842550691507024,12.0,1.0,1.0,3.4818927652293614,24.333333333333332,13.333333333333334,3,-0.004391542306040108,-0.0006077355243290228,13.333333333333334,-0.00025735246135744766
