seed,scenario,total_reward,reward_mean,wait_proxy,headway_cv,hold_mean,promotion_count,leakage_penalty,UpperHFPower,LowerLFDrift,plan_smoothness,plan_coeff_abs
101,persistent_shift,-1083.9686573030965,-4.516536072096235,4.200028578325745,0.08083913379392656,7.494509418469589,0,1.0018053575665002,0.0015901567116849127,1.0002152008548153,0.0014659838203066836,7.737334044028711
131,persistent_shift,-1076.6244026575055,-4.4859350110729395,4.200226508180495,0.07052420936595562,7.497319284653808,0,1.0017925645041257,0.001559890630053866,1.0002326738740719,0.0017018363294408283,7.895753427568162
151,persistent_shift,-1077.186338788254,-4.488276411617725,4.199384200070051,0.07164262480167312,7.49551355263729,0,1.0017779746323503,0.0015561660506317387,1.0002218085817185,0.0014816757298126168,7.729242342390431
181,persistent_shift,-1082.4124309590761,-4.510051795662817,4.200702807282718,0.07844890631944995,7.495643209148511,0,1.0018057707766808,0.0015860178692298386,1.000219752907451,0.001565416833454725,7.832338272108831
211,persistent_shift,-1079.4751826668567,-4.497813261111903,4.198648881173074,0.07504402247208282,7.496386563529409,0,1.0017784635345617,0.0015730309199537102,1.000205432614608,0.0015719973097016538,7.77460534045551
