{"avg_wait_min": [5.578], "peak_fleet": [17.0], "headway_cv": [0.4476], "lower_lambda": [0.9970175623893738], "lower_alpha": [0.1], "lower_q_mean": [-14.683488845825195], "lower_q_std": [2.2100114822387695], "upper_delta_mean": [-17.63], "upper_q_mean": [-0.4848814606666565], "hold_fb_mean": [22.27867203219316], "hold_penalty_mean": [0.3713979904436664], "freq_holdfb_same_hold": [0.0], "freq_holdfb_same_wait": [0.0], "theta_wait": [0.50058766334227], "theta_fleet": [0.31524263047159595], "surprise": [0.1722], "belief_window": [9.61], "upper_hf_power_ratio": [0.05378514120921513], "lower_lf_drift_ratio": [0.9861808956953803], "demand_attr_score": [-0.17984801397899558], "demand_attr_mi_score": [0.0327576064441141], "shock_response_time_mean_s": [4.833333333333333], "shock_response_hit_rate": [1.0], "upper_plan_penalty_mean": [0.0], "freq_wait_lower_penalty_mean": [0.0], "freq_wait_lower_board_credit_mean": [0.0], "freq_wait_lower_net_mean": [0.0], "freq_wait_upper_credit_mean": [0.0], "freq_wait_low_share_mean": [0.0], "freq_wait_lower_high_share_mean": [0.0], "freq_middle": [-0.0022721902988824616], "freq_middle_energy": [0.0022721902988824616], "upper_plan_target_mean": [342.370260648145], "upper_plan_decisions": [108.0], "upper_plan_reuse_ratio": [0.5877862595419847], "terminal_launch_shift_mean": [0.0], "freq_promotion_flag": [0.0], "freq_promotion_strength": [0.0], "freq_promotion_absorbed": [0.0]}