seed,scenario,control_intervention,ablated_intervention,control_total_return,ablated_total_return,total_return_delta,control_sharpe,ablated_sharpe,sharpe_delta,control_max_drawdown,ablated_max_drawdown,max_drawdown_reduction,control_turnover,ablated_turnover,turnover_delta,control_hf_overlay_task_effect,ablated_hf_overlay_task_effect,lower_hf_action_sensitivity,lower_hf_overlay_sensitivity,control_upper_decision_count,ablated_upper_decision_count,control_promotion_replan_count,ablated_promotion_replan_count,paired_exogenous_path_identity,variant_id,candidate_id,training_replicate_seed,optimizer_seed,evaluation_role,tuning_protocol_version,code_revision,source_manifest_sha256
68207,stationary_low_noise,none,zero_residual_frequency,0.00032241174326075317,0.00032421406259719454,-1.8023193364413714e-06,63.81788151621416,64.12154669591075,-0.3036651796965941,0.00013405832979651588,0.00013574359194723495,1.685262150719069e-06,0.14384832238572162,0.1438172979572979,3.102442842373154e-05,-1.5827307396371595e-07,8.171622260943721e-08,0.0011794616583453413,1.1794395089149921e-05,4,4,0,0,True,freq_hrl_full_v5,v5_u1_l3_h005_p01_tracking,2026,4044,tuning_validation_mechanism_diagnostic,full_method_nested_hpo_v3,0c65097c9b86b900c22caf62144fb801532978cb,8aa8fb9172c7d3f5e4ef34220431f3e8643209fd68a11296dfaed658d8fae25d
68209,stationary_low_noise,none,zero_residual_frequency,0.00014427247621817685,0.0001506886143189945,-6.416138100817648e-06,27.43463084323186,28.609160588651466,-1.1745297454196049,0.00014654311840889278,0.00015008378010095136,3.5406616920585776e-06,0.14417970377574924,0.14411585326829196,6.385050745727483e-05,5.443883934706851e-06,3.746538244247401e-06,0.002077785514928918,2.0777446403041022e-05,4,4,0,0,True,freq_hrl_full_v5,v5_u1_l3_h005_p01_tracking,2026,4044,tuning_validation_mechanism_diagnostic,full_method_nested_hpo_v3,0c65097c9b86b900c22caf62144fb801532978cb,8aa8fb9172c7d3f5e4ef34220431f3e8643209fd68a11296dfaed658d8fae25d
68213,stationary_low_noise,none,zero_residual_frequency,0.0007422518730870742,0.0007423452965993338,-9.342351225960499e-08,117.27912698468542,117.18189695868412,0.0972300260012986,0.00011105889152451809,0.00011088799081526712,-1.7090070925096512e-07,0.15942192383352838,0.15986092180854986,-0.00043899797502147675,9.63029636025633e-07,5.8985808059011155e-06,0.001457339702655089,1.4573129176296344e-05,4,4,0,0,True,freq_hrl_full_v5,v5_u1_l3_h005_p01_tracking,2026,4044,tuning_validation_mechanism_diagnostic,full_method_nested_hpo_v3,0c65097c9b86b900c22caf62144fb801532978cb,8aa8fb9172c7d3f5e4ef34220431f3e8643209fd68a11296dfaed658d8fae25d
68219,stationary_low_noise,none,zero_residual_frequency,0.00033553422647281117,0.0003369764833320854,-1.442256859274238e-06,67.12557005542767,67.50554773807697,-0.3799776826492973,9.044325203633186e-05,9.130668588397395e-05,8.634338476420922e-07,0.14178163688703768,0.1415909538351306,0.0001906830519070868,3.5766189754261525e-06,1.293656218589997e-06,0.001411210536975381,1.4111805254726158e-05,4,4,0,0,True,freq_hrl_full_v5,v5_u1_l3_h005_p01_tracking,2026,4044,tuning_validation_mechanism_diagnostic,full_method_nested_hpo_v3,0c65097c9b86b900c22caf62144fb801532978cb,8aa8fb9172c7d3f5e4ef34220431f3e8643209fd68a11296dfaed658d8fae25d
68227,stationary_low_noise,none,zero_residual_frequency,0.00040810311000871735,0.000414176575391334,-6.073465382616661e-06,74.58228781597371,75.69448302250912,-1.1121952065354037,0.00010959674285349053,0.00010859512735206245,-1.001615501428077e-06,0.1469968694649356,0.14650830104339374,0.0004885684215418518,5.553157004380568e-06,1.9207575955060047e-06,0.0016579972362402865,1.6579597690027298e-05,4,4,0,0,True,freq_hrl_full_v5,v5_u1_l3_h005_p01_tracking,2026,4044,tuning_validation_mechanism_diagnostic,full_method_nested_hpo_v3,0c65097c9b86b900c22caf62144fb801532978cb,8aa8fb9172c7d3f5e4ef34220431f3e8643209fd68a11296dfaed658d8fae25d
68207,stationary_low_noise,none,zero_residual_frequency,0.0006640794946357609,0.0006753981810103671,-1.1318686374606202e-05,94.4191726349887,95.40916637573056,-0.9899937407418662,0.000204860205331725,0.00020662353561173852,1.7633302800135198e-06,0.1747127338334184,0.17496215015545236,-0.00024941632203395736,9.04833970703309e-06,2.1602487586185125e-06,0.0009607105768130471,9.60686285543499e-06,4,4,0,0,True,freq_hrl_full_v5,v5_u1_l3_h005_p01_tracking,2039,4057,tuning_validation_mechanism_diagnostic,full_method_nested_hpo_v3,0c65097c9b86b900c22caf62144fb801532978cb,8aa8fb9172c7d3f5e4ef34220431f3e8643209fd68a11296dfaed658d8fae25d
68209,stationary_low_noise,none,zero_residual_frequency,0.000556856573690867,0.0005696163660682263,-1.2759792377359247e-05,73.32470050021689,74.07471654463342,-0.750016044416526,0.00016940147285116058,0.00017281717507655614,3.415702225395556e-06,0.17477540328970426,0.1761069923186671,-0.001331589028962854,4.5647944452279365e-06,-2.858981480291729e-06,0.0012202538361533596,1.2202257166309164e-05,4,4,0,0,True,freq_hrl_full_v5,v5_u1_l3_h005_p01_tracking,2039,4057,tuning_validation_mechanism_diagnostic,full_method_nested_hpo_v3,0c65097c9b86b900c22caf62144fb801532978cb,8aa8fb9172c7d3f5e4ef34220431f3e8643209fd68a11296dfaed658d8fae25d
68213,stationary_low_noise,none,zero_residual_frequency,0.0010077382193585116,0.0010067460734413114,9.921459172002045e-07,127.14660007129741,127.70183406012376,-0.5552339888263447,0.0001783646762087976,0.0001789684432612626,6.037670524650096e-07,0.1926743758861424,0.19160139368689727,0.0010729821992451205,1.0770102282143262e-05,6.982506110070613e-07,0.0012999949425445971,1.299962571120786e-05,4,4,0,0,True,freq_hrl_full_v5,v5_u1_l3_h005_p01_tracking,2039,4057,tuning_validation_mechanism_diagnostic,full_method_nested_hpo_v3,0c65097c9b86b900c22caf62144fb801532978cb,8aa8fb9172c7d3f5e4ef34220431f3e8643209fd68a11296dfaed658d8fae25d
68219,stationary_low_noise,none,zero_residual_frequency,0.0006264317449613532,0.0006299256406272491,-3.493895665895863e-06,95.79312797140253,96.14681968027448,-0.3536917088719491,0.00015626638490096045,0.0001568614144571434,5.950295561829577e-07,0.17525590117751488,0.17526495915356688,-9.057976051995986e-06,9.137889372611958e-06,2.4812218006655624e-06,0.0009182901123292848,9.182683559964402e-06,4,4,0,0,True,freq_hrl_full_v5,v5_u1_l3_h005_p01_tracking,2039,4057,tuning_validation_mechanism_diagnostic,full_method_nested_hpo_v3,0c65097c9b86b900c22caf62144fb801532978cb,8aa8fb9172c7d3f5e4ef34220431f3e8643209fd68a11296dfaed658d8fae25d
68227,stationary_low_noise,none,zero_residual_frequency,0.0007497517119072761,0.0007650087777046899,-1.5257065797413816e-05,102.19684278427408,103.10465518516146,-0.90781240088738,0.00017874262836325983,0.00018103010544223697,2.2874770789771404e-06,0.17450481146767827,0.17576593777234087,-0.001261126304662602,5.957331787810331e-06,2.6719694335520567e-06,0.0009777619215633926,9.777416025872389e-06,4,4,0,0,True,freq_hrl_full_v5,v5_u1_l3_h005_p01_tracking,2039,4057,tuning_validation_mechanism_diagnostic,full_method_nested_hpo_v3,0c65097c9b86b900c22caf62144fb801532978cb,8aa8fb9172c7d3f5e4ef34220431f3e8643209fd68a11296dfaed658d8fae25d
68207,stationary_low_noise,none,zero_residual_frequency,0.00023909554056467108,0.00023627089480715568,2.8246457575153983e-06,85.79552936433564,85.13821323118202,0.6573161331536141,7.952307871805786e-05,7.929089534153277e-05,-2.321833765250858e-07,0.07804180096521002,0.07784990579003206,0.00019189517517795296,-4.335036452052142e-05,-3.791850865633266e-05,0.000898549240769676,8.985399723456704e-06,4,4,0,0,True,freq_hrl_full_v5,v5_u1_l3_h005_p01_tracking,2053,4071,tuning_validation_mechanism_diagnostic,full_method_nested_hpo_v3,0c65097c9b86b900c22caf62144fb801532978cb,8aa8fb9172c7d3f5e4ef34220431f3e8643209fd68a11296dfaed658d8fae25d
68209,stationary_low_noise,none,zero_residual_frequency,7.11641075421543e-05,6.864440431342267e-05,2.519703228731629e-06,27.650637438374638,28.0281157329943,-0.37747829461966376,9.033137427993942e-05,8.182754629548761e-05,-8.503827984451817e-06,0.07592783515203103,0.07200196463677155,0.003925870515259472,-3.472467189464158e-05,-3.55692136926772e-05,0.0015165552718624693,1.5165318203921127e-05,4,4,0,0,True,freq_hrl_full_v5,v5_u1_l3_h005_p01_tracking,2053,4071,tuning_validation_mechanism_diagnostic,full_method_nested_hpo_v3,0c65097c9b86b900c22caf62144fb801532978cb,8aa8fb9172c7d3f5e4ef34220431f3e8643209fd68a11296dfaed658d8fae25d
68213,stationary_low_noise,none,zero_residual_frequency,0.0003450153733952632,0.0003421100747422745,2.9052986529887193e-06,115.29829440860686,114.08668056226634,1.2116138463405264,7.434758180413503e-05,7.334275450232575e-05,-1.0048273018092857e-06,0.08764543035726358,0.08859571738731944,-0.0009502870300558686,-4.023963104690993e-05,-3.567259244448214e-05,0.0012365640093776164,1.2365390549500063e-05,4,4,0,0,True,freq_hrl_full_v5,v5_u1_l3_h005_p01_tracking,2053,4071,tuning_validation_mechanism_diagnostic,full_method_nested_hpo_v3,0c65097c9b86b900c22caf62144fb801532978cb,8aa8fb9172c7d3f5e4ef34220431f3e8643209fd68a11296dfaed658d8fae25d
68219,stationary_low_noise,none,zero_residual_frequency,0.0001830828442579424,0.0001825880349928255,4.948092651169134e-07,69.64544873041999,70.01298663681007,-0.36753790639008344,7.89092634573274e-05,7.779621821935034e-05,-1.1130452379770617e-06,0.07651074898222829,0.07581109985654547,0.0006996491256828219,-3.828488505399167e-05,-3.4536370806825494e-05,0.0009336331817192129,9.336227070700693e-06,4,4,0,0,True,freq_hrl_full_v5,v5_u1_l3_h005_p01_tracking,2053,4071,tuning_validation_mechanism_diagnostic,full_method_nested_hpo_v3,0c65097c9b86b900c22caf62144fb801532978cb,8aa8fb9172c7d3f5e4ef34220431f3e8643209fd68a11296dfaed658d8fae25d
68227,stationary_low_noise,none,zero_residual_frequency,0.00025309673940587807,0.0002522055328375572,8.912065683208681e-07,89.51257419780224,90.40439743828193,-0.8918232404796953,7.209186840884119e-05,7.231970455845449e-05,2.27836149613303e-07,0.08062937808513357,0.0792295638531922,0.0013998142319413681,-3.279102322200266e-05,-3.627581855245487e-05,0.001184914247682577,1.1849038288446591e-05,4,4,0,0,True,freq_hrl_full_v5,v5_u1_l3_h005_p01_tracking,2053,4071,tuning_validation_mechanism_diagnostic,full_method_nested_hpo_v3,0c65097c9b86b900c22caf62144fb801532978cb,8aa8fb9172c7d3f5e4ef34220431f3e8643209fd68a11296dfaed658d8fae25d
68207,persistent_shift,none,zero_residual_frequency,0.002338763544629252,0.0023394241179381936,-6.605733089415367e-07,196.04378656465826,195.86983088468648,0.17395567997178318,0.000203888335813307,0.00020482577089153686,9.374350782298535e-07,0.13988383283897932,0.1402231590537238,-0.0003393262147444731,3.0710759699878184e-06,4.763282796443067e-06,0.0028457782612046384,2.845719922797854e-05,4,4,0,0,True,freq_hrl_full_v5,v5_u1_l3_h005_p01_tracking,2026,2026,tuning_validation_mechanism_diagnostic,full_method_nested_hpo_v3,0c65097c9b86b900c22caf62144fb801532978cb,8aa8fb9172c7d3f5e4ef34220431f3e8643209fd68a11296dfaed658d8fae25d
68209,persistent_shift,none,zero_residual_frequency,0.0027329820752228784,0.002712563804384782,2.041827083809622e-05,178.78659057405721,178.49487034042687,0.2917202336303433,0.0003479093916295417,0.00034693703067667503,-9.7236095286668e-07,0.14998024495628642,0.14972875361001714,0.0002514913462692836,6.55779844933914e-06,7.213919061407225e-06,0.004805534731147215,4.805346602635299e-05,4,4,0,0,True,freq_hrl_full_v5,v5_u1_l3_h005_p01_tracking,2026,2026,tuning_validation_mechanism_diagnostic,full_method_nested_hpo_v3,0c65097c9b86b900c22caf62144fb801532978cb,8aa8fb9172c7d3f5e4ef34220431f3e8643209fd68a11296dfaed658d8fae25d
68213,persistent_shift,none,zero_residual_frequency,0.002393131280957528,0.0024169212719644673,-2.378999100693946e-05,187.13063359439914,187.36582483454575,-0.2351912401466052,0.00014917426788341182,0.00015304913805558318,3.874870172171363e-06,0.16010219309149856,0.16117720398138768,-0.001075010889889122,3.6018577383492464e-05,9.337677104459599e-06,0.004863492968595689,4.8633556898466686e-05,4,4,0,0,True,freq_hrl_full_v5,v5_u1_l3_h005_p01_tracking,2026,2026,tuning_validation_mechanism_diagnostic,full_method_nested_hpo_v3,0c65097c9b86b900c22caf62144fb801532978cb,8aa8fb9172c7d3f5e4ef34220431f3e8643209fd68a11296dfaed658d8fae25d
68219,persistent_shift,none,zero_residual_frequency,0.001596892011392237,0.0015793421160958943,1.7549895296342655e-05,160.69879895628807,160.3028039950357,0.3959949612523701,0.00027921071062986247,0.00027955733080398115,3.466201741186836e-07,0.152776526789617,0.15224308228072672,0.000533444508890285,1.5268497445126957e-05,4.444999439293916e-06,0.0030824215693024196,3.0823487346371794e-05,4,4,0,0,True,freq_hrl_full_v5,v5_u1_l3_h005_p01_tracking,2026,2026,tuning_validation_mechanism_diagnostic,full_method_nested_hpo_v3,0c65097c9b86b900c22caf62144fb801532978cb,8aa8fb9172c7d3f5e4ef34220431f3e8643209fd68a11296dfaed658d8fae25d
68227,persistent_shift,none,zero_residual_frequency,0.0018289360058714177,0.0017880958455709361,4.084016030048154e-05,177.67969394048777,177.10070259530724,0.5789913451805262,0.0001727932936503862,0.00017123264234686353,-1.5606513035226754e-06,0.13367795442688601,0.13289830841061379,0.0007796460162722285,1.3398316799039809e-05,2.717706991681536e-06,0.0033049120859181534,3.304822045681773e-05,4,4,0,0,True,freq_hrl_full_v5,v5_u1_l3_h005_p01_tracking,2026,2026,tuning_validation_mechanism_diagnostic,full_method_nested_hpo_v3,0c65097c9b86b900c22caf62144fb801532978cb,8aa8fb9172c7d3f5e4ef34220431f3e8643209fd68a11296dfaed658d8fae25d
68207,persistent_shift,none,zero_residual_frequency,0.001529267302226467,0.0015149234373736942,1.4343864852772725e-05,126.78606997015568,126.58537146288596,0.2006985072697205,0.000491121377017123,0.0004883744444238447,-2.746932593278295e-06,0.21138823039816404,0.21068572112288178,0.0007025092752822593,4.8183295785544665e-06,1.5397680930581584e-06,0.002917493203168912,2.917441789969754e-05,4,4,0,0,True,freq_hrl_full_v5,v5_u1_l3_h005_p01_tracking,2039,2039,tuning_validation_mechanism_diagnostic,full_method_nested_hpo_v3,0c65097c9b86b900c22caf62144fb801532978cb,8aa8fb9172c7d3f5e4ef34220431f3e8643209fd68a11296dfaed658d8fae25d
68209,persistent_shift,none,zero_residual_frequency,0.0009062931830294829,0.0008653820261304013,4.0911156899081647e-05,88.71802893087795,86.46952866953269,2.2485002613452565,0.0002569181371916418,0.00024385648279479089,-1.3061654396850919e-05,0.22809914931291345,0.22630796039486983,0.0017911889180436125,1.3039885560561832e-06,2.905341805561788e-07,0.005167230626279383,5.1671140327154594e-05,4,4,0,0,True,freq_hrl_full_v5,v5_u1_l3_h005_p01_tracking,2039,2039,tuning_validation_mechanism_diagnostic,full_method_nested_hpo_v3,0c65097c9b86b900c22caf62144fb801532978cb,8aa8fb9172c7d3f5e4ef34220431f3e8643209fd68a11296dfaed658d8fae25d
68213,persistent_shift,none,zero_residual_frequency,0.002141118549195964,0.00211940229754215,2.1716251653813856e-05,140.8799064340677,141.12695888772978,-0.24705245366209283,0.0002624801902405549,0.00025571520163270023,-6.764988607854683e-06,0.2534413628576423,0.25226486750772226,0.001176495349920037,2.2570563974817094e-06,3.9206687690838996e-06,0.003755219642951286,3.7551622320444465e-05,4,4,0,0,True,freq_hrl_full_v5,v5_u1_l3_h005_p01_tracking,2039,2039,tuning_validation_mechanism_diagnostic,full_method_nested_hpo_v3,0c65097c9b86b900c22caf62144fb801532978cb,8aa8fb9172c7d3f5e4ef34220431f3e8643209fd68a11296dfaed658d8fae25d
68219,persistent_shift,none,zero_residual_frequency,0.001386270043265192,0.0013858444451453344,4.255981198575398e-07,97.94091657110211,98.28064607897795,-0.33972950787584466,0.0007336501789062533,0.0007301010724751755,-3.549106431077753e-06,0.22700869989323516,0.22677162872634976,0.00023707116688539975,2.67504131425627e-06,3.845143403476722e-06,0.003218593038812085,3.218541832808644e-05,4,4,0,0,True,freq_hrl_full_v5,v5_u1_l3_h005_p01_tracking,2039,2039,tuning_validation_mechanism_diagnostic,full_method_nested_hpo_v3,0c65097c9b86b900c22caf62144fb801532978cb,8aa8fb9172c7d3f5e4ef34220431f3e8643209fd68a11296dfaed658d8fae25d
68227,persistent_shift,none,zero_residual_frequency,0.0013962104657285757,0.0014054165098140725,-9.206044085496856e-06,123.5515986539291,124.52118533406568,-0.9695866801365725,0.00047044435894705305,0.00046386274337839595,-6.5816155686571065e-06,0.19555848496912642,0.1952321391433,0.0003263458258264129,-7.041398883275054e-06,4.080736703084033e-06,0.0036416918065495132,3.6416238695246286e-05,4,4,0,0,True,freq_hrl_full_v5,v5_u1_l3_h005_p01_tracking,2039,2039,tuning_validation_mechanism_diagnostic,full_method_nested_hpo_v3,0c65097c9b86b900c22caf62144fb801532978cb,8aa8fb9172c7d3f5e4ef34220431f3e8643209fd68a11296dfaed658d8fae25d
68207,persistent_shift,none,zero_residual_frequency,0.0027754194541471655,0.0027771186632847833,-1.6992091376177854e-06,111.67819115995196,111.71604717665925,-0.03785601670728056,0.0002846668913415451,0.00028387910932337057,-7.877820181745321e-07,0.2291756929883484,0.2298420736225304,-0.0006663806341820067,-5.771018295047168e-05,-3.181486510458129e-05,0.0032816934723289,3.281580291278473e-05,4,4,0,0,True,freq_hrl_full_v5,v5_u1_l3_h005_p01_tracking,2053,2053,tuning_validation_mechanism_diagnostic,full_method_nested_hpo_v3,0c65097c9b86b900c22caf62144fb801532978cb,8aa8fb9172c7d3f5e4ef34220431f3e8643209fd68a11296dfaed658d8fae25d
68209,persistent_shift,none,zero_residual_frequency,0.0022401536045109083,0.002236432049294912,3.721555215996375e-06,106.71918712955554,106.57493395231887,0.14425317723666353,0.00030693230503142654,0.0003094588023990763,2.5264973676497604e-06,0.23354793699534152,0.23431584321311522,-0.0007679062177737006,-9.967651733440958e-05,-3.012935102892745e-05,0.005497613635513213,5.4972744100856806e-05,4,4,0,0,True,freq_hrl_full_v5,v5_u1_l3_h005_p01_tracking,2053,2053,tuning_validation_mechanism_diagnostic,full_method_nested_hpo_v3,0c65097c9b86b900c22caf62144fb801532978cb,8aa8fb9172c7d3f5e4ef34220431f3e8643209fd68a11296dfaed658d8fae25d
68213,persistent_shift,none,zero_residual_frequency,0.002783768438725076,0.0027897752085357386,-6.0067698106625045e-06,119.53827267246615,119.52378426311833,0.014488409347819697,0.0001841846667051117,0.0001830112598640854,-1.1734068410262921e-06,0.2525827998999297,0.25374640995462205,-0.0011636100546923434,-8.893984231637711e-05,-2.3674384978195485e-05,0.005099216352452155,5.098948819843798e-05,4,4,0,0,True,freq_hrl_full_v5,v5_u1_l3_h005_p01_tracking,2053,2053,tuning_validation_mechanism_diagnostic,full_method_nested_hpo_v3,0c65097c9b86b900c22caf62144fb801532978cb,8aa8fb9172c7d3f5e4ef34220431f3e8643209fd68a11296dfaed658d8fae25d
68219,persistent_shift,none,zero_residual_frequency,0.0017398928288163695,0.0017357931720072273,4.09965680914226e-06,84.70873108857423,84.41416866321336,0.29456242536086563,0.0003679282961560615,0.00037098390147893845,3.055605322876964e-06,0.23568045587548456,0.23614252718242412,-0.00046207130693956544,-5.422066677242669e-05,-3.0180389860877304e-05,0.0038868203022300605,3.886646637631261e-05,4,4,0,0,True,freq_hrl_full_v5,v5_u1_l3_h005_p01_tracking,2053,2053,tuning_validation_mechanism_diagnostic,full_method_nested_hpo_v3,0c65097c9b86b900c22caf62144fb801532978cb,8aa8fb9172c7d3f5e4ef34220431f3e8643209fd68a11296dfaed658d8fae25d
68227,persistent_shift,none,zero_residual_frequency,0.0017648132278051953,0.0017582297742109176,6.5834535942776995e-06,92.92059492411063,92.03365194073184,0.8869429833787876,0.00045266253390441324,0.00045595529461250894,3.292760708095699e-06,0.2089591772052051,0.21088474980772087,-0.0019255726025157738,-7.273232172563129e-05,-3.693268530660347e-05,0.0038790755784955566,3.878906169327012e-05,4,4,0,0,True,freq_hrl_full_v5,v5_u1_l3_h005_p01_tracking,2053,2053,tuning_validation_mechanism_diagnostic,full_method_nested_hpo_v3,0c65097c9b86b900c22caf62144fb801532978cb,8aa8fb9172c7d3f5e4ef34220431f3e8643209fd68a11296dfaed658d8fae25d
68207,ood_period,none,zero_residual_frequency,0.001325401171424767,0.0013257139346249946,-3.1276320022755044e-07,110.53272852840706,110.83032851418754,-0.2975999857804794,0.00024048249427055524,0.0002361692869600196,-4.313207310535638e-06,0.21064074179019177,0.20901234339981628,0.001628398390375485,5.578787890508611e-06,-8.491898947397887e-07,0.0023953480733729924,2.395304312760912e-05,4,4,0,0,True,freq_hrl_full_v5,v5_u1_l3_h005_p01_tracking,2026,7071,tuning_validation_mechanism_diagnostic,full_method_nested_hpo_v3,0c65097c9b86b900c22caf62144fb801532978cb,8aa8fb9172c7d3f5e4ef34220431f3e8643209fd68a11296dfaed658d8fae25d
68209,ood_period,none,zero_residual_frequency,0.0005551960856997606,0.0005543555177986992,8.40567901061462e-07,57.029828921503956,56.887631616609774,0.14219730489418225,0.00038413049935015486,0.00038972572249973414,5.595223149579276e-06,0.20990222902147826,0.21177883134580744,-0.0018766023243291796,5.155830975331609e-06,1.0813820674941078e-06,0.0034556704941577565,3.4555136162182214e-05,4,4,0,0,True,freq_hrl_full_v5,v5_u1_l3_h005_p01_tracking,2026,7071,tuning_validation_mechanism_diagnostic,full_method_nested_hpo_v3,0c65097c9b86b900c22caf62144fb801532978cb,8aa8fb9172c7d3f5e4ef34220431f3e8643209fd68a11296dfaed658d8fae25d
68213,ood_period,none,zero_residual_frequency,0.0011793713205783263,0.0011781075013987952,1.2638191795311116e-06,90.75477053405636,90.50150861417504,0.25326191988132507,0.00028893342160385416,0.00029020358712339434,1.2701655195401784e-06,0.2556914737978444,0.25719710551873437,-0.001505631720889966,1.7821752251264173e-05,8.784034437842371e-07,0.003647422596804972,3.6472999355654415e-05,4,4,0,0,True,freq_hrl_full_v5,v5_u1_l3_h005_p01_tracking,2026,7071,tuning_validation_mechanism_diagnostic,full_method_nested_hpo_v3,0c65097c9b86b900c22caf62144fb801532978cb,8aa8fb9172c7d3f5e4ef34220431f3e8643209fd68a11296dfaed658d8fae25d
68219,ood_period,none,zero_residual_frequency,0.0004569234998998972,0.0004258122876246162,3.111121227528102e-05,52.381035749135734,47.998817663933124,4.382218085202609,0.00040804343050182545,0.00042879689314556657,2.0753462643741116e-05,0.1908441769137103,0.19800857759173385,-0.007164400678023541,2.5722469966889768e-05,-3.574160557339225e-07,0.0030211443820412063,3.0210302671643313e-05,4,4,0,0,True,freq_hrl_full_v5,v5_u1_l3_h005_p01_tracking,2026,7071,tuning_validation_mechanism_diagnostic,full_method_nested_hpo_v3,0c65097c9b86b900c22caf62144fb801532978cb,8aa8fb9172c7d3f5e4ef34220431f3e8643209fd68a11296dfaed658d8fae25d
68227,ood_period,none,zero_residual_frequency,0.0006629439066858644,0.000649313574816679,1.3630331869185497e-05,67.04775663925459,65.65371766836246,1.394038970892126,0.0003557874481386891,0.0003667823947191007,1.0994946580411558e-05,0.22507254197020377,0.23047986974924478,-0.005407327779041016,9.859663393158915e-06,4.960677319177779e-07,0.003944633585625626,3.9444640590726566e-05,4,4,0,0,True,freq_hrl_full_v5,v5_u1_l3_h005_p01_tracking,2026,7071,tuning_validation_mechanism_diagnostic,full_method_nested_hpo_v3,0c65097c9b86b900c22caf62144fb801532978cb,8aa8fb9172c7d3f5e4ef34220431f3e8643209fd68a11296dfaed658d8fae25d
68207,ood_period,none,zero_residual_frequency,-0.00015880326425499192,-0.00017185856191526128,1.305529766026936e-05,-17.966427401560807,-19.400442536845866,1.4340151352850583,0.0003446831150801799,0.00035163325526743616,6.95014018725626e-06,0.16232730438570503,0.1618072549713948,0.0005200494143102197,3.301951201263706e-05,9.23722661644199e-06,0.004777688777337768,4.777523161096985e-05,4,4,0,0,True,freq_hrl_full_v5,v5_u1_l3_h005_p01_tracking,2039,7084,tuning_validation_mechanism_diagnostic,full_method_nested_hpo_v3,0c65097c9b86b900c22caf62144fb801532978cb,8aa8fb9172c7d3f5e4ef34220431f3e8643209fd68a11296dfaed658d8fae25d
68209,ood_period,none,zero_residual_frequency,7.659421858918769e-05,6.491126667396152e-05,1.168295191522617e-05,8.939806058172008,7.641183292072287,1.2986227660997214,0.0003699167227139144,0.00037405091077380437,4.134188059889965e-06,0.17201006088645984,0.16935475737954372,0.002655303506916118,5.001038886458017e-05,7.765341078413832e-06,0.0077242864687933534,7.723780249007624e-05,4,4,0,0,True,freq_hrl_full_v5,v5_u1_l3_h005_p01_tracking,2039,7084,tuning_validation_mechanism_diagnostic,full_method_nested_hpo_v3,0c65097c9b86b900c22caf62144fb801532978cb,8aa8fb9172c7d3f5e4ef34220431f3e8643209fd68a11296dfaed658d8fae25d
68213,ood_period,none,zero_residual_frequency,0.0011430469047815084,0.0011440102569111321,-9.63352129623729e-07,88.33973350588573,89.08824315897681,-0.7485096530910766,0.000202075016697556,0.00020060045884162658,-1.474557855929426e-06,0.18848134623128035,0.18562091942843856,0.0028604268028417923,2.6184222463951017e-05,5.688417465156227e-06,0.007977536380430037,7.976991605874306e-05,4,4,0,0,True,freq_hrl_full_v5,v5_u1_l3_h005_p01_tracking,2039,7084,tuning_validation_mechanism_diagnostic,full_method_nested_hpo_v3,0c65097c9b86b900c22caf62144fb801532978cb,8aa8fb9172c7d3f5e4ef34220431f3e8643209fd68a11296dfaed658d8fae25d
68219,ood_period,none,zero_residual_frequency,0.00041097731182127006,0.0003781881620701366,3.278914975113345e-05,49.00124835857278,44.464353751020624,4.536894607552156,0.00025032165468363843,0.00026778039805619436,1.745874337255593e-05,0.1375162934379011,0.14070180570026664,-0.0031855122623655474,2.435422770719627e-05,5.805108050972918e-06,0.005365100774118521,5.364872351587353e-05,4,4,0,0,True,freq_hrl_full_v5,v5_u1_l3_h005_p01_tracking,2039,7084,tuning_validation_mechanism_diagnostic,full_method_nested_hpo_v3,0c65097c9b86b900c22caf62144fb801532978cb,8aa8fb9172c7d3f5e4ef34220431f3e8643209fd68a11296dfaed658d8fae25d
68227,ood_period,none,zero_residual_frequency,0.00046634236158449305,0.0004430746064629787,2.3267755121514355e-05,48.69683466261358,46.07509000164842,2.621744660965163,0.0002066016544203242,0.00021152199036511554,4.920335944791354e-06,0.15693700620019763,0.1582275047703126,-0.001290498570114984,2.768058634189029e-05,7.39051673322121e-06,0.006209301887752695,6.208981745539937e-05,4,4,0,0,True,freq_hrl_full_v5,v5_u1_l3_h005_p01_tracking,2039,7084,tuning_validation_mechanism_diagnostic,full_method_nested_hpo_v3,0c65097c9b86b900c22caf62144fb801532978cb,8aa8fb9172c7d3f5e4ef34220431f3e8643209fd68a11296dfaed658d8fae25d
68207,ood_period,none,zero_residual_frequency,0.002927460347247557,0.002907361154408372,2.009919283918471e-05,168.7417211308002,168.7366499367948,0.005071194005381585,0.00016987697865322726,0.00016800289118235057,-1.8740874708766952e-06,0.15237305276476654,0.15219641046514995,0.00017664229961658617,1.2772394512369869e-05,-8.446203914650466e-06,0.003044226627733022,3.0441921004874676e-05,4,4,0,0,True,freq_hrl_full_v5,v5_u1_l3_h005_p01_tracking,2053,7098,tuning_validation_mechanism_diagnostic,full_method_nested_hpo_v3,0c65097c9b86b900c22caf62144fb801532978cb,8aa8fb9172c7d3f5e4ef34220431f3e8643209fd68a11296dfaed658d8fae25d
68209,ood_period,none,zero_residual_frequency,0.001641810847804459,0.0016563383318499714,-1.4527484045512296e-05,92.49588422439126,92.65677359692029,-0.16088937252902724,0.0003228540969757443,0.0003225564782554091,-2.976187203351799e-07,0.1773040901547161,0.17832202402161307,-0.0010179338668969695,-3.486284784549021e-05,-1.59395388426607e-05,0.0029129677846463486,2.912905064899423e-05,4,4,0,0,True,freq_hrl_full_v5,v5_u1_l3_h005_p01_tracking,2053,7098,tuning_validation_mechanism_diagnostic,full_method_nested_hpo_v3,0c65097c9b86b900c22caf62144fb801532978cb,8aa8fb9172c7d3f5e4ef34220431f3e8643209fd68a11296dfaed658d8fae25d
68213,ood_period,none,zero_residual_frequency,0.003366252474085174,0.0033696008734585003,-3.348399373326316e-06,133.01848318800842,132.7165182208244,0.3019649671840057,0.0001831993053897918,0.00018422581921495595,1.0265138251641659e-06,0.21703991628362215,0.21752924545609878,-0.0004893291724766269,-2.496537163258312e-05,-1.6241001829562336e-05,0.0037418290883781285,3.741750958286185e-05,4,4,0,0,True,freq_hrl_full_v5,v5_u1_l3_h005_p01_tracking,2053,7098,tuning_validation_mechanism_diagnostic,full_method_nested_hpo_v3,0c65097c9b86b900c22caf62144fb801532978cb,8aa8fb9172c7d3f5e4ef34220431f3e8643209fd68a11296dfaed658d8fae25d
68219,ood_period,none,zero_residual_frequency,0.0019455315233978254,0.0019292654995255454,1.6266023872280044e-05,117.57948799088022,118.28785447226922,-0.7083664813889925,0.00029954858844094545,0.00029385326214625973,-5.695326294685721e-06,0.15129574660061315,0.14940523445496043,0.001890512145652723,-2.581977713535872e-05,-1.6662111482994444e-05,0.0019330538251678164,1.9330374053524994e-05,4,4,0,0,True,freq_hrl_full_v5,v5_u1_l3_h005_p01_tracking,2053,7098,tuning_validation_mechanism_diagnostic,full_method_nested_hpo_v3,0c65097c9b86b900c22caf62144fb801532978cb,8aa8fb9172c7d3f5e4ef34220431f3e8643209fd68a11296dfaed658d8fae25d
68227,ood_period,none,zero_residual_frequency,0.002201305733634751,0.002189351363985681,1.1954369649069818e-05,118.80575754330097,119.37473111198557,-0.5689735686845978,0.0001518649271347039,0.0001502571239659911,-1.6078031687127847e-06,0.16765186014785888,0.1663391097234306,0.0013127504244282717,-2.1965717815422788e-05,-1.6359841017205076e-05,0.002371889361772143,2.3718646820661314e-05,4,4,0,0,True,freq_hrl_full_v5,v5_u1_l3_h005_p01_tracking,2053,7098,tuning_validation_mechanism_diagnostic,full_method_nested_hpo_v3,0c65097c9b86b900c22caf62144fb801532978cb,8aa8fb9172c7d3f5e4ef34220431f3e8643209fd68a11296dfaed658d8fae25d
68207,stationary_low_noise,none,zero_residual_frequency,0.0016199541011072682,0.0016284979309424408,-8.543829835172545e-06,93.8533444131245,94.58160125532558,-0.7282568422010769,0.00040020946609742314,0.0004057507902267554,5.541324129332281e-06,0.4756382459968821,0.47184746389994126,0.003790782096940837,0.00016954946273165138,0.00012432420366421078,0.004156821472052899,6.234003242649103e-05,4,4,0,0,True,freq_hrl_full_v5,v5_u3_l1_h3_p01_tactical,2026,4044,tuning_validation_mechanism_diagnostic,full_method_nested_hpo_v3,0c65097c9b86b900c22caf62144fb801532978cb,8aa8fb9172c7d3f5e4ef34220431f3e8643209fd68a11296dfaed658d8fae25d
68209,stationary_low_noise,none,zero_residual_frequency,0.000293384037745259,0.0003029517713333263,-9.567733588067284e-06,18.713727154083777,19.59781989827049,-0.884092744186713,0.000572830475214503,0.0005547661913865021,-1.806428382800096e-05,0.4913438329427915,0.4808738420840512,0.010469990858740286,0.0002219548943165011,0.0001258619100208457,0.005246606580072289,7.868600827953155e-05,4,4,0,0,True,freq_hrl_full_v5,v5_u3_l1_h3_p01_tactical,2026,4044,tuning_validation_mechanism_diagnostic,full_method_nested_hpo_v3,0c65097c9b86b900c22caf62144fb801532978cb,8aa8fb9172c7d3f5e4ef34220431f3e8643209fd68a11296dfaed658d8fae25d
68213,stationary_low_noise,none,zero_residual_frequency,0.0018302374311538472,0.0018489626981925689,-1.8725267038721682e-05,84.99882425764751,86.05571490444497,-1.0568906467974557,0.00036559115667200714,0.0003653098068546745,-2.813498173326323e-07,0.5786084642238298,0.5741855777061575,0.004422886517672309,0.00014976458929284015,0.00010764540635313348,0.004783430369570851,7.174006881562194e-05,4,4,0,0,True,freq_hrl_full_v5,v5_u3_l1_h3_p01_tactical,2026,4044,tuning_validation_mechanism_diagnostic,full_method_nested_hpo_v3,0c65097c9b86b900c22caf62144fb801532978cb,8aa8fb9172c7d3f5e4ef34220431f3e8643209fd68a11296dfaed658d8fae25d
68219,stationary_low_noise,none,zero_residual_frequency,0.0007315320907341771,0.0007470029800880074,-1.547088935383023e-05,45.70270733147333,46.70222616638172,-0.9995188349083932,0.000334176890445681,0.00032834328085462605,-5.833609591054945e-06,0.49141959165863003,0.489937559684971,0.001482031973659037,0.00017672861033575884,0.0001193460559302307,0.0042608245841822484,6.390043963737117e-05,4,4,0,0,True,freq_hrl_full_v5,v5_u3_l1_h3_p01_tactical,2026,4044,tuning_validation_mechanism_diagnostic,full_method_nested_hpo_v3,0c65097c9b86b900c22caf62144fb801532978cb,8aa8fb9172c7d3f5e4ef34220431f3e8643209fd68a11296dfaed658d8fae25d
68227,stationary_low_noise,none,zero_residual_frequency,0.0014607927072600724,0.0014837630797048806,-2.2970372444808262e-05,78.27933593152619,79.43629607776202,-1.156960146235832,0.0003232692010353144,0.00032124893797991216,-2.0202630554022605e-06,0.4897190813608713,0.4873958038384684,0.0023232775224028557,0.00018901816818438428,0.00012331711412961837,0.0048042323530858595,7.204782154057532e-05,4,4,0,0,True,freq_hrl_full_v5,v5_u3_l1_h3_p01_tactical,2026,4044,tuning_validation_mechanism_diagnostic,full_method_nested_hpo_v3,0c65097c9b86b900c22caf62144fb801532978cb,8aa8fb9172c7d3f5e4ef34220431f3e8643209fd68a11296dfaed658d8fae25d
68207,stationary_low_noise,none,zero_residual_frequency,0.0017169225869806404,0.0017440848662557684,-2.7162279275128043e-05,79.88915790626265,80.80090550032628,-0.9117475940636268,0.0006133591441939146,0.0006177141709045042,4.355026710589627e-06,0.5885376771602248,0.5888435470507267,-0.0003058698905019641,0.00025732046411258464,0.00018550151305740065,0.00781281015531729,0.0001169750713235785,4,4,0,0,True,freq_hrl_full_v5,v5_u3_l1_h3_p01_tactical,2039,4057,tuning_validation_mechanism_diagnostic,full_method_nested_hpo_v3,0c65097c9b86b900c22caf62144fb801532978cb,8aa8fb9172c7d3f5e4ef34220431f3e8643209fd68a11296dfaed658d8fae25d
68209,stationary_low_noise,none,zero_residual_frequency,0.0010187314524130464,0.0010621537817030458,-4.342232928999934e-05,46.19393705400204,47.34524511082635,-1.1513080568243055,0.0005886495452009921,0.000610260915332117,2.1611370131124907e-05,0.5891268822847469,0.5961898878394334,-0.00706300555468653,0.00027123367154931486,0.00018900044533274614,0.010602828389770972,0.00015871211708429986,4,4,0,0,True,freq_hrl_full_v5,v5_u3_l1_h3_p01_tactical,2039,4057,tuning_validation_mechanism_diagnostic,full_method_nested_hpo_v3,0c65097c9b86b900c22caf62144fb801532978cb,8aa8fb9172c7d3f5e4ef34220431f3e8643209fd68a11296dfaed658d8fae25d
68213,stationary_low_noise,none,zero_residual_frequency,0.0030230260220467375,0.0030832339616462257,-6.0207939599488114e-05,119.66402234718154,121.59588034518339,-1.9318579980018455,0.0006040266404135908,0.0006146959512278727,1.0669310814281907e-05,0.6806956565342013,0.6797570869930538,0.0009385695411474604,0.00031334474927287596,0.0001917966206501786,0.010614078371953738,0.00015884148910502832,4,4,0,0,True,freq_hrl_full_v5,v5_u3_l1_h3_p01_tactical,2039,4057,tuning_validation_mechanism_diagnostic,full_method_nested_hpo_v3,0c65097c9b86b900c22caf62144fb801532978cb,8aa8fb9172c7d3f5e4ef34220431f3e8643209fd68a11296dfaed658d8fae25d
68219,stationary_low_noise,none,zero_residual_frequency,0.0017243061743674737,0.001742654107353303,-1.8347932985829374e-05,84.30475947416197,84.9548083505274,-0.6500488763654317,0.0005482805422306614,0.0005507267086524159,2.4461664217545476e-06,0.6018218269873328,0.6022263903672911,-0.0004045633799583115,0.00023363126746408234,0.0001773407844172588,0.008070566823072214,0.00012081558842447144,4,4,0,0,True,freq_hrl_full_v5,v5_u3_l1_h3_p01_tactical,2039,4057,tuning_validation_mechanism_diagnostic,full_method_nested_hpo_v3,0c65097c9b86b900c22caf62144fb801532978cb,8aa8fb9172c7d3f5e4ef34220431f3e8643209fd68a11296dfaed658d8fae25d
68227,stationary_low_noise,none,zero_residual_frequency,0.0020504551671922666,0.002059556369308435,-9.101202116168494e-06,90.01944590567545,90.16055505702253,-0.1411091513470808,0.0005822735714815508,0.0005838129115292023,1.5393400476515495e-06,0.5927352455003112,0.5946014928651899,-0.0018662473648787259,0.00025156369101394924,0.0001860833052893142,0.008022572232423246,0.00012009612402486394,4,4,0,0,True,freq_hrl_full_v5,v5_u3_l1_h3_p01_tactical,2039,4057,tuning_validation_mechanism_diagnostic,full_method_nested_hpo_v3,0c65097c9b86b900c22caf62144fb801532978cb,8aa8fb9172c7d3f5e4ef34220431f3e8643209fd68a11296dfaed658d8fae25d
68207,stationary_low_noise,none,zero_residual_frequency,0.0028330948758981123,0.002837743616557198,-4.648740659085604e-06,107.17043299167217,107.25656941045006,-0.08613641877788325,0.00041751540505086115,0.0004163376904458005,-1.1777146050606646e-06,0.5447605103945681,0.5448837484579877,-0.0001232380634196284,-0.0005172735082000382,-0.00046334649510440117,0.0052552953957476535,7.878052476126888e-05,4,4,0,0,True,freq_hrl_full_v5,v5_u3_l1_h3_p01_tactical,2053,4071,tuning_validation_mechanism_diagnostic,full_method_nested_hpo_v3,0c65097c9b86b900c22caf62144fb801532978cb,8aa8fb9172c7d3f5e4ef34220431f3e8643209fd68a11296dfaed658d8fae25d
68209,stationary_low_noise,none,zero_residual_frequency,0.0018446115365011728,0.001886350681653104,-4.173914515193111e-05,72.26571604780214,73.35847918571093,-1.0927631379087899,0.000575708570857425,0.0005759743524915706,2.6578163414558986e-07,0.531694199058825,0.5330758575357502,-0.0013816584769251739,-0.00048317593863959863,-0.0004357056176816352,0.00860462734110317,0.00012898702928174543,4,4,0,0,True,freq_hrl_full_v5,v5_u3_l1_h3_p01_tactical,2053,4071,tuning_validation_mechanism_diagnostic,full_method_nested_hpo_v3,0c65097c9b86b900c22caf62144fb801532978cb,8aa8fb9172c7d3f5e4ef34220431f3e8643209fd68a11296dfaed658d8fae25d
68213,stationary_low_noise,none,zero_residual_frequency,0.004577260228694646,0.004575366960044791,1.8932686498551732e-06,153.16307365147648,153.38290798153926,-0.2198343300627812,0.0003227302982365954,0.00031480140843709314,-7.928889799502237e-06,0.6581541096705426,0.6566877445019864,0.0014663651685561385,-0.0005121668698546318,-0.0004378803980995688,0.00809593271082526,0.00012136501991545474,4,4,0,0,True,freq_hrl_full_v5,v5_u3_l1_h3_p01_tactical,2053,4071,tuning_validation_mechanism_diagnostic,full_method_nested_hpo_v3,0c65097c9b86b900c22caf62144fb801532978cb,8aa8fb9172c7d3f5e4ef34220431f3e8643209fd68a11296dfaed658d8fae25d
68219,stationary_low_noise,none,zero_residual_frequency,0.0031420073069015064,0.003142981607029416,-9.743001279094443e-07,119.34113433791381,119.52932285789697,-0.18818851998315722,0.00039138780804237605,0.00038869299954658043,-2.6948084957956198e-06,0.56494516673085,0.5638949291211368,0.0010502376097132338,-0.0005082973611436343,-0.0004536608907448413,0.006593846178616838,9.883484300456e-05,4,4,0,0,True,freq_hrl_full_v5,v5_u3_l1_h3_p01_tactical,2053,4071,tuning_validation_mechanism_diagnostic,full_method_nested_hpo_v3,0c65097c9b86b900c22caf62144fb801532978cb,8aa8fb9172c7d3f5e4ef34220431f3e8643209fd68a11296dfaed658d8fae25d
68227,stationary_low_noise,none,zero_residual_frequency,0.00338714675874785,0.003399750418285219,-1.2603659537369083e-05,123.37943642990948,123.73307386897042,-0.3536374390609467,0.0003534606991071332,0.00035134354158405934,-2.1171575230738426e-06,0.560754196402163,0.5605837134126438,0.00017048298951916063,-0.0005239582289258765,-0.0004567450197893628,0.006605235939948923,9.900330438956016e-05,4,4,0,0,True,freq_hrl_full_v5,v5_u3_l1_h3_p01_tactical,2053,4071,tuning_validation_mechanism_diagnostic,full_method_nested_hpo_v3,0c65097c9b86b900c22caf62144fb801532978cb,8aa8fb9172c7d3f5e4ef34220431f3e8643209fd68a11296dfaed658d8fae25d
68207,persistent_shift,none,zero_residual_frequency,0.006111905262695672,0.006766798312164424,-0.0006548930494687522,158.75013446298678,167.91742931508185,-9.167294852095068,0.00039174003202158136,0.0004103884063636487,1.8648374342067342e-05,0.4776066952286705,0.4836841436532713,-0.006077448424600784,0.00012289572647778535,4.236776539298926e-05,0.013153804230063949,0.0001970383808894047,4,4,0,0,True,freq_hrl_full_v5,v5_u3_l1_h3_p01_tactical,2026,2026,tuning_validation_mechanism_diagnostic,full_method_nested_hpo_v3,0c65097c9b86b900c22caf62144fb801532978cb,8aa8fb9172c7d3f5e4ef34220431f3e8643209fd68a11296dfaed658d8fae25d
68209,persistent_shift,none,zero_residual_frequency,0.011322692881800211,0.01134601861544815,-2.3325733647938662e-05,183.19061106397635,183.31848739256662,-0.12787632859027553,0.000604890097494537,0.000606390634874443,1.500537379905964e-06,0.6416541686481757,0.6399729696094905,0.0016811990386852438,0.0001342496655896323,-5.9621276397349565e-05,0.01901571520817621,0.0002845804082735459,4,4,0,0,True,freq_hrl_full_v5,v5_u3_l1_h3_p01_tactical,2026,2026,tuning_validation_mechanism_diagnostic,full_method_nested_hpo_v3,0c65097c9b86b900c22caf62144fb801532978cb,8aa8fb9172c7d3f5e4ef34220431f3e8643209fd68a11296dfaed658d8fae25d
68213,persistent_shift,none,zero_residual_frequency,0.014804962322904514,0.015246129667090713,-0.00044116734418619963,223.9756917627029,226.5755003833204,-2.5998086206174946,0.00030940580465710354,0.0003096077152943133,2.0191063720975677e-07,0.6986432128947484,0.7015812378626429,-0.002938024967894526,5.388527730327433e-05,-1.3942209021376626e-05,0.01843884252108789,0.0002759088737255671,4,4,0,0,True,freq_hrl_full_v5,v5_u3_l1_h3_p01_tactical,2026,2026,tuning_validation_mechanism_diagnostic,full_method_nested_hpo_v3,0c65097c9b86b900c22caf62144fb801532978cb,8aa8fb9172c7d3f5e4ef34220431f3e8643209fd68a11296dfaed658d8fae25d
68219,persistent_shift,none,zero_residual_frequency,0.006015185540176438,0.006690667059714661,-0.0006754815195382236,139.91823719967863,148.98056425321252,-9.062327053533892,0.00044223273059984525,0.0004847608729143804,4.252814231453517e-05,0.5584444817254138,0.5672714166696349,-0.008826934944221043,0.00020907332893632267,3.607594333090747e-05,0.01469028226856608,0.00021997470631798216,4,4,0,0,True,freq_hrl_full_v5,v5_u3_l1_h3_p01_tactical,2026,2026,tuning_validation_mechanism_diagnostic,full_method_nested_hpo_v3,0c65097c9b86b900c22caf62144fb801532978cb,8aa8fb9172c7d3f5e4ef34220431f3e8643209fd68a11296dfaed658d8fae25d
68227,persistent_shift,none,zero_residual_frequency,0.0052474252394791865,0.005838503217322932,-0.0005910779778437458,138.78714176502461,147.47981989759444,-8.692678132569824,0.000418384753756218,0.000436712538681161,1.8327784924943025e-05,0.5068377936261961,0.5136968154463598,-0.006859021820163735,0.00026520157326559185,4.0457221872912955e-05,0.015617703676818766,0.00023389164955960737,4,4,0,0,True,freq_hrl_full_v5,v5_u3_l1_h3_p01_tactical,2026,2026,tuning_validation_mechanism_diagnostic,full_method_nested_hpo_v3,0c65097c9b86b900c22caf62144fb801532978cb,8aa8fb9172c7d3f5e4ef34220431f3e8643209fd68a11296dfaed658d8fae25d
68207,persistent_shift,none,zero_residual_frequency,0.01712834833561616,0.01722139962775393,-9.305129213776908e-05,222.2246058111539,222.39211910098373,-0.16751328982982727,0.0008725186630484938,0.000877741768199769,5.22310515127522e-06,0.6778162394372513,0.6786971564476888,-0.0008809170104374653,3.0081553657664866e-05,4.7491641975566304e-05,0.004775821714024965,7.162314071662264e-05,4,4,0,0,True,freq_hrl_full_v5,v5_u3_l1_h3_p01_tactical,2039,2039,tuning_validation_mechanism_diagnostic,full_method_nested_hpo_v3,0c65097c9b86b900c22caf62144fb801532978cb,8aa8fb9172c7d3f5e4ef34220431f3e8643209fd68a11296dfaed658d8fae25d
68209,persistent_shift,none,zero_residual_frequency,0.011250923152017034,0.011307825750685785,-5.6902598668751025e-05,184.6383584492659,184.8083755409805,-0.17001709171461243,0.0008032169300323799,0.0008076506867993327,4.43375676695279e-06,0.6277548299462326,0.6310503700437369,-0.0032955400975043236,-3.77792006879261e-05,-4.714852601428709e-06,0.007382511648110166,0.0001107106374509147,4,4,0,0,True,freq_hrl_full_v5,v5_u3_l1_h3_p01_tactical,2039,2039,tuning_validation_mechanism_diagnostic,full_method_nested_hpo_v3,0c65097c9b86b900c22caf62144fb801532978cb,8aa8fb9172c7d3f5e4ef34220431f3e8643209fd68a11296dfaed658d8fae25d
68213,persistent_shift,none,zero_residual_frequency,0.015141759918433806,0.015090461486899631,5.129843153417468e-05,198.40801936384872,198.53971250969087,-0.1316931458421493,0.0005719990280235177,0.0005652341759141422,-6.7648521093754965e-06,0.7259655111784395,0.7218788868286057,0.004086624349833867,-2.8220037437738237e-05,-1.4764365996712727e-05,0.004956936408092991,7.433742415408133e-05,4,4,0,0,True,freq_hrl_full_v5,v5_u3_l1_h3_p01_tactical,2039,2039,tuning_validation_mechanism_diagnostic,full_method_nested_hpo_v3,0c65097c9b86b900c22caf62144fb801532978cb,8aa8fb9172c7d3f5e4ef34220431f3e8643209fd68a11296dfaed658d8fae25d
68219,persistent_shift,none,zero_residual_frequency,0.014192112953958613,0.014252928239561369,-6.081528560275551e-05,196.88291038231446,196.96659138576928,-0.08368100345481366,0.0011168275789931181,0.001115601847195835,-1.225731797283025e-06,0.7135633637538896,0.7164152983974237,-0.00285193464353406,8.851967026482582e-07,3.224273441523825e-05,0.005875624005097457,8.811437342090232e-05,4,4,0,0,True,freq_hrl_full_v5,v5_u3_l1_h3_p01_tactical,2039,2039,tuning_validation_mechanism_diagnostic,full_method_nested_hpo_v3,0c65097c9b86b900c22caf62144fb801532978cb,8aa8fb9172c7d3f5e4ef34220431f3e8643209fd68a11296dfaed658d8fae25d
68227,persistent_shift,none,zero_residual_frequency,0.012471716347756345,0.012828122247889207,-0.0003564059001328612,191.89447827627527,192.91154767282006,-1.017069396544798,0.0007089407724422125,0.0007020451637800296,-6.895608662182973e-06,0.6161827210890294,0.6230302944698871,-0.00684757338085773,-3.613917679241281e-05,1.9705075246426056e-05,0.006181456516302811,9.270113138374995e-05,4,4,0,0,True,freq_hrl_full_v5,v5_u3_l1_h3_p01_tactical,2039,2039,tuning_validation_mechanism_diagnostic,full_method_nested_hpo_v3,0c65097c9b86b900c22caf62144fb801532978cb,8aa8fb9172c7d3f5e4ef34220431f3e8643209fd68a11296dfaed658d8fae25d
68207,persistent_shift,none,zero_residual_frequency,0.00877646949412858,0.008791181634075995,-1.4712139947414826e-05,155.6310845085022,155.89925878936887,-0.26817428086667405,0.0012524617145261985,0.001242138351905675,-1.0323362620523469e-05,0.7588501585653842,0.7602124656352143,-0.0013623070698300932,-0.00011679820561051684,-8.234213517993515e-05,0.007423574169256932,0.00011129751314166313,4,4,0,0,True,freq_hrl_full_v5,v5_u3_l1_h3_p01_tactical,2053,2053,tuning_validation_mechanism_diagnostic,full_method_nested_hpo_v3,0c65097c9b86b900c22caf62144fb801532978cb,8aa8fb9172c7d3f5e4ef34220431f3e8643209fd68a11296dfaed658d8fae25d
68209,persistent_shift,none,zero_residual_frequency,0.009152263650144654,0.00911186490403737,4.039874610728411e-05,155.83873124384195,155.83978554781518,-0.0010543039732340276,0.001372345446162604,0.001365486525225168,-6.858920937435897e-06,0.9041040060944554,0.8966296319660791,0.00747437412837626,-1.4204187573573908e-05,-4.8741502431071804e-05,0.010367499246947572,0.00015539449588309484,4,4,0,0,True,freq_hrl_full_v5,v5_u3_l1_h3_p01_tactical,2053,2053,tuning_validation_mechanism_diagnostic,full_method_nested_hpo_v3,0c65097c9b86b900c22caf62144fb801532978cb,8aa8fb9172c7d3f5e4ef34220431f3e8643209fd68a11296dfaed658d8fae25d
68213,persistent_shift,none,zero_residual_frequency,0.012909546914248393,0.012851963222322738,5.75836919256556e-05,180.8399447939126,179.88481168351703,0.9551331103955647,0.000623089426335266,0.0006375664289981486,1.4477002662882654e-05,0.8897053061356315,0.899496296235151,-0.009790990099519559,-0.00011743300571162293,-8.379475112856818e-05,0.010738981367224672,0.00016096311712211693,4,4,0,0,True,freq_hrl_full_v5,v5_u3_l1_h3_p01_tactical,2053,2053,tuning_validation_mechanism_diagnostic,full_method_nested_hpo_v3,0c65097c9b86b900c22caf62144fb801532978cb,8aa8fb9172c7d3f5e4ef34220431f3e8643209fd68a11296dfaed658d8fae25d
68219,persistent_shift,none,zero_residual_frequency,0.0074306400377217585,0.007340653676475073,8.998636124668558e-05,130.24271243283522,128.21946883035588,2.02324360247934,0.00199036905840988,0.0020435900739809165,5.3221015571036645e-05,0.7840143442061642,0.791387923369199,-0.007373579163034827,-4.6631073192129665e-05,-0.00010024741067043234,0.009547944045981341,0.00014313234863287273,4,4,0,0,True,freq_hrl_full_v5,v5_u3_l1_h3_p01_tactical,2053,2053,tuning_validation_mechanism_diagnostic,full_method_nested_hpo_v3,0c65097c9b86b900c22caf62144fb801532978cb,8aa8fb9172c7d3f5e4ef34220431f3e8643209fd68a11296dfaed658d8fae25d
68227,persistent_shift,none,zero_residual_frequency,0.008147626683355558,0.0080626896806133,8.493700274225802e-05,149.8956909522886,147.57873772740933,2.3169532248792564,0.0014716301177010171,0.001531539586769548,5.9909469068530896e-05,0.7577377263045673,0.769668400414262,-0.011930674109694728,-5.6667411428667754e-06,-8.811284119664291e-05,0.00839834922921404,0.00012589139643356124,4,4,0,0,True,freq_hrl_full_v5,v5_u3_l1_h3_p01_tactical,2053,2053,tuning_validation_mechanism_diagnostic,full_method_nested_hpo_v3,0c65097c9b86b900c22caf62144fb801532978cb,8aa8fb9172c7d3f5e4ef34220431f3e8643209fd68a11296dfaed658d8fae25d
68207,ood_period,none,zero_residual_frequency,0.005945838360612576,0.0059224025971675864,2.3435763444989988e-05,84.78713297267264,84.53660984985233,0.25052312282031153,0.00124288959860408,0.0012339776166775396,-8.911981926540413e-06,0.8392652758264204,0.8351885489610279,0.00407672686539251,0.00016157237398607395,0.00013947445746299712,0.017104443313696212,0.00025615516765578513,4,4,0,0,True,freq_hrl_full_v5,v5_u3_l1_h3_p01_tactical,2026,7071,tuning_validation_mechanism_diagnostic,full_method_nested_hpo_v3,0c65097c9b86b900c22caf62144fb801532978cb,8aa8fb9172c7d3f5e4ef34220431f3e8643209fd68a11296dfaed658d8fae25d
68209,ood_period,none,zero_residual_frequency,-0.00047301994190929175,-0.0005169801067139712,4.396016480467946e-05,-13.999530075219322,-14.923531764211068,0.924001688991746,0.0014106224068349826,0.0014367961583434674,2.6173751508484777e-05,0.6914660467114573,0.698743747676438,-0.0072777009649807045,0.00033334379103073706,0.000132283415358827,0.029224530141153893,0.0004365016641668311,4,4,0,0,True,freq_hrl_full_v5,v5_u3_l1_h3_p01_tactical,2026,7071,tuning_validation_mechanism_diagnostic,full_method_nested_hpo_v3,0c65097c9b86b900c22caf62144fb801532978cb,8aa8fb9172c7d3f5e4ef34220431f3e8643209fd68a11296dfaed658d8fae25d
68213,ood_period,none,zero_residual_frequency,0.0011415398805663113,0.0011041352901497437,3.740459041656763e-05,21.312158668120855,20.83674193978288,0.47541672833797577,0.002135429525901733,0.00214887894238458,1.3449416482846921e-05,0.9250461810147523,0.9046775888701779,0.020368592144574427,0.00019175568287935096,1.9158398826851277e-05,0.04277684903936461,0.0006391535230657904,4,4,0,0,True,freq_hrl_full_v5,v5_u3_l1_h3_p01_tactical,2026,7071,tuning_validation_mechanism_diagnostic,full_method_nested_hpo_v3,0c65097c9b86b900c22caf62144fb801532978cb,8aa8fb9172c7d3f5e4ef34220431f3e8643209fd68a11296dfaed658d8fae25d
68219,ood_period,none,zero_residual_frequency,0.0011674262196468277,0.0009471274892294268,0.0002202987304174009,24.388630951239435,19.496473206876992,4.892157744362443,0.0017763570536949436,0.001860406089770672,8.404903607572844e-05,0.7307385124391997,0.7431946433205858,-0.012456130881386085,0.00016934366164069305,7.808634153979408e-05,0.02305430180373757,0.00034476937477580374,4,4,0,0,True,freq_hrl_full_v5,v5_u3_l1_h3_p01_tactical,2026,7071,tuning_validation_mechanism_diagnostic,full_method_nested_hpo_v3,0c65097c9b86b900c22caf62144fb801532978cb,8aa8fb9172c7d3f5e4ef34220431f3e8643209fd68a11296dfaed658d8fae25d
68227,ood_period,none,zero_residual_frequency,0.002159289221417948,0.0019880372600660223,0.00017125196135192589,41.69298970448039,38.22934028966667,3.463649414813716,0.0017099697292761729,0.0017816820649892984,7.171233571312552e-05,0.8025214909469487,0.8115583151706469,-0.009036824223698225,0.0001907186138724335,7.969035510578507e-05,0.025143115311382445,0.00037595338187736507,4,4,0,0,True,freq_hrl_full_v5,v5_u3_l1_h3_p01_tactical,2026,7071,tuning_validation_mechanism_diagnostic,full_method_nested_hpo_v3,0c65097c9b86b900c22caf62144fb801532978cb,8aa8fb9172c7d3f5e4ef34220431f3e8643209fd68a11296dfaed658d8fae25d
68207,ood_period,none,zero_residual_frequency,0.014104989867186335,0.014402591918236674,-0.00029760205105033855,163.88756570488027,164.24096924973165,-0.3534035448513748,0.0007805982033781689,0.0007979304100493856,1.733220667121671e-05,0.7323637736274748,0.7440161247244803,-0.011652351097005464,-0.0002775471904714166,-0.00023591185260857939,0.015997456089664613,0.00023975333428746874,4,4,0,0,True,freq_hrl_full_v5,v5_u3_l1_h3_p01_tactical,2039,7084,tuning_validation_mechanism_diagnostic,full_method_nested_hpo_v3,0c65097c9b86b900c22caf62144fb801532978cb,8aa8fb9172c7d3f5e4ef34220431f3e8643209fd68a11296dfaed658d8fae25d
68209,ood_period,none,zero_residual_frequency,0.007551031571834788,0.007895503335867637,-0.00034447176403284985,100.6232448450854,101.91561547430823,-1.2923706292228303,0.0018241803607607077,0.0018967481019480648,7.25677411873571e-05,0.7370605668095962,0.7475002242681442,-0.010439657458548024,-0.00015146847263699815,-0.00027481985486854936,0.028815716951632767,0.000432075776714809,4,4,0,0,True,freq_hrl_full_v5,v5_u3_l1_h3_p01_tactical,2039,7084,tuning_validation_mechanism_diagnostic,full_method_nested_hpo_v3,0c65097c9b86b900c22caf62144fb801532978cb,8aa8fb9172c7d3f5e4ef34220431f3e8643209fd68a11296dfaed658d8fae25d
68213,ood_period,none,zero_residual_frequency,0.015029184977459753,0.015262427993792738,-0.0002332430163329846,135.09533055645718,134.95030307168994,0.14502748476724037,0.0012170154152989499,0.0012978850221977423,8.086960689879241e-05,0.9447703642300875,0.9553712657966749,-0.010600901566587329,-0.00016458732216553871,-0.0003105418792789798,0.026522680469174196,0.0003976900425505257,4,4,0,0,True,freq_hrl_full_v5,v5_u3_l1_h3_p01_tactical,2039,7084,tuning_validation_mechanism_diagnostic,full_method_nested_hpo_v3,0c65097c9b86b900c22caf62144fb801532978cb,8aa8fb9172c7d3f5e4ef34220431f3e8643209fd68a11296dfaed658d8fae25d
68219,ood_period,none,zero_residual_frequency,0.008994179469014263,0.009395237758218933,-0.0004010582892046699,118.0322748802034,118.13217977860079,-0.09990489839738359,0.001195332642735747,0.0012642180993566177,6.888545662087076e-05,0.6989636736827513,0.7256047642471499,-0.026641090564398673,-0.00027451647557369353,-0.0002594502964980651,0.015799904848103726,0.00023690826553655366,4,4,0,0,True,freq_hrl_full_v5,v5_u3_l1_h3_p01_tactical,2039,7084,tuning_validation_mechanism_diagnostic,full_method_nested_hpo_v3,0c65097c9b86b900c22caf62144fb801532978cb,8aa8fb9172c7d3f5e4ef34220431f3e8643209fd68a11296dfaed658d8fae25d
68227,ood_period,none,zero_residual_frequency,0.010585454035468178,0.011083301075702323,-0.0004978470402341451,132.86406032949458,133.31511252126654,-0.4510521917719643,0.001177235863266013,0.0012578124685133085,8.05766052472956e-05,0.7765646835346431,0.8001564610399399,-0.02359177750529673,-0.000345518170044931,-0.0002774543840157732,0.017477056984919023,0.0002620185110500604,4,4,0,0,True,freq_hrl_full_v5,v5_u3_l1_h3_p01_tactical,2039,7084,tuning_validation_mechanism_diagnostic,full_method_nested_hpo_v3,0c65097c9b86b900c22caf62144fb801532978cb,8aa8fb9172c7d3f5e4ef34220431f3e8643209fd68a11296dfaed658d8fae25d
68207,ood_period,none,zero_residual_frequency,0.009654579315037992,0.009846212479327487,-0.00019163316428949528,150.83859567633172,151.61943620192852,-0.7808405255968012,0.00039280944847253085,0.0004123994534172004,1.959000494466956e-05,0.4839092059251911,0.4858980446797494,-0.0019888387545582975,0.00020538666189694844,0.00015179833790406925,0.010228148791550968,0.0001533341670360861,4,4,0,0,True,freq_hrl_full_v5,v5_u3_l1_h3_p01_tactical,2053,7098,tuning_validation_mechanism_diagnostic,full_method_nested_hpo_v3,0c65097c9b86b900c22caf62144fb801532978cb,8aa8fb9172c7d3f5e4ef34220431f3e8643209fd68a11296dfaed658d8fae25d
68209,ood_period,none,zero_residual_frequency,0.010591277556203593,0.01078445348291912,-0.00019317592671552752,133.35045792981438,133.31607823135096,0.03437969846342526,0.001005821265534057,0.0010408938895745123,3.50726240404553e-05,0.5904779350137616,0.596729255968458,-0.006251320954696493,0.0001711872894916029,0.00015084169496795943,0.022649048212204228,0.0003392089282435312,4,4,0,0,True,freq_hrl_full_v5,v5_u3_l1_h3_p01_tactical,2053,7098,tuning_validation_mechanism_diagnostic,full_method_nested_hpo_v3,0c65097c9b86b900c22caf62144fb801532978cb,8aa8fb9172c7d3f5e4ef34220431f3e8643209fd68a11296dfaed658d8fae25d
68213,ood_period,none,zero_residual_frequency,0.01777634568123676,0.017824106305895704,-4.7760624658943485e-05,160.70370478750775,161.26056599666953,-0.5568612091617808,0.0011010523027294994,0.0011008192530280736,-2.330497014257915e-07,0.7607223976717721,0.7562015536402511,0.004520844031520976,0.00037960262832006426,0.00014947977732257376,0.016828622124416544,0.00025207777995597005,4,4,0,0,True,freq_hrl_full_v5,v5_u3_l1_h3_p01_tactical,2053,7098,tuning_validation_mechanism_diagnostic,full_method_nested_hpo_v3,0c65097c9b86b900c22caf62144fb801532978cb,8aa8fb9172c7d3f5e4ef34220431f3e8643209fd68a11296dfaed658d8fae25d
68219,ood_period,none,zero_residual_frequency,0.009502407679642166,0.009740990341123412,-0.00023858266148124585,143.67904291844792,144.25698974265146,-0.5779468242035364,0.0009546515476662742,0.0009816613179142175,2.7009770247943266e-05,0.48952175543238086,0.4944142806171492,-0.004892525184768348,0.00027621796837076675,0.00014534879233726725,0.015366497684347754,0.00023025016809708555,4,4,0,0,True,freq_hrl_full_v5,v5_u3_l1_h3_p01_tactical,2053,7098,tuning_validation_mechanism_diagnostic,full_method_nested_hpo_v3,0c65097c9b86b900c22caf62144fb801532978cb,8aa8fb9172c7d3f5e4ef34220431f3e8643209fd68a11296dfaed658d8fae25d
68227,ood_period,none,zero_residual_frequency,0.010375567385300766,0.010481937725294044,-0.00010637033999327805,137.1663208723655,137.25234916656834,-0.08602829420283342,0.0008411152127520971,0.0008624063070361565,2.1291094284059398e-05,0.5544418616411518,0.5571980938102993,-0.0027562321691474434,0.00033559041593785347,0.00013300641996171722,0.017554088599152036,0.0002629747577112869,4,4,0,0,True,freq_hrl_full_v5,v5_u3_l1_h3_p01_tactical,2053,7098,tuning_validation_mechanism_diagnostic,full_method_nested_hpo_v3,0c65097c9b86b900c22caf62144fb801532978cb,8aa8fb9172c7d3f5e4ef34220431f3e8643209fd68a11296dfaed658d8fae25d
68207,stationary_low_noise,none,zero_residual_frequency,-9.892199589245365e-05,-9.863771213614037e-05,-2.8428375631328606e-07,-223.77614249165646,-220.8314750708294,-2.944667420827045,9.892199589245365e-05,9.863771213614037e-05,-2.8428375631328606e-07,0.013027208207474106,0.013044053219979531,-1.6845012505425222e-05,6.960645455203828e-06,5.167437518162319e-06,0.0006790705892797177,5.093022431639545e-06,3,3,0,0,True,freq_hrl_full_v5,v5_u3_l3_h003_p003_conservative,2026,4044,tuning_validation_mechanism_diagnostic,full_method_nested_hpo_v3,0c65097c9b86b900c22caf62144fb801532978cb,8aa8fb9172c7d3f5e4ef34220431f3e8643209fd68a11296dfaed658d8fae25d
68209,stationary_low_noise,none,zero_residual_frequency,-0.00013052274074110137,-0.00012525578092448253,-5.266959816618844e-06,-321.42390677641924,-315.46481410324594,-5.959092673173302,0.00013052274074110137,0.00012525578092448253,-5.266959816618844e-06,0.017098797929467474,0.016751176957815157,0.0003476209716523175,1.1863311992749562e-05,6.63670474453204e-06,0.001130394878377198,8.47793931818473e-06,3,3,0,0,True,freq_hrl_full_v5,v5_u3_l3_h003_p003_conservative,2026,4044,tuning_validation_mechanism_diagnostic,full_method_nested_hpo_v3,0c65097c9b86b900c22caf62144fb801532978cb,8aa8fb9172c7d3f5e4ef34220431f3e8643209fd68a11296dfaed658d8fae25d
68213,stationary_low_noise,none,zero_residual_frequency,-1.56785940991222e-05,-1.925578376493764e-05,3.577189665815439e-06,-38.80032557050092,-47.62505702612298,8.824731455622064,1.948588431788245e-05,2.0293601325827026e-05,8.07717007944575e-07,0.01833249431789117,0.01838152272171029,-4.9028403819120076e-05,3.1930963759857164e-06,4.8321472772889e-06,0.0007480131364887813,5.61008825303345e-06,3,3,0,0,True,freq_hrl_full_v5,v5_u3_l3_h003_p003_conservative,2026,4044,tuning_validation_mechanism_diagnostic,full_method_nested_hpo_v3,0c65097c9b86b900c22caf62144fb801532978cb,8aa8fb9172c7d3f5e4ef34220431f3e8643209fd68a11296dfaed658d8fae25d
68219,stationary_low_noise,none,zero_residual_frequency,-7.62804912630699e-05,-7.383027833907096e-05,-2.45021292399894e-06,-243.89636548114058,-237.17144565507826,-6.724919826062319,7.62804912630699e-05,7.383027833907096e-05,-2.45021292399894e-06,0.014346195720730702,0.014100652825977037,0.0002455428947536649,9.969892392870538e-06,7.247894965102944e-06,0.0007844325366041479,5.883223233097124e-06,3,3,0,0,True,freq_hrl_full_v5,v5_u3_l3_h003_p003_conservative,2026,4044,tuning_validation_mechanism_diagnostic,full_method_nested_hpo_v3,0c65097c9b86b900c22caf62144fb801532978cb,8aa8fb9172c7d3f5e4ef34220431f3e8643209fd68a11296dfaed658d8fae25d
68227,stationary_low_noise,none,zero_residual_frequency,-0.00013520269471800628,-0.00013168801357787974,-3.514681140126541e-06,-258.2649117104613,-254.99227284576574,-3.2726388646955797,0.00013609343142462205,0.0001333269308586571,-2.7665005659649466e-06,0.015425925305193003,0.015134327272432257,0.00029159803276074606,6.135447151971991e-06,4.649253596690784e-06,0.0009999190105405534,7.49936374845012e-06,3,3,0,0,True,freq_hrl_full_v5,v5_u3_l3_h003_p003_conservative,2026,4044,tuning_validation_mechanism_diagnostic,full_method_nested_hpo_v3,0c65097c9b86b900c22caf62144fb801532978cb,8aa8fb9172c7d3f5e4ef34220431f3e8643209fd68a11296dfaed658d8fae25d
68207,stationary_low_noise,none,zero_residual_frequency,-6.155596269763475e-05,-6.250598593127155e-05,9.500232336367986e-07,-127.01018796458658,-126.2477925750048,-0.7623953895817834,6.155596269763475e-05,6.250598593127155e-05,9.500232336367986e-07,0.014430781506871982,0.01424786962658722,0.00018291188028476263,1.0497009569576608e-05,3.841522106979184e-06,0.001016652548272153,7.624852779000055e-06,3,3,0,0,True,freq_hrl_full_v5,v5_u3_l3_h003_p003_conservative,2039,4057,tuning_validation_mechanism_diagnostic,full_method_nested_hpo_v3,0c65097c9b86b900c22caf62144fb801532978cb,8aa8fb9172c7d3f5e4ef34220431f3e8643209fd68a11296dfaed658d8fae25d
68209,stationary_low_noise,none,zero_residual_frequency,-3.5727939631247096e-05,-3.6659822889917315e-05,9.318832586702186e-07,-92.0689546147234,-93.59477134123014,1.525816726506747,3.5727939631247096e-05,3.6659822889917315e-05,9.318832586702186e-07,0.014164274627744836,0.013990857598424012,0.0001734170293208239,1.354590534501874e-05,1.0113512214636392e-05,0.001194306965104867,8.957232142874028e-06,3,3,0,0,True,freq_hrl_full_v5,v5_u3_l3_h003_p003_conservative,2039,4057,tuning_validation_mechanism_diagnostic,full_method_nested_hpo_v3,0c65097c9b86b900c22caf62144fb801532978cb,8aa8fb9172c7d3f5e4ef34220431f3e8643209fd68a11296dfaed658d8fae25d
68213,stationary_low_noise,none,zero_residual_frequency,-7.465178736831835e-05,-7.534488440308351e-05,6.930970347651666e-07,-130.65864797169505,-131.17524105248566,0.5165930807906136,7.465178736831835e-05,7.534488440308351e-05,6.930970347651666e-07,0.022412713227434593,0.02219520662192355,0.00021750660551104334,1.3516782521108022e-05,4.532661451436758e-06,0.0014582936942032472,1.0937117816303797e-05,3,3,0,0,True,freq_hrl_full_v5,v5_u3_l3_h003_p003_conservative,2039,4057,tuning_validation_mechanism_diagnostic,full_method_nested_hpo_v3,0c65097c9b86b900c22caf62144fb801532978cb,8aa8fb9172c7d3f5e4ef34220431f3e8643209fd68a11296dfaed658d8fae25d
68219,stationary_low_noise,none,zero_residual_frequency,-6.795069958331901e-05,-6.783964000867115e-05,-1.1105957464785376e-07,-127.86411444825245,-127.2216720205081,-0.6424424277443563,6.795069958331901e-05,6.783964000867115e-05,-1.1105957464785376e-07,0.017736790592695714,0.017608258676245662,0.00012853191645005244,7.983837319174589e-06,4.496998797772949e-06,0.000994178004137009,7.4562880557218504e-06,3,3,0,0,True,freq_hrl_full_v5,v5_u3_l3_h003_p003_conservative,2039,4057,tuning_validation_mechanism_diagnostic,full_method_nested_hpo_v3,0c65097c9b86b900c22caf62144fb801532978cb,8aa8fb9172c7d3f5e4ef34220431f3e8643209fd68a11296dfaed658d8fae25d
68227,stationary_low_noise,none,zero_residual_frequency,-8.680972844565815e-05,-8.808705116869486e-05,1.2773227230367112e-06,-158.29422156949997,-160.5092852184744,2.2150636489744215,8.680972844565815e-05,8.808705116869486e-05,1.2773227230367112e-06,0.016251035198406934,0.015976194935555802,0.00027484026285113164,7.395979975917817e-06,1.993194262904129e-06,0.0010996028787480505,8.246973259364631e-06,3,3,0,0,True,freq_hrl_full_v5,v5_u3_l3_h003_p003_conservative,2039,4057,tuning_validation_mechanism_diagnostic,full_method_nested_hpo_v3,0c65097c9b86b900c22caf62144fb801532978cb,8aa8fb9172c7d3f5e4ef34220431f3e8643209fd68a11296dfaed658d8fae25d
68207,stationary_low_noise,none,zero_residual_frequency,-9.897457524610243e-05,-9.708991557333402e-05,-1.8846596727684073e-06,-226.69481171795383,-224.41225840055432,-2.282553317399504,9.897457524610243e-05,9.708991557333402e-05,-1.8846596727684073e-06,0.012171288482671716,0.011849806037727043,0.0003214824449446728,-2.743246722787844e-06,3.4182345402482375e-06,0.0008734146105502481,6.5505902008966475e-06,3,3,0,0,True,freq_hrl_full_v5,v5_u3_l3_h003_p003_conservative,2053,4071,tuning_validation_mechanism_diagnostic,full_method_nested_hpo_v3,0c65097c9b86b900c22caf62144fb801532978cb,8aa8fb9172c7d3f5e4ef34220431f3e8643209fd68a11296dfaed658d8fae25d
68209,stationary_low_noise,none,zero_residual_frequency,-0.00012928106530163408,-0.00012795295118950278,-1.3281141121312956e-06,-357.29669674684845,-353.30356964715867,-3.9931270996897865,0.00012928106530163408,0.00012795295118950278,-1.3281141121312956e-06,0.01199995539560312,0.01176295647762345,0.00023699891797967013,4.961330315095696e-06,2.812344546289474e-06,0.0015534279961785717,1.1650670436376858e-05,3,3,0,0,True,freq_hrl_full_v5,v5_u3_l3_h003_p003_conservative,2053,4071,tuning_validation_mechanism_diagnostic,full_method_nested_hpo_v3,0c65097c9b86b900c22caf62144fb801532978cb,8aa8fb9172c7d3f5e4ef34220431f3e8643209fd68a11296dfaed658d8fae25d
68213,stationary_low_noise,none,zero_residual_frequency,-8.551101512133119e-05,-8.448966371643607e-05,-1.0213514048951211e-06,-149.0311508134543,-150.5871427364314,1.5559919229770856,8.551101512133119e-05,8.448966371643607e-05,-1.0213514048951211e-06,0.013986149947331519,0.013402713459903673,0.000583436487427846,-4.56144888147185e-06,5.215990700127879e-06,0.00133433815525071,1.0007500940825173e-05,3,3,0,0,True,freq_hrl_full_v5,v5_u3_l3_h003_p003_conservative,2053,4071,tuning_validation_mechanism_diagnostic,full_method_nested_hpo_v3,0c65097c9b86b900c22caf62144fb801532978cb,8aa8fb9172c7d3f5e4ef34220431f3e8643209fd68a11296dfaed658d8fae25d
68219,stationary_low_noise,none,zero_residual_frequency,-5.2308479306151234e-05,-5.11202203186123e-05,-1.1882589875389371e-06,-117.98314795531606,-115.69733395127422,-2.285814004041839,5.515082649687475e-05,5.3911299121467415e-05,-1.2395273754073344e-06,0.012343063797678754,0.012108929686407567,0.00023413411127118713,-3.482113063890204e-06,1.4357868730308523e-06,0.0009900587125179704,7.425416126198824e-06,3,3,0,0,True,freq_hrl_full_v5,v5_u3_l3_h003_p003_conservative,2053,4071,tuning_validation_mechanism_diagnostic,full_method_nested_hpo_v3,0c65097c9b86b900c22caf62144fb801532978cb,8aa8fb9172c7d3f5e4ef34220431f3e8643209fd68a11296dfaed658d8fae25d
68227,stationary_low_noise,none,zero_residual_frequency,-4.723717271348793e-05,-4.6293883750214704e-05,-9.432889632732255e-07,-95.02085137123163,-91.86385636661335,-3.156995004618281,4.878884106696013e-05,4.790598087744957e-05,-8.828601895105592e-07,0.014008214408647263,0.014102821028715396,-9.460662006813281e-05,1.3171219157109773e-06,-1.034538026070364e-07,0.001198098379308653,8.985709174052927e-06,3,3,0,0,True,freq_hrl_full_v5,v5_u3_l3_h003_p003_conservative,2053,4071,tuning_validation_mechanism_diagnostic,full_method_nested_hpo_v3,0c65097c9b86b900c22caf62144fb801532978cb,8aa8fb9172c7d3f5e4ef34220431f3e8643209fd68a11296dfaed658d8fae25d
68207,persistent_shift,none,zero_residual_frequency,0.0070509786835331045,0.007047486858819063,3.491824714041414e-06,211.39433434493074,211.44451668151257,-0.0501823365818268,0.00021611011766309307,0.000216177971123499,6.78534604059422e-08,0.2921886852003941,0.29152647958141054,0.0006622056189835579,4.227941770474635e-05,1.5247837283597267e-05,0.0025853391999488746,1.9389393152071916e-05,3,3,0,0,True,freq_hrl_full_v5,v5_u3_l3_h003_p003_conservative,2026,2026,tuning_validation_mechanism_diagnostic,full_method_nested_hpo_v3,0c65097c9b86b900c22caf62144fb801532978cb,8aa8fb9172c7d3f5e4ef34220431f3e8643209fd68a11296dfaed658d8fae25d
68209,persistent_shift,none,zero_residual_frequency,0.006740228034189499,0.0067452883805507735,-5.060346361274171e-06,182.36607429266442,182.33602890803348,0.030045384630938088,0.0005125560256143968,0.0005152282939829833,2.6722683685864723e-06,0.3900331512731796,0.39004971443686176,-1.6563163682148385e-05,5.422391790331854e-05,1.893387278049154e-05,0.004328568063606832,3.2462670309113786e-05,3,3,0,0,True,freq_hrl_full_v5,v5_u3_l3_h003_p003_conservative,2026,2026,tuning_validation_mechanism_diagnostic,full_method_nested_hpo_v3,0c65097c9b86b900c22caf62144fb801532978cb,8aa8fb9172c7d3f5e4ef34220431f3e8643209fd68a11296dfaed658d8fae25d
68213,persistent_shift,none,zero_residual_frequency,0.008507115619922567,0.00851168535953084,-4.569739608273338e-06,209.83066735707914,209.89804784158017,-0.06738048450102951,0.00019027347195987865,0.00019040458682140216,1.3111486152350693e-07,0.4286211479140563,0.4281720843505512,0.00044906356350510324,6.007444170760597e-05,2.094632556267712e-05,0.004194706026020058,3.1458777546309635e-05,3,3,0,0,True,freq_hrl_full_v5,v5_u3_l3_h003_p003_conservative,2026,2026,tuning_validation_mechanism_diagnostic,full_method_nested_hpo_v3,0c65097c9b86b900c22caf62144fb801532978cb,8aa8fb9172c7d3f5e4ef34220431f3e8643209fd68a11296dfaed658d8fae25d
68219,persistent_shift,none,zero_residual_frequency,0.006117709711100927,0.006136533046388726,-1.882333528779867e-05,192.96497845925495,193.0360164245779,-0.07103796532294382,0.00036850098499474626,0.0003703985809776489,1.8975959829026223e-06,0.3355952944743837,0.3358077331530055,-0.00021243867862180688,4.489413511679615e-05,1.7099648261236988e-05,0.0027654486459747813,2.074005649117048e-05,3,3,0,0,True,freq_hrl_full_v5,v5_u3_l3_h003_p003_conservative,2026,2026,tuning_validation_mechanism_diagnostic,full_method_nested_hpo_v3,0c65097c9b86b900c22caf62144fb801532978cb,8aa8fb9172c7d3f5e4ef34220431f3e8643209fd68a11296dfaed658d8fae25d
68227,persistent_shift,none,zero_residual_frequency,0.0056859394807966535,0.005740738387595812,-5.479890679915833e-05,176.3384034299635,176.54480573507254,-0.20640230510903734,0.00038895309239739273,0.0003928024476407277,3.849355243334962e-06,0.325990905763175,0.3269558997956351,-0.000964994032460087,4.380031206660487e-05,1.418166014834921e-05,0.0032938653268097876,2.4702919025081017e-05,3,3,0,0,True,freq_hrl_full_v5,v5_u3_l3_h003_p003_conservative,2026,2026,tuning_validation_mechanism_diagnostic,full_method_nested_hpo_v3,0c65097c9b86b900c22caf62144fb801532978cb,8aa8fb9172c7d3f5e4ef34220431f3e8643209fd68a11296dfaed658d8fae25d
68207,persistent_shift,none,zero_residual_frequency,0.006543178378931147,0.006525539063022778,1.7639315908368758e-05,173.33585450292009,173.24069577935205,0.09515872356803357,0.0007994111350378974,0.0007985439537063765,-8.67181331520861e-07,0.44898967170668647,0.44819951141952463,0.0007901602871618341,-4.9391908995913e-06,3.4438510962322427e-06,0.0020446986446687435,1.533507316132469e-05,3,3,0,0,True,freq_hrl_full_v5,v5_u3_l3_h003_p003_conservative,2039,2039,tuning_validation_mechanism_diagnostic,full_method_nested_hpo_v3,0c65097c9b86b900c22caf62144fb801532978cb,8aa8fb9172c7d3f5e4ef34220431f3e8643209fd68a11296dfaed658d8fae25d
68209,persistent_shift,none,zero_residual_frequency,0.007057596993945259,0.0070397538091886425,1.784318475661628e-05,176.44324212956658,176.36955685842526,0.07368527114132917,0.0005999830597843703,0.0005968741261334065,-3.1089336509637633e-06,0.47693157572165346,0.47670154318326413,0.00023003253838932425,1.2534821977501061e-05,1.5346291989814108e-06,0.003154352356553621,2.3657102938338626e-05,3,3,0,0,True,freq_hrl_full_v5,v5_u3_l3_h003_p003_conservative,2039,2039,tuning_validation_mechanism_diagnostic,full_method_nested_hpo_v3,0c65097c9b86b900c22caf62144fb801532978cb,8aa8fb9172c7d3f5e4ef34220431f3e8643209fd68a11296dfaed658d8fae25d
68213,persistent_shift,none,zero_residual_frequency,0.009958142777659162,0.009961493337256933,-3.3505595977700864e-06,213.73765290916072,213.72433758058474,0.013315328575970398,0.00020886093324135047,0.00020906272922260882,2.0179598125835696e-07,0.5037619153067093,0.5043107044087942,-0.0005487891020848901,8.708583724766713e-06,4.76370804311518e-06,0.0024502366380248636,1.837643805214427e-05,3,3,0,0,True,freq_hrl_full_v5,v5_u3_l3_h003_p003_conservative,2039,2039,tuning_validation_mechanism_diagnostic,full_method_nested_hpo_v3,0c65097c9b86b900c22caf62144fb801532978cb,8aa8fb9172c7d3f5e4ef34220431f3e8643209fd68a11296dfaed658d8fae25d
68219,persistent_shift,none,zero_residual_frequency,0.00574980638312983,0.0057390804791999095,1.0725903929920122e-05,154.33735671125896,154.28153094949357,0.05582576176539078,0.0010807945965631838,0.0010785279506981826,-2.266645865001138e-06,0.48079890192597413,0.480441933617881,0.00035696830809311964,8.933749567438811e-06,5.694360327996609e-06,0.002168609410950416,1.6264360974059206e-05,3,3,0,0,True,freq_hrl_full_v5,v5_u3_l3_h003_p003_conservative,2039,2039,tuning_validation_mechanism_diagnostic,full_method_nested_hpo_v3,0c65097c9b86b900c22caf62144fb801532978cb,8aa8fb9172c7d3f5e4ef34220431f3e8643209fd68a11296dfaed658d8fae25d
68227,persistent_shift,none,zero_residual_frequency,0.006438040429998404,0.006430910596028516,7.1298339698877555e-06,164.75195576146723,164.73019236630836,0.021763395158870935,0.000872353050390906,0.0008710104181718359,-1.3426322190701612e-06,0.43838285248980136,0.4383509348662059,3.191762359544548e-05,5.490989313240936e-06,4.417154311391993e-06,0.002122881579210419,1.5921341565671064e-05,3,3,0,0,True,freq_hrl_full_v5,v5_u3_l3_h003_p003_conservative,2039,2039,tuning_validation_mechanism_diagnostic,full_method_nested_hpo_v3,0c65097c9b86b900c22caf62144fb801532978cb,8aa8fb9172c7d3f5e4ef34220431f3e8643209fd68a11296dfaed658d8fae25d
68207,persistent_shift,none,zero_residual_frequency,0.006263824059601353,0.006278176470544183,-1.4352410942830574e-05,187.13617236648494,187.32531558574107,-0.18914321925612398,0.000278845900311242,0.0002759923598031344,-2.8535405081075993e-06,0.2509259139818594,0.2507260478696778,0.00019986611218164585,2.0107270140017746e-05,9.657734392406834e-06,0.002091704036764794,1.5687293535972778e-05,3,3,0,0,True,freq_hrl_full_v5,v5_u3_l3_h003_p003_conservative,2053,2053,tuning_validation_mechanism_diagnostic,full_method_nested_hpo_v3,0c65097c9b86b900c22caf62144fb801532978cb,8aa8fb9172c7d3f5e4ef34220431f3e8643209fd68a11296dfaed658d8fae25d
68209,persistent_shift,none,zero_residual_frequency,0.00265574404494906,0.0026621523659078328,-6.408320958772862e-06,127.34713670964678,127.48495641116584,-0.13781970151906364,0.0005792532399760963,0.0005805095802937643,1.25634031766797e-06,0.25204616695889254,0.2518438391872019,0.00020232777169065796,2.8608655293907252e-05,1.3286221195195997e-05,0.0020199485263421796,1.5149145302269942e-05,3,3,0,0,True,freq_hrl_full_v5,v5_u3_l3_h003_p003_conservative,2053,2053,tuning_validation_mechanism_diagnostic,full_method_nested_hpo_v3,0c65097c9b86b900c22caf62144fb801532978cb,8aa8fb9172c7d3f5e4ef34220431f3e8643209fd68a11296dfaed658d8fae25d
68213,persistent_shift,none,zero_residual_frequency,0.0027712140925857387,0.002777844360189352,-6.6302676036134045e-06,105.48651386832172,105.84401585541866,-0.3575019870969385,0.0007626091879471275,0.0007561327265188655,-6.47646142826197e-06,0.26851136919107876,0.2677618663652195,0.0007495028258592829,7.4218803745343586e-06,5.208707966417561e-06,0.002522423590724227,1.8917536284274243e-05,3,3,0,0,True,freq_hrl_full_v5,v5_u3_l3_h003_p003_conservative,2053,2053,tuning_validation_mechanism_diagnostic,full_method_nested_hpo_v3,0c65097c9b86b900c22caf62144fb801532978cb,8aa8fb9172c7d3f5e4ef34220431f3e8643209fd68a11296dfaed658d8fae25d
68219,persistent_shift,none,zero_residual_frequency,0.003957049071380503,0.0039519284838498425,5.120587530660359e-06,142.2800462928234,142.42450247617026,-0.14445618334684696,0.0006228821465279477,0.0006214028458226828,-1.4793007052649187e-06,0.261348187333694,0.2607355625238945,0.0006126248097995113,1.570726696899562e-05,5.401366867327181e-06,0.0023606452534699605,1.7704271061563246e-05,3,3,0,0,True,freq_hrl_full_v5,v5_u3_l3_h003_p003_conservative,2053,2053,tuning_validation_mechanism_diagnostic,full_method_nested_hpo_v3,0c65097c9b86b900c22caf62144fb801532978cb,8aa8fb9172c7d3f5e4ef34220431f3e8643209fd68a11296dfaed658d8fae25d
68227,persistent_shift,none,zero_residual_frequency,0.0045083222404882495,0.004512141144784154,-3.8189042959047015e-06,171.2722689516111,171.37351898380757,-0.1012500321964751,0.0003528551408411573,0.0003527881626701479,-6.697817100942416e-08,0.23710417090519353,0.23681886914797945,0.0002853017572140848,2.6740893698322694e-05,8.357601177855032e-06,0.0022182468917486,1.6636447322215542e-05,3,3,0,0,True,freq_hrl_full_v5,v5_u3_l3_h003_p003_conservative,2053,2053,tuning_validation_mechanism_diagnostic,full_method_nested_hpo_v3,0c65097c9b86b900c22caf62144fb801532978cb,8aa8fb9172c7d3f5e4ef34220431f3e8643209fd68a11296dfaed658d8fae25d
68207,ood_period,none,zero_residual_frequency,0.0025436669066549733,0.0025403418254712484,3.325081183724876e-06,88.87290363466393,88.83176182149255,0.04114181317137877,0.000419103918422592,0.000418945027680917,-1.588907416749663e-07,0.24930304966868577,0.2491176788126088,0.00018537085607697734,1.5560915138792647e-05,7.332064651793179e-06,0.0022253210332766884,1.6689797131123844e-05,3,3,0,0,True,freq_hrl_full_v5,v5_u3_l3_h003_p003_conservative,2026,7071,tuning_validation_mechanism_diagnostic,full_method_nested_hpo_v3,0c65097c9b86b900c22caf62144fb801532978cb,8aa8fb9172c7d3f5e4ef34220431f3e8643209fd68a11296dfaed658d8fae25d
68209,ood_period,none,zero_residual_frequency,0.0013440325648748086,0.0013393323988137862,4.700166061022415e-06,56.4760185364717,56.26029378119315,0.21572475527855062,0.0005611155326685768,0.0005610559446130869,-5.958805548988977e-08,0.32085046150597485,0.3209631851221216,-0.00011272361614672599,1.3895249240506504e-05,7.930468080090306e-06,0.0028211849665846483,2.1158729792175672e-05,3,3,0,0,True,freq_hrl_full_v5,v5_u3_l3_h003_p003_conservative,2026,7071,tuning_validation_mechanism_diagnostic,full_method_nested_hpo_v3,0c65097c9b86b900c22caf62144fb801532978cb,8aa8fb9172c7d3f5e4ef34220431f3e8643209fd68a11296dfaed658d8fae25d
68213,ood_period,none,zero_residual_frequency,0.003381574933804865,0.00338173557903354,-1.6064522867509368e-07,99.16561944043966,98.98929622673805,0.17632321370160753,0.0007685426112002958,0.000771235724137509,2.6931129372131934e-06,0.32730263848666397,0.32796996290125224,-0.0006673244145882773,4.042869408539354e-06,6.530663663434933e-06,0.0037264272187005395,2.7947914985827006e-05,3,3,0,0,True,freq_hrl_full_v5,v5_u3_l3_h003_p003_conservative,2026,7071,tuning_validation_mechanism_diagnostic,full_method_nested_hpo_v3,0c65097c9b86b900c22caf62144fb801532978cb,8aa8fb9172c7d3f5e4ef34220431f3e8643209fd68a11296dfaed658d8fae25d
68219,ood_period,none,zero_residual_frequency,0.0014637404237078933,0.001459349800678078,4.390623029815188e-06,67.70135212674178,67.57147852218854,0.12987360455323937,0.0004950000644307062,0.0004946702182929696,-3.298461377365669e-07,0.24434084110668053,0.24430870157472803,3.2139531952496414e-05,-3.9096739160821375e-06,6.805989132409984e-06,0.001916124600271966,1.4370900903508222e-05,3,3,0,0,True,freq_hrl_full_v5,v5_u3_l3_h003_p003_conservative,2026,7071,tuning_validation_mechanism_diagnostic,full_method_nested_hpo_v3,0c65097c9b86b900c22caf62144fb801532978cb,8aa8fb9172c7d3f5e4ef34220431f3e8643209fd68a11296dfaed658d8fae25d
68227,ood_period,none,zero_residual_frequency,0.001784578003693582,0.0017840333176988299,5.446859947522142e-07,72.0872862286121,72.02534009308296,0.061946135529140633,0.0005380505920675738,0.0005389745540894664,9.239620218925992e-07,0.28559371487030977,0.2855615535862995,3.216128401029028e-05,-5.379298890263407e-06,7.046596456809728e-06,0.0022860637094911196,1.7145393815349335e-05,3,3,0,0,True,freq_hrl_full_v5,v5_u3_l3_h003_p003_conservative,2026,7071,tuning_validation_mechanism_diagnostic,full_method_nested_hpo_v3,0c65097c9b86b900c22caf62144fb801532978cb,8aa8fb9172c7d3f5e4ef34220431f3e8643209fd68a11296dfaed658d8fae25d
68207,ood_period,none,zero_residual_frequency,0.0015650602259549284,0.0015761740681932146,-1.1113842238286153e-05,70.92897959282216,71.23452274451505,-0.3055431516928877,0.000880982769849048,0.0008806683204232169,-3.1444942583114255e-07,0.48908750066543955,0.48959567545043925,-0.0005081747849997043,6.0134530814320305e-06,2.432740763604203e-06,0.0022223905698208705,1.6667691595703847e-05,3,3,0,0,True,freq_hrl_full_v5,v5_u3_l3_h003_p003_conservative,2039,7084,tuning_validation_mechanism_diagnostic,full_method_nested_hpo_v3,0c65097c9b86b900c22caf62144fb801532978cb,8aa8fb9172c7d3f5e4ef34220431f3e8643209fd68a11296dfaed658d8fae25d
68209,ood_period,none,zero_residual_frequency,0.001861165275319765,0.0018504408372148617,1.07244381049032e-05,66.44674007501159,66.3248620206343,0.12187805437729082,0.0015051315633052287,0.0014997861386965017,-5.345424608727001e-06,0.518634768310402,0.5169962149832887,0.001638553327113268,7.355257422177532e-06,4.702925644858176e-06,0.002704824831825034,2.0285581015092364e-05,3,3,0,0,True,freq_hrl_full_v5,v5_u3_l3_h003_p003_conservative,2039,7084,tuning_validation_mechanism_diagnostic,full_method_nested_hpo_v3,0c65097c9b86b900c22caf62144fb801532978cb,8aa8fb9172c7d3f5e4ef34220431f3e8643209fd68a11296dfaed658d8fae25d
68213,ood_period,none,zero_residual_frequency,0.008387090202290448,0.00838529694744472,1.7932548457277875e-06,141.2519246097955,141.33252719155612,-0.08060258176061552,0.0007813411914087132,0.0007815161271862436,1.7493577753047163e-07,0.6704090064955586,0.6694681591851249,0.0009408473104336457,1.4085900620017746e-05,5.3202875103585655e-06,0.0030069668098197627,2.2551490547333295e-05,3,3,0,0,True,freq_hrl_full_v5,v5_u3_l3_h003_p003_conservative,2039,7084,tuning_validation_mechanism_diagnostic,full_method_nested_hpo_v3,0c65097c9b86b900c22caf62144fb801532978cb,8aa8fb9172c7d3f5e4ef34220431f3e8643209fd68a11296dfaed658d8fae25d
68219,ood_period,none,zero_residual_frequency,0.003271785981558528,0.0032866359398613376,-1.484995830280944e-05,100.12402766997664,100.26106909697651,-0.13704142699987187,0.0009583645882653702,0.0009629362950240861,4.571706758715877e-06,0.5012647211927005,0.5022028038652259,-0.0009380826725253755,6.62141143985369e-06,5.391331296513546e-06,0.0018518514467157526,1.38887372432447e-05,3,3,0,0,True,freq_hrl_full_v5,v5_u3_l3_h003_p003_conservative,2039,7084,tuning_validation_mechanism_diagnostic,full_method_nested_hpo_v3,0c65097c9b86b900c22caf62144fb801532978cb,8aa8fb9172c7d3f5e4ef34220431f3e8643209fd68a11296dfaed658d8fae25d
68227,ood_period,none,zero_residual_frequency,0.0035665326262637187,0.0035691068523848735,-2.5742261211547657e-06,91.60786808933625,91.53036852008285,0.07749956925340484,0.0010898212596219814,0.0010945249097699117,4.703650147930283e-06,0.5531562207130445,0.5537569952059727,-0.0006007744929281689,1.3799153236560405e-05,4.5956947808586144e-06,0.00241646789945662,1.812320958432442e-05,3,3,0,0,True,freq_hrl_full_v5,v5_u3_l3_h003_p003_conservative,2039,7084,tuning_validation_mechanism_diagnostic,full_method_nested_hpo_v3,0c65097c9b86b900c22caf62144fb801532978cb,8aa8fb9172c7d3f5e4ef34220431f3e8643209fd68a11296dfaed658d8fae25d
68207,ood_period,none,zero_residual_frequency,0.010030104814598317,0.010024196993938306,5.907820660011609e-06,165.7229470689374,165.80089742874378,-0.07795035980637977,0.00036671223203288417,0.00036537612496401195,-1.3361070688722165e-06,0.5321422164989331,0.5313396089880988,0.0008026075108342745,2.6771554404542543e-05,1.1804064372100075e-05,0.002429733295002734,1.8222776314571237e-05,3,3,0,0,True,freq_hrl_full_v5,v5_u3_l3_h003_p003_conservative,2053,7098,tuning_validation_mechanism_diagnostic,full_method_nested_hpo_v3,0c65097c9b86b900c22caf62144fb801532978cb,8aa8fb9172c7d3f5e4ef34220431f3e8643209fd68a11296dfaed658d8fae25d
68209,ood_period,none,zero_residual_frequency,0.007545015835385138,0.0075459789649747755,-9.631295896372905e-07,127.8260642793505,127.94988481907367,-0.12382053972316953,0.0014661265053976802,0.0014618827242267596,-4.243781170920613e-06,0.5907357525929868,0.5898462912389306,0.0008894613540562091,4.593086543867369e-05,1.3893138099082148e-05,0.0042204243069742615,3.1652117701568545e-05,3,3,0,0,True,freq_hrl_full_v5,v5_u3_l3_h003_p003_conservative,2053,7098,tuning_validation_mechanism_diagnostic,full_method_nested_hpo_v3,0c65097c9b86b900c22caf62144fb801532978cb,8aa8fb9172c7d3f5e4ef34220431f3e8643209fd68a11296dfaed658d8fae25d
68213,ood_period,none,zero_residual_frequency,0.013285847969248366,0.013294057601270115,-8.209632021749513e-06,151.44182485761502,151.54318494284288,-0.1013600852278671,0.0008763185021605224,0.0008735699593560575,-2.748542804464904e-06,0.7265986651235548,0.7256513607407251,0.000947304382829639,6.693379791053965e-05,1.6228382077487163e-05,0.004494001363493933,3.370411949191144e-05,3,3,0,0,True,freq_hrl_full_v5,v5_u3_l3_h003_p003_conservative,2053,7098,tuning_validation_mechanism_diagnostic,full_method_nested_hpo_v3,0c65097c9b86b900c22caf62144fb801532978cb,8aa8fb9172c7d3f5e4ef34220431f3e8643209fd68a11296dfaed658d8fae25d
68219,ood_period,none,zero_residual_frequency,0.007348650256234324,0.007330554803039346,1.8095453194977296e-05,132.6030371740763,132.66428157004944,-0.0612443959731479,0.0008346788483581946,0.0008294000787947287,-5.278769563465957e-06,0.5374625116616318,0.5358928364828066,0.001569675178825225,3.3494475627722674e-05,1.498082014880952e-05,0.0028391633042550287,2.1293350598029362e-05,3,3,0,0,True,freq_hrl_full_v5,v5_u3_l3_h003_p003_conservative,2053,7098,tuning_validation_mechanism_diagnostic,full_method_nested_hpo_v3,0c65097c9b86b900c22caf62144fb801532978cb,8aa8fb9172c7d3f5e4ef34220431f3e8643209fd68a11296dfaed658d8fae25d
68227,ood_period,none,zero_residual_frequency,0.008760892937860199,0.00875037048821703,1.052244964316884e-05,139.7478517582325,139.85108977182873,-0.10323801359621143,0.0010775371831772684,0.0010737175282647948,-3.819654912473602e-06,0.6030176185356642,0.6010629056924299,0.0019547128432342298,3.7228485400770065e-05,1.5166351450890597e-05,0.003558235436682683,2.6686175502393415e-05,3,3,0,0,True,freq_hrl_full_v5,v5_u3_l3_h003_p003_conservative,2053,7098,tuning_validation_mechanism_diagnostic,full_method_nested_hpo_v3,0c65097c9b86b900c22caf62144fb801532978cb,8aa8fb9172c7d3f5e4ef34220431f3e8643209fd68a11296dfaed658d8fae25d
68207,stationary_low_noise,none,zero_residual_frequency,0.0003740984256015434,0.0003753281285407972,-1.2297029392538406e-06,59.49714735836702,59.64112532874147,-0.1439779703744435,0.00011583780385737708,0.00011577183304833927,-6.59708090378075e-08,0.15300287150125216,0.15295914537851654,4.3726122735621153e-05,2.3479874053299773e-05,2.1193257819485628e-05,0.0009288953465228486,9.288448558474201e-06,3,3,0,0,True,freq_hrl_full_v5,v5_u3_l3_h01_p005_balanced,2026,4044,tuning_validation_mechanism_diagnostic,full_method_nested_hpo_v3,0c65097c9b86b900c22caf62144fb801532978cb,8aa8fb9172c7d3f5e4ef34220431f3e8643209fd68a11296dfaed658d8fae25d
68209,stationary_low_noise,none,zero_residual_frequency,0.000182621300424346,0.00018361707790148785,-9.95777477141857e-07,31.55609380783375,31.72695320392879,-0.17085939609503953,0.00020254301041233713,0.00020197762839269107,-5.653820196460657e-07,0.15583923725161347,0.155768993236567,7.024401504646116e-05,4.288864852900492e-05,2.892999789484005e-05,0.001434700759192411,1.4346270814657325e-05,3,3,0,0,True,freq_hrl_full_v5,v5_u3_l3_h01_p005_balanced,2026,4044,tuning_validation_mechanism_diagnostic,full_method_nested_hpo_v3,0c65097c9b86b900c22caf62144fb801532978cb,8aa8fb9172c7d3f5e4ef34220431f3e8643209fd68a11296dfaed658d8fae25d
68213,stationary_low_noise,none,zero_residual_frequency,0.0005035250720228923,0.0005025113422072458,1.0137298156465135e-06,73.77158893869934,73.56770738662102,0.2038815520783146,0.00016320910286027335,0.0001636821743737915,4.73071513518164e-07,0.17997481189465184,0.18034635325467918,-0.0003715413600273443,3.244681725773217e-05,2.880719659463586e-05,0.0014020337477429871,1.4019663410415765e-05,3,3,0,0,True,freq_hrl_full_v5,v5_u3_l3_h01_p005_balanced,2026,4044,tuning_validation_mechanism_diagnostic,full_method_nested_hpo_v3,0c65097c9b86b900c22caf62144fb801532978cb,8aa8fb9172c7d3f5e4ef34220431f3e8643209fd68a11296dfaed658d8fae25d
68219,stationary_low_noise,none,zero_residual_frequency,0.00023790610610263663,0.0002385391119106295,-6.330058079928591e-07,38.41033297502081,38.48435499441601,-0.07402201939520126,0.00013435602664146895,0.00013385523785680586,-5.007887846630865e-07,0.16409636999854063,0.16425410126673262,-0.00015773126819199068,2.9223421185953215e-05,2.344793765664337e-05,0.0009889946170409934,9.8894161019338e-06,3,3,0,0,True,freq_hrl_full_v5,v5_u3_l3_h01_p005_balanced,2026,4044,tuning_validation_mechanism_diagnostic,full_method_nested_hpo_v3,0c65097c9b86b900c22caf62144fb801532978cb,8aa8fb9172c7d3f5e4ef34220431f3e8643209fd68a11296dfaed658d8fae25d
68227,stationary_low_noise,none,zero_residual_frequency,0.0005318999075023534,0.0005329242912366361,-1.0243837342827078e-06,77.72075125841658,77.94554580273528,-0.22479454431869783,0.00014740105395349978,0.00014688398396711655,-5.17069986383234e-07,0.1587240626253739,0.1585218002435141,0.0002022623818598024,4.687875584004982e-05,3.999472251700972e-05,0.0009476405726875075,9.475888129894912e-06,3,3,0,0,True,freq_hrl_full_v5,v5_u3_l3_h01_p005_balanced,2026,4044,tuning_validation_mechanism_diagnostic,full_method_nested_hpo_v3,0c65097c9b86b900c22caf62144fb801532978cb,8aa8fb9172c7d3f5e4ef34220431f3e8643209fd68a11296dfaed658d8fae25d
68207,stationary_low_noise,none,zero_residual_frequency,-6.177026520759465e-05,-6.306176712089773e-05,1.2915019133030725e-06,-128.46390374885098,-127.42228927786051,-1.0416144709904671,6.177026520759465e-05,6.306176712089773e-05,1.2915019133030725e-06,0.014539783792222481,0.01426552193217977,0.00027426186004271026,1.4786393995640674e-05,5.637101138955127e-06,0.0010166531666830755,1.0166476558607459e-05,3,3,0,0,True,freq_hrl_full_v5,v5_u3_l3_h01_p005_balanced,2039,4057,tuning_validation_mechanism_diagnostic,full_method_nested_hpo_v3,0c65097c9b86b900c22caf62144fb801532978cb,8aa8fb9172c7d3f5e4ef34220431f3e8643209fd68a11296dfaed658d8fae25d
68209,stationary_low_noise,none,zero_residual_frequency,-3.558297653938336e-05,-3.644616021014624e-05,8.631836707628793e-07,-92.11729385637936,-93.51594797545809,1.3986541190787278,3.558297653938336e-05,3.644616021014624e-05,8.631836707628793e-07,0.014284666470202018,0.014049072570518979,0.0002355938996830391,1.8397340612144274e-05,1.3994200529678856e-05,0.0011943087394279753,1.1942993944283197e-05,3,3,0,0,True,freq_hrl_full_v5,v5_u3_l3_h01_p005_balanced,2039,4057,tuning_validation_mechanism_diagnostic,full_method_nested_hpo_v3,0c65097c9b86b900c22caf62144fb801532978cb,8aa8fb9172c7d3f5e4ef34220431f3e8643209fd68a11296dfaed658d8fae25d
68213,stationary_low_noise,none,zero_residual_frequency,-7.495677858837535e-05,-7.56981948887292e-05,7.414163003538476e-07,-131.34158777814517,-131.82082290018272,0.4792351220375508,7.495677858837535e-05,7.56981948887292e-05,7.414163003538476e-07,0.022521891947697048,0.02221317439789805,0.000308717549798998,1.8731053031249315e-05,6.473186044697787e-06,0.0014582935214194652,1.4582822034305357e-05,3,3,0,0,True,freq_hrl_full_v5,v5_u3_l3_h01_p005_balanced,2039,4057,tuning_validation_mechanism_diagnostic,full_method_nested_hpo_v3,0c65097c9b86b900c22caf62144fb801532978cb,8aa8fb9172c7d3f5e4ef34220431f3e8643209fd68a11296dfaed658d8fae25d
68219,stationary_low_noise,none,zero_residual_frequency,-6.844353284840565e-05,-6.820562031117916e-05,-2.379125372264923e-07,-128.98714945265607,-127.91765598053016,-1.069493472125913,6.844353284840565e-05,6.820562031117916e-05,-2.379125372264923e-07,0.01782861026363402,0.017636665570584943,0.0001919446930490759,1.1118754934027783e-05,6.3753670411473085e-06,0.0009941790723941167,9.94172809546771e-06,3,3,0,0,True,freq_hrl_full_v5,v5_u3_l3_h01_p005_balanced,2039,4057,tuning_validation_mechanism_diagnostic,full_method_nested_hpo_v3,0c65097c9b86b900c22caf62144fb801532978cb,8aa8fb9172c7d3f5e4ef34220431f3e8643209fd68a11296dfaed658d8fae25d
68227,stationary_low_noise,none,zero_residual_frequency,-8.71640889815728e-05,-8.868468400813345e-05,1.520595026560656e-06,-158.82821594711734,-161.49527806449518,2.6670621173778386,8.71640889815728e-05,8.868468400813345e-05,1.520595026560656e-06,0.01637082523289065,0.015999246712118435,0.0003715785207722144,1.0562535486822454e-05,3.055300445715011e-06,0.0010996035812367055,1.0995971376151279e-05,3,3,0,0,True,freq_hrl_full_v5,v5_u3_l3_h01_p005_balanced,2039,4057,tuning_validation_mechanism_diagnostic,full_method_nested_hpo_v3,0c65097c9b86b900c22caf62144fb801532978cb,8aa8fb9172c7d3f5e4ef34220431f3e8643209fd68a11296dfaed658d8fae25d
68207,stationary_low_noise,none,zero_residual_frequency,-9.903182683090872e-05,-9.617979932419196e-05,-2.852027506716759e-06,-226.76033978671146,-223.5692365511082,-3.191103235603265,9.903182683090872e-05,9.617979932419196e-05,-2.852027506716759e-06,0.01220050050362973,0.011712073745200634,0.0004884267584290957,-3.0704194571678608e-06,6.061457671998117e-06,0.0008734146562119349,8.734120724463668e-06,3,3,0,0,True,freq_hrl_full_v5,v5_u3_l3_h01_p005_balanced,2053,4071,tuning_validation_mechanism_diagnostic,full_method_nested_hpo_v3,0c65097c9b86b900c22caf62144fb801532978cb,8aa8fb9172c7d3f5e4ef34220431f3e8643209fd68a11296dfaed658d8fae25d
68209,stationary_low_noise,none,zero_residual_frequency,-0.00012999773969402106,-0.00012789796607270976,-2.099773621311307e-06,-360.8259812679779,-354.799034549033,-6.026946718944885,0.00012999773969402106,0.00012789796607270976,-2.099773621311307e-06,0.012107677346810279,0.011750844215291972,0.0003568331315183075,7.567187248347577e-06,4.969123755372767e-06,0.00155342831537079,1.553423044187008e-05,3,3,0,0,True,freq_hrl_full_v5,v5_u3_l3_h01_p005_balanced,2053,4071,tuning_validation_mechanism_diagnostic,full_method_nested_hpo_v3,0c65097c9b86b900c22caf62144fb801532978cb,8aa8fb9172c7d3f5e4ef34220431f3e8643209fd68a11296dfaed658d8fae25d
68213,stationary_low_noise,none,zero_residual_frequency,-8.537734796387753e-05,-8.402163166953969e-05,-1.3557162943378387e-06,-148.31326367729972,-150.15915758379634,1.8458939064966273,8.537734796387753e-05,8.402163166953969e-05,-1.3557162943378387e-06,0.014076872131474228,0.013331463028343543,0.0007454091031306852,-5.415399696138564e-06,7.788874265707586e-06,0.0013343364486445354,1.334331752067173e-05,3,3,0,0,True,freq_hrl_full_v5,v5_u3_l3_h01_p005_balanced,2053,4071,tuning_validation_mechanism_diagnostic,full_method_nested_hpo_v3,0c65097c9b86b900c22caf62144fb801532978cb,8aa8fb9172c7d3f5e4ef34220431f3e8643209fd68a11296dfaed658d8fae25d
68219,stationary_low_noise,none,zero_residual_frequency,-5.242301742847122e-05,-5.062151629586786e-05,-1.8015011326033559e-06,-118.28302111165132,-114.9650429814499,-3.317978130201425,5.5257567780020445e-05,5.339240349599983e-05,-1.865164284020615e-06,0.012372718078600235,0.012013653997892258,0.0003590640807079777,-2.824751584625401e-06,5.4909281478688245e-06,0.0009900584085951575,9.900551795607448e-06,3,3,0,0,True,freq_hrl_full_v5,v5_u3_l3_h01_p005_balanced,2053,4071,tuning_validation_mechanism_diagnostic,full_method_nested_hpo_v3,0c65097c9b86b900c22caf62144fb801532978cb,8aa8fb9172c7d3f5e4ef34220431f3e8643209fd68a11296dfaed658d8fae25d
68227,stationary_low_noise,none,zero_residual_frequency,-4.734126321026544e-05,-4.597243299553355e-05,-1.3688302147318865e-06,-95.7351240898132,-91.65293522504331,-4.08218886476989,4.886479251686726e-05,4.760646044332795e-05,-1.2583320735393144e-06,0.013984346957826256,0.014047426758881959,-6.307980105570328e-05,2.946562875789455e-06,4.0475224536383755e-06,0.0011980987132372116,1.198094890625623e-05,3,3,0,0,True,freq_hrl_full_v5,v5_u3_l3_h01_p005_balanced,2053,4071,tuning_validation_mechanism_diagnostic,full_method_nested_hpo_v3,0c65097c9b86b900c22caf62144fb801532978cb,8aa8fb9172c7d3f5e4ef34220431f3e8643209fd68a11296dfaed658d8fae25d
68207,persistent_shift,none,zero_residual_frequency,0.01756541798669642,0.017559517645350686,5.900341345732585e-06,220.01775587742708,220.08784086047524,-0.07008498304816158,0.0003712765014608488,0.00036799903653339516,-3.2774649274536216e-06,0.6502617730168401,0.6493005694416508,0.0009612035751892511,-3.2880014948038755e-05,5.679437265279001e-06,0.003941797271828465,3.941637862812941e-05,3,3,0,0,True,freq_hrl_full_v5,v5_u3_l3_h01_p005_balanced,2026,2026,tuning_validation_mechanism_diagnostic,full_method_nested_hpo_v3,0c65097c9b86b900c22caf62144fb801532978cb,8aa8fb9172c7d3f5e4ef34220431f3e8643209fd68a11296dfaed658d8fae25d
68209,persistent_shift,none,zero_residual_frequency,0.01204161180744312,0.012027321388693224,1.4290418749896006e-05,183.4404169188727,183.4074527162962,0.03296420257649402,0.0012111257188531788,0.0012061273110524073,-4.998407800771432e-06,0.6305749011535438,0.6309183465606567,-0.00034344540711295224,-2.969806662434874e-05,-2.499492681870032e-07,0.006654604178968132,6.653844133368166e-05,3,3,0,0,True,freq_hrl_full_v5,v5_u3_l3_h01_p005_balanced,2026,2026,tuning_validation_mechanism_diagnostic,full_method_nested_hpo_v3,0c65097c9b86b900c22caf62144fb801532978cb,8aa8fb9172c7d3f5e4ef34220431f3e8643209fd68a11296dfaed658d8fae25d
68213,persistent_shift,none,zero_residual_frequency,0.017531402236092397,0.01753582016174904,-4.417925656641231e-06,209.47724009495778,209.50515366825942,-0.02791357330164601,0.0002558881876861818,0.00025574900258973354,-1.3918509644827992e-07,0.7164146250503368,0.7172283124617821,-0.0008136874114452741,-2.124072449106826e-05,7.334680645437762e-06,0.006387365793489153,6.386866951032169e-05,3,3,0,0,True,freq_hrl_full_v5,v5_u3_l3_h01_p005_balanced,2026,2026,tuning_validation_mechanism_diagnostic,full_method_nested_hpo_v3,0c65097c9b86b900c22caf62144fb801532978cb,8aa8fb9172c7d3f5e4ef34220431f3e8643209fd68a11296dfaed658d8fae25d
68219,persistent_shift,none,zero_residual_frequency,0.01475362808675551,0.014730563964830301,2.3064121925209236e-05,196.70375998004644,196.6889646750923,0.01479530495413428,0.00048670551422480557,0.00048473751499888973,-1.9679992259158396e-06,0.7134691835410171,0.7129620158765091,0.0005071676645079792,3.233870794982529e-06,8.120380263176077e-06,0.004571767337701102,4.571551039674757e-05,3,3,0,0,True,freq_hrl_full_v5,v5_u3_l3_h01_p005_balanced,2026,2026,tuning_validation_mechanism_diagnostic,full_method_nested_hpo_v3,0c65097c9b86b900c22caf62144fb801532978cb,8aa8fb9172c7d3f5e4ef34220431f3e8643209fd68a11296dfaed658d8fae25d
68227,persistent_shift,none,zero_residual_frequency,0.01310008094751769,0.013068611910809658,3.1469036708031695e-05,182.68536399534227,182.6688481453901,0.016515849952185135,0.0008281555822788889,0.0008255614470066286,-2.5941352722602673e-06,0.6610281529681155,0.6602025525930835,0.0008256003750319874,-2.1272538884050104e-05,6.32515307165231e-06,0.004383741487516899,4.383438059592165e-05,3,3,0,0,True,freq_hrl_full_v5,v5_u3_l3_h01_p005_balanced,2026,2026,tuning_validation_mechanism_diagnostic,full_method_nested_hpo_v3,0c65097c9b86b900c22caf62144fb801532978cb,8aa8fb9172c7d3f5e4ef34220431f3e8643209fd68a11296dfaed658d8fae25d
68207,persistent_shift,none,zero_residual_frequency,0.0035554952378369364,0.003566816462096334,-1.1321224259397411e-05,143.240025908642,143.41725305134366,-0.17722714270166762,0.0004084746319533705,0.00040828878968746096,-1.8584226590956376e-07,0.4261803572129083,0.4259362988912846,0.0002440583216237191,3.347277090269905e-05,1.9377722859480184e-05,0.0027097240767842675,2.7096321154479966e-05,3,3,0,0,True,freq_hrl_full_v5,v5_u3_l3_h01_p005_balanced,2039,2039,tuning_validation_mechanism_diagnostic,full_method_nested_hpo_v3,0c65097c9b86b900c22caf62144fb801532978cb,8aa8fb9172c7d3f5e4ef34220431f3e8643209fd68a11296dfaed658d8fae25d
68209,persistent_shift,none,zero_residual_frequency,0.004752107487351109,0.004763824353968715,-1.1716866617605959e-05,150.7237921001828,150.86653593474665,-0.14274383456384498,0.0005645276024696111,0.0005655614459125768,1.033843442965754e-06,0.48970440611576216,0.49053894421592337,-0.0008345381001612084,2.4140556693277457e-05,9.49233768841947e-06,0.003464238922363923,3.464132014868426e-05,3,3,0,0,True,freq_hrl_full_v5,v5_u3_l3_h01_p005_balanced,2039,2039,tuning_validation_mechanism_diagnostic,full_method_nested_hpo_v3,0c65097c9b86b900c22caf62144fb801532978cb,8aa8fb9172c7d3f5e4ef34220431f3e8643209fd68a11296dfaed658d8fae25d
68213,persistent_shift,none,zero_residual_frequency,0.006597815332927803,0.0066058072444232785,-7.991911495475179e-06,186.8841139323602,187.15429386593868,-0.2701799335784756,0.000293803253835323,0.00029234270066080814,-1.460553174514878e-06,0.5256890008586288,0.5248185148820539,0.0008704859765749084,1.559718396671291e-05,1.4021508241442066e-05,0.002817642794980202,2.8175591294861975e-05,3,3,0,0,True,freq_hrl_full_v5,v5_u3_l3_h01_p005_balanced,2039,2039,tuning_validation_mechanism_diagnostic,full_method_nested_hpo_v3,0c65097c9b86b900c22caf62144fb801532978cb,8aa8fb9172c7d3f5e4ef34220431f3e8643209fd68a11296dfaed658d8fae25d
68219,persistent_shift,none,zero_residual_frequency,0.0032489912466502346,0.0032504486477082928,-1.4574010580581387e-06,135.11977534692684,134.99744110400243,0.12233424292440986,0.0004303190074579355,0.0004322413816705284,1.922374212592892e-06,0.46643550161658864,0.467035041430894,-0.0005995398143053832,2.9393054037862768e-05,1.8906647727037626e-05,0.0031752186824127826,3.1751116939932e-05,3,3,0,0,True,freq_hrl_full_v5,v5_u3_l3_h01_p005_balanced,2039,2039,tuning_validation_mechanism_diagnostic,full_method_nested_hpo_v3,0c65097c9b86b900c22caf62144fb801532978cb,8aa8fb9172c7d3f5e4ef34220431f3e8643209fd68a11296dfaed658d8fae25d
68227,persistent_shift,none,zero_residual_frequency,0.002855995082798657,0.0028607676326313225,-4.772549832665618e-06,113.4685818525553,113.48561621236351,-0.017034359808207,0.0006032730142908616,0.0006063531261967237,3.080111905862104e-06,0.4302788576521661,0.43038748919967856,-0.00010863154751244997,1.3287547041405e-05,1.856971284368718e-05,0.002557161683216691,2.5570711169960572e-05,3,3,0,0,True,freq_hrl_full_v5,v5_u3_l3_h01_p005_balanced,2039,2039,tuning_validation_mechanism_diagnostic,full_method_nested_hpo_v3,0c65097c9b86b900c22caf62144fb801532978cb,8aa8fb9172c7d3f5e4ef34220431f3e8643209fd68a11296dfaed658d8fae25d
68207,persistent_shift,none,zero_residual_frequency,0.005926579150534295,0.0059400580471475894,-1.3478896613294822e-05,130.10003523606693,130.46265226974336,-0.36261703367642895,0.0015902938939607036,0.0015831705386196715,-7.123355341032145e-06,0.5915473246936089,0.5908462330784248,0.0007010916151841684,-1.8307312943564962e-05,-4.90022208995982e-06,0.006165615201724804,6.164735157553893e-05,3,3,0,0,True,freq_hrl_full_v5,v5_u3_l3_h01_p005_balanced,2053,2053,tuning_validation_mechanism_diagnostic,full_method_nested_hpo_v3,0c65097c9b86b900c22caf62144fb801532978cb,8aa8fb9172c7d3f5e4ef34220431f3e8643209fd68a11296dfaed658d8fae25d
68209,persistent_shift,none,zero_residual_frequency,0.005069943503293262,0.0050649637654920365,4.97973780122507e-06,121.29681915118444,121.25617926858645,0.04063988259798634,0.001875319917719498,0.001872721562877211,-2.5983548422869873e-06,0.6058733448714211,0.6063679294854429,-0.0004945846140218535,3.108568670064901e-05,6.38919614821619e-06,0.009504170736242183,9.50132586470484e-05,3,3,0,0,True,freq_hrl_full_v5,v5_u3_l3_h01_p005_balanced,2053,2053,tuning_validation_mechanism_diagnostic,full_method_nested_hpo_v3,0c65097c9b86b900c22caf62144fb801532978cb,8aa8fb9172c7d3f5e4ef34220431f3e8643209fd68a11296dfaed658d8fae25d
68213,persistent_shift,none,zero_residual_frequency,0.004512642132359357,0.004524484522142602,-1.1842389783245366e-05,95.65498520109729,95.84152370513021,-0.18653850403292438,0.0016948470659139403,0.0016870441577330197,-7.802908180920554e-06,0.6868233912734034,0.6889909302578663,-0.002167538984462869,3.206800120346591e-05,2.9373528393042404e-06,0.010428737736947368,0.00010426515498633322,3,3,0,0,True,freq_hrl_full_v5,v5_u3_l3_h01_p005_balanced,2053,2053,tuning_validation_mechanism_diagnostic,full_method_nested_hpo_v3,0c65097c9b86b900c22caf62144fb801532978cb,8aa8fb9172c7d3f5e4ef34220431f3e8643209fd68a11296dfaed658d8fae25d
68219,persistent_shift,none,zero_residual_frequency,0.0028528670086029884,0.002836855555122364,1.6011453480624382e-05,65.53323162443769,65.26866017923344,0.264571445204254,0.0024797084103139744,0.00247808501145641,-1.62339885756424e-06,0.6448117237018973,0.644678994276259,0.000132729425638356,-5.106001821072642e-06,-3.4943991860477483e-06,0.006761338502999731,6.760057635474232e-05,3,3,0,0,True,freq_hrl_full_v5,v5_u3_l3_h01_p005_balanced,2053,2053,tuning_validation_mechanism_diagnostic,full_method_nested_hpo_v3,0c65097c9b86b900c22caf62144fb801532978cb,8aa8fb9172c7d3f5e4ef34220431f3e8643209fd68a11296dfaed658d8fae25d
68227,persistent_shift,none,zero_residual_frequency,0.00483444089308338,0.004852651864469593,-1.8210971386212194e-05,121.85579772041932,121.77947472122176,0.0763229991975578,0.001409530019860994,0.0014196782349781278,1.014821511713393e-05,0.5610986001807069,0.564031933809921,-0.0029333336292141077,2.5141619079808283e-05,3.5858740927311126e-06,0.00687300164152273,6.87149970746691e-05,3,3,0,0,True,freq_hrl_full_v5,v5_u3_l3_h01_p005_balanced,2053,2053,tuning_validation_mechanism_diagnostic,full_method_nested_hpo_v3,0c65097c9b86b900c22caf62144fb801532978cb,8aa8fb9172c7d3f5e4ef34220431f3e8643209fd68a11296dfaed658d8fae25d
68207,ood_period,none,zero_residual_frequency,0.001140658830115715,0.0011388179696749656,1.8408604407493812e-06,43.27142665608954,43.083042517975436,0.18838413811410248,0.0005248483566433482,0.0005284794180702157,3.6310614268675323e-06,0.3156909286931032,0.3162272219324459,-0.0005362932393426778,5.0052801619584895e-05,5.5196200773352904e-05,0.0025075416090354946,2.5074513163612787e-05,3,3,0,0,True,freq_hrl_full_v5,v5_u3_l3_h01_p005_balanced,2026,7071,tuning_validation_mechanism_diagnostic,full_method_nested_hpo_v3,0c65097c9b86b900c22caf62144fb801532978cb,8aa8fb9172c7d3f5e4ef34220431f3e8643209fd68a11296dfaed658d8fae25d
68209,ood_period,none,zero_residual_frequency,-0.0009003601581754062,-0.0008955885273072006,-4.771630868205534e-06,-58.52827732617375,-58.17206925132636,-0.3562080748473875,0.0014178994269002931,0.0014127045749985356,-5.194851901757502e-06,0.31285091582324515,0.3119267156966829,0.0009242001265622468,5.7270593397979204e-05,3.7774213289188626e-05,0.003517180722054844,3.516957153358428e-05,3,3,0,0,True,freq_hrl_full_v5,v5_u3_l3_h01_p005_balanced,2026,7071,tuning_validation_mechanism_diagnostic,full_method_nested_hpo_v3,0c65097c9b86b900c22caf62144fb801532978cb,8aa8fb9172c7d3f5e4ef34220431f3e8643209fd68a11296dfaed658d8fae25d
68213,ood_period,none,zero_residual_frequency,0.00032113075543116487,0.00032393472808234236,-2.8039726511774887e-06,14.913726422841702,15.014399826051855,-0.10067340321015372,0.0006787808310463328,0.0006760945469542756,-2.6862840920571784e-06,0.33420304802534595,0.3342852941472218,-8.224612187585079e-05,4.175007395505849e-05,3.6333787526504606e-05,0.0034088136988834274,3.408681523342286e-05,3,3,0,0,True,freq_hrl_full_v5,v5_u3_l3_h01_p005_balanced,2026,7071,tuning_validation_mechanism_diagnostic,full_method_nested_hpo_v3,0c65097c9b86b900c22caf62144fb801532978cb,8aa8fb9172c7d3f5e4ef34220431f3e8643209fd68a11296dfaed658d8fae25d
68219,ood_period,none,zero_residual_frequency,0.0007531985082060988,0.0007601911399843786,-6.992631778279801e-06,45.620267761955894,45.8856015003245,-0.26533373836860363,0.0003331933199683945,0.00032996436699495035,-3.2289529734441658e-06,0.2610911634184584,0.26064858020162285,0.0004425832168355459,6.766864850208399e-05,4.846380153253491e-05,0.0032921270305653,3.291953557599124e-05,3,3,0,0,True,freq_hrl_full_v5,v5_u3_l3_h01_p005_balanced,2026,7071,tuning_validation_mechanism_diagnostic,full_method_nested_hpo_v3,0c65097c9b86b900c22caf62144fb801532978cb,8aa8fb9172c7d3f5e4ef34220431f3e8643209fd68a11296dfaed658d8fae25d
68227,ood_period,none,zero_residual_frequency,0.00044619358084196925,0.00044349002127108683,2.703559570882419e-06,21.237149024022308,21.02733278980133,0.20981623422097684,0.0008453514399754392,0.0008521751619421369,6.823721966697782e-06,0.3024584283735983,0.30268096336515266,-0.0002225349915543351,8.921627443664171e-05,4.8207614602787535e-05,0.004500776415807195,4.5005029155140196e-05,3,3,0,0,True,freq_hrl_full_v5,v5_u3_l3_h01_p005_balanced,2026,7071,tuning_validation_mechanism_diagnostic,full_method_nested_hpo_v3,0c65097c9b86b900c22caf62144fb801532978cb,8aa8fb9172c7d3f5e4ef34220431f3e8643209fd68a11296dfaed658d8fae25d
68207,ood_period,none,zero_residual_frequency,0.007828356186347252,0.007836073157366119,-7.716971018867369e-06,131.4509239671751,131.47884943553223,-0.027925468357125283,0.0005060102231014829,0.0005041816001061239,-1.8286229953590194e-06,0.7292441398661845,0.729345851295392,-0.00010171142920745169,0.00010350614006343067,8.643092993712192e-05,0.004144311484722291,4.1437572952834696e-05,3,3,0,0,True,freq_hrl_full_v5,v5_u3_l3_h01_p005_balanced,2039,7084,tuning_validation_mechanism_diagnostic,full_method_nested_hpo_v3,0c65097c9b86b900c22caf62144fb801532978cb,8aa8fb9172c7d3f5e4ef34220431f3e8643209fd68a11296dfaed658d8fae25d
68209,ood_period,none,zero_residual_frequency,0.005788460749240443,0.005811843182653265,-2.3382433412821868e-05,97.99913880790764,98.36644170031248,-0.3673028924048367,0.0013272894780720357,0.0013282036428972077,9.141648251720369e-07,0.6862713429530487,0.6845228219220749,0.001748521030973782,0.00015179428067261245,8.936594081105094e-05,0.0075467973865872605,7.545166681404419e-05,3,3,0,0,True,freq_hrl_full_v5,v5_u3_l3_h01_p005_balanced,2039,7084,tuning_validation_mechanism_diagnostic,full_method_nested_hpo_v3,0c65097c9b86b900c22caf62144fb801532978cb,8aa8fb9172c7d3f5e4ef34220431f3e8643209fd68a11296dfaed658d8fae25d
68213,ood_period,none,zero_residual_frequency,0.01164959663357501,0.011668345917160705,-1.8749283585695053e-05,143.96935318444758,144.02916887196824,-0.05981568752065414,0.0008779329400945279,0.0008782990508029442,3.6611070841630067e-07,0.7966429522334066,0.7972846064866436,-0.0006416542532369229,0.00013158596604760962,8.987865368144653e-05,0.005631260588415898,5.630403155727705e-05,3,3,0,0,True,freq_hrl_full_v5,v5_u3_l3_h01_p005_balanced,2039,7084,tuning_validation_mechanism_diagnostic,full_method_nested_hpo_v3,0c65097c9b86b900c22caf62144fb801532978cb,8aa8fb9172c7d3f5e4ef34220431f3e8643209fd68a11296dfaed658d8fae25d
68219,ood_period,none,zero_residual_frequency,0.006788356398867101,0.006841404735361323,-5.304833649422136e-05,120.5248962209681,120.80872447997471,-0.28382825900661146,0.0009153818406381076,0.0009222929956004267,6.911154962319088e-06,0.6379651560596403,0.6392221615192173,-0.0012570054595769653,0.00013254679362698806,8.807059733044437e-05,0.004501369261318663,4.5006051522390306e-05,3,3,0,0,True,freq_hrl_full_v5,v5_u3_l3_h01_p005_balanced,2039,7084,tuning_validation_mechanism_diagnostic,full_method_nested_hpo_v3,0c65097c9b86b900c22caf62144fb801532978cb,8aa8fb9172c7d3f5e4ef34220431f3e8643209fd68a11296dfaed658d8fae25d
68227,ood_period,none,zero_residual_frequency,0.007401079663322374,0.007441511491965924,-4.0431828643550105e-05,110.24800197727475,110.3806990493283,-0.13269707205354564,0.001038342830878225,0.0010460880042896248,7.745173411399797e-06,0.7120517697195178,0.7140504710894104,-0.0019987013698926637,0.0001497171987243875,9.084573435444439e-05,0.0052229814475544525,5.222129626326967e-05,3,3,0,0,True,freq_hrl_full_v5,v5_u3_l3_h01_p005_balanced,2039,7084,tuning_validation_mechanism_diagnostic,full_method_nested_hpo_v3,0c65097c9b86b900c22caf62144fb801532978cb,8aa8fb9172c7d3f5e4ef34220431f3e8643209fd68a11296dfaed658d8fae25d
68207,ood_period,none,zero_residual_frequency,0.006599614300077272,0.006550565839601008,4.904846047626421e-05,146.12846016458863,145.75555154419908,0.37290862038955197,0.00041933384225290027,0.00041986406551197675,5.302232590764788e-07,0.5576735674161228,0.5580127091481595,-0.0003391417320366408,2.3870550662835846e-05,8.34662624397745e-06,0.005416122534047139,5.415672563105158e-05,3,3,0,0,True,freq_hrl_full_v5,v5_u3_l3_h01_p005_balanced,2053,7098,tuning_validation_mechanism_diagnostic,full_method_nested_hpo_v3,0c65097c9b86b900c22caf62144fb801532978cb,8aa8fb9172c7d3f5e4ef34220431f3e8643209fd68a11296dfaed658d8fae25d
68209,ood_period,none,zero_residual_frequency,0.0033544555569571255,0.0033444385217764605,1.001703518066499e-05,80.28297451513569,80.16440712382439,0.11856739131130212,0.001485769388395286,0.0014904775475198528,4.708159124566791e-06,0.5926821297932221,0.5936124597629514,-0.0009303299697293044,1.9548871758348604e-05,7.74596618955014e-06,0.007893568678345118,7.892021996124277e-05,3,3,0,0,True,freq_hrl_full_v5,v5_u3_l3_h01_p005_balanced,2053,7098,tuning_validation_mechanism_diagnostic,full_method_nested_hpo_v3,0c65097c9b86b900c22caf62144fb801532978cb,8aa8fb9172c7d3f5e4ef34220431f3e8643209fd68a11296dfaed658d8fae25d
68213,ood_period,none,zero_residual_frequency,0.0005605498880569826,0.0005668876696640623,-6.337781607079762e-06,15.934381538246713,16.106219528950117,-0.17183799070340378,0.0020024589839450213,0.0019990691087269363,-3.389875218084981e-06,0.7686861496320114,0.7670460812422002,0.0016400683898112334,5.6663522876818126e-05,1.4128022889254402e-05,0.01064729080567809,0.00010645205148716225,3,3,0,0,True,freq_hrl_full_v5,v5_u3_l3_h01_p005_balanced,2053,7098,tuning_validation_mechanism_diagnostic,full_method_nested_hpo_v3,0c65097c9b86b900c22caf62144fb801532978cb,8aa8fb9172c7d3f5e4ef34220431f3e8643209fd68a11296dfaed658d8fae25d
68219,ood_period,none,zero_residual_frequency,0.0022874452298873305,0.002296126332423265,-8.68110253593457e-06,74.16960951986943,74.37987551386908,-0.21026599399965562,0.000993391436330926,0.0009905212905158,-2.870145815125902e-06,0.535382068634586,0.5350489488885097,0.0003331197460763047,2.1003251445759425e-05,1.2706940585591203e-05,0.005736722674353384,5.736254377147948e-05,3,3,0,0,True,freq_hrl_full_v5,v5_u3_l3_h01_p005_balanced,2053,7098,tuning_validation_mechanism_diagnostic,full_method_nested_hpo_v3,0c65097c9b86b900c22caf62144fb801532978cb,8aa8fb9172c7d3f5e4ef34220431f3e8643209fd68a11296dfaed658d8fae25d
68227,ood_period,none,zero_residual_frequency,0.0025729125445907997,0.0025949199513612964,-2.200740677049673e-05,68.99427853285937,69.5436767780164,-0.5493982451570361,0.0010864727050844403,0.00108406186985055,-2.410835233890296e-06,0.6045076666787947,0.6034376607838629,0.0010700058949318914,1.3493694820578705e-05,1.2186169330098003e-05,0.007402757958253561,7.401969049150162e-05,3,3,0,0,True,freq_hrl_full_v5,v5_u3_l3_h01_p005_balanced,2053,7098,tuning_validation_mechanism_diagnostic,full_method_nested_hpo_v3,0c65097c9b86b900c22caf62144fb801532978cb,8aa8fb9172c7d3f5e4ef34220431f3e8643209fd68a11296dfaed658d8fae25d
68207,stationary_low_noise,none,zero_residual_frequency,0.00045997560009647387,0.0004571842793681391,2.7913207283347674e-06,30.174576648769808,29.915029419048007,0.2595472297218002,0.0004870404860829458,0.000489829828276056,2.7893421931102225e-06,0.39283152618809875,0.39383910453184057,-0.0010075783437418218,-0.00011814147900807942,-0.00010133754355426808,0.00144003093769748,1.799970438695686e-05,8,8,7,7,True,freq_hrl_full_v5,v5_u3_l3_h1_p3_activegate,2026,4044,tuning_validation_mechanism_diagnostic,full_method_nested_hpo_v3,0c65097c9b86b900c22caf62144fb801532978cb,8aa8fb9172c7d3f5e4ef34220431f3e8643209fd68a11296dfaed658d8fae25d
68209,stationary_low_noise,none,zero_residual_frequency,0.0005278393034746642,0.0005202109768334129,7.628326641251348e-06,27.674856858703567,27.297475759442445,0.37738109926112173,0.0006212508475190726,0.0006229175915578589,1.6667440387863053e-06,0.46012059935961735,0.46052207151661884,-0.0004014721570014812,-0.0001564635154095492,-0.00011899787779259536,0.0022922076118346824,2.8651451172630205e-05,8,8,7,7,True,freq_hrl_full_v5,v5_u3_l3_h1_p3_activegate,2026,4044,tuning_validation_mechanism_diagnostic,full_method_nested_hpo_v3,0c65097c9b86b900c22caf62144fb801532978cb,8aa8fb9172c7d3f5e4ef34220431f3e8643209fd68a11296dfaed658d8fae25d
68213,stationary_low_noise,none,zero_residual_frequency,0.002498629794420726,0.0024902531303450104,8.376664075715468e-06,118.96120769703109,118.72194703936024,0.23926065767084026,0.0003252265406653576,0.0003249737656736418,-2.5277499171583173e-07,0.505615008561401,0.5055356295017557,7.937905964527925e-05,-0.00015045498565902646,-0.00012118519493808625,0.0016037690134706078,2.0046231264032617e-05,8,8,7,7,True,freq_hrl_full_v5,v5_u3_l3_h1_p3_activegate,2026,4044,tuning_validation_mechanism_diagnostic,full_method_nested_hpo_v3,0c65097c9b86b900c22caf62144fb801532978cb,8aa8fb9172c7d3f5e4ef34220431f3e8643209fd68a11296dfaed658d8fae25d
68219,stationary_low_noise,none,zero_residual_frequency,0.0014390510182058502,0.001435296709711542,3.754308494308134e-06,78.25103698054221,78.09553726949039,0.15549971105181726,0.00030900590451032883,0.00030799836706452144,-1.0075374458073938e-06,0.45315747960908165,0.45318125452521685,-2.3774916135199664e-05,-0.00014545813327169866,-0.00011805961447912193,0.0016523923403939178,2.0653878151915988e-05,8,8,7,7,True,freq_hrl_full_v5,v5_u3_l3_h1_p3_activegate,2026,4044,tuning_validation_mechanism_diagnostic,full_method_nested_hpo_v3,0c65097c9b86b900c22caf62144fb801532978cb,8aa8fb9172c7d3f5e4ef34220431f3e8643209fd68a11296dfaed658d8fae25d
68227,stationary_low_noise,none,zero_residual_frequency,0.000759397519927818,0.0007573934142557359,2.0041056720820905e-06,48.085983618144766,48.02247496405916,0.06350865408560935,0.0003064637241740886,0.0003064653697001374,1.6455260487546752e-09,0.40856913741107276,0.4081574987087798,0.000411638702292938,-0.00012029115430531676,-0.00010014895069806735,0.0018737955274344938,2.3421374994299144e-05,7,7,6,6,True,freq_hrl_full_v5,v5_u3_l3_h1_p3_activegate,2026,4044,tuning_validation_mechanism_diagnostic,full_method_nested_hpo_v3,0c65097c9b86b900c22caf62144fb801532978cb,8aa8fb9172c7d3f5e4ef34220431f3e8643209fd68a11296dfaed658d8fae25d
68207,stationary_low_noise,none,zero_residual_frequency,0.001242340388144303,0.0012417512455977775,5.89142546525423e-07,102.8398916232618,103.01544573729429,-0.17555411403247945,0.0003059066461275073,0.0003041771458132114,-1.729500314295862e-06,0.2087482289692822,0.20828972372417348,0.00045850524510870905,6.569626669990594e-05,6.797738761069556e-05,0.001231141477263817,1.538860461477933e-05,8,8,7,7,True,freq_hrl_full_v5,v5_u3_l3_h1_p3_activegate,2039,4057,tuning_validation_mechanism_diagnostic,full_method_nested_hpo_v3,0c65097c9b86b900c22caf62144fb801532978cb,8aa8fb9172c7d3f5e4ef34220431f3e8643209fd68a11296dfaed658d8fae25d
68209,stationary_low_noise,none,zero_residual_frequency,0.000760328870282434,0.0007586767522100857,1.6521180723483297e-06,76.7201857066729,76.5558855345183,0.16430017215459713,0.0003190296631998546,0.00031918468500191643,1.550218020618388e-07,0.19992577591462615,0.2002582793401671,-0.0003325034255409476,5.321833880026794e-05,6.635902405713322e-05,0.0015986290162092905,1.998196488487031e-05,8,8,7,7,True,freq_hrl_full_v5,v5_u3_l3_h1_p3_activegate,2039,4057,tuning_validation_mechanism_diagnostic,full_method_nested_hpo_v3,0c65097c9b86b900c22caf62144fb801532978cb,8aa8fb9172c7d3f5e4ef34220431f3e8643209fd68a11296dfaed658d8fae25d
68213,stationary_low_noise,none,zero_residual_frequency,0.0015090289064938478,0.0015082534910204615,7.754154733863317e-07,121.63612166748422,121.8061907950047,-0.17006912752047754,0.0002886957351435626,0.00028685136506512166,-1.84437007844096e-06,0.21156370476290653,0.2112853846648854,0.0002783200980211453,5.11658500832658e-05,5.652007349202687e-05,0.001712344113184372,2.1403299699123437e-05,8,8,7,7,True,freq_hrl_full_v5,v5_u3_l3_h1_p3_activegate,2039,4057,tuning_validation_mechanism_diagnostic,full_method_nested_hpo_v3,0c65097c9b86b900c22caf62144fb801532978cb,8aa8fb9172c7d3f5e4ef34220431f3e8643209fd68a11296dfaed658d8fae25d
68219,stationary_low_noise,none,zero_residual_frequency,0.0008768077461824841,0.0008752105522962239,1.5971938862602286e-06,93.77922104524818,93.71051404632827,0.06870699891990739,0.00033349715141939296,0.0003322039466002735,-1.2932048191194312e-06,0.20125062887612866,0.20130378181498643,-5.315293885777006e-05,5.503744839330023e-05,6.067186829139168e-05,0.0012899636622427755,1.6123603172854197e-05,8,8,7,7,True,freq_hrl_full_v5,v5_u3_l3_h1_p3_activegate,2039,4057,tuning_validation_mechanism_diagnostic,full_method_nested_hpo_v3,0c65097c9b86b900c22caf62144fb801532978cb,8aa8fb9172c7d3f5e4ef34220431f3e8643209fd68a11296dfaed658d8fae25d
68227,stationary_low_noise,none,zero_residual_frequency,0.001165472926818678,0.001162080780593211,3.3921462254671297e-06,110.77149607343443,110.53875730335794,0.23273877007649446,0.0002516475731275669,0.0002502622610878191,-1.385312039747788e-06,0.2051001225308609,0.20531207228566584,-0.00021194975480492984,5.5360149587748105e-05,6.291485896724102e-05,0.0014195440056533294,1.7743342312418905e-05,8,8,7,7,True,freq_hrl_full_v5,v5_u3_l3_h1_p3_activegate,2039,4057,tuning_validation_mechanism_diagnostic,full_method_nested_hpo_v3,0c65097c9b86b900c22caf62144fb801532978cb,8aa8fb9172c7d3f5e4ef34220431f3e8643209fd68a11296dfaed658d8fae25d
68207,stationary_low_noise,none,zero_residual_frequency,0.0013660993011976874,0.00136498861096368,1.1106902340074498e-06,64.83576769830431,64.80009754624331,0.03567015206100166,0.0007217514390974733,0.0007206769312263495,-1.074507871123842e-06,0.5915716377404442,0.5915465935794154,2.504416102877549e-05,1.6805992097981478e-05,3.126336894896764e-05,0.001158866701007355,1.448452386770533e-05,3,3,0,0,True,freq_hrl_full_v5,v5_u3_l3_h1_p3_activegate,2053,4071,tuning_validation_mechanism_diagnostic,full_method_nested_hpo_v3,0c65097c9b86b900c22caf62144fb801532978cb,8aa8fb9172c7d3f5e4ef34220431f3e8643209fd68a11296dfaed658d8fae25d
68209,stationary_low_noise,none,zero_residual_frequency,0.00012062361568809798,0.0001193428369925531,1.2807786955448819e-06,6.924789331736083,6.862952111443246,0.061837220292837,0.0008645466728317563,0.0008609143400839514,-3.632332747804945e-06,0.5707027882255393,0.5703377635129971,0.0003650247125421835,1.92593711635531e-05,3.0495755413254125e-05,0.001696888406675296,2.120895677653278e-05,3,3,0,0,True,freq_hrl_full_v5,v5_u3_l3_h1_p3_activegate,2053,4071,tuning_validation_mechanism_diagnostic,full_method_nested_hpo_v3,0c65097c9b86b900c22caf62144fb801532978cb,8aa8fb9172c7d3f5e4ef34220431f3e8643209fd68a11296dfaed658d8fae25d
68213,stationary_low_noise,none,zero_residual_frequency,0.001998939185392956,0.0019935145867007176,5.424598692238547e-06,81.4289787570563,81.29622923561195,0.13274952144435304,0.0007747667813295944,0.0007739758827616239,-7.908985679705438e-07,0.6730910331384178,0.6734408533152951,-0.0003498201768773468,1.3961424340487442e-05,2.8785431915449007e-05,0.0018826007260132527,2.35303810566238e-05,3,3,0,0,True,freq_hrl_full_v5,v5_u3_l3_h1_p3_activegate,2053,4071,tuning_validation_mechanism_diagnostic,full_method_nested_hpo_v3,0c65097c9b86b900c22caf62144fb801532978cb,8aa8fb9172c7d3f5e4ef34220431f3e8643209fd68a11296dfaed658d8fae25d
68219,stationary_low_noise,none,zero_residual_frequency,0.0005265773314775402,0.0005287649689373897,-2.187637459849512e-06,27.621417013203015,27.722769784391208,-0.10135277118819275,0.0008381450583796468,0.0008367382415244151,-1.4068168552316962e-06,0.6198360728802639,0.6201956396805403,-0.00035956680027637855,2.4725186750073415e-05,3.0106929358731153e-05,0.0013824938835265736,1.7279526423802134e-05,3,3,0,0,True,freq_hrl_full_v5,v5_u3_l3_h1_p3_activegate,2053,4071,tuning_validation_mechanism_diagnostic,full_method_nested_hpo_v3,0c65097c9b86b900c22caf62144fb801532978cb,8aa8fb9172c7d3f5e4ef34220431f3e8643209fd68a11296dfaed658d8fae25d
68227,stationary_low_noise,none,zero_residual_frequency,0.001387013432488704,0.0013855680576557727,1.4453748329312788e-06,59.69054510876965,59.63331835499329,0.05722675377635511,0.0006916387703774785,0.0006919689682547414,3.30197877262961e-07,0.6241318961706488,0.6245044569222475,-0.00037256075159874946,1.613093916544637e-05,2.9604954310918296e-05,0.001264079416068853,1.579945369485817e-05,3,3,0,0,True,freq_hrl_full_v5,v5_u3_l3_h1_p3_activegate,2053,4071,tuning_validation_mechanism_diagnostic,full_method_nested_hpo_v3,0c65097c9b86b900c22caf62144fb801532978cb,8aa8fb9172c7d3f5e4ef34220431f3e8643209fd68a11296dfaed658d8fae25d
68207,persistent_shift,none,zero_residual_frequency,0.03262070037514975,0.03260215799266697,1.8542382482777953e-05,238.40578232642804,238.37363434203195,0.032147984396090123,0.0006490290698470957,0.0006480367420419464,-9.923278051493511e-07,0.8565146479974483,0.8562208708320322,0.0002937771654160093,-6.17288533485073e-05,-5.802130818307675e-06,0.0035633223682654913,4.454078827114957e-05,8,8,7,7,True,freq_hrl_full_v5,v5_u3_l3_h1_p3_activegate,2026,2026,tuning_validation_mechanism_diagnostic,full_method_nested_hpo_v3,0c65097c9b86b900c22caf62144fb801532978cb,8aa8fb9172c7d3f5e4ef34220431f3e8643209fd68a11296dfaed658d8fae25d
68209,persistent_shift,none,zero_residual_frequency,0.02635004094309945,0.026358221463374187,-8.18052027473648e-06,210.9648948670733,210.9247864622339,0.040108404839401146,0.0007704703603933494,0.0007725420801827365,2.0717197893871386e-06,0.9217848240313089,0.9227438042585477,-0.000958980227238837,-0.00013381430954927023,-4.307996872112672e-06,0.006011951987925892,7.514711049029895e-05,8,8,7,7,True,freq_hrl_full_v5,v5_u3_l3_h1_p3_activegate,2026,2026,tuning_validation_mechanism_diagnostic,full_method_nested_hpo_v3,0c65097c9b86b900c22caf62144fb801532978cb,8aa8fb9172c7d3f5e4ef34220431f3e8643209fd68a11296dfaed658d8fae25d
68213,persistent_shift,none,zero_residual_frequency,0.03329643131205273,0.03327645735296825,1.997395908448496e-05,226.12469832479525,226.09042876735396,0.034269557441291454,0.0006718736339974551,0.0006690844395641493,-2.7891944333058305e-06,0.9945784644958825,0.9944252707397514,0.0001531937561310981,-0.00011077486441497776,-5.624568232335483e-06,0.0051283688792156884,6.410305262278066e-05,8,8,7,7,True,freq_hrl_full_v5,v5_u3_l3_h1_p3_activegate,2026,2026,tuning_validation_mechanism_diagnostic,full_method_nested_hpo_v3,0c65097c9b86b900c22caf62144fb801532978cb,8aa8fb9172c7d3f5e4ef34220431f3e8643209fd68a11296dfaed658d8fae25d
68219,persistent_shift,none,zero_residual_frequency,0.02752289311266165,0.027498114704137322,2.4778408524328555e-05,208.4875523397211,208.45253675935822,0.03501558036288088,0.001141087616391534,0.0011408541000601513,-2.3351633138268824e-07,0.9440309128289472,0.9436044062122064,0.00042650661674081825,-6.80427746100303e-05,-5.261090577496311e-06,0.003956345544550762,4.945338382492777e-05,8,8,7,7,True,freq_hrl_full_v5,v5_u3_l3_h1_p3_activegate,2026,2026,tuning_validation_mechanism_diagnostic,full_method_nested_hpo_v3,0c65097c9b86b900c22caf62144fb801532978cb,8aa8fb9172c7d3f5e4ef34220431f3e8643209fd68a11296dfaed658d8fae25d
68227,persistent_shift,none,zero_residual_frequency,0.02625446283874333,0.02622345328439879,3.1009554344541e-05,205.94884703158885,205.89316156002852,0.055685471560337874,0.0005878190259100968,0.0005900257473783199,2.206721468223094e-06,0.8616100749118816,0.8610828581203169,0.0005272167915646442,-7.03638111423416e-05,-6.532953553542667e-06,0.004322754300099203,5.4033478116499655e-05,8,8,7,7,True,freq_hrl_full_v5,v5_u3_l3_h1_p3_activegate,2026,2026,tuning_validation_mechanism_diagnostic,full_method_nested_hpo_v3,0c65097c9b86b900c22caf62144fb801532978cb,8aa8fb9172c7d3f5e4ef34220431f3e8643209fd68a11296dfaed658d8fae25d
68207,persistent_shift,none,zero_residual_frequency,0.041038552089740055,0.041041075614112854,-2.523524372799457e-06,229.2678404317279,229.2871012217293,-0.0192607900013968,0.0013644120503853996,0.0013627234791560028,-1.688571229396807e-06,1.0016589240703444,1.001783916302755,-0.00012499223241069224,0.0001439322986659116,0.0001029718337707622,0.004240311688489681,5.299861068736463e-05,8,8,7,7,True,freq_hrl_full_v5,v5_u3_l3_h1_p3_activegate,2039,2039,tuning_validation_mechanism_diagnostic,full_method_nested_hpo_v3,0c65097c9b86b900c22caf62144fb801532978cb,8aa8fb9172c7d3f5e4ef34220431f3e8643209fd68a11296dfaed658d8fae25d
68209,persistent_shift,none,zero_residual_frequency,0.032612266253124966,0.03264295772438808,-3.0691471263111225e-05,207.6704999023274,207.73199092936056,-0.06149102703315634,0.0014641103227465146,0.0014610045461038723,-3.1057766426423328e-06,1.005794436091116,1.0063625180753708,-0.0005680819842548424,0.00011996595428935361,9.114885711581868e-05,0.005827595049100233,7.283043115547849e-05,8,8,7,7,True,freq_hrl_full_v5,v5_u3_l3_h1_p3_activegate,2039,2039,tuning_validation_mechanism_diagnostic,full_method_nested_hpo_v3,0c65097c9b86b900c22caf62144fb801532978cb,8aa8fb9172c7d3f5e4ef34220431f3e8643209fd68a11296dfaed658d8fae25d
68213,persistent_shift,none,zero_residual_frequency,0.04158402438294262,0.04158968763038606,-5.6632474434437086e-06,224.72085919780096,224.69833684384457,0.022522353956389907,0.0014443141441411456,0.0014511874239636624,6.873279822516842e-06,1.0112566467367514,1.011555131952064,-0.00029848521531250505,0.00017729324008013757,9.501327657478448e-05,0.005033975938375888,6.291342416358026e-05,8,8,7,7,True,freq_hrl_full_v5,v5_u3_l3_h1_p3_activegate,2039,2039,tuning_validation_mechanism_diagnostic,full_method_nested_hpo_v3,0c65097c9b86b900c22caf62144fb801532978cb,8aa8fb9172c7d3f5e4ef34220431f3e8643209fd68a11296dfaed658d8fae25d
68219,persistent_shift,none,zero_residual_frequency,0.03432965068767713,0.03433842736805737,-8.776680380240265e-06,200.54343782424988,200.62713402468538,-0.0836962004354973,0.0026394704009912173,0.0026290974829974445,-1.0372917993772823e-05,1.0052553726734588,1.0055566052606406,-0.0003012325871818433,0.00011749834568802468,0.000100001226288635,0.0052913307323857834,6.61319313135747e-05,8,8,7,7,True,freq_hrl_full_v5,v5_u3_l3_h1_p3_activegate,2039,2039,tuning_validation_mechanism_diagnostic,full_method_nested_hpo_v3,0c65097c9b86b900c22caf62144fb801532978cb,8aa8fb9172c7d3f5e4ef34220431f3e8643209fd68a11296dfaed658d8fae25d
68227,persistent_shift,none,zero_residual_frequency,0.03258688714593627,0.032597488390421425,-1.0601244485153316e-05,203.3100721759301,203.3753119997325,-0.06523982380241478,0.0014713921461643187,0.0014653516079626838,-6.04053820163486e-06,1.0006764350317292,1.0008775993421446,-0.0002011643104153915,9.99765514472705e-05,0.0001013906938625526,0.004690683577488623,5.862462989893751e-05,8,8,7,7,True,freq_hrl_full_v5,v5_u3_l3_h1_p3_activegate,2039,2039,tuning_validation_mechanism_diagnostic,full_method_nested_hpo_v3,0c65097c9b86b900c22caf62144fb801532978cb,8aa8fb9172c7d3f5e4ef34220431f3e8643209fd68a11296dfaed658d8fae25d
68207,persistent_shift,none,zero_residual_frequency,0.04370723719423597,0.04372912694189468,-2.188974765870988e-05,246.32729877404265,246.3787033868313,-0.0514046127886445,0.0009457638829227788,0.0009503931121684905,4.629229245711741e-06,1.0294207622957896,1.0296795528831915,-0.0002587905874018581,0.00022684037090630775,0.00012947797104069256,0.006068625085936219,7.584412218588915e-05,8,8,7,7,True,freq_hrl_full_v5,v5_u3_l3_h1_p3_activegate,2053,2053,tuning_validation_mechanism_diagnostic,full_method_nested_hpo_v3,0c65097c9b86b900c22caf62144fb801532978cb,8aa8fb9172c7d3f5e4ef34220431f3e8643209fd68a11296dfaed658d8fae25d
68209,persistent_shift,none,zero_residual_frequency,0.035596080173681655,0.03556307701917638,3.300315450527336e-05,213.4981848868037,213.36442673255738,0.13375815424632265,0.0013166657180913033,0.0013108538777244494,-5.811840366853893e-06,1.0468314109936587,1.0475703510447572,-0.0007389400510984245,0.00024991109683918415,0.00013299313014384945,0.009424474368016593,0.0001177731879168818,8,8,7,7,True,freq_hrl_full_v5,v5_u3_l3_h1_p3_activegate,2053,2053,tuning_validation_mechanism_diagnostic,full_method_nested_hpo_v3,0c65097c9b86b900c22caf62144fb801532978cb,8aa8fb9172c7d3f5e4ef34220431f3e8643209fd68a11296dfaed658d8fae25d
68213,persistent_shift,none,zero_residual_frequency,0.04558350620221008,0.045629483437733764,-4.597723552368649e-05,261.1355464507794,261.31111736990226,-0.17557091912289025,0.0006980499062803069,0.0007022437187944597,4.193812514152739e-06,1.0528357657606575,1.053021773766904,-0.0001860080062465741,0.0002585792133605747,0.00010869000081224661,0.00858940048864396,0.00010734122674790053,8,8,7,7,True,freq_hrl_full_v5,v5_u3_l3_h1_p3_activegate,2053,2053,tuning_validation_mechanism_diagnostic,full_method_nested_hpo_v3,0c65097c9b86b900c22caf62144fb801532978cb,8aa8fb9172c7d3f5e4ef34220431f3e8643209fd68a11296dfaed658d8fae25d
68219,persistent_shift,none,zero_residual_frequency,0.039967306163351424,0.039966488885882834,8.172774685899498e-07,230.84617945902977,230.88508440695338,-0.0389049479236121,0.0008100568205773317,0.0008139550432276765,3.898222650344785e-06,1.0387105685394742,1.0392384813239102,-0.0005279127844359799,0.0001992859214154085,0.00012738312991319775,0.00753931855239595,9.422200922724914e-05,8,8,7,7,True,freq_hrl_full_v5,v5_u3_l3_h1_p3_activegate,2053,2053,tuning_validation_mechanism_diagnostic,full_method_nested_hpo_v3,0c65097c9b86b900c22caf62144fb801532978cb,8aa8fb9172c7d3f5e4ef34220431f3e8643209fd68a11296dfaed658d8fae25d
68227,persistent_shift,none,zero_residual_frequency,0.03692881782698265,0.036896899354863066,3.191847211958532e-05,214.55309973842665,214.44531131524775,0.1077884231789028,0.000886737719620112,0.0008874853433092911,7.476236891790222e-07,1.032167301932535,1.0327384004266078,-0.0005710984940727748,0.00022653872147787647,0.00013525064659320295,0.007523653549489811,9.402227466040883e-05,8,8,7,7,True,freq_hrl_full_v5,v5_u3_l3_h1_p3_activegate,2053,2053,tuning_validation_mechanism_diagnostic,full_method_nested_hpo_v3,0c65097c9b86b900c22caf62144fb801532978cb,8aa8fb9172c7d3f5e4ef34220431f3e8643209fd68a11296dfaed658d8fae25d
68207,ood_period,none,zero_residual_frequency,0.003794691374944481,0.0037959364114548144,-1.2450365103333638e-06,91.71877431081325,91.80474801966525,-0.08597370885200917,0.0009624728991701748,0.0009588282079496802,-3.6446912204946003e-06,0.5771480086090013,0.5759688994744284,0.0011791091345728644,4.669716873586765e-06,8.833422316506511e-06,0.0033422036874576912,4.177682318230344e-05,3,3,0,0,True,freq_hrl_full_v5,v5_u3_l3_h1_p3_activegate,2026,7071,tuning_validation_mechanism_diagnostic,full_method_nested_hpo_v3,0c65097c9b86b900c22caf62144fb801532978cb,8aa8fb9172c7d3f5e4ef34220431f3e8643209fd68a11296dfaed658d8fae25d
68209,ood_period,none,zero_residual_frequency,0.0025163607332152615,0.0025014508331346885,1.4909900080573024e-05,58.80630677224594,58.54611577960254,0.26019099264340184,0.0016570319233167874,0.0016509119279226603,-6.119995394127109e-06,0.6331417936343642,0.6319337467460369,0.0012080468883273188,7.623078622206466e-05,1.1379345169846634e-05,0.00504896785662115,6.310877091029208e-05,3,3,0,0,True,freq_hrl_full_v5,v5_u3_l3_h1_p3_activegate,2026,7071,tuning_validation_mechanism_diagnostic,full_method_nested_hpo_v3,0c65097c9b86b900c22caf62144fb801532978cb,8aa8fb9172c7d3f5e4ef34220431f3e8643209fd68a11296dfaed658d8fae25d
68213,ood_period,none,zero_residual_frequency,0.001661901719201886,0.0016538836821138325,8.018037088053376e-06,42.870851570106474,42.572696511963166,0.29815505814330834,0.0014642182175693685,0.0014771602548004914,1.294203723112286e-05,0.7382773828717741,0.7399924336259802,-0.0017150507542060822,5.027774109449391e-05,1.6799137289909956e-05,0.006130048417495952,7.662239557837785e-05,3,3,0,0,True,freq_hrl_full_v5,v5_u3_l3_h1_p3_activegate,2026,7071,tuning_validation_mechanism_diagnostic,full_method_nested_hpo_v3,0c65097c9b86b900c22caf62144fb801532978cb,8aa8fb9172c7d3f5e4ef34220431f3e8643209fd68a11296dfaed658d8fae25d
68219,ood_period,none,zero_residual_frequency,0.0020862975135245154,0.0020811940811840124,5.1034323405030335e-06,67.77541889980289,67.68559976083323,0.0898191389696592,0.0009435568969959895,0.0009385973538097447,-4.959543186244808e-06,0.5413969492410813,0.5402395922708066,0.0011573569702746367,3.052076324604955e-05,1.399155669161617e-05,0.0035009606450734686,4.376071638923366e-05,3,3,0,0,True,freq_hrl_full_v5,v5_u3_l3_h1_p3_activegate,2026,7071,tuning_validation_mechanism_diagnostic,full_method_nested_hpo_v3,0c65097c9b86b900c22caf62144fb801532978cb,8aa8fb9172c7d3f5e4ef34220431f3e8643209fd68a11296dfaed658d8fae25d
68227,ood_period,none,zero_residual_frequency,0.002026770718535964,0.0020281638012231706,-1.3930826872066149e-06,51.1729661088816,51.15058582995432,0.022380278927279562,0.0013191959338132442,0.0013215350833490902,2.339149535846019e-06,0.6292141463455116,0.628966114202496,0.0002480321430156085,1.4488998378076579e-05,1.420832586039319e-05,0.004517140863673477,5.646218417310006e-05,3,3,0,0,True,freq_hrl_full_v5,v5_u3_l3_h1_p3_activegate,2026,7071,tuning_validation_mechanism_diagnostic,full_method_nested_hpo_v3,0c65097c9b86b900c22caf62144fb801532978cb,8aa8fb9172c7d3f5e4ef34220431f3e8643209fd68a11296dfaed658d8fae25d
68207,ood_period,none,zero_residual_frequency,0.0009220328317689486,0.0009751545278211537,-5.312169605220518e-05,64.84348311426457,66.98692665383604,-2.1434435395714644,0.0002911698020071629,0.00028978282058500504,-1.3869814221578736e-06,0.12342794229215195,0.1261188489717916,-0.002690906679639643,5.209877066285321e-06,4.2077453960574654e-05,0.0030892319412992543,3.861484260067217e-05,8,8,7,7,True,freq_hrl_full_v5,v5_u3_l3_h1_p3_activegate,2039,7084,tuning_validation_mechanism_diagnostic,full_method_nested_hpo_v3,0c65097c9b86b900c22caf62144fb801532978cb,8aa8fb9172c7d3f5e4ef34220431f3e8643209fd68a11296dfaed658d8fae25d
68209,ood_period,none,zero_residual_frequency,0.0024988742324434376,0.002500959024826166,-2.0847923827282955e-06,113.34984438200468,113.43841981778404,-0.08857543577936156,0.000365379957344536,0.00036018465140008615,-5.195305944449835e-06,0.17337370045585862,0.17360464318397842,-0.00023094272811979843,-1.5694350174674585e-05,3.38631832261042e-05,0.004543543203989328,5.679238750047629e-05,6,6,4,4,True,freq_hrl_full_v5,v5_u3_l3_h1_p3_activegate,2039,7084,tuning_validation_mechanism_diagnostic,full_method_nested_hpo_v3,0c65097c9b86b900c22caf62144fb801532978cb,8aa8fb9172c7d3f5e4ef34220431f3e8643209fd68a11296dfaed658d8fae25d
68213,ood_period,none,zero_residual_frequency,0.0016157269712167022,0.001640014673701673,-2.4287702484970808e-05,50.6364031644892,51.196884657171765,-0.5604814926825625,0.0013259762299379085,0.0013218317355965237,-4.144494341384863e-06,0.2649749041404321,0.2663221919765888,-0.0013472878361566742,-8.863614607730062e-06,4.1339325651238335e-05,0.005455877729562215,6.81945001855758e-05,7,7,6,6,True,freq_hrl_full_v5,v5_u3_l3_h1_p3_activegate,2039,7084,tuning_validation_mechanism_diagnostic,full_method_nested_hpo_v3,0c65097c9b86b900c22caf62144fb801532978cb,8aa8fb9172c7d3f5e4ef34220431f3e8643209fd68a11296dfaed658d8fae25d
68219,ood_period,none,zero_residual_frequency,0.000732966767805987,0.0007321814033640628,7.8536444192423e-07,37.45274283345686,37.470309040443844,-0.017566206986984412,0.000553625718921702,0.0005540258577584334,4.001388367314007e-07,0.18309987543428696,0.18319921635489778,-9.934092061081312e-05,9.632945121440593e-07,4.1334800151543975e-05,0.0032534525463739153,4.066746816932262e-05,8,8,7,7,True,freq_hrl_full_v5,v5_u3_l3_h1_p3_activegate,2039,7084,tuning_validation_mechanism_diagnostic,full_method_nested_hpo_v3,0c65097c9b86b900c22caf62144fb801532978cb,8aa8fb9172c7d3f5e4ef34220431f3e8643209fd68a11296dfaed658d8fae25d
68227,ood_period,none,zero_residual_frequency,0.0014011500927986198,0.0013887464716182407,1.2403621180379076e-05,62.80988296371932,62.49978443380246,0.31009852991685705,0.0006132482495797564,0.0006109402646644613,-2.307984915295158e-06,0.19578613814573947,0.1958693097931939,-8.317164745441641e-05,-4.352770710111916e-06,4.20883437357192e-05,0.0037328951538559826,4.6660127641962725e-05,8,8,7,7,True,freq_hrl_full_v5,v5_u3_l3_h1_p3_activegate,2039,7084,tuning_validation_mechanism_diagnostic,full_method_nested_hpo_v3,0c65097c9b86b900c22caf62144fb801532978cb,8aa8fb9172c7d3f5e4ef34220431f3e8643209fd68a11296dfaed658d8fae25d
68207,ood_period,none,zero_residual_frequency,0.012618940718959859,0.012638695721880921,-1.975500292106247e-05,168.77093652511797,168.82963522225822,-0.058698697140243894,0.0005391784456908466,0.0005397288682288393,5.504225379926453e-07,0.5029753868697906,0.5027927192576065,0.00018266761218410643,4.15189080335934e-05,3.458737806061538e-05,0.0025443487251424006,3.180262036215276e-05,3,3,0,0,True,freq_hrl_full_v5,v5_u3_l3_h1_p3_activegate,2053,7098,tuning_validation_mechanism_diagnostic,full_method_nested_hpo_v3,0c65097c9b86b900c22caf62144fb801532978cb,8aa8fb9172c7d3f5e4ef34220431f3e8643209fd68a11296dfaed658d8fae25d
68209,ood_period,none,zero_residual_frequency,0.00902338079820475,0.009037510874262189,-1.4130076057439211e-05,125.64953620146431,125.70721459499258,-0.05767839352826343,0.0020952823436204415,0.0020970708280418915,1.7884844214499651e-06,0.622681802167326,0.6227326812374224,-5.087907009637682e-05,6.378789236261578e-05,4.141014134514745e-05,0.0023554011397613475,2.9440945319374116e-05,3,3,0,0,True,freq_hrl_full_v5,v5_u3_l3_h1_p3_activegate,2053,7098,tuning_validation_mechanism_diagnostic,full_method_nested_hpo_v3,0c65097c9b86b900c22caf62144fb801532978cb,8aa8fb9172c7d3f5e4ef34220431f3e8643209fd68a11296dfaed658d8fae25d
68213,ood_period,none,zero_residual_frequency,0.013252021113786983,0.013258498466403923,-6.4773526169403794e-06,140.37965645535175,140.3561826542243,0.023473801127437355,0.0017212512099190613,0.001723660173923225,2.408964004163572e-06,0.7280416010274449,0.7275283166679751,0.0005132843594697345,8.032928204692425e-05,4.873254350939273e-05,0.004049908771119388,5.061985901578066e-05,3,3,0,0,True,freq_hrl_full_v5,v5_u3_l3_h1_p3_activegate,2053,7098,tuning_validation_mechanism_diagnostic,full_method_nested_hpo_v3,0c65097c9b86b900c22caf62144fb801532978cb,8aa8fb9172c7d3f5e4ef34220431f3e8643209fd68a11296dfaed658d8fae25d
68219,ood_period,none,zero_residual_frequency,0.008381779396250622,0.008396742014755265,-1.4962618504643643e-05,128.01923353573153,128.0789704390891,-0.05973690335756032,0.001085436317880828,0.001085540351098535,1.0403321770713347e-07,0.5099144021706148,0.5099926632827194,-7.826111210462727e-05,5.528711939333083e-05,3.432599042849122e-05,0.0020955784058161145,2.619346778118497e-05,3,3,0,0,True,freq_hrl_full_v5,v5_u3_l3_h1_p3_activegate,2053,7098,tuning_validation_mechanism_diagnostic,full_method_nested_hpo_v3,0c65097c9b86b900c22caf62144fb801532978cb,8aa8fb9172c7d3f5e4ef34220431f3e8643209fd68a11296dfaed658d8fae25d
68227,ood_period,none,zero_residual_frequency,0.010109812936818008,0.010120601000675133,-1.0788063857125607e-05,139.47396038898646,139.52997785217772,-0.056017463191267325,0.0012522786554778342,0.0012522628133243563,-1.5842153477940712e-08,0.5857274169918585,0.5851919514221062,0.0005354655697522581,4.723689066601912e-05,4.160584292756543e-05,0.002718097481768685,3.3973625216874456e-05,3,3,0,0,True,freq_hrl_full_v5,v5_u3_l3_h1_p3_activegate,2053,7098,tuning_validation_mechanism_diagnostic,full_method_nested_hpo_v3,0c65097c9b86b900c22caf62144fb801532978cb,8aa8fb9172c7d3f5e4ef34220431f3e8643209fd68a11296dfaed658d8fae25d
68207,stationary_low_noise,none,zero_residual_frequency,0.00566482271236457,0.005666620749956941,-1.7980375923709602e-06,122.16728399614476,122.2065486566726,-0.039264660527834394,0.000749063245604642,0.0007495642896974131,5.010440927710746e-07,0.8778443217457088,0.8777114971783274,0.00013282456738139548,-3.408945748896766e-05,-3.607010546535077e-05,0.0008695386384513566,8.694761950548429e-06,4,4,0,0,True,freq_hrl_full_v5,v5_u5_l3_h005_p01_macro,2026,4044,tuning_validation_mechanism_diagnostic,full_method_nested_hpo_v3,0c65097c9b86b900c22caf62144fb801532978cb,8aa8fb9172c7d3f5e4ef34220431f3e8643209fd68a11296dfaed658d8fae25d
68209,stationary_low_noise,none,zero_residual_frequency,0.003930720350346695,0.00393777956994068,-7.059219593985588e-06,84.91709821805708,85.04521567545747,-0.1281174574003927,0.0008909935900939248,0.0008915651204901565,5.715303962317009e-07,0.8850422579095472,0.884856759348679,0.00018549856086813588,-2.4344652730462877e-05,-2.5632284831281233e-05,0.0012304487673746834,1.2303793612800837e-05,4,4,0,0,True,freq_hrl_full_v5,v5_u5_l3_h005_p01_macro,2026,4044,tuning_validation_mechanism_diagnostic,full_method_nested_hpo_v3,0c65097c9b86b900c22caf62144fb801532978cb,8aa8fb9172c7d3f5e4ef34220431f3e8643209fd68a11296dfaed658d8fae25d
68213,stationary_low_noise,none,zero_residual_frequency,0.008701745542361916,0.008703184239678974,-1.4386973170577022e-06,165.87071320795525,165.87438318221535,-0.003669974260105846,0.00067496133535494,0.0006754904034775855,5.290681226455263e-07,1.0262703518013172,1.0263713796361995,-0.00010102783488230571,-2.026149348499866e-05,-2.679507503351999e-05,0.0009535992532619276,9.535254524963837e-06,4,4,0,0,True,freq_hrl_full_v5,v5_u5_l3_h005_p01_macro,2026,4044,tuning_validation_mechanism_diagnostic,full_method_nested_hpo_v3,0c65097c9b86b900c22caf62144fb801532978cb,8aa8fb9172c7d3f5e4ef34220431f3e8643209fd68a11296dfaed658d8fae25d
68219,stationary_low_noise,none,zero_residual_frequency,0.005528006068773905,0.005528523919317685,-5.178505437797298e-07,122.7087274098871,122.73205365075323,-0.023326240866126113,0.0005900796645712525,0.0005904946882037132,4.150236324607093e-07,0.9206073564948654,0.9205131726806774,9.418381418790922e-05,-2.9879021331910335e-05,-2.9330242989211467e-05,0.0009458324078069482,9.457703938517682e-06,4,4,0,0,True,freq_hrl_full_v5,v5_u5_l3_h005_p01_macro,2026,4044,tuning_validation_mechanism_diagnostic,full_method_nested_hpo_v3,0c65097c9b86b900c22caf62144fb801532978cb,8aa8fb9172c7d3f5e4ef34220431f3e8643209fd68a11296dfaed658d8fae25d
68227,stationary_low_noise,none,zero_residual_frequency,0.006406358624927,0.006408527398139574,-2.1687732125741377e-06,132.08097242831803,132.12194403664353,-0.04097160832549207,0.0006589007720559925,0.0006585715030124062,-3.2926904358632214e-07,0.8976947957917032,0.8975773356522058,0.00011746013949742728,-9.499138809642639e-06,-1.2982552408713154e-05,0.0010316186514602226,1.0315479019984422e-05,4,4,0,0,True,freq_hrl_full_v5,v5_u5_l3_h005_p01_macro,2026,4044,tuning_validation_mechanism_diagnostic,full_method_nested_hpo_v3,0c65097c9b86b900c22caf62144fb801532978cb,8aa8fb9172c7d3f5e4ef34220431f3e8643209fd68a11296dfaed658d8fae25d
68207,stationary_low_noise,none,zero_residual_frequency,-9.109940694684848e-05,-9.48130928551949e-05,3.71368590834642e-06,-143.089245340773,-142.62498742674828,-0.4642579140247278,9.109940694684848e-05,9.48130928551949e-05,3.71368590834642e-06,0.01803142195024339,0.017647220168231455,0.00038420178201193506,4.270319507057354e-06,-1.0878403359163951e-07,0.0010166240400141962,1.0166185369499202e-05,4,4,0,0,True,freq_hrl_full_v5,v5_u5_l3_h005_p01_macro,2039,4057,tuning_validation_mechanism_diagnostic,full_method_nested_hpo_v3,0c65097c9b86b900c22caf62144fb801532978cb,8aa8fb9172c7d3f5e4ef34220431f3e8643209fd68a11296dfaed658d8fae25d
68209,stationary_low_noise,none,zero_residual_frequency,-6.477139108651553e-05,-6.545639421062788e-05,6.850031241123489e-07,-127.59750873654002,-126.10238548650547,-1.4951232500345526,6.477139108651553e-05,6.545639421062788e-05,6.850031241123489e-07,0.01786275354803223,0.017702319949025477,0.00016043359900675194,1.3436052897145965e-05,7.309528996496987e-06,0.00119425207699856,1.1942427250314373e-05,4,4,0,0,True,freq_hrl_full_v5,v5_u5_l3_h005_p01_macro,2039,4057,tuning_validation_mechanism_diagnostic,full_method_nested_hpo_v3,0c65097c9b86b900c22caf62144fb801532978cb,8aa8fb9172c7d3f5e4ef34220431f3e8643209fd68a11296dfaed658d8fae25d
68213,stationary_low_noise,none,zero_residual_frequency,-0.00015818012427259998,-0.0001617646170243292,3.584492751729229e-06,-226.25434889927996,-226.56769802355615,0.31334912427618633,0.00015818012427259998,0.0001617646170243292,3.584492751729229e-06,0.029337596212957208,0.029249282995445974,8.83132175112343e-05,4.997516213469754e-06,-2.345010672629881e-06,0.0014581986719551625,1.458187360116205e-05,4,4,0,0,True,freq_hrl_full_v5,v5_u5_l3_h005_p01_macro,2039,4057,tuning_validation_mechanism_diagnostic,full_method_nested_hpo_v3,0c65097c9b86b900c22caf62144fb801532978cb,8aa8fb9172c7d3f5e4ef34220431f3e8643209fd68a11296dfaed658d8fae25d
68219,stationary_low_noise,none,zero_residual_frequency,-8.485294633109319e-05,-8.466331693512963e-05,-1.896293959635642e-07,-141.97272486648825,-141.12449768210885,-0.8482271843793967,8.485294633109319e-05,8.466331693512963e-05,-1.896293959635642e-07,0.021386572944511895,0.021350173964443008,3.6398980068887143e-05,8.618947630113396e-06,1.8234279078169657e-06,0.0009941086771404013,9.941024157018147e-06,4,4,0,0,True,freq_hrl_full_v5,v5_u5_l3_h005_p01_macro,2039,4057,tuning_validation_mechanism_diagnostic,full_method_nested_hpo_v3,0c65097c9b86b900c22caf62144fb801532978cb,8aa8fb9172c7d3f5e4ef34220431f3e8643209fd68a11296dfaed658d8fae25d
68227,stationary_low_noise,none,zero_residual_frequency,-9.31921923819079e-05,-9.435570555649253e-05,1.1635131745846294e-06,-155.26498490356508,-156.09162672654662,0.8266418229815429,9.391554945759051e-05,9.527203588266531e-05,1.3564864250747988e-06,0.01867336688878175,0.018400828163231013,0.0002725387255507368,7.324671527313958e-06,-1.6745030999235877e-06,0.0010995666814096695,1.0995602407003694e-05,4,4,0,0,True,freq_hrl_full_v5,v5_u5_l3_h005_p01_macro,2039,4057,tuning_validation_mechanism_diagnostic,full_method_nested_hpo_v3,0c65097c9b86b900c22caf62144fb801532978cb,8aa8fb9172c7d3f5e4ef34220431f3e8643209fd68a11296dfaed658d8fae25d
68207,stationary_low_noise,none,zero_residual_frequency,0.0027128478942124445,0.002713197799949274,-3.4990573682947e-07,103.57464338628581,103.49619838428991,0.07844500199590243,0.000837294848970549,0.0008379502815528683,6.554325823193707e-07,0.6022469483257911,0.602882106966189,-0.0006351586403979814,-3.0875550829946046e-05,-2.393126124600401e-05,0.0012727856303778632,1.2727304101759039e-05,4,4,0,0,True,freq_hrl_full_v5,v5_u5_l3_h005_p01_macro,2053,4071,tuning_validation_mechanism_diagnostic,full_method_nested_hpo_v3,0c65097c9b86b900c22caf62144fb801532978cb,8aa8fb9172c7d3f5e4ef34220431f3e8643209fd68a11296dfaed658d8fae25d
68209,stationary_low_noise,none,zero_residual_frequency,0.0017110299052414124,0.0017230468259121778,-1.201692067076543e-05,59.2913833524451,59.52090373656899,-0.2295203841238873,0.0007699396165368189,0.0007720196913472144,2.0800748103955158e-06,0.6730206136831725,0.6741381741251768,-0.001117560442004395,-4.269900545427392e-05,-3.531413082886266e-05,0.0019053439202252776,1.9052525818913543e-05,4,4,0,0,True,freq_hrl_full_v5,v5_u5_l3_h005_p01_macro,2053,4071,tuning_validation_mechanism_diagnostic,full_method_nested_hpo_v3,0c65097c9b86b900c22caf62144fb801532978cb,8aa8fb9172c7d3f5e4ef34220431f3e8643209fd68a11296dfaed658d8fae25d
68213,stationary_low_noise,none,zero_residual_frequency,0.003763211293207114,0.0037675882028362917,-4.376909629177916e-06,120.50442053093305,120.37934141007122,0.1250791208618267,0.0007118508943718682,0.0007119567465772025,1.0585220533432249e-07,0.7428386994323223,0.7441503172042809,-0.0013116177719586508,-4.0530640294148e-05,-3.213137520700976e-05,0.001856972253234643,1.8568781491340447e-05,4,4,0,0,True,freq_hrl_full_v5,v5_u5_l3_h005_p01_macro,2053,4071,tuning_validation_mechanism_diagnostic,full_method_nested_hpo_v3,0c65097c9b86b900c22caf62144fb801532978cb,8aa8fb9172c7d3f5e4ef34220431f3e8643209fd68a11296dfaed658d8fae25d
68219,stationary_low_noise,none,zero_residual_frequency,0.00211065057117632,0.00211258743899867,-1.936867822349697e-06,84.64759594419537,84.62391382181414,0.023682122381231352,0.0006649789792133598,0.0006655089602942699,5.299810809100691e-07,0.6339605003627653,0.6345978198112664,-0.0006373194485010947,-3.47400921680276e-05,-2.9289040220612848e-05,0.001427782985168354,1.4277174205888417e-05,4,4,0,0,True,freq_hrl_full_v5,v5_u5_l3_h005_p01_macro,2053,4071,tuning_validation_mechanism_diagnostic,full_method_nested_hpo_v3,0c65097c9b86b900c22caf62144fb801532978cb,8aa8fb9172c7d3f5e4ef34220431f3e8643209fd68a11296dfaed658d8fae25d
68227,stationary_low_noise,none,zero_residual_frequency,0.0027753551248121955,0.0027780622534294697,-2.7071286172741793e-06,97.31945415908746,97.34333623531666,-0.023882076229199356,0.0007394786246778251,0.0007394937778876232,1.5153209798057787e-08,0.6351268471645888,0.6353997335565911,-0.0002728863920022917,-3.076451946415998e-05,-2.47746520483926e-05,0.001441440875755183,1.4413790889532687e-05,4,4,0,0,True,freq_hrl_full_v5,v5_u5_l3_h005_p01_macro,2053,4071,tuning_validation_mechanism_diagnostic,full_method_nested_hpo_v3,0c65097c9b86b900c22caf62144fb801532978cb,8aa8fb9172c7d3f5e4ef34220431f3e8643209fd68a11296dfaed658d8fae25d
68207,persistent_shift,none,zero_residual_frequency,0.03770793804851391,0.03770191002500578,6.028023508131142e-06,229.69626090755023,229.69766350504057,-0.0014025974903404403,0.0010031724471046832,0.0010030015620261512,-1.7088507853202373e-07,1.0191328356874658,1.018946825719297,0.00018600996816875437,-1.1765083991188458e-05,8.793538746787637e-06,0.004001184936916818,4.001001311468022e-05,4,4,0,0,True,freq_hrl_full_v5,v5_u5_l3_h005_p01_macro,2026,2026,tuning_validation_mechanism_diagnostic,full_method_nested_hpo_v3,0c65097c9b86b900c22caf62144fb801532978cb,8aa8fb9172c7d3f5e4ef34220431f3e8643209fd68a11296dfaed658d8fae25d
68209,persistent_shift,none,zero_residual_frequency,0.022982231923577734,0.02298382405952859,-1.5921359508563881e-06,207.0162936904402,207.03121982020704,-0.014926129766848817,0.0006273037006828686,0.000626722953432135,-5.807472507335376e-07,0.8354633353572598,0.8355077290829338,-4.43937256739968e-05,-7.21566784518524e-05,1.2257824472616929e-06,0.0065949258032560465,6.594417389248703e-05,4,4,0,0,True,freq_hrl_full_v5,v5_u5_l3_h005_p01_macro,2026,2026,tuning_validation_mechanism_diagnostic,full_method_nested_hpo_v3,0c65097c9b86b900c22caf62144fb801532978cb,8aa8fb9172c7d3f5e4ef34220431f3e8643209fd68a11296dfaed658d8fae25d
68213,persistent_shift,none,zero_residual_frequency,0.034720246104707586,0.03469483442410248,2.5411680605103015e-05,217.72387455386885,217.71069891277364,0.013175641095216406,0.0009898412445975557,0.0009892501696360245,-5.910749615312128e-07,1.0313954777041396,1.0311365368974716,0.00025894080666799546,-6.873694206724504e-05,4.402566551645421e-06,0.006730312329677367,6.729896336459942e-05,4,4,0,0,True,freq_hrl_full_v5,v5_u5_l3_h005_p01_macro,2026,2026,tuning_validation_mechanism_diagnostic,full_method_nested_hpo_v3,0c65097c9b86b900c22caf62144fb801532978cb,8aa8fb9172c7d3f5e4ef34220431f3e8643209fd68a11296dfaed658d8fae25d
68219,persistent_shift,none,zero_residual_frequency,0.03251724753285301,0.03251168672582461,5.560807028404113e-06,202.6919733735147,202.6880075176828,0.003965855831921772,0.0020372341049562648,0.0020388856860364957,1.6515810802308906e-06,1.036006884695189,1.0358745054271195,0.00013237926806963785,-1.4823620105291877e-05,3.135273827511717e-06,0.003978153500429471,3.977926937150817e-05,4,4,0,0,True,freq_hrl_full_v5,v5_u5_l3_h005_p01_macro,2026,2026,tuning_validation_mechanism_diagnostic,full_method_nested_hpo_v3,0c65097c9b86b900c22caf62144fb801532978cb,8aa8fb9172c7d3f5e4ef34220431f3e8643209fd68a11296dfaed658d8fae25d
68227,persistent_shift,none,zero_residual_frequency,0.02593195825136063,0.025951500521043336,-1.9542269682704116e-05,202.90617232245984,202.9715351511273,-0.06536282866747456,0.0004705385933574391,0.0004705816734817958,4.308012435672026e-08,0.8851886784659981,0.8853220657187748,-0.0001333872527766733,-2.0897612788183772e-05,4.484408175003002e-06,0.00435877230754866,4.358497742533959e-05,4,4,0,0,True,freq_hrl_full_v5,v5_u5_l3_h005_p01_macro,2026,2026,tuning_validation_mechanism_diagnostic,full_method_nested_hpo_v3,0c65097c9b86b900c22caf62144fb801532978cb,8aa8fb9172c7d3f5e4ef34220431f3e8643209fd68a11296dfaed658d8fae25d
68207,persistent_shift,none,zero_residual_frequency,0.0009378515042459679,0.0009644475367385219,-2.6596032492554045e-05,13.86195563167751,14.269122750423481,-0.40716711874597067,0.002059479155371635,0.002039852829987754,-1.9626325383881316e-05,0.916950095265019,0.9153885512975535,0.0015615439674655507,2.785295093493662e-05,1.2906661014103186e-05,0.0036655096407533466,3.6653007376730584e-05,4,4,0,0,True,freq_hrl_full_v5,v5_u5_l3_h005_p01_macro,2039,2039,tuning_validation_mechanism_diagnostic,full_method_nested_hpo_v3,0c65097c9b86b900c22caf62144fb801532978cb,8aa8fb9172c7d3f5e4ef34220431f3e8643209fd68a11296dfaed658d8fae25d
68209,persistent_shift,none,zero_residual_frequency,-0.002710479953890399,-0.0026822048746727445,-2.8275079217654486e-05,-30.833840712467868,-30.53144005633792,-0.30240065612994727,0.0056097177143046295,0.005591607836018753,-1.8109878285876846e-05,1.1703629913813072,1.169055536135793,0.001307455245514122,4.8621009040362664e-05,5.2076970546021e-06,0.005413913794473047,5.4134321465459436e-05,4,4,0,0,True,freq_hrl_full_v5,v5_u5_l3_h005_p01_macro,2039,2039,tuning_validation_mechanism_diagnostic,full_method_nested_hpo_v3,0c65097c9b86b900c22caf62144fb801532978cb,8aa8fb9172c7d3f5e4ef34220431f3e8643209fd68a11296dfaed658d8fae25d
68213,persistent_shift,none,zero_residual_frequency,-0.0014680196241197985,-0.0014461419880461568,-2.1877636073641682e-05,-20.126033288946303,-19.83359443218435,-0.29243885676195447,0.0028866531709147436,0.0028796089629328225,-7.044207981921069e-06,1.190130591088677,1.188856761532905,0.0012738295557719326,3.4861069981262e-05,7.801139951107088e-06,0.005300604112643568,5.300193751355691e-05,4,4,0,0,True,freq_hrl_full_v5,v5_u5_l3_h005_p01_macro,2039,2039,tuning_validation_mechanism_diagnostic,full_method_nested_hpo_v3,0c65097c9b86b900c22caf62144fb801532978cb,8aa8fb9172c7d3f5e4ef34220431f3e8643209fd68a11296dfaed658d8fae25d
68219,persistent_shift,none,zero_residual_frequency,-0.001728975704632707,-0.0017087437225686841,-2.023198206402288e-05,-24.577520093063036,-24.318233042876916,-0.25928705018612064,0.0036345053954088824,0.0036156093115985444,-1.8896083810338027e-05,0.9890310338281936,0.9885273002319115,0.0005037335962820855,5.6505861268983034e-05,2.202378777926996e-05,0.00378536675990391,3.785108736624566e-05,4,4,0,0,True,freq_hrl_full_v5,v5_u5_l3_h005_p01_macro,2039,2039,tuning_validation_mechanism_diagnostic,full_method_nested_hpo_v3,0c65097c9b86b900c22caf62144fb801532978cb,8aa8fb9172c7d3f5e4ef34220431f3e8643209fd68a11296dfaed658d8fae25d
68227,persistent_shift,none,zero_residual_frequency,-0.0002791073469270433,-0.0002592023530042509,-1.9904993922792436e-05,-4.061453917966497,-3.772342235431581,-0.2891116825349158,0.002284282744839272,0.0022796594483632804,-4.6232964759918005e-06,0.9073315971385811,0.9062648093737742,0.0010667877648069535,3.876555485030814e-05,1.5243216946900045e-05,0.0035214316344030923,3.5211699668391785e-05,4,4,0,0,True,freq_hrl_full_v5,v5_u5_l3_h005_p01_macro,2039,2039,tuning_validation_mechanism_diagnostic,full_method_nested_hpo_v3,0c65097c9b86b900c22caf62144fb801532978cb,8aa8fb9172c7d3f5e4ef34220431f3e8643209fd68a11296dfaed658d8fae25d
68207,persistent_shift,none,zero_residual_frequency,0.030615251200284632,0.030616842862840166,-1.5916625555334463e-06,235.50018678309348,235.58016198420782,-0.07997520111433687,0.001092113178239984,0.0010917487541595161,-3.6442408046788444e-07,0.9114696810216754,0.9106473236391956,0.0008223573824797104,3.980925983621781e-05,1.931420486962242e-05,0.003207811685327518,3.207673878643866e-05,4,4,0,0,True,freq_hrl_full_v5,v5_u5_l3_h005_p01_macro,2053,2053,tuning_validation_mechanism_diagnostic,full_method_nested_hpo_v3,0c65097c9b86b900c22caf62144fb801532978cb,8aa8fb9172c7d3f5e4ef34220431f3e8643209fd68a11296dfaed658d8fae25d
68209,persistent_shift,none,zero_residual_frequency,0.021236250997936246,0.021237667974047802,-1.416976111556778e-06,183.80195853982704,183.86657500126887,-0.06461646144182964,0.0010117859976075394,0.0010138091937634819,2.023196155942486e-06,1.110759084525089,1.1100640033879101,0.0006950811371788657,2.4605677722128504e-05,9.006477440152966e-06,0.00460070715643168,4.600380586327073e-05,4,4,0,0,True,freq_hrl_full_v5,v5_u5_l3_h005_p01_macro,2053,2053,tuning_validation_mechanism_diagnostic,full_method_nested_hpo_v3,0c65097c9b86b900c22caf62144fb801532978cb,8aa8fb9172c7d3f5e4ef34220431f3e8643209fd68a11296dfaed658d8fae25d
68213,persistent_shift,none,zero_residual_frequency,0.03255205068341227,0.03257975031713367,-2.769963372140083e-05,238.74007844017478,238.88990673794746,-0.1498282977726717,0.0008107590621971861,0.0008109403551949113,1.8129299772517982e-07,1.0346411642680255,1.0347748422456307,-0.0001336779776051067,5.870286793869212e-05,1.9249859277968063e-05,0.004578844952751145,4.57856132257943e-05,4,4,0,0,True,freq_hrl_full_v5,v5_u5_l3_h005_p01_macro,2053,2053,tuning_validation_mechanism_diagnostic,full_method_nested_hpo_v3,0c65097c9b86b900c22caf62144fb801532978cb,8aa8fb9172c7d3f5e4ef34220431f3e8643209fd68a11296dfaed658d8fae25d
68219,persistent_shift,none,zero_residual_frequency,0.027390056790768114,0.02741017009367619,-2.011330290807578e-05,206.8069918903833,206.90190693249178,-0.09491504210848234,0.0020202727432278023,0.0020209937689524837,7.210257246814678e-07,0.9270817749370921,0.9267889703094292,0.0002928046276629015,4.9901806969349553e-05,2.4837275748905277e-05,0.003809558291605855,3.80937249378903e-05,4,4,0,0,True,freq_hrl_full_v5,v5_u5_l3_h005_p01_macro,2053,2053,tuning_validation_mechanism_diagnostic,full_method_nested_hpo_v3,0c65097c9b86b900c22caf62144fb801532978cb,8aa8fb9172c7d3f5e4ef34220431f3e8643209fd68a11296dfaed658d8fae25d
68227,persistent_shift,none,zero_residual_frequency,0.023295219739348783,0.02329404570060767,1.1740387411141029e-06,203.44147682531747,203.5171197771088,-0.07564295179133751,0.0005908496865424384,0.0005914392862080842,5.895996656457569e-07,0.91152663099893,0.9111287061882722,0.0003979248106578126,3.823143846520769e-05,1.255664693925281e-05,0.00420801706172319,4.20780302426923e-05,4,4,0,0,True,freq_hrl_full_v5,v5_u5_l3_h005_p01_macro,2053,2053,tuning_validation_mechanism_diagnostic,full_method_nested_hpo_v3,0c65097c9b86b900c22caf62144fb801532978cb,8aa8fb9172c7d3f5e4ef34220431f3e8643209fd68a11296dfaed658d8fae25d
68207,ood_period,none,zero_residual_frequency,0.01950018202411563,0.019490235350625662,9.946673489968916e-06,149.02414590008945,149.04265154533564,-0.01850564524619358,0.001712974493089825,0.0017104550203005386,-2.5194727892863256e-06,1.5241044542120874,1.5230995080544405,0.001004946157646902,-2.912721761932604e-06,-5.835122349197526e-06,0.002753606393202467,2.753515799524739e-05,4,4,0,0,True,freq_hrl_full_v5,v5_u5_l3_h005_p01_macro,2026,7071,tuning_validation_mechanism_diagnostic,full_method_nested_hpo_v3,0c65097c9b86b900c22caf62144fb801532978cb,8aa8fb9172c7d3f5e4ef34220431f3e8643209fd68a11296dfaed658d8fae25d
68209,ood_period,none,zero_residual_frequency,0.008501625442330019,0.008486946995527545,1.4678446802474099e-05,92.61062240212387,92.55586256350543,0.054759838618437584,0.00321847535114117,0.0032178485936719126,-6.26757469257555e-07,1.4315989677892569,1.4303806494579376,0.0012183183313192458,8.940567023911652e-09,-2.7507496278534402e-06,0.005219594327354571,5.2191758930650714e-05,4,4,0,0,True,freq_hrl_full_v5,v5_u5_l3_h005_p01_macro,2026,7071,tuning_validation_mechanism_diagnostic,full_method_nested_hpo_v3,0c65097c9b86b900c22caf62144fb801532978cb,8aa8fb9172c7d3f5e4ef34220431f3e8643209fd68a11296dfaed658d8fae25d
68213,ood_period,none,zero_residual_frequency,0.020303301043719912,0.020297270816681756,6.030227038156255e-06,137.56992711102444,137.47308947405295,0.09683763697148606,0.0019262894492730886,0.0019383317662001742,1.2042316927085572e-05,1.644451857473741,1.6456956016491895,-0.0012437441754484801,1.4479687767594912e-05,2.092354272293259e-06,0.005475721705442993,5.4753478643436005e-05,4,4,0,0,True,freq_hrl_full_v5,v5_u5_l3_h005_p01_macro,2026,7071,tuning_validation_mechanism_diagnostic,full_method_nested_hpo_v3,0c65097c9b86b900c22caf62144fb801532978cb,8aa8fb9172c7d3f5e4ef34220431f3e8643209fd68a11296dfaed658d8fae25d
68219,ood_period,none,zero_residual_frequency,0.012315972481830917,0.012313919387211936,2.053094618981177e-06,117.94271208425828,117.87729080870199,0.06542127555628952,0.0026436576130506317,0.0026483352030610696,4.677590010437882e-06,1.3255207134720004,1.326352537881211,-0.0008318244092107019,5.604407219407554e-07,-2.0358235829790674e-06,0.003648677352450452,3.648472511305481e-05,4,4,0,0,True,freq_hrl_full_v5,v5_u5_l3_h005_p01_macro,2026,7071,tuning_validation_mechanism_diagnostic,full_method_nested_hpo_v3,0c65097c9b86b900c22caf62144fb801532978cb,8aa8fb9172c7d3f5e4ef34220431f3e8643209fd68a11296dfaed658d8fae25d
68227,ood_period,none,zero_residual_frequency,0.013739204198237376,0.013735349658049456,3.854540187919753e-06,121.2812997380698,121.20559724043656,0.07570249763324455,0.0022939278345670555,0.002301886494045613,7.95865947855745e-06,1.471369638232118,1.4725123893335172,-0.0011427511013992753,7.665646937535105e-07,-3.3301979444108314e-06,0.004159642676030571,4.159402233302226e-05,4,4,0,0,True,freq_hrl_full_v5,v5_u5_l3_h005_p01_macro,2026,7071,tuning_validation_mechanism_diagnostic,full_method_nested_hpo_v3,0c65097c9b86b900c22caf62144fb801532978cb,8aa8fb9172c7d3f5e4ef34220431f3e8643209fd68a11296dfaed658d8fae25d
68207,ood_period,none,zero_residual_frequency,0.028866871969541297,0.028875090854555863,-8.218885014565913e-06,149.09690291513556,149.09378838980533,0.003114525330232709,0.0008665260026933241,0.0008666632594543922,1.3725676106801643e-07,1.3164863180474182,1.3168461024253328,-0.00035978437791461815,-5.388113028813705e-06,-8.355116556763834e-06,0.003036272912383235,3.0362408293644918e-05,4,4,0,0,True,freq_hrl_full_v5,v5_u5_l3_h005_p01_macro,2039,7084,tuning_validation_mechanism_diagnostic,full_method_nested_hpo_v3,0c65097c9b86b900c22caf62144fb801532978cb,8aa8fb9172c7d3f5e4ef34220431f3e8643209fd68a11296dfaed658d8fae25d
68209,ood_period,none,zero_residual_frequency,0.015497001938886035,0.015493464604304563,3.5373345814715407e-06,116.69549918546548,116.65234584168907,0.043153343776410225,0.002127339015783103,0.0021315327772619685,4.193761478865632e-06,1.0933937398842635,1.0941284886664706,-0.0007347487822071397,-4.29621083205802e-06,-5.200088114784121e-06,0.0024257306372520463,2.4257064096504724e-05,4,4,0,0,True,freq_hrl_full_v5,v5_u5_l3_h005_p01_macro,2039,7084,tuning_validation_mechanism_diagnostic,full_method_nested_hpo_v3,0c65097c9b86b900c22caf62144fb801532978cb,8aa8fb9172c7d3f5e4ef34220431f3e8643209fd68a11296dfaed658d8fae25d
68213,ood_period,none,zero_residual_frequency,0.03266762539830648,0.032662538014257114,5.087384049362598e-06,157.37037384249572,157.35750619118377,0.012867651311950112,0.002534966286313445,0.0025362253927068146,1.259106393369791e-06,1.4727135290777835,1.4725198487842883,0.000193680293495202,-9.235739532218892e-06,-8.325195580053115e-06,0.0029237098461938633,2.923686754774124e-05,4,4,0,0,True,freq_hrl_full_v5,v5_u5_l3_h005_p01_macro,2039,7084,tuning_validation_mechanism_diagnostic,full_method_nested_hpo_v3,0c65097c9b86b900c22caf62144fb801532978cb,8aa8fb9172c7d3f5e4ef34220431f3e8643209fd68a11296dfaed658d8fae25d
68219,ood_period,none,zero_residual_frequency,0.023819845845103993,0.023831830015966116,-1.1984170862122667e-05,138.20962283916882,138.18079570675482,0.02882713241399415,0.0023590168181183424,0.002364774865669439,5.758047551096546e-06,1.2682812016052678,1.269331117919081,-0.0010499163138131262,-2.076394953526992e-05,-6.819178655097825e-06,0.0028436287516039253,2.8435884209386747e-05,4,4,0,0,True,freq_hrl_full_v5,v5_u5_l3_h005_p01_macro,2039,7084,tuning_validation_mechanism_diagnostic,full_method_nested_hpo_v3,0c65097c9b86b900c22caf62144fb801532978cb,8aa8fb9172c7d3f5e4ef34220431f3e8643209fd68a11296dfaed658d8fae25d
68227,ood_period,none,zero_residual_frequency,0.024221057038600113,0.024227840214917196,-6.783176317082251e-06,131.29324616868874,131.25245361192913,0.04079255675961235,0.00211737803208889,0.0021211707133909075,3.7926813020172645e-06,1.305778795444573,1.3067231106857788,-0.000944315241205862,-1.0287814951508595e-05,-6.452524205805293e-06,0.003861450373208047,3.861377212435771e-05,4,4,0,0,True,freq_hrl_full_v5,v5_u5_l3_h005_p01_macro,2039,7084,tuning_validation_mechanism_diagnostic,full_method_nested_hpo_v3,0c65097c9b86b900c22caf62144fb801532978cb,8aa8fb9172c7d3f5e4ef34220431f3e8643209fd68a11296dfaed658d8fae25d
68207,ood_period,none,zero_residual_frequency,0.0024909530937924362,0.002507823033614409,-1.6869939821972935e-05,56.33749119981213,56.67658259209362,-0.3390913922814889,0.0018444290511601125,0.0018367743277855064,-7.654723374606043e-06,0.5627736223024811,0.5635759423635454,-0.0008023200610642878,1.2909759418942222e-05,4.1718603441330095e-06,0.0019090393576738681,1.908994142016034e-05,4,4,0,0,True,freq_hrl_full_v5,v5_u5_l3_h005_p01_macro,2053,7098,tuning_validation_mechanism_diagnostic,full_method_nested_hpo_v3,0c65097c9b86b900c22caf62144fb801532978cb,8aa8fb9172c7d3f5e4ef34220431f3e8643209fd68a11296dfaed658d8fae25d
68209,ood_period,none,zero_residual_frequency,0.0029662801804324346,0.0030639408573214233,-9.766067688898872e-05,62.98135528069725,64.89816220458734,-1.9168069238900856,0.001249382225110951,0.0012390339091042923,-1.0348316006658642e-05,0.5835130616266563,0.5844559293218542,-0.0009428676951979131,2.2512561048188288e-07,3.589692552471977e-07,0.0043780205484330904,4.3778699015546855e-05,4,4,0,0,True,freq_hrl_full_v5,v5_u5_l3_h005_p01_macro,2053,7098,tuning_validation_mechanism_diagnostic,full_method_nested_hpo_v3,0c65097c9b86b900c22caf62144fb801532978cb,8aa8fb9172c7d3f5e4ef34220431f3e8643209fd68a11296dfaed658d8fae25d
68213,ood_period,none,zero_residual_frequency,0.006443290630065324,0.006456511656988573,-1.3221026923249113e-05,103.6586375740471,103.83898710504992,-0.18034953100281825,0.0008950767336707299,0.000893572749762872,-1.5039839078578865e-06,0.7265501009211334,0.7271301076282584,-0.0005800067071249915,2.2477677569368856e-05,2.857124652095948e-06,0.0025581010820234147,2.558054458374858e-05,4,4,0,0,True,freq_hrl_full_v5,v5_u5_l3_h005_p01_macro,2053,7098,tuning_validation_mechanism_diagnostic,full_method_nested_hpo_v3,0c65097c9b86b900c22caf62144fb801532978cb,8aa8fb9172c7d3f5e4ef34220431f3e8643209fd68a11296dfaed658d8fae25d
68219,ood_period,none,zero_residual_frequency,0.0032146609185450536,0.003220000321135119,-5.3394025900654896e-06,80.0931111604851,80.21879996404272,-0.12568880355762246,0.0012560652527731087,0.001255155855666712,-9.093971063967032e-07,0.527350868466526,0.5276005582140033,-0.00024968974747729966,2.11096582201484e-05,5.016241588548111e-06,0.00250578534768364,2.50573413692397e-05,4,4,0,0,True,freq_hrl_full_v5,v5_u5_l3_h005_p01_macro,2053,7098,tuning_validation_mechanism_diagnostic,full_method_nested_hpo_v3,0c65097c9b86b900c22caf62144fb801532978cb,8aa8fb9172c7d3f5e4ef34220431f3e8643209fd68a11296dfaed658d8fae25d
68227,ood_period,none,zero_residual_frequency,0.003108487430649065,0.0031211004028943723,-1.2612972245307219e-05,71.45417235313849,71.74811023661631,-0.2939378834778239,0.0010378636422928578,0.001029664015002596,-8.199627290261802e-06,0.5731092835665906,0.5728881693709023,0.00022111419568837665,1.3472451965951622e-05,4.021620617075935e-06,0.00319691195715374,3.196840963644613e-05,4,4,0,0,True,freq_hrl_full_v5,v5_u5_l3_h005_p01_macro,2053,7098,tuning_validation_mechanism_diagnostic,full_method_nested_hpo_v3,0c65097c9b86b900c22caf62144fb801532978cb,8aa8fb9172c7d3f5e4ef34220431f3e8643209fd68a11296dfaed658d8fae25d
68207,stationary_low_noise,none,zero_residual_frequency,0.0004113697012799733,0.00040665510245152525,4.714598828448047e-06,82.48367230678903,82.00586680354336,0.4778055032456763,0.0001609661781127869,0.000159819588915866,-1.1465891969208997e-06,0.13003615524821913,0.1294885123052703,0.0005476429429488172,1.4409478004500047e-05,2.117908071237794e-06,0.0009319902246412918,9.319772736544411e-06,4,4,0,0,True,freq_hrl_no_promotion_v5,v5_u1_l3_h005_p01_tracking,2026,4044,tuning_validation_mechanism_diagnostic,full_method_nested_hpo_v3,0c65097c9b86b900c22caf62144fb801532978cb,8aa8fb9172c7d3f5e4ef34220431f3e8643209fd68a11296dfaed658d8fae25d
68209,stationary_low_noise,none,zero_residual_frequency,0.00029341520404080335,0.00029257227926837714,8.429247724262012e-07,59.81803742760149,59.602445353370086,0.21559207423140236,0.00011952919607927104,0.00012027096334854548,7.417672692744404e-07,0.12762283771914165,0.12773709329105065,-0.00011425557190899993,5.224214530813317e-06,3.5793986936171196e-06,0.000874679351293,8.746679016067483e-06,4,4,0,0,True,freq_hrl_no_promotion_v5,v5_u1_l3_h005_p01_tracking,2026,4044,tuning_validation_mechanism_diagnostic,full_method_nested_hpo_v3,0c65097c9b86b900c22caf62144fb801532978cb,8aa8fb9172c7d3f5e4ef34220431f3e8643209fd68a11296dfaed658d8fae25d
68213,stationary_low_noise,none,zero_residual_frequency,0.0007009380239637597,0.0007000714111755624,8.666127881973296e-07,123.52794113916629,123.57033486058764,-0.04239372142134812,0.00011956872978247102,0.00011934120766921019,-2.2752211326082517e-07,0.1426747803058916,0.14242459210212088,0.00025018820377070705,2.6767166432109708e-05,1.2360267472858624e-05,0.0010451214950686941,1.0451072824016652e-05,4,4,0,0,True,freq_hrl_no_promotion_v5,v5_u1_l3_h005_p01_tracking,2026,4044,tuning_validation_mechanism_diagnostic,full_method_nested_hpo_v3,0c65097c9b86b900c22caf62144fb801532978cb,8aa8fb9172c7d3f5e4ef34220431f3e8643209fd68a11296dfaed658d8fae25d
68219,stationary_low_noise,none,zero_residual_frequency,0.00032434014702120706,0.00032278448538747284,1.5556616337342177e-06,71.57156053036348,71.38162596947214,0.18993456089134497,0.00010528424190114904,0.00010490458633571897,-3.796555654300704e-07,0.12986867718727585,0.12964275742022677,0.000225919767049082,8.04078817584111e-06,5.529873552982004e-06,0.0007108278139134603,7.1081461911593414e-06,4,4,0,0,True,freq_hrl_no_promotion_v5,v5_u1_l3_h005_p01_tracking,2026,4044,tuning_validation_mechanism_diagnostic,full_method_nested_hpo_v3,0c65097c9b86b900c22caf62144fb801532978cb,8aa8fb9172c7d3f5e4ef34220431f3e8643209fd68a11296dfaed658d8fae25d
68227,stationary_low_noise,none,zero_residual_frequency,0.0004288674567483053,0.0004238373569183107,5.030099829994583e-06,76.61963135718864,75.8638874726803,0.755743884508334,0.00012297720939224988,0.00012171402875549298,-1.2631806367568998e-06,0.1368820395395269,0.13675887096180678,0.00012316857772012857,7.011639261072076e-06,3.7705641454994862e-06,0.0008879276142882493,8.879126090883517e-06,4,4,0,0,True,freq_hrl_no_promotion_v5,v5_u1_l3_h005_p01_tracking,2026,4044,tuning_validation_mechanism_diagnostic,full_method_nested_hpo_v3,0c65097c9b86b900c22caf62144fb801532978cb,8aa8fb9172c7d3f5e4ef34220431f3e8643209fd68a11296dfaed658d8fae25d
68207,stationary_low_noise,none,zero_residual_frequency,0.00023510006735105726,0.000236867908517846,-1.7678411667887417e-06,41.31103043039696,41.593289225066705,-0.2822587946697439,0.00016022127338433112,0.0001607329979526062,5.117245682750848e-07,0.15605675136023583,0.15595793776990863,9.881359032720693e-05,-3.878725208261565e-05,-3.503057074483287e-05,0.0011134417089730655,1.1134210595419847e-05,4,4,0,0,True,freq_hrl_no_promotion_v5,v5_u1_l3_h005_p01_tracking,2039,4057,tuning_validation_mechanism_diagnostic,full_method_nested_hpo_v3,0c65097c9b86b900c22caf62144fb801532978cb,8aa8fb9172c7d3f5e4ef34220431f3e8643209fd68a11296dfaed658d8fae25d
68209,stationary_low_noise,none,zero_residual_frequency,-6.479013922844334e-05,-6.140960545819585e-05,-3.380533770247496e-06,-12.513711110100708,-11.934573470314515,-0.5791376397861931,0.00019796682353501183,0.00019618159827938797,-1.7852252556238568e-06,0.15696801609779215,0.15585991255547105,0.0011081035423211039,-2.791689171118039e-05,-2.966203034173948e-05,0.0017454950195517288,1.745461662339581e-05,4,4,0,0,True,freq_hrl_no_promotion_v5,v5_u1_l3_h005_p01_tracking,2039,4057,tuning_validation_mechanism_diagnostic,full_method_nested_hpo_v3,0c65097c9b86b900c22caf62144fb801532978cb,8aa8fb9172c7d3f5e4ef34220431f3e8643209fd68a11296dfaed658d8fae25d
68213,stationary_low_noise,none,zero_residual_frequency,0.000481840310491366,0.00048401157509236903,-2.171264601003031e-06,85.05639760846303,84.73895427482375,0.31744333363927524,0.00017515881290353086,0.00017807463453811678,2.9158216345859245e-06,0.18453231759524508,0.18596843338487445,-0.0014361157896293775,-2.520265171835835e-05,-2.8620260980346922e-05,0.0018699111621066952,1.8698734785980013e-05,4,4,0,0,True,freq_hrl_no_promotion_v5,v5_u1_l3_h005_p01_tracking,2039,4057,tuning_validation_mechanism_diagnostic,full_method_nested_hpo_v3,0c65097c9b86b900c22caf62144fb801532978cb,8aa8fb9172c7d3f5e4ef34220431f3e8643209fd68a11296dfaed658d8fae25d
68219,stationary_low_noise,none,zero_residual_frequency,0.00023809310121869487,0.00023904335922164677,-9.502580029518981e-07,46.46505618278748,46.41337918408938,0.05167699869809894,0.00013356990985691208,0.00013547110564182674,1.9011957849146555e-06,0.15838690957429905,0.15899205721451004,-0.0006051476402109957,-2.6176506342010368e-05,-2.8796409078853643e-05,0.0013602316854505465,1.3602108211770288e-05,4,4,0,0,True,freq_hrl_no_promotion_v5,v5_u1_l3_h005_p01_tracking,2039,4057,tuning_validation_mechanism_diagnostic,full_method_nested_hpo_v3,0c65097c9b86b900c22caf62144fb801532978cb,8aa8fb9172c7d3f5e4ef34220431f3e8643209fd68a11296dfaed658d8fae25d
68227,stationary_low_noise,none,zero_residual_frequency,0.000329836553338847,0.0003329377580894022,-3.1012047505551976e-06,57.57247012058885,58.1436384145607,-0.5711682939718514,0.00012882097954158844,0.00012917035469428573,3.4937515269728436e-07,0.16162512449167424,0.1612268267740396,0.00039829771763463806,-3.0441188771089064e-05,-3.349113485202181e-05,0.001294212143814851,1.294191422440878e-05,4,4,0,0,True,freq_hrl_no_promotion_v5,v5_u1_l3_h005_p01_tracking,2039,4057,tuning_validation_mechanism_diagnostic,full_method_nested_hpo_v3,0c65097c9b86b900c22caf62144fb801532978cb,8aa8fb9172c7d3f5e4ef34220431f3e8643209fd68a11296dfaed658d8fae25d
68207,stationary_low_noise,none,zero_residual_frequency,0.0006372102826404102,0.0006425485215697524,-5.338238929342154e-06,76.95327031385524,77.04530678259914,-0.09203646874389904,0.00023702542108516855,0.00023959526355876726,2.5698424735987047e-06,0.2194214581392187,0.22058917214950668,-0.001167714010287979,-9.916887866730947e-06,-1.5815833331923002e-05,0.0010425137175641593,1.0425077647216437e-05,4,4,0,0,True,freq_hrl_no_promotion_v5,v5_u1_l3_h005_p01_tracking,2053,4071,tuning_validation_mechanism_diagnostic,full_method_nested_hpo_v3,0c65097c9b86b900c22caf62144fb801532978cb,8aa8fb9172c7d3f5e4ef34220431f3e8643209fd68a11296dfaed658d8fae25d
68209,stationary_low_noise,none,zero_residual_frequency,0.0004262552895981653,0.00043582577555123514,-9.570485953069863e-06,47.12481399438109,47.55528591627877,-0.43047192189767713,0.0002461968034955797,0.00025099113407245355,4.79433057687384e-06,0.24140573356669487,0.24384976629397134,-0.002444032727276474,-1.4914951553536065e-05,-1.718473623312486e-05,0.0015913478039389398,1.591333845045701e-05,4,4,0,0,True,freq_hrl_no_promotion_v5,v5_u1_l3_h005_p01_tracking,2053,4071,tuning_validation_mechanism_diagnostic,full_method_nested_hpo_v3,0c65097c9b86b900c22caf62144fb801532978cb,8aa8fb9172c7d3f5e4ef34220431f3e8643209fd68a11296dfaed658d8fae25d
68213,stationary_low_noise,none,zero_residual_frequency,0.0012949625863720726,0.0013013129630390363,-6.350376666963697e-06,127.16943841259962,127.26644002456514,-0.09700161196552415,0.00024179988942130137,0.00024351936200461832,1.71947258331695e-06,0.2634397852100159,0.2644444054842804,-0.0010046202742645116,-6.753288117685302e-06,-1.553623025179756e-05,0.0011808696774096461,1.1808610165448355e-05,4,4,0,0,True,freq_hrl_no_promotion_v5,v5_u1_l3_h005_p01_tracking,2053,4071,tuning_validation_mechanism_diagnostic,full_method_nested_hpo_v3,0c65097c9b86b900c22caf62144fb801532978cb,8aa8fb9172c7d3f5e4ef34220431f3e8643209fd68a11296dfaed658d8fae25d
68219,stationary_low_noise,none,zero_residual_frequency,0.0007451851603572646,0.0007478426429738949,-2.6574826166303467e-06,91.84730026279018,91.93709492640824,-0.08979466361805066,0.00019909130215012283,0.0002003199749088802,1.2286727587573765e-06,0.22899263638075945,0.22943766973134955,-0.0004450333505900961,-1.321827854812131e-05,-1.5477460933446455e-05,0.0009891825796431578,9.891747882885068e-06,4,4,0,0,True,freq_hrl_no_promotion_v5,v5_u1_l3_h005_p01_tracking,2053,4071,tuning_validation_mechanism_diagnostic,full_method_nested_hpo_v3,0c65097c9b86b900c22caf62144fb801532978cb,8aa8fb9172c7d3f5e4ef34220431f3e8643209fd68a11296dfaed658d8fae25d
68227,stationary_low_noise,none,zero_residual_frequency,0.0008047348202644411,0.0008092961793384479,-4.561359074006788e-06,90.9682199289826,91.04823117247125,-0.08001124348864153,0.00020705222461314676,0.00020843081462174062,1.3785900085938607e-06,0.22649016904857772,0.22760726384434582,-0.0011170947957681032,-1.571031260749578e-05,-1.6099596098974092e-05,0.0012034542244994857,1.2034406160715475e-05,4,4,0,0,True,freq_hrl_no_promotion_v5,v5_u1_l3_h005_p01_tracking,2053,4071,tuning_validation_mechanism_diagnostic,full_method_nested_hpo_v3,0c65097c9b86b900c22caf62144fb801532978cb,8aa8fb9172c7d3f5e4ef34220431f3e8643209fd68a11296dfaed658d8fae25d
68207,persistent_shift,none,zero_residual_frequency,0.009620738585792488,0.009596738849961373,2.3999735831115032e-05,235.69013797828865,235.5621145717493,0.12802340653934152,0.0002231961676472105,0.0002222575233741253,-9.386442730852096e-07,0.25158299352110897,0.25131040584350917,0.0002725876775998004,-4.8242383889722924e-05,-2.0818360663425567e-05,0.001992795998376096,1.992687591217828e-05,4,4,0,0,True,freq_hrl_no_promotion_v5,v5_u1_l3_h005_p01_tracking,2026,2026,tuning_validation_mechanism_diagnostic,full_method_nested_hpo_v3,0c65097c9b86b900c22caf62144fb801532978cb,8aa8fb9172c7d3f5e4ef34220431f3e8643209fd68a11296dfaed658d8fae25d
68209,persistent_shift,none,zero_residual_frequency,0.009170441746243485,0.009171736052095758,-1.29430585227297e-06,206.25394495056946,206.26765158557004,-0.013706635000573897,0.0004783214367967137,0.00047649244377290234,-1.8289930238113428e-06,0.306051383603336,0.30615210914382435,-0.00010072554048834448,-6.01784285821058e-05,-1.9929430109323803e-05,0.0033541712909936905,3.35384984506064e-05,4,4,0,0,True,freq_hrl_no_promotion_v5,v5_u1_l3_h005_p01_tracking,2026,2026,tuning_validation_mechanism_diagnostic,full_method_nested_hpo_v3,0c65097c9b86b900c22caf62144fb801532978cb,8aa8fb9172c7d3f5e4ef34220431f3e8643209fd68a11296dfaed658d8fae25d
68213,persistent_shift,none,zero_residual_frequency,0.011664691642000458,0.01167018386050489,-5.4922185044326e-06,225.0731687890595,225.02430287584426,0.04886591321525202,0.0003989491925451283,0.0003981685217230302,-7.806708220980951e-07,0.3333620566426763,0.3339116638792703,-0.0005496072365939741,-5.374805647613338e-05,-1.6757378123579257e-05,0.003148043096330689,3.1478138799495497e-05,4,4,0,0,True,freq_hrl_no_promotion_v5,v5_u1_l3_h005_p01_tracking,2026,2026,tuning_validation_mechanism_diagnostic,full_method_nested_hpo_v3,0c65097c9b86b900c22caf62144fb801532978cb,8aa8fb9172c7d3f5e4ef34220431f3e8643209fd68a11296dfaed658d8fae25d
68219,persistent_shift,none,zero_residual_frequency,0.008442977719865796,0.008426377217054526,1.6600502811270346e-05,212.16649690834353,212.09958200860896,0.0669148997345701,0.0004722192646761103,0.0004706602454023212,-1.5590192737890973e-06,0.2698757010720586,0.26953526051499876,0.0003404405570598401,-4.3571913738888894e-05,-1.960487410822902e-05,0.0020291268092276164,2.0289913121400258e-05,4,4,0,0,True,freq_hrl_no_promotion_v5,v5_u1_l3_h005_p01_tracking,2026,2026,tuning_validation_mechanism_diagnostic,full_method_nested_hpo_v3,0c65097c9b86b900c22caf62144fb801532978cb,8aa8fb9172c7d3f5e4ef34220431f3e8643209fd68a11296dfaed658d8fae25d
68227,persistent_shift,none,zero_residual_frequency,0.0074563696796265955,0.0074489581715873054,7.411508039290027e-06,205.83189353604192,205.77890951134634,0.05298402469557573,0.00018431849435363024,0.00018333482412091762,-9.83670232712619e-07,0.2318074681794282,0.2318136446283924,-6.17644896419578e-06,-4.929655233918709e-05,-2.2200388259212443e-05,0.002086818316375785,2.0866587976724844e-05,4,4,0,0,True,freq_hrl_no_promotion_v5,v5_u1_l3_h005_p01_tracking,2026,2026,tuning_validation_mechanism_diagnostic,full_method_nested_hpo_v3,0c65097c9b86b900c22caf62144fb801532978cb,8aa8fb9172c7d3f5e4ef34220431f3e8643209fd68a11296dfaed658d8fae25d
68207,persistent_shift,none,zero_residual_frequency,0.003608497748714079,0.0036422619911091747,-3.376424239509568e-05,221.07543897673324,221.33143274129853,-0.25599376456528944,0.00012950412124124178,0.0001311682372298062,1.6641159885644186e-06,0.12129957288206311,0.122037880417531,-0.0007383075354678859,2.7977029460880214e-05,1.4578206541579953e-05,0.0022874459308594745,2.2873921156580432e-05,4,4,0,0,True,freq_hrl_no_promotion_v5,v5_u1_l3_h005_p01_tracking,2039,2039,tuning_validation_mechanism_diagnostic,full_method_nested_hpo_v3,0c65097c9b86b900c22caf62144fb801532978cb,8aa8fb9172c7d3f5e4ef34220431f3e8643209fd68a11296dfaed658d8fae25d
68209,persistent_shift,none,zero_residual_frequency,0.003468300288822057,0.0034434632939448484,2.4836994877208696e-05,188.38669873813063,188.6736705984002,-0.2869718602695741,0.0003718823491657419,0.00036384100863617874,-8.041340529563179e-06,0.15762929854749566,0.1565477613890176,0.0010815371584780575,2.8098375169979997e-05,5.473302927648572e-06,0.0036810934355192633,3.680945510996333e-05,4,4,0,0,True,freq_hrl_no_promotion_v5,v5_u1_l3_h005_p01_tracking,2039,2039,tuning_validation_mechanism_diagnostic,full_method_nested_hpo_v3,0c65097c9b86b900c22caf62144fb801532978cb,8aa8fb9172c7d3f5e4ef34220431f3e8643209fd68a11296dfaed658d8fae25d
68213,persistent_shift,none,zero_residual_frequency,0.004275916911571587,0.004240108296946543,3.580861462504359e-05,202.9791360534681,202.77517902983732,0.20395702363077817,0.00022728328860910363,0.0002222895321505325,-4.993756458571141e-06,0.1612835802817025,0.16007374088988954,0.0012098393918129613,1.9646705109600398e-05,4.579430213273722e-06,0.0034577633540468214,3.4576558797969345e-05,4,4,0,0,True,freq_hrl_no_promotion_v5,v5_u1_l3_h005_p01_tracking,2039,2039,tuning_validation_mechanism_diagnostic,full_method_nested_hpo_v3,0c65097c9b86b900c22caf62144fb801532978cb,8aa8fb9172c7d3f5e4ef34220431f3e8643209fd68a11296dfaed658d8fae25d
68219,persistent_shift,none,zero_residual_frequency,0.0032372443696049302,0.0032732797938963554,-3.6035424291425144e-05,207.6132640707571,207.63863292173357,-0.02536885097646291,0.0002043121303377804,0.00020849679255341425,4.18466221563385e-06,0.12668869745607747,0.12809836412176429,-0.001409666665686815,3.0797775399527806e-05,1.3242117424781952e-05,0.0026304022113031855,2.6303356136538525e-05,4,4,0,0,True,freq_hrl_no_promotion_v5,v5_u1_l3_h005_p01_tracking,2039,2039,tuning_validation_mechanism_diagnostic,full_method_nested_hpo_v3,0c65097c9b86b900c22caf62144fb801532978cb,8aa8fb9172c7d3f5e4ef34220431f3e8643209fd68a11296dfaed658d8fae25d
68227,persistent_shift,none,zero_residual_frequency,0.0034041006983658306,0.003475727690675612,-7.16269923097812e-05,196.6206608045412,197.12044131951546,-0.499780514974276,0.000164148869193248,0.00016685150888573475,2.7026396924867413e-06,0.12381303686334488,0.12568633366511553,-0.0018732968017706464,3.071882993303399e-05,1.3725987072254287e-05,0.002898669112528296,2.8985870396081345e-05,4,4,0,0,True,freq_hrl_no_promotion_v5,v5_u1_l3_h005_p01_tracking,2039,2039,tuning_validation_mechanism_diagnostic,full_method_nested_hpo_v3,0c65097c9b86b900c22caf62144fb801532978cb,8aa8fb9172c7d3f5e4ef34220431f3e8643209fd68a11296dfaed658d8fae25d
68207,persistent_shift,none,zero_residual_frequency,0.004143338230009341,0.004240407537755786,-9.706930774644462e-05,205.6732457281887,206.15574185928932,-0.48249613110061773,0.00018466942107708828,0.00019154997559955866,6.8805545224703835e-06,0.14706723956096684,0.1492288650209828,-0.0021616254600159424,-6.213834411436819e-05,-2.497170553037484e-05,0.003708127679823924,3.707978446490022e-05,4,4,0,0,True,freq_hrl_no_promotion_v5,v5_u1_l3_h005_p01_tracking,2053,2053,tuning_validation_mechanism_diagnostic,full_method_nested_hpo_v3,0c65097c9b86b900c22caf62144fb801532978cb,8aa8fb9172c7d3f5e4ef34220431f3e8643209fd68a11296dfaed658d8fae25d
68209,persistent_shift,none,zero_residual_frequency,0.003712944826293807,0.0037838215999437264,-7.08767736499194e-05,202.0633411444058,202.03794665786995,0.025394486535844862,0.00022773010821841577,0.00023579959263952954,8.06948442111377e-06,0.15186564993991042,0.15394662086033561,-0.002080970920425196,-8.37815436178383e-05,-2.1790557207283812e-05,0.004490228739774062,4.489846356265373e-05,4,4,0,0,True,freq_hrl_no_promotion_v5,v5_u1_l3_h005_p01_tracking,2053,2053,tuning_validation_mechanism_diagnostic,full_method_nested_hpo_v3,0c65097c9b86b900c22caf62144fb801532978cb,8aa8fb9172c7d3f5e4ef34220431f3e8643209fd68a11296dfaed658d8fae25d
68213,persistent_shift,none,zero_residual_frequency,0.0045559445603047255,0.004726329020167341,-0.00017038445986261586,186.8865246528907,187.96137209109284,-1.0748474382021413,0.00020817525563177064,0.00022109001955605834,1.2914763924287698e-05,0.1742333473746111,0.17894885388747322,-0.004715506512862122,-0.00010663883908787772,-2.5847104875020796e-05,0.005755544168641791,5.755190603496284e-05,4,4,0,0,True,freq_hrl_no_promotion_v5,v5_u1_l3_h005_p01_tracking,2053,2053,tuning_validation_mechanism_diagnostic,full_method_nested_hpo_v3,0c65097c9b86b900c22caf62144fb801532978cb,8aa8fb9172c7d3f5e4ef34220431f3e8643209fd68a11296dfaed658d8fae25d
68219,persistent_shift,none,zero_residual_frequency,0.0035519815120319542,0.0036437547896308597,-9.177327759890552e-05,171.6070574421071,172.8124235554319,-1.2053661133248,0.00037304411338046073,0.00037874861212050526,5.704498740044528e-06,0.16380978366182103,0.16526813703290344,-0.0014583533710824104,-6.768266797119057e-05,-2.765867500683737e-05,0.003795739676408832,3.79552686507489e-05,4,4,0,0,True,freq_hrl_no_promotion_v5,v5_u1_l3_h005_p01_tracking,2053,2053,tuning_validation_mechanism_diagnostic,full_method_nested_hpo_v3,0c65097c9b86b900c22caf62144fb801532978cb,8aa8fb9172c7d3f5e4ef34220431f3e8643209fd68a11296dfaed658d8fae25d
68227,persistent_shift,none,zero_residual_frequency,0.003313952154212263,0.003349636649495835,-3.5684495283572204e-05,186.27247670017255,186.81560634190853,-0.5431296417359874,0.00021568570913754748,0.0002167187769451795,1.0330678076320154e-06,0.13824792267745378,0.1388721047735404,-0.0006241820960866118,-5.9932742545471686e-05,-2.4750154717719507e-05,0.0038169801632951324,3.8168079333427825e-05,4,4,0,0,True,freq_hrl_no_promotion_v5,v5_u1_l3_h005_p01_tracking,2053,2053,tuning_validation_mechanism_diagnostic,full_method_nested_hpo_v3,0c65097c9b86b900c22caf62144fb801532978cb,8aa8fb9172c7d3f5e4ef34220431f3e8643209fd68a11296dfaed658d8fae25d
68207,ood_period,none,zero_residual_frequency,0.005910948448481612,0.00593075264078724,-1.980419230562802e-05,175.69760758937684,175.73712904116567,-0.039521451788829154,0.0001431394346997905,0.00014451047875385648,1.3710440540659619e-06,0.17692825064685025,0.17747154100029783,-0.0005432903534475786,-8.891931080354889e-07,4.867895031538352e-06,0.0031808798409151172,3.180826722773653e-05,4,4,0,0,True,freq_hrl_no_promotion_v5,v5_u1_l3_h005_p01_tracking,2026,7071,tuning_validation_mechanism_diagnostic,full_method_nested_hpo_v3,0c65097c9b86b900c22caf62144fb801532978cb,8aa8fb9172c7d3f5e4ef34220431f3e8643209fd68a11296dfaed658d8fae25d
68209,ood_period,none,zero_residual_frequency,0.004830274325952955,0.004853930521159455,-2.365619520650064e-05,143.8708901565517,143.746944711455,0.12394544509669458,0.0004667521946956077,0.00047128424815623404,4.532053460626351e-06,0.22387912843886806,0.2247261130875136,-0.000846984648645549,-6.255205395246864e-05,2.5679047205053243e-07,0.003456941751210252,3.4568501698197944e-05,4,4,0,0,True,freq_hrl_no_promotion_v5,v5_u1_l3_h005_p01_tracking,2026,7071,tuning_validation_mechanism_diagnostic,full_method_nested_hpo_v3,0c65097c9b86b900c22caf62144fb801532978cb,8aa8fb9172c7d3f5e4ef34220431f3e8643209fd68a11296dfaed658d8fae25d
68213,ood_period,none,zero_residual_frequency,0.0069897639033891235,0.006993370920136854,-3.6070167477308956e-06,167.4789932017699,167.35248129672556,0.12651190504433885,0.0003286912044845325,0.00033114627783426,2.455073349727499e-06,0.2603998779247202,0.2607732674853908,-0.0003733895606706228,-1.648491658026561e-05,6.215133009671396e-06,0.004702076103906923,4.701884899183494e-05,4,4,0,0,True,freq_hrl_no_promotion_v5,v5_u1_l3_h005_p01_tracking,2026,7071,tuning_validation_mechanism_diagnostic,full_method_nested_hpo_v3,0c65097c9b86b900c22caf62144fb801532978cb,8aa8fb9172c7d3f5e4ef34220431f3e8643209fd68a11296dfaed658d8fae25d
68219,ood_period,none,zero_residual_frequency,0.004498200913357175,0.004482383596272621,1.581731708455436e-05,154.483087421462,154.47205148281407,0.01103593864792174,0.00027115950891254403,0.0002687428300873762,-2.4166788251678284e-06,0.18279035137735317,0.18221115851978792,0.0005791928575652472,-1.118462720576034e-05,6.787684515747411e-06,0.002293309795802795,2.293279560984376e-05,4,4,0,0,True,freq_hrl_no_promotion_v5,v5_u1_l3_h005_p01_tracking,2026,7071,tuning_validation_mechanism_diagnostic,full_method_nested_hpo_v3,0c65097c9b86b900c22caf62144fb801532978cb,8aa8fb9172c7d3f5e4ef34220431f3e8643209fd68a11296dfaed658d8fae25d
68227,ood_period,none,zero_residual_frequency,0.004823311325087509,0.004817080826621467,6.230498466042178e-06,145.94704631598688,145.8851905000945,0.06185581589238609,0.00027426971545074785,0.00027522519253264655,9.554770818986924e-07,0.2004144036006733,0.20025027871324988,0.000164124887423428,-1.740561314332257e-05,5.253804221144346e-06,0.0029144832045454273,2.9144209663233905e-05,4,4,0,0,True,freq_hrl_no_promotion_v5,v5_u1_l3_h005_p01_tracking,2026,7071,tuning_validation_mechanism_diagnostic,full_method_nested_hpo_v3,0c65097c9b86b900c22caf62144fb801532978cb,8aa8fb9172c7d3f5e4ef34220431f3e8643209fd68a11296dfaed658d8fae25d
68207,ood_period,none,zero_residual_frequency,0.0007915978796966261,0.0007773136541597836,1.4284225536842499e-05,43.49773864519561,42.651167161097355,0.8465714840982557,0.0004392350346078544,0.0004496718713264958,1.0436836718641374e-05,0.21406126031489414,0.21520292259857565,-0.0011416622836815105,-1.6232122231582494e-07,3.684964452659481e-06,0.0020124556291395697,2.0124437990100987e-05,4,4,0,0,True,freq_hrl_no_promotion_v5,v5_u1_l3_h005_p01_tracking,2039,7084,tuning_validation_mechanism_diagnostic,full_method_nested_hpo_v3,0c65097c9b86b900c22caf62144fb801532978cb,8aa8fb9172c7d3f5e4ef34220431f3e8643209fd68a11296dfaed658d8fae25d
68209,ood_period,none,zero_residual_frequency,0.00046320891141182763,0.0004594982013546023,3.7107100572253415e-06,25.590425279802243,25.365264245570533,0.22516103423171074,0.0009543183190380278,0.0009584772830220079,4.15896398398008e-06,0.21781329144403117,0.21774762661737834,6.566482665282258e-05,-5.41374441087325e-06,-1.0443472975296855e-07,0.0026054026312421126,2.6053604847741946e-05,4,4,0,0,True,freq_hrl_no_promotion_v5,v5_u1_l3_h005_p01_tracking,2039,7084,tuning_validation_mechanism_diagnostic,full_method_nested_hpo_v3,0c65097c9b86b900c22caf62144fb801532978cb,8aa8fb9172c7d3f5e4ef34220431f3e8643209fd68a11296dfaed658d8fae25d
68213,ood_period,none,zero_residual_frequency,0.0003253008790720102,0.000300621189152972,2.467968991903824e-05,16.126176694294607,14.85074774025418,1.2754289540404269,0.0009135476538625342,0.0009277796713311748,1.4232017468640557e-05,0.2663682625341948,0.2681688674151952,-0.0018006048810003672,-5.2757814866067e-06,1.2472491822941515e-06,0.0036090311452022026,3.60897862566194e-05,4,4,0,0,True,freq_hrl_no_promotion_v5,v5_u1_l3_h005_p01_tracking,2039,7084,tuning_validation_mechanism_diagnostic,full_method_nested_hpo_v3,0c65097c9b86b900c22caf62144fb801532978cb,8aa8fb9172c7d3f5e4ef34220431f3e8643209fd68a11296dfaed658d8fae25d
68219,ood_period,none,zero_residual_frequency,0.00017963545352861487,0.00019162517020565595,-1.1989716677041073e-05,14.792934224179588,15.808596877565275,-1.0156626533856876,0.0005627123622883312,0.000555590007446094,-7.122354842237222e-06,0.1806898871814749,0.1797056445181876,0.0009842426632873102,-1.1158028303080497e-06,2.4344596641583545e-06,0.0018462883386140068,1.84627968262597e-05,4,4,0,0,True,freq_hrl_no_promotion_v5,v5_u1_l3_h005_p01_tracking,2039,7084,tuning_validation_mechanism_diagnostic,full_method_nested_hpo_v3,0c65097c9b86b900c22caf62144fb801532978cb,8aa8fb9172c7d3f5e4ef34220431f3e8643209fd68a11296dfaed658d8fae25d
68227,ood_period,none,zero_residual_frequency,0.00026928967665340586,0.0002706091721271786,-1.3194954737727471e-06,19.99955590710762,20.07435292066811,-0.07479701356049162,0.0006256241152108322,0.0006261780116187943,5.538964079621067e-07,0.19704280978450356,0.19736082397948634,-0.00031801419498278527,2.5875180376072476e-06,1.3427928081710785e-06,0.002349552125815535,2.349535302684795e-05,4,4,0,0,True,freq_hrl_no_promotion_v5,v5_u1_l3_h005_p01_tracking,2039,7084,tuning_validation_mechanism_diagnostic,full_method_nested_hpo_v3,0c65097c9b86b900c22caf62144fb801532978cb,8aa8fb9172c7d3f5e4ef34220431f3e8643209fd68a11296dfaed658d8fae25d
68207,ood_period,none,zero_residual_frequency,0.006713463532697972,0.006697021870726072,1.644166197189989e-05,144.10009283123082,144.09977701059927,0.0003158206315561074,0.00021587040957593562,0.00021531315963230213,-5.572499436334866e-07,0.2820932219762443,0.2815777976357202,0.0005154243405240955,7.949334586398248e-05,6.0663880847469846e-05,0.0020899037030580477,2.089854600163307e-05,4,4,0,0,True,freq_hrl_no_promotion_v5,v5_u1_l3_h005_p01_tracking,2053,7098,tuning_validation_mechanism_diagnostic,full_method_nested_hpo_v3,0c65097c9b86b900c22caf62144fb801532978cb,8aa8fb9172c7d3f5e4ef34220431f3e8643209fd68a11296dfaed658d8fae25d
68209,ood_period,none,zero_residual_frequency,0.004511786626127279,0.0045050600690392795,6.726557087999296e-06,124.74277589995006,124.66433852027966,0.07843737967040454,0.0005003851583790242,0.0005004721303775161,8.697199849194703e-08,0.2616699669934689,0.26129693566793233,0.0003730313255365658,0.00010505345179091662,5.159362844125996e-05,0.00301410101383226,3.013927858959075e-05,4,4,0,0,True,freq_hrl_no_promotion_v5,v5_u1_l3_h005_p01_tracking,2053,7098,tuning_validation_mechanism_diagnostic,full_method_nested_hpo_v3,0c65097c9b86b900c22caf62144fb801532978cb,8aa8fb9172c7d3f5e4ef34220431f3e8643209fd68a11296dfaed658d8fae25d
68213,ood_period,none,zero_residual_frequency,0.008241703526476352,0.008261279956893519,-1.95764304171675e-05,163.49133352905594,163.7010517667721,-0.20971823771617437,0.00038918457204906165,0.00038923672057433745,5.214852527579694e-08,0.31928147093046605,0.31911467402911015,0.00016679690135590342,0.00011296698027628334,5.426582246478997e-05,0.0037668098448597853,3.766632595726589e-05,4,4,0,0,True,freq_hrl_no_promotion_v5,v5_u1_l3_h005_p01_tracking,2053,7098,tuning_validation_mechanism_diagnostic,full_method_nested_hpo_v3,0c65097c9b86b900c22caf62144fb801532978cb,8aa8fb9172c7d3f5e4ef34220431f3e8643209fd68a11296dfaed658d8fae25d
68219,ood_period,none,zero_residual_frequency,0.005279340002046329,0.005332968987901809,-5.362898585548059e-05,139.6035274971526,139.6641459701407,-0.06061847298809653,0.00036895377228418624,0.00037682608243494453,7.872310150758288e-06,0.2584580443941627,0.26042540211263776,-0.00196735771847506,0.00010098967342975798,6.054868039951115e-05,0.002550691725870517,2.5505738794013387e-05,4,4,0,0,True,freq_hrl_no_promotion_v5,v5_u1_l3_h005_p01_tracking,2053,7098,tuning_validation_mechanism_diagnostic,full_method_nested_hpo_v3,0c65097c9b86b900c22caf62144fb801532978cb,8aa8fb9172c7d3f5e4ef34220431f3e8643209fd68a11296dfaed658d8fae25d
68227,ood_period,none,zero_residual_frequency,0.005442786153304624,0.005473478490493067,-3.0692337188442664e-05,127.58408367981218,127.63937791419542,-0.05529423438323988,0.0003043598651532031,0.00030736599012382015,3.00612497061703e-06,0.27302323186004906,0.27402234863727704,-0.0009991167772279708,0.00010777715734799464,6.074280765860774e-05,0.0028426509814986883,2.8425029066099865e-05,4,4,0,0,True,freq_hrl_no_promotion_v5,v5_u1_l3_h005_p01_tracking,2053,7098,tuning_validation_mechanism_diagnostic,full_method_nested_hpo_v3,0c65097c9b86b900c22caf62144fb801532978cb,8aa8fb9172c7d3f5e4ef34220431f3e8643209fd68a11296dfaed658d8fae25d
68207,stationary_low_noise,none,zero_residual_frequency,0.0018892983805018915,0.0018804554974178878,8.842883084003716e-06,108.29970795315813,108.2910247059988,0.008683247159339658,0.0005032907221357297,0.0004986522309723407,-4.638491163388991e-06,0.40233489673366485,0.40075781264288063,0.0015770840907842198,0.00018078284900654182,8.460211324572684e-05,0.005030650756331549,7.540695640087042e-05,4,4,0,0,True,freq_hrl_no_promotion_v5,v5_u3_l1_h3_p01_tactical,2026,4044,tuning_validation_mechanism_diagnostic,full_method_nested_hpo_v3,0c65097c9b86b900c22caf62144fb801532978cb,8aa8fb9172c7d3f5e4ef34220431f3e8643209fd68a11296dfaed658d8fae25d
68209,stationary_low_noise,none,zero_residual_frequency,0.0014312844236692435,0.0014089289824985585,2.2355441170684998e-05,82.32537242816711,81.70439998705875,0.6209724411083641,0.00039137570536651456,0.0003852837780039531,-6.091927362561478e-06,0.3983531383086215,0.39615401724268395,0.0021991210659375593,0.0002809384904704053,0.00020312713562579092,0.007488974999594372,0.00011225724673760269,4,4,0,0,True,freq_hrl_no_promotion_v5,v5_u3_l1_h3_p01_tactical,2026,4044,tuning_validation_mechanism_diagnostic,full_method_nested_hpo_v3,0c65097c9b86b900c22caf62144fb801532978cb,8aa8fb9172c7d3f5e4ef34220431f3e8643209fd68a11296dfaed658d8fae25d
68213,stationary_low_noise,none,zero_residual_frequency,0.0027135725821421097,0.0026948246392344277,1.8747942907682003e-05,139.48575930166336,139.93982875400707,-0.45406945234370255,0.00040864556248843,0.0003971109426833541,-1.1534619805075863e-05,0.4519881654183678,0.446922355266561,0.005065810151806793,0.00033280235282568625,0.00019793454033804908,0.007993700146148006,0.0001198250533064787,4,4,0,0,True,freq_hrl_no_promotion_v5,v5_u3_l1_h3_p01_tactical,2026,4044,tuning_validation_mechanism_diagnostic,full_method_nested_hpo_v3,0c65097c9b86b900c22caf62144fb801532978cb,8aa8fb9172c7d3f5e4ef34220431f3e8643209fd68a11296dfaed658d8fae25d
68219,stationary_low_noise,none,zero_residual_frequency,0.001549577640154176,0.001526990386415461,2.2587253738715063e-05,98.66721971338842,98.10511759654888,0.5621021168395401,0.0003678437415808311,0.00036261128017989197,-5.232461400939137e-06,0.4115990313239437,0.40919662451071925,0.002402406813224456,0.00016496279816153952,0.00011776806389665033,0.005826578405524035,8.732896708840122e-05,4,4,0,0,True,freq_hrl_no_promotion_v5,v5_u3_l1_h3_p01_tactical,2026,4044,tuning_validation_mechanism_diagnostic,full_method_nested_hpo_v3,0c65097c9b86b900c22caf62144fb801532978cb,8aa8fb9172c7d3f5e4ef34220431f3e8643209fd68a11296dfaed658d8fae25d
68227,stationary_low_noise,none,zero_residual_frequency,0.0019761752998876947,0.0019503627880339547,2.5812511853740006e-05,104.32705225290383,103.45517060631539,0.8718816465884345,0.0004270798009414767,0.0004233641278340583,-3.7156731074183824e-06,0.42870417064115246,0.4279447448864476,0.0007594257547048344,7.592381499199143e-05,5.845185521431427e-05,0.006105774984219655,9.152245091036004e-05,4,4,0,0,True,freq_hrl_no_promotion_v5,v5_u3_l1_h3_p01_tactical,2026,4044,tuning_validation_mechanism_diagnostic,full_method_nested_hpo_v3,0c65097c9b86b900c22caf62144fb801532978cb,8aa8fb9172c7d3f5e4ef34220431f3e8643209fd68a11296dfaed658d8fae25d
68207,stationary_low_noise,none,zero_residual_frequency,0.0012468709927602184,0.0012418223654364624,5.048627323755994e-06,52.65364591875357,52.020454812989804,0.633191105763764,0.0005668912262410952,0.0005756458581994695,8.754631958374226e-06,0.6383786406154921,0.6432985713689634,-0.004919930753471302,-0.0003202432754603067,-0.00028134088009049347,0.006472511977578203,9.697227055274523e-05,4,4,0,0,True,freq_hrl_no_promotion_v5,v5_u3_l1_h3_p01_tactical,2039,4057,tuning_validation_mechanism_diagnostic,full_method_nested_hpo_v3,0c65097c9b86b900c22caf62144fb801532978cb,8aa8fb9172c7d3f5e4ef34220431f3e8643209fd68a11296dfaed658d8fae25d
68209,stationary_low_noise,none,zero_residual_frequency,0.00015534087765245452,0.00015073818050836962,4.6026971440849e-06,7.053491907888843,6.759756735831292,0.2937351720575512,0.0007028177955992199,0.0007108886049764784,8.07080937725857e-06,0.6391227549913356,0.6463288208575636,-0.007206065866227962,-0.0002589857377351887,-0.00024077611134259297,0.011389648019879435,0.00017063418875905054,4,4,0,0,True,freq_hrl_no_promotion_v5,v5_u3_l1_h3_p01_tactical,2039,4057,tuning_validation_mechanism_diagnostic,full_method_nested_hpo_v3,0c65097c9b86b900c22caf62144fb801532978cb,8aa8fb9172c7d3f5e4ef34220431f3e8643209fd68a11296dfaed658d8fae25d
68213,stationary_low_noise,none,zero_residual_frequency,0.002682355430304595,0.0026678732497522617,1.448218055233319e-05,103.72960833536621,101.91414345164806,1.8154648837181497,0.0006218813200189466,0.0006472913689818949,2.5410048962948295e-05,0.8043055215853776,0.8181532415319669,-0.013847719946589288,-0.00026017249305468354,-0.00023979314067376452,0.009906413756673123,0.00014840393283134168,4,4,0,0,True,freq_hrl_no_promotion_v5,v5_u3_l1_h3_p01_tactical,2039,4057,tuning_validation_mechanism_diagnostic,full_method_nested_hpo_v3,0c65097c9b86b900c22caf62144fb801532978cb,8aa8fb9172c7d3f5e4ef34220431f3e8643209fd68a11296dfaed658d8fae25d
68219,stationary_low_noise,none,zero_residual_frequency,0.0014321216789074942,0.001423752009471313,8.369669436181226e-06,63.83221229257826,62.81044010628891,1.021772186289354,0.00047520440993331636,0.0004892697827526549,1.4065372819338506e-05,0.6768173380681871,0.6840238667689584,-0.00720652870077132,-0.0002434348456408527,-0.00023561472323296585,0.00815362747622809,0.00012215424853361255,4,4,0,0,True,freq_hrl_no_promotion_v5,v5_u3_l1_h3_p01_tactical,2039,4057,tuning_validation_mechanism_diagnostic,full_method_nested_hpo_v3,0c65097c9b86b900c22caf62144fb801532978cb,8aa8fb9172c7d3f5e4ef34220431f3e8643209fd68a11296dfaed658d8fae25d
68227,stationary_low_noise,none,zero_residual_frequency,0.00163078767861502,0.0016312587735229922,-4.7109490797225817e-07,67.98925388142547,67.55108742735145,0.43816645407402177,0.00048564294544672926,0.0004897030278254721,4.060082378742891e-06,0.6625562603011529,0.6670381703417988,-0.004481910040645909,-0.0002960900042840852,-0.0002685646976030425,0.008152044841942067,0.00012213650795493672,4,4,0,0,True,freq_hrl_no_promotion_v5,v5_u3_l1_h3_p01_tactical,2039,4057,tuning_validation_mechanism_diagnostic,full_method_nested_hpo_v3,0c65097c9b86b900c22caf62144fb801532978cb,8aa8fb9172c7d3f5e4ef34220431f3e8643209fd68a11296dfaed658d8fae25d
68207,stationary_low_noise,none,zero_residual_frequency,0.0032921324135668506,0.003315479254952569,-2.334684138571852e-05,91.82553459519647,91.92300215242612,-0.09746755722964906,0.0009385597090573183,0.0009465626248873482,8.002915830029877e-06,0.8699655054881892,0.8736388654899387,-0.0036733600017495593,5.818003106790543e-05,4.541201070921859e-05,0.0046784175107152095,7.014996074267508e-05,4,4,0,0,True,freq_hrl_no_promotion_v5,v5_u3_l1_h3_p01_tactical,2053,4071,tuning_validation_mechanism_diagnostic,full_method_nested_hpo_v3,0c65097c9b86b900c22caf62144fb801532978cb,8aa8fb9172c7d3f5e4ef34220431f3e8643209fd68a11296dfaed658d8fae25d
68209,stationary_low_noise,none,zero_residual_frequency,0.002309264855112625,0.0023601488368936163,-5.0883981780991405e-05,60.22874701913045,60.69463318922118,-0.46588617009072664,0.0009898338238952809,0.001009010312466474,1.917648857119314e-05,0.935876303607377,0.9464446601912007,-0.010568356583823713,4.947459653499628e-05,5.6653941135781105e-05,0.007456217674512624,0.00011180015233780659,4,4,0,0,True,freq_hrl_no_promotion_v5,v5_u3_l1_h3_p01_tactical,2053,4071,tuning_validation_mechanism_diagnostic,full_method_nested_hpo_v3,0c65097c9b86b900c22caf62144fb801532978cb,8aa8fb9172c7d3f5e4ef34220431f3e8643209fd68a11296dfaed658d8fae25d
68213,stationary_low_noise,none,zero_residual_frequency,0.006103079530463074,0.0061119000724327854,-8.820541969711826e-06,140.59400183566032,140.57079945016113,0.023202385499189404,0.0009279029599840172,0.0009346407867220075,6.737826737990282e-06,1.03700095526624,1.0377133318702265,-0.0007123766039864865,0.00010090009830016528,9.690991642870864e-05,0.0074984079390156295,0.00011242245163473905,4,4,0,0,True,freq_hrl_no_promotion_v5,v5_u3_l1_h3_p01_tactical,2053,4071,tuning_validation_mechanism_diagnostic,full_method_nested_hpo_v3,0c65097c9b86b900c22caf62144fb801532978cb,8aa8fb9172c7d3f5e4ef34220431f3e8643209fd68a11296dfaed658d8fae25d
68219,stationary_low_noise,none,zero_residual_frequency,0.0036059072623957356,0.0036150381762825035,-9.1309138867679e-06,103.1791682199258,103.18983109129447,-0.01066287136866606,0.0007572333916525675,0.0007625952101736333,5.361818521065764e-06,0.9064718510440153,0.9084126567460034,-0.0019408057019880687,5.561050286020335e-05,5.2975103178680904e-05,0.00521693364587716,7.82139010489656e-05,4,4,0,0,True,freq_hrl_no_promotion_v5,v5_u3_l1_h3_p01_tactical,2053,4071,tuning_validation_mechanism_diagnostic,full_method_nested_hpo_v3,0c65097c9b86b900c22caf62144fb801532978cb,8aa8fb9172c7d3f5e4ef34220431f3e8643209fd68a11296dfaed658d8fae25d
68227,stationary_low_noise,none,zero_residual_frequency,0.003931296088702574,0.0039523437071073975,-2.104761840482361e-05,103.37213465061801,103.47052590310363,-0.09839125248562652,0.0008279118020995124,0.0008325998084414143,4.688006341901918e-06,0.8946633144778164,0.8992682990042431,-0.004604984526426659,2.4197713221803952e-05,4.215600018415821e-05,0.005799070579491349,8.694374142278834e-05,4,4,0,0,True,freq_hrl_no_promotion_v5,v5_u3_l1_h3_p01_tactical,2053,4071,tuning_validation_mechanism_diagnostic,full_method_nested_hpo_v3,0c65097c9b86b900c22caf62144fb801532978cb,8aa8fb9172c7d3f5e4ef34220431f3e8643209fd68a11296dfaed658d8fae25d
68207,persistent_shift,none,zero_residual_frequency,0.035314396138738324,0.03512293487220952,0.0001914612665288029,235.31239148022024,234.93303102977634,0.37936045044389743,0.0009182419398269248,0.0009076305304974719,-1.0611409329452925e-05,0.9126463560873016,0.9107204354591936,0.0019259206281080354,-0.0004516885118427331,-0.00021428234821934276,0.012456302953392475,0.00018675318302066804,4,4,0,0,True,freq_hrl_no_promotion_v5,v5_u3_l1_h3_p01_tactical,2026,2026,tuning_validation_mechanism_diagnostic,full_method_nested_hpo_v3,0c65097c9b86b900c22caf62144fb801532978cb,8aa8fb9172c7d3f5e4ef34220431f3e8643209fd68a11296dfaed658d8fae25d
68209,persistent_shift,none,zero_residual_frequency,0.03342637876958099,0.033488473381217965,-6.209461163697583e-05,206.98190107979252,206.98178863756263,0.00011244222989148511,0.0018321810435298902,0.0018358942808589518,3.7132373290615917e-06,1.0521495899990532,1.0529472112684677,-0.0007976212694145168,-0.0005610827134618977,-0.0002442939262299005,0.023954108582175747,0.00035904219590043754,4,4,0,0,True,freq_hrl_no_promotion_v5,v5_u3_l1_h3_p01_tactical,2026,2026,tuning_validation_mechanism_diagnostic,full_method_nested_hpo_v3,0c65097c9b86b900c22caf62144fb801532978cb,8aa8fb9172c7d3f5e4ef34220431f3e8643209fd68a11296dfaed658d8fae25d
68213,persistent_shift,none,zero_residual_frequency,0.04112631055431737,0.0410961896012767,3.0120953040668752e-05,224.46535912693153,224.30436857103115,0.16099055590038347,0.0014058777392088606,0.001403858132409841,-2.019606799019691e-06,1.08263110742293,1.0812799914597644,0.0013511159631656167,-0.00042482027738075076,-0.00017628032217399745,0.01883716571287045,0.00028239166518549935,4,4,0,0,True,freq_hrl_no_promotion_v5,v5_u3_l1_h3_p01_tactical,2026,2026,tuning_validation_mechanism_diagnostic,full_method_nested_hpo_v3,0c65097c9b86b900c22caf62144fb801532978cb,8aa8fb9172c7d3f5e4ef34220431f3e8643209fd68a11296dfaed658d8fae25d
68219,persistent_shift,none,zero_residual_frequency,0.030617695252908028,0.030500802330676757,0.0001168929222312709,211.12042889924794,210.83776830937285,0.2826605898750927,0.0018221763743456743,0.0018091793031529413,-1.2997071192732967e-05,0.9685276473000913,0.968960303996816,-0.0004326566967246537,-0.0005076365067185779,-0.00022074879782360622,0.014704030260003897,0.00022044995743686355,4,4,0,0,True,freq_hrl_no_promotion_v5,v5_u3_l1_h3_p01_tactical,2026,2026,tuning_validation_mechanism_diagnostic,full_method_nested_hpo_v3,0c65097c9b86b900c22caf62144fb801532978cb,8aa8fb9172c7d3f5e4ef34220431f3e8643209fd68a11296dfaed658d8fae25d
68227,persistent_shift,none,zero_residual_frequency,0.027161112296966383,0.027501936037402475,-0.0003408237404360914,206.8663422454191,206.70000982691553,0.16633241850357194,0.0007596330564347831,0.0007789023055060351,1.9269249071252048e-05,0.8291721023207865,0.8389613095127432,-0.00978920719195664,-0.0005622050653856834,-0.00021492171997546095,0.01705050967478504,0.00025559312937838147,4,4,0,0,True,freq_hrl_no_promotion_v5,v5_u3_l1_h3_p01_tactical,2026,2026,tuning_validation_mechanism_diagnostic,full_method_nested_hpo_v3,0c65097c9b86b900c22caf62144fb801532978cb,8aa8fb9172c7d3f5e4ef34220431f3e8643209fd68a11296dfaed658d8fae25d
68207,persistent_shift,none,zero_residual_frequency,0.014007012904561966,0.014275733853062134,-0.00026872094850016737,224.59906859505944,225.6268656328193,-1.0277970377598535,0.00042656059086265685,0.00044173591149010427,1.517532062744742e-05,0.4209633380459342,0.4257763807793294,-0.0048130427333951675,0.000232385922168739,8.446568335057811e-05,0.013568862163083395,0.00020336010945704567,4,4,0,0,True,freq_hrl_no_promotion_v5,v5_u3_l1_h3_p01_tactical,2039,2039,tuning_validation_mechanism_diagnostic,full_method_nested_hpo_v3,0c65097c9b86b900c22caf62144fb801532978cb,8aa8fb9172c7d3f5e4ef34220431f3e8643209fd68a11296dfaed658d8fae25d
68209,persistent_shift,none,zero_residual_frequency,0.012254754177656757,0.012500988099732435,-0.0002462339220756782,193.53338208449262,194.88350867014523,-1.3501265856526175,0.0010877234727176832,0.0010826605742285667,-5.062898489116563e-06,0.5202817455046971,0.5235007301892765,-0.0032189846845793735,0.00036657950632037366,2.7973463019069732e-05,0.023901078975500745,0.0003579380417123795,4,4,0,0,True,freq_hrl_no_promotion_v5,v5_u3_l1_h3_p01_tactical,2039,2039,tuning_validation_mechanism_diagnostic,full_method_nested_hpo_v3,0c65097c9b86b900c22caf62144fb801532978cb,8aa8fb9172c7d3f5e4ef34220431f3e8643209fd68a11296dfaed658d8fae25d
68213,persistent_shift,none,zero_residual_frequency,0.015794869113007426,0.015741740859137154,5.3128253870271536e-05,205.7086963621046,206.40784742386515,-0.6991510617605456,0.0007029466005396001,0.000675344124743682,-2.7602475795918124e-05,0.5566735444000497,0.5544647100184765,0.002208834381573155,0.0002047039424572677,-3.1189431425717632e-06,0.02218949004858991,0.00033242658203765443,4,4,0,0,True,freq_hrl_no_promotion_v5,v5_u3_l1_h3_p01_tactical,2039,2039,tuning_validation_mechanism_diagnostic,full_method_nested_hpo_v3,0c65097c9b86b900c22caf62144fb801532978cb,8aa8fb9172c7d3f5e4ef34220431f3e8643209fd68a11296dfaed658d8fae25d
68219,persistent_shift,none,zero_residual_frequency,0.012765671463891293,0.012941381063749313,-0.00017570959985802048,206.54110583930665,207.14146219818917,-0.6003563588825216,0.0007903710600588587,0.0007937540646271168,3.38300456825813e-06,0.4562004377924096,0.4597834538249315,-0.003583016032521924,0.00019992462292748925,3.3757586386206975e-05,0.015084751748347317,0.0002260581853281352,4,4,0,0,True,freq_hrl_no_promotion_v5,v5_u3_l1_h3_p01_tactical,2039,2039,tuning_validation_mechanism_diagnostic,full_method_nested_hpo_v3,0c65097c9b86b900c22caf62144fb801532978cb,8aa8fb9172c7d3f5e4ef34220431f3e8643209fd68a11296dfaed658d8fae25d
68227,persistent_shift,none,zero_residual_frequency,0.01217751557231539,0.012351669557981504,-0.0001741539856661145,195.34847935220085,196.29273102793994,-0.944251675739082,0.0006269555866098564,0.0006118428180545976,-1.5112768555258782e-05,0.4391505028052124,0.4412575518356334,-0.0021070490304210265,0.00027626659733464166,7.856329209559839e-05,0.014599329257503593,0.00021875509865554074,4,4,0,0,True,freq_hrl_no_promotion_v5,v5_u3_l1_h3_p01_tactical,2039,2039,tuning_validation_mechanism_diagnostic,full_method_nested_hpo_v3,0c65097c9b86b900c22caf62144fb801532978cb,8aa8fb9172c7d3f5e4ef34220431f3e8643209fd68a11296dfaed658d8fae25d
68207,persistent_shift,none,zero_residual_frequency,0.013378275869077472,0.013936147176213609,-0.0005578713071361374,218.8035308000887,219.31673956685702,-0.5132087667683152,0.00036704976303458814,0.0004216706355399946,5.462087250540648e-05,0.4290992778453383,0.44188619753552305,-0.01278691969018475,-0.0004934396748952622,-0.00028065724695387284,0.017018066460473668,0.000254913999516171,4,4,0,0,True,freq_hrl_no_promotion_v5,v5_u3_l1_h3_p01_tactical,2053,2053,tuning_validation_mechanism_diagnostic,full_method_nested_hpo_v3,0c65097c9b86b900c22caf62144fb801532978cb,8aa8fb9172c7d3f5e4ef34220431f3e8643209fd68a11296dfaed658d8fae25d
68209,persistent_shift,none,zero_residual_frequency,0.012769986756302698,0.012843973903593708,-7.39871472910103e-05,209.76241799745358,209.542745627367,0.21967237008658458,0.00045018059609358563,0.0004650399139409789,1.485931784739325e-05,0.4873587648483877,0.49175345156903916,-0.004394686720651464,-0.0005555343947529878,-0.0002551866756674181,0.01860874546821126,0.00027841537955465383,4,4,0,0,True,freq_hrl_no_promotion_v5,v5_u3_l1_h3_p01_tactical,2053,2053,tuning_validation_mechanism_diagnostic,full_method_nested_hpo_v3,0c65097c9b86b900c22caf62144fb801532978cb,8aa8fb9172c7d3f5e4ef34220431f3e8643209fd68a11296dfaed658d8fae25d
68213,persistent_shift,none,zero_residual_frequency,0.016157489770783018,0.01699937785602934,-0.0008418880852463229,199.5166528951669,200.63030785739502,-1.113654962228111,0.0004835731900079132,0.0005622126523088244,7.863946230091123e-05,0.5688840545595539,0.5889993529224664,-0.02011529836291248,-0.0009067432269778574,-0.000334428832868576,0.025187580189796995,0.00037707621322025244,4,4,0,0,True,freq_hrl_no_promotion_v5,v5_u3_l1_h3_p01_tactical,2053,2053,tuning_validation_mechanism_diagnostic,full_method_nested_hpo_v3,0c65097c9b86b900c22caf62144fb801532978cb,8aa8fb9172c7d3f5e4ef34220431f3e8643209fd68a11296dfaed658d8fae25d
68219,persistent_shift,none,zero_residual_frequency,0.011600242213801959,0.012362782255560756,-0.0007625400417587969,183.8525994773359,185.75922566645417,-1.9066261891182705,0.0006691304275404653,0.0007650911163712415,9.596068883077624e-05,0.4989758711461961,0.515051947352043,-0.016076076205846834,-0.0004916339907926043,-0.00031962875240324384,0.017722418529835218,0.0002653419875284895,4,4,0,0,True,freq_hrl_no_promotion_v5,v5_u3_l1_h3_p01_tactical,2053,2053,tuning_validation_mechanism_diagnostic,full_method_nested_hpo_v3,0c65097c9b86b900c22caf62144fb801532978cb,8aa8fb9172c7d3f5e4ef34220431f3e8643209fd68a11296dfaed658d8fae25d
68227,persistent_shift,none,zero_residual_frequency,0.011526248911762682,0.01143908452775877,8.716438400391269e-05,194.77072792577493,195.06448171556696,-0.2937537897920208,0.0004389439572379805,0.00042559576485479145,-1.3348192383189073e-05,0.4401211068733155,0.4374998163725307,0.002621290500784801,-0.0004182580150576205,-0.0002678921928078681,0.0166272374355079,0.00024902447219284963,4,4,0,0,True,freq_hrl_no_promotion_v5,v5_u3_l1_h3_p01_tactical,2053,2053,tuning_validation_mechanism_diagnostic,full_method_nested_hpo_v3,0c65097c9b86b900c22caf62144fb801532978cb,8aa8fb9172c7d3f5e4ef34220431f3e8643209fd68a11296dfaed658d8fae25d
68207,ood_period,none,zero_residual_frequency,0.021081794829847178,0.021110229763368293,-2.843493352111537e-05,176.31281864698352,176.36369830182696,-0.05087965484344181,0.00048379505131079803,0.0004857331338696813,1.9380825588832806e-06,0.6085886365361128,0.6095144303400937,-0.0009257938039808344,-7.4042036121780685e-06,-3.0377074000602813e-05,0.009895570920586275,0.0001484200890733438,4,4,0,0,True,freq_hrl_no_promotion_v5,v5_u3_l1_h3_p01_tactical,2026,7071,tuning_validation_mechanism_diagnostic,full_method_nested_hpo_v3,0c65097c9b86b900c22caf62144fb801532978cb,8aa8fb9172c7d3f5e4ef34220431f3e8643209fd68a11296dfaed658d8fae25d
68209,ood_period,none,zero_residual_frequency,0.017227426689709446,0.01737558961842023,-0.00014816292871078218,142.04097520715095,141.91009331043395,0.1308818967169998,0.001436689457642304,0.001479442496329475,4.275303868717106e-05,0.7475964419269863,0.7503839434259372,-0.002787501498950906,-5.351569482418007e-05,-5.490535170784998e-05,0.009781478109006354,0.00014670100881190805,4,4,0,0,True,freq_hrl_no_promotion_v5,v5_u3_l1_h3_p01_tactical,2026,7071,tuning_validation_mechanism_diagnostic,full_method_nested_hpo_v3,0c65097c9b86b900c22caf62144fb801532978cb,8aa8fb9172c7d3f5e4ef34220431f3e8643209fd68a11296dfaed658d8fae25d
68213,ood_period,none,zero_residual_frequency,0.02780083757547369,0.02790206192636213,-0.00010122435088844028,169.20776231071272,169.11058586843873,0.09717644227399092,0.0013745361068031592,0.0013940398451882663,1.9503738385107106e-05,0.967819749157693,0.9721548521408854,-0.004335102983192396,-5.774217315853283e-05,-7.309633888649344e-05,0.012658530648332089,0.0001898375753689409,4,4,0,0,True,freq_hrl_no_promotion_v5,v5_u3_l1_h3_p01_tactical,2026,7071,tuning_validation_mechanism_diagnostic,full_method_nested_hpo_v3,0c65097c9b86b900c22caf62144fb801532978cb,8aa8fb9172c7d3f5e4ef34220431f3e8643209fd68a11296dfaed658d8fae25d
68219,ood_period,none,zero_residual_frequency,0.017247564213491273,0.017243977311816483,3.586901674790255e-06,155.6295075945143,155.71851542129315,-0.08900782677883967,0.0009719564445110906,0.000963853788865654,-8.102655645436663e-06,0.6634916225628544,0.6621087288285445,0.0013828937343098868,-2.9484881593174612e-05,-4.146163971013399e-05,0.006109829045211275,9.164078084798327e-05,4,4,0,0,True,freq_hrl_no_promotion_v5,v5_u3_l1_h3_p01_tactical,2026,7071,tuning_validation_mechanism_diagnostic,full_method_nested_hpo_v3,0c65097c9b86b900c22caf62144fb801532978cb,8aa8fb9172c7d3f5e4ef34220431f3e8643209fd68a11296dfaed658d8fae25d
68227,ood_period,none,zero_residual_frequency,0.01817507550884523,0.018200537544908357,-2.546203606312858e-05,146.83332315655593,146.8769444490509,-0.043621292494975705,0.0010102622717276244,0.0010181870104523094,7.924738724685021e-06,0.717741288222099,0.717890149980843,-0.00014886175874395668,-1.21853425263953e-05,-3.373722707875716e-05,0.008155015313726229,0.0001223136934330489,4,4,0,0,True,freq_hrl_no_promotion_v5,v5_u3_l1_h3_p01_tactical,2026,7071,tuning_validation_mechanism_diagnostic,full_method_nested_hpo_v3,0c65097c9b86b900c22caf62144fb801532978cb,8aa8fb9172c7d3f5e4ef34220431f3e8643209fd68a11296dfaed658d8fae25d
68207,ood_period,none,zero_residual_frequency,0.00634663572541605,0.006322475397267491,2.4160328148559174e-05,94.6406027745959,94.0390170306701,0.6015857439258099,0.0007435475140433745,0.0007744127559877745,3.086524194439999e-05,0.6815578822319945,0.6861903952998869,-0.004632513067892363,-0.00010017357879980822,-1.3655296958573228e-05,0.010659840022304303,0.00015985268318026267,4,4,0,0,True,freq_hrl_no_promotion_v5,v5_u3_l1_h3_p01_tactical,2039,7084,tuning_validation_mechanism_diagnostic,full_method_nested_hpo_v3,0c65097c9b86b900c22caf62144fb801532978cb,8aa8fb9172c7d3f5e4ef34220431f3e8643209fd68a11296dfaed658d8fae25d
68209,ood_period,none,zero_residual_frequency,0.00537247598348678,0.005367111945461911,5.364038024868734e-06,77.18346592403408,76.87950071484644,0.3039652091876377,0.001582911316394764,0.0015764881845722334,-6.4231318225305145e-06,0.7045207110198501,0.7070612547168935,-0.0025405436970433737,-0.00018051329513165445,-6.37666851645178e-05,0.012380949696590609,0.00018565265286386555,4,4,0,0,True,freq_hrl_no_promotion_v5,v5_u3_l1_h3_p01_tactical,2039,7084,tuning_validation_mechanism_diagnostic,full_method_nested_hpo_v3,0c65097c9b86b900c22caf62144fb801532978cb,8aa8fb9172c7d3f5e4ef34220431f3e8643209fd68a11296dfaed658d8fae25d
68213,ood_period,none,zero_residual_frequency,0.00791681307876746,0.007913394487935932,3.4185908315276237e-06,98.72706759178982,98.33858067741025,0.3884869143795697,0.0019633245638661645,0.001982878772894492,1.9554209028327385e-05,0.8776504539114196,0.8833206550561729,-0.005670201144753251,-0.0002322394044984806,-4.7903298629065865e-05,0.015955800131066806,0.00023921972120092655,4,4,0,0,True,freq_hrl_no_promotion_v5,v5_u3_l1_h3_p01_tactical,2039,7084,tuning_validation_mechanism_diagnostic,full_method_nested_hpo_v3,0c65097c9b86b900c22caf62144fb801532978cb,8aa8fb9172c7d3f5e4ef34220431f3e8643209fd68a11296dfaed658d8fae25d
68219,ood_period,none,zero_residual_frequency,0.004334982846460944,0.004354683055569408,-1.970020910846415e-05,84.43582277161809,84.85697292761066,-0.42115015599256367,0.0014754610206710872,0.0014603091745699626,-1.5151846101124633e-05,0.6035626782808993,0.5968725039215985,0.006690174359300749,-6.43541706954589e-05,-4.1136856335175466e-05,0.010789103814749979,0.00016178806767433714,4,4,0,0,True,freq_hrl_no_promotion_v5,v5_u3_l1_h3_p01_tactical,2039,7084,tuning_validation_mechanism_diagnostic,full_method_nested_hpo_v3,0c65097c9b86b900c22caf62144fb801532978cb,8aa8fb9172c7d3f5e4ef34220431f3e8643209fd68a11296dfaed658d8fae25d
68227,ood_period,none,zero_residual_frequency,0.004702045199749039,0.004727160855556134,-2.5115655807095294e-05,82.04789437475023,82.27756131317769,-0.22966693842745656,0.001084493794654473,0.0010917290486773812,7.235254022908144e-06,0.6613656952505967,0.6614034484592639,-3.775320866716836e-05,-7.729822934195971e-05,-5.698536805312205e-05,0.01616949624860556,0.00024244251780108727,4,4,0,0,True,freq_hrl_no_promotion_v5,v5_u3_l1_h3_p01_tactical,2039,7084,tuning_validation_mechanism_diagnostic,full_method_nested_hpo_v3,0c65097c9b86b900c22caf62144fb801532978cb,8aa8fb9172c7d3f5e4ef34220431f3e8643209fd68a11296dfaed658d8fae25d
68207,ood_period,none,zero_residual_frequency,0.02477948682506792,0.024833643980112896,-5.415715504497598e-05,149.6985459186478,149.80344228961255,-0.10489637096475235,0.0007553238350868074,0.0007566189518051214,1.295116718313949e-06,0.9507745006406021,0.9520144169136187,-0.0012399162730165614,0.00047093681542966577,0.00035164852087976844,0.010677722621605629,0.00016009679183074727,4,4,0,0,True,freq_hrl_no_promotion_v5,v5_u3_l1_h3_p01_tactical,2053,7098,tuning_validation_mechanism_diagnostic,full_method_nested_hpo_v3,0c65097c9b86b900c22caf62144fb801532978cb,8aa8fb9172c7d3f5e4ef34220431f3e8643209fd68a11296dfaed658d8fae25d
68209,ood_period,none,zero_residual_frequency,0.017863150661731497,0.017924335891053023,-6.118522932152537e-05,126.38593754256581,126.38057740596618,0.005360136599634302,0.0016580974099019707,0.001678595344400513,2.0497934498542314e-05,0.9486915293276124,0.9490427154898022,-0.00035118616218987597,0.0006964508672807341,0.000289127609587057,0.01721383822021178,0.0002580137260326073,4,4,0,0,True,freq_hrl_no_promotion_v5,v5_u3_l1_h3_p01_tactical,2053,7098,tuning_validation_mechanism_diagnostic,full_method_nested_hpo_v3,0c65097c9b86b900c22caf62144fb801532978cb,8aa8fb9172c7d3f5e4ef34220431f3e8643209fd68a11296dfaed658d8fae25d
68213,ood_period,none,zero_residual_frequency,0.02987567164998617,0.030042621562129668,-0.0001669499121434992,164.20126043164635,164.69512433041982,-0.49386389877346915,0.0015712341313671718,0.0015710936987712865,-1.4043259588536472e-07,1.0405532671727067,1.0393440933298765,0.0012091738428301468,0.0008014759264173489,0.0003496631574831501,0.0193335650223566,0.0002897945141927532,4,4,0,0,True,freq_hrl_no_promotion_v5,v5_u3_l1_h3_p01_tactical,2053,7098,tuning_validation_mechanism_diagnostic,full_method_nested_hpo_v3,0c65097c9b86b900c22caf62144fb801532978cb,8aa8fb9172c7d3f5e4ef34220431f3e8643209fd68a11296dfaed658d8fae25d
68219,ood_period,none,zero_residual_frequency,0.01917624976233845,0.019569314777281965,-0.00039306501494351664,142.15407092059675,142.551598059502,-0.3975271389052466,0.0011662559016523133,0.0011990828237433693,3.282692209105598e-05,0.875344780344727,0.8863621765438265,-0.011017396199099583,0.0006287034510958696,0.0003532742661933136,0.012343841179972514,0.00018502871503875637,4,4,0,0,True,freq_hrl_no_promotion_v5,v5_u3_l1_h3_p01_tactical,2053,7098,tuning_validation_mechanism_diagnostic,full_method_nested_hpo_v3,0c65097c9b86b900c22caf62144fb801532978cb,8aa8fb9172c7d3f5e4ef34220431f3e8643209fd68a11296dfaed658d8fae25d
68227,ood_period,none,zero_residual_frequency,0.020093464963865992,0.02037253775127601,-0.0002790727874100174,131.14364130958654,131.4330138072227,-0.28937249763615114,0.0010357435778809432,0.0010516395333171058,1.5895955436162623e-05,0.9262692463315054,0.9327704709778183,-0.006501224646312864,0.0006972044512655177,0.0003650752682049746,0.014320835039123066,0.00021462235266785876,4,4,0,0,True,freq_hrl_no_promotion_v5,v5_u3_l1_h3_p01_tactical,2053,7098,tuning_validation_mechanism_diagnostic,full_method_nested_hpo_v3,0c65097c9b86b900c22caf62144fb801532978cb,8aa8fb9172c7d3f5e4ef34220431f3e8643209fd68a11296dfaed658d8fae25d
68207,stationary_low_noise,none,zero_residual_frequency,0.000996116325190588,0.0009948366958372201,1.2796293533678949e-06,108.40803456208714,108.42656481958731,-0.01853025750017423,0.0001336663952641315,0.00013341726450066815,-2.491307634633344e-07,0.22282827062724192,0.22242232610995472,0.0004059445172872045,1.320198698302046e-05,1.3498633776023207e-05,0.0006432051377841063,4.824001567467555e-06,3,3,0,0,True,freq_hrl_no_promotion_v5,v5_u3_l3_h003_p003_conservative,2026,4044,tuning_validation_mechanism_diagnostic,full_method_nested_hpo_v3,0c65097c9b86b900c22caf62144fb801532978cb,8aa8fb9172c7d3f5e4ef34220431f3e8643209fd68a11296dfaed658d8fae25d
68209,stationary_low_noise,none,zero_residual_frequency,0.0006246571361046005,0.0006267246743427712,-2.0675382381707408e-06,70.43418688601474,70.58729681094972,-0.15310992493498077,0.00012166383671052827,0.00012175347954745952,8.964283693124742e-08,0.22859220040717196,0.22869632493343672,-0.00010412452626476498,8.274481799566224e-06,1.1622202483859068e-05,0.0006784808151577534,5.088571801874175e-06,3,3,0,0,True,freq_hrl_no_promotion_v5,v5_u3_l3_h003_p003_conservative,2026,4044,tuning_validation_mechanism_diagnostic,full_method_nested_hpo_v3,0c65097c9b86b900c22caf62144fb801532978cb,8aa8fb9172c7d3f5e4ef34220431f3e8643209fd68a11296dfaed658d8fae25d
68213,stationary_low_noise,none,zero_residual_frequency,0.001998869139239856,0.001997158944258892,1.7101949809639194e-06,163.3948845848517,163.38317168956573,0.011712895285967306,0.0001308052401675086,0.00013089649910469348,9.125893718486822e-08,0.2712389895948023,0.2710780662109059,0.00016092338389639416,1.357143515360033e-05,1.548136004892007e-05,0.0008245754163757131,6.184267722712797e-06,3,3,0,0,True,freq_hrl_no_promotion_v5,v5_u3_l3_h003_p003_conservative,2026,4044,tuning_validation_mechanism_diagnostic,full_method_nested_hpo_v3,0c65097c9b86b900c22caf62144fb801532978cb,8aa8fb9172c7d3f5e4ef34220431f3e8643209fd68a11296dfaed658d8fae25d
68219,stationary_low_noise,none,zero_residual_frequency,0.0011617198737989831,0.0011625173197731264,-7.974459741433293e-07,123.72818165655758,123.775923796849,-0.04774214029141888,0.00014558905509709508,0.00014540696630183092,-1.82088795264157e-07,0.245314224724408,0.24534782708562236,-3.360236121435767e-05,1.4237624413885587e-05,1.557939182460707e-05,0.000519068218395407,3.892975404752475e-06,3,3,0,0,True,freq_hrl_no_promotion_v5,v5_u3_l3_h003_p003_conservative,2026,4044,tuning_validation_mechanism_diagnostic,full_method_nested_hpo_v3,0c65097c9b86b900c22caf62144fb801532978cb,8aa8fb9172c7d3f5e4ef34220431f3e8643209fd68a11296dfaed658d8fae25d
68227,stationary_low_noise,none,zero_residual_frequency,0.001342077335424019,0.001342005326574025,7.200884999392088e-08,120.78720292791229,120.7968957177205,-0.009692789808212865,0.00010310087461684603,0.0001030368592824793,-6.401533436672935e-08,0.24994563989180704,0.24988557761565444,6.00622761526004e-05,1.5869164095074456e-05,1.4375671994435604e-05,0.0006463278867360916,4.84741478016833e-06,3,3,0,0,True,freq_hrl_no_promotion_v5,v5_u3_l3_h003_p003_conservative,2026,4044,tuning_validation_mechanism_diagnostic,full_method_nested_hpo_v3,0c65097c9b86b900c22caf62144fb801532978cb,8aa8fb9172c7d3f5e4ef34220431f3e8643209fd68a11296dfaed658d8fae25d
68207,stationary_low_noise,none,zero_residual_frequency,0.0015161601904789546,0.0015181686179215337,-2.0084274425791193e-06,83.11239673621537,83.27790478601437,-0.16550804979900136,0.0003344199730692665,0.00033440866893297283,-1.1304136293688316e-08,0.4489600586846314,0.4485028988879116,0.000457159796719786,2.6713342225771518e-05,1.0833623484151341e-05,0.0015458787169942904,1.1593905391319474e-05,3,3,0,0,True,freq_hrl_no_promotion_v5,v5_u3_l3_h003_p003_conservative,2039,4057,tuning_validation_mechanism_diagnostic,full_method_nested_hpo_v3,0c65097c9b86b900c22caf62144fb801532978cb,8aa8fb9172c7d3f5e4ef34220431f3e8643209fd68a11296dfaed658d8fae25d
68209,stationary_low_noise,none,zero_residual_frequency,0.0007309236651986684,0.0007329645793288098,-2.0409141301414024e-06,42.80072301258551,43.007562592235736,-0.2068395796502287,0.0004953798562709055,0.0004921615537305524,-3.2183025403531573e-06,0.43944604606468196,0.4383787640426191,0.0010672820220628543,3.4892224559379207e-05,1.019887081501775e-05,0.0024730342585017858,1.854734441053634e-05,3,3,0,0,True,freq_hrl_no_promotion_v5,v5_u3_l3_h003_p003_conservative,2039,4057,tuning_validation_mechanism_diagnostic,full_method_nested_hpo_v3,0c65097c9b86b900c22caf62144fb801532978cb,8aa8fb9172c7d3f5e4ef34220431f3e8643209fd68a11296dfaed658d8fae25d
68213,stationary_low_noise,none,zero_residual_frequency,0.00235221876699776,0.0023556321513664713,-3.413384368711192e-06,118.61809722554521,118.95478849484785,-0.3366912693026336,0.0003090216930454748,0.00030885133308178325,-1.7035996369152429e-07,0.5131430833437656,0.5118710615028705,0.0012720218408950323,4.173182532969966e-05,1.0668537198062536e-05,0.0028757327722107426,2.156756636735772e-05,3,3,0,0,True,freq_hrl_no_promotion_v5,v5_u3_l3_h003_p003_conservative,2039,4057,tuning_validation_mechanism_diagnostic,full_method_nested_hpo_v3,0c65097c9b86b900c22caf62144fb801532978cb,8aa8fb9172c7d3f5e4ef34220431f3e8643209fd68a11296dfaed658d8fae25d
68219,stationary_low_noise,none,zero_residual_frequency,0.0011754444365077443,0.0011774989254915713,-2.0544889838269853e-06,69.08072969316773,69.28815077498324,-0.2074210818155109,0.0003387953964355539,0.00033682074055663147,-1.9746558789224267e-06,0.4661193451554743,0.46534085873117803,0.0007784864242962874,2.9987665805906498e-05,1.1009457031370562e-05,0.001932465407460566,1.4493265666373286e-05,3,3,0,0,True,freq_hrl_no_promotion_v5,v5_u3_l3_h003_p003_conservative,2039,4057,tuning_validation_mechanism_diagnostic,full_method_nested_hpo_v3,0c65097c9b86b900c22caf62144fb801532978cb,8aa8fb9172c7d3f5e4ef34220431f3e8643209fd68a11296dfaed658d8fae25d
68227,stationary_low_noise,none,zero_residual_frequency,0.0016291315723790945,0.001631831488581037,-2.6999162019425427e-06,77.15758662104885,77.3411964797512,-0.18360985870235424,0.0004367573960434301,0.00043414841922273517,-2.6089768206949415e-06,0.4833544322219154,0.4827152629292476,0.0006391692926677739,2.7041360522489562e-05,1.0667481458571536e-05,0.0017885256923465124,1.3413737617284272e-05,3,3,0,0,True,freq_hrl_no_promotion_v5,v5_u3_l3_h003_p003_conservative,2039,4057,tuning_validation_mechanism_diagnostic,full_method_nested_hpo_v3,0c65097c9b86b900c22caf62144fb801532978cb,8aa8fb9172c7d3f5e4ef34220431f3e8643209fd68a11296dfaed658d8fae25d
68207,stationary_low_noise,none,zero_residual_frequency,-0.00013794763709074065,-0.00013679786232168034,-1.1497747690603077e-06,-345.86879536951477,-347.03243527982397,1.1636399103092003,0.00013925669250913764,0.00013800073399738988,-1.2559585117477567e-06,0.01063423096765851,0.010458354782027682,0.00017587618563082857,4.356628810956482e-06,3.868322379355378e-06,0.0007500596458820989,5.625445152705923e-06,3,3,0,0,True,freq_hrl_no_promotion_v5,v5_u3_l3_h003_p003_conservative,2053,4071,tuning_validation_mechanism_diagnostic,full_method_nested_hpo_v3,0c65097c9b86b900c22caf62144fb801532978cb,8aa8fb9172c7d3f5e4ef34220431f3e8643209fd68a11296dfaed658d8fae25d
68209,stationary_low_noise,none,zero_residual_frequency,-3.752807138635017e-05,-3.703826552003964e-05,-4.898058663105331e-07,-138.17706394770659,-139.68895975405627,1.5118958063496848,3.786781326409194e-05,3.7140302492577604e-05,-7.275107715143392e-07,0.01260986612886195,0.012211804523392631,0.0003980616054693187,4.840438585567907e-06,1.2276404104313021e-06,0.0009808806036801343,7.356600585147576e-06,3,3,0,0,True,freq_hrl_no_promotion_v5,v5_u3_l3_h003_p003_conservative,2053,4071,tuning_validation_mechanism_diagnostic,full_method_nested_hpo_v3,0c65097c9b86b900c22caf62144fb801532978cb,8aa8fb9172c7d3f5e4ef34220431f3e8643209fd68a11296dfaed658d8fae25d
68213,stationary_low_noise,none,zero_residual_frequency,-0.00015127563240135977,-0.00014927787596552555,-1.9977564358342192e-06,-426.6922566041188,-425.319260720078,-1.3729958840408472,0.00015127563240135977,0.00014927787596552555,-1.9977564358342192e-06,0.012412234110215544,0.012077641873788762,0.00033459223642678254,1.6444110260560296e-06,3.985183845704782e-06,0.0008835974322525745,6.626976229337356e-06,3,3,0,0,True,freq_hrl_no_promotion_v5,v5_u3_l3_h003_p003_conservative,2053,4071,tuning_validation_mechanism_diagnostic,full_method_nested_hpo_v3,0c65097c9b86b900c22caf62144fb801532978cb,8aa8fb9172c7d3f5e4ef34220431f3e8643209fd68a11296dfaed658d8fae25d
68219,stationary_low_noise,none,zero_residual_frequency,-9.27509840801255e-05,-9.259304171904681e-05,-1.5794236107868898e-07,-409.1097923844641,-409.4539932042778,0.34420081981375006,9.27509840801255e-05,9.259304171904681e-05,-1.5794236107868898e-07,0.010032369621156386,0.009970123878816076,6.224574234030972e-05,4.215544576268611e-06,2.9904933750156123e-06,0.0005379073070432444,4.034303350900519e-06,3,3,0,0,True,freq_hrl_no_promotion_v5,v5_u3_l3_h003_p003_conservative,2053,4071,tuning_validation_mechanism_diagnostic,full_method_nested_hpo_v3,0c65097c9b86b900c22caf62144fb801532978cb,8aa8fb9172c7d3f5e4ef34220431f3e8643209fd68a11296dfaed658d8fae25d
68227,stationary_low_noise,none,zero_residual_frequency,-0.00011884513699611521,-0.00011770045783932037,-1.1446791567948367e-06,-316.39469396139316,-307.9298222351721,-8.464871726221077,0.00011884513699611521,0.00011770045783932037,-1.1446791567948367e-06,0.01104307645036866,0.011039491159168547,3.5852912001130277e-06,4.264542722164594e-06,3.2891964198485276e-06,0.000676155296945227,5.071160823504304e-06,3,3,0,0,True,freq_hrl_no_promotion_v5,v5_u3_l3_h003_p003_conservative,2053,4071,tuning_validation_mechanism_diagnostic,full_method_nested_hpo_v3,0c65097c9b86b900c22caf62144fb801532978cb,8aa8fb9172c7d3f5e4ef34220431f3e8643209fd68a11296dfaed658d8fae25d
68207,persistent_shift,none,zero_residual_frequency,0.01774783837618954,0.017762865455323462,-1.5027079133922427e-05,208.8035301806234,208.85289965526874,-0.04936947464534569,0.0006445497822948898,0.0006426979156547441,-1.851866640145694e-06,0.6551664059327957,0.6551026436136791,6.376231911664476e-05,5.809900651245364e-07,2.036723011010621e-06,0.0022963837594640307,1.7222561299362538e-05,3,3,0,0,True,freq_hrl_no_promotion_v5,v5_u3_l3_h003_p003_conservative,2026,2026,tuning_validation_mechanism_diagnostic,full_method_nested_hpo_v3,0c65097c9b86b900c22caf62144fb801532978cb,8aa8fb9172c7d3f5e4ef34220431f3e8643209fd68a11296dfaed658d8fae25d
68209,persistent_shift,none,zero_residual_frequency,0.016584571289606664,0.016558647196616594,2.592409299007059e-05,203.99303202570408,204.04474992383032,-0.051717898126241835,0.0010209611419392806,0.0010166010709192763,-4.360071020004241e-06,0.7364979594387298,0.7354630237354176,0.0010349357033121453,9.159683151268647e-07,2.6122062512936816e-06,0.004348844473204534,3.261464273580131e-05,3,3,0,0,True,freq_hrl_no_promotion_v5,v5_u3_l3_h003_p003_conservative,2026,2026,tuning_validation_mechanism_diagnostic,full_method_nested_hpo_v3,0c65097c9b86b900c22caf62144fb801532978cb,8aa8fb9172c7d3f5e4ef34220431f3e8643209fd68a11296dfaed658d8fae25d
68213,persistent_shift,none,zero_residual_frequency,0.020496673165779633,0.020498391061012144,-1.7178952325114238e-06,193.86184708813337,193.93725895680967,-0.0754118686762979,0.001341257010943342,0.0013394588733344204,-1.7981376089215573e-06,0.8487959474220141,0.8484446000119858,0.00035134741002829095,-1.2187865366532826e-06,2.5763372581915972e-06,0.0033479543266265763,2.510877639633726e-05,3,3,0,0,True,freq_hrl_no_promotion_v5,v5_u3_l3_h003_p003_conservative,2026,2026,tuning_validation_mechanism_diagnostic,full_method_nested_hpo_v3,0c65097c9b86b900c22caf62144fb801532978cb,8aa8fb9172c7d3f5e4ef34220431f3e8643209fd68a11296dfaed658d8fae25d
68219,persistent_shift,none,zero_residual_frequency,0.015028637722544147,0.015016919335694823,1.1718386849324247e-05,182.87960614404804,182.9052257277078,-0.025619583659761247,0.0016821658805725725,0.0016809936414207138,-1.1722391518587116e-06,0.7222885185258391,0.7214046956262894,0.0008838228995496911,1.4326439687119238e-05,2.140180188569444e-06,0.003012068030723943,2.2589934021193664e-05,3,3,0,0,True,freq_hrl_no_promotion_v5,v5_u3_l3_h003_p003_conservative,2026,2026,tuning_validation_mechanism_diagnostic,full_method_nested_hpo_v3,0c65097c9b86b900c22caf62144fb801532978cb,8aa8fb9172c7d3f5e4ef34220431f3e8643209fd68a11296dfaed658d8fae25d
68227,persistent_shift,none,zero_residual_frequency,0.015480099307027428,0.01549184774179202,-1.1748434764591309e-05,192.48583060203487,192.55019087270875,-0.0643602706738875,0.0007397574428384956,0.0007382120373029544,-1.5454055355412777e-06,0.6407578742491702,0.6406259202855404,0.00013195396362974954,9.322999941490502e-06,2.4324408162821556e-06,0.0030679992662650574,2.300932302640011e-05,3,3,0,0,True,freq_hrl_no_promotion_v5,v5_u3_l3_h003_p003_conservative,2026,2026,tuning_validation_mechanism_diagnostic,full_method_nested_hpo_v3,0c65097c9b86b900c22caf62144fb801532978cb,8aa8fb9172c7d3f5e4ef34220431f3e8643209fd68a11296dfaed658d8fae25d
68207,persistent_shift,none,zero_residual_frequency,0.00476762837908451,0.0047840038961539655,-1.6375517069455725e-05,161.16499658407517,161.51087517322514,-0.3458785891499758,0.00019315569776090502,0.00019300909415198575,-1.4660360891927127e-07,0.29523315228735114,0.2951404799829833,9.267230436782459e-05,2.590615866182023e-05,1.837545447482619e-05,0.002305455992407385,1.7290576394770436e-05,3,3,0,0,True,freq_hrl_no_promotion_v5,v5_u3_l3_h003_p003_conservative,2039,2039,tuning_validation_mechanism_diagnostic,full_method_nested_hpo_v3,0c65097c9b86b900c22caf62144fb801532978cb,8aa8fb9172c7d3f5e4ef34220431f3e8643209fd68a11296dfaed658d8fae25d
68209,persistent_shift,none,zero_residual_frequency,0.007224993973372396,0.007219993043511064,5.0009298613318265e-06,183.00464556752993,183.01456266345846,-0.009917095928528852,0.0002134790626837635,0.00021353754344966003,5.8480765896540277e-08,0.3413782622913698,0.34120994830587054,0.0001683139854992688,3.875819910501463e-05,1.9059987762091963e-05,0.003347298471958816,2.510390603795994e-05,3,3,0,0,True,freq_hrl_no_promotion_v5,v5_u3_l3_h003_p003_conservative,2039,2039,tuning_validation_mechanism_diagnostic,full_method_nested_hpo_v3,0c65097c9b86b900c22caf62144fb801532978cb,8aa8fb9172c7d3f5e4ef34220431f3e8643209fd68a11296dfaed658d8fae25d
68213,persistent_shift,none,zero_residual_frequency,0.00810626572278017,0.008096507965972277,9.757756807893259e-06,224.75865160883552,224.75774260887343,0.0009089999620925937,0.00019064350455622048,0.00019054451729161315,-9.898726460733087e-08,0.3686593133458863,0.36853362659932004,0.000125686746566267,2.1122586504459693e-05,1.4843658564588307e-05,0.00331853681560056,2.4888346049917064e-05,3,3,0,0,True,freq_hrl_no_promotion_v5,v5_u3_l3_h003_p003_conservative,2039,2039,tuning_validation_mechanism_diagnostic,full_method_nested_hpo_v3,0c65097c9b86b900c22caf62144fb801532978cb,8aa8fb9172c7d3f5e4ef34220431f3e8643209fd68a11296dfaed658d8fae25d
68219,persistent_shift,none,zero_residual_frequency,0.003417154943928802,0.0034440262300639013,-2.687128613509948e-05,119.65093694364319,120.27271246343642,-0.621775519793232,0.0002061015509912112,0.00020606076940221651,-4.07815889946761e-08,0.3309199568650085,0.3306982886909407,0.0002216681740678239,2.6417202839469167e-05,1.6630899954087084e-05,0.002516899342824925,1.8876282906711004e-05,3,3,0,0,True,freq_hrl_no_promotion_v5,v5_u3_l3_h003_p003_conservative,2039,2039,tuning_validation_mechanism_diagnostic,full_method_nested_hpo_v3,0c65097c9b86b900c22caf62144fb801532978cb,8aa8fb9172c7d3f5e4ef34220431f3e8643209fd68a11296dfaed658d8fae25d
68227,persistent_shift,none,zero_residual_frequency,0.004704314568133361,0.004738311697405573,-3.399712927221188e-05,141.71553039192224,142.14329580442353,-0.4277654125012873,0.000374584196203398,0.0003746989130181122,1.147168147141997e-07,0.2976831548157005,0.29789965786478784,-0.00021650304908732432,4.4903305271876774e-05,1.964189218974372e-05,0.0026343238834670045,1.9756922160707328e-05,3,3,0,0,True,freq_hrl_no_promotion_v5,v5_u3_l3_h003_p003_conservative,2039,2039,tuning_validation_mechanism_diagnostic,full_method_nested_hpo_v3,0c65097c9b86b900c22caf62144fb801532978cb,8aa8fb9172c7d3f5e4ef34220431f3e8643209fd68a11296dfaed658d8fae25d
68207,persistent_shift,none,zero_residual_frequency,0.006182345723824811,0.006186249404156907,-3.90368033209576e-06,174.97529649632617,175.03948082207145,-0.06418432574528765,0.000755237911976403,0.0007542880079023373,-9.499040740656994e-07,0.4791046463050427,0.4788785167015929,0.00022612960344975397,1.2404801065853145e-05,1.0935594329039135e-05,0.0019633441102390255,1.4724914284156842e-05,3,3,0,0,True,freq_hrl_no_promotion_v5,v5_u3_l3_h003_p003_conservative,2053,2053,tuning_validation_mechanism_diagnostic,full_method_nested_hpo_v3,0c65097c9b86b900c22caf62144fb801532978cb,8aa8fb9172c7d3f5e4ef34220431f3e8643209fd68a11296dfaed658d8fae25d
68209,persistent_shift,none,zero_residual_frequency,0.007127333682808379,0.0071271983058336374,1.3537697474141908e-07,191.92396544469517,191.95930422794876,-0.035338783253592965,0.0003104253986959682,0.00031026566042557935,-1.597382703888428e-07,0.45695813161029786,0.4568403614051183,0.00011777020517955705,2.2530864475720625e-05,1.6530884807675325e-05,0.0033768035975501533,2.532551869009191e-05,3,3,0,0,True,freq_hrl_no_promotion_v5,v5_u3_l3_h003_p003_conservative,2053,2053,tuning_validation_mechanism_diagnostic,full_method_nested_hpo_v3,0c65097c9b86b900c22caf62144fb801532978cb,8aa8fb9172c7d3f5e4ef34220431f3e8643209fd68a11296dfaed658d8fae25d
68213,persistent_shift,none,zero_residual_frequency,0.008100219761314031,0.008099438069163911,7.816921501202501e-07,204.22707983996352,204.1738781185969,0.05320172136663359,0.00035710964034296744,0.00035753519792269817,4.255575797307287e-07,0.5600023294914822,0.5598426940031361,0.0001596354883460771,1.0514775191759761e-05,1.3671255748402269e-05,0.0031835251797019738,2.3876079669414993e-05,3,3,0,0,True,freq_hrl_no_promotion_v5,v5_u3_l3_h003_p003_conservative,2053,2053,tuning_validation_mechanism_diagnostic,full_method_nested_hpo_v3,0c65097c9b86b900c22caf62144fb801532978cb,8aa8fb9172c7d3f5e4ef34220431f3e8643209fd68a11296dfaed658d8fae25d
68219,persistent_shift,none,zero_residual_frequency,0.005217797941633462,0.005216930356428673,8.675852047890231e-07,155.9765691750651,156.01798174002244,-0.04141256495734069,0.0007729486732478419,0.0007706406535613608,-2.3080196864810887e-06,0.5475923929920394,0.5473607818509467,0.00023161114109271352,2.0188908541121595e-05,1.1020258285651655e-05,0.002629356194382934,1.9719885125362153e-05,3,3,0,0,True,freq_hrl_no_promotion_v5,v5_u3_l3_h003_p003_conservative,2053,2053,tuning_validation_mechanism_diagnostic,full_method_nested_hpo_v3,0c65097c9b86b900c22caf62144fb801532978cb,8aa8fb9172c7d3f5e4ef34220431f3e8643209fd68a11296dfaed658d8fae25d
68227,persistent_shift,none,zero_residual_frequency,0.005354328087656013,0.0053558977789405215,-1.5696912845086786e-06,159.4536694803746,159.505479941029,-0.05181046065439432,0.0007076368280558576,0.0007061961898758851,-1.440638179972531e-06,0.4348400438544081,0.4350381520254208,-0.00019810817101267864,2.1013435764246102e-05,1.153179741874914e-05,0.002699791666661137,2.024813475516613e-05,3,3,0,0,True,freq_hrl_no_promotion_v5,v5_u3_l3_h003_p003_conservative,2053,2053,tuning_validation_mechanism_diagnostic,full_method_nested_hpo_v3,0c65097c9b86b900c22caf62144fb801532978cb,8aa8fb9172c7d3f5e4ef34220431f3e8643209fd68a11296dfaed658d8fae25d
68207,ood_period,none,zero_residual_frequency,0.008110960777832688,0.008145852331005177,-3.4891553172489154e-05,162.7801578411843,162.72588433361437,0.054273507569917,0.0004031130030571761,0.0004040790728467858,9.660697896096693e-07,0.5348151484729292,0.5371003589590018,-0.002285210486072553,-1.3730462267294551e-05,-5.041813924611637e-06,0.0032604340937218194,2.4452315087312292e-05,3,3,0,0,True,freq_hrl_no_promotion_v5,v5_u3_l3_h003_p003_conservative,2026,7071,tuning_validation_mechanism_diagnostic,full_method_nested_hpo_v3,0c65097c9b86b900c22caf62144fb801532978cb,8aa8fb9172c7d3f5e4ef34220431f3e8643209fd68a11296dfaed658d8fae25d
68209,ood_period,none,zero_residual_frequency,0.005884486321890536,0.005904247959464426,-1.97616375738896e-05,116.94149673212377,117.03582522334649,-0.09432849122272557,0.001254395765589722,0.001254888915379615,4.931497898930104e-07,0.602983289351725,0.6038236816990931,-0.0008403923473681019,-3.331254758454286e-06,-3.3629766798312866e-07,0.0031368767380020777,2.352606395977955e-05,3,3,0,0,True,freq_hrl_no_promotion_v5,v5_u3_l3_h003_p003_conservative,2026,7071,tuning_validation_mechanism_diagnostic,full_method_nested_hpo_v3,0c65097c9b86b900c22caf62144fb801532978cb,8aa8fb9172c7d3f5e4ef34220431f3e8643209fd68a11296dfaed658d8fae25d
68213,ood_period,none,zero_residual_frequency,0.009055143221614381,0.009069010164322933,-1.3866942708551377e-05,138.54859397533826,138.51477911291218,0.03381486242608389,0.0007653754728433881,0.0007672256857618187,1.8502129184305716e-06,0.7158198954652437,0.7166682645542226,-0.0008483690889788953,-5.596553956265892e-06,3.650336187136815e-06,0.0044988629910828115,3.3739661463548035e-05,3,3,0,0,True,freq_hrl_no_promotion_v5,v5_u3_l3_h003_p003_conservative,2026,7071,tuning_validation_mechanism_diagnostic,full_method_nested_hpo_v3,0c65097c9b86b900c22caf62144fb801532978cb,8aa8fb9172c7d3f5e4ef34220431f3e8643209fd68a11296dfaed658d8fae25d
68219,ood_period,none,zero_residual_frequency,0.006022447620842808,0.006034961014787177,-1.25133939443689e-05,121.8488799234619,121.8457369209521,0.003143002509787607,0.0008645834752765147,0.0008666095122167317,2.0260369402169687e-06,0.5366139469765161,0.5373503417493294,-0.0007363947728132869,6.673908059905894e-06,9.158053513703363e-07,0.002151742307311603,1.6137817079495743e-05,3,3,0,0,True,freq_hrl_no_promotion_v5,v5_u3_l3_h003_p003_conservative,2026,7071,tuning_validation_mechanism_diagnostic,full_method_nested_hpo_v3,0c65097c9b86b900c22caf62144fb801532978cb,8aa8fb9172c7d3f5e4ef34220431f3e8643209fd68a11296dfaed658d8fae25d
68227,ood_period,none,zero_residual_frequency,0.006810013362821721,0.006820975531723228,-1.0962168901507141e-05,126.55030051975945,126.52967829668535,0.02062222307409911,0.0008554578123555201,0.0008575198914263504,2.062079070830336e-06,0.5877418671098523,0.5885922751676431,-0.0008504080577907969,-5.9723949380339955e-06,1.298273650647405e-06,0.0027129266721304807,2.034617284426633e-05,3,3,0,0,True,freq_hrl_no_promotion_v5,v5_u3_l3_h003_p003_conservative,2026,7071,tuning_validation_mechanism_diagnostic,full_method_nested_hpo_v3,0c65097c9b86b900c22caf62144fb801532978cb,8aa8fb9172c7d3f5e4ef34220431f3e8643209fd68a11296dfaed658d8fae25d
68207,ood_period,none,zero_residual_frequency,0.012288038231021758,0.012286913826688561,1.1244043331970488e-06,180.78131572895987,180.78608874091464,-0.004773011954767981,0.00025637773020936727,0.00025714479924554556,7.670690361782917e-07,0.5731800087691219,0.5728573291978554,0.00032267957126652647,2.8454291184173252e-05,2.009566636545163e-05,0.0018159161794452908,1.3618990159222086e-05,3,3,0,0,True,freq_hrl_no_promotion_v5,v5_u3_l3_h003_p003_conservative,2039,7084,tuning_validation_mechanism_diagnostic,full_method_nested_hpo_v3,0c65097c9b86b900c22caf62144fb801532978cb,8aa8fb9172c7d3f5e4ef34220431f3e8643209fd68a11296dfaed658d8fae25d
68209,ood_period,none,zero_residual_frequency,0.007941357456892062,0.007933717806681617,7.63965021044477e-06,135.1926199919396,135.23751193731093,-0.0448919453713188,0.0011372314743213208,0.0011342338406385988,-2.9976336827219896e-06,0.5656974333919864,0.5647347712027191,0.000962662189267327,1.6900483986146076e-05,1.5780581696488457e-05,0.0024773726396738814,1.858007893859921e-05,3,3,0,0,True,freq_hrl_no_promotion_v5,v5_u3_l3_h003_p003_conservative,2039,7084,tuning_validation_mechanism_diagnostic,full_method_nested_hpo_v3,0c65097c9b86b900c22caf62144fb801532978cb,8aa8fb9172c7d3f5e4ef34220431f3e8643209fd68a11296dfaed658d8fae25d
68213,ood_period,none,zero_residual_frequency,0.017991850369536877,0.017995114242828514,-3.2638732916367985e-06,164.1708591802572,164.13247073456986,0.038388445687331796,0.0009444967911446112,0.0009458442294413283,1.3474382967171294e-06,0.8453792828010727,0.8456208987932352,-0.00024161599216254714,1.2707083578960439e-06,1.9645010065924554e-05,0.0024918812953021387,1.868896306289127e-05,3,3,0,0,True,freq_hrl_no_promotion_v5,v5_u3_l3_h003_p003_conservative,2039,7084,tuning_validation_mechanism_diagnostic,full_method_nested_hpo_v3,0c65097c9b86b900c22caf62144fb801532978cb,8aa8fb9172c7d3f5e4ef34220431f3e8643209fd68a11296dfaed658d8fae25d
68219,ood_period,none,zero_residual_frequency,0.008645923617469409,0.008654363382399444,-8.439764930034954e-06,132.24150296581877,132.2458622864596,-0.004359320640844544,0.0007914782356850392,0.0007923972908616683,9.190551766291577e-07,0.5931256788500714,0.5932910553920305,-0.0001653765419591391,2.6999387005084165e-05,2.0171100749699802e-05,0.001730316636247961,1.297718991726758e-05,3,3,0,0,True,freq_hrl_no_promotion_v5,v5_u3_l3_h003_p003_conservative,2039,7084,tuning_validation_mechanism_diagnostic,full_method_nested_hpo_v3,0c65097c9b86b900c22caf62144fb801532978cb,8aa8fb9172c7d3f5e4ef34220431f3e8643209fd68a11296dfaed658d8fae25d
68227,ood_period,none,zero_residual_frequency,0.010133782095092192,0.010139815807726382,-6.03371263419028e-06,143.67558956718003,143.65750700871263,0.018082558467398258,0.0008020060694040598,0.0008031215191834917,1.1154497794318985e-06,0.632130102182608,0.6325058533890355,-0.00037575120642752147,2.9360858667931704e-05,1.998192080385305e-05,0.0018620326328952312,1.3965071152119897e-05,3,3,0,0,True,freq_hrl_no_promotion_v5,v5_u3_l3_h003_p003_conservative,2039,7084,tuning_validation_mechanism_diagnostic,full_method_nested_hpo_v3,0c65097c9b86b900c22caf62144fb801532978cb,8aa8fb9172c7d3f5e4ef34220431f3e8643209fd68a11296dfaed658d8fae25d
68207,ood_period,none,zero_residual_frequency,0.010141534965959487,0.0101358426148499,5.692351109587435e-06,168.8653033032772,168.9053179156364,-0.04001461235921511,0.0002266987682802979,0.00022647205685277783,-2.2671142752006546e-07,0.5749162500620408,0.5743004847707649,0.0006157652912759382,2.300528138307151e-05,6.32056169667899e-06,0.0015456573512387373,1.1592281958669314e-05,3,3,0,0,True,freq_hrl_no_promotion_v5,v5_u3_l3_h003_p003_conservative,2053,7098,tuning_validation_mechanism_diagnostic,full_method_nested_hpo_v3,0c65097c9b86b900c22caf62144fb801532978cb,8aa8fb9172c7d3f5e4ef34220431f3e8643209fd68a11296dfaed658d8fae25d
68209,ood_period,none,zero_residual_frequency,0.007597864011906541,0.0076001269811702965,-2.2629692637554655e-06,135.90597542152747,135.91412464409936,-0.008149222571887549,0.0007393292755332181,0.0007393706201062056,4.134457298743399e-08,0.586732783965047,0.5867372687685328,-4.4848034858047114e-06,9.520188764685154e-06,4.9071457707499645e-06,0.0011632208421057536,8.724065023278747e-06,3,3,0,0,True,freq_hrl_no_promotion_v5,v5_u3_l3_h003_p003_conservative,2053,7098,tuning_validation_mechanism_diagnostic,full_method_nested_hpo_v3,0c65097c9b86b900c22caf62144fb801532978cb,8aa8fb9172c7d3f5e4ef34220431f3e8643209fd68a11296dfaed658d8fae25d
68213,ood_period,none,zero_residual_frequency,0.014500524253606706,0.014498709650174746,1.814603431959938e-06,155.19504155879852,155.24157526676836,-0.04653370796984291,0.0009235239562547237,0.000923651787517743,1.278312630192957e-07,0.8137931590389773,0.8131373019572482,0.0006558570817291054,1.7358825323905855e-05,1.5854973347779658e-06,0.0016505132112797582,1.237872618165561e-05,3,3,0,0,True,freq_hrl_no_promotion_v5,v5_u3_l3_h003_p003_conservative,2053,7098,tuning_validation_mechanism_diagnostic,full_method_nested_hpo_v3,0c65097c9b86b900c22caf62144fb801532978cb,8aa8fb9172c7d3f5e4ef34220431f3e8643209fd68a11296dfaed658d8fae25d
68219,ood_period,none,zero_residual_frequency,0.008210140004452082,0.008204556483462744,5.583520989338453e-06,132.62990227965588,132.6554363273331,-0.025534047677211902,0.0006982586285509962,0.0006970950578232271,-1.1635707277690699e-06,0.5887011398416899,0.5881113011007277,0.0005898387409621897,9.687777197437997e-06,3.3744196927884243e-06,0.000900367158273083,6.75270672318222e-06,3,3,0,0,True,freq_hrl_no_promotion_v5,v5_u3_l3_h003_p003_conservative,2053,7098,tuning_validation_mechanism_diagnostic,full_method_nested_hpo_v3,0c65097c9b86b900c22caf62144fb801532978cb,8aa8fb9172c7d3f5e4ef34220431f3e8643209fd68a11296dfaed658d8fae25d
68227,ood_period,none,zero_residual_frequency,0.009234795525205453,0.009233872666335019,9.228588704335294e-07,136.3561645646068,136.3924593716343,-0.03629480702750243,0.0007426494456428401,0.0007424965237007308,-1.5292194210925203e-07,0.6536828393458336,0.6531844789107433,0.0004983604350903281,1.314064089025459e-05,4.856534809198599e-06,0.0011365215151373479,8.523825107094114e-06,3,3,0,0,True,freq_hrl_no_promotion_v5,v5_u3_l3_h003_p003_conservative,2053,7098,tuning_validation_mechanism_diagnostic,full_method_nested_hpo_v3,0c65097c9b86b900c22caf62144fb801532978cb,8aa8fb9172c7d3f5e4ef34220431f3e8643209fd68a11296dfaed658d8fae25d
68207,stationary_low_noise,none,zero_residual_frequency,0.001087204498312122,0.0010878932325741886,-6.887342620665038e-07,92.77195011862055,92.95523302328006,-0.18328290465950658,0.00019341622772417466,0.00019285232699661758,-5.639007275570762e-07,0.29825423571764087,0.29757459257550833,0.0006796431421325355,7.892043898184078e-05,6.684515052105497e-05,0.0011243090865415675,1.1242210303353274e-05,3,3,0,0,True,freq_hrl_no_promotion_v5,v5_u3_l3_h01_p005_balanced,2026,4044,tuning_validation_mechanism_diagnostic,full_method_nested_hpo_v3,0c65097c9b86b900c22caf62144fb801532978cb,8aa8fb9172c7d3f5e4ef34220431f3e8643209fd68a11296dfaed658d8fae25d
68209,stationary_low_noise,none,zero_residual_frequency,0.0006472972025035606,0.0006510277518254615,-3.7305493219008667e-06,57.62037207008288,57.89979836051094,-0.2794262904280629,0.00015751134877617368,0.00015725154856427448,-2.598002118991971e-07,0.3018456409308321,0.3016508838998796,0.00019475703095250818,7.896678281807385e-05,6.564821763428174e-05,0.0010382689488728325,1.0381554702390763e-05,3,3,0,0,True,freq_hrl_no_promotion_v5,v5_u3_l3_h01_p005_balanced,2026,4044,tuning_validation_mechanism_diagnostic,full_method_nested_hpo_v3,0c65097c9b86b900c22caf62144fb801532978cb,8aa8fb9172c7d3f5e4ef34220431f3e8643209fd68a11296dfaed658d8fae25d
68213,stationary_low_noise,none,zero_residual_frequency,0.0023048112675119192,0.0023045089859179413,3.0228159397793775e-07,149.89932350037782,150.08452334209724,-0.18519984171942383,0.00018483111932710017,0.0001850419542084314,2.108348813312233e-07,0.3603903588824855,0.3596904052852138,0.0006999535972717075,9.356199872363893e-05,7.409494551383655e-05,0.0012912435223067103,1.2911144547462543e-05,3,3,0,0,True,freq_hrl_no_promotion_v5,v5_u3_l3_h01_p005_balanced,2026,4044,tuning_validation_mechanism_diagnostic,full_method_nested_hpo_v3,0c65097c9b86b900c22caf62144fb801532978cb,8aa8fb9172c7d3f5e4ef34220431f3e8643209fd68a11296dfaed658d8fae25d
68219,stationary_low_noise,none,zero_residual_frequency,0.0013292144845169496,0.0013299074054129445,-6.929208959949307e-07,109.87281073019633,109.97789351871165,-0.10508278851531827,0.00019685906214972348,0.0001968731876348384,1.4125485114924174e-08,0.32482757833609255,0.3245239994855089,0.0003035788505836301,8.401163865970618e-05,7.290357399906787e-05,0.0008871165048428035,8.870171086455788e-06,3,3,0,0,True,freq_hrl_no_promotion_v5,v5_u3_l3_h01_p005_balanced,2026,4044,tuning_validation_mechanism_diagnostic,full_method_nested_hpo_v3,0c65097c9b86b900c22caf62144fb801532978cb,8aa8fb9172c7d3f5e4ef34220431f3e8643209fd68a11296dfaed658d8fae25d
68227,stationary_low_noise,none,zero_residual_frequency,0.0014653112962974557,0.0014699961582835819,-4.684861986126165e-06,106.37042468947196,106.61987216957229,-0.24944748010032924,0.00015075529470487403,0.00015124574594505003,4.904512401759931e-07,0.3263706561971601,0.3260679625226769,0.00030269367448321205,8.704612757130497e-05,7.260806262743783e-05,0.0011746454427743124,1.1745161894847375e-05,3,3,0,0,True,freq_hrl_no_promotion_v5,v5_u3_l3_h01_p005_balanced,2026,4044,tuning_validation_mechanism_diagnostic,full_method_nested_hpo_v3,0c65097c9b86b900c22caf62144fb801532978cb,8aa8fb9172c7d3f5e4ef34220431f3e8643209fd68a11296dfaed658d8fae25d
68207,stationary_low_noise,none,zero_residual_frequency,0.0017079167917024574,0.0017116457072305913,-3.728915528133925e-06,89.51220169494809,89.78473845431348,-0.27253675936539423,0.00032646067367436693,0.00032655589108998573,9.521741561879793e-08,0.45650746699238665,0.4558364754486071,0.0006709915437795311,7.402040381484207e-05,3.8838152959258096e-05,0.00264450983914786,2.644265065170804e-05,3,3,0,0,True,freq_hrl_no_promotion_v5,v5_u3_l3_h01_p005_balanced,2039,4057,tuning_validation_mechanism_diagnostic,full_method_nested_hpo_v3,0c65097c9b86b900c22caf62144fb801532978cb,8aa8fb9172c7d3f5e4ef34220431f3e8643209fd68a11296dfaed658d8fae25d
68209,stationary_low_noise,none,zero_residual_frequency,0.0008580865462100018,0.0008635286985299029,-5.4421523199010835e-06,48.157006063283426,48.46279434990673,-0.3057882866233044,0.00045555697286547847,0.00045297635098706657,-2.580621878411904e-06,0.44438800721690264,0.44380233878403663,0.0005856684328660045,7.855658389930532e-05,3.350826141257682e-05,0.0040447010920211645,4.044194715270544e-05,3,3,0,0,True,freq_hrl_no_promotion_v5,v5_u3_l3_h01_p005_balanced,2039,4057,tuning_validation_mechanism_diagnostic,full_method_nested_hpo_v3,0c65097c9b86b900c22caf62144fb801532978cb,8aa8fb9172c7d3f5e4ef34220431f3e8643209fd68a11296dfaed658d8fae25d
68213,stationary_low_noise,none,zero_residual_frequency,0.0027134535426505124,0.002719159310807795,-5.70576815728252e-06,129.61482548393357,130.27396968655492,-0.6591442026213485,0.00030490532709470664,0.00030454950504466005,-3.5582205004658363e-07,0.5236405977028864,0.520818483019471,0.002822114683415422,0.00011057039432770082,3.811565984935148e-05,0.004466290730447831,4.4657974729403714e-05,3,3,0,0,True,freq_hrl_no_promotion_v5,v5_u3_l3_h01_p005_balanced,2039,4057,tuning_validation_mechanism_diagnostic,full_method_nested_hpo_v3,0c65097c9b86b900c22caf62144fb801532978cb,8aa8fb9172c7d3f5e4ef34220431f3e8643209fd68a11296dfaed658d8fae25d
68219,stationary_low_noise,none,zero_residual_frequency,0.0014314921955798088,0.0014347728106678392,-3.2806150880304585e-06,79.27192317798568,79.60575451237194,-0.3338313343862609,0.000303528196381353,0.0003037394030981355,2.1120671678254155e-07,0.47628545523774046,0.47502308541654614,0.0012623698211943202,8.254350214414056e-05,3.883530683127232e-05,0.0030711297993952437,3.0708094168794275e-05,3,3,0,0,True,freq_hrl_no_promotion_v5,v5_u3_l3_h01_p005_balanced,2039,4057,tuning_validation_mechanism_diagnostic,full_method_nested_hpo_v3,0c65097c9b86b900c22caf62144fb801532978cb,8aa8fb9172c7d3f5e4ef34220431f3e8643209fd68a11296dfaed658d8fae25d
68227,stationary_low_noise,none,zero_residual_frequency,0.0018931682909273384,0.0019030973729099454,-9.929081982607002e-06,86.79492178507785,87.07471627885306,-0.2797944937752135,0.00027138010302185656,0.00027084874718730223,-5.313558345543257e-07,0.49022482532596034,0.4903553641458807,-0.0001305388199203672,6.99015429983963e-05,3.919565286210698e-05,0.003089690374933222,3.089351154980344e-05,3,3,0,0,True,freq_hrl_no_promotion_v5,v5_u3_l3_h01_p005_balanced,2039,4057,tuning_validation_mechanism_diagnostic,full_method_nested_hpo_v3,0c65097c9b86b900c22caf62144fb801532978cb,8aa8fb9172c7d3f5e4ef34220431f3e8643209fd68a11296dfaed658d8fae25d
68207,stationary_low_noise,none,zero_residual_frequency,-0.0001381651199798828,-0.0001365600009264334,-1.6051190534493998e-06,-344.27773012045657,-345.6365706270264,1.358840506569834,0.00013955324800085656,0.00013780708271660114,-1.7461652842554187e-06,0.010721738389387349,0.0104826600288899,0.00023907836049744807,5.911034738363183e-06,5.275264571357425e-06,0.0007500597654705466,7.500594732781508e-06,3,3,0,0,True,freq_hrl_no_promotion_v5,v5_u3_l3_h01_p005_balanced,2053,4071,tuning_validation_mechanism_diagnostic,full_method_nested_hpo_v3,0c65097c9b86b900c22caf62144fb801532978cb,8aa8fb9172c7d3f5e4ef34220431f3e8643209fd68a11296dfaed658d8fae25d
68209,stationary_low_noise,none,zero_residual_frequency,-3.7623140079157125e-05,-3.700781840176859e-05,-6.153216773885362e-07,-136.99741830406177,-139.8554880177602,2.858069713698427,3.8059262033929286e-05,3.7068942472906485e-05,-9.90319561022801e-07,0.012760564227566908,0.012196529589591427,0.0005640346379754812,6.559968718296002e-06,1.8607258340939158e-06,0.000980882830210324,9.808823045735772e-06,3,3,0,0,True,freq_hrl_no_promotion_v5,v5_u3_l3_h01_p005_balanced,2053,4071,tuning_validation_mechanism_diagnostic,full_method_nested_hpo_v3,0c65097c9b86b900c22caf62144fb801532978cb,8aa8fb9172c7d3f5e4ef34220431f3e8643209fd68a11296dfaed658d8fae25d
68213,stationary_low_noise,none,zero_residual_frequency,-0.00015186180641524327,-0.00014911196640121638,-2.749840014026894e-06,-426.92846586098665,-425.06122638108593,-1.867239479900718,0.00015186180641524327,0.00014911196640121638,-2.749840014026894e-06,0.012545121649398585,0.012089175949899018,0.0004559456994995669,2.504439165009361e-06,5.423066697814231e-06,0.0008835978224093803,8.835972207262711e-06,3,3,0,0,True,freq_hrl_no_promotion_v5,v5_u3_l3_h01_p005_balanced,2053,4071,tuning_validation_mechanism_diagnostic,full_method_nested_hpo_v3,0c65097c9b86b900c22caf62144fb801532978cb,8aa8fb9172c7d3f5e4ef34220431f3e8643209fd68a11296dfaed658d8fae25d
68219,stationary_low_noise,none,zero_residual_frequency,-9.271663583709788e-05,-9.232244301704551e-05,-3.9419282005237477e-07,-408.74516782069514,-408.04136008854016,-0.7038077321549849,9.271663583709788e-05,9.232244301704551e-05,-3.9419282005237477e-07,0.010071467515371534,0.009988872653453652,8.259486191788262e-05,5.614661061285982e-06,4.1494070950441554e-06,0.0005379073406907587,5.379071470975493e-06,3,3,0,0,True,freq_hrl_no_promotion_v5,v5_u3_l3_h01_p005_balanced,2053,4071,tuning_validation_mechanism_diagnostic,full_method_nested_hpo_v3,0c65097c9b86b900c22caf62144fb801532978cb,8aa8fb9172c7d3f5e4ef34220431f3e8643209fd68a11296dfaed658d8fae25d
68227,stationary_low_noise,none,zero_residual_frequency,-0.00011907397202304271,-0.00011751644057633737,-1.5575314467053403e-06,-317.5418577912414,-306.46520678027264,-11.07665101096876,0.00011907397202304271,0.00011751644057633737,-1.5575314467053403e-06,0.011092946499856347,0.011077943145615665,1.5003354240681471e-05,5.942980316676293e-06,4.544169926442533e-06,0.0006761546401485752,6.761541196430927e-06,3,3,0,0,True,freq_hrl_no_promotion_v5,v5_u3_l3_h01_p005_balanced,2053,4071,tuning_validation_mechanism_diagnostic,full_method_nested_hpo_v3,0c65097c9b86b900c22caf62144fb801532978cb,8aa8fb9172c7d3f5e4ef34220431f3e8643209fd68a11296dfaed658d8fae25d
68207,persistent_shift,none,zero_residual_frequency,0.019192866103468154,0.019214182243021405,-2.131613955325129e-05,201.90898304864126,202.01167454506069,-0.10269149641942477,0.0009496663092433133,0.0009443800506934164,-5.2862585498969494e-06,0.762356532186433,0.7620365733145781,0.00031995887185487515,-1.3577159094185302e-05,-1.6998317787393423e-06,0.004174195480219269,4.173791761651579e-05,3,3,0,0,True,freq_hrl_no_promotion_v5,v5_u3_l3_h01_p005_balanced,2026,2026,tuning_validation_mechanism_diagnostic,full_method_nested_hpo_v3,0c65097c9b86b900c22caf62144fb801532978cb,8aa8fb9172c7d3f5e4ef34220431f3e8643209fd68a11296dfaed658d8fae25d
68209,persistent_shift,none,zero_residual_frequency,0.01793019568563281,0.01792410017616497,6.095509467840543e-06,199.48205055170303,199.63067974230637,-0.14862919060334434,0.001298340159354039,0.0012891018246874442,-9.238334666594739e-06,0.8508880824772425,0.8502363242636078,0.0006517582136346123,-2.9364772559547628e-05,-2.3747313021240918e-07,0.007580154137596966,7.5785529546154e-05,3,3,0,0,True,freq_hrl_no_promotion_v5,v5_u3_l3_h01_p005_balanced,2026,2026,tuning_validation_mechanism_diagnostic,full_method_nested_hpo_v3,0c65097c9b86b900c22caf62144fb801532978cb,8aa8fb9172c7d3f5e4ef34220431f3e8643209fd68a11296dfaed658d8fae25d
68213,persistent_shift,none,zero_residual_frequency,0.02201279057264105,0.022025227917438217,-1.2437344797167071e-05,187.67884723894952,187.8495485890202,-0.17070135007068643,0.0014920891429516248,0.0014870700552731542,-5.019087678470591e-06,0.9664436350049836,0.9660168786299889,0.0004267563749947856,-1.6554328967980346e-05,1.8853396209654788e-06,0.006214133989204936,6.213132425823134e-05,3,3,0,0,True,freq_hrl_no_promotion_v5,v5_u3_l3_h01_p005_balanced,2026,2026,tuning_validation_mechanism_diagnostic,full_method_nested_hpo_v3,0c65097c9b86b900c22caf62144fb801532978cb,8aa8fb9172c7d3f5e4ef34220431f3e8643209fd68a11296dfaed658d8fae25d
68219,persistent_shift,none,zero_residual_frequency,0.015941523408682157,0.015934748810068067,6.774598614089911e-06,173.61284795555594,173.71589462706686,-0.10304667151092417,0.002170588322517042,0.0021657605579613604,-4.8277645556815685e-06,0.8321371045248369,0.8309024280120334,0.001234676512803512,1.7296241552624384e-05,1.972002460766749e-07,0.004876891814597508,4.87633248431389e-05,3,3,0,0,True,freq_hrl_no_promotion_v5,v5_u3_l3_h01_p005_balanced,2026,2026,tuning_validation_mechanism_diagnostic,full_method_nested_hpo_v3,0c65097c9b86b900c22caf62144fb801532978cb,8aa8fb9172c7d3f5e4ef34220431f3e8643209fd68a11296dfaed658d8fae25d
68227,persistent_shift,none,zero_residual_frequency,0.01648660054502704,0.016542250008694026,-5.5649463666984644e-05,187.83243966257857,187.99402797846528,-0.16158831588671774,0.000985534233514107,0.0009816943388190058,-3.839894695101265e-06,0.7399751736788258,0.7406141168972653,-0.0006389432184394916,6.209343806759113e-06,-2.3671162868283294e-06,0.005351452676525999,5.350757696039366e-05,3,3,0,0,True,freq_hrl_no_promotion_v5,v5_u3_l3_h01_p005_balanced,2026,2026,tuning_validation_mechanism_diagnostic,full_method_nested_hpo_v3,0c65097c9b86b900c22caf62144fb801532978cb,8aa8fb9172c7d3f5e4ef34220431f3e8643209fd68a11296dfaed658d8fae25d
68207,persistent_shift,none,zero_residual_frequency,0.005633044754753014,0.005703619538880211,-7.057478412719753e-05,176.88865410779644,178.01077123367028,-1.1221171258738423,0.00016543479309893971,0.00016535449634202948,-8.029675691023641e-08,0.29730424036612824,0.2968988472218429,0.00040539314428533757,0.0002237436480651583,0.00012154175181253858,0.007518763338561662,7.517138971286444e-05,3,3,0,0,True,freq_hrl_no_promotion_v5,v5_u3_l3_h01_p005_balanced,2039,2039,tuning_validation_mechanism_diagnostic,full_method_nested_hpo_v3,0c65097c9b86b900c22caf62144fb801532978cb,8aa8fb9172c7d3f5e4ef34220431f3e8643209fd68a11296dfaed658d8fae25d
68209,persistent_shift,none,zero_residual_frequency,0.007910082406828778,0.007921967898657511,-1.1885491828733663e-05,193.60967706270793,193.6325634124793,-0.02288634977136894,0.0002035378734072113,0.0002038339680986434,2.9609469143210276e-07,0.34348137280181296,0.3433341624323679,0.00014721036944503885,0.00023939616594887894,0.00010206525123833432,0.010680658143165704,0.00010676921338521697,3,3,0,0,True,freq_hrl_no_promotion_v5,v5_u3_l3_h01_p005_balanced,2039,2039,tuning_validation_mechanism_diagnostic,full_method_nested_hpo_v3,0c65097c9b86b900c22caf62144fb801532978cb,8aa8fb9172c7d3f5e4ef34220431f3e8643209fd68a11296dfaed658d8fae25d
68213,persistent_shift,none,zero_residual_frequency,0.009321198827305421,0.009327740753050762,-6.5419257453402935e-06,239.9082520448705,240.04700410200363,-0.1387520571331322,0.00016681862793632707,0.0001673313478542937,5.12719917966642e-07,0.3568051701686775,0.3566286045248437,0.000176565643833837,0.0002421389317686723,0.00010384539221609689,0.011336158138712764,0.00011333004658260435,3,3,0,0,True,freq_hrl_no_promotion_v5,v5_u3_l3_h01_p005_balanced,2039,2039,tuning_validation_mechanism_diagnostic,full_method_nested_hpo_v3,0c65097c9b86b900c22caf62144fb801532978cb,8aa8fb9172c7d3f5e4ef34220431f3e8643209fd68a11296dfaed658d8fae25d
68219,persistent_shift,none,zero_residual_frequency,0.004383057872727303,0.004461623904059353,-7.85660313320502e-05,145.6115624417474,146.9019879820646,-1.2904255403172158,0.00020225991907851792,0.00020280524749050066,5.453284119827373e-07,0.31295065630099966,0.31296641353166066,-1.5757230660995436e-05,0.00022364307287724941,0.00011655211983597885,0.008078105879960478,8.075957895257108e-05,3,3,0,0,True,freq_hrl_no_promotion_v5,v5_u3_l3_h01_p005_balanced,2039,2039,tuning_validation_mechanism_diagnostic,full_method_nested_hpo_v3,0c65097c9b86b900c22caf62144fb801532978cb,8aa8fb9172c7d3f5e4ef34220431f3e8643209fd68a11296dfaed658d8fae25d
68227,persistent_shift,none,zero_residual_frequency,0.005222646509432938,0.00536823217083815,-0.000145585661405212,151.80041287449683,153.25400650109677,-1.4535936265999396,0.0003354649327510506,0.00033581101223878473,3.4607948773413e-07,0.29968846783869296,0.30012213938513865,-0.00043367154644569084,0.0002573188177576297,0.000126799508275747,0.008014309858360017,8.012094472453691e-05,3,3,0,0,True,freq_hrl_no_promotion_v5,v5_u3_l3_h01_p005_balanced,2039,2039,tuning_validation_mechanism_diagnostic,full_method_nested_hpo_v3,0c65097c9b86b900c22caf62144fb801532978cb,8aa8fb9172c7d3f5e4ef34220431f3e8643209fd68a11296dfaed658d8fae25d
68207,persistent_shift,none,zero_residual_frequency,0.007163717422355997,0.007163288208009044,4.2921434695308847e-07,178.89477247135088,178.91811651246283,-0.02334404111195454,0.0008391521154472725,0.0008378360230941739,-1.3160923530985968e-06,0.5238666943116743,0.5232433929341636,0.0006233013775107654,1.5587395565447454e-05,1.495317858856168e-05,0.0036838801308881055,3.683784885782922e-05,3,3,0,0,True,freq_hrl_no_promotion_v5,v5_u3_l3_h01_p005_balanced,2053,2053,tuning_validation_mechanism_diagnostic,full_method_nested_hpo_v3,0c65097c9b86b900c22caf62144fb801532978cb,8aa8fb9172c7d3f5e4ef34220431f3e8643209fd68a11296dfaed658d8fae25d
68209,persistent_shift,none,zero_residual_frequency,0.007636221804473875,0.007636685125946174,-4.633214722993273e-07,185.21881307034874,185.3122215976257,-0.09340852727694937,0.0003980018277297548,0.0003975367218832515,-4.651058465032776e-07,0.5342361942349408,0.5341165166798412,0.00011967755509967315,1.58279619774647e-05,1.451095671810115e-05,0.0064459468997180615,6.445570847278588e-05,3,3,0,0,True,freq_hrl_no_promotion_v5,v5_u3_l3_h01_p005_balanced,2053,2053,tuning_validation_mechanism_diagnostic,full_method_nested_hpo_v3,0c65097c9b86b900c22caf62144fb801532978cb,8aa8fb9172c7d3f5e4ef34220431f3e8643209fd68a11296dfaed658d8fae25d
68213,persistent_shift,none,zero_residual_frequency,0.009096650929658834,0.00909136496794849,5.2859617103440115e-06,208.7005639623232,208.53333394451187,0.16723001781133462,0.00036278876597473086,0.0003631001482790053,3.1138230427441016e-07,0.6120383684639781,0.612104976020817,-6.660755683896014e-05,1.8353620244146176e-05,1.991247729344177e-05,0.006084418126152336,6.084128396283398e-05,3,3,0,0,True,freq_hrl_no_promotion_v5,v5_u3_l3_h01_p005_balanced,2053,2053,tuning_validation_mechanism_diagnostic,full_method_nested_hpo_v3,0c65097c9b86b900c22caf62144fb801532978cb,8aa8fb9172c7d3f5e4ef34220431f3e8643209fd68a11296dfaed658d8fae25d
68219,persistent_shift,none,zero_residual_frequency,0.006074964357532853,0.0060702016940927805,4.762663440072146e-06,162.65238303810088,162.68858625953595,-0.036203221435073374,0.0009034682344780665,0.0008992268134340176,-4.241421044048899e-06,0.5810533254899402,0.58049951976027,0.0005538057296701204,3.1246888481257965e-05,1.721050349393939e-05,0.00444889406414101,4.448749645030092e-05,3,3,0,0,True,freq_hrl_no_promotion_v5,v5_u3_l3_h01_p005_balanced,2053,2053,tuning_validation_mechanism_diagnostic,full_method_nested_hpo_v3,0c65097c9b86b900c22caf62144fb801532978cb,8aa8fb9172c7d3f5e4ef34220431f3e8643209fd68a11296dfaed658d8fae25d
68227,persistent_shift,none,zero_residual_frequency,0.006072071823625791,0.006073474623945696,-1.4028003199051398e-06,160.2243876158372,160.18027886171748,0.04410875411971915,0.0008310087759253459,0.0008310452612588781,3.648533353217687e-08,0.47835557871348966,0.4792982332036506,-0.0009426544901609546,2.6751557508765453e-05,1.3738411831875561e-05,0.004831653997219594,4.8314755742553456e-05,3,3,0,0,True,freq_hrl_no_promotion_v5,v5_u3_l3_h01_p005_balanced,2053,2053,tuning_validation_mechanism_diagnostic,full_method_nested_hpo_v3,0c65097c9b86b900c22caf62144fb801532978cb,8aa8fb9172c7d3f5e4ef34220431f3e8643209fd68a11296dfaed658d8fae25d
68207,ood_period,none,zero_residual_frequency,0.01077106697304786,0.010919477567438163,-0.00014841059439030246,165.89985495809108,165.8730563341725,0.026798623918580233,0.0004290257467993719,0.0004298146871225539,7.889403231819969e-07,0.6642903025788234,0.6717784566462577,-0.007488154067434305,-3.2489741847345564e-05,-2.439617584484036e-05,0.007633570113709235,7.632458514769792e-05,3,3,0,0,True,freq_hrl_no_promotion_v5,v5_u3_l3_h01_p005_balanced,2026,7071,tuning_validation_mechanism_diagnostic,full_method_nested_hpo_v3,0c65097c9b86b900c22caf62144fb801532978cb,8aa8fb9172c7d3f5e4ef34220431f3e8643209fd68a11296dfaed658d8fae25d
68209,ood_period,none,zero_residual_frequency,0.008812682415924922,0.008843658783822317,-3.097636789739511e-05,126.08715064448882,126.2573158025152,-0.17016515802637855,0.0015597195171925815,0.0015542626925907355,-5.456824601846044e-06,0.7761568018045191,0.7759083347183973,0.00024846708612180635,7.715208007058578e-06,-1.8899871813335567e-05,0.00801590449627838,8.014729478001591e-05,3,3,0,0,True,freq_hrl_no_promotion_v5,v5_u3_l3_h01_p005_balanced,2026,7071,tuning_validation_mechanism_diagnostic,full_method_nested_hpo_v3,0c65097c9b86b900c22caf62144fb801532978cb,8aa8fb9172c7d3f5e4ef34220431f3e8643209fd68a11296dfaed658d8fae25d
68213,ood_period,none,zero_residual_frequency,0.01674833371843709,0.016773929386662223,-2.5595668225131263e-05,152.69862546621954,152.5428577336453,0.15576773257424747,0.0010737855880345037,0.001078504947606862,4.7193595723582504e-06,1.0167600684315834,1.0193395140415653,-0.002579445609981912,-8.23593619594962e-05,-1.3676714575214588e-05,0.010526145643274908,0.00010523241633197206,3,3,0,0,True,freq_hrl_no_promotion_v5,v5_u3_l3_h01_p005_balanced,2026,7071,tuning_validation_mechanism_diagnostic,full_method_nested_hpo_v3,0c65097c9b86b900c22caf62144fb801532978cb,8aa8fb9172c7d3f5e4ef34220431f3e8643209fd68a11296dfaed658d8fae25d
68219,ood_period,none,zero_residual_frequency,0.009346482082973395,0.009416803911736604,-7.032182876320903e-05,127.91077811804809,127.95444965088753,-0.04367153283943992,0.0012149338754102734,0.001222494780426131,7.5609050158576e-06,0.7440803541488844,0.7473551928955832,-0.0032748387466987605,6.975979562231878e-06,-2.1676274731226745e-05,0.005059573823018582,5.0592077466661076e-05,3,3,0,0,True,freq_hrl_no_promotion_v5,v5_u3_l3_h01_p005_balanced,2026,7071,tuning_validation_mechanism_diagnostic,full_method_nested_hpo_v3,0c65097c9b86b900c22caf62144fb801532978cb,8aa8fb9172c7d3f5e4ef34220431f3e8643209fd68a11296dfaed658d8fae25d
68227,ood_period,none,zero_residual_frequency,0.01071665907872199,0.010753985515812747,-3.732643709075667e-05,134.5441912934675,134.46069807009576,0.08349322337173248,0.0012441790713308976,0.0012509487189732438,6.7696476423462215e-06,0.8117623507681597,0.8147966101805251,-0.0030342594123653477,-4.19979311421346e-05,-2.106089834920656e-05,0.006815441624227484,6.814259008752675e-05,3,3,0,0,True,freq_hrl_no_promotion_v5,v5_u3_l3_h01_p005_balanced,2026,7071,tuning_validation_mechanism_diagnostic,full_method_nested_hpo_v3,0c65097c9b86b900c22caf62144fb801532978cb,8aa8fb9172c7d3f5e4ef34220431f3e8643209fd68a11296dfaed658d8fae25d
68207,ood_period,none,zero_residual_frequency,0.012760536384310184,0.012762603975614795,-2.067591304610872e-06,175.9171546868341,175.94939928565606,-0.03224459882196129,0.0002543029290776877,0.0002549726375283834,6.697084506956941e-07,0.642276365353776,0.6410981066174544,0.0011782587363216024,0.00010146587666985671,7.654800668222399e-05,0.0050193524851137135,5.018368115671433e-05,3,3,0,0,True,freq_hrl_no_promotion_v5,v5_u3_l3_h01_p005_balanced,2039,7084,tuning_validation_mechanism_diagnostic,full_method_nested_hpo_v3,0c65097c9b86b900c22caf62144fb801532978cb,8aa8fb9172c7d3f5e4ef34220431f3e8643209fd68a11296dfaed658d8fae25d
68209,ood_period,none,zero_residual_frequency,0.008881719904496155,0.008865653546269892,1.6066358226263233e-05,133.6706946618982,133.7132039798067,-0.04250931790849677,0.0012536666667702923,0.0012503121080085222,-3.3545587617700434e-06,0.6559763011525291,0.6533444304744065,0.0026318706781226497,7.616534533327727e-05,6.446263767689552e-05,0.007234773844134503,7.234021415954955e-05,3,3,0,0,True,freq_hrl_no_promotion_v5,v5_u3_l3_h01_p005_balanced,2039,7084,tuning_validation_mechanism_diagnostic,full_method_nested_hpo_v3,0c65097c9b86b900c22caf62144fb801532978cb,8aa8fb9172c7d3f5e4ef34220431f3e8643209fd68a11296dfaed658d8fae25d
68213,ood_period,none,zero_residual_frequency,0.019441993692212334,0.019449690120890484,-7.696428678150014e-06,161.66439043150146,161.4778034388256,0.18658699267587053,0.001061595420686401,0.0010643474404936626,2.7520198072616964e-06,0.9681457472624864,0.9694308708429418,-0.001285123580455405,2.2528137254233317e-05,6.808608951898322e-05,0.0071294249049969945,7.128949320682685e-05,3,3,0,0,True,freq_hrl_no_promotion_v5,v5_u3_l3_h01_p005_balanced,2039,7084,tuning_validation_mechanism_diagnostic,full_method_nested_hpo_v3,0c65097c9b86b900c22caf62144fb801532978cb,8aa8fb9172c7d3f5e4ef34220431f3e8643209fd68a11296dfaed658d8fae25d
68219,ood_period,none,zero_residual_frequency,0.009021344162363665,0.00904645573859697,-2.51115762333054e-05,127.05799634624692,127.01874042643863,0.03925591980829779,0.000978201761927533,0.000982044880582622,3.843118655089128e-06,0.6756693965307582,0.6763177392237992,-0.0006483426930410374,0.00011619091534907381,7.62441506177502e-05,0.0053206772307829745,5.3200759168325676e-05,3,3,0,0,True,freq_hrl_no_promotion_v5,v5_u3_l3_h01_p005_balanced,2039,7084,tuning_validation_mechanism_diagnostic,full_method_nested_hpo_v3,0c65097c9b86b900c22caf62144fb801532978cb,8aa8fb9172c7d3f5e4ef34220431f3e8643209fd68a11296dfaed658d8fae25d
68227,ood_period,none,zero_residual_frequency,0.010822126885738914,0.01084225148223883,-2.012459649991527e-05,140.990432343481,140.87698310968526,0.11344923379573402,0.0009335005741446523,0.0009379760706801354,4.475496535483181e-06,0.7234031556549108,0.7250868634294533,-0.00168370777454252,0.00012067650029048664,7.516731969902209e-05,0.005857651191238095,5.8569486671485054e-05,3,3,0,0,True,freq_hrl_no_promotion_v5,v5_u3_l3_h01_p005_balanced,2039,7084,tuning_validation_mechanism_diagnostic,full_method_nested_hpo_v3,0c65097c9b86b900c22caf62144fb801532978cb,8aa8fb9172c7d3f5e4ef34220431f3e8643209fd68a11296dfaed658d8fae25d
68207,ood_period,none,zero_residual_frequency,0.01196407976838243,0.011974214533043037,-1.0134764660607587e-05,175.55420207677966,175.7318181671203,-0.17761609034064918,0.00024059700865985967,0.00024081915852947056,2.2214986961088812e-07,0.593905052814307,0.5925971584214278,0.0013078943928792608,9.926538450932215e-05,3.8226779323772625e-05,0.00413303957446058,4.132717932816014e-05,3,3,0,0,True,freq_hrl_no_promotion_v5,v5_u3_l3_h01_p005_balanced,2053,7098,tuning_validation_mechanism_diagnostic,full_method_nested_hpo_v3,0c65097c9b86b900c22caf62144fb801532978cb,8aa8fb9172c7d3f5e4ef34220431f3e8643209fd68a11296dfaed658d8fae25d
68209,ood_period,none,zero_residual_frequency,0.00931410219468809,0.009326357651241013,-1.225545655292315e-05,141.57239127436492,141.61722853416796,-0.04483725980304598,0.0008718307814281623,0.0008717205661128435,-1.1021531531874018e-07,0.6274109829024929,0.627389986032383,2.0996870109812882e-05,8.462261038915981e-05,4.0729465030797564e-05,0.004384260113288797,4.3838637032846676e-05,3,3,0,0,True,freq_hrl_no_promotion_v5,v5_u3_l3_h01_p005_balanced,2053,7098,tuning_validation_mechanism_diagnostic,full_method_nested_hpo_v3,0c65097c9b86b900c22caf62144fb801532978cb,8aa8fb9172c7d3f5e4ef34220431f3e8643209fd68a11296dfaed658d8fae25d
68213,ood_period,none,zero_residual_frequency,0.017098839937046417,0.01709230560492281,6.534332123608877e-06,161.62807103600852,161.77205255385473,-0.14398151784621405,0.0010583947633643342,0.001058221505462531,-1.7325790180322542e-07,0.8422376873670739,0.8400036493805737,0.002234037986500237,0.00014801534134115194,2.690895774254172e-05,0.006820091168174258,6.819371722705233e-05,3,3,0,0,True,freq_hrl_no_promotion_v5,v5_u3_l3_h01_p005_balanced,2053,7098,tuning_validation_mechanism_diagnostic,full_method_nested_hpo_v3,0c65097c9b86b900c22caf62144fb801532978cb,8aa8fb9172c7d3f5e4ef34220431f3e8643209fd68a11296dfaed658d8fae25d
68219,ood_period,none,zero_residual_frequency,0.009516981880326014,0.009510313512043123,6.668368282891635e-06,139.6185137304076,139.6865180493206,-0.06800431891298331,0.0007314360216987836,0.0007289247218225103,-2.5112998762732985e-06,0.6041371586121471,0.6027213245880031,0.0014158340241440248,6.551748189536277e-05,3.5625835364920845e-05,0.002853243958543317,2.8530869459973924e-05,3,3,0,0,True,freq_hrl_no_promotion_v5,v5_u3_l3_h01_p005_balanced,2053,7098,tuning_validation_mechanism_diagnostic,full_method_nested_hpo_v3,0c65097c9b86b900c22caf62144fb801532978cb,8aa8fb9172c7d3f5e4ef34220431f3e8643209fd68a11296dfaed658d8fae25d
68227,ood_period,none,zero_residual_frequency,0.010706874661647214,0.010702401145517682,4.47351612953284e-06,142.39995379410442,142.4962328900497,-0.0962790959452775,0.0008300516206449782,0.0008303507722139392,2.9915156896098694e-07,0.6681322011251873,0.6661698066303379,0.001962394494849473,8.577364825635176e-05,3.8941975953207984e-05,0.004121142537547308,4.120755470341388e-05,3,3,0,0,True,freq_hrl_no_promotion_v5,v5_u3_l3_h01_p005_balanced,2053,7098,tuning_validation_mechanism_diagnostic,full_method_nested_hpo_v3,0c65097c9b86b900c22caf62144fb801532978cb,8aa8fb9172c7d3f5e4ef34220431f3e8643209fd68a11296dfaed658d8fae25d
68207,stationary_low_noise,none,zero_residual_frequency,0.000985201375407252,0.0009861957247392361,-9.943493319841679e-07,86.29579331076913,86.49480475363197,-0.19901144286284023,0.00020063861919161763,0.00020000333065872677,-6.352885328908542e-07,0.2948536837413366,0.2942086781956606,0.0006450055456759807,0.00010145526913527599,8.671574468249607e-05,0.0011316432694810723,1.4144854108929875e-05,3,3,0,0,True,freq_hrl_no_promotion_v5,v5_u3_l3_h1_p3_activegate,2026,4044,tuning_validation_mechanism_diagnostic,full_method_nested_hpo_v3,0c65097c9b86b900c22caf62144fb801532978cb,8aa8fb9172c7d3f5e4ef34220431f3e8643209fd68a11296dfaed658d8fae25d
68209,stationary_low_noise,none,zero_residual_frequency,0.0006467129680767236,0.0006506586237859935,-3.9456557092698574e-06,58.008496067953224,58.3137276651271,-0.30523159717387216,0.0001750461584401064,0.0001732410007185825,-1.8051577215238979e-06,0.2974218377357163,0.2971544779178209,0.0002673598178953851,0.00010209700935573367,8.456614044763218e-05,0.0011820610399606972,1.4774808894239304e-05,3,3,0,0,True,freq_hrl_no_promotion_v5,v5_u3_l3_h1_p3_activegate,2026,4044,tuning_validation_mechanism_diagnostic,full_method_nested_hpo_v3,0c65097c9b86b900c22caf62144fb801532978cb,8aa8fb9172c7d3f5e4ef34220431f3e8643209fd68a11296dfaed658d8fae25d
68213,stationary_low_noise,none,zero_residual_frequency,0.002225752604682052,0.00222648184212626,-7.292374442080529e-07,145.64058880070556,145.93498679673596,-0.29439799603039774,0.00015705483667727282,0.00015721758907993877,1.6275240266594437e-07,0.35595509509471446,0.3550433386400323,0.0009117564546821666,0.0001214200936622721,9.63724220086405e-05,0.0014949494324860604,1.8685889396101788e-05,3,3,0,0,True,freq_hrl_no_promotion_v5,v5_u3_l3_h1_p3_activegate,2026,4044,tuning_validation_mechanism_diagnostic,full_method_nested_hpo_v3,0c65097c9b86b900c22caf62144fb801532978cb,8aa8fb9172c7d3f5e4ef34220431f3e8643209fd68a11296dfaed658d8fae25d
68219,stationary_low_noise,none,zero_residual_frequency,0.0013002023576778043,0.0013017391496594755,-1.536791981671115e-06,108.36867143982738,108.54558247027661,-0.17691103044923295,0.00018035707303676318,0.00018021160282077897,-1.454702159842114e-07,0.324004489640341,0.32359490043856093,0.0004095892017800806,0.00010520151420767633,9.208801895995835e-05,0.0009864249339645742,1.2329593517631843e-05,3,3,0,0,True,freq_hrl_no_promotion_v5,v5_u3_l3_h1_p3_activegate,2026,4044,tuning_validation_mechanism_diagnostic,full_method_nested_hpo_v3,0c65097c9b86b900c22caf62144fb801532978cb,8aa8fb9172c7d3f5e4ef34220431f3e8643209fd68a11296dfaed658d8fae25d
68227,stationary_low_noise,none,zero_residual_frequency,0.0013827517851046078,0.0013884769678482733,-5.725182743665513e-06,101.27000120592464,101.54645958273765,-0.2764583768130109,0.00018256142645400875,0.00018186814843546006,-6.93278018548682e-07,0.32775183921855877,0.3275618209119622,0.00019001830659659547,0.00010821309741304611,9.26392997133378e-05,0.0012099564101340043,1.5123593367044087e-05,3,3,0,0,True,freq_hrl_no_promotion_v5,v5_u3_l3_h1_p3_activegate,2026,4044,tuning_validation_mechanism_diagnostic,full_method_nested_hpo_v3,0c65097c9b86b900c22caf62144fb801532978cb,8aa8fb9172c7d3f5e4ef34220431f3e8643209fd68a11296dfaed658d8fae25d
68207,stationary_low_noise,none,zero_residual_frequency,0.0018419927972566086,0.00184470389659519,-2.7110993385814908e-06,97.37337486360545,97.6547886207751,-0.2814137571696449,0.00030074585785033747,0.00030081926830805017,7.341045771269705e-08,0.4412919218443367,0.44036904367761476,0.0009228781667219299,8.167709260183557e-05,4.380607655950471e-05,0.002364890245795929,2.9558946699196236e-05,3,3,0,0,True,freq_hrl_no_promotion_v5,v5_u3_l3_h1_p3_activegate,2039,4057,tuning_validation_mechanism_diagnostic,full_method_nested_hpo_v3,0c65097c9b86b900c22caf62144fb801532978cb,8aa8fb9172c7d3f5e4ef34220431f3e8643209fd68a11296dfaed658d8fae25d
68209,stationary_low_noise,none,zero_residual_frequency,0.0010227756145877454,0.0010295652541565392,-6.789639568793859e-06,57.33709764414517,57.58424282385756,-0.24714517971239047,0.00040899742645883475,0.0004093360865295992,3.386600707644405e-07,0.43200836996727193,0.43227358295777224,-0.00026521299050030755,8.974638038622141e-05,4.003603902394652e-05,0.0035622325956056653,4.4523282998915033e-05,3,3,0,0,True,freq_hrl_no_promotion_v5,v5_u3_l3_h1_p3_activegate,2039,4057,tuning_validation_mechanism_diagnostic,full_method_nested_hpo_v3,0c65097c9b86b900c22caf62144fb801532978cb,8aa8fb9172c7d3f5e4ef34220431f3e8643209fd68a11296dfaed658d8fae25d
68213,stationary_low_noise,none,zero_residual_frequency,0.002903844118364418,0.00290871348765398,-4.869369289561831e-06,138.43432651330477,139.12815429715107,-0.6938277838463023,0.0002768898102614159,0.00027670707394156224,-1.8273631985366023e-07,0.5048158540254502,0.5019217308479258,0.0028941231775243548,0.00013110731687173934,4.614700305447306e-05,0.0040472159241188715,5.0585861233069626e-05,3,3,0,0,True,freq_hrl_no_promotion_v5,v5_u3_l3_h1_p3_activegate,2039,4057,tuning_validation_mechanism_diagnostic,full_method_nested_hpo_v3,0c65097c9b86b900c22caf62144fb801532978cb,8aa8fb9172c7d3f5e4ef34220431f3e8643209fd68a11296dfaed658d8fae25d
68219,stationary_low_noise,none,zero_residual_frequency,0.0015672013881473656,0.001570333055757711,-3.1316676103454455e-06,88.21687907758937,88.54170960645465,-0.3248305288652773,0.0002818111343242391,0.0002820957957442305,2.846614199913944e-07,0.4594578853502923,0.4583390144756746,0.0011188708746177056,9.182379727833034e-05,4.4759371107934276e-05,0.0027237810102734433,3.404428567884431e-05,3,3,0,0,True,freq_hrl_no_promotion_v5,v5_u3_l3_h1_p3_activegate,2039,4057,tuning_validation_mechanism_diagnostic,full_method_nested_hpo_v3,0c65097c9b86b900c22caf62144fb801532978cb,8aa8fb9172c7d3f5e4ef34220431f3e8643209fd68a11296dfaed658d8fae25d
68227,stationary_low_noise,none,zero_residual_frequency,0.0020390397555709594,0.0020493961602292554,-1.0356404658296015e-05,95.24770458579742,95.46201171276012,-0.21430712696269438,0.0002541325036665709,0.00025362592770517,-5.065759614009124e-07,0.471490881915375,0.4720158788033466,-0.000524996887971585,7.534932441223411e-05,4.325607153331671e-05,0.0027164872754332865,3.3952923298074825e-05,3,3,0,0,True,freq_hrl_no_promotion_v5,v5_u3_l3_h1_p3_activegate,2039,4057,tuning_validation_mechanism_diagnostic,full_method_nested_hpo_v3,0c65097c9b86b900c22caf62144fb801532978cb,8aa8fb9172c7d3f5e4ef34220431f3e8643209fd68a11296dfaed658d8fae25d
68207,stationary_low_noise,none,zero_residual_frequency,-0.00013843986959072296,-0.00013632047843026296,-2.1193911604600046e-06,-342.90914337340524,-344.13640417158757,1.2272607981823285,0.00013990621195092423,0.0001376157705189618,-2.290441431962442e-06,0.010816344711769506,0.010509091569862114,0.0003072531419073925,7.445919398742687e-06,6.717221881972387e-06,0.0007500598766070097,9.375744805126986e-06,3,3,0,0,True,freq_hrl_no_promotion_v5,v5_u3_l3_h1_p3_activegate,2053,4071,tuning_validation_mechanism_diagnostic,full_method_nested_hpo_v3,0c65097c9b86b900c22caf62144fb801532978cb,8aa8fb9172c7d3f5e4ef34220431f3e8643209fd68a11296dfaed658d8fae25d
68209,stationary_low_noise,none,zero_residual_frequency,-3.7725145386469094e-05,-3.698968006049519e-05,-7.354653259739052e-07,-135.6464039661921,-140.02629988586753,4.37989591967542,3.827378814835747e-05,3.7008432809737535e-05,-1.2653553386199334e-06,0.01292016795509943,0.012186884419520993,0.000733283535578437,8.277587050995457e-06,2.5481478661251987e-06,0.0009808853798625073,1.2261060678175216e-05,3,3,0,0,True,freq_hrl_no_promotion_v5,v5_u3_l3_h1_p3_activegate,2053,4071,tuning_validation_mechanism_diagnostic,full_method_nested_hpo_v3,0c65097c9b86b900c22caf62144fb801532978cb,8aa8fb9172c7d3f5e4ef34220431f3e8643209fd68a11296dfaed658d8fae25d
68213,stationary_low_noise,none,zero_residual_frequency,-0.0001524807632180547,-0.0001489475036831056,-3.533259534949096e-06,-427.13602652396105,-424.7770963486753,-2.3589301752857637,0.0001524807632180547,0.0001489475036831056,-3.533259534949096e-06,0.0126801223875838,0.012103045298802604,0.0005770770887811964,3.452730443624979e-06,6.891090097570225e-06,0.0008835981696544575,1.1044969599525873e-05,3,3,0,0,True,freq_hrl_no_promotion_v5,v5_u3_l3_h1_p3_activegate,2053,4071,tuning_validation_mechanism_diagnostic,full_method_nested_hpo_v3,0c65097c9b86b900c22caf62144fb801532978cb,8aa8fb9172c7d3f5e4ef34220431f3e8643209fd68a11296dfaed658d8fae25d
68219,stationary_low_noise,none,zero_residual_frequency,-9.275561412613875e-05,-9.204168698762061e-05,-7.139271385181445e-07,-408.7142912962775,-406.4409880419504,-2.273303254327118,9.275561412613875e-05,9.204168698762061e-05,-7.139271385181445e-07,0.010111961285087318,0.01000886514335737,0.00010309614172994766,6.995355296171023e-06,5.375531906369546e-06,0.000537907336222866,6.723839282831394e-06,3,3,0,0,True,freq_hrl_no_promotion_v5,v5_u3_l3_h1_p3_activegate,2053,4071,tuning_validation_mechanism_diagnostic,full_method_nested_hpo_v3,0c65097c9b86b900c22caf62144fb801532978cb,8aa8fb9172c7d3f5e4ef34220431f3e8643209fd68a11296dfaed658d8fae25d
68227,stationary_low_noise,none,zero_residual_frequency,-0.00011935877983459964,-0.00011733059205121243,-2.028187783387203e-06,-318.89729948290244,-304.93238225146285,-13.964917231439586,0.00011935877983459964,0.00011733059205121243,-2.028187783387203e-06,0.01115439985610089,0.011117819656307579,3.65801997933117e-05,7.60351611076684e-06,5.874949806623302e-06,0.0006761539740460244,8.45191816892244e-06,3,3,0,0,True,freq_hrl_no_promotion_v5,v5_u3_l3_h1_p3_activegate,2053,4071,tuning_validation_mechanism_diagnostic,full_method_nested_hpo_v3,0c65097c9b86b900c22caf62144fb801532978cb,8aa8fb9172c7d3f5e4ef34220431f3e8643209fd68a11296dfaed658d8fae25d
68207,persistent_shift,none,zero_residual_frequency,0.019579812356057325,0.019609948331977378,-3.013597592005368e-05,204.25424836843732,204.36942442089187,-0.11517605245455798,0.0008483960624893205,0.0008422732035990865,-6.1228588902340064e-06,0.742078178407781,0.7419260798142701,0.000152098593510952,-3.4381269736471665e-05,-1.3209579680732269e-05,0.0039198940709158905,4.8993083561697604e-05,3,3,0,0,True,freq_hrl_no_promotion_v5,v5_u3_l3_h1_p3_activegate,2026,2026,tuning_validation_mechanism_diagnostic,full_method_nested_hpo_v3,0c65097c9b86b900c22caf62144fb801532978cb,8aa8fb9172c7d3f5e4ef34220431f3e8643209fd68a11296dfaed658d8fae25d
68209,persistent_shift,none,zero_residual_frequency,0.01854684157556674,0.01854162718046859,5.214395098152025e-06,201.15449698749524,201.33015668604853,-0.17565969855328945,0.0012706051693295306,0.001259419532438022,-1.1185636891508643e-05,0.8357790171261043,0.8351506958894909,0.0006283212366133828,-5.08132651343397e-05,-1.3766732455518389e-05,0.007337735397231882,9.169934738250708e-05,3,3,0,0,True,freq_hrl_no_promotion_v5,v5_u3_l3_h1_p3_activegate,2026,2026,tuning_validation_mechanism_diagnostic,full_method_nested_hpo_v3,0c65097c9b86b900c22caf62144fb801532978cb,8aa8fb9172c7d3f5e4ef34220431f3e8643209fd68a11296dfaed658d8fae25d
68213,persistent_shift,none,zero_residual_frequency,0.023342871877658267,0.02336108631153211,-1.821443387384214e-05,192.16837916260295,192.36362163551686,-0.19524247291391816,0.0014470507194612736,0.0014405551286800211,-6.495590781252503e-06,0.9476426705190002,0.9473600022419357,0.0002826682770644684,-3.512501847030549e-05,-1.0099555594851107e-05,0.006136413688000175,7.669032559268618e-05,3,3,0,0,True,freq_hrl_no_promotion_v5,v5_u3_l3_h1_p3_activegate,2026,2026,tuning_validation_mechanism_diagnostic,full_method_nested_hpo_v3,0c65097c9b86b900c22caf62144fb801532978cb,8aa8fb9172c7d3f5e4ef34220431f3e8643209fd68a11296dfaed658d8fae25d
68219,persistent_shift,none,zero_residual_frequency,0.016634574162317062,0.016622860121219496,1.1714041097565797e-05,176.78720109787935,176.894091413295,-0.10689031541565441,0.0020732654799340278,0.0020677749754324237,-5.490504501604043e-06,0.8120976986798252,0.8107024171664432,0.001395281513381974,1.7691134157980933e-06,-1.0870810237481325e-05,0.004585030219944506,5.73048251941346e-05,3,3,0,0,True,freq_hrl_no_promotion_v5,v5_u3_l3_h1_p3_activegate,2026,2026,tuning_validation_mechanism_diagnostic,full_method_nested_hpo_v3,0c65097c9b86b900c22caf62144fb801532978cb,8aa8fb9172c7d3f5e4ef34220431f3e8643209fd68a11296dfaed658d8fae25d
68227,persistent_shift,none,zero_residual_frequency,0.01672873202095393,0.01680051274001526,-7.178071906133177e-05,189.62852899809766,189.80801303539417,-0.17948403729650408,0.0009236718117094922,0.0009196278935846847,-4.043918124807533e-06,0.7178751439441688,0.718875474596858,-0.0010003306526891187,-1.2752813578503967e-05,-1.5155122855774663e-05,0.005047450990605285,6.308333551721478e-05,3,3,0,0,True,freq_hrl_no_promotion_v5,v5_u3_l3_h1_p3_activegate,2026,2026,tuning_validation_mechanism_diagnostic,full_method_nested_hpo_v3,0c65097c9b86b900c22caf62144fb801532978cb,8aa8fb9172c7d3f5e4ef34220431f3e8643209fd68a11296dfaed658d8fae25d
68207,persistent_shift,none,zero_residual_frequency,0.006243939728384218,0.00631883760030072,-7.489787191650166e-05,179.00841025463922,180.05203264782048,-1.0436223931812663,0.0001386701378391919,0.00013852348576159912,-1.4665207759279042e-07,0.3411421468942024,0.3407759837652514,0.00036616312895099146,0.00027617288620302604,0.00014794874458537064,0.006979835833448709,8.722919761400097e-05,3,3,0,0,True,freq_hrl_no_promotion_v5,v5_u3_l3_h1_p3_activegate,2039,2039,tuning_validation_mechanism_diagnostic,full_method_nested_hpo_v3,0c65097c9b86b900c22caf62144fb801532978cb,8aa8fb9172c7d3f5e4ef34220431f3e8643209fd68a11296dfaed658d8fae25d
68209,persistent_shift,none,zero_residual_frequency,0.008080555556552182,0.008111951668885897,-3.1396112333714754e-05,194.50417735629148,194.58535523332807,-0.08117787703659474,0.00023528227996438833,0.00023554476716958206,2.624872051937288e-07,0.3797884713830126,0.3798076408706643,-1.916948765173787e-05,0.00027948664570124704,0.00012331857253615594,0.009721267733241093,0.00012147356957824173,3,3,0,0,True,freq_hrl_no_promotion_v5,v5_u3_l3_h1_p3_activegate,2039,2039,tuning_validation_mechanism_diagnostic,full_method_nested_hpo_v3,0c65097c9b86b900c22caf62144fb801532978cb,8aa8fb9172c7d3f5e4ef34220431f3e8643209fd68a11296dfaed658d8fae25d
68213,persistent_shift,none,zero_residual_frequency,0.009622280511969228,0.009643648553642192,-2.1368041672964466e-05,240.10757098651965,240.3035982680119,-0.19602728149226323,0.0001591301675663015,0.00015982749138698793,6.973238206864352e-07,0.4009050506735652,0.40066730886910307,0.00023774180446212156,0.00027149519878872047,0.0001204579823204494,0.010229793210358669,0.00012783731346090182,3,3,0,0,True,freq_hrl_no_promotion_v5,v5_u3_l3_h1_p3_activegate,2039,2039,tuning_validation_mechanism_diagnostic,full_method_nested_hpo_v3,0c65097c9b86b900c22caf62144fb801532978cb,8aa8fb9172c7d3f5e4ef34220431f3e8643209fd68a11296dfaed658d8fae25d
68219,persistent_shift,none,zero_residual_frequency,0.004799672374032005,0.004893015293933933,-9.334291990192867e-05,154.83764177828425,156.09216119049677,-1.2545194122125167,0.0001990743676703044,0.00019633787679995685,-2.736490870347552e-06,0.3513278736037462,0.35158912637217676,-0.00026125276843058653,0.0002703655257289858,0.00014302312923553963,0.007663925774815855,9.577432433661015e-05,3,3,0,0,True,freq_hrl_no_promotion_v5,v5_u3_l3_h1_p3_activegate,2039,2039,tuning_validation_mechanism_diagnostic,full_method_nested_hpo_v3,0c65097c9b86b900c22caf62144fb801532978cb,8aa8fb9172c7d3f5e4ef34220431f3e8643209fd68a11296dfaed658d8fae25d
68227,persistent_shift,none,zero_residual_frequency,0.005528226917351331,0.005708341651221138,-0.00018011473386980725,152.4771940445268,154.1018999799609,-1.6247059354340934,0.0002890758452831488,0.0002895724378957354,4.965926125866105e-07,0.34277508153610853,0.34360578699546673,-0.0008307054593582053,0.00030682648400640663,0.00015138270234678417,0.007845396423686502,9.804039420374074e-05,3,3,0,0,True,freq_hrl_no_promotion_v5,v5_u3_l3_h1_p3_activegate,2039,2039,tuning_validation_mechanism_diagnostic,full_method_nested_hpo_v3,0c65097c9b86b900c22caf62144fb801532978cb,8aa8fb9172c7d3f5e4ef34220431f3e8643209fd68a11296dfaed658d8fae25d
68207,persistent_shift,none,zero_residual_frequency,0.007592411255823439,0.0075908271673830185,1.5840884404205724e-06,182.19410929975461,182.21152032532274,-0.017411025568122795,0.0008686902146854969,0.0008672134195243375,-1.4767951611593944e-06,0.5317755005233802,0.5307787780249045,0.0009967224984757106,8.230582760023574e-06,1.3729258766018423e-05,0.0039009423217066796,4.8760892118907326e-05,3,3,0,0,True,freq_hrl_no_promotion_v5,v5_u3_l3_h1_p3_activegate,2053,2053,tuning_validation_mechanism_diagnostic,full_method_nested_hpo_v3,0c65097c9b86b900c22caf62144fb801532978cb,8aa8fb9172c7d3f5e4ef34220431f3e8643209fd68a11296dfaed658d8fae25d
68209,persistent_shift,none,zero_residual_frequency,0.008108470604220042,0.008111263422401205,-2.7928181811631703e-06,184.10156965192837,184.2362190616266,-0.13464940969822692,0.00046766821788435387,0.0004678275688191347,1.5935093478081086e-07,0.5397246523644886,0.5399248510018206,-0.00020019863733200527,-6.126382064555148e-06,8.164359046373398e-06,0.006780193886111698,8.474868631901174e-05,3,3,0,0,True,freq_hrl_no_promotion_v5,v5_u3_l3_h1_p3_activegate,2053,2053,tuning_validation_mechanism_diagnostic,full_method_nested_hpo_v3,0c65097c9b86b900c22caf62144fb801532978cb,8aa8fb9172c7d3f5e4ef34220431f3e8643209fd68a11296dfaed658d8fae25d
68213,persistent_shift,none,zero_residual_frequency,0.009540720386567836,0.009536796488464283,3.923898103552759e-06,212.73199157250255,212.45017947650638,0.2818120959961732,0.00031951553025066914,0.00032074053064801156,1.2250003973424128e-06,0.6052864327017025,0.6059790180518803,-0.000692585350177799,2.126050980049282e-06,1.5564278890810428e-05,0.006180351767721328,7.725169163348026e-05,3,3,0,0,True,freq_hrl_no_promotion_v5,v5_u3_l3_h1_p3_activegate,2053,2053,tuning_validation_mechanism_diagnostic,full_method_nested_hpo_v3,0c65097c9b86b900c22caf62144fb801532978cb,8aa8fb9172c7d3f5e4ef34220431f3e8643209fd68a11296dfaed658d8fae25d
68219,persistent_shift,none,zero_residual_frequency,0.006376073315036868,0.006365931131569358,1.0142183467509724e-05,166.0122221301166,165.99578243700276,0.016439693113852627,0.0009430728043945402,0.0009390656820396082,-4.007122354932058e-06,0.5795969928450722,0.5789934064572952,0.000603586387776911,2.8189379040482873e-05,1.612171308282162e-05,0.0045891835096376265,5.736349059065708e-05,3,3,0,0,True,freq_hrl_no_promotion_v5,v5_u3_l3_h1_p3_activegate,2053,2053,tuning_validation_mechanism_diagnostic,full_method_nested_hpo_v3,0c65097c9b86b900c22caf62144fb801532978cb,8aa8fb9172c7d3f5e4ef34220431f3e8643209fd68a11296dfaed658d8fae25d
68227,persistent_shift,none,zero_residual_frequency,0.006502835122980333,0.006503646143734887,-8.110207545541925e-07,162.7575858903711,162.63234994440015,0.12523594597095666,0.0008634001000268343,0.0008647464267955707,1.3463267687363611e-06,0.48096153023418436,0.48234190135197874,-0.0013803711177943767,2.0795391681971897e-05,1.2797857568219963e-05,0.004974134364157281,6.217488241434924e-05,3,3,0,0,True,freq_hrl_no_promotion_v5,v5_u3_l3_h1_p3_activegate,2053,2053,tuning_validation_mechanism_diagnostic,full_method_nested_hpo_v3,0c65097c9b86b900c22caf62144fb801532978cb,8aa8fb9172c7d3f5e4ef34220431f3e8643209fd68a11296dfaed658d8fae25d
68207,ood_period,none,zero_residual_frequency,0.011065207925319953,0.011237165194772247,-0.00017195726945229417,165.97666223157168,165.98799329568828,-0.011331064116603784,0.0004322368606796134,0.0004334724532809586,1.2355926013452034e-06,0.6778293984172628,0.6862576927350814,-0.008428294317818663,-3.5355305382818875e-05,-2.8677535068549394e-05,0.006954963612810792,8.692648769708713e-05,3,3,0,0,True,freq_hrl_no_promotion_v5,v5_u3_l3_h1_p3_activegate,2026,7071,tuning_validation_mechanism_diagnostic,full_method_nested_hpo_v3,0c65097c9b86b900c22caf62144fb801532978cb,8aa8fb9172c7d3f5e4ef34220431f3e8643209fd68a11296dfaed658d8fae25d
68209,ood_period,none,zero_residual_frequency,0.009263043377459868,0.009284932872272611,-2.1889494812743493e-05,127.37780248169211,127.58734239712862,-0.2095399154365083,0.0015588208522780977,0.0015478400590009933,-1.098079327710444e-05,0.8001019320847008,0.7986361326934487,0.0014657993912521317,1.655802619886219e-05,-2.0307376951152157e-05,0.007841620525586122,9.800643686390568e-05,3,3,0,0,True,freq_hrl_no_promotion_v5,v5_u3_l3_h1_p3_activegate,2026,7071,tuning_validation_mechanism_diagnostic,full_method_nested_hpo_v3,0c65097c9b86b900c22caf62144fb801532978cb,8aa8fb9172c7d3f5e4ef34220431f3e8643209fd68a11296dfaed658d8fae25d
68213,ood_period,none,zero_residual_frequency,0.017691397610821502,0.01772160414064805,-3.020652982654859e-05,153.1983959539266,153.052847962673,0.1455479912535793,0.0010804118551283048,0.0010859857331878553,5.573878059550452e-06,1.065407619633226,1.068232411565107,-0.002824791931880899,-8.385329182918342e-05,-1.5885742402537993e-05,0.009700000902079056,0.00012121963170665838,3,3,0,0,True,freq_hrl_no_promotion_v5,v5_u3_l3_h1_p3_activegate,2026,7071,tuning_validation_mechanism_diagnostic,full_method_nested_hpo_v3,0c65097c9b86b900c22caf62144fb801532978cb,8aa8fb9172c7d3f5e4ef34220431f3e8643209fd68a11296dfaed658d8fae25d
68219,ood_period,none,zero_residual_frequency,0.009569326520288524,0.009647829920842899,-7.850340055437499e-05,127.49408351622975,127.58393632098581,-0.08985280475606316,0.001204692249938133,0.00121241224512747,7.71999518933697e-06,0.7647539702532798,0.7680188504503196,-0.0032648801970397434,1.2503300357904998e-05,-2.2983240212549582e-05,0.004699781535465616,5.874303133376326e-05,3,3,0,0,True,freq_hrl_no_promotion_v5,v5_u3_l3_h1_p3_activegate,2026,7071,tuning_validation_mechanism_diagnostic,full_method_nested_hpo_v3,0c65097c9b86b900c22caf62144fb801532978cb,8aa8fb9172c7d3f5e4ef34220431f3e8643209fd68a11296dfaed658d8fae25d
68227,ood_period,none,zero_residual_frequency,0.010996206330433633,0.011035700118560365,-3.94937881267321e-05,135.05426760542633,134.98808402590512,0.06618357952120846,0.0012240083518360034,0.0012320278495293602,8.019497693356747e-06,0.833912041160773,0.83678001934409,-0.002867978183316966,-4.592192878387824e-05,-2.205509105625505e-05,0.006243747233682167,7.803468854660669e-05,3,3,0,0,True,freq_hrl_no_promotion_v5,v5_u3_l3_h1_p3_activegate,2026,7071,tuning_validation_mechanism_diagnostic,full_method_nested_hpo_v3,0c65097c9b86b900c22caf62144fb801532978cb,8aa8fb9172c7d3f5e4ef34220431f3e8643209fd68a11296dfaed658d8fae25d
68207,ood_period,none,zero_residual_frequency,0.012378649820939724,0.01237645461584913,2.195205090593788e-06,171.48282505144164,171.55609843336518,-0.07327338192354205,0.00026177142992167557,0.0002610068988931902,-7.645310284853934e-07,0.6751813057036211,0.6733553618840538,0.001825943819567355,0.00011621650634753192,8.5811857079433e-05,0.004535609404597887,5.668572489436327e-05,3,3,0,0,True,freq_hrl_no_promotion_v5,v5_u3_l3_h1_p3_activegate,2039,7084,tuning_validation_mechanism_diagnostic,full_method_nested_hpo_v3,0c65097c9b86b900c22caf62144fb801532978cb,8aa8fb9172c7d3f5e4ef34220431f3e8643209fd68a11296dfaed658d8fae25d
68209,ood_period,none,zero_residual_frequency,0.00918789971839562,0.009155576447755776,3.232327063984464e-05,133.07545703286362,133.15498050525255,-0.07952347238892798,0.001297885057555459,0.0012899992046644382,-7.88585289102084e-06,0.7047253390809622,0.7006260095464774,0.004099329534484886,9.213526009749348e-05,7.125953136825612e-05,0.006790404245409971,8.48721040285244e-05,3,3,0,0,True,freq_hrl_no_promotion_v5,v5_u3_l3_h1_p3_activegate,2039,7084,tuning_validation_mechanism_diagnostic,full_method_nested_hpo_v3,0c65097c9b86b900c22caf62144fb801532978cb,8aa8fb9172c7d3f5e4ef34220431f3e8643209fd68a11296dfaed658d8fae25d
68213,ood_period,none,zero_residual_frequency,0.020243680508229556,0.020251913637256536,-8.233129026979924e-06,159.88636155967492,159.69182888012287,0.19453267955205433,0.001132302720622369,0.0011361312563424875,3.828535720118431e-06,1.0466919260535446,1.0478890710531181,-0.001197144999573574,3.509262341270164e-05,7.785173473387369e-05,0.0066338522932912584,8.291753646309806e-05,3,3,0,0,True,freq_hrl_no_promotion_v5,v5_u3_l3_h1_p3_activegate,2039,7084,tuning_validation_mechanism_diagnostic,full_method_nested_hpo_v3,0c65097c9b86b900c22caf62144fb801532978cb,8aa8fb9172c7d3f5e4ef34220431f3e8643209fd68a11296dfaed658d8fae25d
68219,ood_period,none,zero_residual_frequency,0.009131736050968398,0.009151299543492142,-1.956349252374423e-05,124.34685513060138,124.32264873161141,0.024206398989974787,0.001121321811662801,0.0011246440348594566,3.3222231966556492e-06,0.7255830376712403,0.725770124596495,-0.00018708692525470916,0.00012512272674317603,8.598596546682617e-05,0.005007369617204758,6.258615818394038e-05,3,3,0,0,True,freq_hrl_no_promotion_v5,v5_u3_l3_h1_p3_activegate,2039,7084,tuning_validation_mechanism_diagnostic,full_method_nested_hpo_v3,0c65097c9b86b900c22caf62144fb801532978cb,8aa8fb9172c7d3f5e4ef34220431f3e8643209fd68a11296dfaed658d8fae25d
68227,ood_period,none,zero_residual_frequency,0.011062060215559333,0.011078494410275086,-1.6434194715753137e-05,138.6550333271961,138.54678137587754,0.10825195131855025,0.001021106320398868,0.0010269181792021964,5.811858803328462e-06,0.7791002086886787,0.7805276852800964,-0.0014274765914177312,0.00013829259353047733,8.465792990212351e-05,0.005108640129830948,6.385173361236822e-05,3,3,0,0,True,freq_hrl_no_promotion_v5,v5_u3_l3_h1_p3_activegate,2039,7084,tuning_validation_mechanism_diagnostic,full_method_nested_hpo_v3,0c65097c9b86b900c22caf62144fb801532978cb,8aa8fb9172c7d3f5e4ef34220431f3e8643209fd68a11296dfaed658d8fae25d
68207,ood_period,none,zero_residual_frequency,0.01189613023276559,0.011931179373348089,-3.5049140582499305e-05,175.728873553123,175.9392481731861,-0.21037462006307805,0.00023399443028404576,0.00023488105874758247,8.866284635367094e-07,0.5837233247426123,0.5828257570692981,0.0008975676733142812,0.00015310293472133236,6.385758108498052e-05,0.004414508655140202,5.517550949436594e-05,3,3,0,0,True,freq_hrl_no_promotion_v5,v5_u3_l3_h1_p3_activegate,2053,7098,tuning_validation_mechanism_diagnostic,full_method_nested_hpo_v3,0c65097c9b86b900c22caf62144fb801532978cb,8aa8fb9172c7d3f5e4ef34220431f3e8643209fd68a11296dfaed658d8fae25d
68209,ood_period,none,zero_residual_frequency,0.009707728031303153,0.009712428415691088,-4.70038438793452e-06,142.77948930613107,142.78931684136916,-0.009827535238088103,0.0009129900239145394,0.0009143183993381987,1.328375423659267e-06,0.6292853698480991,0.6289455158300029,0.0003398540180962195,0.00015577933995457012,7.104404151214429e-05,0.004797485086378906,5.996043641058587e-05,3,3,0,0,True,freq_hrl_no_promotion_v5,v5_u3_l3_h1_p3_activegate,2053,7098,tuning_validation_mechanism_diagnostic,full_method_nested_hpo_v3,0c65097c9b86b900c22caf62144fb801532978cb,8aa8fb9172c7d3f5e4ef34220431f3e8643209fd68a11296dfaed658d8fae25d
68213,ood_period,none,zero_residual_frequency,0.017259650228348855,0.01726657025603351,-6.920027684653718e-06,162.90989680373266,163.10073994505018,-0.19084314131751512,0.0010788054845024542,0.00107942231641589,6.168319134358669e-07,0.8198082969634533,0.8175786826450999,0.0022296143183533346,0.00022665918590959142,5.029835444925507e-05,0.007972046719169157,9.963541198430673e-05,3,3,0,0,True,freq_hrl_no_promotion_v5,v5_u3_l3_h1_p3_activegate,2053,7098,tuning_validation_mechanism_diagnostic,full_method_nested_hpo_v3,0c65097c9b86b900c22caf62144fb801532978cb,8aa8fb9172c7d3f5e4ef34220431f3e8643209fd68a11296dfaed658d8fae25d
68219,ood_period,none,zero_residual_frequency,0.009547587439651561,0.00954817267311281,-5.85233461247725e-07,140.76839865853574,140.86783809783267,-0.09943943929692978,0.0007328544942464266,0.0007308336789562109,-2.020815290215694e-06,0.5892873305327921,0.5877134990903042,0.0015738314424879052,0.00011387240238136523,5.821810803960636e-05,0.0033799645793604013,4.2246362960075605e-05,3,3,0,0,True,freq_hrl_no_promotion_v5,v5_u3_l3_h1_p3_activegate,2053,7098,tuning_validation_mechanism_diagnostic,full_method_nested_hpo_v3,0c65097c9b86b900c22caf62144fb801532978cb,8aa8fb9172c7d3f5e4ef34220431f3e8643209fd68a11296dfaed658d8fae25d
68227,ood_period,none,zero_residual_frequency,0.01079469515641951,0.010790096981327046,4.598175092462853e-06,143.9551288414181,144.06688869983475,-0.11175985841666147,0.0008433918669833451,0.000844115267892076,7.23400908730909e-07,0.6517977005866216,0.649361487954538,0.002436212632083601,0.0001349466036539465,6.366775166539328e-05,0.0047653278803813405,5.955914721115617e-05,3,3,0,0,True,freq_hrl_no_promotion_v5,v5_u3_l3_h1_p3_activegate,2053,7098,tuning_validation_mechanism_diagnostic,full_method_nested_hpo_v3,0c65097c9b86b900c22caf62144fb801532978cb,8aa8fb9172c7d3f5e4ef34220431f3e8643209fd68a11296dfaed658d8fae25d
68207,stationary_low_noise,none,zero_residual_frequency,0.0034064078317077584,0.003405529243405203,8.785883025552721e-07,108.18528794782918,108.20200510213454,-0.016717154305354143,0.000862904288224442,0.000862808669364612,-9.561885983000451e-08,0.7272316884011808,0.7269198875237285,0.0003118008774523062,3.6977371878104416e-05,2.7088996408523093e-05,0.0009399798057024277,9.399592831641785e-06,4,4,0,0,True,freq_hrl_no_promotion_v5,v5_u5_l3_h005_p01_macro,2026,4044,tuning_validation_mechanism_diagnostic,full_method_nested_hpo_v3,0c65097c9b86b900c22caf62144fb801532978cb,8aa8fb9172c7d3f5e4ef34220431f3e8643209fd68a11296dfaed658d8fae25d
68209,stationary_low_noise,none,zero_residual_frequency,0.0023525960777441846,0.002351583335366003,1.012742378181386e-06,73.30196483425803,73.29293589572225,0.009028938535777797,0.0007279219515945456,0.0007271783271146637,-7.436244798819658e-07,0.7399715110278521,0.7397639154498237,0.00020759557802840778,3.594437773365188e-05,3.4030785259855903e-05,0.0008471700262008299,8.471504070001655e-06,4,4,0,0,True,freq_hrl_no_promotion_v5,v5_u5_l3_h005_p01_macro,2026,4044,tuning_validation_mechanism_diagnostic,full_method_nested_hpo_v3,0c65097c9b86b900c22caf62144fb801532978cb,8aa8fb9172c7d3f5e4ef34220431f3e8643209fd68a11296dfaed658d8fae25d
68213,stationary_low_noise,none,zero_residual_frequency,0.004800824442570795,0.004801485885931767,-6.614433609719583e-07,140.5849689643419,140.6220605973414,-0.037091632999505464,0.0006897360599140701,0.0006897187350120015,-1.7324902068516224e-08,0.8363879059786771,0.836195666476844,0.00019223950183311356,4.2049491695711616e-05,3.0584563968754086e-05,0.0010378393595601664,1.037814838146161e-05,4,4,0,0,True,freq_hrl_no_promotion_v5,v5_u5_l3_h005_p01_macro,2026,4044,tuning_validation_mechanism_diagnostic,full_method_nested_hpo_v3,0c65097c9b86b900c22caf62144fb801532978cb,8aa8fb9172c7d3f5e4ef34220431f3e8643209fd68a11296dfaed658d8fae25d
68219,stationary_low_noise,none,zero_residual_frequency,0.0028972411966150524,0.002895804132824642,1.43706379041042e-06,98.16302945071644,98.14908865186912,0.01394079884731525,0.0006424575818386735,0.0006422543720875362,-2.03209751137301e-07,0.7531511186061519,0.7530071740479801,0.00014394455817179352,3.245617729651959e-05,2.9792542742205957e-05,0.0007095724692488955,7.095527688765147e-06,4,4,0,0,True,freq_hrl_no_promotion_v5,v5_u5_l3_h005_p01_macro,2026,4044,tuning_validation_mechanism_diagnostic,full_method_nested_hpo_v3,0c65097c9b86b900c22caf62144fb801532978cb,8aa8fb9172c7d3f5e4ef34220431f3e8643209fd68a11296dfaed658d8fae25d
68227,stationary_low_noise,none,zero_residual_frequency,0.003705970168355499,0.003702976642635525,2.9935257199742438e-06,109.80285250592638,109.74976702946354,0.05308547646284012,0.0007461077410926276,0.0007454105188725579,-6.972222200696265e-07,0.7642555340838776,0.7641239140264016,0.0001316200574760229,3.0476474809607973e-05,2.6196171231199946e-05,0.0008967232976930165,8.966981652870484e-06,4,4,0,0,True,freq_hrl_no_promotion_v5,v5_u5_l3_h005_p01_macro,2026,4044,tuning_validation_mechanism_diagnostic,full_method_nested_hpo_v3,0c65097c9b86b900c22caf62144fb801532978cb,8aa8fb9172c7d3f5e4ef34220431f3e8643209fd68a11296dfaed658d8fae25d
68207,stationary_low_noise,none,zero_residual_frequency,0.001582814722229653,0.0015848050470117503,-1.9903247820973746e-06,37.45461600292554,37.50253313798376,-0.047917135058220595,0.0011325476680785762,0.0011327178285832629,1.701605046866561e-07,1.1876496352965407,1.187411567785627,0.0002380675109137087,-4.490860755356826e-05,-4.3463296849134236e-05,0.0011005538574762697,1.100530986956499e-05,4,4,0,0,True,freq_hrl_no_promotion_v5,v5_u5_l3_h005_p01_macro,2039,4057,tuning_validation_mechanism_diagnostic,full_method_nested_hpo_v3,0c65097c9b86b900c22caf62144fb801532978cb,8aa8fb9172c7d3f5e4ef34220431f3e8643209fd68a11296dfaed658d8fae25d
68209,stationary_low_noise,none,zero_residual_frequency,-0.00029729410834700154,-0.0002939511161776931,-3.3429921693084452e-06,-7.51595015768746,-7.4348624809158865,-0.08108767677157314,0.0014383384450525893,0.0014366341941607352,-1.7042508918541088e-06,1.1991174536970606,1.198266165768854,0.0008512879282065455,-3.3706045178231374e-05,-3.8230010814723884e-05,0.0017342555026213329,1.734216232137607e-05,4,4,0,0,True,freq_hrl_no_promotion_v5,v5_u5_l3_h005_p01_macro,2039,4057,tuning_validation_mechanism_diagnostic,full_method_nested_hpo_v3,0c65097c9b86b900c22caf62144fb801532978cb,8aa8fb9172c7d3f5e4ef34220431f3e8643209fd68a11296dfaed658d8fae25d
68213,stationary_low_noise,none,zero_residual_frequency,0.004018026627522708,0.004019255309530179,-1.2286820074702831e-06,90.90048677971454,90.86982424045758,0.030662539256965715,0.001230367557708334,0.0012320760742046133,1.7085164962793442e-06,1.4590795716520952,1.459984103275294,-0.0009045316231988121,-3.46571460937556e-05,-3.867768649733538e-05,0.001830855357709677,1.830812121386694e-05,4,4,0,0,True,freq_hrl_no_promotion_v5,v5_u5_l3_h005_p01_macro,2039,4057,tuning_validation_mechanism_diagnostic,full_method_nested_hpo_v3,0c65097c9b86b900c22caf62144fb801532978cb,8aa8fb9172c7d3f5e4ef34220431f3e8643209fd68a11296dfaed658d8fae25d
68219,stationary_low_noise,none,zero_residual_frequency,0.0019648212653704533,0.0019653895829199186,-5.683175494652914e-07,49.33991762928558,49.33524194703453,0.004675682251047419,0.0009687962662359162,0.00097004100239384,1.2447361579237537e-06,1.255319394445876,1.2556991922561707,-0.00037979781029462423,-3.523971944636774e-05,-3.934702907165254e-05,0.0013422033052645729,1.3421798132297588e-05,4,4,0,0,True,freq_hrl_no_promotion_v5,v5_u5_l3_h005_p01_macro,2039,4057,tuning_validation_mechanism_diagnostic,full_method_nested_hpo_v3,0c65097c9b86b900c22caf62144fb801532978cb,8aa8fb9172c7d3f5e4ef34220431f3e8643209fd68a11296dfaed658d8fae25d
68227,stationary_low_noise,none,zero_residual_frequency,0.002329870828956082,0.002332240698993182,-2.369870037099986e-06,55.22581496408553,55.280812637939604,-0.05499767385407495,0.0009714227782849916,0.0009718330309351764,4.1025265018479473e-07,1.2304236685609637,1.2301774573872386,0.00024621117372514156,-3.685689289008915e-05,-4.236920778694203e-05,0.0012327596115937923,1.2327385138371338e-05,4,4,0,0,True,freq_hrl_no_promotion_v5,v5_u5_l3_h005_p01_macro,2039,4057,tuning_validation_mechanism_diagnostic,full_method_nested_hpo_v3,0c65097c9b86b900c22caf62144fb801532978cb,8aa8fb9172c7d3f5e4ef34220431f3e8643209fd68a11296dfaed658d8fae25d
68207,stationary_low_noise,none,zero_residual_frequency,0.006171828407323554,0.006176036187259815,-4.207779936260536e-06,105.44723480743407,105.47605234878905,-0.028817541354982268,0.0013800290937756587,0.0013809898633652118,9.607695895530455e-07,1.3026711493326735,1.3028566187416897,-0.00018546940901620346,4.788267753389786e-06,-1.4064948934358988e-06,0.0010742494836449624,1.0742364659558061e-05,4,4,0,0,True,freq_hrl_no_promotion_v5,v5_u5_l3_h005_p01_macro,2053,4071,tuning_validation_mechanism_diagnostic,full_method_nested_hpo_v3,0c65097c9b86b900c22caf62144fb801532978cb,8aa8fb9172c7d3f5e4ef34220431f3e8643209fd68a11296dfaed658d8fae25d
68209,stationary_low_noise,none,zero_residual_frequency,0.0046947232811802575,0.0047031521336040605,-8.42885242380298e-06,78.36667265707742,78.43342093576031,-0.06674827868289412,0.0014923501233388148,0.0014942411712778325,1.8910479390177315e-06,1.340933107775104,1.3413805509652454,-0.00044744319014133893,1.8769756768316318e-06,-1.0170612079404907e-06,0.0015785990175370696,1.578572630356259e-05,4,4,0,0,True,freq_hrl_no_promotion_v5,v5_u5_l3_h005_p01_macro,2053,4071,tuning_validation_mechanism_diagnostic,full_method_nested_hpo_v3,0c65097c9b86b900c22caf62144fb801532978cb,8aa8fb9172c7d3f5e4ef34220431f3e8643209fd68a11296dfaed658d8fae25d
68213,stationary_low_noise,none,zero_residual_frequency,0.01037180462150622,0.01037205573795319,-2.511164469698457e-07,162.3998116179643,162.3683452732771,0.03146634468720322,0.0013199092103056698,0.0013207144804827653,8.052701770955295e-07,1.433006744042618,1.4337941867224937,-0.0007874426798757383,8.200066594572421e-06,-1.1133457531314392e-06,0.001282455000020693,1.2824302685683871e-05,4,4,0,0,True,freq_hrl_no_promotion_v5,v5_u5_l3_h005_p01_macro,2053,4071,tuning_validation_mechanism_diagnostic,full_method_nested_hpo_v3,0c65097c9b86b900c22caf62144fb801532978cb,8aa8fb9172c7d3f5e4ef34220431f3e8643209fd68a11296dfaed658d8fae25d
68219,stationary_low_noise,none,zero_residual_frequency,0.006945551212769185,0.0069470707515495445,-1.5195387803590421e-06,122.48443344284802,122.49308117868412,-0.008647735836106563,0.0010760530957225622,0.00107665709946958,6.040037470178561e-07,1.3347212833642585,1.3348773486275745,-0.00015606526331590764,1.0852242536308826e-06,-7.065276614272373e-07,0.0010122974579442395,1.0122781591860427e-05,4,4,0,0,True,freq_hrl_no_promotion_v5,v5_u5_l3_h005_p01_macro,2053,4071,tuning_validation_mechanism_diagnostic,full_method_nested_hpo_v3,0c65097c9b86b900c22caf62144fb801532978cb,8aa8fb9172c7d3f5e4ef34220431f3e8643209fd68a11296dfaed658d8fae25d
68227,stationary_low_noise,none,zero_residual_frequency,0.007210715821767577,0.007212821335806918,-2.1055140393411165e-06,118.66173933972277,118.65462134779935,0.007117991923422551,0.0012020335701108387,0.00120266337760766,6.298074968213996e-07,1.3189285214327087,1.319253380668606,-0.00032485923589731236,-1.1593164694616594e-06,-1.9366044310964558e-06,0.0012257972004590556,1.2257725533204836e-05,4,4,0,0,True,freq_hrl_no_promotion_v5,v5_u5_l3_h005_p01_macro,2053,4071,tuning_validation_mechanism_diagnostic,full_method_nested_hpo_v3,0c65097c9b86b900c22caf62144fb801532978cb,8aa8fb9172c7d3f5e4ef34220431f3e8643209fd68a11296dfaed658d8fae25d
68207,persistent_shift,none,zero_residual_frequency,0.04744008365990471,0.04742637786408466,1.3705795820051492e-05,242.72836138899882,242.71337784075496,0.014983548243861833,0.0011650491779278127,0.001164520071334052,-5.291065937607087e-07,1.0481232317607665,1.048200594738853,-7.736297808658144e-05,-2.4928810998333372e-05,-7.906496042502176e-06,0.0016540595373145252,1.6540189568856e-05,4,4,0,0,True,freq_hrl_no_promotion_v5,v5_u5_l3_h005_p01_macro,2026,2026,tuning_validation_mechanism_diagnostic,full_method_nested_hpo_v3,0c65097c9b86b900c22caf62144fb801532978cb,8aa8fb9172c7d3f5e4ef34220431f3e8643209fd68a11296dfaed658d8fae25d
68209,persistent_shift,none,zero_residual_frequency,0.04164344628247019,0.041635443476332856,8.00280613733051e-06,213.92918148856646,213.93332433628422,-0.004142847717758968,0.0019993767430813714,0.0019984302636223417,-9.464794590297032e-07,1.0529698533762883,1.0528112748814786,0.00015857849480971353,-3.208106246410304e-05,-6.256054386548327e-06,0.0027255977615924265,2.7254555648846105e-05,4,4,0,0,True,freq_hrl_no_promotion_v5,v5_u5_l3_h005_p01_macro,2026,2026,tuning_validation_mechanism_diagnostic,full_method_nested_hpo_v3,0c65097c9b86b900c22caf62144fb801532978cb,8aa8fb9172c7d3f5e4ef34220431f3e8643209fd68a11296dfaed658d8fae25d
68213,persistent_shift,none,zero_residual_frequency,0.04895828794103729,0.04895278954288629,5.498398151004835e-06,234.7328071244433,234.73325439317117,-0.00044726872786782224,0.0017248535333478365,0.0017234346772658782,-1.4188560819583529e-06,1.0693867015459426,1.0692359708124506,0.0001507307334920327,-2.275519516992402e-05,-2.1377619808597116e-06,0.002517498801939332,2.5174063411872453e-05,4,4,0,0,True,freq_hrl_no_promotion_v5,v5_u5_l3_h005_p01_macro,2026,2026,tuning_validation_mechanism_diagnostic,full_method_nested_hpo_v3,0c65097c9b86b900c22caf62144fb801532978cb,8aa8fb9172c7d3f5e4ef34220431f3e8643209fd68a11296dfaed658d8fae25d
68219,persistent_shift,none,zero_residual_frequency,0.04064557660151791,0.04063489372677265,1.0682874745260307e-05,218.25856795133734,218.24235715882415,0.01621079251319202,0.002340517523276464,0.0023397462538167213,-7.712694597428182e-07,1.045672962380156,1.0455672121303845,0.00010575024977144132,-1.768944135796807e-05,-6.661047012604955e-06,0.0017283136319747427,1.7282603811119697e-05,4,4,0,0,True,freq_hrl_no_promotion_v5,v5_u5_l3_h005_p01_macro,2026,2026,tuning_validation_mechanism_diagnostic,full_method_nested_hpo_v3,0c65097c9b86b900c22caf62144fb801532978cb,8aa8fb9172c7d3f5e4ef34220431f3e8643209fd68a11296dfaed658d8fae25d
68227,persistent_shift,none,zero_residual_frequency,0.0370357327698323,0.03701216472515778,2.3568044674515676e-05,211.6337323689857,211.60501812341508,0.028714245570625963,0.000791228627340046,0.000790375808910615,-8.528184294309682e-07,1.035694103151189,1.035623005920995,7.109723019405045e-05,-3.046394620821614e-05,-1.2950762878675453e-05,0.0017089830850535589,1.708920879847355e-05,4,4,0,0,True,freq_hrl_no_promotion_v5,v5_u5_l3_h005_p01_macro,2026,2026,tuning_validation_mechanism_diagnostic,full_method_nested_hpo_v3,0c65097c9b86b900c22caf62144fb801532978cb,8aa8fb9172c7d3f5e4ef34220431f3e8643209fd68a11296dfaed658d8fae25d
68207,persistent_shift,none,zero_residual_frequency,0.012478433078130458,0.012507588885110055,-2.9155806979597187e-05,208.68649133886433,208.8472587191784,-0.1607673803140699,0.0005693146036762631,0.0005709536937866799,1.639090110416852e-06,0.6416478720604836,0.6418580508773464,-0.00021017881686280493,3.210373329130364e-05,1.6952617545857343e-05,0.002271394005331078,2.2713380173954818e-05,4,4,0,0,True,freq_hrl_no_promotion_v5,v5_u5_l3_h005_p01_macro,2039,2039,tuning_validation_mechanism_diagnostic,full_method_nested_hpo_v3,0c65097c9b86b900c22caf62144fb801532978cb,8aa8fb9172c7d3f5e4ef34220431f3e8643209fd68a11296dfaed658d8fae25d
68209,persistent_shift,none,zero_residual_frequency,0.011391917873724289,0.011321272898874968,7.064497484932097e-05,184.19447354770188,184.0891540156231,0.10531953207876654,0.0011640714233825955,0.0011561162863750196,-7.955137007575885e-06,0.73898188099708,0.7367428567239519,0.002239024273128054,4.378754518371964e-05,1.1976903588959429e-05,0.003726462853026331,3.726307986939758e-05,4,4,0,0,True,freq_hrl_no_promotion_v5,v5_u5_l3_h005_p01_macro,2039,2039,tuning_validation_mechanism_diagnostic,full_method_nested_hpo_v3,0c65097c9b86b900c22caf62144fb801532978cb,8aa8fb9172c7d3f5e4ef34220431f3e8643209fd68a11296dfaed658d8fae25d
68213,persistent_shift,none,zero_residual_frequency,0.013454951003431415,0.013392185493926734,6.276550950468085e-05,196.20319942677986,196.0349108164147,0.16828861036515264,0.00088368948054518,0.0008794163926576504,-4.27308788752967e-06,0.7524441869185368,0.7506843635316722,0.001759823386864534,2.852573726489427e-05,9.373627453831234e-06,0.0034731609502664973,3.473052075121966e-05,4,4,0,0,True,freq_hrl_no_promotion_v5,v5_u5_l3_h005_p01_macro,2039,2039,tuning_validation_mechanism_diagnostic,full_method_nested_hpo_v3,0c65097c9b86b900c22caf62144fb801532978cb,8aa8fb9172c7d3f5e4ef34220431f3e8643209fd68a11296dfaed658d8fae25d
68219,persistent_shift,none,zero_residual_frequency,0.01087412126034426,0.010888094506412704,-1.3973246068443856e-05,198.72066371943077,198.78458029526425,-0.0639165758334741,0.0005551986958786115,0.0005555111076693819,3.1241179077046155e-07,0.640404751088254,0.6407817892254664,-0.0003770381372123488,3.640752325828985e-05,1.5985451724384105e-05,0.0026527152086398722,2.6526474573999645e-05,4,4,0,0,True,freq_hrl_no_promotion_v5,v5_u5_l3_h005_p01_macro,2039,2039,tuning_validation_mechanism_diagnostic,full_method_nested_hpo_v3,0c65097c9b86b900c22caf62144fb801532978cb,8aa8fb9172c7d3f5e4ef34220431f3e8643209fd68a11296dfaed658d8fae25d
68227,persistent_shift,none,zero_residual_frequency,0.011456878429587869,0.011548988684626282,-9.211025503841341e-05,184.50736100637923,184.8632768087046,-0.3559158023253701,0.0006847133709301234,0.000682880190627122,-1.8331803030013916e-06,0.6254454846945472,0.6272020099348148,-0.0017565252402675924,3.7959785310727004e-05,1.6054802172845892e-05,0.0029704480641056658,2.9703642079731865e-05,4,4,0,0,True,freq_hrl_no_promotion_v5,v5_u5_l3_h005_p01_macro,2039,2039,tuning_validation_mechanism_diagnostic,full_method_nested_hpo_v3,0c65097c9b86b900c22caf62144fb801532978cb,8aa8fb9172c7d3f5e4ef34220431f3e8643209fd68a11296dfaed658d8fae25d
68207,persistent_shift,none,zero_residual_frequency,0.02080630144417195,0.020852383946525554,-4.6082502353606e-05,222.89196203829292,222.85899604928622,0.03296598900669778,0.0006691833765162247,0.0006733046152793687,4.121238763143964e-06,0.6351034875073507,0.6365156252524449,-0.0014121377450941885,-8.463343473783456e-05,-3.1310572432500554e-05,0.0037053192136227153,3.705119071960101e-05,4,4,0,0,True,freq_hrl_no_promotion_v5,v5_u5_l3_h005_p01_macro,2053,2053,tuning_validation_mechanism_diagnostic,full_method_nested_hpo_v3,0c65097c9b86b900c22caf62144fb801532978cb,8aa8fb9172c7d3f5e4ef34220431f3e8643209fd68a11296dfaed658d8fae25d
68209,persistent_shift,none,zero_residual_frequency,0.017981566905519664,0.01800845052256972,-2.6883617050055264e-05,211.0239765560009,211.00040779582383,0.023568760177056447,0.000712619871125586,0.0007174283328846842,4.808461759098215e-06,0.6656701426256413,0.666274709724469,-0.0006045670988277241,-0.00010040520671754222,-2.7579429961704174e-05,0.004465628021474307,4.465152008555424e-05,4,4,0,0,True,freq_hrl_no_promotion_v5,v5_u5_l3_h005_p01_macro,2053,2053,tuning_validation_mechanism_diagnostic,full_method_nested_hpo_v3,0c65097c9b86b900c22caf62144fb801532978cb,8aa8fb9172c7d3f5e4ef34220431f3e8643209fd68a11296dfaed658d8fae25d
68213,persistent_shift,none,zero_residual_frequency,0.024534804910991026,0.02446956490402874,6.524000696228605e-05,200.6713541648029,200.48986046360233,0.18149370120056574,0.0008989708110921368,0.0008950445794204676,-3.926231671669278e-06,0.8401321748767472,0.8392552490854525,0.0008769257912947248,-0.0001422755387046626,-3.852929367226238e-05,0.005702802789083863,5.7023485621875984e-05,4,4,0,0,True,freq_hrl_no_promotion_v5,v5_u5_l3_h005_p01_macro,2053,2053,tuning_validation_mechanism_diagnostic,full_method_nested_hpo_v3,0c65097c9b86b900c22caf62144fb801532978cb,8aa8fb9172c7d3f5e4ef34220431f3e8643209fd68a11296dfaed658d8fae25d
68219,persistent_shift,none,zero_residual_frequency,0.018602288209685236,0.018626535914827214,-2.4247705141977605e-05,187.66019247452115,187.72382168892165,-0.06362921440049263,0.0011908788095683631,0.0011918061961048165,9.273865364534117e-07,0.7544829980056784,0.7548227425404415,-0.00033974453476304234,-8.659831635031656e-05,-3.588540641084359e-05,0.0037576465382395934,3.75736136087825e-05,4,4,0,0,True,freq_hrl_no_promotion_v5,v5_u5_l3_h005_p01_macro,2053,2053,tuning_validation_mechanism_diagnostic,full_method_nested_hpo_v3,0c65097c9b86b900c22caf62144fb801532978cb,8aa8fb9172c7d3f5e4ef34220431f3e8643209fd68a11296dfaed658d8fae25d
68227,persistent_shift,none,zero_residual_frequency,0.01759322111682904,0.017739832247626985,-0.00014661113079794674,197.46172701870816,197.56780501665696,-0.1060779979488018,0.0007403381796868835,0.0007601998291026923,1.9861649415808813e-05,0.6461200553912052,0.6493847965140795,-0.0032647411228743373,-6.797332454248225e-05,-2.9826035562773912e-05,0.003789512092609786,3.789273151283285e-05,4,4,0,0,True,freq_hrl_no_promotion_v5,v5_u5_l3_h005_p01_macro,2053,2053,tuning_validation_mechanism_diagnostic,full_method_nested_hpo_v3,0c65097c9b86b900c22caf62144fb801532978cb,8aa8fb9172c7d3f5e4ef34220431f3e8643209fd68a11296dfaed658d8fae25d
68207,ood_period,none,zero_residual_frequency,0.030574709900460517,0.03057183199453073,2.8779059297878717e-06,174.70857868528643,174.6951865053741,0.013392179912329993,0.0007922221789382622,0.0007927679875541216,5.458086158594e-07,0.8594769910605176,0.859516598473514,-3.960741299646742e-05,-3.881965360332589e-05,-8.257092085375623e-06,0.0031535279425750355,3.153482216710933e-05,4,4,0,0,True,freq_hrl_no_promotion_v5,v5_u5_l3_h005_p01_macro,2026,7071,tuning_validation_mechanism_diagnostic,full_method_nested_hpo_v3,0c65097c9b86b900c22caf62144fb801532978cb,8aa8fb9172c7d3f5e4ef34220431f3e8643209fd68a11296dfaed658d8fae25d
68209,ood_period,none,zero_residual_frequency,0.025422180546761597,0.025426700483125453,-4.5199363638559475e-06,144.73656566012582,144.72127786353855,0.015287796587273306,0.002165472812588165,0.0021682171269025163,2.7443143143512927e-06,1.0576819240279791,1.0576430339872394,3.889004073975855e-05,-5.954551346324571e-05,-7.2922098375514644e-06,0.003284833175267623,3.284761360183101e-05,4,4,0,0,True,freq_hrl_no_promotion_v5,v5_u5_l3_h005_p01_macro,2026,7071,tuning_validation_mechanism_diagnostic,full_method_nested_hpo_v3,0c65097c9b86b900c22caf62144fb801532978cb,8aa8fb9172c7d3f5e4ef34220431f3e8643209fd68a11296dfaed658d8fae25d
68213,ood_period,none,zero_residual_frequency,0.03851731451571694,0.03851116308313651,6.15143258042572e-06,180.82368618812802,180.8081125409656,0.015573647162426596,0.0021134879874730172,0.0021145773597517348,1.0893722787175264e-06,1.1114039185119728,1.1108320102305282,0.0005719082814445997,-7.94323169027008e-05,-1.0301781174583565e-05,0.004504076642964113,4.503925059184408e-05,4,4,0,0,True,freq_hrl_no_promotion_v5,v5_u5_l3_h005_p01_macro,2026,7071,tuning_validation_mechanism_diagnostic,full_method_nested_hpo_v3,0c65097c9b86b900c22caf62144fb801532978cb,8aa8fb9172c7d3f5e4ef34220431f3e8643209fd68a11296dfaed658d8fae25d
68219,ood_period,none,zero_residual_frequency,0.026330670803216272,0.02632472670042385,5.944102792421191e-06,158.92680376064988,158.927465157653,-0.0006613970031139615,0.0013877473839410959,0.0013869587682182605,-7.886157228353952e-07,0.9617615614109825,0.9615590172264641,0.00020254418451837175,-4.260132445911365e-05,-8.04964703833265e-06,0.0021817856778296924,2.1817574259543175e-05,4,4,0,0,True,freq_hrl_no_promotion_v5,v5_u5_l3_h005_p01_macro,2026,7071,tuning_validation_mechanism_diagnostic,full_method_nested_hpo_v3,0c65097c9b86b900c22caf62144fb801532978cb,8aa8fb9172c7d3f5e4ef34220431f3e8643209fd68a11296dfaed658d8fae25d
68227,ood_period,none,zero_residual_frequency,0.02777958439801398,0.027770075152541596,9.509245472383299e-06,151.07794048616825,151.06274047476458,0.015200011403663893,0.0016202995245815366,0.001620528112762032,2.2858818049531493e-07,1.0462622276993259,1.0460648999664086,0.0001973277329172518,-5.203638750625099e-05,-7.120728406403476e-06,0.0026768025035481613,2.6767518263252887e-05,4,4,0,0,True,freq_hrl_no_promotion_v5,v5_u5_l3_h005_p01_macro,2026,7071,tuning_validation_mechanism_diagnostic,full_method_nested_hpo_v3,0c65097c9b86b900c22caf62144fb801532978cb,8aa8fb9172c7d3f5e4ef34220431f3e8643209fd68a11296dfaed658d8fae25d
68207,ood_period,none,zero_residual_frequency,0.006132630851568344,0.006127604445554269,5.02640601407478e-06,68.51060810656323,68.43539495121688,0.0752131553463471,0.0025211268825442446,0.0025291441235837375,8.017241039492973e-06,1.1190354908609808,1.1198278936234034,-0.0007924027624226504,-2.8914657603110284e-06,1.4043689341650342e-06,0.0019405783799205285,1.9405656057541387e-05,4,4,0,0,True,freq_hrl_no_promotion_v5,v5_u5_l3_h005_p01_macro,2039,7084,tuning_validation_mechanism_diagnostic,full_method_nested_hpo_v3,0c65097c9b86b900c22caf62144fb801532978cb,8aa8fb9172c7d3f5e4ef34220431f3e8643209fd68a11296dfaed658d8fae25d
68209,ood_period,none,zero_residual_frequency,0.0051992620278333845,0.005196629105935768,2.632921897616214e-06,50.54792725099404,50.50600213207954,0.04192511891450579,0.0033665985812123544,0.0033718448019134373,5.2462207010828266e-06,1.102696042986075,1.1025017464491493,0.0001942965369257088,-2.1536504159768408e-06,-5.538847794892508e-06,0.002809669369323981,2.8096385167777084e-05,4,4,0,0,True,freq_hrl_no_promotion_v5,v5_u5_l3_h005_p01_macro,2039,7084,tuning_validation_mechanism_diagnostic,full_method_nested_hpo_v3,0c65097c9b86b900c22caf62144fb801532978cb,8aa8fb9172c7d3f5e4ef34220431f3e8643209fd68a11296dfaed658d8fae25d
68213,ood_period,none,zero_residual_frequency,0.007612924252919262,0.007601781895731241,1.1142357188020924e-05,64.28454410953992,64.16020488755338,0.12433922198654557,0.004429171374813579,0.0044394234532024734,1.0252078388894859e-05,1.365429873726629,1.366613906916851,-0.001184033190221978,6.435590676114307e-07,4.587830549538061e-06,0.0036064098198645904,3.6063707063042146e-05,4,4,0,0,True,freq_hrl_no_promotion_v5,v5_u5_l3_h005_p01_macro,2039,7084,tuning_validation_mechanism_diagnostic,full_method_nested_hpo_v3,0c65097c9b86b900c22caf62144fb801532978cb,8aa8fb9172c7d3f5e4ef34220431f3e8643209fd68a11296dfaed658d8fae25d
68219,ood_period,none,zero_residual_frequency,0.004076063803526431,0.004084615238341804,-8.551434815373682e-06,54.325312941833666,54.4734028004072,-0.14808985857353463,0.0026721912575718987,0.0026641919118989277,-7.999345672971003e-06,0.9429160945452338,0.9417470689586793,0.0011690255865545174,2.6507474368741143e-06,1.2426164247441382e-06,0.0018699299437381948,1.8699189031149022e-05,4,4,0,0,True,freq_hrl_no_promotion_v5,v5_u5_l3_h005_p01_macro,2039,7084,tuning_validation_mechanism_diagnostic,full_method_nested_hpo_v3,0c65097c9b86b900c22caf62144fb801532978cb,8aa8fb9172c7d3f5e4ef34220431f3e8643209fd68a11296dfaed658d8fae25d
68227,ood_period,none,zero_residual_frequency,0.004505369694905115,0.00450882263363428,-3.452938729164856e-06,56.21587258203522,56.25555598894887,-0.03968340691365313,0.002300685736949415,0.0023006268271830166,-5.8909766398329566e-08,1.0259088420626394,1.0259663650533026,-5.752299066319466e-05,1.2588312137015406e-06,1.4634048396392382e-07,0.0023235370466459745,2.3235202747914842e-05,4,4,0,0,True,freq_hrl_no_promotion_v5,v5_u5_l3_h005_p01_macro,2039,7084,tuning_validation_mechanism_diagnostic,full_method_nested_hpo_v3,0c65097c9b86b900c22caf62144fb801532978cb,8aa8fb9172c7d3f5e4ef34220431f3e8643209fd68a11296dfaed658d8fae25d
68207,ood_period,none,zero_residual_frequency,0.02506207065806154,0.025064137754671867,-2.0670966103253363e-06,128.07446719135817,128.08263151947256,-0.008164328114389718,0.0013738442393292916,0.001373551908602777,-2.9233072651457803e-07,1.1641917986953432,1.1643140617315213,-0.0001222630361781274,4.6225989013637926e-05,3.183244209512192e-05,0.0021447324259497693,2.144699484934158e-05,4,4,0,0,True,freq_hrl_no_promotion_v5,v5_u5_l3_h005_p01_macro,2053,7098,tuning_validation_mechanism_diagnostic,full_method_nested_hpo_v3,0c65097c9b86b900c22caf62144fb801532978cb,8aa8fb9172c7d3f5e4ef34220431f3e8643209fd68a11296dfaed658d8fae25d
68209,ood_period,none,zero_residual_frequency,0.018234164132508557,0.018228034541606597,6.129590901959858e-06,107.75105931633561,107.72737261869487,0.023686697640741272,0.0025895801951663078,0.0025896010920549717,2.0896888663912705e-08,1.2529327176191103,1.2533275630357334,-0.0003948454166231574,8.349315782565873e-05,4.352391671414766e-05,0.0034385140746760754,3.438379014426944e-05,4,4,0,0,True,freq_hrl_no_promotion_v5,v5_u5_l3_h005_p01_macro,2053,7098,tuning_validation_mechanism_diagnostic,full_method_nested_hpo_v3,0c65097c9b86b900c22caf62144fb801532978cb,8aa8fb9172c7d3f5e4ef34220431f3e8643209fd68a11296dfaed658d8fae25d
68213,ood_period,none,zero_residual_frequency,0.028523571157295535,0.028532577044268148,-9.005886972612842e-06,150.89457738445006,150.9288863812447,-0.034308996794635505,0.002597626164581368,0.0025963418016903272,-1.2843628910408356e-06,1.2111504349543245,1.2113807986535434,-0.0002303636992189162,7.036380220833075e-05,3.795067765801506e-05,0.003998948225408741,3.998808988194327e-05,4,4,0,0,True,freq_hrl_no_promotion_v5,v5_u5_l3_h005_p01_macro,2053,7098,tuning_validation_mechanism_diagnostic,full_method_nested_hpo_v3,0c65097c9b86b900c22caf62144fb801532978cb,8aa8fb9172c7d3f5e4ef34220431f3e8643209fd68a11296dfaed658d8fae25d
68219,ood_period,none,zero_residual_frequency,0.021630320563928107,0.0216525338721405,-2.22133082123932e-05,128.98032337740443,129.02378180892708,-0.04345843152265161,0.0023325367541013886,0.0023368946839107396,4.357929809351013e-06,1.1210323756135512,1.1214015699697084,-0.00036919435615723195,6.307945674389285e-05,3.716153140698231e-05,0.00268205437257873,2.6819646976775578e-05,4,4,0,0,True,freq_hrl_no_promotion_v5,v5_u5_l3_h005_p01_macro,2053,7098,tuning_validation_mechanism_diagnostic,full_method_nested_hpo_v3,0c65097c9b86b900c22caf62144fb801532978cb,8aa8fb9172c7d3f5e4ef34220431f3e8643209fd68a11296dfaed658d8fae25d
68227,ood_period,none,zero_residual_frequency,0.021073097219144632,0.021087349682088696,-1.4252462944064348e-05,116.3420715130017,116.36262432588053,-0.020552812878833038,0.0020772862227161903,0.0020797359703504936,2.4497476343032787e-06,1.1134988855042172,1.1138465648566442,-0.00034767935242707715,7.09632907737752e-05,3.5146724661337696e-05,0.0029318196073695115,2.9317091490354176e-05,4,4,0,0,True,freq_hrl_no_promotion_v5,v5_u5_l3_h005_p01_macro,2053,7098,tuning_validation_mechanism_diagnostic,full_method_nested_hpo_v3,0c65097c9b86b900c22caf62144fb801532978cb,8aa8fb9172c7d3f5e4ef34220431f3e8643209fd68a11296dfaed658d8fae25d
68207,stationary_low_noise,none,zero_residual_frequency,0.0003532095437757121,0.0003544891613489476,-1.2796175732354698e-06,72.01937419679831,72.24995023261712,-0.2305760358188138,0.00012504229373178077,0.0001265664149244783,1.524121192697514e-06,0.13904874515054888,0.1389973731178851,5.137203266378232e-05,2.474433191039441e-06,4.495327238181668e-07,0.0007764990217159115,7.76489955998246e-06,4,4,0,0,True,freq_hrl_no_leakage_v5,v5_u1_l3_h005_p01_tracking,2026,4044,tuning_validation_mechanism_diagnostic,full_method_nested_hpo_v3,0c65097c9b86b900c22caf62144fb801532978cb,8aa8fb9172c7d3f5e4ef34220431f3e8643209fd68a11296dfaed658d8fae25d
68209,stationary_low_noise,none,zero_residual_frequency,0.00011579073820744412,0.00012258266640841065,-6.791928200966524e-06,23.995792131267333,25.511084777367586,-1.515292646100253,0.0001501758008700671,0.00015055797313201502,3.8217226194792175e-07,0.13906482582794405,0.13796600933187297,0.0010988164960710756,3.978277622868789e-06,3.238137120944029e-06,0.0014082160243661852,1.4081986657664634e-05,4,4,0,0,True,freq_hrl_no_leakage_v5,v5_u1_l3_h005_p01_tracking,2026,4044,tuning_validation_mechanism_diagnostic,full_method_nested_hpo_v3,0c65097c9b86b900c22caf62144fb801532978cb,8aa8fb9172c7d3f5e4ef34220431f3e8643209fd68a11296dfaed658d8fae25d
68213,stationary_low_noise,none,zero_residual_frequency,0.0007477331763019457,0.000747863239096036,-1.300627940903354e-07,123.05357434612588,122.99777884390048,0.055795502225407745,0.00011183538425363349,0.00011134818278590863,-4.872014677248515e-07,0.15487526384392314,0.15508521569413142,-0.00020995185020827867,8.601369304540107e-06,9.332342999846055e-06,0.0009895418461888363,9.89534324091681e-06,4,4,0,0,True,freq_hrl_no_leakage_v5,v5_u1_l3_h005_p01_tracking,2026,4044,tuning_validation_mechanism_diagnostic,full_method_nested_hpo_v3,0c65097c9b86b900c22caf62144fb801532978cb,8aa8fb9172c7d3f5e4ef34220431f3e8643209fd68a11296dfaed658d8fae25d
68219,stationary_low_noise,none,zero_residual_frequency,0.00035898731115047156,0.0003606256729822288,-1.6383618317572513e-06,75.55035052958875,76.09759743899338,-0.5472469094046204,9.077094153819854e-05,9.131072336321377e-05,5.397818250152397e-07,0.13714334683949372,0.13660543538669143,0.0005379114528022977,6.7571955017036014e-06,4.0833669413716204e-06,0.0009408993376180459,9.408853452710518e-06,4,4,0,0,True,freq_hrl_no_leakage_v5,v5_u1_l3_h005_p01_tracking,2026,4044,tuning_validation_mechanism_diagnostic,full_method_nested_hpo_v3,0c65097c9b86b900c22caf62144fb801532978cb,8aa8fb9172c7d3f5e4ef34220431f3e8643209fd68a11296dfaed658d8fae25d
68227,stationary_low_noise,none,zero_residual_frequency,0.0004405861711427317,0.0004465082848228441,-5.9221136801124175e-06,84.29172695088079,85.57433214097624,-1.2826051900954525,9.839551985502126e-05,9.716221959887861e-05,-1.2333002561426554e-06,0.14142817450493395,0.14064743037201946,0.0007807441329144849,6.876439069453984e-06,2.554141317177053e-06,0.0012493459366649203,1.2493272952221103e-05,4,4,0,0,True,freq_hrl_no_leakage_v5,v5_u1_l3_h005_p01_tracking,2026,4044,tuning_validation_mechanism_diagnostic,full_method_nested_hpo_v3,0c65097c9b86b900c22caf62144fb801532978cb,8aa8fb9172c7d3f5e4ef34220431f3e8643209fd68a11296dfaed658d8fae25d
68207,stationary_low_noise,none,zero_residual_frequency,0.0005575044476489044,0.0005692304137012716,-1.1725966052367198e-05,85.35193916514721,86.40131725510354,-1.0493780899563205,0.00020603032360011486,0.0002079198269514526,1.8895033513377513e-06,0.17077613268618047,0.17129067215413313,-0.0005145394679526571,-1.1113144718863922e-05,-1.290334960919146e-05,0.0008159197540711223,8.159072311742046e-06,4,4,0,0,True,freq_hrl_no_leakage_v5,v5_u1_l3_h005_p01_tracking,2039,4057,tuning_validation_mechanism_diagnostic,full_method_nested_hpo_v3,0c65097c9b86b900c22caf62144fb801532978cb,8aa8fb9172c7d3f5e4ef34220431f3e8643209fd68a11296dfaed658d8fae25d
68209,stationary_low_noise,none,zero_residual_frequency,0.0005593506226806433,0.0005617194026850125,-2.368780004369242e-06,73.53968568052537,73.58169910164878,-0.04201342112341422,0.00018028309548645538,0.0001803922598287988,1.0916434234342631e-07,0.17336625608658723,0.17384024537586817,-0.00047398928928094053,-1.875491100251456e-05,-1.9287273652225127e-05,0.0008928901445162611,8.928734839903975e-06,4,4,0,0,True,freq_hrl_no_leakage_v5,v5_u1_l3_h005_p01_tracking,2039,4057,tuning_validation_mechanism_diagnostic,full_method_nested_hpo_v3,0c65097c9b86b900c22caf62144fb801532978cb,8aa8fb9172c7d3f5e4ef34220431f3e8643209fd68a11296dfaed658d8fae25d
68213,stationary_low_noise,none,zero_residual_frequency,0.0010459151377368858,0.001041216481429963,4.698656306922899e-06,129.96562094014175,129.93014757891098,0.03547336123077116,0.00019082156733984945,0.00019030696295252447,-5.146043873249795e-07,0.19271222455342746,0.19206904678084935,0.0006431777725781074,-1.7779897087659474e-05,-2.0539391827540894e-05,0.0008896501164902778,8.896362845830326e-06,4,4,0,0,True,freq_hrl_no_leakage_v5,v5_u1_l3_h005_p01_tracking,2039,4057,tuning_validation_mechanism_diagnostic,full_method_nested_hpo_v3,0c65097c9b86b900c22caf62144fb801532978cb,8aa8fb9172c7d3f5e4ef34220431f3e8643209fd68a11296dfaed658d8fae25d
68219,stationary_low_noise,none,zero_residual_frequency,0.0006230959254867052,0.0006215278383219225,1.5680871647827388e-06,96.70641083446398,96.60594916709616,0.10046166736782425,0.00016916206438777337,0.0001686239486257124,-5.381157620609756e-07,0.1745479872888171,0.17436480897853976,0.00018317831027733766,-1.597819785307633e-05,-1.6117548922040616e-05,0.0006597580925800787,6.597432234196493e-06,4,4,0,0,True,freq_hrl_no_leakage_v5,v5_u1_l3_h005_p01_tracking,2039,4057,tuning_validation_mechanism_diagnostic,full_method_nested_hpo_v3,0c65097c9b86b900c22caf62144fb801532978cb,8aa8fb9172c7d3f5e4ef34220431f3e8643209fd68a11296dfaed658d8fae25d
68227,stationary_low_noise,none,zero_residual_frequency,0.0006690186643893981,0.0006807861579847252,-1.1767493595327139e-05,96.24911655327867,96.96301894462964,-0.7139023913509703,0.0001878126778461775,0.00018984617905526413,2.03350120908663e-06,0.17246394917688718,0.17360368563217257,-0.001139736455285395,-1.29442048949711e-05,-1.2456565032788455e-05,0.0006790002521382929,6.789870692009167e-06,4,4,0,0,True,freq_hrl_no_leakage_v5,v5_u1_l3_h005_p01_tracking,2039,4057,tuning_validation_mechanism_diagnostic,full_method_nested_hpo_v3,0c65097c9b86b900c22caf62144fb801532978cb,8aa8fb9172c7d3f5e4ef34220431f3e8643209fd68a11296dfaed658d8fae25d
68207,stationary_low_noise,none,zero_residual_frequency,0.0003035373215729553,0.0002987203783137993,4.816943259156048e-06,80.31148054770652,79.59205650572703,0.7194240419794937,8.108866182687802e-05,8.062401328223778e-05,-4.6464854464023375e-07,0.09950490839410225,0.09900596108949881,0.0004989473046034393,-5.079144911014855e-05,-4.572668943476448e-05,0.0009187292428072801,9.187175044956037e-06,4,4,0,0,True,freq_hrl_no_leakage_v5,v5_u1_l3_h005_p01_tracking,2053,4071,tuning_validation_mechanism_diagnostic,full_method_nested_hpo_v3,0c65097c9b86b900c22caf62144fb801532978cb,8aa8fb9172c7d3f5e4ef34220431f3e8643209fd68a11296dfaed658d8fae25d
68209,stationary_low_noise,none,zero_residual_frequency,8.089996516136289e-05,7.328987829779976e-05,7.610086863563126e-06,24.41866451272682,23.457149828067816,0.9615146846590044,9.07952300587267e-05,8.534886913036388e-05,-5.4463609283628145e-06,0.09520663011668366,0.08985494946490499,0.00535168065177867,-4.342915411960459e-05,-4.3589468995139056e-05,0.0015499765136787068,1.5499526408147915e-05,4,4,0,0,True,freq_hrl_no_leakage_v5,v5_u1_l3_h005_p01_tracking,2053,4071,tuning_validation_mechanism_diagnostic,full_method_nested_hpo_v3,0c65097c9b86b900c22caf62144fb801532978cb,8aa8fb9172c7d3f5e4ef34220431f3e8643209fd68a11296dfaed658d8fae25d
68213,stationary_low_noise,none,zero_residual_frequency,0.00041802948218094826,0.00041575641801538943,2.2730641655588357e-06,109.3690306932048,108.42939938600136,0.9396313072034417,7.649519335062305e-05,7.564710805540997e-05,-8.480852952130746e-07,0.11353715627473102,0.11456157566728316,-0.0010244193925521422,-4.5933556322989895e-05,-4.1046031041553144e-05,0.0012286528314512505,1.2286288845403063e-05,4,4,0,0,True,freq_hrl_no_leakage_v5,v5_u1_l3_h005_p01_tracking,2053,4071,tuning_validation_mechanism_diagnostic,full_method_nested_hpo_v3,0c65097c9b86b900c22caf62144fb801532978cb,8aa8fb9172c7d3f5e4ef34220431f3e8643209fd68a11296dfaed658d8fae25d
68219,stationary_low_noise,none,zero_residual_frequency,0.00023258349680888024,0.00023185066140096744,7.328354079128019e-07,65.60648330729862,65.78214823131732,-0.17566492401870448,8.31993872654202e-05,8.260081033550914e-05,-5.985769299110544e-07,0.09872503973554003,0.09806771855511359,0.0006573211804264401,-4.469499859665333e-05,-4.138129930778074e-05,0.0009568591508670782,9.568459152100367e-06,4,4,0,0,True,freq_hrl_no_leakage_v5,v5_u1_l3_h005_p01_tracking,2053,4071,tuning_validation_mechanism_diagnostic,full_method_nested_hpo_v3,0c65097c9b86b900c22caf62144fb801532978cb,8aa8fb9172c7d3f5e4ef34220431f3e8643209fd68a11296dfaed658d8fae25d
68227,stationary_low_noise,none,zero_residual_frequency,0.0003310268062648447,0.0003289188538864174,2.1079523784273135e-06,88.5449537244273,89.08256820510222,-0.5376144806749181,7.057068972537994e-05,7.032199993195487e-05,-2.48689793425072e-07,0.10274612071804279,0.10124846485324623,0.0014976558647965543,-4.080213514192436e-05,-4.412207780800705e-05,0.0011786826387732514,1.1786691308443921e-05,4,4,0,0,True,freq_hrl_no_leakage_v5,v5_u1_l3_h005_p01_tracking,2053,4071,tuning_validation_mechanism_diagnostic,full_method_nested_hpo_v3,0c65097c9b86b900c22caf62144fb801532978cb,8aa8fb9172c7d3f5e4ef34220431f3e8643209fd68a11296dfaed658d8fae25d
68207,persistent_shift,none,zero_residual_frequency,0.0025195051821316206,0.0024798214562273824,3.968372590423819e-05,199.83856936380235,199.26598105688285,0.5725883069194992,0.00020429020664969322,0.0002045745597095694,2.8435305987617454e-07,0.14189200692169887,0.14163557804541674,0.0002564288762821332,4.7737175615521674e-06,1.4315893669898695e-06,0.0017382775991184945,1.7382666774174554e-05,4,4,0,0,True,freq_hrl_no_leakage_v5,v5_u1_l3_h005_p01_tracking,2026,2026,tuning_validation_mechanism_diagnostic,full_method_nested_hpo_v3,0c65097c9b86b900c22caf62144fb801532978cb,8aa8fb9172c7d3f5e4ef34220431f3e8643209fd68a11296dfaed658d8fae25d
68209,persistent_shift,none,zero_residual_frequency,0.0026761949803009166,0.0026650572301529785,1.1137750147938164e-05,178.29779540182187,178.18789554969274,0.10989985212913211,0.00033896207551742386,0.00033724132733725654,-1.7207481801673197e-06,0.1502672058422443,0.15022982327542378,3.7382566820509666e-05,5.974726122147108e-06,1.0721414455236723e-05,0.002220420284639759,2.220403570560298e-05,4,4,0,0,True,freq_hrl_no_leakage_v5,v5_u1_l3_h005_p01_tracking,2026,2026,tuning_validation_mechanism_diagnostic,full_method_nested_hpo_v3,0c65097c9b86b900c22caf62144fb801532978cb,8aa8fb9172c7d3f5e4ef34220431f3e8643209fd68a11296dfaed658d8fae25d
68213,persistent_shift,none,zero_residual_frequency,0.0024370791292889216,0.002450686795620882,-1.3607666331960644e-05,188.90797225448287,189.03256730729655,-0.12459505281367456,0.00014851219638378765,0.00015184858835970427,3.3363919759166194e-06,0.16315423631878823,0.16370626691990453,-0.0005520306011163045,1.2329096746152312e-05,-4.144092249453476e-06,0.002366122613158142,2.3661112235042084e-05,4,4,0,0,True,freq_hrl_no_leakage_v5,v5_u1_l3_h005_p01_tracking,2026,2026,tuning_validation_mechanism_diagnostic,full_method_nested_hpo_v3,0c65097c9b86b900c22caf62144fb801532978cb,8aa8fb9172c7d3f5e4ef34220431f3e8643209fd68a11296dfaed658d8fae25d
68219,persistent_shift,none,zero_residual_frequency,0.0017989595022003257,0.0017221764059656142,7.678309623471158e-05,168.07821512800598,166.21340072485722,1.8648144031487561,0.00028322801624236504,0.0002787752696623569,-4.45274658000816e-06,0.15499909276581608,0.1536908014894344,0.0013082912763816845,1.4806285527389597e-06,-1.4336152898389427e-06,0.0022618568548851826,2.2618341523867427e-05,4,4,0,0,True,freq_hrl_no_leakage_v5,v5_u1_l3_h005_p01_tracking,2026,2026,tuning_validation_mechanism_diagnostic,full_method_nested_hpo_v3,0c65097c9b86b900c22caf62144fb801532978cb,8aa8fb9172c7d3f5e4ef34220431f3e8643209fd68a11296dfaed658d8fae25d
68227,persistent_shift,none,zero_residual_frequency,0.0018577838929816348,0.0018719459406209005,-1.4162047639265651e-05,177.8767643674101,179.3245919890801,-1.447827621670001,0.00017561431779566927,0.0001696240639450508,-5.9902538506184655e-06,0.13507426071934506,0.13454057221446347,0.0005336885048815854,9.19467808019657e-06,1.6409286958585512e-06,0.002282117152652871,2.2820822684131354e-05,4,4,0,0,True,freq_hrl_no_leakage_v5,v5_u1_l3_h005_p01_tracking,2026,2026,tuning_validation_mechanism_diagnostic,full_method_nested_hpo_v3,0c65097c9b86b900c22caf62144fb801532978cb,8aa8fb9172c7d3f5e4ef34220431f3e8643209fd68a11296dfaed658d8fae25d
68207,persistent_shift,none,zero_residual_frequency,0.0014872900191722493,0.001455353713687213,3.193630548503634e-05,126.10064885617062,125.15264086454665,0.9480079916239674,0.000484784017341533,0.00048384775965226723,-9.362576892657515e-07,0.20996904492415008,0.2089738973776457,0.0009951475465043713,-1.6466103649125522e-06,3.946984974274826e-06,0.0025670530308161688,2.5670148998941105e-05,4,4,0,0,True,freq_hrl_no_leakage_v5,v5_u1_l3_h005_p01_tracking,2039,2039,tuning_validation_mechanism_diagnostic,full_method_nested_hpo_v3,0c65097c9b86b900c22caf62144fb801532978cb,8aa8fb9172c7d3f5e4ef34220431f3e8643209fd68a11296dfaed658d8fae25d
68209,persistent_shift,none,zero_residual_frequency,0.0008129764451410004,0.0007687383295162942,4.4238115624706253e-05,82.0224392665658,78.91254955521632,3.1098897113494814,0.00023522196388847671,0.00022684056172206368,-8.381402166413032e-06,0.22607106557393766,0.2246582918550744,0.0014127737188632528,1.5884981920671995e-05,2.5715052574216947e-06,0.004573051120233787,4.572933876409635e-05,4,4,0,0,True,freq_hrl_no_leakage_v5,v5_u1_l3_h005_p01_tracking,2039,2039,tuning_validation_mechanism_diagnostic,full_method_nested_hpo_v3,0c65097c9b86b900c22caf62144fb801532978cb,8aa8fb9172c7d3f5e4ef34220431f3e8643209fd68a11296dfaed658d8fae25d
68213,persistent_shift,none,zero_residual_frequency,0.0019198804895275146,0.0019449029390143924,-2.5022449486877818e-05,136.60726602972184,136.84997953334891,-0.24271350362707267,0.00024763190746457386,0.0002514338211789813,3.8019137144074122e-06,0.2514990893202028,0.25198850481124613,-0.0004894154910433102,2.051432387186959e-06,4.466995412156975e-06,0.0037959473369887234,3.7958729756458914e-05,4,4,0,0,True,freq_hrl_no_leakage_v5,v5_u1_l3_h005_p01_tracking,2039,2039,tuning_validation_mechanism_diagnostic,full_method_nested_hpo_v3,0c65097c9b86b900c22caf62144fb801532978cb,8aa8fb9172c7d3f5e4ef34220431f3e8643209fd68a11296dfaed658d8fae25d
68219,persistent_shift,none,zero_residual_frequency,0.001315602730959986,0.0013005434060673338,1.505932489265227e-05,96.21370658990574,95.6207137701399,0.5929928197658398,0.0007214568627740281,0.0007203285763117684,-1.1282864622597089e-06,0.22582485105212688,0.22599817714228382,-0.0001733260901569389,2.8013888310830416e-05,3.935467248722209e-06,0.0033260194716098744,3.325961004775085e-05,4,4,0,0,True,freq_hrl_no_leakage_v5,v5_u1_l3_h005_p01_tracking,2039,2039,tuning_validation_mechanism_diagnostic,full_method_nested_hpo_v3,0c65097c9b86b900c22caf62144fb801532978cb,8aa8fb9172c7d3f5e4ef34220431f3e8643209fd68a11296dfaed658d8fae25d
68227,persistent_shift,none,zero_residual_frequency,0.0013521050085707476,0.0013406440253946883,1.1460983176059258e-05,123.09797466792081,123.01335845926667,0.08461620865413977,0.0004596324296034515,0.0004536442183905587,-5.9882112128928355e-06,0.1934395842619091,0.19331639207088117,0.00012319219102793766,1.831614173902165e-06,5.049260974170392e-06,0.003381946052731008,3.381884320665652e-05,4,4,0,0,True,freq_hrl_no_leakage_v5,v5_u1_l3_h005_p01_tracking,2039,2039,tuning_validation_mechanism_diagnostic,full_method_nested_hpo_v3,0c65097c9b86b900c22caf62144fb801532978cb,8aa8fb9172c7d3f5e4ef34220431f3e8643209fd68a11296dfaed658d8fae25d
68207,persistent_shift,none,zero_residual_frequency,0.0027450942650801835,0.0027356717793094454,9.42248577073812e-06,109.13955690642553,108.7642566244745,0.37530028195102716,0.00028078543565990266,0.00028087149072408835,8.605506418568609e-08,0.23258829083080307,0.23322733597806816,-0.0006390451472650938,-0.00010158174901362342,-5.694023739608654e-05,0.003925269038801262,3.924738407126049e-05,4,4,0,0,True,freq_hrl_no_leakage_v5,v5_u1_l3_h005_p01_tracking,2053,2053,tuning_validation_mechanism_diagnostic,full_method_nested_hpo_v3,0c65097c9b86b900c22caf62144fb801532978cb,8aa8fb9172c7d3f5e4ef34220431f3e8643209fd68a11296dfaed658d8fae25d
68209,persistent_shift,none,zero_residual_frequency,0.0022691332344944026,0.002259997788954138,9.135445540264797e-06,108.71473465085985,107.42792221795182,1.286812432908036,0.00026208892195633826,0.00027048241347849,8.393491522151741e-06,0.23069524169214747,0.23408298031900937,-0.003387738626861897,-0.00016362957297608692,-5.63160616755338e-05,0.007301592859625493,7.299874544008591e-05,4,4,0,0,True,freq_hrl_no_leakage_v5,v5_u1_l3_h005_p01_tracking,2053,2053,tuning_validation_mechanism_diagnostic,full_method_nested_hpo_v3,0c65097c9b86b900c22caf62144fb801532978cb,8aa8fb9172c7d3f5e4ef34220431f3e8643209fd68a11296dfaed658d8fae25d
68213,persistent_shift,none,zero_residual_frequency,0.0027563977306084286,0.0027542431786546917,2.1545519537369273e-06,117.36566158675608,116.46279436497481,0.9028672217812641,0.00018023713288028986,0.0001836045762377836,3.367443357493727e-06,0.25293600456550186,0.25631443937929654,-0.003378434813794684,-0.00014404806686150166,-5.285515675872519e-05,0.006613474406994,6.612319990066106e-05,4,4,0,0,True,freq_hrl_no_leakage_v5,v5_u1_l3_h005_p01_tracking,2053,2053,tuning_validation_mechanism_diagnostic,full_method_nested_hpo_v3,0c65097c9b86b900c22caf62144fb801532978cb,8aa8fb9172c7d3f5e4ef34220431f3e8643209fd68a11296dfaed658d8fae25d
68219,persistent_shift,none,zero_residual_frequency,0.0016759032312723132,0.0016618670761674448,1.4036155104868442e-05,80.21803905926707,79.66777165944747,0.550267399819603,0.00037822067093717937,0.0003799986043211412,1.777933383961816e-06,0.2413371774020882,0.24096240362426963,0.00037477377781858223,-0.00010395170783133453,-5.821476222488467e-05,0.004766412428135582,4.765737464392139e-05,4,4,0,0,True,freq_hrl_no_leakage_v5,v5_u1_l3_h005_p01_tracking,2053,2053,tuning_validation_mechanism_diagnostic,full_method_nested_hpo_v3,0c65097c9b86b900c22caf62144fb801532978cb,8aa8fb9172c7d3f5e4ef34220431f3e8643209fd68a11296dfaed658d8fae25d
68227,persistent_shift,none,zero_residual_frequency,0.0017686281782003377,0.001752540272464076,1.6087905736261732e-05,92.18497448177025,91.07458711483373,1.1103873669365214,0.00043336960731699126,0.00044127353702860805,7.903929711616797e-06,0.21155020319882265,0.21302131147169273,-0.0014711082728700864,-0.00012698582289332494,-6.129424529186687e-05,0.005331992964299085,5.331047401123702e-05,4,4,0,0,True,freq_hrl_no_leakage_v5,v5_u1_l3_h005_p01_tracking,2053,2053,tuning_validation_mechanism_diagnostic,full_method_nested_hpo_v3,0c65097c9b86b900c22caf62144fb801532978cb,8aa8fb9172c7d3f5e4ef34220431f3e8643209fd68a11296dfaed658d8fae25d
68207,ood_period,none,zero_residual_frequency,0.0012514045760272374,0.0012570338874762221,-5.6293114489847085e-06,108.662903459173,109.2682878134455,-0.6053843542725019,0.00024458838520291515,0.0002388467459248922,-5.741639278022959e-06,0.21309514976659844,0.2111573872094878,0.001937762557110645,1.007086757807747e-05,5.273301296711078e-07,0.0033483706109715666,3.3482124085924935e-05,4,4,0,0,True,freq_hrl_no_leakage_v5,v5_u1_l3_h005_p01_tracking,2026,7071,tuning_validation_mechanism_diagnostic,full_method_nested_hpo_v3,0c65097c9b86b900c22caf62144fb801532978cb,8aa8fb9172c7d3f5e4ef34220431f3e8643209fd68a11296dfaed658d8fae25d
68209,ood_period,none,zero_residual_frequency,0.000407176921549679,0.00040877771665526197,-1.600795105582975e-06,44.68575160967725,45.012013642674674,-0.32626203299742684,0.0004039225623774234,0.000401733944545013,-2.188617832410422e-06,0.2150117842409302,0.21395953118890523,0.0010522530520249707,1.8479858548847915e-05,2.726730460533403e-06,0.005293643157326894,5.293110856679283e-05,4,4,0,0,True,freq_hrl_no_leakage_v5,v5_u1_l3_h005_p01_tracking,2026,7071,tuning_validation_mechanism_diagnostic,full_method_nested_hpo_v3,0c65097c9b86b900c22caf62144fb801532978cb,8aa8fb9172c7d3f5e4ef34220431f3e8643209fd68a11296dfaed658d8fae25d
68213,ood_period,none,zero_residual_frequency,0.0009757986645699823,0.0009834096697503014,-7.611005180319097e-06,78.91611209271535,80.0104964526412,-1.0943843599258543,0.0002950902980463077,0.0002931528667000638,-1.937431346243912e-06,0.26158974777973387,0.2595269121608315,0.002062835618902359,2.2379725154023834e-05,1.2476288148703855e-06,0.0056511428424831445,5.650659443658393e-05,4,4,0,0,True,freq_hrl_no_leakage_v5,v5_u1_l3_h005_p01_tracking,2026,7071,tuning_validation_mechanism_diagnostic,full_method_nested_hpo_v3,0c65097c9b86b900c22caf62144fb801532978cb,8aa8fb9172c7d3f5e4ef34220431f3e8643209fd68a11296dfaed658d8fae25d
68219,ood_period,none,zero_residual_frequency,0.000392771241384704,0.00037122320100646533,2.1548040378238653e-05,46.12070867424863,43.129028164931604,2.9916805093170282,0.0004184954724979484,0.00043212374259749,1.3628270099541595e-05,0.19536194174400653,0.2003160074818914,-0.004954065737884872,2.466684959430888e-05,5.482814409580558e-07,0.003493194398581383,3.4929188038054756e-05,4,4,0,0,True,freq_hrl_no_leakage_v5,v5_u1_l3_h005_p01_tracking,2026,7071,tuning_validation_mechanism_diagnostic,full_method_nested_hpo_v3,0c65097c9b86b900c22caf62144fb801532978cb,8aa8fb9172c7d3f5e4ef34220431f3e8643209fd68a11296dfaed658d8fae25d
68227,ood_period,none,zero_residual_frequency,0.000579066754395452,0.0005746786998335196,4.388054561932364e-06,60.02706675779799,59.83014326152064,0.19692349627734984,0.00036658765570918295,0.000368630960232208,2.0433045230250357e-06,0.23072621006079921,0.23317501844226102,-0.0024488083814618034,1.10216079530633e-05,3.763274504935261e-07,0.004311986048034871,4.311618617902436e-05,4,4,0,0,True,freq_hrl_no_leakage_v5,v5_u1_l3_h005_p01_tracking,2026,7071,tuning_validation_mechanism_diagnostic,full_method_nested_hpo_v3,0c65097c9b86b900c22caf62144fb801532978cb,8aa8fb9172c7d3f5e4ef34220431f3e8643209fd68a11296dfaed658d8fae25d
68207,ood_period,none,zero_residual_frequency,-3.2595694268056086e-05,-5.263573495262186e-05,2.0040040684565774e-05,-4.698343265160396,-7.557487618579678,2.859144353419282,0.00024759238531069094,0.0002606077235307591,1.3015338220068173e-05,0.1344174799612809,0.13513773463343315,-0.000720254672152254,1.57500712750998e-05,7.475401018603908e-06,0.00360258990032081,3.602430093660978e-05,4,4,0,0,True,freq_hrl_no_leakage_v5,v5_u1_l3_h005_p01_tracking,2039,7084,tuning_validation_mechanism_diagnostic,full_method_nested_hpo_v3,0c65097c9b86b900c22caf62144fb801532978cb,8aa8fb9172c7d3f5e4ef34220431f3e8643209fd68a11296dfaed658d8fae25d
68209,ood_period,none,zero_residual_frequency,-0.00012447042475616232,-0.00013655367978981925,1.2083255033656926e-05,-17.863263855151455,-19.76605253899482,1.9027886838433652,0.00044942131626579673,0.00045433191836730114,4.910602101504402e-06,0.14530550838195086,0.1434459609449057,0.001859547437045167,2.7132112463337583e-05,2.707012670828018e-06,0.0059737273152778575,5.973158415095352e-05,4,4,0,0,True,freq_hrl_no_leakage_v5,v5_u1_l3_h005_p01_tracking,2039,7084,tuning_validation_mechanism_diagnostic,full_method_nested_hpo_v3,0c65097c9b86b900c22caf62144fb801532978cb,8aa8fb9172c7d3f5e4ef34220431f3e8643209fd68a11296dfaed658d8fae25d
68213,ood_period,none,zero_residual_frequency,0.0007190616209911127,0.0007034515992612178,1.5610021729894896e-05,76.6329667625779,75.10111629432039,1.5318504682575025,0.00020505102516565898,0.00020539655790985378,3.455327441947986e-07,0.15698020229997534,0.15706515478161578,-8.4952481640449e-05,1.0167873481557535e-05,3.72428959190772e-07,0.006896417581123792,6.895910170217293e-05,4,4,0,0,True,freq_hrl_no_leakage_v5,v5_u1_l3_h005_p01_tracking,2039,7084,tuning_validation_mechanism_diagnostic,full_method_nested_hpo_v3,0c65097c9b86b900c22caf62144fb801532978cb,8aa8fb9172c7d3f5e4ef34220431f3e8643209fd68a11296dfaed658d8fae25d
68219,ood_period,none,zero_residual_frequency,0.00031731675954338456,0.0002939263313788132,2.3390428164571375e-05,51.84868582524273,48.05243780424631,3.7962480209964227,0.00022672144244406667,0.00023460636401129165,7.884921567224978e-06,0.11523628173412699,0.11592972360071743,-0.0006934418665904413,1.053070791737835e-05,-5.809207924974691e-07,0.0043041984913240105,4.303924380897883e-05,4,4,0,0,True,freq_hrl_no_leakage_v5,v5_u1_l3_h005_p01_tracking,2039,7084,tuning_validation_mechanism_diagnostic,full_method_nested_hpo_v3,0c65097c9b86b900c22caf62144fb801532978cb,8aa8fb9172c7d3f5e4ef34220431f3e8643209fd68a11296dfaed658d8fae25d
68227,ood_period,none,zero_residual_frequency,0.0003193940869079537,0.0002971427936884208,2.2251293219532897e-05,45.37920429883721,42.221027629719686,3.1581766691175233,0.0001876641453255612,0.00019461286536681666,6.948720041255463e-06,0.12900337602612405,0.12958303099714774,-0.0005796549710236909,1.0728888592712266e-05,1.374790816024622e-06,0.0052033430987648895,5.202943114385136e-05,4,4,0,0,True,freq_hrl_no_leakage_v5,v5_u1_l3_h005_p01_tracking,2039,7084,tuning_validation_mechanism_diagnostic,full_method_nested_hpo_v3,0c65097c9b86b900c22caf62144fb801532978cb,8aa8fb9172c7d3f5e4ef34220431f3e8643209fd68a11296dfaed658d8fae25d
68207,ood_period,none,zero_residual_frequency,0.0027912426773375465,0.0027768426925249834,1.4399984812563105e-05,168.53194381415523,168.86671843854302,-0.3347746243877907,0.00018470688340810337,0.00018282430088234491,-1.8825825257584583e-06,0.15894537969612965,0.15851869147199527,0.0004266882241343861,2.236231585640075e-05,-6.2918606325367175e-06,0.003345316110623268,3.3452912797926306e-05,4,4,0,0,True,freq_hrl_no_leakage_v5,v5_u1_l3_h005_p01_tracking,2053,7098,tuning_validation_mechanism_diagnostic,full_method_nested_hpo_v3,0c65097c9b86b900c22caf62144fb801532978cb,8aa8fb9172c7d3f5e4ef34220431f3e8643209fd68a11296dfaed658d8fae25d
68209,ood_period,none,zero_residual_frequency,0.001439262497316296,0.0014408815429149957,-1.619045598699742e-06,87.79865364818379,88.2302972181398,-0.43164356995600883,0.00034295735527822835,0.0003407963459297614,-2.161009348466969e-06,0.17843141215624542,0.17842745304001162,3.959116233798188e-06,-9.31019220434383e-07,-9.218757984475972e-06,0.003135721060526622,3.135614479016151e-05,4,4,0,0,True,freq_hrl_no_leakage_v5,v5_u1_l3_h005_p01_tracking,2053,7098,tuning_validation_mechanism_diagnostic,full_method_nested_hpo_v3,0c65097c9b86b900c22caf62144fb801532978cb,8aa8fb9172c7d3f5e4ef34220431f3e8643209fd68a11296dfaed658d8fae25d
68213,ood_period,none,zero_residual_frequency,0.003014094048324978,0.003016098078142848,-2.0040298178702898e-06,123.51298230673575,123.95350615881785,-0.44052385208209444,0.00020672353165640533,0.00020384049546173788,-2.8830361946674543e-06,0.22413612099131594,0.22297695506440363,0.0011591659269123145,3.276356047822041e-05,-7.743954684791699e-06,0.005051708599876292,5.051574931006969e-05,4,4,0,0,True,freq_hrl_no_leakage_v5,v5_u1_l3_h005_p01_tracking,2053,7098,tuning_validation_mechanism_diagnostic,full_method_nested_hpo_v3,0c65097c9b86b900c22caf62144fb801532978cb,8aa8fb9172c7d3f5e4ef34220431f3e8643209fd68a11296dfaed658d8fae25d
68219,ood_period,none,zero_residual_frequency,0.0017210653764887507,0.0017252425982550168,-4.177221766266115e-06,110.53846746367802,110.54108896998557,-0.002621506307548316,0.00031371077630604205,0.0003142405494457323,5.297731396902705e-07,0.15402542742777048,0.154295423061246,-0.00026999563347551714,2.3524180621564955e-06,-9.092970387528907e-06,0.00203315663315051,2.0331431964534697e-05,4,4,0,0,True,freq_hrl_no_leakage_v5,v5_u1_l3_h005_p01_tracking,2053,7098,tuning_validation_mechanism_diagnostic,full_method_nested_hpo_v3,0c65097c9b86b900c22caf62144fb801532978cb,8aa8fb9172c7d3f5e4ef34220431f3e8643209fd68a11296dfaed658d8fae25d
68227,ood_period,none,zero_residual_frequency,0.0019829105400996916,0.0019851091758642525,-2.198635764560919e-06,114.9968598738031,115.32017826200152,-0.3233183881984161,0.00017389691729874368,0.0001733358747771918,-5.610425215518688e-07,0.17137337734692537,0.17078041198975563,0.0005929653571697391,8.077638014925933e-06,-8.598763063713078e-06,0.0029483187543115088,2.9482836476844774e-05,4,4,0,0,True,freq_hrl_no_leakage_v5,v5_u1_l3_h005_p01_tracking,2053,7098,tuning_validation_mechanism_diagnostic,full_method_nested_hpo_v3,0c65097c9b86b900c22caf62144fb801532978cb,8aa8fb9172c7d3f5e4ef34220431f3e8643209fd68a11296dfaed658d8fae25d
68207,stationary_low_noise,none,zero_residual_frequency,0.0010542715012984427,0.001071036686519422,-1.6765185220979362e-05,66.86981375512347,68.03707871972541,-1.1672649646019408,0.00046571284274221636,0.0004727125991527137,6.9997564104973264e-06,0.47804189896640215,0.4709862035239535,0.007055695442448662,0.0005944639627276371,0.0004662161617887421,0.008802186167385016,0.00013174115533994788,4,4,0,0,True,freq_hrl_no_leakage_v5,v5_u3_l1_h3_p01_tactical,2026,4044,tuning_validation_mechanism_diagnostic,full_method_nested_hpo_v3,0c65097c9b86b900c22caf62144fb801532978cb,8aa8fb9172c7d3f5e4ef34220431f3e8643209fd68a11296dfaed658d8fae25d
68209,stationary_low_noise,none,zero_residual_frequency,-0.00015712431470027433,-0.00015057048492284064,-6.553829777433684e-06,-11.842593567413857,-11.324462043381681,-0.5181315240321762,0.0007609764271947483,0.0007816793032083824,2.0702876013634075e-05,0.4718728287670908,0.46952030727144034,0.0023525214956504614,0.0006979618887959982,0.0004687375373369909,0.012707894464902995,0.00019015677321277224,4,4,0,0,True,freq_hrl_no_leakage_v5,v5_u3_l1_h3_p01_tactical,2026,4044,tuning_validation_mechanism_diagnostic,full_method_nested_hpo_v3,0c65097c9b86b900c22caf62144fb801532978cb,8aa8fb9172c7d3f5e4ef34220431f3e8643209fd68a11296dfaed658d8fae25d
68213,stationary_low_noise,none,zero_residual_frequency,0.0012413901382597459,0.0012658056282142116,-2.441548995446574e-05,64.28569070439795,65.46380267702064,-1.1781119726226876,0.00042253959769988914,0.00043645585123652797,1.3916253536638834e-05,0.5651504052016705,0.5583845686751892,0.006765836526481328,0.0006548619313718522,0.0004421051509816559,0.014203561336681662,0.00021255402470950647,4,4,0,0,True,freq_hrl_no_leakage_v5,v5_u3_l1_h3_p01_tactical,2026,4044,tuning_validation_mechanism_diagnostic,full_method_nested_hpo_v3,0c65097c9b86b900c22caf62144fb801532978cb,8aa8fb9172c7d3f5e4ef34220431f3e8643209fd68a11296dfaed658d8fae25d
68219,stationary_low_noise,none,zero_residual_frequency,0.00025288912497067884,0.0002572754515746123,-4.386326603933455e-06,18.196443089733705,18.48032578973337,-0.28388269999966553,0.0006006021613783608,0.000612027343914745,1.1425182536384249e-05,0.4840871864137315,0.4830661193479631,0.0010210670657683774,0.0006371840665907313,0.00044974651520758395,0.010400221478711398,0.00015559624547354587,4,4,0,0,True,freq_hrl_no_leakage_v5,v5_u3_l1_h3_p01_tactical,2026,4044,tuning_validation_mechanism_diagnostic,full_method_nested_hpo_v3,0c65097c9b86b900c22caf62144fb801532978cb,8aa8fb9172c7d3f5e4ef34220431f3e8643209fd68a11296dfaed658d8fae25d
68227,stationary_low_noise,none,zero_residual_frequency,0.0008472436701176811,0.0008568327032050238,-9.589033087342713e-06,52.19966833207215,52.661662353216435,-0.4619940211442852,0.0004189144796238331,0.0004311200908433399,1.2205611219506807e-05,0.4859023933209785,0.4843778010978817,0.00152459222309681,0.0006523662807277222,0.0004617591014401008,0.011183065936590235,0.000167329875719402,4,4,0,0,True,freq_hrl_no_leakage_v5,v5_u3_l1_h3_p01_tactical,2026,4044,tuning_validation_mechanism_diagnostic,full_method_nested_hpo_v3,0c65097c9b86b900c22caf62144fb801532978cb,8aa8fb9172c7d3f5e4ef34220431f3e8643209fd68a11296dfaed658d8fae25d
68207,stationary_low_noise,none,zero_residual_frequency,0.0020349194872497645,0.00207299739540856,-3.807790815879564e-05,89.1607588938527,90.30665615461857,-1.1458972607658637,0.0006408159169977168,0.0006481005667540174,7.28464975630061e-06,0.5993186094771454,0.6002386881567149,-0.0009200786795694471,0.00045725640276473943,0.0003341349086543433,0.010023067012015314,0.0001497398301715875,4,4,0,0,True,freq_hrl_no_leakage_v5,v5_u3_l1_h3_p01_tactical,2039,4057,tuning_validation_mechanism_diagnostic,full_method_nested_hpo_v3,0c65097c9b86b900c22caf62144fb801532978cb,8aa8fb9172c7d3f5e4ef34220431f3e8643209fd68a11296dfaed658d8fae25d
68209,stationary_low_noise,none,zero_residual_frequency,0.00104979127417959,0.001100140536635541,-5.034926245595095e-05,46.63235138972224,48.31294963747609,-1.6805982477538493,0.0005943839617382762,0.0006114807317830762,1.7096770044799925e-05,0.5929575127551419,0.5973340009821793,-0.004376488227037401,0.0005121729807228358,0.0003305639259995985,0.015092705857629578,0.0002254309508687845,4,4,0,0,True,freq_hrl_no_leakage_v5,v5_u3_l1_h3_p01_tactical,2039,4057,tuning_validation_mechanism_diagnostic,full_method_nested_hpo_v3,0c65097c9b86b900c22caf62144fb801532978cb,8aa8fb9172c7d3f5e4ef34220431f3e8643209fd68a11296dfaed658d8fae25d
68213,stationary_low_noise,none,zero_residual_frequency,0.0034714102389103996,0.003548201933285311,-7.67916943749114e-05,126.82279000924171,128.77170570827607,-1.9489156990343588,0.0006136562040438553,0.0006295409178924682,1.5884713848612897e-05,0.6866039197428017,0.6881732400961877,-0.0015693203533860833,0.0005307116480604719,0.00034879896858955263,0.015391130191791388,0.00022990285830069336,4,4,0,0,True,freq_hrl_no_leakage_v5,v5_u3_l1_h3_p01_tactical,2039,4057,tuning_validation_mechanism_diagnostic,full_method_nested_hpo_v3,0c65097c9b86b900c22caf62144fb801532978cb,8aa8fb9172c7d3f5e4ef34220431f3e8643209fd68a11296dfaed658d8fae25d
68219,stationary_low_noise,none,zero_residual_frequency,0.0019484405965728424,0.001982199901450654,-3.375930487781176e-05,91.22501550636989,92.40276596821657,-1.177750461846685,0.0005425395162604874,0.000547026052777011,4.486536516523643e-06,0.610124181185853,0.6113744529968378,-0.0012502718109848043,0.00045094880529057994,0.0003284855906512007,0.011514503420847984,0.00017200723535550874,4,4,0,0,True,freq_hrl_no_leakage_v5,v5_u3_l1_h3_p01_tactical,2039,4057,tuning_validation_mechanism_diagnostic,full_method_nested_hpo_v3,0c65097c9b86b900c22caf62144fb801532978cb,8aa8fb9172c7d3f5e4ef34220431f3e8643209fd68a11296dfaed658d8fae25d
68227,stationary_low_noise,none,zero_residual_frequency,0.002280838561380838,0.0023161300964180676,-3.529153503722959e-05,94.51710562227564,95.5350724958473,-1.017966873571666,0.0006037173002252372,0.0006059353340222007,2.2180337969635033e-06,0.6029497605158234,0.6049714398207573,-0.00202167930493391,0.0004504351170847632,0.00033326428023241437,0.011063531685310105,0.00016527030886135933,4,4,0,0,True,freq_hrl_no_leakage_v5,v5_u3_l1_h3_p01_tactical,2039,4057,tuning_validation_mechanism_diagnostic,full_method_nested_hpo_v3,0c65097c9b86b900c22caf62144fb801532978cb,8aa8fb9172c7d3f5e4ef34220431f3e8643209fd68a11296dfaed658d8fae25d
68207,stationary_low_noise,none,zero_residual_frequency,0.002605901165597224,0.002610925114849394,-5.023949252169757e-06,107.51374974993905,107.83314261345896,-0.3193928635199086,0.00035530390190208205,0.0003548386862204378,-4.6521568164425986e-07,0.48608487469928413,0.48533573181632583,0.000749142882958298,-0.0001633286102211913,-0.00019875102274986275,0.004633043719069166,6.947616495502285e-05,4,4,0,0,True,freq_hrl_no_leakage_v5,v5_u3_l1_h3_p01_tactical,2053,4071,tuning_validation_mechanism_diagnostic,full_method_nested_hpo_v3,0c65097c9b86b900c22caf62144fb801532978cb,8aa8fb9172c7d3f5e4ef34220431f3e8643209fd68a11296dfaed658d8fae25d
68209,stationary_low_noise,none,zero_residual_frequency,0.0017398197284139716,0.0017559176963364287,-1.60979679224571e-05,73.30815813062291,74.30881710587997,-1.0006589752570534,0.0005841115832816435,0.0005736257205382067,-1.0485862743436769e-05,0.4796737323472811,0.4767706483992009,0.0029030839480801984,-5.672228076106047e-05,-0.0001708067027230545,0.007691257685574883,0.00011533339635362288,4,4,0,0,True,freq_hrl_no_leakage_v5,v5_u3_l1_h3_p01_tactical,2053,4071,tuning_validation_mechanism_diagnostic,full_method_nested_hpo_v3,0c65097c9b86b900c22caf62144fb801532978cb,8aa8fb9172c7d3f5e4ef34220431f3e8643209fd68a11296dfaed658d8fae25d
68213,stationary_low_noise,none,zero_residual_frequency,0.0040452535096360265,0.004038631289350336,6.622220285690261e-06,151.74881101247524,152.0166119125164,-0.2678009000411521,0.0002757627744344182,0.0002693068343520011,-6.455940082417122e-06,0.5803422179698849,0.5783798434267707,0.0019623745431142092,-0.00016091742702466357,-0.00018275513457417477,0.00449871580114834,6.745550061512304e-05,4,4,0,0,True,freq_hrl_no_leakage_v5,v5_u3_l1_h3_p01_tactical,2053,4071,tuning_validation_mechanism_diagnostic,full_method_nested_hpo_v3,0c65097c9b86b900c22caf62144fb801532978cb,8aa8fb9172c7d3f5e4ef34220431f3e8643209fd68a11296dfaed658d8fae25d
68219,stationary_low_noise,none,zero_residual_frequency,0.0028161491879066247,0.002820172772035834,-4.023584129209112e-06,117.92649731671558,118.35714153017055,-0.4306442134549684,0.00033975032581701203,0.0003374022100716134,-2.3481157453986157e-06,0.5002586221544117,0.49867264681494783,0.0015859753394639187,-0.00012157274154127304,-0.00018544643692902654,0.004946066278555211,7.416307867267425e-05,4,4,0,0,True,freq_hrl_no_leakage_v5,v5_u3_l1_h3_p01_tactical,2053,4071,tuning_validation_mechanism_diagnostic,full_method_nested_hpo_v3,0c65097c9b86b900c22caf62144fb801532978cb,8aa8fb9172c7d3f5e4ef34220431f3e8643209fd68a11296dfaed658d8fae25d
68227,stationary_low_noise,none,zero_residual_frequency,0.0031200049954100972,0.0031451573867169458,-2.5152391306848543e-05,124.73828602558231,125.52375385301127,-0.7854678274289597,0.0003029428945442447,0.00029968432934079914,-3.2585652034455848e-06,0.498372384965301,0.49678826674401094,0.001584118221290065,-0.00011546127867404379,-0.00018043461953230633,0.005403706283929447,8.102369108877822e-05,4,4,0,0,True,freq_hrl_no_leakage_v5,v5_u3_l1_h3_p01_tactical,2053,4071,tuning_validation_mechanism_diagnostic,full_method_nested_hpo_v3,0c65097c9b86b900c22caf62144fb801532978cb,8aa8fb9172c7d3f5e4ef34220431f3e8643209fd68a11296dfaed658d8fae25d
68207,persistent_shift,none,zero_residual_frequency,0.006185100759197537,0.005991153667965765,0.000193947091231772,156.41698705549993,153.99895602948538,2.418031026014546,0.00038457696162375044,0.0003821076627649189,-2.4692988588315146e-06,0.4811553064746468,0.4790659701216849,0.0020893363529619347,0.0004383530448008716,0.00027101789543235557,0.02014158634507718,0.0003012833219886054,4,4,0,0,True,freq_hrl_no_leakage_v5,v5_u3_l1_h3_p01_tactical,2026,2026,tuning_validation_mechanism_diagnostic,full_method_nested_hpo_v3,0c65097c9b86b900c22caf62144fb801532978cb,8aa8fb9172c7d3f5e4ef34220431f3e8643209fd68a11296dfaed658d8fae25d
68209,persistent_shift,none,zero_residual_frequency,0.011527532350475544,0.011746114720723844,-0.00021858237024829918,185.55705235736357,186.69988705728247,-1.1428346999188932,0.0006275134148909789,0.0006321433269316223,4.629912040643447e-06,0.6349772173652005,0.6387514236168155,-0.0037742062516149533,0.00018084600589542545,3.3923655538474774e-05,0.02964076575072896,0.00044267054786838026,4,4,0,0,True,freq_hrl_no_leakage_v5,v5_u3_l1_h3_p01_tactical,2026,2026,tuning_validation_mechanism_diagnostic,full_method_nested_hpo_v3,0c65097c9b86b900c22caf62144fb801532978cb,8aa8fb9172c7d3f5e4ef34220431f3e8643209fd68a11296dfaed658d8fae25d
68213,persistent_shift,none,zero_residual_frequency,0.015047024290073319,0.015636173387511665,-0.0005891490974383462,226.02804814717553,228.96516724952278,-2.9371191023472534,0.0003133980713283524,0.00031433290404336844,9.348327150160429e-07,0.6921035730195895,0.6993874911215923,-0.0072839181020027954,0.0002857927287978566,0.0001770793168574822,0.03286380006724762,0.0004910820665966049,4,4,0,0,True,freq_hrl_no_leakage_v5,v5_u3_l1_h3_p01_tactical,2026,2026,tuning_validation_mechanism_diagnostic,full_method_nested_hpo_v3,0c65097c9b86b900c22caf62144fb801532978cb,8aa8fb9172c7d3f5e4ef34220431f3e8643209fd68a11296dfaed658d8fae25d
68219,persistent_shift,none,zero_residual_frequency,0.0063553302605356965,0.006309481889155588,4.584837138010833e-05,144.84659895516785,144.24338610624386,0.6032128489239881,0.0004544962770143268,0.0004534300171956662,-1.0662598186605976e-06,0.5605119586765572,0.5595908503818815,0.0009211082946757321,0.0004809844031520379,0.000248478104609709,0.019768618948486014,0.0002954317302523657,4,4,0,0,True,freq_hrl_no_leakage_v5,v5_u3_l1_h3_p01_tactical,2026,2026,tuning_validation_mechanism_diagnostic,full_method_nested_hpo_v3,0c65097c9b86b900c22caf62144fb801532978cb,8aa8fb9172c7d3f5e4ef34220431f3e8643209fd68a11296dfaed658d8fae25d
68227,persistent_shift,none,zero_residual_frequency,0.00531399034350355,0.005215794960269582,9.81953832339677e-05,140.0239859046582,138.67911971621507,1.3448661884431203,0.0004183169002718312,0.0004184632789669962,1.463786951649837e-07,0.508854351594781,0.508263229995743,0.0005911215990379581,0.00046779489215257973,0.0002709190992722166,0.019191088636095324,0.0002868275204814466,4,4,0,0,True,freq_hrl_no_leakage_v5,v5_u3_l1_h3_p01_tactical,2026,2026,tuning_validation_mechanism_diagnostic,full_method_nested_hpo_v3,0c65097c9b86b900c22caf62144fb801532978cb,8aa8fb9172c7d3f5e4ef34220431f3e8643209fd68a11296dfaed658d8fae25d
68207,persistent_shift,none,zero_residual_frequency,0.017256717661014775,0.017274094182060162,-1.7376521045386895e-05,221.27409436875593,221.44152482946953,-0.16743046071360368,0.0009070473356749265,0.0009127777933972681,5.7304577223415976e-06,0.6936698520671346,0.6897134223446804,0.003956429722454247,0.00021822325080258213,0.00012490774088080284,0.015935390857501057,0.00023862125708371776,4,4,0,0,True,freq_hrl_no_leakage_v5,v5_u3_l1_h3_p01_tactical,2039,2039,tuning_validation_mechanism_diagnostic,full_method_nested_hpo_v3,0c65097c9b86b900c22caf62144fb801532978cb,8aa8fb9172c7d3f5e4ef34220431f3e8643209fd68a11296dfaed658d8fae25d
68209,persistent_shift,none,zero_residual_frequency,0.01170004043203332,0.011748220120468833,-4.817968843551235e-05,183.98391534176352,184.1545087384343,-0.17059339667076756,0.0008586956466515305,0.0008671636641442992,8.468017492768709e-06,0.6582021104579048,0.6582017788230191,3.316348856641227e-07,0.0006140157460128041,0.00018061771265582703,0.026318840376592965,0.00039366866433141747,4,4,0,0,True,freq_hrl_no_leakage_v5,v5_u3_l1_h3_p01_tactical,2039,2039,tuning_validation_mechanism_diagnostic,full_method_nested_hpo_v3,0c65097c9b86b900c22caf62144fb801532978cb,8aa8fb9172c7d3f5e4ef34220431f3e8643209fd68a11296dfaed658d8fae25d
68213,persistent_shift,none,zero_residual_frequency,0.014684692095445762,0.014783908335156193,-9.921623971043125e-05,192.72955221854124,192.93269867028212,-0.20314645174087786,0.0005918182291072549,0.000613041374301182,2.1223145193927095e-05,0.7509955287107646,0.7486381045429917,0.002357424167772848,0.0005842778926433538,0.00018240311690376055,0.024131113274617953,0.0003610433775508672,4,4,0,0,True,freq_hrl_no_leakage_v5,v5_u3_l1_h3_p01_tactical,2039,2039,tuning_validation_mechanism_diagnostic,full_method_nested_hpo_v3,0c65097c9b86b900c22caf62144fb801532978cb,8aa8fb9172c7d3f5e4ef34220431f3e8643209fd68a11296dfaed658d8fae25d
68219,persistent_shift,none,zero_residual_frequency,0.014023919941704044,0.01402382286556203,9.707614201381887e-08,193.9029019781215,193.7579265971859,0.14497538093559115,0.001169219853547676,0.0011673148107368414,-1.9050428108347006e-06,0.7315197528712307,0.7312850575671679,0.00023469530406283745,0.00022518305381089864,0.00014098404638903853,0.01736382305162907,0.0002599551340415953,4,4,0,0,True,freq_hrl_no_leakage_v5,v5_u3_l1_h3_p01_tactical,2039,2039,tuning_validation_mechanism_diagnostic,full_method_nested_hpo_v3,0c65097c9b86b900c22caf62144fb801532978cb,8aa8fb9172c7d3f5e4ef34220431f3e8643209fd68a11296dfaed658d8fae25d
68227,persistent_shift,none,zero_residual_frequency,0.012856318816121481,0.013078917759356212,-0.00022259894323473084,191.37505063923007,191.95979635510594,-0.5847457158758687,0.0007429494748562027,0.0007529363180516224,9.986843195419759e-06,0.6376555254003791,0.6390605772638067,-0.0014050518634276532,0.00026215242922678517,0.0001352778255186042,0.02068242346770906,0.0003096125279466781,4,4,0,0,True,freq_hrl_no_leakage_v5,v5_u3_l1_h3_p01_tactical,2039,2039,tuning_validation_mechanism_diagnostic,full_method_nested_hpo_v3,0c65097c9b86b900c22caf62144fb801532978cb,8aa8fb9172c7d3f5e4ef34220431f3e8643209fd68a11296dfaed658d8fae25d
68207,persistent_shift,none,zero_residual_frequency,0.00892761296462119,0.008899195958786299,2.841700583489093e-05,155.7794707941613,154.56887009144455,1.2106007027167607,0.0012507265042819293,0.0012709686170925272,2.0242112810597845e-05,0.7567322232305124,0.7646424286190656,-0.007910205388553249,5.699836342456407e-05,5.882467106335909e-05,0.012277620871464024,0.00018385640904271093,4,4,0,0,True,freq_hrl_no_leakage_v5,v5_u3_l1_h3_p01_tactical,2053,2053,tuning_validation_mechanism_diagnostic,full_method_nested_hpo_v3,0c65097c9b86b900c22caf62144fb801532978cb,8aa8fb9172c7d3f5e4ef34220431f3e8643209fd68a11296dfaed658d8fae25d
68209,persistent_shift,none,zero_residual_frequency,0.00914719845629075,0.009061584035313652,8.561442097709815e-05,155.52407709594584,154.05690923361183,1.4671678623340085,0.0013869931384253853,0.001411411510145788,2.4418371720402732e-05,0.885180511020558,0.889503414303402,-0.004322903282844015,6.693703494531808e-05,3.199498010754412e-05,0.018716107848659805,0.00028004175313450243,4,4,0,0,True,freq_hrl_no_leakage_v5,v5_u3_l1_h3_p01_tactical,2053,2053,tuning_validation_mechanism_diagnostic,full_method_nested_hpo_v3,0c65097c9b86b900c22caf62144fb801532978cb,8aa8fb9172c7d3f5e4ef34220431f3e8643209fd68a11296dfaed658d8fae25d
68213,persistent_shift,none,zero_residual_frequency,0.012906661420763132,0.01283553774182411,7.112367893902238e-05,176.0272354696905,174.82156700542177,1.20566846426874,0.0006454900480160619,0.0006655808980681188,2.0090850052056908e-05,0.8874954623320199,0.897578295012684,-0.010082832680664122,7.224805792248278e-06,3.166827241001181e-05,0.01738354882602127,0.0002601767655204506,4,4,0,0,True,freq_hrl_no_leakage_v5,v5_u3_l1_h3_p01_tactical,2053,2053,tuning_validation_mechanism_diagnostic,full_method_nested_hpo_v3,0c65097c9b86b900c22caf62144fb801532978cb,8aa8fb9172c7d3f5e4ef34220431f3e8643209fd68a11296dfaed658d8fae25d
68219,persistent_shift,none,zero_residual_frequency,0.007501140385261618,0.007368064825704845,0.0001330755595567723,128.11211554713816,124.70882374613137,3.4032918010067874,0.0020423940456291145,0.0021383552088103386,9.596116318122405e-05,0.7831363721239426,0.7988515980624297,-0.015715225938487065,0.00013688407401104148,3.456226558589302e-05,0.014846937489023226,0.00022230996737285428,4,4,0,0,True,freq_hrl_no_leakage_v5,v5_u3_l1_h3_p01_tactical,2053,2053,tuning_validation_mechanism_diagnostic,full_method_nested_hpo_v3,0c65097c9b86b900c22caf62144fb801532978cb,8aa8fb9172c7d3f5e4ef34220431f3e8643209fd68a11296dfaed658d8fae25d
68227,persistent_shift,none,zero_residual_frequency,0.008144134943847803,0.008046926489949202,9.720845389860067e-05,148.64414715992078,146.75729291987722,1.8868542400435615,0.0015037804448494452,0.0015469711824500632,4.319073760061798e-05,0.7587607521565956,0.763627846027726,-0.00486709387113049,0.00014651891088189904,4.1115181938644904e-05,0.0178982192956836,0.0002679341773869286,4,4,0,0,True,freq_hrl_no_leakage_v5,v5_u3_l1_h3_p01_tactical,2053,2053,tuning_validation_mechanism_diagnostic,full_method_nested_hpo_v3,0c65097c9b86b900c22caf62144fb801532978cb,8aa8fb9172c7d3f5e4ef34220431f3e8643209fd68a11296dfaed658d8fae25d
68207,ood_period,none,zero_residual_frequency,0.0030662752325161247,0.003087079314272767,-2.080408175664239e-05,98.37305935172502,99.19342142319945,-0.8203620714744346,0.0003998299490179935,0.00039668348207111404,-3.146466946879478e-06,0.24234512919148138,0.24179724036930061,0.0005478888221807643,-7.685493893404944e-05,-5.8842606281022365e-05,0.005680783910712408,8.518900196423226e-05,4,4,0,0,True,freq_hrl_no_leakage_v5,v5_u3_l1_h3_p01_tactical,2026,7071,tuning_validation_mechanism_diagnostic,full_method_nested_hpo_v3,0c65097c9b86b900c22caf62144fb801532978cb,8aa8fb9172c7d3f5e4ef34220431f3e8643209fd68a11296dfaed658d8fae25d
68209,ood_period,none,zero_residual_frequency,0.0007294554980785684,0.0007157741686298902,1.368132944867817e-05,42.544752100314035,40.757273491137724,1.7874786091763113,0.00045134084069298197,0.0004633886342700899,1.2047793577107946e-05,0.2225952093417153,0.22675122435949682,-0.004156015017781511,-7.498115519177822e-05,-3.322025855560977e-05,0.00671282968259119,0.00010065218196672333,4,4,0,0,True,freq_hrl_no_leakage_v5,v5_u3_l1_h3_p01_tactical,2026,7071,tuning_validation_mechanism_diagnostic,full_method_nested_hpo_v3,0c65097c9b86b900c22caf62144fb801532978cb,8aa8fb9172c7d3f5e4ef34220431f3e8643209fd68a11296dfaed658d8fae25d
68213,ood_period,none,zero_residual_frequency,0.00160338830560125,0.0016243270540279298,-2.0938748426679865e-05,61.736125116298105,62.491501105828775,-0.7553759895306698,0.0006130703412604577,0.0005982945534028783,-1.4775787857579381e-05,0.28018107223135413,0.2797838662187115,0.000397206012642648,-6.699834016435938e-05,-2.481634295999924e-05,0.007989841877133586,0.00011981556657537778,4,4,0,0,True,freq_hrl_no_leakage_v5,v5_u3_l1_h3_p01_tactical,2026,7071,tuning_validation_mechanism_diagnostic,full_method_nested_hpo_v3,0c65097c9b86b900c22caf62144fb801532978cb,8aa8fb9172c7d3f5e4ef34220431f3e8643209fd68a11296dfaed658d8fae25d
68219,ood_period,none,zero_residual_frequency,0.0007240196265341226,0.0006884180479103108,3.560157862381175e-05,36.71679260087798,34.36936646665302,2.3474261342249605,0.0005021842764604267,0.0005170064658879259,1.4822189427499133e-05,0.21936903613123282,0.2202921646778316,-0.0009231285465987893,-3.4876618969743234e-05,-2.9753450313404846e-05,0.00610537804633269,9.154433845486827e-05,4,4,0,0,True,freq_hrl_no_leakage_v5,v5_u3_l1_h3_p01_tactical,2026,7071,tuning_validation_mechanism_diagnostic,full_method_nested_hpo_v3,0c65097c9b86b900c22caf62144fb801532978cb,8aa8fb9172c7d3f5e4ef34220431f3e8643209fd68a11296dfaed658d8fae25d
68227,ood_period,none,zero_residual_frequency,0.0011301314876805968,0.0011091605686024408,2.097091907815596e-05,52.64966890947861,51.0532405067372,1.5964284027414166,0.0004742292432480255,0.0004948702365892288,2.0640993341203284e-05,0.24207939907624548,0.244373730179114,-0.00229433110286853,-5.7024077921912834e-05,-4.045765567878409e-05,0.008228823021070437,0.00012337328760969732,4,4,0,0,True,freq_hrl_no_leakage_v5,v5_u3_l1_h3_p01_tactical,2026,7071,tuning_validation_mechanism_diagnostic,full_method_nested_hpo_v3,0c65097c9b86b900c22caf62144fb801532978cb,8aa8fb9172c7d3f5e4ef34220431f3e8643209fd68a11296dfaed658d8fae25d
68207,ood_period,none,zero_residual_frequency,0.0161530987454932,0.016720882284668726,-0.0005677835391755259,173.1636629866577,173.87770247188698,-0.7140394852292786,0.0006767237596295717,0.000707050183214375,3.0326423584803308e-05,0.7039020353590715,0.7210336748170689,-0.01713163945799745,-0.0003463947751671174,-0.00021736484216967552,0.018947050183002526,0.00028393261467620824,4,4,0,0,True,freq_hrl_no_leakage_v5,v5_u3_l1_h3_p01_tactical,2039,7084,tuning_validation_mechanism_diagnostic,full_method_nested_hpo_v3,0c65097c9b86b900c22caf62144fb801532978cb,8aa8fb9172c7d3f5e4ef34220431f3e8643209fd68a11296dfaed658d8fae25d
68209,ood_period,none,zero_residual_frequency,0.00873642499064875,0.008903927635085518,-0.00016750264443676777,113.03584490602152,113.45622518675304,-0.42038028073152134,0.001707865330406455,0.0017617376721447142,5.3872341738259166e-05,0.7003771518262556,0.7108177005694525,-0.010440548743196887,-0.00044363751847617067,-0.00025125990074450686,0.03327853572037485,0.000498415886803781,4,4,0,0,True,freq_hrl_no_leakage_v5,v5_u3_l1_h3_p01_tactical,2039,7084,tuning_validation_mechanism_diagnostic,full_method_nested_hpo_v3,0c65097c9b86b900c22caf62144fb801532978cb,8aa8fb9172c7d3f5e4ef34220431f3e8643209fd68a11296dfaed658d8fae25d
68213,ood_period,none,zero_residual_frequency,0.017209351970764786,0.01753911397777097,-0.00032976200700618463,144.04845768542108,144.92787035743157,-0.8794126720104884,0.0011455426449418216,0.0011759010543622717,3.0358409420450094e-05,0.9482211951906644,0.9556744254823719,-0.007453230291707524,-0.0005768987067201951,-0.0002864624953899664,0.03250734642885315,0.00048690398539383387,4,4,0,0,True,freq_hrl_no_leakage_v5,v5_u3_l1_h3_p01_tactical,2039,7084,tuning_validation_mechanism_diagnostic,full_method_nested_hpo_v3,0c65097c9b86b900c22caf62144fb801532978cb,8aa8fb9172c7d3f5e4ef34220431f3e8643209fd68a11296dfaed658d8fae25d
68219,ood_period,none,zero_residual_frequency,0.010423568991306809,0.010954485676943682,-0.000530916685636873,127.74795019471378,127.81090377353908,-0.06295357882530084,0.0011311226920196482,0.0012125982946136205,8.147560259397224e-05,0.6982020311356149,0.730422204218568,-0.03222017308295311,-0.0006009862098461496,-0.00028716616016337545,0.020792628661406017,0.00031157227294908687,4,4,0,0,True,freq_hrl_no_leakage_v5,v5_u3_l1_h3_p01_tactical,2039,7084,tuning_validation_mechanism_diagnostic,full_method_nested_hpo_v3,0c65097c9b86b900c22caf62144fb801532978cb,8aa8fb9172c7d3f5e4ef34220431f3e8643209fd68a11296dfaed658d8fae25d
68227,ood_period,none,zero_residual_frequency,0.011953879490137043,0.012603256224334114,-0.0006493767341970713,140.16643199735182,140.84752041480996,-0.6810884174581417,0.0011021046313139937,0.0011876379155995043,8.553328428551055e-05,0.7637642154274106,0.7951143769174471,-0.031350161490036554,-0.0005743993456339248,-0.0002853163624948982,0.02313185266911104,0.0003465716614190219,4,4,0,0,True,freq_hrl_no_leakage_v5,v5_u3_l1_h3_p01_tactical,2039,7084,tuning_validation_mechanism_diagnostic,full_method_nested_hpo_v3,0c65097c9b86b900c22caf62144fb801532978cb,8aa8fb9172c7d3f5e4ef34220431f3e8643209fd68a11296dfaed658d8fae25d
68207,ood_period,none,zero_residual_frequency,0.010108601319875232,0.010372730387359086,-0.0002641290674838537,150.92977211206625,151.74914971884527,-0.8193776067790282,0.00041352307716113756,0.0004279579080227469,1.4434830861609349e-05,0.5177048989622373,0.5213180960838981,-0.0036131971216608605,8.268667892216705e-05,7.875321465774573e-05,0.011418789029266917,0.00017122647832903097,4,4,0,0,True,freq_hrl_no_leakage_v5,v5_u3_l1_h3_p01_tactical,2053,7098,tuning_validation_mechanism_diagnostic,full_method_nested_hpo_v3,0c65097c9b86b900c22caf62144fb801532978cb,8aa8fb9172c7d3f5e4ef34220431f3e8643209fd68a11296dfaed658d8fae25d
68209,ood_period,none,zero_residual_frequency,0.01063314363596124,0.011022078238576816,-0.000388934602615576,130.1915013864047,130.28084508993325,-0.0893437035285558,0.0010409425076636225,0.001108112056923849,6.716954926022645e-05,0.6144457006431103,0.6272552072825488,-0.012809506639438473,0.00020201929282715302,8.751101044678238e-05,0.02245930830742711,0.00033658399695151635,4,4,0,0,True,freq_hrl_no_leakage_v5,v5_u3_l1_h3_p01_tactical,2053,7098,tuning_validation_mechanism_diagnostic,full_method_nested_hpo_v3,0c65097c9b86b900c22caf62144fb801532978cb,8aa8fb9172c7d3f5e4ef34220431f3e8643209fd68a11296dfaed658d8fae25d
68213,ood_period,none,zero_residual_frequency,0.017910167480350125,0.017995605355787925,-8.543787543779935e-05,158.49891484811997,158.931333532544,-0.43241868442402165,0.0011697413001741097,0.0011740761178788972,4.334817704787497e-06,0.7949594174985823,0.7937741696386117,0.0011852478599706506,0.0003127985479009367,6.175296392802753e-05,0.019159492063691785,0.0002872094428474865,4,4,0,0,True,freq_hrl_no_leakage_v5,v5_u3_l1_h3_p01_tactical,2053,7098,tuning_validation_mechanism_diagnostic,full_method_nested_hpo_v3,0c65097c9b86b900c22caf62144fb801532978cb,8aa8fb9172c7d3f5e4ef34220431f3e8643209fd68a11296dfaed658d8fae25d
68219,ood_period,none,zero_residual_frequency,0.009740373181676754,0.009914655683872287,-0.00017428250219553298,141.19287029179742,141.52227868469845,-0.32940839290102986,0.0010463643149223323,0.0010627747446936286,1.6410429771296364e-05,0.5320937951735136,0.5354740695419886,-0.003380274368474989,0.0001631135928879875,7.459258000253738e-05,0.01439971618718927,0.00021588193957098887,4,4,0,0,True,freq_hrl_no_leakage_v5,v5_u3_l1_h3_p01_tactical,2053,7098,tuning_validation_mechanism_diagnostic,full_method_nested_hpo_v3,0c65097c9b86b900c22caf62144fb801532978cb,8aa8fb9172c7d3f5e4ef34220431f3e8643209fd68a11296dfaed658d8fae25d
68227,ood_period,none,zero_residual_frequency,0.01064972141599485,0.010695074762186563,-4.535334619171216e-05,134.65217694790323,134.3274830823715,0.3246938655317422,0.0009023936014184164,0.0009246801874639443,2.2286586045527912e-05,0.5969933147576544,0.5996325767296924,-0.0026392619720380095,0.00021419482305993603,6.480380628419677e-05,0.016281012404296132,0.00024407581019475965,4,4,0,0,True,freq_hrl_no_leakage_v5,v5_u3_l1_h3_p01_tactical,2053,7098,tuning_validation_mechanism_diagnostic,full_method_nested_hpo_v3,0c65097c9b86b900c22caf62144fb801532978cb,8aa8fb9172c7d3f5e4ef34220431f3e8643209fd68a11296dfaed658d8fae25d
68207,stationary_low_noise,none,zero_residual_frequency,-0.00010989368768132834,-0.00010801810673555234,-1.8755809457760009e-06,-90.03355345239405,-87.64026205564775,-2.3932913967462923,0.00011331065846786892,0.0001133855181650878,7.485969721887642e-08,0.04970193867660514,0.04979560854295863,-9.366986635348656e-05,6.528421212330959e-06,7.651921795085925e-06,0.0007056706800843434,5.29252099853759e-06,3,3,0,0,True,freq_hrl_no_leakage_v5,v5_u3_l3_h003_p003_conservative,2026,4044,tuning_validation_mechanism_diagnostic,full_method_nested_hpo_v3,0c65097c9b86b900c22caf62144fb801532978cb,8aa8fb9172c7d3f5e4ef34220431f3e8643209fd68a11296dfaed658d8fae25d
68209,stationary_low_noise,none,zero_residual_frequency,-0.00011729156581785638,-0.00011734728835299801,5.57225351416335e-08,-87.26753693687567,-88.01238036440246,0.7448434275267886,0.00011729156581785638,0.00011734728835299801,5.57225351416335e-08,0.05835150297002094,0.05807015594463391,0.00028134702538702705,1.1823668625081064e-05,8.163023787205488e-06,0.001161524977442241,8.71141542878169e-06,3,3,0,0,True,freq_hrl_no_leakage_v5,v5_u3_l3_h003_p003_conservative,2026,4044,tuning_validation_mechanism_diagnostic,full_method_nested_hpo_v3,0c65097c9b86b900c22caf62144fb801532978cb,8aa8fb9172c7d3f5e4ef34220431f3e8643209fd68a11296dfaed658d8fae25d
68213,stationary_low_noise,none,zero_residual_frequency,5.007196393158608e-05,5.169557204620645e-05,-1.6236081146203674e-06,26.915087192617186,27.69542215028698,-0.780334957669794,7.688789775794902e-05,7.592889208740683e-05,-9.5900567054219e-07,0.0670703544475816,0.06705248928605954,1.786516152205153e-05,4.693596737950112e-06,8.071852540561189e-06,0.0007165751998955886,5.374305319757388e-06,3,3,0,0,True,freq_hrl_no_leakage_v5,v5_u3_l3_h003_p003_conservative,2026,4044,tuning_validation_mechanism_diagnostic,full_method_nested_hpo_v3,0c65097c9b86b900c22caf62144fb801532978cb,8aa8fb9172c7d3f5e4ef34220431f3e8643209fd68a11296dfaed658d8fae25d
68219,stationary_low_noise,none,zero_residual_frequency,-8.709838605780451e-05,-8.624714933591626e-05,-8.512367218882488e-07,-81.00479833645986,-80.16989018247544,-0.834908153984415,9.801303748091517e-05,9.741544191521623e-05,-5.975955656989385e-07,0.05918952893876908,0.05911211701649352,7.741192227556093e-05,8.76474802955076e-06,8.143534224524147e-06,0.000802969244250562,6.022247949302211e-06,3,3,0,0,True,freq_hrl_no_leakage_v5,v5_u3_l3_h003_p003_conservative,2026,4044,tuning_validation_mechanism_diagnostic,full_method_nested_hpo_v3,0c65097c9b86b900c22caf62144fb801532978cb,8aa8fb9172c7d3f5e4ef34220431f3e8643209fd68a11296dfaed658d8fae25d
68227,stationary_low_noise,none,zero_residual_frequency,-0.00015504175929248465,-0.00015381162632377432,-1.230132968710329e-06,-124.05672460417951,-122.66895988868559,-1.3877647154939154,0.00015504175929248465,0.00015381162632377432,-1.230132968710329e-06,0.05611983594067903,0.05604447215391979,7.536378675923605e-05,4.223782577603016e-06,8.192809610260296e-06,0.0009810834023432512,7.358096984223551e-06,3,3,0,0,True,freq_hrl_no_leakage_v5,v5_u3_l3_h003_p003_conservative,2026,4044,tuning_validation_mechanism_diagnostic,full_method_nested_hpo_v3,0c65097c9b86b900c22caf62144fb801532978cb,8aa8fb9172c7d3f5e4ef34220431f3e8643209fd68a11296dfaed658d8fae25d
68207,stationary_low_noise,none,zero_residual_frequency,-6.155596269763475e-05,-6.250598593127155e-05,9.500232336367986e-07,-127.01018796458658,-126.2477925750048,-0.7623953895817834,6.155596269763475e-05,6.250598593127155e-05,9.500232336367986e-07,0.014430781506871982,0.01424786962658722,0.00018291188028476263,1.0497009569576608e-05,3.841522106979184e-06,0.001016652548272153,7.624852779000055e-06,3,3,0,0,True,freq_hrl_no_leakage_v5,v5_u3_l3_h003_p003_conservative,2039,4057,tuning_validation_mechanism_diagnostic,full_method_nested_hpo_v3,0c65097c9b86b900c22caf62144fb801532978cb,8aa8fb9172c7d3f5e4ef34220431f3e8643209fd68a11296dfaed658d8fae25d
68209,stationary_low_noise,none,zero_residual_frequency,-3.5727939631247096e-05,-3.6659822889917315e-05,9.318832586702186e-07,-92.0689546147234,-93.59477134123014,1.525816726506747,3.5727939631247096e-05,3.6659822889917315e-05,9.318832586702186e-07,0.014164274627744836,0.013990857598424012,0.0001734170293208239,1.354590534501874e-05,1.0113512214636392e-05,0.001194306965104867,8.957232142874028e-06,3,3,0,0,True,freq_hrl_no_leakage_v5,v5_u3_l3_h003_p003_conservative,2039,4057,tuning_validation_mechanism_diagnostic,full_method_nested_hpo_v3,0c65097c9b86b900c22caf62144fb801532978cb,8aa8fb9172c7d3f5e4ef34220431f3e8643209fd68a11296dfaed658d8fae25d
68213,stationary_low_noise,none,zero_residual_frequency,-7.465178736831835e-05,-7.534488440308351e-05,6.930970347651666e-07,-130.65864797169505,-131.17524105248566,0.5165930807906136,7.465178736831835e-05,7.534488440308351e-05,6.930970347651666e-07,0.022412713227434593,0.02219520662192355,0.00021750660551104334,1.3516782521108022e-05,4.532661451436758e-06,0.0014582936942032472,1.0937117816303797e-05,3,3,0,0,True,freq_hrl_no_leakage_v5,v5_u3_l3_h003_p003_conservative,2039,4057,tuning_validation_mechanism_diagnostic,full_method_nested_hpo_v3,0c65097c9b86b900c22caf62144fb801532978cb,8aa8fb9172c7d3f5e4ef34220431f3e8643209fd68a11296dfaed658d8fae25d
68219,stationary_low_noise,none,zero_residual_frequency,-6.795069958331901e-05,-6.783964000867115e-05,-1.1105957464785376e-07,-127.86411444825245,-127.2216720205081,-0.6424424277443563,6.795069958331901e-05,6.783964000867115e-05,-1.1105957464785376e-07,0.017736790592695714,0.017608258676245662,0.00012853191645005244,7.983837319174589e-06,4.496998797772949e-06,0.000994178004137009,7.4562880557218504e-06,3,3,0,0,True,freq_hrl_no_leakage_v5,v5_u3_l3_h003_p003_conservative,2039,4057,tuning_validation_mechanism_diagnostic,full_method_nested_hpo_v3,0c65097c9b86b900c22caf62144fb801532978cb,8aa8fb9172c7d3f5e4ef34220431f3e8643209fd68a11296dfaed658d8fae25d
68227,stationary_low_noise,none,zero_residual_frequency,-8.680972844565815e-05,-8.808705116869486e-05,1.2773227230367112e-06,-158.29422156949997,-160.5092852184744,2.2150636489744215,8.680972844565815e-05,8.808705116869486e-05,1.2773227230367112e-06,0.016251035198406934,0.015976194935555802,0.00027484026285113164,7.395979975917817e-06,1.993194262904129e-06,0.0010996028787480505,8.246973259364631e-06,3,3,0,0,True,freq_hrl_no_leakage_v5,v5_u3_l3_h003_p003_conservative,2039,4057,tuning_validation_mechanism_diagnostic,full_method_nested_hpo_v3,0c65097c9b86b900c22caf62144fb801532978cb,8aa8fb9172c7d3f5e4ef34220431f3e8643209fd68a11296dfaed658d8fae25d
68207,stationary_low_noise,none,zero_residual_frequency,-9.897457524610243e-05,-9.708991557333402e-05,-1.8846596727684073e-06,-226.69481171795383,-224.41225840055432,-2.282553317399504,9.897457524610243e-05,9.708991557333402e-05,-1.8846596727684073e-06,0.012171288482671716,0.011849806037727043,0.0003214824449446728,-2.743246722787844e-06,3.4182345402482375e-06,0.0008734146105502481,6.5505902008966475e-06,3,3,0,0,True,freq_hrl_no_leakage_v5,v5_u3_l3_h003_p003_conservative,2053,4071,tuning_validation_mechanism_diagnostic,full_method_nested_hpo_v3,0c65097c9b86b900c22caf62144fb801532978cb,8aa8fb9172c7d3f5e4ef34220431f3e8643209fd68a11296dfaed658d8fae25d
68209,stationary_low_noise,none,zero_residual_frequency,-0.00012928106530163408,-0.00012795295118950278,-1.3281141121312956e-06,-357.29669674684845,-353.30356964715867,-3.9931270996897865,0.00012928106530163408,0.00012795295118950278,-1.3281141121312956e-06,0.01199995539560312,0.01176295647762345,0.00023699891797967013,4.961330315095696e-06,2.812344546289474e-06,0.0015534279961785717,1.1650670436376858e-05,3,3,0,0,True,freq_hrl_no_leakage_v5,v5_u3_l3_h003_p003_conservative,2053,4071,tuning_validation_mechanism_diagnostic,full_method_nested_hpo_v3,0c65097c9b86b900c22caf62144fb801532978cb,8aa8fb9172c7d3f5e4ef34220431f3e8643209fd68a11296dfaed658d8fae25d
68213,stationary_low_noise,none,zero_residual_frequency,-8.551101512133119e-05,-8.448966371643607e-05,-1.0213514048951211e-06,-149.0311508134543,-150.5871427364314,1.5559919229770856,8.551101512133119e-05,8.448966371643607e-05,-1.0213514048951211e-06,0.013986149947331519,0.013402713459903673,0.000583436487427846,-4.56144888147185e-06,5.215990700127879e-06,0.00133433815525071,1.0007500940825173e-05,3,3,0,0,True,freq_hrl_no_leakage_v5,v5_u3_l3_h003_p003_conservative,2053,4071,tuning_validation_mechanism_diagnostic,full_method_nested_hpo_v3,0c65097c9b86b900c22caf62144fb801532978cb,8aa8fb9172c7d3f5e4ef34220431f3e8643209fd68a11296dfaed658d8fae25d
68219,stationary_low_noise,none,zero_residual_frequency,-5.2308479306151234e-05,-5.11202203186123e-05,-1.1882589875389371e-06,-117.98314795531606,-115.69733395127422,-2.285814004041839,5.515082649687475e-05,5.3911299121467415e-05,-1.2395273754073344e-06,0.012343063797678754,0.012108929686407567,0.00023413411127118713,-3.482113063890204e-06,1.4357868730308523e-06,0.0009900587125179704,7.425416126198824e-06,3,3,0,0,True,freq_hrl_no_leakage_v5,v5_u3_l3_h003_p003_conservative,2053,4071,tuning_validation_mechanism_diagnostic,full_method_nested_hpo_v3,0c65097c9b86b900c22caf62144fb801532978cb,8aa8fb9172c7d3f5e4ef34220431f3e8643209fd68a11296dfaed658d8fae25d
68227,stationary_low_noise,none,zero_residual_frequency,-4.723717271348793e-05,-4.6293883750214704e-05,-9.432889632732255e-07,-95.02085137123163,-91.86385636661335,-3.156995004618281,4.878884106696013e-05,4.790598087744957e-05,-8.828601895105592e-07,0.014008214408647263,0.014102821028715396,-9.460662006813281e-05,1.3171219157109773e-06,-1.034538026070364e-07,0.001198098379308653,8.985709174052927e-06,3,3,0,0,True,freq_hrl_no_leakage_v5,v5_u3_l3_h003_p003_conservative,2053,4071,tuning_validation_mechanism_diagnostic,full_method_nested_hpo_v3,0c65097c9b86b900c22caf62144fb801532978cb,8aa8fb9172c7d3f5e4ef34220431f3e8643209fd68a11296dfaed658d8fae25d
68207,persistent_shift,none,zero_residual_frequency,0.007309347032656399,0.007295963550283613,1.3383482372786304e-05,213.74082107429268,213.82381166034236,-0.08299058604967513,0.00022851602343509914,0.00022739677693350835,-1.119246501590787e-06,0.29414830400671765,0.29325145929747914,0.000896844709238509,1.6060614323392068e-05,3.2254171095671345e-06,0.0016182688017579495,1.2136957477497927e-05,3,3,0,0,True,freq_hrl_no_leakage_v5,v5_u3_l3_h003_p003_conservative,2026,2026,tuning_validation_mechanism_diagnostic,full_method_nested_hpo_v3,0c65097c9b86b900c22caf62144fb801532978cb,8aa8fb9172c7d3f5e4ef34220431f3e8643209fd68a11296dfaed658d8fae25d
68209,persistent_shift,none,zero_residual_frequency,0.006668463292178073,0.006667039126738494,1.424165439578573e-06,181.14177934426266,181.12114595045324,0.020633393809418976,0.0005062417870890235,0.0005060426644341032,-1.991226549202807e-07,0.39644885373641714,0.3963241747958157,0.00012467894060141926,1.973275072334565e-05,4.67368863031912e-06,0.002538310637889178,1.9036957941574713e-05,3,3,0,0,True,freq_hrl_no_leakage_v5,v5_u3_l3_h003_p003_conservative,2026,2026,tuning_validation_mechanism_diagnostic,full_method_nested_hpo_v3,0c65097c9b86b900c22caf62144fb801532978cb,8aa8fb9172c7d3f5e4ef34220431f3e8643209fd68a11296dfaed658d8fae25d
68213,persistent_shift,none,zero_residual_frequency,0.008590297170729233,0.008583051087428517,7.246083300715966e-06,210.1770389713371,210.3082856842971,-0.13124671295997814,0.00018977466549796596,0.00018969072094454642,-8.394455341953488e-08,0.4404020131033871,0.4395968498102014,0.0008051632931856956,1.994786908614361e-05,4.346697891722472e-06,0.0028329062507004383,2.124657108072438e-05,3,3,0,0,True,freq_hrl_no_leakage_v5,v5_u3_l3_h003_p003_conservative,2026,2026,tuning_validation_mechanism_diagnostic,full_method_nested_hpo_v3,0c65097c9b86b900c22caf62144fb801532978cb,8aa8fb9172c7d3f5e4ef34220431f3e8643209fd68a11296dfaed658d8fae25d
68219,persistent_shift,none,zero_residual_frequency,0.006326626881690167,0.006338641640062148,-1.201475837198096e-05,193.88939270673862,193.97957354345343,-0.09018083671480781,0.00040143152239180413,0.00040103765094978705,-3.938714420170797e-07,0.3387191652228492,0.3387432090498404,-2.404382699122687e-05,1.4973202961970788e-05,3.4898620365543748e-06,0.0019024529839953175,1.4268280888104484e-05,3,3,0,0,True,freq_hrl_no_leakage_v5,v5_u3_l3_h003_p003_conservative,2026,2026,tuning_validation_mechanism_diagnostic,full_method_nested_hpo_v3,0c65097c9b86b900c22caf62144fb801532978cb,8aa8fb9172c7d3f5e4ef34220431f3e8643209fd68a11296dfaed658d8fae25d
68227,persistent_shift,none,zero_residual_frequency,0.005781974991457384,0.005791679638350811,-9.704646893426983e-06,175.86972123243373,175.9361339787898,-0.06641274635606464,0.00040502374388828866,0.00040533017506383384,3.064311755451854e-07,0.33213719306648043,0.3321361811229624,1.0119435180366843e-06,1.4556094631931186e-05,2.5473123069003834e-06,0.002021238706018064,1.515915834851442e-05,3,3,0,0,True,freq_hrl_no_leakage_v5,v5_u3_l3_h003_p003_conservative,2026,2026,tuning_validation_mechanism_diagnostic,full_method_nested_hpo_v3,0c65097c9b86b900c22caf62144fb801532978cb,8aa8fb9172c7d3f5e4ef34220431f3e8643209fd68a11296dfaed658d8fae25d
68207,persistent_shift,none,zero_residual_frequency,0.006646719327876527,0.00662679094400076,1.9928383875766897e-05,175.75752179728374,175.633914085717,0.12360771156673422,0.0007739160593653871,0.0007721296429255009,-1.786416439886196e-06,0.44532235552795363,0.4446407324481763,0.000681623079777316,9.669878737852503e-06,8.94888552956958e-06,0.0019699642521724555,1.4774517727691142e-05,3,3,0,0,True,freq_hrl_no_leakage_v5,v5_u3_l3_h003_p003_conservative,2039,2039,tuning_validation_mechanism_diagnostic,full_method_nested_hpo_v3,0c65097c9b86b900c22caf62144fb801532978cb,8aa8fb9172c7d3f5e4ef34220431f3e8643209fd68a11296dfaed658d8fae25d
68209,persistent_shift,none,zero_residual_frequency,0.006995685763295345,0.006973756112385487,2.1929650909857656e-05,174.78166484826488,174.74149763136546,0.0401672168994196,0.0005809166350522199,0.0005774052880539449,-3.5113469982750445e-06,0.48548306842975053,0.48468919803248256,0.0007938703972679706,2.2463408809501466e-06,-1.7177566657453879e-06,0.0021914053896277133,1.643537129008289e-05,3,3,0,0,True,freq_hrl_no_leakage_v5,v5_u3_l3_h003_p003_conservative,2039,2039,tuning_validation_mechanism_diagnostic,full_method_nested_hpo_v3,0c65097c9b86b900c22caf62144fb801532978cb,8aa8fb9172c7d3f5e4ef34220431f3e8643209fd68a11296dfaed658d8fae25d
68213,persistent_shift,none,zero_residual_frequency,0.010062923219091635,0.01005979530246437,3.1279166272657477e-06,215.55819885714934,215.52395297196307,0.03424588518626592,0.00021090151384606237,0.0002112056162949516,3.041024488892319e-07,0.5017699052102724,0.5020076355047314,-0.00023773029445894878,7.501611616431826e-06,5.927998666777212e-06,0.0020760431883546622,1.5570085325962104e-05,3,3,0,0,True,freq_hrl_no_leakage_v5,v5_u3_l3_h003_p003_conservative,2039,2039,tuning_validation_mechanism_diagnostic,full_method_nested_hpo_v3,0c65097c9b86b900c22caf62144fb801532978cb,8aa8fb9172c7d3f5e4ef34220431f3e8643209fd68a11296dfaed658d8fae25d
68219,persistent_shift,none,zero_residual_frequency,0.005911264648753134,0.005905676570973961,5.5880777791728065e-06,158.32066860385152,158.36244667945653,-0.041778075605009235,0.001034441101459338,0.0010313368098064934,-3.1042916528445375e-06,0.4709685500571813,0.4704395904434696,0.0005289596137116881,2.122505290525551e-05,1.749029900644923e-05,0.002064092482052931,1.548047791594047e-05,3,3,0,0,True,freq_hrl_no_leakage_v5,v5_u3_l3_h003_p003_conservative,2039,2039,tuning_validation_mechanism_diagnostic,full_method_nested_hpo_v3,0c65097c9b86b900c22caf62144fb801532978cb,8aa8fb9172c7d3f5e4ef34220431f3e8643209fd68a11296dfaed658d8fae25d
68227,persistent_shift,none,zero_residual_frequency,0.006463837371832426,0.006469223620159115,-5.3862483266886585e-06,165.57131065140942,165.691349921741,-0.12003927033157424,0.0008562648507359771,0.0008533645602554207,-2.9002904805564e-06,0.43118013130268595,0.43114557628145267,3.455502123328458e-05,1.793532804670138e-05,1.1868260774827351e-05,0.001944215940021523,1.4581495646361486e-05,3,3,0,0,True,freq_hrl_no_leakage_v5,v5_u3_l3_h003_p003_conservative,2039,2039,tuning_validation_mechanism_diagnostic,full_method_nested_hpo_v3,0c65097c9b86b900c22caf62144fb801532978cb,8aa8fb9172c7d3f5e4ef34220431f3e8643209fd68a11296dfaed658d8fae25d
68207,persistent_shift,none,zero_residual_frequency,0.00641200159294808,0.0064234437694628,-1.1442176514719904e-05,190.06959336280858,190.23865763571436,-0.16906427290578563,0.000265827480353531,0.0002637659762995126,-2.0615040540183927e-06,0.2532246284661242,0.25292465738417225,0.0002999710819519552,8.290052355511154e-06,5.173791914800451e-06,0.002246979231454639,1.6852183998559516e-05,3,3,0,0,True,freq_hrl_no_leakage_v5,v5_u3_l3_h003_p003_conservative,2053,2053,tuning_validation_mechanism_diagnostic,full_method_nested_hpo_v3,0c65097c9b86b900c22caf62144fb801532978cb,8aa8fb9172c7d3f5e4ef34220431f3e8643209fd68a11296dfaed658d8fae25d
68209,persistent_shift,none,zero_residual_frequency,0.0028114818756914683,0.0028285885090686413,-1.7106633377172997e-05,131.869659178893,131.9919580900232,-0.1222989111302013,0.0006032628238760163,0.0006069112323546788,3.648408478662546e-06,0.2553417109307019,0.2560037764308529,-0.0006620655001510212,-1.1661660430591014e-07,3.1074076008695993e-06,0.0028394565277570414,2.129563941520481e-05,3,3,0,0,True,freq_hrl_no_leakage_v5,v5_u3_l3_h003_p003_conservative,2053,2053,tuning_validation_mechanism_diagnostic,full_method_nested_hpo_v3,0c65097c9b86b900c22caf62144fb801532978cb,8aa8fb9172c7d3f5e4ef34220431f3e8643209fd68a11296dfaed658d8fae25d
68213,persistent_shift,none,zero_residual_frequency,0.0029177441139487392,0.0029307351571044027,-1.2991043155663462e-05,109.68608668333482,110.04172289215053,-0.3556362088157101,0.0007600226617348049,0.00075505539867049,-4.967263064314942e-06,0.2710692899291798,0.27094962494402364,0.00011966498515614266,-7.49525513387616e-06,3.403632840566255e-07,0.002803397275329189,2.1025230749111028e-05,3,3,0,0,True,freq_hrl_no_leakage_v5,v5_u3_l3_h003_p003_conservative,2053,2053,tuning_validation_mechanism_diagnostic,full_method_nested_hpo_v3,0c65097c9b86b900c22caf62144fb801532978cb,8aa8fb9172c7d3f5e4ef34220431f3e8643209fd68a11296dfaed658d8fae25d
68219,persistent_shift,none,zero_residual_frequency,0.004091356193286488,0.004086318936840083,5.0372564464051806e-06,146.0967038046051,146.12495798291152,-0.02825417830641186,0.0006002610773457873,0.0006007467493492902,4.856720035029127e-07,0.26215484971451225,0.26189239906410156,0.00026245065041069493,9.835292944465194e-06,3.209097572382531e-06,0.002524032146832016,1.893002794581616e-05,3,3,0,0,True,freq_hrl_no_leakage_v5,v5_u3_l3_h003_p003_conservative,2053,2053,tuning_validation_mechanism_diagnostic,full_method_nested_hpo_v3,0c65097c9b86b900c22caf62144fb801532978cb,8aa8fb9172c7d3f5e4ef34220431f3e8643209fd68a11296dfaed658d8fae25d
68227,persistent_shift,none,zero_residual_frequency,0.004622036993182643,0.004634956385432654,-1.2919392250010375e-05,173.8807673700094,173.78595427118773,0.09481309882167466,0.000344283981842719,0.00034737827900488405,3.0942971621650273e-06,0.2383517393575943,0.23883594398564553,-0.000484204628051238,1.5444212684527318e-05,4.57063002216609e-06,0.002437088833539747,1.8277991124435417e-05,3,3,0,0,True,freq_hrl_no_leakage_v5,v5_u3_l3_h003_p003_conservative,2053,2053,tuning_validation_mechanism_diagnostic,full_method_nested_hpo_v3,0c65097c9b86b900c22caf62144fb801532978cb,8aa8fb9172c7d3f5e4ef34220431f3e8643209fd68a11296dfaed658d8fae25d
68207,ood_period,none,zero_residual_frequency,0.0027179591954673565,0.00271128831150258,6.670883964776664e-06,91.32741114595525,91.25289293507763,0.07451821087762767,0.0003780237791715102,0.0003782015205523459,1.7774138083570534e-07,0.25042968567767204,0.24980564424671275,0.0006240414309592879,7.281064409650547e-06,9.2490961653069e-06,0.0023916188104420952,1.7936966184572973e-05,3,3,0,0,True,freq_hrl_no_leakage_v5,v5_u3_l3_h003_p003_conservative,2026,7071,tuning_validation_mechanism_diagnostic,full_method_nested_hpo_v3,0c65097c9b86b900c22caf62144fb801532978cb,8aa8fb9172c7d3f5e4ef34220431f3e8643209fd68a11296dfaed658d8fae25d
68209,ood_period,none,zero_residual_frequency,0.0010858941229749952,0.001075858311887723,1.003581108727225e-05,45.900454468946776,45.513252760963354,0.38720170798342224,0.0006490382401772576,0.0006535607815884026,4.5225414111449425e-06,0.3060239528802066,0.3058466544729466,0.0001772984072599959,8.416131979411768e-06,3.5487039183713143e-06,0.004541486195133378,3.4060211824508125e-05,3,3,0,0,True,freq_hrl_no_leakage_v5,v5_u3_l3_h003_p003_conservative,2026,7071,tuning_validation_mechanism_diagnostic,full_method_nested_hpo_v3,0c65097c9b86b900c22caf62144fb801532978cb,8aa8fb9172c7d3f5e4ef34220431f3e8643209fd68a11296dfaed658d8fae25d
68213,ood_period,none,zero_residual_frequency,0.003627670486488377,0.003618834533416493,8.835953071884006e-06,105.38250621942001,105.10163670694236,0.2808695124776506,0.0006776630938285511,0.0006830076260281315,5.344532199580421e-06,0.3178910317532772,0.3180319058381492,-0.00014087408487201136,2.1651740197135444e-05,8.650895148118041e-06,0.004629482711607125,3.472007273924853e-05,3,3,0,0,True,freq_hrl_no_leakage_v5,v5_u3_l3_h003_p003_conservative,2026,7071,tuning_validation_mechanism_diagnostic,full_method_nested_hpo_v3,0c65097c9b86b900c22caf62144fb801532978cb,8aa8fb9172c7d3f5e4ef34220431f3e8643209fd68a11296dfaed658d8fae25d
68219,ood_period,none,zero_residual_frequency,0.0016117676224747246,0.001614207424904146,-2.4398024294214338e-06,74.76350412829578,74.52159610998841,0.2419080183073703,0.00048574943968171524,0.0004885824185077992,2.8329788260839095e-06,0.2414879979986298,0.24221016751336838,-0.0007221695147385798,2.2765234846522054e-06,9.185666178972794e-06,0.0030151290681614124,2.26131122253149e-05,3,3,0,0,True,freq_hrl_no_leakage_v5,v5_u3_l3_h003_p003_conservative,2026,7071,tuning_validation_mechanism_diagnostic,full_method_nested_hpo_v3,0c65097c9b86b900c22caf62144fb801532978cb,8aa8fb9172c7d3f5e4ef34220431f3e8643209fd68a11296dfaed658d8fae25d
68227,ood_period,none,zero_residual_frequency,0.0019093528451248343,0.0019213216997793214,-1.196885465448716e-05,77.41615677056255,77.3967034527812,0.019453317781355395,0.0005111025579506157,0.0005165451077442373,5.442549793621687e-06,0.28167951736999214,0.2825396697583673,-0.0008601523883751683,6.372169671835805e-06,8.128691307995248e-06,0.0033505057540120712,2.512832010422856e-05,3,3,0,0,True,freq_hrl_no_leakage_v5,v5_u3_l3_h003_p003_conservative,2026,7071,tuning_validation_mechanism_diagnostic,full_method_nested_hpo_v3,0c65097c9b86b900c22caf62144fb801532978cb,8aa8fb9172c7d3f5e4ef34220431f3e8643209fd68a11296dfaed658d8fae25d
68207,ood_period,none,zero_residual_frequency,0.0009215001040816517,0.0009293481743160026,-7.848070234350857e-06,49.15788918699598,49.48046531055353,-0.32257612355754617,0.0009051005187779015,0.0009042088938830961,-8.916248948054317e-07,0.4816297639771311,0.48186570501228304,-0.0002359410351519542,-1.3150955634424106e-06,-7.779069658515245e-07,0.003035306304162885,2.2764344308403695e-05,3,3,0,0,True,freq_hrl_no_leakage_v5,v5_u3_l3_h003_p003_conservative,2039,7084,tuning_validation_mechanism_diagnostic,full_method_nested_hpo_v3,0c65097c9b86b900c22caf62144fb801532978cb,8aa8fb9172c7d3f5e4ef34220431f3e8643209fd68a11296dfaed658d8fae25d
68209,ood_period,none,zero_residual_frequency,0.0012050343142349096,0.0011933725897612657,1.1661724473643886e-05,49.105163933714124,48.90331779109124,0.20184614262288392,0.00143289827053239,0.0014244578459711166,-8.440424561273474e-06,0.5060672958410142,0.5040530117431624,0.0020142840978517595,-1.4818898883361127e-08,3.047765945525939e-06,0.0044238102733894875,3.317743558013268e-05,3,3,0,0,True,freq_hrl_no_leakage_v5,v5_u3_l3_h003_p003_conservative,2039,7084,tuning_validation_mechanism_diagnostic,full_method_nested_hpo_v3,0c65097c9b86b900c22caf62144fb801532978cb,8aa8fb9172c7d3f5e4ef34220431f3e8643209fd68a11296dfaed658d8fae25d
68213,ood_period,none,zero_residual_frequency,0.0073859403934195544,0.007380664836857731,5.275556561823436e-06,136.76230420193127,136.8839823242396,-0.12167812230833874,0.0007342995119801188,0.00073434811369677,4.860171665121982e-08,0.641324873735574,0.6399367974540418,0.0013880762815322578,1.6376871364293356e-05,4.8734651012552495e-06,0.006208566088268223,4.656239163950097e-05,3,3,0,0,True,freq_hrl_no_leakage_v5,v5_u3_l3_h003_p003_conservative,2039,7084,tuning_validation_mechanism_diagnostic,full_method_nested_hpo_v3,0c65097c9b86b900c22caf62144fb801532978cb,8aa8fb9172c7d3f5e4ef34220431f3e8643209fd68a11296dfaed658d8fae25d
68219,ood_period,none,zero_residual_frequency,0.0026820286710425023,0.002685862946574913,-3.834275532410558e-06,92.39987607194062,92.50598435816163,-0.10610828622100144,0.0009121353380393549,0.0009119973985320939,-1.379395072609313e-07,0.48495784603679687,0.4846287227828573,0.0003291232539395783,2.047389126917915e-06,4.043511554999243e-06,0.0031222490402999232,2.3416472085230314e-05,3,3,0,0,True,freq_hrl_no_leakage_v5,v5_u3_l3_h003_p003_conservative,2039,7084,tuning_validation_mechanism_diagnostic,full_method_nested_hpo_v3,0c65097c9b86b900c22caf62144fb801532978cb,8aa8fb9172c7d3f5e4ef34220431f3e8643209fd68a11296dfaed658d8fae25d
68227,ood_period,none,zero_residual_frequency,0.0029622423577118084,0.002954757913617545,7.484444094263409e-06,84.88174255328697,84.73879366779403,0.1429488854929417,0.001044718617357887,0.0010448374811102834,1.1886375239633651e-07,0.5339284570083596,0.5336723683038904,0.00025608870446913734,9.831652176544768e-06,3.6499234170344837e-06,0.003875127666752734,2.9062737656970416e-05,3,3,0,0,True,freq_hrl_no_leakage_v5,v5_u3_l3_h003_p003_conservative,2039,7084,tuning_validation_mechanism_diagnostic,full_method_nested_hpo_v3,0c65097c9b86b900c22caf62144fb801532978cb,8aa8fb9172c7d3f5e4ef34220431f3e8643209fd68a11296dfaed658d8fae25d
68207,ood_period,none,zero_residual_frequency,0.010353021219104974,0.0103448959877388,8.125231366173935e-06,168.44694032235662,168.534520961976,-0.08758063961937523,0.0003126383944792588,0.000311580230089481,-1.0581643897777937e-06,0.5259726197727475,0.5248501966415066,0.0011224231312408905,2.605601424012506e-05,1.2898167403641528e-05,0.0023717817969655802,1.778818236509253e-05,3,3,0,0,True,freq_hrl_no_leakage_v5,v5_u3_l3_h003_p003_conservative,2053,7098,tuning_validation_mechanism_diagnostic,full_method_nested_hpo_v3,0c65097c9b86b900c22caf62144fb801532978cb,8aa8fb9172c7d3f5e4ef34220431f3e8643209fd68a11296dfaed658d8fae25d
68209,ood_period,none,zero_residual_frequency,0.007836092757078417,0.00785069820558948,-1.4605448511062491e-05,129.4875526744524,129.62727831860252,-0.13972564415013267,0.0014972301483138217,0.0014948617412668952,-2.368407046926535e-06,0.5981530868250162,0.5981077086703579,4.537815465832651e-05,3.972314706870999e-05,1.4231321149463928e-05,0.004372967778100347,3.279634827429002e-05,3,3,0,0,True,freq_hrl_no_leakage_v5,v5_u3_l3_h003_p003_conservative,2053,7098,tuning_validation_mechanism_diagnostic,full_method_nested_hpo_v3,0c65097c9b86b900c22caf62144fb801532978cb,8aa8fb9172c7d3f5e4ef34220431f3e8643209fd68a11296dfaed658d8fae25d
68213,ood_period,none,zero_residual_frequency,0.013641115795302472,0.01364855561215661,-7.4398168541378595e-06,153.65095895273168,153.71258575275317,-0.061626800021485906,0.0008594510746992023,0.0008593579486468883,-9.312605231404092e-08,0.7256619065313619,0.7250424712840385,0.00061943524732333,6.91225953841151e-05,1.605978347203483e-05,0.004488828625552641,3.366529761968423e-05,3,3,0,0,True,freq_hrl_no_leakage_v5,v5_u3_l3_h003_p003_conservative,2053,7098,tuning_validation_mechanism_diagnostic,full_method_nested_hpo_v3,0c65097c9b86b900c22caf62144fb801532978cb,8aa8fb9172c7d3f5e4ef34220431f3e8643209fd68a11296dfaed658d8fae25d
68219,ood_period,none,zero_residual_frequency,0.007568378591014113,0.0075566613710120745,1.1717220002038786e-05,134.71558254531615,134.76143580982412,-0.04585326450796856,0.0008246128963914634,0.0008209127441052289,-3.700152286234548e-06,0.5366522222916803,0.5356097941848519,0.0010424281068284191,3.370527111433514e-05,1.4654646304263416e-05,0.0025472797315968716,1.910435815137809e-05,3,3,0,0,True,freq_hrl_no_leakage_v5,v5_u3_l3_h003_p003_conservative,2053,7098,tuning_validation_mechanism_diagnostic,full_method_nested_hpo_v3,0c65097c9b86b900c22caf62144fb801532978cb,8aa8fb9172c7d3f5e4ef34220431f3e8643209fd68a11296dfaed658d8fae25d
68227,ood_period,none,zero_residual_frequency,0.008987102697951777,0.008982254719822391,4.847978129385311e-06,140.8011575249553,140.90315910113057,-0.10200157617526884,0.0010809092658021768,0.0010784131392252982,-2.496126576878588e-06,0.6033900132307042,0.6017794094305976,0.0016106038001065803,3.5546069927710095e-05,1.4808116508591638e-05,0.003367081814374412,2.525267823599278e-05,3,3,0,0,True,freq_hrl_no_leakage_v5,v5_u3_l3_h003_p003_conservative,2053,7098,tuning_validation_mechanism_diagnostic,full_method_nested_hpo_v3,0c65097c9b86b900c22caf62144fb801532978cb,8aa8fb9172c7d3f5e4ef34220431f3e8643209fd68a11296dfaed658d8fae25d
68207,stationary_low_noise,none,zero_residual_frequency,0.00012536311860400495,0.00012713257276586454,-1.769454161859585e-06,22.92551833544166,23.19223182987731,-0.2667134944356526,0.00020047137691237005,0.00020023968177085294,-2.3169514151710757e-07,0.1334934342567271,0.13362952860741692,-0.0001360943506898138,1.4059701551181398e-05,1.3742655856648838e-05,0.001727614506429139,1.72752613465639e-05,3,3,0,0,True,freq_hrl_no_leakage_v5,v5_u3_l3_h01_p005_balanced,2026,4044,tuning_validation_mechanism_diagnostic,full_method_nested_hpo_v3,0c65097c9b86b900c22caf62144fb801532978cb,8aa8fb9172c7d3f5e4ef34220431f3e8643209fd68a11296dfaed658d8fae25d
68209,stationary_low_noise,none,zero_residual_frequency,-3.463122552138653e-05,-3.385857059046149e-05,-7.72654930925043e-07,-7.5677572399972775,-7.386178171708611,-0.18157906828866643,0.0002422796178166431,0.00024118901190728348,-1.0906059093596099e-06,0.12899473976325437,0.12928607182853386,-0.0002913320652794815,3.474073825562881e-05,1.174615624297303e-05,0.0026573168834955947,2.657164161324693e-05,3,3,0,0,True,freq_hrl_no_leakage_v5,v5_u3_l3_h01_p005_balanced,2026,4044,tuning_validation_mechanism_diagnostic,full_method_nested_hpo_v3,0c65097c9b86b900c22caf62144fb801532978cb,8aa8fb9172c7d3f5e4ef34220431f3e8643209fd68a11296dfaed658d8fae25d
68213,stationary_low_noise,none,zero_residual_frequency,0.00011600790381871562,0.00011514834278392172,8.595610347938987e-07,21.11452698551772,20.932591436522436,0.18193554899528408,0.00017620269896201357,0.00017707322978410822,8.705308220946506e-07,0.15796676847108437,0.15840804773219125,-0.000441279261106875,2.3721018652161977e-05,1.8802022161050563e-05,0.0028588379487498763,2.8587014879939358e-05,3,3,0,0,True,freq_hrl_no_leakage_v5,v5_u3_l3_h01_p005_balanced,2026,4044,tuning_validation_mechanism_diagnostic,full_method_nested_hpo_v3,0c65097c9b86b900c22caf62144fb801532978cb,8aa8fb9172c7d3f5e4ef34220431f3e8643209fd68a11296dfaed658d8fae25d
68219,stationary_low_noise,none,zero_residual_frequency,-2.7136082461076683e-06,-1.7403928538328728e-06,-9.732153922747955e-07,-0.5038810618435975,-0.32185506264808145,-0.18202599919551604,0.00017731246056040817,0.00017652332633344425,-7.891342269639168e-07,0.1438583799660014,0.14404762378432298,-0.00018924381832158277,2.9509317597084718e-05,1.7842260689239597e-05,0.0020837537430149194,2.0836379306224276e-05,3,3,0,0,True,freq_hrl_no_leakage_v5,v5_u3_l3_h01_p005_balanced,2026,4044,tuning_validation_mechanism_diagnostic,full_method_nested_hpo_v3,0c65097c9b86b900c22caf62144fb801532978cb,8aa8fb9172c7d3f5e4ef34220431f3e8643209fd68a11296dfaed658d8fae25d
68227,stationary_low_noise,none,zero_residual_frequency,0.00030508645222804276,0.000309110098722698,-4.023646494655253e-06,53.336854828625505,54.08770135165545,-0.7508465230299421,0.00014913815115868978,0.00014796593959232052,-1.1722115663692634e-06,0.13225310107116744,0.13190143845160665,0.00035166261956079414,5.6583448227765204e-05,3.828669515887942e-05,0.0020233378883050238,2.023216342909815e-05,3,3,0,0,True,freq_hrl_no_leakage_v5,v5_u3_l3_h01_p005_balanced,2026,4044,tuning_validation_mechanism_diagnostic,full_method_nested_hpo_v3,0c65097c9b86b900c22caf62144fb801532978cb,8aa8fb9172c7d3f5e4ef34220431f3e8643209fd68a11296dfaed658d8fae25d
68207,stationary_low_noise,none,zero_residual_frequency,-6.177026520759465e-05,-6.306176712089773e-05,1.2915019133030725e-06,-128.46390374885098,-127.42228927786051,-1.0416144709904671,6.177026520759465e-05,6.306176712089773e-05,1.2915019133030725e-06,0.014539783792222481,0.01426552193217977,0.00027426186004271026,1.4786393995640674e-05,5.637101138955127e-06,0.0010166531666830755,1.0166476558607459e-05,3,3,0,0,True,freq_hrl_no_leakage_v5,v5_u3_l3_h01_p005_balanced,2039,4057,tuning_validation_mechanism_diagnostic,full_method_nested_hpo_v3,0c65097c9b86b900c22caf62144fb801532978cb,8aa8fb9172c7d3f5e4ef34220431f3e8643209fd68a11296dfaed658d8fae25d
68209,stationary_low_noise,none,zero_residual_frequency,-3.558297653938336e-05,-3.644616021014624e-05,8.631836707628793e-07,-92.11729385637936,-93.51594797545809,1.3986541190787278,3.558297653938336e-05,3.644616021014624e-05,8.631836707628793e-07,0.014284666470202018,0.014049072570518979,0.0002355938996830391,1.8397340612144274e-05,1.3994200529678856e-05,0.0011943087394279753,1.1942993944283197e-05,3,3,0,0,True,freq_hrl_no_leakage_v5,v5_u3_l3_h01_p005_balanced,2039,4057,tuning_validation_mechanism_diagnostic,full_method_nested_hpo_v3,0c65097c9b86b900c22caf62144fb801532978cb,8aa8fb9172c7d3f5e4ef34220431f3e8643209fd68a11296dfaed658d8fae25d
68213,stationary_low_noise,none,zero_residual_frequency,-7.495677858837535e-05,-7.56981948887292e-05,7.414163003538476e-07,-131.34158777814517,-131.82082290018272,0.4792351220375508,7.495677858837535e-05,7.56981948887292e-05,7.414163003538476e-07,0.022521891947697048,0.02221317439789805,0.000308717549798998,1.8731053031249315e-05,6.473186044697787e-06,0.0014582935214194652,1.4582822034305357e-05,3,3,0,0,True,freq_hrl_no_leakage_v5,v5_u3_l3_h01_p005_balanced,2039,4057,tuning_validation_mechanism_diagnostic,full_method_nested_hpo_v3,0c65097c9b86b900c22caf62144fb801532978cb,8aa8fb9172c7d3f5e4ef34220431f3e8643209fd68a11296dfaed658d8fae25d
68219,stationary_low_noise,none,zero_residual_frequency,-6.844353284840565e-05,-6.820562031117916e-05,-2.379125372264923e-07,-128.98714945265607,-127.91765598053016,-1.069493472125913,6.844353284840565e-05,6.820562031117916e-05,-2.379125372264923e-07,0.01782861026363402,0.017636665570584943,0.0001919446930490759,1.1118754934027783e-05,6.3753670411473085e-06,0.0009941790723941167,9.94172809546771e-06,3,3,0,0,True,freq_hrl_no_leakage_v5,v5_u3_l3_h01_p005_balanced,2039,4057,tuning_validation_mechanism_diagnostic,full_method_nested_hpo_v3,0c65097c9b86b900c22caf62144fb801532978cb,8aa8fb9172c7d3f5e4ef34220431f3e8643209fd68a11296dfaed658d8fae25d
68227,stationary_low_noise,none,zero_residual_frequency,-8.71640889815728e-05,-8.868468400813345e-05,1.520595026560656e-06,-158.82821594711734,-161.49527806449518,2.6670621173778386,8.71640889815728e-05,8.868468400813345e-05,1.520595026560656e-06,0.01637082523289065,0.015999246712118435,0.0003715785207722144,1.0562535486822454e-05,3.055300445715011e-06,0.0010996035812367055,1.0995971376151279e-05,3,3,0,0,True,freq_hrl_no_leakage_v5,v5_u3_l3_h01_p005_balanced,2039,4057,tuning_validation_mechanism_diagnostic,full_method_nested_hpo_v3,0c65097c9b86b900c22caf62144fb801532978cb,8aa8fb9172c7d3f5e4ef34220431f3e8643209fd68a11296dfaed658d8fae25d
68207,stationary_low_noise,none,zero_residual_frequency,-9.903182683090872e-05,-9.617979932419196e-05,-2.852027506716759e-06,-226.76033978671146,-223.5692365511082,-3.191103235603265,9.903182683090872e-05,9.617979932419196e-05,-2.852027506716759e-06,0.01220050050362973,0.011712073745200634,0.0004884267584290957,-3.0704194571678608e-06,6.061457671998117e-06,0.0008734146562119349,8.734120724463668e-06,3,3,0,0,True,freq_hrl_no_leakage_v5,v5_u3_l3_h01_p005_balanced,2053,4071,tuning_validation_mechanism_diagnostic,full_method_nested_hpo_v3,0c65097c9b86b900c22caf62144fb801532978cb,8aa8fb9172c7d3f5e4ef34220431f3e8643209fd68a11296dfaed658d8fae25d
68209,stationary_low_noise,none,zero_residual_frequency,-0.00012999773969402106,-0.00012789796607270976,-2.099773621311307e-06,-360.8259812679779,-354.799034549033,-6.026946718944885,0.00012999773969402106,0.00012789796607270976,-2.099773621311307e-06,0.012107677346810279,0.011750844215291972,0.0003568331315183075,7.567187248347577e-06,4.969123755372767e-06,0.00155342831537079,1.553423044187008e-05,3,3,0,0,True,freq_hrl_no_leakage_v5,v5_u3_l3_h01_p005_balanced,2053,4071,tuning_validation_mechanism_diagnostic,full_method_nested_hpo_v3,0c65097c9b86b900c22caf62144fb801532978cb,8aa8fb9172c7d3f5e4ef34220431f3e8643209fd68a11296dfaed658d8fae25d
68213,stationary_low_noise,none,zero_residual_frequency,-8.537734796387753e-05,-8.402163166953969e-05,-1.3557162943378387e-06,-148.31326367729972,-150.15915758379634,1.8458939064966273,8.537734796387753e-05,8.402163166953969e-05,-1.3557162943378387e-06,0.014076872131474228,0.013331463028343543,0.0007454091031306852,-5.415399696138564e-06,7.788874265707586e-06,0.0013343364486445354,1.334331752067173e-05,3,3,0,0,True,freq_hrl_no_leakage_v5,v5_u3_l3_h01_p005_balanced,2053,4071,tuning_validation_mechanism_diagnostic,full_method_nested_hpo_v3,0c65097c9b86b900c22caf62144fb801532978cb,8aa8fb9172c7d3f5e4ef34220431f3e8643209fd68a11296dfaed658d8fae25d
68219,stationary_low_noise,none,zero_residual_frequency,-5.242301742847122e-05,-5.062151629586786e-05,-1.8015011326033559e-06,-118.28302111165132,-114.9650429814499,-3.317978130201425,5.5257567780020445e-05,5.339240349599983e-05,-1.865164284020615e-06,0.012372718078600235,0.012013653997892258,0.0003590640807079777,-2.824751584625401e-06,5.4909281478688245e-06,0.0009900584085951575,9.900551795607448e-06,3,3,0,0,True,freq_hrl_no_leakage_v5,v5_u3_l3_h01_p005_balanced,2053,4071,tuning_validation_mechanism_diagnostic,full_method_nested_hpo_v3,0c65097c9b86b900c22caf62144fb801532978cb,8aa8fb9172c7d3f5e4ef34220431f3e8643209fd68a11296dfaed658d8fae25d
68227,stationary_low_noise,none,zero_residual_frequency,-4.734126321026544e-05,-4.597243299553355e-05,-1.3688302147318865e-06,-95.7351240898132,-91.65293522504331,-4.08218886476989,4.886479251686726e-05,4.760646044332795e-05,-1.2583320735393144e-06,0.013984346957826256,0.014047426758881959,-6.307980105570328e-05,2.946562875789455e-06,4.0475224536383755e-06,0.0011980987132372116,1.198094890625623e-05,3,3,0,0,True,freq_hrl_no_leakage_v5,v5_u3_l3_h01_p005_balanced,2053,4071,tuning_validation_mechanism_diagnostic,full_method_nested_hpo_v3,0c65097c9b86b900c22caf62144fb801532978cb,8aa8fb9172c7d3f5e4ef34220431f3e8643209fd68a11296dfaed658d8fae25d
68207,persistent_shift,none,zero_residual_frequency,0.017571320966566217,0.017583568633709135,-1.2247667142917251e-05,219.22387203744262,219.4532737115284,-0.2294016740857785,0.00038914989274374534,0.0003875190422926167,-1.6308504511286515e-06,0.6593809179694059,0.6579345451732236,0.0014463727961823158,7.759079781208058e-05,4.5784312397318376e-05,0.004696289883092201,4.695116183864893e-05,3,3,0,0,True,freq_hrl_no_leakage_v5,v5_u3_l3_h01_p005_balanced,2026,2026,tuning_validation_mechanism_diagnostic,full_method_nested_hpo_v3,0c65097c9b86b900c22caf62144fb801532978cb,8aa8fb9172c7d3f5e4ef34220431f3e8643209fd68a11296dfaed658d8fae25d
68209,persistent_shift,none,zero_residual_frequency,0.012181402974482003,0.012173246315416941,8.156659065061689e-06,182.8202530424377,182.9864547176118,-0.16620167517407936,0.0012562684765550225,0.001246674452043739,-9.59402451128355e-06,0.6443068212380857,0.643198511238396,0.001108309999689694,5.0419357423042484e-05,3.599301540799661e-05,0.00551597007272196,5.5146538623468164e-05,3,3,0,0,True,freq_hrl_no_leakage_v5,v5_u3_l3_h01_p005_balanced,2026,2026,tuning_validation_mechanism_diagnostic,full_method_nested_hpo_v3,0c65097c9b86b900c22caf62144fb801532978cb,8aa8fb9172c7d3f5e4ef34220431f3e8643209fd68a11296dfaed658d8fae25d
68213,persistent_shift,none,zero_residual_frequency,0.017481674088953625,0.017500618094256293,-1.8944005302667932e-05,208.09438977491988,208.35863229805133,-0.2642425231314576,0.0002623177755718409,0.00026238877285678086,7.099728493997759e-08,0.7276842884114133,0.7267289266042326,0.0009553618071806991,7.36038448886501e-05,4.915185766537582e-05,0.004730184015675655,4.7288882555908514e-05,3,3,0,0,True,freq_hrl_no_leakage_v5,v5_u3_l3_h01_p005_balanced,2026,2026,tuning_validation_mechanism_diagnostic,full_method_nested_hpo_v3,0c65097c9b86b900c22caf62144fb801532978cb,8aa8fb9172c7d3f5e4ef34220431f3e8643209fd68a11296dfaed658d8fae25d
68219,persistent_shift,none,zero_residual_frequency,0.014650526614688797,0.01464532966007992,5.196954608877036e-06,195.55328633555624,195.71624560172256,-0.16295926616632528,0.0005201709166564594,0.0005148143621988011,-5.356554457658369e-06,0.7212697700698636,0.7203949394751341,0.000874830594729481,9.106999149533614e-05,5.117498526045609e-05,0.005105100689575517,5.103820045209663e-05,3,3,0,0,True,freq_hrl_no_leakage_v5,v5_u3_l3_h01_p005_balanced,2026,2026,tuning_validation_mechanism_diagnostic,full_method_nested_hpo_v3,0c65097c9b86b900c22caf62144fb801532978cb,8aa8fb9172c7d3f5e4ef34220431f3e8643209fd68a11296dfaed658d8fae25d
68227,persistent_shift,none,zero_residual_frequency,0.013115668523499435,0.01313985916539484,-2.4190641895405207e-05,182.12573274480883,182.42694325639366,-0.30121051158482715,0.0008566146965548471,0.0008497510861767976,-6.863610378049501e-06,0.6694974384676935,0.6682743616422705,0.0012230768254229973,7.350082825146852e-05,3.865207688723652e-05,0.006378312251440042,6.376664794404244e-05,3,3,0,0,True,freq_hrl_no_leakage_v5,v5_u3_l3_h01_p005_balanced,2026,2026,tuning_validation_mechanism_diagnostic,full_method_nested_hpo_v3,0c65097c9b86b900c22caf62144fb801532978cb,8aa8fb9172c7d3f5e4ef34220431f3e8643209fd68a11296dfaed658d8fae25d
68207,persistent_shift,none,zero_residual_frequency,0.0036131119538336254,0.0036100750805811987,3.0368732524266306e-06,145.1362014463667,144.9038984500777,0.23230299628900752,0.0004109590019910625,0.00041326092779192525,2.3019258008627475e-06,0.423275128695536,0.42354248198853384,-0.0002673532929978184,1.0990737838537576e-06,4.364992858470628e-06,0.006170210821033429,6.169100253096092e-05,3,3,0,0,True,freq_hrl_no_leakage_v5,v5_u3_l3_h01_p005_balanced,2039,2039,tuning_validation_mechanism_diagnostic,full_method_nested_hpo_v3,0c65097c9b86b900c22caf62144fb801532978cb,8aa8fb9172c7d3f5e4ef34220431f3e8643209fd68a11296dfaed658d8fae25d
68209,persistent_shift,none,zero_residual_frequency,0.004871175088095869,0.004857248929303504,1.3926158792365584e-05,151.72297929626112,151.3937613115861,0.3292179846750116,0.0006027394422873922,0.000611735874245456,8.996431958063766e-06,0.49199435265122243,0.4920505666856185,-5.6214034396040446e-05,3.5331277020929665e-06,-9.597104590439447e-06,0.009837750819214204,9.83551438921266e-05,3,3,0,0,True,freq_hrl_no_leakage_v5,v5_u3_l3_h01_p005_balanced,2039,2039,tuning_validation_mechanism_diagnostic,full_method_nested_hpo_v3,0c65097c9b86b900c22caf62144fb801532978cb,8aa8fb9172c7d3f5e4ef34220431f3e8643209fd68a11296dfaed658d8fae25d
68213,persistent_shift,none,zero_residual_frequency,0.006757172614131335,0.006745917864493078,1.1254749638256456e-05,188.03727318238873,187.52758769907805,0.5096854833106761,0.0002938874593411134,0.00029210220926312314,-1.7852500779902414e-06,0.5255126178960499,0.5264273770948569,-0.0009147591988070136,1.7142706067436815e-06,-4.227314066332906e-06,0.00871917472023698,8.717207097894084e-05,3,3,0,0,True,freq_hrl_no_leakage_v5,v5_u3_l3_h01_p005_balanced,2039,2039,tuning_validation_mechanism_diagnostic,full_method_nested_hpo_v3,0c65097c9b86b900c22caf62144fb801532978cb,8aa8fb9172c7d3f5e4ef34220431f3e8643209fd68a11296dfaed658d8fae25d
68219,persistent_shift,none,zero_residual_frequency,0.0032999769985035954,0.003299518874626317,4.581238772782825e-07,136.2023157273091,136.12081298825834,0.08150273905076233,0.00043958157142709453,0.0004444910656918877,4.909494264793146e-06,0.46549874765486554,0.466185779225113,-0.000687031570247465,1.7535799250077567e-05,4.851749187867784e-06,0.006978810272509388,6.97745110081886e-05,3,3,0,0,True,freq_hrl_no_leakage_v5,v5_u3_l3_h01_p005_balanced,2039,2039,tuning_validation_mechanism_diagnostic,full_method_nested_hpo_v3,0c65097c9b86b900c22caf62144fb801532978cb,8aa8fb9172c7d3f5e4ef34220431f3e8643209fd68a11296dfaed658d8fae25d
68227,persistent_shift,none,zero_residual_frequency,0.0028709892119427316,0.0028843692691544742,-1.3380057211742624e-05,113.88313124645671,113.82384586273811,0.0592853837186027,0.0006025149140106434,0.0006157956382787377,1.3280724268094346e-05,0.42727329393485614,0.4302679325692038,-0.0029946386343476794,1.916540606304389e-05,3.620118636137674e-06,0.007229060787600853,7.22753361431723e-05,3,3,0,0,True,freq_hrl_no_leakage_v5,v5_u3_l3_h01_p005_balanced,2039,2039,tuning_validation_mechanism_diagnostic,full_method_nested_hpo_v3,0c65097c9b86b900c22caf62144fb801532978cb,8aa8fb9172c7d3f5e4ef34220431f3e8643209fd68a11296dfaed658d8fae25d
68207,persistent_shift,none,zero_residual_frequency,0.006407467433893421,0.006401277809365835,6.189624527586091e-06,137.83270208303392,137.97154186534087,-0.13883978230694538,0.0015461375192377114,0.0015419151252936691,-4.222393944042224e-06,0.590584415592694,0.5884873298286304,0.0020970857640636442,1.715512662312372e-06,8.906822151462989e-06,0.006402668002475466,6.400861755072575e-05,3,3,0,0,True,freq_hrl_no_leakage_v5,v5_u3_l3_h01_p005_balanced,2053,2053,tuning_validation_mechanism_diagnostic,full_method_nested_hpo_v3,0c65097c9b86b900c22caf62144fb801532978cb,8aa8fb9172c7d3f5e4ef34220431f3e8643209fd68a11296dfaed658d8fae25d
68209,persistent_shift,none,zero_residual_frequency,0.004969816188131304,0.004973759894755014,-3.943706623710241e-06,123.05338393026261,123.02152247971902,0.031861450543587466,0.0017638405415975056,0.0017620754432273733,-1.7650983701322787e-06,0.595957729493569,0.5977882884726402,-0.0018305589790712506,5.067315597471413e-05,1.7714416510454063e-05,0.0118365859150395,0.00011830796482655843,3,3,0,0,True,freq_hrl_no_leakage_v5,v5_u3_l3_h01_p005_balanced,2053,2053,tuning_validation_mechanism_diagnostic,full_method_nested_hpo_v3,0c65097c9b86b900c22caf62144fb801532978cb,8aa8fb9172c7d3f5e4ef34220431f3e8643209fd68a11296dfaed658d8fae25d
68213,persistent_shift,none,zero_residual_frequency,0.004866060499039815,0.00486311157872632,2.948920313494696e-06,102.26076899962608,102.0677567470856,0.19301225254048404,0.0016354217901374257,0.0016354002354066477,-2.1554730778028386e-08,0.6853565223411302,0.6882841842456243,-0.0029276619044941166,7.42550068687494e-05,1.840297388412002e-05,0.010336019399821655,0.0001033185712084343,3,3,0,0,True,freq_hrl_no_leakage_v5,v5_u3_l3_h01_p005_balanced,2053,2053,tuning_validation_mechanism_diagnostic,full_method_nested_hpo_v3,0c65097c9b86b900c22caf62144fb801532978cb,8aa8fb9172c7d3f5e4ef34220431f3e8643209fd68a11296dfaed658d8fae25d
68219,persistent_shift,none,zero_residual_frequency,0.0034280251649703164,0.0034006909650139416,2.733419995637476e-05,76.38425786489164,75.94957620435146,0.4346816605401784,0.0024674953133136945,0.0024629680515297903,-4.5272617839042795e-06,0.6454681439196394,0.6460907462387916,-0.0006226023191522323,4.2131550794906795e-05,1.094391212272684e-05,0.006597880888309898,6.595607236228628e-05,3,3,0,0,True,freq_hrl_no_leakage_v5,v5_u3_l3_h01_p005_balanced,2053,2053,tuning_validation_mechanism_diagnostic,full_method_nested_hpo_v3,0c65097c9b86b900c22caf62144fb801532978cb,8aa8fb9172c7d3f5e4ef34220431f3e8643209fd68a11296dfaed658d8fae25d
68227,persistent_shift,none,zero_residual_frequency,0.005009932328426725,0.005035591321325139,-2.5658992898414112e-05,125.66281811692062,125.62593823940784,0.03687987751277433,0.001380204206506419,0.001391587052170129,1.138284566370995e-05,0.5578692915448582,0.5616583712107303,-0.0037890796658720527,4.3319696004034066e-05,1.4147315168129032e-05,0.007975400292828757,7.972304981949079e-05,3,3,0,0,True,freq_hrl_no_leakage_v5,v5_u3_l3_h01_p005_balanced,2053,2053,tuning_validation_mechanism_diagnostic,full_method_nested_hpo_v3,0c65097c9b86b900c22caf62144fb801532978cb,8aa8fb9172c7d3f5e4ef34220431f3e8643209fd68a11296dfaed658d8fae25d
68207,ood_period,none,zero_residual_frequency,1.7434476303535007e-05,2.5082067413029208e-05,-7.6475911094942e-06,21.66276080712745,31.362005579908764,-9.699244772781313,3.2261501507480084e-05,2.9987500968498004e-05,-2.2740005389820794e-06,0.016703381387637377,0.01624984907801741,0.0004535323096199681,1.2690607958360448e-05,4.221854852127661e-06,0.0013271906353919702,1.3271846363119848e-05,3,3,0,0,True,freq_hrl_no_leakage_v5,v5_u3_l3_h01_p005_balanced,2026,7071,tuning_validation_mechanism_diagnostic,full_method_nested_hpo_v3,0c65097c9b86b900c22caf62144fb801532978cb,8aa8fb9172c7d3f5e4ef34220431f3e8643209fd68a11296dfaed658d8fae25d
68209,ood_period,none,zero_residual_frequency,-0.00010059814012242096,-9.390978779055814e-05,-6.6883523318628235e-06,-53.61960832596339,-50.32513940280177,-3.2944689231616238,0.0001609376417031072,0.0001527491071402487,-8.188534562858507e-06,0.022565633105587502,0.022250185336270815,0.0003154477693166867,2.517403590624219e-05,6.080518552031455e-06,0.0024199931372827954,2.4199786800569063e-05,3,3,0,0,True,freq_hrl_no_leakage_v5,v5_u3_l3_h01_p005_balanced,2026,7071,tuning_validation_mechanism_diagnostic,full_method_nested_hpo_v3,0c65097c9b86b900c22caf62144fb801532978cb,8aa8fb9172c7d3f5e4ef34220431f3e8643209fd68a11296dfaed658d8fae25d
68213,ood_period,none,zero_residual_frequency,0.0005189818512878475,0.0005188743782449379,1.0747304290958937e-07,119.51855757945442,119.32381932357211,0.19473825588231364,0.00011789663462447031,0.00011821694706681818,3.203124423478698e-07,0.029851394954163543,0.029203031799960828,0.0006483631542027156,3.0347889998915226e-05,1.5455097640240094e-05,0.0015750477672125068,1.57504155940525e-05,3,3,0,0,True,freq_hrl_no_leakage_v5,v5_u3_l3_h01_p005_balanced,2026,7071,tuning_validation_mechanism_diagnostic,full_method_nested_hpo_v3,0c65097c9b86b900c22caf62144fb801532978cb,8aa8fb9172c7d3f5e4ef34220431f3e8643209fd68a11296dfaed658d8fae25d
68219,ood_period,none,zero_residual_frequency,1.0697401463310996e-05,1.1038192756052112e-05,-3.407912927411161e-07,8.48200005867363,8.704855917547098,-0.22285585887346748,3.5094766452359316e-05,3.572532006079765e-05,6.305536084383334e-07,0.016574005980811414,0.016052270209252685,0.000521735771558729,2.5015220837962653e-05,1.2611555897358922e-05,0.0014309151126692793,1.430909349890253e-05,3,3,0,0,True,freq_hrl_no_leakage_v5,v5_u3_l3_h01_p005_balanced,2026,7071,tuning_validation_mechanism_diagnostic,full_method_nested_hpo_v3,0c65097c9b86b900c22caf62144fb801532978cb,8aa8fb9172c7d3f5e4ef34220431f3e8643209fd68a11296dfaed658d8fae25d
68227,ood_period,none,zero_residual_frequency,4.8635863437063165e-05,4.792700419842255e-05,7.088592386406134e-07,36.84731094159152,35.4577768155412,1.3895341260503216,2.213224601665953e-05,2.3736109690197793e-05,1.6038636735382639e-06,0.017834765593895355,0.017542098337966328,0.0002926672559290279,2.24970685178724e-05,7.6037343141453054e-06,0.0015660725742577598,1.5660650463885455e-05,3,3,0,0,True,freq_hrl_no_leakage_v5,v5_u3_l3_h01_p005_balanced,2026,7071,tuning_validation_mechanism_diagnostic,full_method_nested_hpo_v3,0c65097c9b86b900c22caf62144fb801532978cb,8aa8fb9172c7d3f5e4ef34220431f3e8643209fd68a11296dfaed658d8fae25d
68207,ood_period,none,zero_residual_frequency,0.008293421123895861,0.008335562535079832,-4.21414111839713e-05,135.7033870532562,135.90550913338382,-0.2021220801276229,0.00045611278562518454,0.00045752937443921393,1.4165888140293958e-06,0.7296741259370876,0.7308729075667804,-0.00119878162969278,4.335428102433025e-05,4.67861680946913e-05,0.00702053524793074,7.019124884626574e-05,3,3,0,0,True,freq_hrl_no_leakage_v5,v5_u3_l3_h01_p005_balanced,2039,7084,tuning_validation_mechanism_diagnostic,full_method_nested_hpo_v3,0c65097c9b86b900c22caf62144fb801532978cb,8aa8fb9172c7d3f5e4ef34220431f3e8643209fd68a11296dfaed658d8fae25d
68209,ood_period,none,zero_residual_frequency,0.005809868499384363,0.005856588572356047,-4.6720072971684345e-05,98.92455553246718,99.41068870465445,-0.4861331721872659,0.0013199309882382382,0.0013262124552408938,6.2814670026556385e-06,0.684076854211288,0.6844072391831777,-0.0003303849718896412,3.1436397949988495e-05,2.7894745067197244e-05,0.010335837774295618,0.0001033331043244189,3,3,0,0,True,freq_hrl_no_leakage_v5,v5_u3_l3_h01_p005_balanced,2039,7084,tuning_validation_mechanism_diagnostic,full_method_nested_hpo_v3,0c65097c9b86b900c22caf62144fb801532978cb,8aa8fb9172c7d3f5e4ef34220431f3e8643209fd68a11296dfaed658d8fae25d
68213,ood_period,none,zero_residual_frequency,0.01077971861972471,0.010781162118697063,-1.4434989723532965e-06,139.35198598367936,139.45914620887797,-0.10716022519861212,0.0009476624830193625,0.0009437799589964158,-3.882524022946754e-06,0.7931888542643464,0.7927508706155959,0.0004379836487504729,8.458676242541399e-05,4.020485015456747e-05,0.009651914105213818,9.649476208293486e-05,3,3,0,0,True,freq_hrl_no_leakage_v5,v5_u3_l3_h01_p005_balanced,2039,7084,tuning_validation_mechanism_diagnostic,full_method_nested_hpo_v3,0c65097c9b86b900c22caf62144fb801532978cb,8aa8fb9172c7d3f5e4ef34220431f3e8643209fd68a11296dfaed658d8fae25d
68219,ood_period,none,zero_residual_frequency,0.006580622155640592,0.006680714467759641,-0.0001000923121190489,119.78733447561733,120.18451308369481,-0.39717860807748195,0.0009085924099332399,0.0009279549345002636,1.9362524567023698e-05,0.6348079052315974,0.6386688020713052,-0.003860896839707806,8.392136604874071e-05,4.604029660227186e-05,0.0070333164729365506,7.032001783363724e-05,3,3,0,0,True,freq_hrl_no_leakage_v5,v5_u3_l3_h01_p005_balanced,2039,7084,tuning_validation_mechanism_diagnostic,full_method_nested_hpo_v3,0c65097c9b86b900c22caf62144fb801532978cb,8aa8fb9172c7d3f5e4ef34220431f3e8643209fd68a11296dfaed658d8fae25d
68227,ood_period,none,zero_residual_frequency,0.007157671798528664,0.007216123843653888,-5.8452045125223506e-05,108.42593278548956,108.54529126326561,-0.11935847777604636,0.001048681437749277,0.0010629008166757048,1.4219378926427773e-05,0.711378780110341,0.7150401796911896,-0.0036613995808486566,9.362452573757242e-05,4.031140466726849e-05,0.008376253118654453,8.374432912383966e-05,3,3,0,0,True,freq_hrl_no_leakage_v5,v5_u3_l3_h01_p005_balanced,2039,7084,tuning_validation_mechanism_diagnostic,full_method_nested_hpo_v3,0c65097c9b86b900c22caf62144fb801532978cb,8aa8fb9172c7d3f5e4ef34220431f3e8643209fd68a11296dfaed658d8fae25d
68207,ood_period,none,zero_residual_frequency,0.006561522913600015,0.0065309772967134805,3.054561688653479e-05,147.8170638635099,147.5747921253985,0.24227173811141256,0.00041650466010378917,0.0004157638305701816,-7.408295336075454e-07,0.556272987941612,0.5565805750561407,-0.0003075871145287179,2.4277964874482593e-05,1.0812607926201849e-05,0.006257495988716579,6.25659430982524e-05,3,3,0,0,True,freq_hrl_no_leakage_v5,v5_u3_l3_h01_p005_balanced,2053,7098,tuning_validation_mechanism_diagnostic,full_method_nested_hpo_v3,0c65097c9b86b900c22caf62144fb801532978cb,8aa8fb9172c7d3f5e4ef34220431f3e8643209fd68a11296dfaed658d8fae25d
68209,ood_period,none,zero_residual_frequency,0.002971222990251654,0.0030004810651023117,-2.9258074850657678e-05,74.67398165324026,75.35308615237041,-0.6791044991301476,0.0014645462883154936,0.0014629824152744275,-1.5638730410660884e-06,0.5916309997756987,0.5903810088735801,0.0012499909021185251,2.8446404412862554e-05,8.310405701028068e-06,0.009790979432647064,9.787374228902318e-05,3,3,0,0,True,freq_hrl_no_leakage_v5,v5_u3_l3_h01_p005_balanced,2053,7098,tuning_validation_mechanism_diagnostic,full_method_nested_hpo_v3,0c65097c9b86b900c22caf62144fb801532978cb,8aa8fb9172c7d3f5e4ef34220431f3e8643209fd68a11296dfaed658d8fae25d
68213,ood_period,none,zero_residual_frequency,-0.00016614298751382872,-0.0001588462869516194,-7.296700562209324e-06,-5.03762594972311,-4.818537998698629,-0.21908795102448142,0.002241987507181742,0.002238972930206362,-3.014576975379768e-06,0.7684262905183334,0.7672110098695678,0.0012152806487656376,6.840496213744585e-05,1.4503974321725415e-05,0.014041931455802924,0.00014036913545165404,3,3,0,0,True,freq_hrl_no_leakage_v5,v5_u3_l3_h01_p005_balanced,2053,7098,tuning_validation_mechanism_diagnostic,full_method_nested_hpo_v3,0c65097c9b86b900c22caf62144fb801532978cb,8aa8fb9172c7d3f5e4ef34220431f3e8643209fd68a11296dfaed658d8fae25d
68219,ood_period,none,zero_residual_frequency,0.0020279097092763543,0.0020395490624753876,-1.1639353199033309e-05,68.80789970875126,69.19701563559241,-0.3891159268411428,0.000999975222319538,0.0009935410170809345,-6.4342052386034965e-06,0.5324540462180657,0.531182185594992,0.0012718606230737173,2.876495154129669e-05,1.66226401211696e-05,0.008234171884719723,8.23246216942927e-05,3,3,0,0,True,freq_hrl_no_leakage_v5,v5_u3_l3_h01_p005_balanced,2053,7098,tuning_validation_mechanism_diagnostic,full_method_nested_hpo_v3,0c65097c9b86b900c22caf62144fb801532978cb,8aa8fb9172c7d3f5e4ef34220431f3e8643209fd68a11296dfaed658d8fae25d
68227,ood_period,none,zero_residual_frequency,0.002279042265525444,0.0022893430372004087,-1.0300771674964793e-05,64.22559751705909,64.54289744053348,-0.31729992347439406,0.0010962769131350747,0.0010911546779736048,-5.1222351614699235e-06,0.6010742524611182,0.6006756093632171,0.0003986430979011635,4.965600910615237e-05,1.5429619299838087e-05,0.009956206985953031,9.954049361203243e-05,3,3,0,0,True,freq_hrl_no_leakage_v5,v5_u3_l3_h01_p005_balanced,2053,7098,tuning_validation_mechanism_diagnostic,full_method_nested_hpo_v3,0c65097c9b86b900c22caf62144fb801532978cb,8aa8fb9172c7d3f5e4ef34220431f3e8643209fd68a11296dfaed658d8fae25d
68207,stationary_low_noise,none,zero_residual_frequency,0.000508883536098681,0.0005097524718264967,-8.689357278157672e-07,30.977942747862716,31.000186423270613,-0.02224367540789629,0.0005790743614870753,0.0005800010749593687,9.2671347229345e-07,0.4134655059014505,0.4134831045440256,-1.759864257511179e-05,0.00011315995276776097,9.214913720994119e-05,0.0018282042133149743,2.284953156126035e-05,7,7,6,6,True,freq_hrl_no_leakage_v5,v5_u3_l3_h1_p3_activegate,2026,4044,tuning_validation_mechanism_diagnostic,full_method_nested_hpo_v3,0c65097c9b86b900c22caf62144fb801532978cb,8aa8fb9172c7d3f5e4ef34220431f3e8643209fd68a11296dfaed658d8fae25d
68209,stationary_low_noise,none,zero_residual_frequency,0.0006481802636513212,0.0006459312686026841,2.2489950486370702e-06,32.026068040963814,31.888472807343504,0.1375952336203099,0.0006807284699392735,0.0006820582380351325,1.3297680958590519e-06,0.47806012584706636,0.4785787217272216,-0.0005185958801552371,0.00011181389693593506,0.00010058544032250086,0.0021748364972558596,2.718040317393435e-05,8,8,7,7,True,freq_hrl_no_leakage_v5,v5_u3_l3_h1_p3_activegate,2026,4044,tuning_validation_mechanism_diagnostic,full_method_nested_hpo_v3,0c65097c9b86b900c22caf62144fb801532978cb,8aa8fb9172c7d3f5e4ef34220431f3e8643209fd68a11296dfaed658d8fae25d
68213,stationary_low_noise,none,zero_residual_frequency,0.0027274739608147414,0.0027320925501774784,-4.618589362737069e-06,121.24559989304791,121.30958497049068,-0.06398507744276571,0.00031075127742419273,0.00031193449020661124,1.183212782418508e-06,0.533757887345641,0.5339571365519327,-0.00019924920629166287,0.0001312379551532529,0.0001053004754939558,0.002684281099007219,3.3547798372713564e-05,8,8,7,7,True,freq_hrl_no_leakage_v5,v5_u3_l3_h1_p3_activegate,2026,4044,tuning_validation_mechanism_diagnostic,full_method_nested_hpo_v3,0c65097c9b86b900c22caf62144fb801532978cb,8aa8fb9172c7d3f5e4ef34220431f3e8643209fd68a11296dfaed658d8fae25d
68219,stationary_low_noise,none,zero_residual_frequency,0.0016901880964395044,0.0016906154651279426,-4.273686884381789e-07,83.81178974359096,83.7732373152995,0.03855242829146732,0.0003320156880107783,0.0003333206114563003,1.3049234455220216e-06,0.47716180542955156,0.4774505123844668,-0.0002887069549152299,0.00011521078243089174,0.00010030648283879793,0.0018140660035795818,2.267158753936312e-05,8,8,7,7,True,freq_hrl_no_leakage_v5,v5_u3_l3_h1_p3_activegate,2026,4044,tuning_validation_mechanism_diagnostic,full_method_nested_hpo_v3,0c65097c9b86b900c22caf62144fb801532978cb,8aa8fb9172c7d3f5e4ef34220431f3e8643209fd68a11296dfaed658d8fae25d
68227,stationary_low_noise,none,zero_residual_frequency,0.0009413774493567395,0.0009387530318516468,2.62441750509268e-06,53.92232275577543,53.764268217062586,0.1580545387128467,0.00037655897782551406,0.00037755027285757414,9.9129503206008e-07,0.4318600818970437,0.4318963510929201,-3.626919587640387e-05,0.00010668690425051313,9.287173123395927e-05,0.002021420592831823,2.526384181879494e-05,7,7,6,6,True,freq_hrl_no_leakage_v5,v5_u3_l3_h1_p3_activegate,2026,4044,tuning_validation_mechanism_diagnostic,full_method_nested_hpo_v3,0c65097c9b86b900c22caf62144fb801532978cb,8aa8fb9172c7d3f5e4ef34220431f3e8643209fd68a11296dfaed658d8fae25d
68207,stationary_low_noise,none,zero_residual_frequency,0.0011949671417470498,0.0011939780928698074,9.890488772423822e-07,88.88253162484821,88.95074481026558,-0.06821318541736332,0.00040988849699064023,0.0004082064521835349,-1.6820448071053207e-06,0.21409510810042873,0.21380307103099788,0.00029203706943084495,5.094804281676474e-05,6.004413449532776e-05,0.0011717366745870096,1.4646403189553625e-05,8,8,7,7,True,freq_hrl_no_leakage_v5,v5_u3_l3_h1_p3_activegate,2039,4057,tuning_validation_mechanism_diagnostic,full_method_nested_hpo_v3,0c65097c9b86b900c22caf62144fb801532978cb,8aa8fb9172c7d3f5e4ef34220431f3e8643209fd68a11296dfaed658d8fae25d
68209,stationary_low_noise,none,zero_residual_frequency,0.0007221649121194051,0.0007194511666552827,2.713745464122397e-06,66.14768408590733,65.81428721221089,0.33339687369644366,0.0004515358661206781,0.00045345868466450945,1.9228185438313616e-06,0.20452163192752534,0.20520626677505058,-0.000684634847525234,3.79641760097091e-05,5.92802954471845e-05,0.0014659107752878402,1.832349361121215e-05,8,8,7,7,True,freq_hrl_no_leakage_v5,v5_u3_l3_h1_p3_activegate,2039,4057,tuning_validation_mechanism_diagnostic,full_method_nested_hpo_v3,0c65097c9b86b900c22caf62144fb801532978cb,8aa8fb9172c7d3f5e4ef34220431f3e8643209fd68a11296dfaed658d8fae25d
68213,stationary_low_noise,none,zero_residual_frequency,0.001448899915029056,0.0014520236833186484,-3.123768289592377e-06,107.22381681322062,107.57387259381323,-0.3500557805926121,0.0003726034303527248,0.00037037259946348655,-2.2308308892382556e-06,0.21966522183018466,0.21945630565239846,0.00020891617778620586,5.160396018491808e-05,5.6301650474730843e-05,0.001575553656948614,1.9693965334826716e-05,8,8,7,7,True,freq_hrl_no_leakage_v5,v5_u3_l3_h1_p3_activegate,2039,4057,tuning_validation_mechanism_diagnostic,full_method_nested_hpo_v3,0c65097c9b86b900c22caf62144fb801532978cb,8aa8fb9172c7d3f5e4ef34220431f3e8643209fd68a11296dfaed658d8fae25d
68219,stationary_low_noise,none,zero_residual_frequency,0.0007810666924756848,0.0007794918760897218,1.5748163859630182e-06,75.95702869576162,75.86561766534761,0.09141103041400811,0.000423250749630788,0.00042261481799776845,-6.359316330195597e-07,0.2091816245010854,0.2092725507815077,-9.092628042228768e-05,4.72468677799488e-05,5.7951783877481644e-05,0.0011507911960911266,1.4384459382615455e-05,8,8,7,7,True,freq_hrl_no_leakage_v5,v5_u3_l3_h1_p3_activegate,2039,4057,tuning_validation_mechanism_diagnostic,full_method_nested_hpo_v3,0c65097c9b86b900c22caf62144fb801532978cb,8aa8fb9172c7d3f5e4ef34220431f3e8643209fd68a11296dfaed658d8fae25d
68227,stationary_low_noise,none,zero_residual_frequency,0.0010721502864909915,0.0010684429444192123,3.7073420717792516e-06,95.21231656318257,94.8652051100073,0.34711145317527325,0.0003211866722085954,0.00032047612322660957,-7.10548981985859e-07,0.21121495966927023,0.2117514378746106,-0.0005364782053403627,4.2795099383580656e-05,5.8304809964438296e-05,0.0014461999907426717,1.8077021139609574e-05,8,8,7,7,True,freq_hrl_no_leakage_v5,v5_u3_l3_h1_p3_activegate,2039,4057,tuning_validation_mechanism_diagnostic,full_method_nested_hpo_v3,0c65097c9b86b900c22caf62144fb801532978cb,8aa8fb9172c7d3f5e4ef34220431f3e8643209fd68a11296dfaed658d8fae25d
68207,stationary_low_noise,none,zero_residual_frequency,0.001403165095595016,0.001399096220623841,4.068874971174807e-06,69.23033952905115,69.05666471932908,0.1736748097220726,0.0006368363973501268,0.0006364433852504847,-3.9301209964204276e-07,0.5890223096845096,0.5891852710098616,-0.0001629613253519846,2.8746467678058876e-05,3.9320778437444695e-05,0.0014145806839628169,1.768019718632565e-05,3,3,0,0,True,freq_hrl_no_leakage_v5,v5_u3_l3_h1_p3_activegate,2053,4071,tuning_validation_mechanism_diagnostic,full_method_nested_hpo_v3,0c65097c9b86b900c22caf62144fb801532978cb,8aa8fb9172c7d3f5e4ef34220431f3e8643209fd68a11296dfaed658d8fae25d
68209,stationary_low_noise,none,zero_residual_frequency,0.00030854686041248414,0.0003082044579447718,3.4240246771233274e-07,17.682084976201768,17.65957723617126,0.022507740030508927,0.000699744740817243,0.0006981761038701295,-1.5686369471135109e-06,0.5849624497045876,0.5854315218824631,-0.0004690721778755069,2.485166058291198e-05,3.933929049393344e-05,0.002318789931733692,2.8981570411041476e-05,3,3,0,0,True,freq_hrl_no_leakage_v5,v5_u3_l3_h1_p3_activegate,2053,4071,tuning_validation_mechanism_diagnostic,full_method_nested_hpo_v3,0c65097c9b86b900c22caf62144fb801532978cb,8aa8fb9172c7d3f5e4ef34220431f3e8643209fd68a11296dfaed658d8fae25d
68213,stationary_low_noise,none,zero_residual_frequency,0.0023573865527091176,0.0023502844332965456,7.102119412571994e-06,98.18716609596784,98.01803173771948,0.16913435824835688,0.0006914090712266674,0.0006915049526879935,9.588146132610831e-08,0.6760130446194074,0.6760942190154826,-8.117439607524535e-05,3.380922078592858e-05,3.773133893460069e-05,0.0019382765912774227,2.4225300967224846e-05,3,3,0,0,True,freq_hrl_no_leakage_v5,v5_u3_l3_h1_p3_activegate,2053,4071,tuning_validation_mechanism_diagnostic,full_method_nested_hpo_v3,0c65097c9b86b900c22caf62144fb801532978cb,8aa8fb9172c7d3f5e4ef34220431f3e8643209fd68a11296dfaed658d8fae25d
68219,stationary_low_noise,none,zero_residual_frequency,0.0008069872479925522,0.0008100344998496212,-3.047251857069e-06,43.822851918993074,43.94822891168093,-0.12537699268785474,0.0008150621153177884,0.0008137274235351377,-1.3346917826506655e-06,0.6231078246061541,0.6236018373990992,-0.0004940127929451421,3.347098143714065e-05,3.851634088044888e-05,0.0016264102976694835,2.0327546085452398e-05,3,3,0,0,True,freq_hrl_no_leakage_v5,v5_u3_l3_h1_p3_activegate,2053,4071,tuning_validation_mechanism_diagnostic,full_method_nested_hpo_v3,0c65097c9b86b900c22caf62144fb801532978cb,8aa8fb9172c7d3f5e4ef34220431f3e8643209fd68a11296dfaed658d8fae25d
68227,stationary_low_noise,none,zero_residual_frequency,0.0015367930653920059,0.0015325132993813106,4.279766010695241e-06,69.28153363610221,69.0822719933708,0.19926164273141467,0.0006595932824350337,0.0006599322833699128,3.390009348791523e-07,0.6200527124861446,0.6206511742888292,-0.0005984618026846356,1.834288660172271e-05,3.820446193298823e-05,0.0017334601438859763,2.1665649269058635e-05,3,3,0,0,True,freq_hrl_no_leakage_v5,v5_u3_l3_h1_p3_activegate,2053,4071,tuning_validation_mechanism_diagnostic,full_method_nested_hpo_v3,0c65097c9b86b900c22caf62144fb801532978cb,8aa8fb9172c7d3f5e4ef34220431f3e8643209fd68a11296dfaed658d8fae25d
68207,persistent_shift,none,zero_residual_frequency,0.03444240856669367,0.03442036012321381,2.204844347986068e-05,237.54071519267566,237.52148660002854,0.019228592647124287,0.0007004748798054017,0.0006984580413297303,-2.0168384756713564e-06,0.9101372383044262,0.9096453757917229,0.0004918625127032783,-0.00025785290708212283,-0.00011725376757744748,0.005950935838821655,7.437751845002835e-05,8,8,7,7,True,freq_hrl_no_leakage_v5,v5_u3_l3_h1_p3_activegate,2026,2026,tuning_validation_mechanism_diagnostic,full_method_nested_hpo_v3,0c65097c9b86b900c22caf62144fb801532978cb,8aa8fb9172c7d3f5e4ef34220431f3e8643209fd68a11296dfaed658d8fae25d
68209,persistent_shift,none,zero_residual_frequency,0.028507918305187507,0.02849466143545687,1.3256869730637888e-05,209.92696265986925,209.9680354902543,-0.04107283038504761,0.0009304129806509964,0.0009297967805924623,-6.162000585341332e-07,0.9846754159134751,0.9849726195718079,-0.00029720365833285634,-0.00033508007703034453,-0.00012238022008860736,0.009332441714650485,0.00011662832008345655,8,8,7,7,True,freq_hrl_no_leakage_v5,v5_u3_l3_h1_p3_activegate,2026,2026,tuning_validation_mechanism_diagnostic,full_method_nested_hpo_v3,0c65097c9b86b900c22caf62144fb801532978cb,8aa8fb9172c7d3f5e4ef34220431f3e8643209fd68a11296dfaed658d8fae25d
68213,persistent_shift,none,zero_residual_frequency,0.03549769813211778,0.035468863910109505,2.8834222008278232e-05,225.76941831278742,225.74811539039777,0.021302922389651258,0.0007751391015262676,0.0007693918134186184,-5.74728810764924e-06,1.003863458986192,1.0031938012468893,0.0006696577393026093,-0.00033776043677184904,-0.00011551725201510965,0.009559675885086308,0.00011947520948237457,8,8,7,7,True,freq_hrl_no_leakage_v5,v5_u3_l3_h1_p3_activegate,2026,2026,tuning_validation_mechanism_diagnostic,full_method_nested_hpo_v3,0c65097c9b86b900c22caf62144fb801532978cb,8aa8fb9172c7d3f5e4ef34220431f3e8643209fd68a11296dfaed658d8fae25d
68219,persistent_shift,none,zero_residual_frequency,0.028724382937216797,0.02870522909219919,1.915384501760542e-05,207.76367465124017,207.803621691667,-0.03994704042682429,0.001176672937237444,0.001174458799995226,-2.214137242217973e-06,0.992476565240103,0.9917404447877615,0.0007361204523415044,-0.0002622973600906432,-0.00012062925789418932,0.006418620630413191,8.022001146961223e-05,8,8,7,7,True,freq_hrl_no_leakage_v5,v5_u3_l3_h1_p3_activegate,2026,2026,tuning_validation_mechanism_diagnostic,full_method_nested_hpo_v3,0c65097c9b86b900c22caf62144fb801532978cb,8aa8fb9172c7d3f5e4ef34220431f3e8643209fd68a11296dfaed658d8fae25d
68227,persistent_shift,none,zero_residual_frequency,0.02765333360881561,0.027635227909460047,1.8105699355563942e-05,205.08265485740043,205.1365089541587,-0.05385409675827191,0.0006750087141826899,0.0006691530400566581,-5.855674126031829e-06,0.9112604819019697,0.910718929136604,0.000541552765365716,-0.00027703588327592,-0.0001283665618836493,0.0065978808984962405,8.245993897506428e-05,8,8,7,7,True,freq_hrl_no_leakage_v5,v5_u3_l3_h1_p3_activegate,2026,2026,tuning_validation_mechanism_diagnostic,full_method_nested_hpo_v3,0c65097c9b86b900c22caf62144fb801532978cb,8aa8fb9172c7d3f5e4ef34220431f3e8643209fd68a11296dfaed658d8fae25d
68207,persistent_shift,none,zero_residual_frequency,0.041259192212719675,0.04125190129010137,7.290922618308215e-06,229.16484598495603,229.1939542398934,-0.029108254937369793,0.0013934806971893643,0.001387422442569286,-6.058254620078252e-06,1.0017851814843084,1.0016328478942043,0.00015233359010413672,0.00012842043535895773,0.00012285437206851737,0.004314336758276719,5.392204731815629e-05,8,8,7,7,True,freq_hrl_no_leakage_v5,v5_u3_l3_h1_p3_activegate,2039,2039,tuning_validation_mechanism_diagnostic,full_method_nested_hpo_v3,0c65097c9b86b900c22caf62144fb801532978cb,8aa8fb9172c7d3f5e4ef34220431f3e8643209fd68a11296dfaed658d8fae25d
68209,persistent_shift,none,zero_residual_frequency,0.03281832159376186,0.0328313122045949,-1.2990610833041316e-05,207.36612906626416,207.42476103579932,-0.05863196953515626,0.0015192832635035902,0.0015144913272830962,-4.791936220494009e-06,1.0060908778206994,1.0065187185056717,-0.00042784068497225825,5.1619006890743017e-05,0.00010896364494067866,0.006459438784157909,8.072997421586872e-05,8,8,7,7,True,freq_hrl_no_leakage_v5,v5_u3_l3_h1_p3_activegate,2039,2039,tuning_validation_mechanism_diagnostic,full_method_nested_hpo_v3,0c65097c9b86b900c22caf62144fb801532978cb,8aa8fb9172c7d3f5e4ef34220431f3e8643209fd68a11296dfaed658d8fae25d
68213,persistent_shift,none,zero_residual_frequency,0.04165750532191348,0.041656256066326725,1.249255586754927e-06,224.14177716347146,224.18834372380266,-0.046566560331200435,0.0015088875733283436,0.0015077933696043821,-1.0942037239614066e-06,1.0113007458221217,1.011274609754183,2.6136067938775653e-05,4.450716274862943e-05,9.054372386712464e-05,0.005622477085813039,7.02704439512823e-05,8,8,7,7,True,freq_hrl_no_leakage_v5,v5_u3_l3_h1_p3_activegate,2039,2039,tuning_validation_mechanism_diagnostic,full_method_nested_hpo_v3,0c65097c9b86b900c22caf62144fb801532978cb,8aa8fb9172c7d3f5e4ef34220431f3e8643209fd68a11296dfaed658d8fae25d
68219,persistent_shift,none,zero_residual_frequency,0.03440984011967907,0.03440146547960121,8.374640077857265e-06,199.89318395318833,199.96994765116403,-0.07676369797570715,0.0026774376041234227,0.002668828618629382,-8.608985494040766e-06,1.006759606714584,1.0065136620820652,0.00024594463251892407,0.00013352491083870426,0.00012966651879373233,0.0050088711106784315,6.260116206748743e-05,8,8,7,7,True,freq_hrl_no_leakage_v5,v5_u3_l3_h1_p3_activegate,2039,2039,tuning_validation_mechanism_diagnostic,full_method_nested_hpo_v3,0c65097c9b86b900c22caf62144fb801532978cb,8aa8fb9172c7d3f5e4ef34220431f3e8643209fd68a11296dfaed658d8fae25d
68227,persistent_shift,none,zero_residual_frequency,0.03300949829336597,0.033008006221956654,1.4920714093147325e-06,203.68118299631374,203.75653613138303,-0.07535313506929242,0.0014962949211331233,0.0014892577084170133,-7.0372127161100195e-06,1.0012120237848552,1.0011571803613328,5.484342352235494e-05,6.418604948760784e-05,0.00011591840369774568,0.004955704048633279,6.193837755806333e-05,8,8,7,7,True,freq_hrl_no_leakage_v5,v5_u3_l3_h1_p3_activegate,2039,2039,tuning_validation_mechanism_diagnostic,full_method_nested_hpo_v3,0c65097c9b86b900c22caf62144fb801532978cb,8aa8fb9172c7d3f5e4ef34220431f3e8643209fd68a11296dfaed658d8fae25d
68207,persistent_shift,none,zero_residual_frequency,0.04367114326015953,0.04365984101990272,1.1302240256805263e-05,245.76332487084957,245.76087324479715,0.002451626052419442,0.0009492983425842816,0.0009525686811949763,3.2703386106947008e-06,1.0289400038713263,1.0287417353512907,0.00019826852003568263,7.315081692400474e-05,5.3193162235294735e-05,0.004964880510912432,6.205382690871992e-05,8,8,7,7,True,freq_hrl_no_leakage_v5,v5_u3_l3_h1_p3_activegate,2053,2053,tuning_validation_mechanism_diagnostic,full_method_nested_hpo_v3,0c65097c9b86b900c22caf62144fb801532978cb,8aa8fb9172c7d3f5e4ef34220431f3e8643209fd68a11296dfaed658d8fae25d
68209,persistent_shift,none,zero_residual_frequency,0.0351562670579566,0.03509892105903334,5.7345998923263863e-05,213.6347523179,213.51951027320519,0.11524204469480992,0.00129506124423584,0.0012867995402311427,-8.261704004697279e-06,1.0444140473938532,1.044119713608417,0.00029433378543619604,1.8816249265675813e-05,5.760108933626639e-05,0.008153540248147491,0.00010189965605425188,8,8,7,7,True,freq_hrl_no_leakage_v5,v5_u3_l3_h1_p3_activegate,2053,2053,tuning_validation_mechanism_diagnostic,full_method_nested_hpo_v3,0c65097c9b86b900c22caf62144fb801532978cb,8aa8fb9172c7d3f5e4ef34220431f3e8643209fd68a11296dfaed658d8fae25d
68213,persistent_shift,none,zero_residual_frequency,0.04560874525700709,0.04558594937806082,2.2795878946269e-05,261.2931312116234,261.29381902282154,-0.0006878111981336588,0.000704734951679109,0.0007058091636203967,1.0742119412876505e-06,1.0538226997245739,1.0534262532517604,0.0003964464728134498,4.2249065705227305e-05,4.420781873509279e-05,0.007145918486255848,8.931008215167795e-05,8,8,7,7,True,freq_hrl_no_leakage_v5,v5_u3_l3_h1_p3_activegate,2053,2053,tuning_validation_mechanism_diagnostic,full_method_nested_hpo_v3,0c65097c9b86b900c22caf62144fb801532978cb,8aa8fb9172c7d3f5e4ef34220431f3e8643209fd68a11296dfaed658d8fae25d
68219,persistent_shift,none,zero_residual_frequency,0.04010653875833725,0.040086028912935445,2.0509845401806004e-05,230.9680687818714,231.04279316326924,-0.07472438139782867,0.0008234002142230024,0.0008263677522999391,2.9675380769367266e-06,1.0399957285274013,1.0393282978665288,0.0006674306608724923,6.436845018717293e-05,5.54975749008472e-05,0.005331847112857859,6.663868126589063e-05,8,8,7,7,True,freq_hrl_no_leakage_v5,v5_u3_l3_h1_p3_activegate,2053,2053,tuning_validation_mechanism_diagnostic,full_method_nested_hpo_v3,0c65097c9b86b900c22caf62144fb801532978cb,8aa8fb9172c7d3f5e4ef34220431f3e8643209fd68a11296dfaed658d8fae25d
68227,persistent_shift,none,zero_residual_frequency,0.03684384407673247,0.03679029244020193,5.355163653053552e-05,214.489598837329,214.39774898153277,0.09184985579622662,0.0008874311626447806,0.000885757041957369,-1.6741206874115733e-06,1.0334278966014834,1.0331470975119577,0.0002807990895257184,2.9254329799437212e-05,5.651143842731389e-05,0.005819790669799356,7.273696888237467e-05,8,8,7,7,True,freq_hrl_no_leakage_v5,v5_u3_l3_h1_p3_activegate,2053,2053,tuning_validation_mechanism_diagnostic,full_method_nested_hpo_v3,0c65097c9b86b900c22caf62144fb801532978cb,8aa8fb9172c7d3f5e4ef34220431f3e8643209fd68a11296dfaed658d8fae25d
68207,ood_period,none,zero_residual_frequency,0.0037783825057438047,0.0037705122299200866,7.870275823718131e-06,96.83787603835717,97.07764804768019,-0.23977200932301912,0.0008911714102043389,0.0008872149875026603,-3.956422701678619e-06,0.5679971794270022,0.5642435380635752,0.0037536413634270405,5.1143685014551435e-06,1.738451313227114e-05,0.005332288985987867,6.664779985304156e-05,3,3,0,0,True,freq_hrl_no_leakage_v5,v5_u3_l3_h1_p3_activegate,2026,7071,tuning_validation_mechanism_diagnostic,full_method_nested_hpo_v3,0c65097c9b86b900c22caf62144fb801532978cb,8aa8fb9172c7d3f5e4ef34220431f3e8643209fd68a11296dfaed658d8fae25d
68209,ood_period,none,zero_residual_frequency,0.0025651816645182457,0.002541090343435748,2.4091321082497785e-05,60.63993306694727,59.85033902912188,0.7895940378253883,0.0015617929892084437,0.0015777813692190445,1.5988380010600878e-05,0.6105340761594859,0.6144806257753339,-0.003946549615848061,6.333782683063158e-05,1.8812496902448366e-05,0.008307549615791585,0.000103827028473166,3,3,0,0,True,freq_hrl_no_leakage_v5,v5_u3_l3_h1_p3_activegate,2026,7071,tuning_validation_mechanism_diagnostic,full_method_nested_hpo_v3,0c65097c9b86b900c22caf62144fb801532978cb,8aa8fb9172c7d3f5e4ef34220431f3e8643209fd68a11296dfaed658d8fae25d
68213,ood_period,none,zero_residual_frequency,0.002017567194119163,0.0019956492559134453,2.1917938205717746e-05,50.661782074291864,49.980377857196956,0.681404217094908,0.0013286273585073616,0.0013480225379722821,1.939517946492053e-05,0.7395688847782207,0.7434800124558694,-0.003911127677648674,0.00011151095014909866,3.318332428757995e-05,0.00842580212726413,0.00010530514354224067,3,3,0,0,True,freq_hrl_no_leakage_v5,v5_u3_l3_h1_p3_activegate,2026,7071,tuning_validation_mechanism_diagnostic,full_method_nested_hpo_v3,0c65097c9b86b900c22caf62144fb801532978cb,8aa8fb9172c7d3f5e4ef34220431f3e8643209fd68a11296dfaed658d8fae25d
68219,ood_period,none,zero_residual_frequency,0.0021024200770867196,0.0020944195458258985,8.00053126082112e-06,69.14364414847947,68.71768312218937,0.42596102629009636,0.0009387562983849129,0.0009458856207007482,7.129322315835296e-06,0.5399717882195186,0.5421239702017167,-0.0021521819821980204,5.289129911688597e-05,2.727029448860544e-05,0.0064114605556824245,8.013374866089314e-05,3,3,0,0,True,freq_hrl_no_leakage_v5,v5_u3_l3_h1_p3_activegate,2026,7071,tuning_validation_mechanism_diagnostic,full_method_nested_hpo_v3,0c65097c9b86b900c22caf62144fb801532978cb,8aa8fb9172c7d3f5e4ef34220431f3e8643209fd68a11296dfaed658d8fae25d
68227,ood_period,none,zero_residual_frequency,0.0020726318654218367,0.0020515275748034245,2.1104290618412236e-05,52.992136602921775,52.300771085870245,0.6913655170515298,0.0012361828679778863,0.0012595520047835596,2.3369136805673207e-05,0.6262013981540895,0.629494732591448,-0.003293334437358464,9.612751547221095e-05,2.9221968117899547e-05,0.007130732533308522,8.912222639714538e-05,3,3,0,0,True,freq_hrl_no_leakage_v5,v5_u3_l3_h1_p3_activegate,2026,7071,tuning_validation_mechanism_diagnostic,full_method_nested_hpo_v3,0c65097c9b86b900c22caf62144fb801532978cb,8aa8fb9172c7d3f5e4ef34220431f3e8643209fd68a11296dfaed658d8fae25d
68207,ood_period,none,zero_residual_frequency,0.002067072408631132,0.00205341673187287,1.3655676758261848e-05,119.79787360839214,119.09108787936007,0.7067857290320632,0.00016483738022643468,0.0001585644485783133,-6.2729316481213715e-06,0.13106131469135662,0.13164904415108286,-0.0005877294597262384,-3.525203318964429e-05,-1.5807988740978197e-05,0.004140958717067001,5.176046617396436e-05,8,8,7,7,True,freq_hrl_no_leakage_v5,v5_u3_l3_h1_p3_activegate,2039,7084,tuning_validation_mechanism_diagnostic,full_method_nested_hpo_v3,0c65097c9b86b900c22caf62144fb801532978cb,8aa8fb9172c7d3f5e4ef34220431f3e8643209fd68a11296dfaed658d8fae25d
68209,ood_period,none,zero_residual_frequency,0.002653426713292495,0.0026774604384793843,-2.40337251868894e-05,123.88364779595264,124.31339223444579,-0.42974443849314525,0.0003102294750337853,0.0003226727775959004,1.2443302562115122e-05,0.17511602167629975,0.17474064469368467,0.00037537698261508323,-1.5677037299052314e-05,-4.410725325842891e-06,0.005361874069138947,6.701875769947514e-05,6,6,4,4,True,freq_hrl_no_leakage_v5,v5_u3_l3_h1_p3_activegate,2039,7084,tuning_validation_mechanism_diagnostic,full_method_nested_hpo_v3,0c65097c9b86b900c22caf62144fb801532978cb,8aa8fb9172c7d3f5e4ef34220431f3e8643209fd68a11296dfaed658d8fae25d
68213,ood_period,none,zero_residual_frequency,0.002315671444366618,0.0023451648962267146,-2.9493451860096442e-05,71.90128350530948,72.57573286573596,-0.674449360426479,0.0010616043727547098,0.0010547385654906538,-6.865807264055945e-06,0.2603910580890079,0.2620469913775299,-0.0016559332885219824,-0.0001681242489004641,-3.0879953116865895e-05,0.006659124583691462,8.323384103823424e-05,7,7,6,6,True,freq_hrl_no_leakage_v5,v5_u3_l3_h1_p3_activegate,2039,7084,tuning_validation_mechanism_diagnostic,full_method_nested_hpo_v3,0c65097c9b86b900c22caf62144fb801532978cb,8aa8fb9172c7d3f5e4ef34220431f3e8643209fd68a11296dfaed658d8fae25d
68219,ood_period,none,zero_residual_frequency,0.0013813901313217691,0.001477097842890407,-9.570771156863778e-05,68.16814097484458,70.3901536552877,-2.222012680443129,0.00043215961338038955,0.0004438041068707266,1.1644493490337027e-05,0.18045010442995096,0.18514734448625775,-0.004697240056306784,-0.00010249434765005912,-2.959090081063507e-05,0.0038473848205790597,4.809068961395263e-05,8,8,7,7,True,freq_hrl_no_leakage_v5,v5_u3_l3_h1_p3_activegate,2039,7084,tuning_validation_mechanism_diagnostic,full_method_nested_hpo_v3,0c65097c9b86b900c22caf62144fb801532978cb,8aa8fb9172c7d3f5e4ef34220431f3e8643209fd68a11296dfaed658d8fae25d
68227,ood_period,none,zero_residual_frequency,0.002049753368589924,0.0021207029831333823,-7.09496145434585e-05,89.09173433338239,90.32472018424687,-1.2329858508644804,0.0005175666640842014,0.0005238162186976814,6.2495546134799795e-06,0.19680557718152022,0.19990731971063813,-0.003101742529117907,-0.00012314200496867187,-3.109221174851152e-05,0.004806132220902428,6.007418274814771e-05,8,8,7,7,True,freq_hrl_no_leakage_v5,v5_u3_l3_h1_p3_activegate,2039,7084,tuning_validation_mechanism_diagnostic,full_method_nested_hpo_v3,0c65097c9b86b900c22caf62144fb801532978cb,8aa8fb9172c7d3f5e4ef34220431f3e8643209fd68a11296dfaed658d8fae25d
68207,ood_period,none,zero_residual_frequency,0.013056995145452,0.013137192452779889,-8.019730732788943e-05,170.48106973946193,170.76102057129248,-0.27995083183054703,0.0004606015752106618,0.0004600051632875912,-5.964119230705833e-07,0.5079517914121863,0.5076064588968553,0.0003453325153309761,7.896558008283982e-05,6.676026783685227e-05,0.0047536009739916245,5.9413528922038846e-05,3,3,0,0,True,freq_hrl_no_leakage_v5,v5_u3_l3_h1_p3_activegate,2053,7098,tuning_validation_mechanism_diagnostic,full_method_nested_hpo_v3,0c65097c9b86b900c22caf62144fb801532978cb,8aa8fb9172c7d3f5e4ef34220431f3e8643209fd68a11296dfaed658d8fae25d
68209,ood_period,none,zero_residual_frequency,0.009561651668949622,0.009622088182019262,-6.0436513069639375e-05,127.93806355866903,128.24041025141545,-0.30234669274642556,0.0020545049014635275,0.002054618407015041,1.1350555151334873e-07,0.6332313686965765,0.6331129225420602,0.00011844615451628293,0.00014880815811060501,8.143764140466752e-05,0.006834966200929354,8.542635338724986e-05,3,3,0,0,True,freq_hrl_no_leakage_v5,v5_u3_l3_h1_p3_activegate,2053,7098,tuning_validation_mechanism_diagnostic,full_method_nested_hpo_v3,0c65097c9b86b900c22caf62144fb801532978cb,8aa8fb9172c7d3f5e4ef34220431f3e8643209fd68a11296dfaed658d8fae25d
68213,ood_period,none,zero_residual_frequency,0.013180542122679162,0.0132214546763183,-4.0912553639138594e-05,141.97961206214407,142.09755844186168,-0.11794637971760835,0.0015953288936264576,0.0015931828879366394,-2.1460056898181534e-06,0.7083603560001912,0.7068873561678253,0.0014729998323659288,9.685762644148358e-05,7.38500987291961e-05,0.00749366493142184,9.365617633584733e-05,3,3,0,0,True,freq_hrl_no_leakage_v5,v5_u3_l3_h1_p3_activegate,2053,7098,tuning_validation_mechanism_diagnostic,full_method_nested_hpo_v3,0c65097c9b86b900c22caf62144fb801532978cb,8aa8fb9172c7d3f5e4ef34220431f3e8643209fd68a11296dfaed658d8fae25d
68219,ood_period,none,zero_residual_frequency,0.008447833626590517,0.008518107754339255,-7.027412774873731e-05,129.02612561740682,129.33065965680987,-0.3045340394030518,0.0010523733070386676,0.0010567883815369994,4.4150744983317836e-06,0.505311682764638,0.506958159147211,-0.0016464763825729811,0.0001228595872921142,6.698051263344062e-05,0.004427972768664606,5.534449624107921e-05,3,3,0,0,True,freq_hrl_no_leakage_v5,v5_u3_l3_h1_p3_activegate,2053,7098,tuning_validation_mechanism_diagnostic,full_method_nested_hpo_v3,0c65097c9b86b900c22caf62144fb801532978cb,8aa8fb9172c7d3f5e4ef34220431f3e8643209fd68a11296dfaed658d8fae25d
68227,ood_period,none,zero_residual_frequency,0.010202164667195701,0.010270019561180677,-6.785489398497546e-05,140.29805036041458,140.6676359081131,-0.36958554769853436,0.0011993003947448067,0.0011981822769884243,-1.1181177563823752e-06,0.5826556769258481,0.5818882449092913,0.0007674320165568238,8.48559238681081e-05,7.606371419723463e-05,0.006196134173741383,7.744160943953781e-05,3,3,0,0,True,freq_hrl_no_leakage_v5,v5_u3_l3_h1_p3_activegate,2053,7098,tuning_validation_mechanism_diagnostic,full_method_nested_hpo_v3,0c65097c9b86b900c22caf62144fb801532978cb,8aa8fb9172c7d3f5e4ef34220431f3e8643209fd68a11296dfaed658d8fae25d
68207,stationary_low_noise,none,zero_residual_frequency,0.0027295216241196574,0.002731216575777795,-1.694951658137711e-06,68.89639196884703,68.9112974661326,-0.014905497285568003,0.0007249705656132699,0.0007251187570008755,1.4819138760557848e-07,0.8706076546538181,0.8708798453441483,-0.0002721906903302429,-5.515608322455183e-05,-4.931724455854476e-05,0.0015635703077956956,1.563311425157273e-05,4,4,0,0,True,freq_hrl_no_leakage_v5,v5_u5_l3_h005_p01_macro,2026,4044,tuning_validation_mechanism_diagnostic,full_method_nested_hpo_v3,0c65097c9b86b900c22caf62144fb801532978cb,8aa8fb9172c7d3f5e4ef34220431f3e8643209fd68a11296dfaed658d8fae25d
68209,stationary_low_noise,none,zero_residual_frequency,0.0014642818757804044,0.001476211025225993,-1.192914944558865e-05,38.44175710065946,38.71946803178097,-0.27771093112151135,0.0010918787449709644,0.001089867333228911,-2.011411742053326e-06,0.8903891045256075,0.8900690283262819,0.00032007619932561404,-3.585757636135903e-05,-2.8505560100425098e-05,0.002644070575600684,2.643665693557807e-05,4,4,0,0,True,freq_hrl_no_leakage_v5,v5_u5_l3_h005_p01_macro,2026,4044,tuning_validation_mechanism_diagnostic,full_method_nested_hpo_v3,0c65097c9b86b900c22caf62144fb801532978cb,8aa8fb9172c7d3f5e4ef34220431f3e8643209fd68a11296dfaed658d8fae25d
68213,stationary_low_noise,none,zero_residual_frequency,0.0044231786363257974,0.004419625593785614,3.553042540183071e-06,113.25621190662459,113.08627210287698,0.16993980374761009,0.0006815935240511717,0.0006827788021411818,1.1852780900101223e-06,1.0503112822712533,1.051572462684995,-0.0012611804137416804,-2.622537086094404e-05,-2.5750779772728185e-05,0.0018625245961933008,1.862173337335955e-05,4,4,0,0,True,freq_hrl_no_leakage_v5,v5_u5_l3_h005_p01_macro,2026,4044,tuning_validation_mechanism_diagnostic,full_method_nested_hpo_v3,0c65097c9b86b900c22caf62144fb801532978cb,8aa8fb9172c7d3f5e4ef34220431f3e8643209fd68a11296dfaed658d8fae25d
68219,stationary_low_noise,none,zero_residual_frequency,0.0026589448695664153,0.0026612683941309445,-2.3235245645292224e-06,70.30696376469477,70.37897736791393,-0.07201360321916184,0.0006453849009789847,0.0006464516087452132,1.0667077662285251e-06,0.9241708631726026,0.9238361661196126,0.0003346970529899407,-4.0892126899471875e-05,-3.249719376577316e-05,0.0018549570416022713,1.8546048686858278e-05,4,4,0,0,True,freq_hrl_no_leakage_v5,v5_u5_l3_h005_p01_macro,2026,4044,tuning_validation_mechanism_diagnostic,full_method_nested_hpo_v3,0c65097c9b86b900c22caf62144fb801532978cb,8aa8fb9172c7d3f5e4ef34220431f3e8643209fd68a11296dfaed658d8fae25d
68227,stationary_low_noise,none,zero_residual_frequency,0.0033582989442522138,0.0033632258456619546,-4.926901409740836e-06,88.05891392916118,88.20797487248359,-0.14906094332241082,0.0008096786794009603,0.0008083323804833897,-1.346298917570543e-06,0.9040771358730365,0.9034136831728069,0.0006634527002296053,-2.9974543750976294e-05,-2.5913754931601543e-05,0.0018551829786803058,1.8548689232856056e-05,4,4,0,0,True,freq_hrl_no_leakage_v5,v5_u5_l3_h005_p01_macro,2026,4044,tuning_validation_mechanism_diagnostic,full_method_nested_hpo_v3,0c65097c9b86b900c22caf62144fb801532978cb,8aa8fb9172c7d3f5e4ef34220431f3e8643209fd68a11296dfaed658d8fae25d
68207,stationary_low_noise,none,zero_residual_frequency,-9.109940694684848e-05,-9.48130928551949e-05,3.71368590834642e-06,-143.089245340773,-142.62498742674828,-0.4642579140247278,9.109940694684848e-05,9.48130928551949e-05,3.71368590834642e-06,0.01803142195024339,0.017647220168231455,0.00038420178201193506,4.270319507057354e-06,-1.0878403359163951e-07,0.0010166240400141962,1.0166185369499202e-05,4,4,0,0,True,freq_hrl_no_leakage_v5,v5_u5_l3_h005_p01_macro,2039,4057,tuning_validation_mechanism_diagnostic,full_method_nested_hpo_v3,0c65097c9b86b900c22caf62144fb801532978cb,8aa8fb9172c7d3f5e4ef34220431f3e8643209fd68a11296dfaed658d8fae25d
68209,stationary_low_noise,none,zero_residual_frequency,-6.477139108651553e-05,-6.545639421062788e-05,6.850031241123489e-07,-127.59750873654002,-126.10238548650547,-1.4951232500345526,6.477139108651553e-05,6.545639421062788e-05,6.850031241123489e-07,0.01786275354803223,0.017702319949025477,0.00016043359900675194,1.3436052897145965e-05,7.309528996496987e-06,0.00119425207699856,1.1942427250314373e-05,4,4,0,0,True,freq_hrl_no_leakage_v5,v5_u5_l3_h005_p01_macro,2039,4057,tuning_validation_mechanism_diagnostic,full_method_nested_hpo_v3,0c65097c9b86b900c22caf62144fb801532978cb,8aa8fb9172c7d3f5e4ef34220431f3e8643209fd68a11296dfaed658d8fae25d
68213,stationary_low_noise,none,zero_residual_frequency,-0.00015818012427259998,-0.0001617646170243292,3.584492751729229e-06,-226.25434889927996,-226.56769802355615,0.31334912427618633,0.00015818012427259998,0.0001617646170243292,3.584492751729229e-06,0.029337596212957208,0.029249282995445974,8.83132175112343e-05,4.997516213469754e-06,-2.345010672629881e-06,0.0014581986719551625,1.458187360116205e-05,4,4,0,0,True,freq_hrl_no_leakage_v5,v5_u5_l3_h005_p01_macro,2039,4057,tuning_validation_mechanism_diagnostic,full_method_nested_hpo_v3,0c65097c9b86b900c22caf62144fb801532978cb,8aa8fb9172c7d3f5e4ef34220431f3e8643209fd68a11296dfaed658d8fae25d
68219,stationary_low_noise,none,zero_residual_frequency,-8.485294633109319e-05,-8.466331693512963e-05,-1.896293959635642e-07,-141.97272486648825,-141.12449768210885,-0.8482271843793967,8.485294633109319e-05,8.466331693512963e-05,-1.896293959635642e-07,0.021386572944511895,0.021350173964443008,3.6398980068887143e-05,8.618947630113396e-06,1.8234279078169657e-06,0.0009941086771404013,9.941024157018147e-06,4,4,0,0,True,freq_hrl_no_leakage_v5,v5_u5_l3_h005_p01_macro,2039,4057,tuning_validation_mechanism_diagnostic,full_method_nested_hpo_v3,0c65097c9b86b900c22caf62144fb801532978cb,8aa8fb9172c7d3f5e4ef34220431f3e8643209fd68a11296dfaed658d8fae25d
68227,stationary_low_noise,none,zero_residual_frequency,-9.31921923819079e-05,-9.435570555649253e-05,1.1635131745846294e-06,-155.26498490356508,-156.09162672654662,0.8266418229815429,9.391554945759051e-05,9.527203588266531e-05,1.3564864250747988e-06,0.01867336688878175,0.018400828163231013,0.0002725387255507368,7.324671527313958e-06,-1.6745030999235877e-06,0.0010995666814096695,1.0995602407003694e-05,4,4,0,0,True,freq_hrl_no_leakage_v5,v5_u5_l3_h005_p01_macro,2039,4057,tuning_validation_mechanism_diagnostic,full_method_nested_hpo_v3,0c65097c9b86b900c22caf62144fb801532978cb,8aa8fb9172c7d3f5e4ef34220431f3e8643209fd68a11296dfaed658d8fae25d
68207,stationary_low_noise,none,zero_residual_frequency,0.0033308859677587677,0.0033246370626367483,6.248905122019366e-06,116.13356168966229,116.06880419916524,0.06475749049704405,0.0007433088429205092,0.0007429761327208961,-3.3271019961311765e-07,0.5964596878742696,0.5960769293168285,0.00038275855744107634,-3.42294075108348e-05,-2.929543462989845e-05,0.0016652156908195243,1.665172620641676e-05,4,4,0,0,True,freq_hrl_no_leakage_v5,v5_u5_l3_h005_p01_macro,2053,4071,tuning_validation_mechanism_diagnostic,full_method_nested_hpo_v3,0c65097c9b86b900c22caf62144fb801532978cb,8aa8fb9172c7d3f5e4ef34220431f3e8643209fd68a11296dfaed658d8fae25d
68209,stationary_low_noise,none,zero_residual_frequency,0.0021196663722351516,0.0021280083232939617,-8.341951058810082e-06,69.03853104816882,69.29170443947099,-0.25317339130216965,0.0007009858869202468,0.0007005437503616596,-4.421365585871584e-07,0.6553013085941966,0.6549528576883701,0.00034845090582646954,-3.3124985629604067e-05,-3.280722901311274e-05,0.002788832521708981,2.7887520379456423e-05,4,4,0,0,True,freq_hrl_no_leakage_v5,v5_u5_l3_h005_p01_macro,2053,4071,tuning_validation_mechanism_diagnostic,full_method_nested_hpo_v3,0c65097c9b86b900c22caf62144fb801532978cb,8aa8fb9172c7d3f5e4ef34220431f3e8643209fd68a11296dfaed658d8fae25d
68213,stationary_low_noise,none,zero_residual_frequency,0.003927467286430675,0.003933047180217919,-5.579893787244217e-06,116.98548347100096,117.02452984200359,-0.039046371002626756,0.0006960433534656252,0.0006950524346950315,-9.909187705936517e-07,0.740773294400183,0.7414592188736568,-0.0006859244734738201,-3.2252036365427626e-05,-2.872597893240885e-05,0.0023750873732145314,2.3750081924705678e-05,4,4,0,0,True,freq_hrl_no_leakage_v5,v5_u5_l3_h005_p01_macro,2053,4071,tuning_validation_mechanism_diagnostic,full_method_nested_hpo_v3,0c65097c9b86b900c22caf62144fb801532978cb,8aa8fb9172c7d3f5e4ef34220431f3e8643209fd68a11296dfaed658d8fae25d
68219,stationary_low_noise,none,zero_residual_frequency,0.002413571521359792,0.002414270958571718,-6.994372119262238e-07,88.17780523251483,88.22776655760345,-0.04996132508861706,0.0005999034633693556,0.0005991883282592259,-7.15135110129772e-07,0.6325558050980934,0.6324447681343027,0.00011103696379066719,-3.1208753072274824e-05,-2.962696224138186e-05,0.0019668714631785,1.966818191768226e-05,4,4,0,0,True,freq_hrl_no_leakage_v5,v5_u5_l3_h005_p01_macro,2053,4071,tuning_validation_mechanism_diagnostic,full_method_nested_hpo_v3,0c65097c9b86b900c22caf62144fb801532978cb,8aa8fb9172c7d3f5e4ef34220431f3e8643209fd68a11296dfaed658d8fae25d
68227,stationary_low_noise,none,zero_residual_frequency,0.003371278660289523,0.003372315167433859,-1.0365071443363405e-06,106.60081417142491,106.70042275446771,-0.09960858304279441,0.0006302189402079827,0.000629750226666892,-4.6871354109079277e-07,0.6297496723890113,0.629224468424314,0.0005252039646972406,-2.865443360173449e-05,-2.7180788124535625e-05,0.0021024260656051607,2.1023789803375555e-05,4,4,0,0,True,freq_hrl_no_leakage_v5,v5_u5_l3_h005_p01_macro,2053,4071,tuning_validation_mechanism_diagnostic,full_method_nested_hpo_v3,0c65097c9b86b900c22caf62144fb801532978cb,8aa8fb9172c7d3f5e4ef34220431f3e8643209fd68a11296dfaed658d8fae25d
68207,persistent_shift,none,zero_residual_frequency,0.037535271801142134,0.037531903705817715,3.3680953244186185e-06,230.13587313700336,230.1108712058987,0.02500193110466853,0.000999713657029444,0.001001032013671188,1.3183566417440673e-06,1.0201973255313548,1.0201929101586813,4.41537267348302e-06,5.418160985679174e-05,4.546516370775429e-05,0.0028212473530503405,2.821124492903044e-05,4,4,0,0,True,freq_hrl_no_leakage_v5,v5_u5_l3_h005_p01_macro,2026,2026,tuning_validation_mechanism_diagnostic,full_method_nested_hpo_v3,0c65097c9b86b900c22caf62144fb801532978cb,8aa8fb9172c7d3f5e4ef34220431f3e8643209fd68a11296dfaed658d8fae25d
68209,persistent_shift,none,zero_residual_frequency,0.0232056064909012,0.02325656857295555,-5.096208205435104e-05,207.74517054532453,207.77323482003203,-0.0280642747075035,0.0006090239672811304,0.0006107854272919822,1.7614600108517564e-06,0.8374882609006336,0.8385426972192438,-0.0010544363186102412,2.8413585732871984e-06,3.217132988471537e-05,0.003807612023067324,3.8073967212225994e-05,4,4,0,0,True,freq_hrl_no_leakage_v5,v5_u5_l3_h005_p01_macro,2026,2026,tuning_validation_mechanism_diagnostic,full_method_nested_hpo_v3,0c65097c9b86b900c22caf62144fb801532978cb,8aa8fb9172c7d3f5e4ef34220431f3e8643209fd68a11296dfaed658d8fae25d
68213,persistent_shift,none,zero_residual_frequency,0.0353433811984567,0.035353876655438654,-1.0495456981951534e-05,219.96809927436212,219.94836684191063,0.019732432451490922,0.0009220834214833662,0.0009245179056939223,2.4344842105561426e-06,1.035947921107966,1.0360006607290426,-5.2739621076547394e-05,3.459726499539761e-05,4.225142919190439e-05,0.003678259360862689,3.678075515703712e-05,4,4,0,0,True,freq_hrl_no_leakage_v5,v5_u5_l3_h005_p01_macro,2026,2026,tuning_validation_mechanism_diagnostic,full_method_nested_hpo_v3,0c65097c9b86b900c22caf62144fb801532978cb,8aa8fb9172c7d3f5e4ef34220431f3e8643209fd68a11296dfaed658d8fae25d
68219,persistent_shift,none,zero_residual_frequency,0.032632769102520776,0.03263058310873834,2.1859937824331155e-06,203.77626449887396,203.75343087784458,0.022833621029377582,0.0019852292610847977,0.0019882238267826535,2.9945656978558333e-06,1.0411556670149986,1.0411353423658474,2.0324649151248764e-05,5.255939564900566e-05,4.2619482429016867e-05,0.0030065593991215186,3.0064127716783894e-05,4,4,0,0,True,freq_hrl_no_leakage_v5,v5_u5_l3_h005_p01_macro,2026,2026,tuning_validation_mechanism_diagnostic,full_method_nested_hpo_v3,0c65097c9b86b900c22caf62144fb801532978cb,8aa8fb9172c7d3f5e4ef34220431f3e8643209fd68a11296dfaed658d8fae25d
68227,persistent_shift,none,zero_residual_frequency,0.02614312095352367,0.026159564859321804,-1.6443905798135816e-05,202.87896609314336,202.88096579959605,-0.0019997064526933173,0.0004870572674143814,0.0004908141857966619,3.7569183822805385e-06,0.891232482807945,0.8915898009448937,-0.0003573181369487255,4.7874500665143976e-05,3.84897347561873e-05,0.0034755501090936985,3.4754025781466825e-05,4,4,0,0,True,freq_hrl_no_leakage_v5,v5_u5_l3_h005_p01_macro,2026,2026,tuning_validation_mechanism_diagnostic,full_method_nested_hpo_v3,0c65097c9b86b900c22caf62144fb801532978cb,8aa8fb9172c7d3f5e4ef34220431f3e8643209fd68a11296dfaed658d8fae25d
68207,persistent_shift,none,zero_residual_frequency,0.0012536427215730228,0.0012447993934960877,8.843328076935109e-06,19.49073925688761,19.344091112488034,0.14664814439957752,0.0017616828143359742,0.0017695431130704264,7.860298734452265e-06,0.8637402559977538,0.863740237425105,1.8572648863290908e-08,2.3138829049712057e-05,9.81531967816869e-06,0.0020957964332208373,2.095670920264597e-05,4,4,0,0,True,freq_hrl_no_leakage_v5,v5_u5_l3_h005_p01_macro,2039,2039,tuning_validation_mechanism_diagnostic,full_method_nested_hpo_v3,0c65097c9b86b900c22caf62144fb801532978cb,8aa8fb9172c7d3f5e4ef34220431f3e8643209fd68a11296dfaed658d8fae25d
68209,persistent_shift,none,zero_residual_frequency,-0.0035827227454795496,-0.0035859166011141808,3.1938556346311486e-06,-42.63053312460143,-42.65779594362011,0.027262819018680773,0.005889835570149438,0.0058933911357728075,3.555565623369894e-06,1.1318539292699454,1.1313565169687152,0.0004974123012302378,5.509625053054014e-05,1.1038892354167237e-05,0.003984041273158962,3.983716396328653e-05,4,4,0,0,True,freq_hrl_no_leakage_v5,v5_u5_l3_h005_p01_macro,2039,2039,tuning_validation_mechanism_diagnostic,full_method_nested_hpo_v3,0c65097c9b86b900c22caf62144fb801532978cb,8aa8fb9172c7d3f5e4ef34220431f3e8643209fd68a11296dfaed658d8fae25d
68213,persistent_shift,none,zero_residual_frequency,-0.0009932400258111374,-0.0010070049156170047,1.376488980586732e-05,-13.825736623862314,-14.008412869749737,0.18267624588742315,0.0027061389028961713,0.002709692098125771,3.553195229599737e-06,1.1659561997411585,1.1660945932848814,-0.00013839354372291446,3.5461193681231675e-05,9.02246929900476e-06,0.002914095960538058,2.9138714977235726e-05,4,4,0,0,True,freq_hrl_no_leakage_v5,v5_u5_l3_h005_p01_macro,2039,2039,tuning_validation_mechanism_diagnostic,full_method_nested_hpo_v3,0c65097c9b86b900c22caf62144fb801532978cb,8aa8fb9172c7d3f5e4ef34220431f3e8643209fd68a11296dfaed658d8fae25d
68219,persistent_shift,none,zero_residual_frequency,-0.0008079561000028379,-0.0008166345191620294,8.678419159191542e-06,-11.813962366129672,-11.938373269178431,0.12441090304875857,0.0030026763189532346,0.0030070500355090513,4.3737165558166424e-06,0.9510246752078869,0.9517471245246321,-0.000722449316745144,3.8858923637278856e-05,1.1825381581268711e-05,0.0025085777009129138,2.5084273577689134e-05,4,4,0,0,True,freq_hrl_no_leakage_v5,v5_u5_l3_h005_p01_macro,2039,2039,tuning_validation_mechanism_diagnostic,full_method_nested_hpo_v3,0c65097c9b86b900c22caf62144fb801532978cb,8aa8fb9172c7d3f5e4ef34220431f3e8643209fd68a11296dfaed658d8fae25d
68227,persistent_shift,none,zero_residual_frequency,-0.00021220722581050122,-0.0002413569925115988,2.914976670109759e-05,-3.2581278753228857,-3.7038334229460785,0.4457055476231928,0.0021494518773549354,0.0021544548922263207,5.003014871385325e-06,0.8661565943577557,0.8668965225273649,-0.0007399281696092164,4.477589913042484e-05,1.2026062928525668e-05,0.0030543301453387055,3.0541187040277144e-05,4,4,0,0,True,freq_hrl_no_leakage_v5,v5_u5_l3_h005_p01_macro,2039,2039,tuning_validation_mechanism_diagnostic,full_method_nested_hpo_v3,0c65097c9b86b900c22caf62144fb801532978cb,8aa8fb9172c7d3f5e4ef34220431f3e8643209fd68a11296dfaed658d8fae25d
68207,persistent_shift,none,zero_residual_frequency,0.03149126081781506,0.031496876258941375,-5.615441126316512e-06,236.09153594340196,236.1547097738606,-0.06317383045862357,0.0009916528014295434,0.0009918448930803514,1.9209165080802393e-07,0.9650239955618307,0.9644983715681723,0.0005256239936584084,4.001675032321334e-05,2.2127065798605178e-05,0.0025629471446639704,2.562851809050604e-05,4,4,0,0,True,freq_hrl_no_leakage_v5,v5_u5_l3_h005_p01_macro,2053,2053,tuning_validation_mechanism_diagnostic,full_method_nested_hpo_v3,0c65097c9b86b900c22caf62144fb801532978cb,8aa8fb9172c7d3f5e4ef34220431f3e8643209fd68a11296dfaed658d8fae25d
68209,persistent_shift,none,zero_residual_frequency,0.020652787736165967,0.020653228710131977,-4.4097396600939476e-07,175.8156366502249,175.8733132279872,-0.05767657776232227,0.0009735424720851427,0.0009749667831477904,1.4243110626477318e-06,1.1926028817318757,1.1918985308406551,0.000704350891220562,3.356674271450803e-05,1.4750202657432622e-05,0.003726323732391595,3.72611105864045e-05,4,4,0,0,True,freq_hrl_no_leakage_v5,v5_u5_l3_h005_p01_macro,2053,2053,tuning_validation_mechanism_diagnostic,full_method_nested_hpo_v3,0c65097c9b86b900c22caf62144fb801532978cb,8aa8fb9172c7d3f5e4ef34220431f3e8643209fd68a11296dfaed658d8fae25d
68213,persistent_shift,none,zero_residual_frequency,0.03371246804337291,0.03373755363834641,-2.5085594973495162e-05,240.7552398543947,240.86937613397447,-0.11413627957978179,0.0007892649421538112,0.0007891893531865035,-7.55889673076382e-08,1.1103134489849773,1.1103423033626496,-2.885437767230492e-05,5.93563383521486e-05,2.443721556067588e-05,0.0037225894017966416,3.722387492646541e-05,4,4,0,0,True,freq_hrl_no_leakage_v5,v5_u5_l3_h005_p01_macro,2053,2053,tuning_validation_mechanism_diagnostic,full_method_nested_hpo_v3,0c65097c9b86b900c22caf62144fb801532978cb,8aa8fb9172c7d3f5e4ef34220431f3e8643209fd68a11296dfaed658d8fae25d
68219,persistent_shift,none,zero_residual_frequency,0.02891146304171599,0.028926774894472596,-1.5311852756605404e-05,210.25162067720188,210.31398638311572,-0.062365705913833835,0.001845300496784441,0.0018451662213673226,-1.3427541711852342e-07,0.9786822035822204,0.9785123302794811,0.00016987330273920964,5.018859502971428e-05,2.9691654847296036e-05,0.0029680430763821476,2.9679164187431095e-05,4,4,0,0,True,freq_hrl_no_leakage_v5,v5_u5_l3_h005_p01_macro,2053,2053,tuning_validation_mechanism_diagnostic,full_method_nested_hpo_v3,0c65097c9b86b900c22caf62144fb801532978cb,8aa8fb9172c7d3f5e4ef34220431f3e8643209fd68a11296dfaed658d8fae25d
68227,persistent_shift,none,zero_residual_frequency,0.02319684500293917,0.023194605750215258,2.239252723912344e-06,198.6035918873586,198.66001303184657,-0.05642114448798452,0.0005803792063923119,0.0005800609171974225,-3.1828919488940954e-07,0.9609625838137674,0.9604046588011187,0.0005579250126487301,3.753375900654561e-05,1.8207466125702175e-05,0.0029684998675495278,2.9683705000219628e-05,4,4,0,0,True,freq_hrl_no_leakage_v5,v5_u5_l3_h005_p01_macro,2053,2053,tuning_validation_mechanism_diagnostic,full_method_nested_hpo_v3,0c65097c9b86b900c22caf62144fb801532978cb,8aa8fb9172c7d3f5e4ef34220431f3e8643209fd68a11296dfaed658d8fae25d
68207,ood_period,none,zero_residual_frequency,0.016802798915628747,0.016801131197802688,1.667717826059345e-06,139.2181660074553,139.24810181659882,-0.029935809143523784,0.0018333559219460005,0.0018326509312328598,-7.049907131406741e-07,1.5750227748483285,1.5745272587668118,0.000495516081516767,4.132140236577952e-06,-2.929952395385134e-06,0.0027134600277602455,2.713417429012924e-05,4,4,0,0,True,freq_hrl_no_leakage_v5,v5_u5_l3_h005_p01_macro,2026,7071,tuning_validation_mechanism_diagnostic,full_method_nested_hpo_v3,0c65097c9b86b900c22caf62144fb801532978cb,8aa8fb9172c7d3f5e4ef34220431f3e8643209fd68a11296dfaed658d8fae25d
68209,ood_period,none,zero_residual_frequency,0.0080950834391178,0.008103320660076463,-8.237220958662306e-06,90.30595670480272,90.2876737376195,0.018282967183225196,0.003229448883558028,0.003238921509287729,9.472625729700646e-06,1.4557402229528766,1.4573223662731658,-0.0015821433202891644,7.843684961696015e-06,1.2896672889571566e-06,0.005760856620413,5.760537095964758e-05,4,4,0,0,True,freq_hrl_no_leakage_v5,v5_u5_l3_h005_p01_macro,2026,7071,tuning_validation_mechanism_diagnostic,full_method_nested_hpo_v3,0c65097c9b86b900c22caf62144fb801532978cb,8aa8fb9172c7d3f5e4ef34220431f3e8643209fd68a11296dfaed658d8fae25d
68213,ood_period,none,zero_residual_frequency,0.019007454065734564,0.019004447663332424,3.00640240213923e-06,133.27157150353736,133.1991784014283,0.07239310210906069,0.001987788918005662,0.001999718761082847,1.1929843077185254e-05,1.6923189051563268,1.6933907194625217,-0.0010718143061949625,3.3211394434364007e-05,3.4771166068976927e-06,0.004945837074663157,4.945621036440134e-05,4,4,0,0,True,freq_hrl_no_leakage_v5,v5_u5_l3_h005_p01_macro,2026,7071,tuning_validation_mechanism_diagnostic,full_method_nested_hpo_v3,0c65097c9b86b900c22caf62144fb801532978cb,8aa8fb9172c7d3f5e4ef34220431f3e8643209fd68a11296dfaed658d8fae25d
68219,ood_period,none,zero_residual_frequency,0.010897056011538453,0.010900982042276519,-3.9260307380661885e-06,110.08722585997546,109.99787764668125,0.08934821329421538,0.0028542077580913094,0.0028632143103876073,9.006552296297876e-06,1.373905104549995,1.3760712847153698,-0.0021661801653747315,3.44228224695508e-06,2.997631007617128e-07,0.003813210452426574,3.81308563119406e-05,4,4,0,0,True,freq_hrl_no_leakage_v5,v5_u5_l3_h005_p01_macro,2026,7071,tuning_validation_mechanism_diagnostic,full_method_nested_hpo_v3,0c65097c9b86b900c22caf62144fb801532978cb,8aa8fb9172c7d3f5e4ef34220431f3e8643209fd68a11296dfaed658d8fae25d
68227,ood_period,none,zero_residual_frequency,0.012353511645337045,0.012359245344711,-5.733699373955403e-06,114.93056319834456,114.8776452473353,0.05291795100926322,0.002487882961560106,0.0024975612978106465,9.678336250540376e-06,1.5231982340401296,1.5250057084535913,-0.0018074744134617404,1.7405808975478782e-06,-6.417057586367958e-07,0.004338920156129056,4.338757571925119e-05,4,4,0,0,True,freq_hrl_no_leakage_v5,v5_u5_l3_h005_p01_macro,2026,7071,tuning_validation_mechanism_diagnostic,full_method_nested_hpo_v3,0c65097c9b86b900c22caf62144fb801532978cb,8aa8fb9172c7d3f5e4ef34220431f3e8643209fd68a11296dfaed658d8fae25d
68207,ood_period,none,zero_residual_frequency,0.03130621983657167,0.03131572332704602,-9.503490474349618e-06,151.73343893629092,151.75873611197198,-0.025297175681060935,0.0008888288026540625,0.0008893807205579973,5.519179039348288e-07,1.3924089836746698,1.3920494200491595,0.0003595636255102619,4.070779585531828e-05,9.672705128704718e-06,0.005258695612024491,5.258140736933687e-05,4,4,0,0,True,freq_hrl_no_leakage_v5,v5_u5_l3_h005_p01_macro,2039,7084,tuning_validation_mechanism_diagnostic,full_method_nested_hpo_v3,0c65097c9b86b900c22caf62144fb801532978cb,8aa8fb9172c7d3f5e4ef34220431f3e8643209fd68a11296dfaed658d8fae25d
68209,ood_period,none,zero_residual_frequency,0.01691255935039493,0.01682524254891793,8.731680147699983e-05,116.89290823436039,116.9289656885881,-0.036057454227702124,0.002240478432551818,0.002221335544331682,-1.91428882201361e-05,1.1846746247400906,1.1790002632662249,0.005674361473865686,7.006809042839204e-05,4.587738755472616e-06,0.009900722511115923,9.898945402131886e-05,4,4,0,0,True,freq_hrl_no_leakage_v5,v5_u5_l3_h005_p01_macro,2039,7084,tuning_validation_mechanism_diagnostic,full_method_nested_hpo_v3,0c65097c9b86b900c22caf62144fb801532978cb,8aa8fb9172c7d3f5e4ef34220431f3e8643209fd68a11296dfaed658d8fae25d
68213,ood_period,none,zero_residual_frequency,0.03386101222505378,0.033870401180659204,-9.388955605427185e-06,159.67383135568554,159.72286006496188,-0.0490287092763424,0.0026456372640051296,0.0026436104894896895,-2.0267745154400885e-06,1.46427714305371,1.4640608540970494,0.000216288956660593,8.46856427278081e-05,2.114718562361535e-06,0.010468700535420795,0.00010466343114106947,4,4,0,0,True,freq_hrl_no_leakage_v5,v5_u5_l3_h005_p01_macro,2039,7084,tuning_validation_mechanism_diagnostic,full_method_nested_hpo_v3,0c65097c9b86b900c22caf62144fb801532978cb,8aa8fb9172c7d3f5e4ef34220431f3e8643209fd68a11296dfaed658d8fae25d
68219,ood_period,none,zero_residual_frequency,0.025185890448160553,0.025186133666178723,-2.4321801816995503e-07,139.33742686256755,139.32698025971385,0.01044660285370469,0.002420779554668906,0.0024232735012565954,2.493946587689422e-06,1.3109703163369784,1.3114313627323224,-0.0004610463953440558,5.3366533550171496e-05,1.1541874537446248e-05,0.00620891884666182,6.207991732312282e-05,4,4,0,0,True,freq_hrl_no_leakage_v5,v5_u5_l3_h005_p01_macro,2039,7084,tuning_validation_mechanism_diagnostic,full_method_nested_hpo_v3,0c65097c9b86b900c22caf62144fb801532978cb,8aa8fb9172c7d3f5e4ef34220431f3e8643209fd68a11296dfaed658d8fae25d
68227,ood_period,none,zero_residual_frequency,0.025708845507721456,0.025710446662487785,-1.6011547663286052e-06,132.52236526332388,132.52408050847913,-0.001715245155253342,0.0022290770026334172,0.0022296594968616024,5.824942281851264e-07,1.358453001167559,1.3581921312211684,0.00026086994639062944,6.238485945455393e-05,1.2442599100278895e-05,0.0071168711684650695,7.115784664196763e-05,4,4,0,0,True,freq_hrl_no_leakage_v5,v5_u5_l3_h005_p01_macro,2039,7084,tuning_validation_mechanism_diagnostic,full_method_nested_hpo_v3,0c65097c9b86b900c22caf62144fb801532978cb,8aa8fb9172c7d3f5e4ef34220431f3e8643209fd68a11296dfaed658d8fae25d
68207,ood_period,none,zero_residual_frequency,0.001969246168106231,0.00198119971793842,-1.195354983218877e-05,46.56775030925571,46.82751318336842,-0.2597628741127096,0.0019667568126986446,0.0019604614033311707,-6.295409367473859e-06,0.5350913833743822,0.5354611775834988,-0.00036979420911653627,1.0015021337556513e-05,-4.489532646777922e-06,0.0026424597424870118,2.6424436154512927e-05,4,4,0,0,True,freq_hrl_no_leakage_v5,v5_u5_l3_h005_p01_macro,2053,7098,tuning_validation_mechanism_diagnostic,full_method_nested_hpo_v3,0c65097c9b86b900c22caf62144fb801532978cb,8aa8fb9172c7d3f5e4ef34220431f3e8643209fd68a11296dfaed658d8fae25d
68209,ood_period,none,zero_residual_frequency,0.003643210772565908,0.0036871413157042454,-4.393054313833744e-05,71.80111229014108,72.61347455560222,-0.8123622654611466,0.0010454406871633903,0.0010399318301305138,-5.508857032876513e-06,0.5448537005750809,0.5452723773456565,-0.00041867677057561004,-1.2820738057959669e-05,-9.052949906732073e-06,0.0035490780176941276,3.5490056282016964e-05,4,4,0,0,True,freq_hrl_no_leakage_v5,v5_u5_l3_h005_p01_macro,2053,7098,tuning_validation_mechanism_diagnostic,full_method_nested_hpo_v3,0c65097c9b86b900c22caf62144fb801532978cb,8aa8fb9172c7d3f5e4ef34220431f3e8643209fd68a11296dfaed658d8fae25d
68213,ood_period,none,zero_residual_frequency,0.006413447283911022,0.006383103828653258,3.0343455257764163e-05,103.62256491057374,103.17682774156124,0.44573716901250293,0.0007879414605750368,0.0007885040110170438,5.625504420070371e-07,0.6849286867762087,0.6849310352140754,-2.3484378667282257e-06,-6.185343111189687e-07,-5.243817521720415e-06,0.0034880809238428704,3.488033568543661e-05,4,4,0,0,True,freq_hrl_no_leakage_v5,v5_u5_l3_h005_p01_macro,2053,7098,tuning_validation_mechanism_diagnostic,full_method_nested_hpo_v3,0c65097c9b86b900c22caf62144fb801532978cb,8aa8fb9172c7d3f5e4ef34220431f3e8643209fd68a11296dfaed658d8fae25d
68219,ood_period,none,zero_residual_frequency,0.002904417095411116,0.0029144188216880806,-1.0001726276964717e-05,76.37430401704711,76.63523535813142,-0.2609313410843157,0.0011747900964724778,0.0011736407013076544,-1.1493951648233747e-06,0.49965480341763835,0.4999115234335789,-0.00025672001594057026,7.585993178913741e-06,-3.0806314972196212e-06,0.0022529384833786833,2.252922543896735e-05,4,4,0,0,True,freq_hrl_no_leakage_v5,v5_u5_l3_h005_p01_macro,2053,7098,tuning_validation_mechanism_diagnostic,full_method_nested_hpo_v3,0c65097c9b86b900c22caf62144fb801532978cb,8aa8fb9172c7d3f5e4ef34220431f3e8643209fd68a11296dfaed658d8fae25d
68227,ood_period,none,zero_residual_frequency,0.002897646969277856,0.002907926056559429,-1.0279087281572785e-05,68.73920622578403,69.01884966932376,-0.2796434435397259,0.0009283823182116846,0.0009195467809652857,-8.83553724639885e-06,0.5433916509127257,0.5433311810519958,6.0469860729828184e-05,6.6911706826519745e-06,-3.7821850243616008e-06,0.003133700790987051,3.133668849555762e-05,4,4,0,0,True,freq_hrl_no_leakage_v5,v5_u5_l3_h005_p01_macro,2053,7098,tuning_validation_mechanism_diagnostic,full_method_nested_hpo_v3,0c65097c9b86b900c22caf62144fb801532978cb,8aa8fb9172c7d3f5e4ef34220431f3e8643209fd68a11296dfaed658d8fae25d
