{
 "exp": "H_hiro_no_tpc",
 "seed": 456,
 "ep": 149,
 "wait_mean": 5.50045,
 "wait_std": 2.806132667480281,
 "cv_mean": 0.498255,
 "cv_std": 0.08930504730976854,
 "overshoot_mean": 1.55,
 "overshoot_std": 1.3955285736952865,
 "composite_mean": 1.5089089743589745,
 "composite_std": 0.6714255106478929,
 "n_eps": 20,
 "wall_s": 1476.0
}