{
 "exp": "H_hiro_no_tpc",
 "seed": 42,
 "ep": 99,
 "wait_mean": 5.935950000000001,
 "wait_std": 2.0066445992003663,
 "cv_mean": 0.45527500000000004,
 "cv_std": 0.09304363962679017,
 "overshoot_mean": 1.65,
 "overshoot_std": 1.388344337691482,
 "composite_mean": 1.5338837362637365,
 "composite_std": 0.5495144843203983,
 "n_eps": 20,
 "wall_s": 1047.3
}