{
 "exp": "H_hiro_no_tpc",
 "seed": 456,
 "ep": 49,
 "wait_mean": 6.5676000000000005,
 "wait_std": 1.876323223754372,
 "cv_mean": 0.4960299999999999,
 "cv_std": 0.12905857236154444,
 "overshoot_mean": 2.05,
 "overshoot_std": 1.116915395184434,
 "composite_mean": 1.6961187545787548,
 "composite_std": 0.5727295220816552,
 "n_eps": 20,
 "wall_s": 1543.3
}