{
 "exp": "H_hiro_no_tpc",
 "seed": 123,
 "ep": 249,
 "wait_mean": 5.91345,
 "wait_std": 1.3931598427675123,
 "cv_mean": 0.5342549999999999,
 "cv_std": 0.09528517972381645,
 "overshoot_mean": 1.85,
 "overshoot_std": 1.2757350822173072,
 "composite_mean": 1.6408335164835162,
 "composite_std": 0.5312279992543923,
 "n_eps": 20,
 "wall_s": 1502.4
}