{
 "exp": "H_hiro_no_tpc",
 "seed": 456,
 "ep": 199,
 "wait_mean": 5.5331,
 "wait_std": 1.8951522603738202,
 "cv_mean": 0.52576,
 "cv_std": 0.07446853966608986,
 "overshoot_mean": 1.85,
 "overshoot_std": 1.2757350822173072,
 "composite_mean": 1.5943035164835166,
 "composite_std": 0.524804266375675,
 "n_eps": 20,
 "wall_s": 1367.0
}