{
 "exp": "H_hiro_no_tpc",
 "seed": 42,
 "ep": 299,
 "wait_mean": 6.2197000000000005,
 "wait_std": 2.3987406716858746,
 "cv_mean": 0.52847,
 "cv_std": 0.10729834155288702,
 "overshoot_mean": 1.9,
 "overshoot_std": 1.2206555615733703,
 "composite_mean": 1.6690068498168498,
 "composite_std": 0.6159456645554223,
 "n_eps": 20,
 "wall_s": 1470.5
}