{
 "exp": "H_hiro_no_tpc",
 "seed": 42,
 "ep": 149,
 "wait_mean": 5.05175,
 "wait_std": 1.397893911389559,
 "cv_mean": 0.44589,
 "cv_std": 0.09487749944006746,
 "overshoot_mean": 1.5,
 "overshoot_std": 1.4317821063276353,
 "composite_mean": 1.4078278205128205,
 "composite_std": 0.5232435101468206,
 "n_eps": 20,
 "wall_s": 1092.6
}