{
 "exp": "H_hiro_no_tpc",
 "seed": 123,
 "ep": 199,
 "wait_mean": 5.8682,
 "wait_std": 1.8892925289642153,
 "cv_mean": 0.4946999999999999,
 "cv_std": 0.07642542116337993,
 "overshoot_mean": 1.7,
 "overshoot_std": 1.307669683062202,
 "composite_mean": 1.560810293040293,
 "composite_std": 0.505323216835438,
 "n_eps": 20,
 "wall_s": 1460.0
}