{
  "generalization": {
    "0.5": {
      "avg_reward": [
        -0.7717858890457672,
        -0.7663278318472949,
        -0.7758319939232629
      ],
      "avg_wait": [
        34.56507764036509,
        36.34541042651518,
        33.39572468043264
      ],
      "peak_fleet": [
        14.0,
        14.0,
        14.0
      ],
      "headway_cv": [
        0.35146370077058786,
        0.5108428436320899,
        0.3258634648728529
      ]
    },
    "1.5": {
      "avg_reward": [
        -0.8313087590308802,
        -0.82686904606103,
        -0.8205825682412454
      ],
      "avg_wait": [
        35.446417880662544,
        34.42388002586332,
        33.74635067114094
      ],
      "peak_fleet": [
        14.0,
        14.0,
        15.0
      ],
      "headway_cv": [
        0.49599681014067293,
        0.414189990922157,
        0.5658243914160438
      ]
    },
    "3.0": {
      "avg_reward": [
        -0.9362530539152883,
        -0.9029793125401575,
        -0.9007239362412752
      ],
      "avg_wait": [
        38.34733225810681,
        36.719494580053535,
        36.0540128823204
      ],
      "peak_fleet": [
        17.0,
        16.0,
        17.0
      ],
      "headway_cv": [
        0.8458721473295808,
        0.6895141624685653,
        0.560032119784782
      ]
    }
  },
  "fixed_timetable": {
    "avg_reward": [
      -0.9570073845077776,
      -0.9388176699626873,
      -0.9094854300781426
    ],
    "avg_wait": [
      12.984451852501682,
      9.567137360297249,
      8.70552494779402
    ],
    "peak_fleet": [
      12.0,
      12.0,
      12.0
    ],
    "headway_cv": [
      0.5937884689198394,
      0.571991873087507,
      0.6554487508110429
    ]
  },
  "upper_params": [
    332.6486511230469,
    630.623046875,
    250.67124938964844
  ]
}