{
 "exp": "H_tpc",
 "seed": 42,
 "ep": 49,
 "wait_mean": 6.3241,
 "wait_std": 2.298225421928841,
 "cv_mean": 0.46519000000000005,
 "cv_std": 0.11325247856007391,
 "overshoot_mean": 1.9,
 "overshoot_std": 1.3,
 "composite_mean": 1.6306906593406592,
 "composite_std": 0.630843793385782,
 "n_eps": 20,
 "wall_s": 624.5
}