{
 "exp": "H_tpc",
 "seed": 123,
 "ep": 199,
 "wait_mean": 5.98125,
 "wait_std": 3.0051461507720383,
 "cv_mean": 0.5317100000000001,
 "cv_std": 0.05087105168954147,
 "overshoot_mean": 1.7,
 "overshoot_std": 1.307669683062202,
 "composite_mean": 1.6091252930402926,
 "composite_std": 0.6349163163683639,
 "n_eps": 20,
 "wall_s": 734.7
}