{
 "exp": "H_tpc",
 "seed": 456,
 "ep": 149,
 "wait_mean": 5.59915,
 "wait_std": 1.3635903077904301,
 "cv_mean": 0.45611499999999994,
 "cv_std": 0.09777034967207594,
 "overshoot_mean": 1.55,
 "overshoot_std": 1.3955285736952865,
 "composite_mean": 1.476638974358974,
 "composite_std": 0.47247929319713655,
 "n_eps": 20,
 "wall_s": 673.0
}