{
 "exp": "H_tpc",
 "seed": 123,
 "ep": 149,
 "wait_mean": 5.879049999999999,
 "wait_std": 2.215649080405108,
 "cv_mean": 0.4612299999999999,
 "cv_std": 0.05407464378061127,
 "overshoot_mean": 1.6,
 "overshoot_std": 1.392838827718412,
 "composite_mean": 1.521282435897436,
 "composite_std": 0.6097582874677621,
 "n_eps": 20,
 "wall_s": 760.5
}