{
 "exp": "H_tpc",
 "seed": 42,
 "ep": 99,
 "wait_mean": 8.73705,
 "wait_std": 4.332153626950458,
 "cv_mean": 0.556845,
 "cv_std": 0.13964864294005866,
 "overshoot_mean": 2.45,
 "overshoot_std": 0.8046738469715541,
 "composite_mean": 2.059721245421246,
 "composite_std": 0.7345174778050938,
 "n_eps": 20,
 "wall_s": 674.8
}