{
 "exp": "H_tpc",
 "seed": 123,
 "ep": 249,
 "wait_mean": 7.191099999999999,
 "wait_std": 3.311021124970362,
 "cv_mean": 0.53939,
 "cv_std": 0.11032922504939478,
 "overshoot_mean": 1.95,
 "overshoot_std": 1.1608186766243898,
 "composite_mean": 1.7804001831501832,
 "composite_std": 0.6913895011774078,
 "n_eps": 20,
 "wall_s": 747.7
}