{
 "exp": "H_tpc",
 "seed": 42,
 "ep": 149,
 "wait_mean": 8.888499999999999,
 "wait_std": 3.819825460672255,
 "cv_mean": 0.520135,
 "cv_std": 0.12091634411856819,
 "overshoot_mean": 2.75,
 "overshoot_std": 0.5361902647381804,
 "composite_mean": 2.121519340659341,
 "composite_std": 0.6407485586720686,
 "n_eps": 20,
 "wall_s": 670.6
}