{
 "exp": "H_tpc",
 "seed": 42,
 "ep": 199,
 "wait_mean": 8.93685,
 "wait_std": 5.508685417365926,
 "cv_mean": 0.567215,
 "cv_std": 0.11447002784572038,
 "overshoot_mean": 2.8,
 "overshoot_std": 0.5099019513592784,
 "composite_mean": 2.190101007326007,
 "composite_std": 0.8134604031664534,
 "n_eps": 20,
 "wall_s": 732.0
}