{
 "exp": "H_tpc",
 "seed": 42,
 "ep": 299,
 "wait_mean": 5.8119,
 "wait_std": 1.8979891701482385,
 "cv_mean": 0.5619000000000002,
 "cv_std": 0.08694310208406417,
 "overshoot_mean": 2.05,
 "overshoot_std": 1.2031209415515967,
 "composite_mean": 1.702316190476191,
 "composite_std": 0.520022909401074,
 "n_eps": 20,
 "wall_s": 738.7
}