seed,variant,status,ep_reward,avg_wait_min,headway_cv,score,upper_plan_decisions,upper_plan_reuse_ratio,upper_plan_target_mean,upper_plan_target_std,terminal_launch_shift_mean,terminal_launch_shift_std,freq_promotion_strength,shared_ppo_lower_samples,shared_ppo_gate_evaluations,shared_ppo_gate_replans,shared_ppo_gate_value_mean,shared_ppo_wait_replan_count,shared_ppo_wait_replan_pressure_mean,shared_ppo_wait_replan_shift_pressure_mean,shared_ppo_wait_replan_gap_ratio_mean,shared_ppo_wait_replan_same_hold_mean,shared_ppo_wait_replan_same_wait_mean,shared_ppo_wait_replan_shift_mean_s,shared_ppo_wait_replan_shift_abs_mean_s,shared_ppo_wait_replan_actor_base_used_mean,shared_ppo_wait_replan_base_delta_abs_mean_s,shared_ppo_wait_replan_final_delta_abs_mean_s,shared_ppo_loss
201,interval_only,supported_native_episode_loop,-18997.869,5.2,0.5484,-6.2968,66.0,0.7480916030534351,334.5140595732603,8.467248306683421,-44.43511450381679,4.462907751407808,0.0,4971.0,0.0,0.0,0.0,0.0,0.0,0.0,0.0,0.0,0.0,0.0,0.0,0.0,0.0,0.0,35762.14006347656
211,interval_only,supported_native_episode_loop,-4480.738,11.154,0.5876,-12.3292,66.0,0.7480916030534351,341.41418134685387,5.663341582661834,-44.458015267175576,4.408111090827894,0.8461538461538461,4970.0,0.0,0.0,0.0,0.0,0.0,0.0,0.0,0.0,0.0,0.0,0.0,0.0,0.0,0.0,1105.9960388183595
221,interval_only,supported_native_episode_loop,-18410.618,4.739,0.4495,-5.638,66.0,0.7480916030534351,343.38586411953884,6.331430069422512,-44.33969465648855,4.749755789452452,0.0,4972.0,0.0,0.0,0.0,0.0,0.0,0.0,0.0,0.0,0.0,0.0,0.0,0.0,0.0,0.0,73513.49951171875
231,interval_only,supported_native_episode_loop,-10209.799,4.383,0.5879,-5.5588,66.0,0.7480916030534351,334.9926582292405,9.945916610137438,-44.49236641221374,4.290716382126527,0.8461538461538461,4970.0,0.0,0.0,0.0,0.0,0.0,0.0,0.0,0.0,0.0,0.0,0.0,0.0,0.0,0.0,2900.4987670898436
241,interval_only,supported_native_episode_loop,-2798.204,8.529,0.478,-9.485,66.0,0.7480916030534351,325.4533467994088,7.277948902712453,-44.38931297709924,4.640631240103601,1.0,4970.0,0.0,0.0,0.0,0.0,0.0,0.0,0.0,0.0,0.0,0.0,0.0,0.0,0.0,0.0,11356.06664428711
251,interval_only,supported_native_episode_loop,-2551.573,3.779,0.3801,-4.5392,66.0,0.7480916030534351,343.2584656543935,6.796729871493199,-44.19847328244275,4.718681157654837,1.0,4970.0,0.0,0.0,0.0,0.0,0.0,0.0,0.0,0.0,0.0,0.0,0.0,0.0,0.0,0.0,114.54584484100342
261,interval_only,supported_native_episode_loop,-2722.077,7.324,0.4328,-8.1896,66.0,0.7480916030534351,340.98051314994353,7.358130382871196,-44.52671755725191,4.198015242190195,1.0,4971.0,0.0,0.0,0.0,0.0,0.0,0.0,0.0,0.0,0.0,0.0,0.0,0.0,0.0,0.0,7606.185885620117
271,interval_only,supported_native_episode_loop,-19905.315,19.487,0.4719,-20.430799999999998,66.0,0.7480916030534351,334.2909146284633,4.187557894436526,-44.530534351145036,4.1724540736731415,0.0,4970.0,0.0,0.0,0.0,0.0,0.0,0.0,0.0,0.0,0.0,0.0,0.0,0.0,0.0,0.0,60133.03330078125
281,interval_only,supported_native_episode_loop,-15383.061,4.472,0.6889,-5.8498,66.0,0.7480916030534351,335.30071079627857,5.529421193829805,-44.538167938931295,4.134715401658565,0.0,4972.0,0.0,0.0,0.0,0.0,0.0,0.0,0.0,0.0,0.0,0.0,0.0,0.0,0.0,0.0,31417.998693847658
291,interval_only,supported_native_episode_loop,-11419.763,5.493,0.6386,-6.7702,66.0,0.7480916030534351,346.71721499390503,5.191315560493146,-44.42748091603053,4.483269210578515,0.0,4971.0,0.0,0.0,0.0,0.0,0.0,0.0,0.0,0.0,0.0,0.0,0.0,0.0,0.0,0.0,47709.92119140625
301,interval_only,supported_native_episode_loop,-3065.801,6.321,0.5195,-7.359999999999999,66.0,0.7480916030534351,347.15645218005847,12.910316577262098,-34.43893129770992,14.88563564232969,0.5384615384615384,4971.0,0.0,0.0,0.0,0.0,0.0,0.0,0.0,0.0,0.0,0.0,0.0,0.0,0.0,0.0,3258.271447753906
311,interval_only,supported_native_episode_loop,-13102.942,5.543,0.5485,-6.640000000000001,66.0,0.7480916030534351,346.57637223299525,10.808482379968723,-39.603053435114504,15.582177815879726,0.0,4971.0,0.0,0.0,0.0,0.0,0.0,0.0,0.0,0.0,0.0,0.0,0.0,0.0,0.0,0.0,80882.96618652344
321,interval_only,supported_native_episode_loop,-2834.073,4.792,0.5859,-5.9638,66.0,0.7480916030534351,331.0907001039151,4.650877108475851,-44.50381679389313,4.277357473815105,0.0,4970.0,0.0,0.0,0.0,0.0,0.0,0.0,0.0,0.0,0.0,0.0,0.0,0.0,0.0,0.0,47475.86353759766
331,interval_only,supported_native_episode_loop,-3807.758,5.667,0.4203,-6.5076,66.0,0.7480916030534351,343.89845231977733,6.764156573471823,-44.19083969465649,5.139451516488187,0.0,4971.0,0.0,0.0,0.0,0.0,0.0,0.0,0.0,0.0,0.0,0.0,0.0,0.0,0.0,0.0,620.1403221130371
341,interval_only,supported_native_episode_loop,-17455.41,14.918,0.5155,-15.949,66.0,0.7480916030534351,329.24539121986953,4.910453725115944,-44.538167938931295,4.160482172865041,0.0,4971.0,0.0,0.0,0.0,0.0,0.0,0.0,0.0,0.0,0.0,0.0,0.0,0.0,0.0,0.0,15822.397619628906
351,interval_only,supported_native_episode_loop,-16912.506,5.247,0.4707,-6.1884,66.0,0.7480916030534351,340.43839673641077,6.003167162696262,-44.30534351145038,4.750079356140639,0.0,4970.0,0.0,0.0,0.0,0.0,0.0,0.0,0.0,0.0,0.0,0.0,0.0,0.0,0.0,0.0,4205.492901611328
361,interval_only,supported_native_episode_loop,-3024.825,5.679,0.3388,-6.3566,66.0,0.7480916030534351,334.68928714320253,4.60989385336234,-44.469465648854964,4.372561796136647,0.0,4970.0,0.0,0.0,0.0,0.0,0.0,0.0,0.0,0.0,0.0,0.0,0.0,0.0,0.0,0.0,882.7835144042969
371,interval_only,supported_native_episode_loop,-2620.089,8.455,0.3905,-9.236,66.0,0.7480916030534351,345.5290591322815,6.10818796500646,-44.25190839694657,4.982172050697761,0.0,4970.0,0.0,0.0,0.0,0.0,0.0,0.0,0.0,0.0,0.0,0.0,0.0,0.0,0.0,0.0,4697.726427459716
381,interval_only,supported_native_episode_loop,-19745.804,30.258,0.605,-31.468,66.0,0.7480916030534351,343.4254576376073,8.471993995773094,-44.26335877862596,4.6744507144652765,0.0,4971.0,0.0,0.0,0.0,0.0,0.0,0.0,0.0,0.0,0.0,0.0,0.0,0.0,0.0,0.0,103340.421484375
391,interval_only,supported_native_episode_loop,-14607.586,5.777,0.6161,-7.0092,66.0,0.7480916030534351,337.1279697521725,11.709158045000505,-43.95038167938932,5.318968993332332,0.8461538461538461,4971.0,0.0,0.0,0.0,0.0,0.0,0.0,0.0,0.0,0.0,0.0,0.0,0.0,0.0,0.0,1362.102310180664
401,interval_only,supported_native_episode_loop,-2754.551,5.077,0.3706,-5.8182,66.0,0.7480916030534351,345.6708123907068,5.325494002055849,-44.23664122137404,4.64352468961172,0.0,4970.0,0.0,0.0,0.0,0.0,0.0,0.0,0.0,0.0,0.0,0.0,0.0,0.0,0.0,0.0,47096.281909179685
411,interval_only,supported_native_episode_loop,-20649.724,16.569,0.5165,-17.602,66.0,0.7480916030534351,338.2202395198,8.440823688818112,-44.47709923664122,4.3682418229466045,0.23076923076923078,4970.0,0.0,0.0,0.0,0.0,0.0,0.0,0.0,0.0,0.0,0.0,0.0,0.0,0.0,0.0,52974.818603515625
421,interval_only,supported_native_episode_loop,-2844.59,4.172,0.5253,-5.2226,66.0,0.7480916030534351,342.3742865893677,7.903812660658103,-44.274809160305345,4.851305695203409,0.0,4970.0,0.0,0.0,0.0,0.0,0.0,0.0,0.0,0.0,0.0,0.0,0.0,0.0,0.0,0.0,2489.655642700195
431,interval_only,supported_native_episode_loop,-9106.576,5.04,0.4311,-5.9022,66.0,0.7480916030534351,339.5258826712843,9.699268743482872,-44.50381679389313,4.240614325727498,1.0,4972.0,0.0,0.0,0.0,0.0,0.0,0.0,0.0,0.0,0.0,0.0,0.0,0.0,0.0,0.0,19080.38410644531
441,interval_only,supported_native_episode_loop,-19724.943,40.103,0.2776,-40.6582,66.0,0.7480916030534351,343.4237148128393,9.03064989669402,-44.36259541984733,4.662892917817485,0.0,4971.0,0.0,0.0,0.0,0.0,0.0,0.0,0.0,0.0,0.0,0.0,0.0,0.0,0.0,0.0,47359.596435546875
451,interval_only,supported_native_episode_loop,-2704.577,4.44,0.4856,-5.4112,66.0,0.7480916030534351,346.8749451432709,4.364217517095395,-44.19465648854962,5.25570301624597,1.0,4970.0,0.0,0.0,0.0,0.0,0.0,0.0,0.0,0.0,0.0,0.0,0.0,0.0,0.0,0.0,32336.160388183594
461,interval_only,supported_native_episode_loop,-19093.921,6.143,0.3428,-6.8286,66.0,0.7480916030534351,350.0373791874972,6.445714676179932,-44.416030534351144,4.493274308823671,0.5384615384615384,4970.0,0.0,0.0,0.0,0.0,0.0,0.0,0.0,0.0,0.0,0.0,0.0,0.0,0.0,0.0,13859.344262695313
471,interval_only,supported_native_episode_loop,-19841.365,9.301,0.4813,-10.2636,66.0,0.7480916030534351,337.764455010175,6.946568033790847,-44.270992366412216,4.901222601012377,0.0,4971.0,0.0,0.0,0.0,0.0,0.0,0.0,0.0,0.0,0.0,0.0,0.0,0.0,0.0,0.0,3346.537322998047
481,interval_only,supported_native_episode_loop,-3102.591,5.214,0.4491,-6.1122000000000005,66.0,0.7480916030534351,341.16953292031025,6.919706041153595,-44.20992366412214,4.915877919493491,0.0,4970.0,0.0,0.0,0.0,0.0,0.0,0.0,0.0,0.0,0.0,0.0,0.0,0.0,0.0,0.0,11339.796096801758
491,interval_only,supported_native_episode_loop,-14474.477,5.186,0.57,-6.326,66.0,0.7480916030534351,338.0536445509538,5.363466777280714,-44.267175572519086,4.979843995657164,0.6923076923076924,4970.0,0.0,0.0,0.0,0.0,0.0,0.0,0.0,0.0,0.0,0.0,0.0,0.0,0.0,0.0,4692.1067565917965
501,interval_only,supported_native_episode_loop,-3119.134,4.7,0.4577,-5.6154,66.0,0.7480916030534351,332.93125294656244,10.022646769835905,-44.35496183206107,4.7566701057279985,0.3846153846153846,4972.0,0.0,0.0,0.0,0.0,0.0,0.0,0.0,0.0,0.0,0.0,0.0,0.0,0.0,0.0,23773.35789794922
511,interval_only,supported_native_episode_loop,-2709.404,5.706,0.4824,-6.670800000000001,66.0,0.7480916030534351,339.70220589935406,5.413347004373555,-44.1412213740458,5.308704794942783,0.0,4970.0,0.0,0.0,0.0,0.0,0.0,0.0,0.0,0.0,0.0,0.0,0.0,0.0,0.0,0.0,763.1241424560546
521,interval_only,supported_native_episode_loop,-18714.49,5.816,0.6446,-7.1052,66.0,0.7480916030534351,331.7239937807787,13.678025107903055,-44.461832061068705,4.34447895689587,0.0,4972.0,0.0,0.0,0.0,0.0,0.0,0.0,0.0,0.0,0.0,0.0,0.0,0.0,0.0,0.0,31993.6990234375
531,interval_only,supported_native_episode_loop,-2824.355,7.353,0.5181,-8.389199999999999,66.0,0.7480916030534351,340.6719429763522,5.956349413399539,-44.41984732824427,4.481436176684767,0.0,4971.0,0.0,0.0,0.0,0.0,0.0,0.0,0.0,0.0,0.0,0.0,0.0,0.0,0.0,0.0,11713.866387939453
541,interval_only,supported_native_episode_loop,-15310.671,6.123,0.6089,-7.3408,66.0,0.7480916030534351,337.1873188003025,6.772198203509418,-44.396946564885496,4.5920265933230295,1.0,4972.0,0.0,0.0,0.0,0.0,0.0,0.0,0.0,0.0,0.0,0.0,0.0,0.0,0.0,0.0,35323.07707519531
551,interval_only,supported_native_episode_loop,-2702.971,6.565,0.4744,-7.513800000000001,66.0,0.7480916030534351,343.42007783601304,6.842035190603947,-44.05343511450382,4.780387695637148,0.9732971731083753,4970.0,0.0,0.0,0.0,0.0,0.0,0.0,0.0,0.0,0.0,0.0,0.0,0.0,0.0,0.0,9767.875839233398
561,interval_only,supported_native_episode_loop,-9312.926,4.891,0.3895,-5.67,66.0,0.7480916030534351,335.6276712290355,6.856030707669428,-44.465648854961835,4.372533476883643,1.0,4970.0,0.0,0.0,0.0,0.0,0.0,0.0,0.0,0.0,0.0,0.0,0.0,0.0,0.0,0.0,47705.1046875
571,interval_only,supported_native_episode_loop,-8763.262,3.613,0.4997,-4.6124,66.0,0.7480916030534351,329.8693081921293,4.272634349656671,-44.54961832061068,4.126277253949163,0.0,4970.0,0.0,0.0,0.0,0.0,0.0,0.0,0.0,0.0,0.0,0.0,0.0,0.0,0.0,0.0,6297.144787597656
581,interval_only,supported_native_episode_loop,-18925.051,6.076,0.3642,-6.804399999999999,66.0,0.7480916030534351,339.36119988339243,5.155822089123099,-44.5,4.281818476494403,0.0,4971.0,0.0,0.0,0.0,0.0,0.0,0.0,0.0,0.0,0.0,0.0,0.0,0.0,0.0,0.0,64555.8052734375
591,interval_only,supported_native_episode_loop,-18440.731,4.487,0.5168,-5.5206,66.0,0.7480916030534351,340.6066428488751,4.586588636742459,-44.534351145038165,4.1614327206997945,0.3846153846153846,4970.0,0.0,0.0,0.0,0.0,0.0,0.0,0.0,0.0,0.0,0.0,0.0,0.0,0.0,0.0,8694.177954101562
601,interval_only,supported_native_episode_loop,-13169.16,5.922,0.5112,-6.9444,66.0,0.7480916030534351,345.0388983543289,4.997172804065277,-44.33206106870229,4.796671351816728,1.0,4971.0,0.0,0.0,0.0,0.0,0.0,0.0,0.0,0.0,0.0,0.0,0.0,0.0,0.0,0.0,7473.913775634765
611,interval_only,supported_native_episode_loop,-9286.583,5.525,0.5976,-6.7202,66.0,0.7480916030534351,348.3116418481707,6.830011619643055,-44.36641221374046,4.498016707768245,0.23076923076923078,4972.0,0.0,0.0,0.0,0.0,0.0,0.0,0.0,0.0,0.0,0.0,0.0,0.0,0.0,0.0,8548.796124267577
621,interval_only,supported_native_episode_loop,-3025.812,5.312,0.4356,-6.1832,66.0,0.7480916030534351,333.4725587502691,5.724692615023479,-44.14885496183206,5.3756571252808,0.0,4971.0,0.0,0.0,0.0,0.0,0.0,0.0,0.0,0.0,0.0,0.0,0.0,0.0,0.0,0.0,4288.632931518555
631,interval_only,supported_native_episode_loop,-3825.939,6.027,0.4097,-6.8464,66.0,0.7480916030534351,350.25928282684265,13.48953121575323,-9.641221374045802,38.92115119985515,1.0,4970.0,0.0,0.0,0.0,0.0,0.0,0.0,0.0,0.0,0.0,0.0,0.0,0.0,0.0,0.0,12346.413037109374
641,interval_only,supported_native_episode_loop,-17614.726,6.913,0.4372,-7.7874,66.0,0.7480916030534351,339.68209668603413,15.902224749492543,-38.916030534351144,13.677327407308097,1.0,4970.0,0.0,0.0,0.0,0.0,0.0,0.0,0.0,0.0,0.0,0.0,0.0,0.0,0.0,0.0,7181.364147949219
651,interval_only,supported_native_episode_loop,-18256.062,4.818,0.7198,-6.2576,66.0,0.7480916030534351,334.1772224022308,6.325217849365166,-44.30916030534351,4.957051425686204,0.8461538461538461,4971.0,0.0,0.0,0.0,0.0,0.0,0.0,0.0,0.0,0.0,0.0,0.0,0.0,0.0,0.0,28651.9646484375
661,interval_only,supported_native_episode_loop,-18975.947,7.267,0.4217,-8.1104,66.0,0.7480916030534351,339.70614435208284,4.932110443969375,-44.39312977099237,4.535907474447344,0.0,4970.0,0.0,0.0,0.0,0.0,0.0,0.0,0.0,0.0,0.0,0.0,0.0,0.0,0.0,0.0,18823.75802001953
671,interval_only,supported_native_episode_loop,-14958.885,28.323,0.4986,-29.3202,66.0,0.7480916030534351,341.5089482992205,5.522473685474318,-44.47328244274809,4.35246397580544,0.5384615384615384,4971.0,0.0,0.0,0.0,0.0,0.0,0.0,0.0,0.0,0.0,0.0,0.0,0.0,0.0,0.0,106727.18935546876
681,interval_only,supported_native_episode_loop,-18409.773,17.33,0.5711,-18.472199999999997,66.0,0.7480916030534351,338.59159250611265,4.886159782476476,-44.461832061068705,4.383834948682797,0.0,4971.0,0.0,0.0,0.0,0.0,0.0,0.0,0.0,0.0,0.0,0.0,0.0,0.0,0.0,0.0,14174.621716308593
691,interval_only,supported_native_episode_loop,-11018.262,4.069,0.6297,-5.3284,66.0,0.7480916030534351,337.2545020176254,4.910111686501213,-44.43129770992366,4.493533674162735,0.0,4970.0,0.0,0.0,0.0,0.0,0.0,0.0,0.0,0.0,0.0,0.0,0.0,0.0,0.0,0.0,14572.330773925782
701,interval_only,supported_native_episode_loop,-2838.217,4.634,0.4631,-5.5602,66.0,0.7480916030534351,346.7656806216137,7.805148244011808,-43.33969465648855,6.2458435570246555,0.0,4971.0,0.0,0.0,0.0,0.0,0.0,0.0,0.0,0.0,0.0,0.0,0.0,0.0,0.0,0.0,471.0700340270996
711,interval_only,supported_native_episode_loop,-5632.91,7.603,0.4253,-8.4536,66.0,0.7480916030534351,346.7567979277071,4.616042367446713,-44.343511450381676,4.678635855807003,1.0,4970.0,0.0,0.0,0.0,0.0,0.0,0.0,0.0,0.0,0.0,0.0,0.0,0.0,0.0,0.0,5596.381311035157
721,interval_only,supported_native_episode_loop,-7854.993,5.301,0.6006,-6.5022,66.0,0.7480916030534351,341.72661081003474,6.706043760588888,-44.31679389312977,4.88130336542467,0.8461538461538461,4970.0,0.0,0.0,0.0,0.0,0.0,0.0,0.0,0.0,0.0,0.0,0.0,0.0,0.0,0.0,7679.447863769531
731,interval_only,supported_native_episode_loop,-15801.68,4.31,0.6711,-5.6522,66.0,0.7480916030534351,346.8998312273098,5.027738474928736,-44.091603053435115,5.359518010799318,0.0,4971.0,0.0,0.0,0.0,0.0,0.0,0.0,0.0,0.0,0.0,0.0,0.0,0.0,0.0,0.0,67824.49693603515
741,interval_only,supported_native_episode_loop,-18201.119,5.629,0.5186,-6.6662,66.0,0.7480916030534351,336.81764576768757,5.44208858468173,-44.270992366412216,5.009822238616569,0.0,4970.0,0.0,0.0,0.0,0.0,0.0,0.0,0.0,0.0,0.0,0.0,0.0,0.0,0.0,0.0,80914.71162109375
751,interval_only,supported_native_episode_loop,-17203.965,4.775,0.4829,-5.7408,66.0,0.7480916030534351,336.04816377272135,7.6742513323778265,-44.545801526717554,4.1447798409655,0.0,4971.0,0.0,0.0,0.0,0.0,0.0,0.0,0.0,0.0,0.0,0.0,0.0,0.0,0.0,0.0,5191.7990234375
761,interval_only,supported_native_episode_loop,-19436.661,26.361,0.4319,-27.224800000000002,66.0,0.7480916030534351,349.5940999709922,5.2999299406089015,-44.33587786259542,4.668573980133893,1.0,4971.0,0.0,0.0,0.0,0.0,0.0,0.0,0.0,0.0,0.0,0.0,0.0,0.0,0.0,0.0,60665.15092773437
771,interval_only,supported_native_episode_loop,-5719.848,4.133,0.4006,-4.9342,66.0,0.7480916030534351,344.47406896638273,7.358554056902102,-44.33206106870229,4.804621934679346,0.0,4971.0,0.0,0.0,0.0,0.0,0.0,0.0,0.0,0.0,0.0,0.0,0.0,0.0,0.0,0.0,3311.347578430176
781,interval_only,supported_native_episode_loop,-3224.858,11.102,0.4212,-11.9444,66.0,0.7480916030534351,347.8775275863233,4.930254705683251,-44.24045801526717,4.798159294422132,0.0,4971.0,0.0,0.0,0.0,0.0,0.0,0.0,0.0,0.0,0.0,0.0,0.0,0.0,0.0,0.0,1882.5701400756836
791,interval_only,supported_native_episode_loop,-9332.058,13.522,0.4875,-14.497,66.0,0.7480916030534351,336.9834898769476,5.77669443409575,-44.530534351145036,4.1724540736731415,0.0,4971.0,0.0,0.0,0.0,0.0,0.0,0.0,0.0,0.0,0.0,0.0,0.0,0.0,0.0,0.0,4185.583251953125
801,interval_only,supported_native_episode_loop,-20498.446,20.955,0.6869,-22.328799999999998,66.0,0.7480916030534351,333.1309061341613,4.665664711742581,-44.5,4.256786229966639,1.0,4971.0,0.0,0.0,0.0,0.0,0.0,0.0,0.0,0.0,0.0,0.0,0.0,0.0,0.0,0.0,16712.04208984375
811,interval_only,supported_native_episode_loop,-2678.923,7.686,0.2857,-8.2574,66.0,0.7480916030534351,351.9976217044295,4.184548778720296,-43.9236641221374,5.899434984733239,0.0,4971.0,0.0,0.0,0.0,0.0,0.0,0.0,0.0,0.0,0.0,0.0,0.0,0.0,0.0,0.0,1693.747947692871
821,interval_only,supported_native_episode_loop,-11050.38,5.864,0.5635,-6.991,66.0,0.7480916030534351,333.2661911437833,4.279024199750071,-44.52290076335878,4.193489408312964,1.0,4971.0,0.0,0.0,0.0,0.0,0.0,0.0,0.0,0.0,0.0,0.0,0.0,0.0,0.0,0.0,6250.26259765625
831,interval_only,supported_native_episode_loop,-17933.715,4.229,0.5204,-5.2698,66.0,0.7480916030534351,336.5850292096611,9.33409880249232,-44.48854961832061,4.347266250253307,0.0,4970.0,0.0,0.0,0.0,0.0,0.0,0.0,0.0,0.0,0.0,0.0,0.0,0.0,0.0,0.0,177057.10869140626
841,interval_only,supported_native_episode_loop,-18868.331,4.779,0.3592,-5.4974,66.0,0.7480916030534351,343.3240965665448,4.610912828528685,-44.47328244274809,4.331366591944611,1.0,4970.0,0.0,0.0,0.0,0.0,0.0,0.0,0.0,0.0,0.0,0.0,0.0,0.0,0.0,0.0,2570.891940307617
851,interval_only,supported_native_episode_loop,-2679.694,5.147,0.4189,-5.9848,66.0,0.7480916030534351,339.2115615347348,5.778509539243173,-44.43511450381679,4.458629571812913,0.3846153846153846,4971.0,0.0,0.0,0.0,0.0,0.0,0.0,0.0,0.0,0.0,0.0,0.0,0.0,0.0,0.0,18768.384075927734
861,interval_only,supported_native_episode_loop,-13621.598,5.652,0.4254,-6.502800000000001,66.0,0.7480916030534351,344.5323011438355,5.450545589847783,-43.774809160305345,6.271744993933007,0.0,4970.0,0.0,0.0,0.0,0.0,0.0,0.0,0.0,0.0,0.0,0.0,0.0,0.0,0.0,0.0,45542.137890625
871,interval_only,supported_native_episode_loop,-18756.759,4.313,0.7053,-5.723599999999999,66.0,0.7480916030534351,339.79775872068245,6.6061276589763445,-44.31679389312977,4.823094136456701,0.0,4971.0,0.0,0.0,0.0,0.0,0.0,0.0,0.0,0.0,0.0,0.0,0.0,0.0,0.0,0.0,7135.2659362792965
881,interval_only,supported_native_episode_loop,-2684.396,4.151,0.5459,-5.2428,66.0,0.7480916030534351,338.0672090793991,4.021091023331115,-44.16030534351145,5.363599101966206,1.0,4971.0,0.0,0.0,0.0,0.0,0.0,0.0,0.0,0.0,0.0,0.0,0.0,0.0,0.0,0.0,11237.626342773438
891,interval_only,supported_native_episode_loop,-18534.509,6.106,0.3397,-6.7854,66.0,0.7480916030534351,342.99862046848517,9.53420926052645,-44.17557251908397,5.077236905629482,0.6923076923076924,4970.0,0.0,0.0,0.0,0.0,0.0,0.0,0.0,0.0,0.0,0.0,0.0,0.0,0.0,0.0,113043.9609375
901,interval_only,supported_native_episode_loop,-17958.594,35.004,0.7281,-36.4602,66.0,0.7480916030534351,341.3040434288615,8.71965940631172,-44.091603053435115,5.556030190344652,0.23076923076923078,4970.0,0.0,0.0,0.0,0.0,0.0,0.0,0.0,0.0,0.0,0.0,0.0,0.0,0.0,0.0,14889.90037841797
911,interval_only,supported_native_episode_loop,-19058.164,8.749,0.3072,-9.3634,66.0,0.7480916030534351,337.5659474569461,5.939576466119926,-44.267175572519086,5.115944880724324,1.0,4971.0,0.0,0.0,0.0,0.0,0.0,0.0,0.0,0.0,0.0,0.0,0.0,0.0,0.0,0.0,50142.37985839844
921,interval_only,supported_native_episode_loop,-3013.722,5.627,0.4984,-6.6238,66.0,0.7480916030534351,337.779162808593,5.543299553053171,-44.39312977099237,4.611844870038118,0.0,4971.0,0.0,0.0,0.0,0.0,0.0,0.0,0.0,0.0,0.0,0.0,0.0,0.0,0.0,0.0,545.1599884033203
931,interval_only,supported_native_episode_loop,-4212.97,5.715,0.4507,-6.6164,66.0,0.7480916030534351,341.025904688277,4.895556650641902,-44.416030534351144,4.514460511400152,1.0,4972.0,0.0,0.0,0.0,0.0,0.0,0.0,0.0,0.0,0.0,0.0,0.0,0.0,0.0,0.0,70265.25180664062
941,interval_only,supported_native_episode_loop,-19372.701,9.515,0.5105,-10.536000000000001,66.0,0.7480916030534351,347.48170725607696,5.35682799210076,-43.721374045801525,6.15284341434623,0.0,4970.0,0.0,0.0,0.0,0.0,0.0,0.0,0.0,0.0,0.0,0.0,0.0,0.0,0.0,0.0,6486.610607910156
951,interval_only,supported_native_episode_loop,-3102.092,4.058,0.5676,-5.1932,66.0,0.7480916030534351,340.23058368898074,12.964002807698844,-44.26335877862596,4.736905713808004,0.0,4970.0,0.0,0.0,0.0,0.0,0.0,0.0,0.0,0.0,0.0,0.0,0.0,0.0,0.0,0.0,95734.7302734375
961,interval_only,supported_native_episode_loop,-12607.949,3.961,0.5826,-5.1262,66.0,0.7480916030534351,330.22449466253966,7.587585869258065,-44.52290076335878,4.218897234544625,0.6923076923076924,4971.0,0.0,0.0,0.0,0.0,0.0,0.0,0.0,0.0,0.0,0.0,0.0,0.0,0.0,0.0,15553.357397460937
971,interval_only,supported_native_episode_loop,-8864.038,5.934,0.5509,-7.0358,66.0,0.7480916030534351,342.08049032577424,10.296631705104335,-43.774809160305345,6.500062753795142,0.0,4971.0,0.0,0.0,0.0,0.0,0.0,0.0,0.0,0.0,0.0,0.0,0.0,0.0,0.0,0.0,11555.599005126953
981,interval_only,supported_native_episode_loop,-11998.161,5.446,0.3972,-6.240399999999999,66.0,0.7480916030534351,340.5302987583721,5.1488622073497465,-44.17175572519084,5.330049837344309,1.0,4970.0,0.0,0.0,0.0,0.0,0.0,0.0,0.0,0.0,0.0,0.0,0.0,0.0,0.0,0.0,57566.31538085938
991,interval_only,supported_native_episode_loop,-18843.374,4.284,0.6303,-5.5446,66.0,0.7480916030534351,328.8799066993116,4.942980162614127,-44.54961832061068,4.096570415273969,0.8461538461538461,4971.0,0.0,0.0,0.0,0.0,0.0,0.0,0.0,0.0,0.0,0.0,0.0,0.0,0.0,0.0,8571.844799804687
1001,interval_only,supported_native_episode_loop,-17753.974,6.295,0.5401,-7.3751999999999995,66.0,0.7480916030534351,338.8753285646306,12.124708864356782,-44.06106870229008,4.789868004350097,0.3846153846153846,4971.0,0.0,0.0,0.0,0.0,0.0,0.0,0.0,0.0,0.0,0.0,0.0,0.0,0.0,0.0,2034.6996978759767
1011,interval_only,supported_native_episode_loop,-19157.908,5.468,0.5799,-6.6278,66.0,0.7480916030534351,328.03721406223207,5.475280109931217,-44.51145038167939,4.250489710832054,0.0,4971.0,0.0,0.0,0.0,0.0,0.0,0.0,0.0,0.0,0.0,0.0,0.0,0.0,0.0,0.0,95053.67016601562
1021,interval_only,supported_native_episode_loop,-3193.084,5.625,0.5919,-6.8088,66.0,0.7480916030534351,341.7254501146517,5.852189743641832,-44.343511450381676,4.735396986133379,0.0,4970.0,0.0,0.0,0.0,0.0,0.0,0.0,0.0,0.0,0.0,0.0,0.0,0.0,0.0,0.0,1437.5561874389648
1031,interval_only,supported_native_episode_loop,-18844.152,4.575,0.4913,-5.5576,66.0,0.7480916030534351,331.2354411287162,5.868223145344304,-44.43893129770992,4.479181231735369,1.0,4970.0,0.0,0.0,0.0,0.0,0.0,0.0,0.0,0.0,0.0,0.0,0.0,0.0,0.0,0.0,8195.167199707032
1041,interval_only,supported_native_episode_loop,-17246.642,5.136,0.5799,-6.2958,66.0,0.7480916030534351,348.74290316879905,7.649477484171682,-41.083969465648856,12.599550560225488,0.0,4973.0,0.0,0.0,0.0,0.0,0.0,0.0,0.0,0.0,0.0,0.0,0.0,0.0,0.0,0.0,49862.06342773438
1051,interval_only,supported_native_episode_loop,-2762.157,4.994,0.3424,-5.6788,66.0,0.7480916030534351,333.122599065774,5.877730637514513,-44.52290076335878,4.193489408312964,0.6923076923076924,4970.0,0.0,0.0,0.0,0.0,0.0,0.0,0.0,0.0,0.0,0.0,0.0,0.0,0.0,0.0,36948.78356933594
1061,interval_only,supported_native_episode_loop,-18903.564,4.164,0.6421,-5.4482,66.0,0.7480916030534351,334.8922833821246,5.761961075700186,-44.465648854961835,4.363795724894276,1.0,4971.0,0.0,0.0,0.0,0.0,0.0,0.0,0.0,0.0,0.0,0.0,0.0,0.0,0.0,0.0,15174.879907226563
1071,interval_only,supported_native_episode_loop,-2752.83,3.769,0.435,-4.639,66.0,0.7480916030534351,350.3051395960247,4.833089754753351,-44.213740458015266,4.9578492529604725,0.5384615384615384,4970.0,0.0,0.0,0.0,0.0,0.0,0.0,0.0,0.0,0.0,0.0,0.0,0.0,0.0,0.0,39021.10659179687
1081,interval_only,supported_native_episode_loop,-18919.25,5.031,0.5066,-6.0442,66.0,0.7480916030534351,328.68227844578007,5.635430915726861,-44.49618320610687,4.310247058683938,0.0,4971.0,0.0,0.0,0.0,0.0,0.0,0.0,0.0,0.0,0.0,0.0,0.0,0.0,0.0,0.0,15529.87938232422
1091,interval_only,supported_native_episode_loop,-12234.622,11.376,0.6342,-12.6444,66.0,0.7480916030534351,347.49673432439056,6.026581796762587,-43.37022900763359,5.73561519167254,0.0,4971.0,0.0,0.0,0.0,0.0,0.0,0.0,0.0,0.0,0.0,0.0,0.0,0.0,0.0,0.0,20478.450634765624
1101,interval_only,supported_native_episode_loop,-18995.915,4.94,0.5154,-5.9708000000000006,66.0,0.7480916030534351,344.3704090976457,5.42497182220881,-44.41984732824427,4.5229764544186715,0.0,4970.0,0.0,0.0,0.0,0.0,0.0,0.0,0.0,0.0,0.0,0.0,0.0,0.0,0.0,0.0,30593.008374023437
1111,interval_only,supported_native_episode_loop,-16197.273,4.186,0.631,-5.448,66.0,0.7480916030534351,337.630384883277,5.07049947196945,-44.39312977099237,4.633312679686064,0.0,4971.0,0.0,0.0,0.0,0.0,0.0,0.0,0.0,0.0,0.0,0.0,0.0,0.0,0.0,0.0,51876.70317382812
1121,interval_only,supported_native_episode_loop,-2697.713,4.634,0.4553,-5.5446,66.0,0.7480916030534351,342.40587438238794,10.106233827522393,-42.68320610687023,8.664815690033619,1.0,4971.0,0.0,0.0,0.0,0.0,0.0,0.0,0.0,0.0,0.0,0.0,0.0,0.0,0.0,0.0,21189.110498046874
1131,interval_only,supported_native_episode_loop,-2675.165,4.199,0.3854,-4.9698,66.0,0.7480916030534351,342.53216669954946,5.81890205173391,-44.20229007633588,5.205061624157351,0.5384615384615384,4971.0,0.0,0.0,0.0,0.0,0.0,0.0,0.0,0.0,0.0,0.0,0.0,0.0,0.0,0.0,5025.40246887207
1141,interval_only,supported_native_episode_loop,-20564.048,33.977,0.5328,-35.0426,66.0,0.7480916030534351,345.9203952955685,7.110902951089861,-44.3587786259542,4.701905902815629,0.23076923076923078,4970.0,0.0,0.0,0.0,0.0,0.0,0.0,0.0,0.0,0.0,0.0,0.0,0.0,0.0,0.0,53499.99580078125
1151,interval_only,supported_native_episode_loop,-18614.756,5.523,0.5113,-6.545599999999999,66.0,0.7480916030534351,329.0383289209152,5.8211866781343895,-44.282442748091604,5.040711825959811,0.0,4971.0,0.0,0.0,0.0,0.0,0.0,0.0,0.0,0.0,0.0,0.0,0.0,0.0,0.0,0.0,51364.4853515625
1161,interval_only,supported_native_episode_loop,-6615.849,11.554,0.7012,-12.9564,66.0,0.7480916030534351,332.2925922806633,5.278292563695999,-44.51526717557252,4.219836350114421,1.0,4970.0,0.0,0.0,0.0,0.0,0.0,0.0,0.0,0.0,0.0,0.0,0.0,0.0,0.0,0.0,105547.871875
1171,interval_only,supported_native_episode_loop,-17489.461,51.69,0.5477,-52.785399999999996,66.0,0.7480916030534351,342.87602130056337,9.112081627869749,-44.38549618320611,4.508712890545898,0.0,4970.0,0.0,0.0,0.0,0.0,0.0,0.0,0.0,0.0,0.0,0.0,0.0,0.0,0.0,0.0,18303.921166992186
1181,interval_only,supported_native_episode_loop,-8689.694,4.691,0.6144,-5.9197999999999995,66.0,0.7480916030534351,349.4025885880733,7.35758662778869,-44.0763358778626,4.926355853372378,0.0,4970.0,0.0,0.0,0.0,0.0,0.0,0.0,0.0,0.0,0.0,0.0,0.0,0.0,0.0,0.0,19971.445275878905
1191,interval_only,supported_native_episode_loop,-3316.994,4.641,0.3643,-5.3696,66.0,0.7480916030534351,343.23147082624547,6.216720234370654,-44.16793893129771,5.1461876080292654,0.0,4970.0,0.0,0.0,0.0,0.0,0.0,0.0,0.0,0.0,0.0,0.0,0.0,0.0,0.0,0.0,7684.799456787109
1201,interval_only,supported_native_episode_loop,-18460.522,8.238,0.7751,-9.7882,66.0,0.7480916030534351,332.3158009897965,4.793680401731859,-44.41984732824427,4.525507349522755,1.0,4970.0,0.0,0.0,0.0,0.0,0.0,0.0,0.0,0.0,0.0,0.0,0.0,0.0,0.0,0.0,4984.205352783203
1211,interval_only,supported_native_episode_loop,-15883.708,31.25,0.5213,-32.2926,66.0,0.7480916030534351,340.01968924950705,4.767864991984902,-44.48473282442748,4.347254521555197,1.0,4971.0,0.0,0.0,0.0,0.0,0.0,0.0,0.0,0.0,0.0,0.0,0.0,0.0,0.0,0.0,2496.1438995361327
1221,interval_only,supported_native_episode_loop,-2892.566,6.386,0.3663,-7.1186,66.0,0.7480916030534351,341.7249939418628,5.23449069899833,-44.43511450381679,4.479979615277405,1.0,4971.0,0.0,0.0,0.0,0.0,0.0,0.0,0.0,0.0,0.0,0.0,0.0,0.0,0.0,0.0,25797.229498291017
1231,interval_only,supported_native_episode_loop,-11408.063,8.661,0.5724,-9.8058,66.0,0.7480916030534351,338.5986384612003,4.811780889528208,-44.48854961832061,4.313774161301632,0.0,4971.0,0.0,0.0,0.0,0.0,0.0,0.0,0.0,0.0,0.0,0.0,0.0,0.0,0.0,0.0,2165.233969116211
1241,interval_only,supported_native_episode_loop,-2709.241,5.495,0.5509,-6.5968,66.0,0.7480916030534351,336.4495985516458,6.658110091912351,-44.35496183206107,4.747031434622199,1.0,4971.0,0.0,0.0,0.0,0.0,0.0,0.0,0.0,0.0,0.0,0.0,0.0,0.0,0.0,0.0,2682.885487365723
1251,interval_only,supported_native_episode_loop,-11930.187,5.112,0.1907,-5.4934,66.0,0.7480916030534351,334.490505112264,6.886163583645577,-44.37022900763359,4.693298692743858,0.3846153846153846,4971.0,0.0,0.0,0.0,0.0,0.0,0.0,0.0,0.0,0.0,0.0,0.0,0.0,0.0,0.0,85590.7517578125
1261,interval_only,supported_native_episode_loop,-15453.064,4.257,0.5594,-5.3758,66.0,0.7480916030534351,343.2733453709358,7.475536934622876,-43.87404580152672,4.999558572670824,0.0,4970.0,0.0,0.0,0.0,0.0,0.0,0.0,0.0,0.0,0.0,0.0,0.0,0.0,0.0,0.0,61828.64653320312
1271,interval_only,supported_native_episode_loop,-18664.412,6.277,0.5562,-7.3894,66.0,0.7480916030534351,333.6665973835016,5.145334633299034,-44.42748091603053,4.522261364924548,0.2169086876723354,4969.0,0.0,0.0,0.0,0.0,0.0,0.0,0.0,0.0,0.0,0.0,0.0,0.0,0.0,0.0,2333.182489013672
1281,interval_only,supported_native_episode_loop,-14747.368,4.494,0.5623,-5.6186,66.0,0.7480916030534351,340.10040368947364,5.56186060331693,-44.49236641221374,4.270207788008094,0.0,4970.0,0.0,0.0,0.0,0.0,0.0,0.0,0.0,0.0,0.0,0.0,0.0,0.0,0.0,0.0,22541.496801757814
1291,interval_only,supported_native_episode_loop,-19361.618,23.74,0.4985,-24.737,66.0,0.7480916030534351,350.9520537266977,9.125661418479943,-41.7557251908397,8.995411555579372,0.23076923076923078,4970.0,0.0,0.0,0.0,0.0,0.0,0.0,0.0,0.0,0.0,0.0,0.0,0.0,0.0,0.0,34888.99672851562
1301,interval_only,supported_native_episode_loop,-11229.55,6.734,0.3267,-7.3873999999999995,66.0,0.7480916030534351,340.58965865661776,5.571749388477842,-44.52671755725191,4.177051526445086,0.0,4970.0,0.0,0.0,0.0,0.0,0.0,0.0,0.0,0.0,0.0,0.0,0.0,0.0,0.0,0.0,7074.388342285156
1311,interval_only,supported_native_episode_loop,-18478.363,4.191,0.6401,-5.4712,66.0,0.7480916030534351,324.16235100404,5.364026752095653,-44.49618320610687,4.296943784842856,0.0,4970.0,0.0,0.0,0.0,0.0,0.0,0.0,0.0,0.0,0.0,0.0,0.0,0.0,0.0,0.0,4191.040393066406
1321,interval_only,supported_native_episode_loop,-18939.167,4.962,0.6127,-6.1874,66.0,0.7480916030534351,334.07676834865987,11.791675184054045,-44.49618320610687,4.278249705964836,0.0,4970.0,0.0,0.0,0.0,0.0,0.0,0.0,0.0,0.0,0.0,0.0,0.0,0.0,0.0,0.0,3261.233258056641
1331,interval_only,supported_native_episode_loop,-3097.676,4.3,0.4007,-5.1014,66.0,0.7480916030534351,340.28889627857063,4.211892464059061,-44.43893129770992,4.456114634578129,0.0,4970.0,0.0,0.0,0.0,0.0,0.0,0.0,0.0,0.0,0.0,0.0,0.0,0.0,0.0,0.0,5837.671081542969
1341,interval_only,supported_native_episode_loop,-17043.405,7.171,0.5566,-8.2842,66.0,0.7480916030534351,336.82055523626076,8.02009887977164,-44.51526717557252,4.225259796564532,0.0,4972.0,0.0,0.0,0.0,0.0,0.0,0.0,0.0,0.0,0.0,0.0,0.0,0.0,0.0,0.0,6020.203155517578
1351,interval_only,supported_native_episode_loop,-20828.09,41.61,0.6679,-42.9458,66.0,0.7480916030534351,335.1663077519443,5.223012154217873,-44.4236641221374,4.526416644865037,0.0,4970.0,0.0,0.0,0.0,0.0,0.0,0.0,0.0,0.0,0.0,0.0,0.0,0.0,0.0,0.0,51882.47348632813
1361,interval_only,supported_native_episode_loop,-4938.929,4.752,0.5519,-5.8557999999999995,66.0,0.7480916030534351,343.651140335134,4.352658146181351,-44.41984732824427,4.5229764544186715,0.0,4971.0,0.0,0.0,0.0,0.0,0.0,0.0,0.0,0.0,0.0,0.0,0.0,0.0,0.0,0.0,83598.9517578125
1371,interval_only,supported_native_episode_loop,-12488.273,6.112,0.6507,-7.4134,66.0,0.7480916030534351,347.92790369891935,5.3087480895477155,-43.767175572519086,5.516387006945368,1.0,4969.0,0.0,0.0,0.0,0.0,0.0,0.0,0.0,0.0,0.0,0.0,0.0,0.0,0.0,0.0,9234.5751953125
1381,interval_only,supported_native_episode_loop,-18169.621,5.222,0.6117,-6.4454,66.0,0.7480916030534351,340.16907991198184,10.436695208011693,-44.347328244274806,4.750810750323091,0.0,4971.0,0.0,0.0,0.0,0.0,0.0,0.0,0.0,0.0,0.0,0.0,0.0,0.0,0.0,0.0,8353.975592041015
1391,interval_only,supported_native_episode_loop,-2917.654,5.165,0.4682,-6.1014,66.0,0.7480916030534351,344.06412528001397,5.599561251168904,-43.39312977099237,7.222871760184831,0.0,4970.0,0.0,0.0,0.0,0.0,0.0,0.0,0.0,0.0,0.0,0.0,0.0,0.0,0.0,0.0,7931.836685180664
1401,interval_only,supported_native_episode_loop,-2778.479,4.617,0.4471,-5.5112,66.0,0.7480916030534351,339.4942322041991,5.350325490140385,-44.412213740458014,4.552275211712267,0.0,4970.0,0.0,0.0,0.0,0.0,0.0,0.0,0.0,0.0,0.0,0.0,0.0,0.0,0.0,0.0,90.2392991065979
1411,interval_only,supported_native_episode_loop,-9358.501,18.445,0.4001,-19.2452,66.0,0.7480916030534351,340.4377471262793,6.690909831836881,-44.29389312977099,4.850580444139372,0.0,4970.0,0.0,0.0,0.0,0.0,0.0,0.0,0.0,0.0,0.0,0.0,0.0,0.0,0.0,0.0,32872.26770019531
1421,interval_only,supported_native_episode_loop,-20231.691,9.036,0.4537,-9.9434,66.0,0.7480916030534351,338.92447288348023,6.344672473954476,-44.56106870229008,4.058975024213428,0.0,4971.0,0.0,0.0,0.0,0.0,0.0,0.0,0.0,0.0,0.0,0.0,0.0,0.0,0.0,0.0,98606.13447265625
1431,interval_only,supported_native_episode_loop,-2790.759,3.617,0.4198,-4.4566,66.0,0.7480916030534351,341.83433145057154,7.947236291795035,-44.33206106870229,4.748688323122895,0.0,4970.0,0.0,0.0,0.0,0.0,0.0,0.0,0.0,0.0,0.0,0.0,0.0,0.0,0.0,0.0,27262.721044921876
1441,interval_only,supported_native_episode_loop,-4288.983,4.95,0.4817,-5.9134,66.0,0.7480916030534351,343.18425505884727,14.686014531272185,-43.93129770992366,4.80090773810975,0.3846153846153846,4971.0,0.0,0.0,0.0,0.0,0.0,0.0,0.0,0.0,0.0,0.0,0.0,0.0,0.0,0.0,541.3425804138184
1451,interval_only,supported_native_episode_loop,-12562.021,6.292,0.6253,-7.5426,66.0,0.7480916030534351,344.7162344065028,4.72660035968027,-44.267175572519086,4.969870177364931,0.0,4970.0,0.0,0.0,0.0,0.0,0.0,0.0,0.0,0.0,0.0,0.0,0.0,0.0,0.0,0.0,8959.476483154296
1461,interval_only,supported_native_episode_loop,-3081.304,4.092,0.5375,-5.167,66.0,0.7480916030534351,345.99826271951804,5.89983982949278,-44.0763358778626,5.404434595012342,0.23076923076923078,4970.0,0.0,0.0,0.0,0.0,0.0,0.0,0.0,0.0,0.0,0.0,0.0,0.0,0.0,0.0,12692.889868164062
1471,interval_only,supported_native_episode_loop,-18908.575,5.826,0.4963,-6.8186,66.0,0.7480916030534351,348.91053576020585,8.471056814546708,-43.13740458015267,7.126729985533097,1.0,4972.0,0.0,0.0,0.0,0.0,0.0,0.0,0.0,0.0,0.0,0.0,0.0,0.0,0.0,0.0,25234.95051269531
201,native_promotion_replan,supported_native_episode_loop,-18997.582,5.2,0.5484,-6.2968,84.0,0.6793893129770993,335.27296138050906,7.958094745341308,-44.43511450381679,4.462907751407808,0.0,4971.0,0.0,0.0,0.0,0.0,0.0,0.0,0.0,0.0,0.0,0.0,0.0,0.0,0.0,0.0,35761.725854492186
211,native_promotion_replan,supported_native_episode_loop,-4652.857,11.577,0.4942,-12.5654,149.0,0.4312977099236641,342.0501073270296,5.256688178524055,-44.458015267175576,4.408111090827894,0.8285988307921028,4970.0,0.0,0.0,0.0,0.0,0.0,0.0,0.0,0.0,0.0,0.0,0.0,0.0,0.0,0.0,1183.2797012329102
221,native_promotion_replan,supported_native_episode_loop,-18502.085,4.79,0.3789,-5.5478000000000005,134.0,0.48854961832061067,343.7036953462596,6.04883237553387,-44.33587786259542,4.749625436453823,0.0,4972.0,0.0,0.0,0.0,0.0,0.0,0.0,0.0,0.0,0.0,0.0,0.0,0.0,0.0,0.0,72490.42744140625
231,native_promotion_replan,supported_native_episode_loop,-10220.851,4.394,0.5542,-5.5024,126.0,0.5190839694656488,335.24651574378703,9.957778300604947,-44.49236641221374,4.290716382126527,0.8461538461538461,4970.0,0.0,0.0,0.0,0.0,0.0,0.0,0.0,0.0,0.0,0.0,0.0,0.0,0.0,0.0,2887.466604614258
241,native_promotion_replan,supported_native_episode_loop,-2793.096,8.528,0.478,-9.484,123.0,0.5305343511450382,325.4917639179084,7.003200665361501,-44.38931297709924,4.640631240103601,1.0,4970.0,0.0,0.0,0.0,0.0,0.0,0.0,0.0,0.0,0.0,0.0,0.0,0.0,0.0,0.0,11354.727481079102
251,native_promotion_replan,supported_native_episode_loop,-2550.177,3.776,0.4284,-4.6328,107.0,0.5916030534351145,344.49008507648193,7.077690912146215,-44.06106870229008,4.6892043062564825,1.0,4970.0,0.0,0.0,0.0,0.0,0.0,0.0,0.0,0.0,0.0,0.0,0.0,0.0,0.0,0.0,114.49912204742432
261,native_promotion_replan,supported_native_episode_loop,-2730.128,7.324,0.4328,-8.1896,145.0,0.44656488549618323,340.55557771871867,7.800087487459686,-44.52671755725191,4.198015242190195,1.0,4971.0,0.0,0.0,0.0,0.0,0.0,0.0,0.0,0.0,0.0,0.0,0.0,0.0,0.0,0.0,7606.475091552735
271,native_promotion_replan,supported_native_episode_loop,-19903.238,19.487,0.4719,-20.430799999999998,147.0,0.4389312977099237,334.36577857599303,4.937650481317598,-44.530534351145036,4.1724540736731415,0.0,4970.0,0.0,0.0,0.0,0.0,0.0,0.0,0.0,0.0,0.0,0.0,0.0,0.0,0.0,0.0,60132.25649414062
281,native_promotion_replan,supported_native_episode_loop,-15327.618,4.501,0.6716,-5.844200000000001,143.0,0.4541984732824427,334.18204907935694,5.374487039981453,-44.538167938931295,4.134715401658565,0.0,4972.0,0.0,0.0,0.0,0.0,0.0,0.0,0.0,0.0,0.0,0.0,0.0,0.0,0.0,0.0,30922.01141357422
291,native_promotion_replan,supported_native_episode_loop,-11462.481,5.486,0.4934,-6.472799999999999,127.0,0.5152671755725191,346.20407349741413,5.5889557986065705,-44.400763358778626,4.48531099082984,0.0,4971.0,0.0,0.0,0.0,0.0,0.0,0.0,0.0,0.0,0.0,0.0,0.0,0.0,0.0,0.0,47649.5873046875
301,native_promotion_replan,supported_native_episode_loop,-3056.533,6.223,0.5567,-7.336399999999999,141.0,0.4618320610687023,347.0646193474941,13.806253401226261,-30.729007633587788,17.91410373855379,0.5384615384615384,4971.0,0.0,0.0,0.0,0.0,0.0,0.0,0.0,0.0,0.0,0.0,0.0,0.0,0.0,0.0,3264.10283203125
311,native_promotion_replan,supported_native_episode_loop,-13132.895,5.553,0.4918,-6.5366,128.0,0.5114503816793893,347.30895487251985,12.071216006631174,-39.3206106870229,13.667405465052441,0.0,4971.0,0.0,0.0,0.0,0.0,0.0,0.0,0.0,0.0,0.0,0.0,0.0,0.0,0.0,0.0,81109.32911376953
321,native_promotion_replan,supported_native_episode_loop,-2841.968,4.792,0.5859,-5.9638,102.0,0.6106870229007634,330.60732002015635,5.911430043350924,-44.50381679389313,4.277357473815105,0.0,4970.0,0.0,0.0,0.0,0.0,0.0,0.0,0.0,0.0,0.0,0.0,0.0,0.0,0.0,0.0,47476.435021972655
331,native_promotion_replan,supported_native_episode_loop,-3805.244,5.668,0.4203,-6.5086,109.0,0.583969465648855,343.59041707616575,5.911112817557625,-44.19083969465649,5.139451516488187,0.0,4971.0,0.0,0.0,0.0,0.0,0.0,0.0,0.0,0.0,0.0,0.0,0.0,0.0,0.0,0.0,620.2197494506836
341,native_promotion_replan,supported_native_episode_loop,-17232.903,15.661,0.5349,-16.7308,95.0,0.6374045801526718,329.25303855124326,4.783259921689977,-44.538167938931295,4.160482172865041,0.0,4971.0,0.0,0.0,0.0,0.0,0.0,0.0,0.0,0.0,0.0,0.0,0.0,0.0,0.0,0.0,16867.654443359374
351,native_promotion_replan,supported_native_episode_loop,-16924.406,5.25,0.4705,-6.191,126.0,0.5190839694656488,341.21658271150733,6.101013358455999,-44.06106870229008,4.972835714266209,0.0,4970.0,0.0,0.0,0.0,0.0,0.0,0.0,0.0,0.0,0.0,0.0,0.0,0.0,0.0,0.0,4158.277041625976
361,native_promotion_replan,supported_native_episode_loop,-3021.975,5.679,0.3388,-6.3566,116.0,0.5572519083969466,335.65289074758846,4.520155688307106,-44.469465648854964,4.372561796136647,0.0,4970.0,0.0,0.0,0.0,0.0,0.0,0.0,0.0,0.0,0.0,0.0,0.0,0.0,0.0,0.0,882.84341506958
371,native_promotion_replan,supported_native_episode_loop,-2619.211,8.455,0.3905,-9.236,101.0,0.6145038167938931,345.6032349260822,6.310465138149051,-44.25190839694657,4.982172050697761,0.0,4970.0,0.0,0.0,0.0,0.0,0.0,0.0,0.0,0.0,0.0,0.0,0.0,0.0,0.0,0.0,4697.7703414917
381,native_promotion_replan,supported_native_episode_loop,-19794.597,30.296,0.4426,-31.1812,119.0,0.5458015267175572,342.9826105015301,8.262804806788346,-44.4236641221374,4.461015734490215,0.0,4971.0,0.0,0.0,0.0,0.0,0.0,0.0,0.0,0.0,0.0,0.0,0.0,0.0,0.0,0.0,104159.416796875
391,native_promotion_replan,supported_native_episode_loop,-14616.015,5.765,0.6159,-6.9967999999999995,136.0,0.48091603053435117,337.95995120938494,11.330840483856754,-43.908396946564885,5.378002100271534,0.8679309139489686,4971.0,0.0,0.0,0.0,0.0,0.0,0.0,0.0,0.0,0.0,0.0,0.0,0.0,0.0,0.0,1364.1230438232421
401,native_promotion_replan,supported_native_episode_loop,-2756.701,5.081,0.3705,-5.822,114.0,0.5648854961832062,346.08684633466726,6.18150216188237,-44.041984732824424,4.745644112822667,0.0,4970.0,0.0,0.0,0.0,0.0,0.0,0.0,0.0,0.0,0.0,0.0,0.0,0.0,0.0,0.0,47106.29672851563
411,native_promotion_replan,supported_native_episode_loop,-20614.972,16.509,0.371,-17.251,193.0,0.2633587786259542,338.1152615461451,9.641592546851221,-44.47709923664122,4.3682418229466045,0.23076923076923078,4970.0,0.0,0.0,0.0,0.0,0.0,0.0,0.0,0.0,0.0,0.0,0.0,0.0,0.0,0.0,52951.80029296875
421,native_promotion_replan,supported_native_episode_loop,-2855.189,4.172,0.5253,-5.2226,94.0,0.6412213740458015,341.59489000757003,7.759928670389893,-44.274809160305345,4.851305695203409,0.0,4970.0,0.0,0.0,0.0,0.0,0.0,0.0,0.0,0.0,0.0,0.0,0.0,0.0,0.0,0.0,2489.882521057129
431,native_promotion_replan,supported_native_episode_loop,-9149.147,5.051,0.3815,-5.814,189.0,0.2786259541984733,337.71052519911495,9.301511915372895,-44.51145038167939,4.239700429093315,1.0,4972.0,0.0,0.0,0.0,0.0,0.0,0.0,0.0,0.0,0.0,0.0,0.0,0.0,0.0,0.0,19115.874072265626
441,native_promotion_replan,supported_native_episode_loop,-19720.427,40.103,0.2776,-40.6582,90.0,0.6564885496183206,343.54522774282833,10.069845949426478,-44.30534351145038,4.682912139190092,0.0,4971.0,0.0,0.0,0.0,0.0,0.0,0.0,0.0,0.0,0.0,0.0,0.0,0.0,0.0,0.0,47358.23784179687
451,native_promotion_replan,supported_native_episode_loop,-2706.181,4.442,0.4856,-5.4132,136.0,0.48091603053435117,346.8121170772377,5.00731926499361,-44.12213740458015,5.282150413302672,1.0,4970.0,0.0,0.0,0.0,0.0,0.0,0.0,0.0,0.0,0.0,0.0,0.0,0.0,0.0,0.0,32335.202514648438
461,native_promotion_replan,supported_native_episode_loop,-19239.192,6.251,0.2922,-6.8354,98.0,0.6259541984732825,350.51617806587967,5.3515658446257515,-44.4236641221374,4.493410477493363,0.5384615384615384,4970.0,0.0,0.0,0.0,0.0,0.0,0.0,0.0,0.0,0.0,0.0,0.0,0.0,0.0,0.0,14793.270666503906
471,native_promotion_replan,supported_native_episode_loop,-19853.141,9.301,0.4813,-10.2636,80.0,0.6946564885496184,336.43571917105265,7.019876436003142,-44.270992366412216,4.901222601012377,0.0,4971.0,0.0,0.0,0.0,0.0,0.0,0.0,0.0,0.0,0.0,0.0,0.0,0.0,0.0,0.0,3349.479382324219
481,native_promotion_replan,supported_native_episode_loop,-3096.478,5.214,0.4236,-6.0612,110.0,0.5801526717557252,341.06888351925755,6.597801151212535,-43.896946564885496,5.196232324597361,0.0,4970.0,0.0,0.0,0.0,0.0,0.0,0.0,0.0,0.0,0.0,0.0,0.0,0.0,0.0,0.0,11448.811157226562
491,native_promotion_replan,supported_native_episode_loop,-14478.824,5.193,0.5701,-6.3332,83.0,0.683206106870229,338.3252766055763,5.2888758447212645,-44.25954198473283,4.980247681169536,0.6923076923076924,4970.0,0.0,0.0,0.0,0.0,0.0,0.0,0.0,0.0,0.0,0.0,0.0,0.0,0.0,0.0,4696.277697753906
501,native_promotion_replan,supported_native_episode_loop,-3115.371,4.7,0.4579,-5.6158,146.0,0.44274809160305345,332.5961487263517,10.38251110064194,-44.35496183206107,4.7566701057279985,0.3846153846153846,4972.0,0.0,0.0,0.0,0.0,0.0,0.0,0.0,0.0,0.0,0.0,0.0,0.0,0.0,0.0,23737.393444824218
511,native_promotion_replan,supported_native_episode_loop,-2706.918,5.711,0.4822,-6.675400000000001,92.0,0.648854961832061,341.0693688984515,5.199940154659736,-43.75190839694657,5.535063128721941,0.0,4970.0,0.0,0.0,0.0,0.0,0.0,0.0,0.0,0.0,0.0,0.0,0.0,0.0,0.0,0.0,771.8093635559082
521,native_promotion_replan,supported_native_episode_loop,-18703.642,5.819,0.6452,-7.1094,145.0,0.44656488549618323,332.95746275683996,15.095163253409464,-43.50763358778626,5.641140027716646,0.0,4972.0,0.0,0.0,0.0,0.0,0.0,0.0,0.0,0.0,0.0,0.0,0.0,0.0,0.0,0.0,31913.31630859375
531,native_promotion_replan,supported_native_episode_loop,-2826.506,7.353,0.5181,-8.389199999999999,151.0,0.42366412213740456,340.35595687096964,5.73846986809868,-44.41984732824427,4.481436176684767,0.0,4971.0,0.0,0.0,0.0,0.0,0.0,0.0,0.0,0.0,0.0,0.0,0.0,0.0,0.0,0.0,11714.016494750977
541,native_promotion_replan,supported_native_episode_loop,-15355.33,6.167,0.6455,-7.458,104.0,0.6030534351145038,338.36844268031325,6.490233930232438,-44.396946564885496,4.5920265933230295,0.40322315068807746,4972.0,0.0,0.0,0.0,0.0,0.0,0.0,0.0,0.0,0.0,0.0,0.0,0.0,0.0,0.0,34187.25061035156
551,native_promotion_replan,supported_native_episode_loop,-2701.862,6.573,0.4615,-7.496,102.0,0.6106870229007634,344.28790633913513,6.678805521379242,-43.70229007633588,5.457251855007746,0.9732971731083753,4970.0,0.0,0.0,0.0,0.0,0.0,0.0,0.0,0.0,0.0,0.0,0.0,0.0,0.0,0.0,9961.640396118164
561,native_promotion_replan,supported_native_episode_loop,-9308.197,4.893,0.3908,-5.6746,206.0,0.21374045801526717,335.7791342185199,8.674725874036515,-44.458015267175576,4.373339670964229,1.0,4970.0,0.0,0.0,0.0,0.0,0.0,0.0,0.0,0.0,0.0,0.0,0.0,0.0,0.0,0.0,47861.38581542969
571,native_promotion_replan,supported_native_episode_loop,-8743.976,3.612,0.5466,-4.7052,110.0,0.5801526717557252,329.9105794799844,4.235278688430009,-44.54961832061068,4.126277253949163,0.0,4970.0,0.0,0.0,0.0,0.0,0.0,0.0,0.0,0.0,0.0,0.0,0.0,0.0,0.0,0.0,6292.423696899414
581,native_promotion_replan,supported_native_episode_loop,-18928.191,6.076,0.3642,-6.804399999999999,135.0,0.4847328244274809,339.18840559029684,4.862851194453796,-44.5,4.281818476494403,0.0,4971.0,0.0,0.0,0.0,0.0,0.0,0.0,0.0,0.0,0.0,0.0,0.0,0.0,0.0,0.0,64556.2892578125
591,native_promotion_replan,supported_native_episode_loop,-18466.154,4.487,0.5167,-5.5204,244.0,0.06870229007633588,338.93194143141005,4.511326226093317,-44.534351145038165,4.1614327206997945,0.3846153846153846,4970.0,0.0,0.0,0.0,0.0,0.0,0.0,0.0,0.0,0.0,0.0,0.0,0.0,0.0,0.0,8700.701147460937
601,native_promotion_replan,supported_native_episode_loop,-13127.584,5.916,0.5112,-6.938400000000001,121.0,0.5381679389312977,343.5423035272964,5.736972969766716,-44.33206106870229,4.796671351816728,1.0,4971.0,0.0,0.0,0.0,0.0,0.0,0.0,0.0,0.0,0.0,0.0,0.0,0.0,0.0,0.0,7485.538494873047
611,native_promotion_replan,supported_native_episode_loop,-9292.007,5.521,0.4667,-6.4544,87.0,0.6679389312977099,347.5526125958118,6.480214617911402,-44.43893129770992,4.462961610723472,0.23076923076923078,4972.0,0.0,0.0,0.0,0.0,0.0,0.0,0.0,0.0,0.0,0.0,0.0,0.0,0.0,0.0,8456.928622436524
621,native_promotion_replan,supported_native_episode_loop,-3020.944,5.308,0.4529,-6.2138,100.0,0.6183206106870229,334.0289211243467,5.767315731463452,-44.14885496183206,5.3756571252808,0.0,4971.0,0.0,0.0,0.0,0.0,0.0,0.0,0.0,0.0,0.0,0.0,0.0,0.0,0.0,0.0,4288.483609008789
631,native_promotion_replan,supported_native_episode_loop,-3817.974,6.035,0.4335,-6.902,171.0,0.3473282442748092,348.76078127578427,13.167387813901108,-29.408396946564885,25.82703045280995,1.0,4970.0,0.0,0.0,0.0,0.0,0.0,0.0,0.0,0.0,0.0,0.0,0.0,0.0,0.0,0.0,12225.65205078125
641,native_promotion_replan,supported_native_episode_loop,-17272.072,7.253,0.5263,-8.3056,121.0,0.5381679389312977,339.9019124537251,16.072068018715015,-39.11450381679389,13.24584983045261,1.0,4970.0,0.0,0.0,0.0,0.0,0.0,0.0,0.0,0.0,0.0,0.0,0.0,0.0,0.0,0.0,6928.563610839844
651,native_promotion_replan,supported_native_episode_loop,-18256.362,4.818,0.7378,-6.2936,93.0,0.6450381679389313,333.8978419524947,6.539913422135331,-44.30916030534351,4.957051425686204,0.8461538461538461,4971.0,0.0,0.0,0.0,0.0,0.0,0.0,0.0,0.0,0.0,0.0,0.0,0.0,0.0,0.0,28652.6740234375
661,native_promotion_replan,supported_native_episode_loop,-18962.688,7.268,0.4217,-8.1114,178.0,0.32061068702290074,341.6382557075253,4.805652468018846,-44.408396946564885,4.528662545732508,0.0,4970.0,0.0,0.0,0.0,0.0,0.0,0.0,0.0,0.0,0.0,0.0,0.0,0.0,0.0,0.0,18849.393395996092
671,native_promotion_replan,supported_native_episode_loop,-15025.446,28.403,0.4905,-29.384,157.0,0.40076335877862596,342.12427633163776,4.7042575791135635,-44.47328244274809,4.35246397580544,0.5384615384615384,4971.0,0.0,0.0,0.0,0.0,0.0,0.0,0.0,0.0,0.0,0.0,0.0,0.0,0.0,0.0,106832.61337890624
681,native_promotion_replan,supported_native_episode_loop,-18312.813,17.061,0.5228,-18.1066,86.0,0.6717557251908397,338.8817273519725,5.303699488071465,-44.461832061068705,4.383834948682797,0.0,4971.0,0.0,0.0,0.0,0.0,0.0,0.0,0.0,0.0,0.0,0.0,0.0,0.0,0.0,0.0,13966.266394042968
691,native_promotion_replan,supported_native_episode_loop,-11016.641,4.064,0.6306,-5.325200000000001,90.0,0.6564885496183206,337.2109849998514,4.446159879399299,-44.43129770992366,4.493533674162735,0.0,4970.0,0.0,0.0,0.0,0.0,0.0,0.0,0.0,0.0,0.0,0.0,0.0,0.0,0.0,0.0,14349.830828857423
701,native_promotion_replan,supported_native_episode_loop,-2836.786,4.644,0.3888,-5.4216,124.0,0.5267175572519084,347.0386313749596,8.879455478788058,-42.20610687022901,7.0529270164967075,0.0,4971.0,0.0,0.0,0.0,0.0,0.0,0.0,0.0,0.0,0.0,0.0,0.0,0.0,0.0,0.0,476.96720695495605
711,native_promotion_replan,supported_native_episode_loop,-5619.122,7.614,0.4787,-8.5714,118.0,0.549618320610687,347.50334487727275,4.611034249773249,-44.29770992366412,4.689104891044184,1.0,4970.0,0.0,0.0,0.0,0.0,0.0,0.0,0.0,0.0,0.0,0.0,0.0,0.0,0.0,0.0,5535.909463500977
721,native_promotion_replan,supported_native_episode_loop,-8072.222,5.426,0.5294,-6.4848,95.0,0.6374045801526718,341.90387933003996,6.486395286027031,-44.30534351145038,4.880860157222934,0.6923076923076924,4970.0,0.0,0.0,0.0,0.0,0.0,0.0,0.0,0.0,0.0,0.0,0.0,0.0,0.0,0.0,8592.261688232422
731,native_promotion_replan,supported_native_episode_loop,-15810.333,4.323,0.5507,-5.4244,167.0,0.36259541984732824,346.15530404488317,6.229053487201853,-43.843511450381676,5.653676764032321,0.0,4971.0,0.0,0.0,0.0,0.0,0.0,0.0,0.0,0.0,0.0,0.0,0.0,0.0,0.0,0.0,68871.51712646484
741,native_promotion_replan,supported_native_episode_loop,-18184.497,5.628,0.5186,-6.6652000000000005,103.0,0.6068702290076335,337.33170832131657,6.046226962041936,-44.270992366412216,5.009822238616569,0.0,4970.0,0.0,0.0,0.0,0.0,0.0,0.0,0.0,0.0,0.0,0.0,0.0,0.0,0.0,0.0,80558.25083007812
751,native_promotion_replan,supported_native_episode_loop,-17200.641,4.776,0.4859,-5.7478,76.0,0.7099236641221374,337.20436278995663,7.480926484734071,-44.545801526717554,4.1447798409655,0.0,4971.0,0.0,0.0,0.0,0.0,0.0,0.0,0.0,0.0,0.0,0.0,0.0,0.0,0.0,0.0,5117.842193603516
761,native_promotion_replan,supported_native_episode_loop,-19412.61,26.244,0.4801,-27.2042,156.0,0.40458015267175573,349.6363541752214,5.612652932027908,-44.35496183206107,4.665116834000953,1.0,4971.0,0.0,0.0,0.0,0.0,0.0,0.0,0.0,0.0,0.0,0.0,0.0,0.0,0.0,0.0,60880.4708984375
771,native_promotion_replan,supported_native_episode_loop,-5692.639,4.119,0.5218,-5.162599999999999,126.0,0.5190839694656488,345.7482672003882,6.162845973937714,-44.30916030534351,4.808531704949893,0.0,4971.0,0.0,0.0,0.0,0.0,0.0,0.0,0.0,0.0,0.0,0.0,0.0,0.0,0.0,0.0,3323.135575866699
781,native_promotion_replan,supported_native_episode_loop,-3222.455,11.099,0.4212,-11.9414,149.0,0.4312977099236641,347.9599570396498,4.847385482589936,-44.02290076335878,4.971622753884891,0.0,4971.0,0.0,0.0,0.0,0.0,0.0,0.0,0.0,0.0,0.0,0.0,0.0,0.0,0.0,0.0,1882.211148071289
791,native_promotion_replan,supported_native_episode_loop,-9433.196,13.657,0.3998,-14.4566,104.0,0.6030534351145038,335.570285001344,5.813418158605446,-44.530534351145036,4.1724540736731415,0.0,4971.0,0.0,0.0,0.0,0.0,0.0,0.0,0.0,0.0,0.0,0.0,0.0,0.0,0.0,0.0,4336.172900390625
801,native_promotion_replan,supported_native_episode_loop,-20509.167,20.955,0.6869,-22.328799999999998,188.0,0.2824427480916031,333.23283971068815,4.965272530820245,-44.5,4.256786229966639,1.0,4971.0,0.0,0.0,0.0,0.0,0.0,0.0,0.0,0.0,0.0,0.0,0.0,0.0,0.0,0.0,16714.21096191406
811,native_promotion_replan,supported_native_episode_loop,-2676.529,7.687,0.2857,-8.2584,90.0,0.6564885496183206,351.5745650195713,3.7027807093082434,-43.89312977099237,5.898313782065949,0.0,4971.0,0.0,0.0,0.0,0.0,0.0,0.0,0.0,0.0,0.0,0.0,0.0,0.0,0.0,0.0,1693.560011291504
821,native_promotion_replan,supported_native_episode_loop,-11047.952,5.893,0.7717,-7.4364,157.0,0.40076335877862596,333.6673944947677,5.09125809342929,-44.52290076335878,4.193489408312964,1.0,4971.0,0.0,0.0,0.0,0.0,0.0,0.0,0.0,0.0,0.0,0.0,0.0,0.0,0.0,0.0,6225.733581542969
831,native_promotion_replan,supported_native_episode_loop,-17942.895,4.229,0.5204,-5.2698,119.0,0.5458015267175572,336.32604857795417,10.629279553465569,-44.48854961832061,4.347266250253307,0.0,4970.0,0.0,0.0,0.0,0.0,0.0,0.0,0.0,0.0,0.0,0.0,0.0,0.0,0.0,0.0,177059.72143554688
841,native_promotion_replan,supported_native_episode_loop,-18865.552,4.78,0.3592,-5.4984,127.0,0.5152671755725191,343.7883246720141,5.127040723293137,-44.43511450381679,4.34679707764431,1.0,4970.0,0.0,0.0,0.0,0.0,0.0,0.0,0.0,0.0,0.0,0.0,0.0,0.0,0.0,0.0,2570.4818786621095
851,native_promotion_replan,supported_native_episode_loop,-2686.443,5.147,0.4189,-5.9848,87.0,0.6679389312977099,338.76705624810666,5.610916691783993,-44.43511450381679,4.458629571812913,0.3846153846153846,4971.0,0.0,0.0,0.0,0.0,0.0,0.0,0.0,0.0,0.0,0.0,0.0,0.0,0.0,0.0,18768.580895996092
861,native_promotion_replan,supported_native_episode_loop,-13605.018,5.662,0.4771,-6.6162,98.0,0.6259541984732825,343.61883176890115,5.601523062699421,-43.774809160305345,6.271744993933007,0.0,4970.0,0.0,0.0,0.0,0.0,0.0,0.0,0.0,0.0,0.0,0.0,0.0,0.0,0.0,0.0,45486.52036132813
871,native_promotion_replan,supported_native_episode_loop,-18758.173,4.313,0.7053,-5.723599999999999,119.0,0.5458015267175572,339.8773167300647,7.196396310262632,-44.30916030534351,4.822798123253863,0.0,4971.0,0.0,0.0,0.0,0.0,0.0,0.0,0.0,0.0,0.0,0.0,0.0,0.0,0.0,0.0,7135.870935058594
881,native_promotion_replan,supported_native_episode_loop,-2678.419,4.151,0.5459,-5.2428,170.0,0.3511450381679389,338.86154737067585,4.155377565431478,-44.16030534351145,5.363599101966206,1.0,4971.0,0.0,0.0,0.0,0.0,0.0,0.0,0.0,0.0,0.0,0.0,0.0,0.0,0.0,0.0,11237.273370361328
891,native_promotion_replan,supported_native_episode_loop,-18553.371,6.042,0.4871,-7.0161999999999995,159.0,0.3931297709923664,343.6126571612428,9.872617924400917,-43.900763358778626,5.265986147371286,0.6923076923076924,4970.0,0.0,0.0,0.0,0.0,0.0,0.0,0.0,0.0,0.0,0.0,0.0,0.0,0.0,0.0,112514.46235351563
901,native_promotion_replan,supported_native_episode_loop,-18006.23,34.964,0.525,-36.013999999999996,166.0,0.366412213740458,340.84029242560536,9.1096463966044,-44.0763358778626,5.554199732257746,0.2512681415906608,4970.0,0.0,0.0,0.0,0.0,0.0,0.0,0.0,0.0,0.0,0.0,0.0,0.0,0.0,0.0,15067.583312988281
911,native_promotion_replan,supported_native_episode_loop,-19057.711,8.748,0.3072,-9.3624,102.0,0.6106870229007634,338.57263399573384,5.95612910903529,-44.267175572519086,5.115944880724324,1.0,4971.0,0.0,0.0,0.0,0.0,0.0,0.0,0.0,0.0,0.0,0.0,0.0,0.0,0.0,0.0,50130.28872070312
921,native_promotion_replan,supported_native_episode_loop,-3010.417,5.627,0.4984,-6.6238,100.0,0.6183206106870229,336.9671612586684,4.718453658674815,-44.39312977099237,4.611844870038118,0.0,4971.0,0.0,0.0,0.0,0.0,0.0,0.0,0.0,0.0,0.0,0.0,0.0,0.0,0.0,0.0,545.3088813781739
931,native_promotion_replan,supported_native_episode_loop,-4208.575,5.714,0.4507,-6.6154,104.0,0.6030534351145038,342.62909815492674,4.970827999665359,-44.416030534351144,4.514460511400152,1.0,4972.0,0.0,0.0,0.0,0.0,0.0,0.0,0.0,0.0,0.0,0.0,0.0,0.0,0.0,0.0,70310.61845703125
941,native_promotion_replan,supported_native_episode_loop,-19345.558,8.758,0.4282,-9.6144,148.0,0.4351145038167939,347.108933396663,5.059648230894201,-43.69847328244275,6.4028796566967525,0.0,4970.0,0.0,0.0,0.0,0.0,0.0,0.0,0.0,0.0,0.0,0.0,0.0,0.0,0.0,0.0,6380.605322265625
951,native_promotion_replan,supported_native_episode_loop,-3100.981,4.06,0.5759,-5.211799999999999,125.0,0.5229007633587787,339.65676632122194,12.758161543329734,-44.034351145038165,5.22789451572398,0.0,4970.0,0.0,0.0,0.0,0.0,0.0,0.0,0.0,0.0,0.0,0.0,0.0,0.0,0.0,0.0,96481.90825195312
961,native_promotion_replan,supported_native_episode_loop,-12581.032,3.96,0.5742,-5.1084,95.0,0.6374045801526718,330.40671841970834,7.604399681774054,-44.52290076335878,4.218897234544625,0.6923076923076924,4971.0,0.0,0.0,0.0,0.0,0.0,0.0,0.0,0.0,0.0,0.0,0.0,0.0,0.0,0.0,15655.770544433593
971,native_promotion_replan,supported_native_episode_loop,-8913.529,5.936,0.551,-7.038,135.0,0.4847328244274809,342.2782552361109,10.399903882358304,-43.76335877862596,6.499362342261796,0.0,4971.0,0.0,0.0,0.0,0.0,0.0,0.0,0.0,0.0,0.0,0.0,0.0,0.0,0.0,0.0,11648.539477539063
981,native_promotion_replan,supported_native_episode_loop,-12033.236,5.45,0.3969,-6.2438,141.0,0.4618320610687023,340.44163256759253,4.968264080208066,-44.12213740458015,5.392987956191243,1.0,4970.0,0.0,0.0,0.0,0.0,0.0,0.0,0.0,0.0,0.0,0.0,0.0,0.0,0.0,0.0,57768.06547851562
991,native_promotion_replan,supported_native_episode_loop,-18832.72,4.284,0.6303,-5.5446,105.0,0.5992366412213741,329.7428731459622,5.279348053569242,-44.54961832061068,4.096570415273969,0.8461538461538461,4971.0,0.0,0.0,0.0,0.0,0.0,0.0,0.0,0.0,0.0,0.0,0.0,0.0,0.0,0.0,8568.354052734376
1001,native_promotion_replan,supported_native_episode_loop,-17727.175,6.301,0.5535,-7.408,116.0,0.5572519083969466,340.3057807853773,13.031187237854944,-43.06106870229008,5.882767855057802,0.3846153846153846,4971.0,0.0,0.0,0.0,0.0,0.0,0.0,0.0,0.0,0.0,0.0,0.0,0.0,0.0,0.0,2005.4715423583984
1011,native_promotion_replan,supported_native_episode_loop,-19155.591,5.468,0.5799,-6.6278,151.0,0.42366412213740456,327.9050886876104,5.240062182254214,-44.51145038167939,4.250489710832054,0.0,4971.0,0.0,0.0,0.0,0.0,0.0,0.0,0.0,0.0,0.0,0.0,0.0,0.0,0.0,0.0,95053.475
1021,native_promotion_replan,supported_native_episode_loop,-3187.764,5.625,0.5918,-6.8086,106.0,0.5954198473282443,341.95048901678155,5.6384867905144205,-44.343511450381676,4.735396986133379,0.0,4970.0,0.0,0.0,0.0,0.0,0.0,0.0,0.0,0.0,0.0,0.0,0.0,0.0,0.0,0.0,1437.571955871582
1031,native_promotion_replan,supported_native_episode_loop,-18852.516,4.575,0.4913,-5.5576,192.0,0.26717557251908397,330.57336946977614,5.054029082452683,-44.43893129770992,4.479181231735369,1.0,4970.0,0.0,0.0,0.0,0.0,0.0,0.0,0.0,0.0,0.0,0.0,0.0,0.0,0.0,0.0,8196.8291015625
1041,native_promotion_replan,supported_native_episode_loop,-17354.554,5.09,0.6881,-6.4662,110.0,0.5801526717557252,348.5299933615304,6.944746380988063,-41.599236641221374,12.191368465686628,0.0,4973.0,0.0,0.0,0.0,0.0,0.0,0.0,0.0,0.0,0.0,0.0,0.0,0.0,0.0,0.0,50920.67563476563
1051,native_promotion_replan,supported_native_episode_loop,-2773.33,4.994,0.3424,-5.6788,121.0,0.5381679389312977,332.3939456975187,5.542188291685793,-44.52290076335878,4.193489408312964,0.6923076923076924,4970.0,0.0,0.0,0.0,0.0,0.0,0.0,0.0,0.0,0.0,0.0,0.0,0.0,0.0,0.0,36949.0369140625
1061,native_promotion_replan,supported_native_episode_loop,-18908.579,4.163,0.6201,-5.4032,163.0,0.37786259541984735,333.736023856544,6.480676617753074,-44.465648854961835,4.363795724894276,1.0,4971.0,0.0,0.0,0.0,0.0,0.0,0.0,0.0,0.0,0.0,0.0,0.0,0.0,0.0,0.0,15129.014990234375
1071,native_promotion_replan,supported_native_episode_loop,-2759.229,3.769,0.435,-4.639,138.0,0.4732824427480916,349.42437343536744,5.067812262131886,-44.13358778625954,5.028288080541879,0.5384615384615384,4970.0,0.0,0.0,0.0,0.0,0.0,0.0,0.0,0.0,0.0,0.0,0.0,0.0,0.0,0.0,39023.32309570313
1081,native_promotion_replan,supported_native_episode_loop,-18923.846,5.031,0.5066,-6.0442,121.0,0.5381679389312977,327.8285142726268,5.673840424400716,-44.49618320610687,4.310247058683938,0.0,4971.0,0.0,0.0,0.0,0.0,0.0,0.0,0.0,0.0,0.0,0.0,0.0,0.0,0.0,0.0,15530.57772216797
1091,native_promotion_replan,supported_native_episode_loop,-12705.142,10.78,0.6083,-11.996599999999999,105.0,0.5992366412213741,348.5267050750383,6.7291264292572155,-37.44656488549618,17.698142386283912,0.07692307692307698,4971.0,0.0,0.0,0.0,0.0,0.0,0.0,0.0,0.0,0.0,0.0,0.0,0.0,0.0,0.0,20712.509545898436
1101,native_promotion_replan,supported_native_episode_loop,-19000.533,4.939,0.5154,-5.9698,116.0,0.5572519083969466,342.9758958410519,5.106600262617455,-44.416030534351144,4.5229072052004256,0.0,4970.0,0.0,0.0,0.0,0.0,0.0,0.0,0.0,0.0,0.0,0.0,0.0,0.0,0.0,0.0,30593.376391601563
1111,native_promotion_replan,supported_native_episode_loop,-16203.7,4.176,0.6351,-5.4462,93.0,0.6450381679389313,337.9492989191875,4.974632178125513,-44.3587786259542,4.638979721812812,0.0,4971.0,0.0,0.0,0.0,0.0,0.0,0.0,0.0,0.0,0.0,0.0,0.0,0.0,0.0,0.0,51085.20412597656
1121,native_promotion_replan,supported_native_episode_loop,-2702.222,4.629,0.4553,-5.539599999999999,156.0,0.40458015267175573,342.8981877952246,10.213410666102194,-41.50763358778626,12.733241453437676,1.0,4971.0,0.0,0.0,0.0,0.0,0.0,0.0,0.0,0.0,0.0,0.0,0.0,0.0,0.0,0.0,21194.62626953125
1131,native_promotion_replan,supported_native_episode_loop,-2669.02,4.199,0.3854,-4.9698,103.0,0.6068702290076335,342.5554049069948,6.32824851534945,-44.19847328244275,5.20484191388392,0.5384615384615384,4971.0,0.0,0.0,0.0,0.0,0.0,0.0,0.0,0.0,0.0,0.0,0.0,0.0,0.0,0.0,5025.310464477539
1141,native_promotion_replan,supported_native_episode_loop,-20588.035,33.936,0.504,-34.944,121.0,0.5381679389312977,345.63336740839236,7.522376829083324,-44.19083969465649,4.811110715605457,0.23076923076923078,4970.0,0.0,0.0,0.0,0.0,0.0,0.0,0.0,0.0,0.0,0.0,0.0,0.0,0.0,0.0,53052.75090332031
1151,native_promotion_replan,supported_native_episode_loop,-18613.946,5.523,0.5113,-6.545599999999999,119.0,0.5458015267175572,329.3430698781219,5.997775440825527,-44.282442748091604,5.040711825959811,0.0,4971.0,0.0,0.0,0.0,0.0,0.0,0.0,0.0,0.0,0.0,0.0,0.0,0.0,0.0,0.0,51364.38203125
1161,native_promotion_replan,supported_native_episode_loop,-7134.496,12.378,0.5184,-13.4148,167.0,0.36259541984732824,332.1515944993223,4.355417352983792,-44.51526717557252,4.219836350114421,1.0,4970.0,0.0,0.0,0.0,0.0,0.0,0.0,0.0,0.0,0.0,0.0,0.0,0.0,0.0,0.0,112369.6953125
1171,native_promotion_replan,supported_native_episode_loop,-17502.261,51.696,0.5038,-52.703599999999994,135.0,0.4847328244274809,342.7710538535324,9.06857235124791,-44.23664122137404,4.676287529064482,0.0,4970.0,0.0,0.0,0.0,0.0,0.0,0.0,0.0,0.0,0.0,0.0,0.0,0.0,0.0,0.0,18380.0708984375
1181,native_promotion_replan,supported_native_episode_loop,-8706.607,4.71,0.5467,-5.8034,147.0,0.4389312977099237,350.86189507169786,6.491055258155447,-44.12977099236641,4.927562218095716,0.0,4970.0,0.0,0.0,0.0,0.0,0.0,0.0,0.0,0.0,0.0,0.0,0.0,0.0,0.0,0.0,20218.018005371094
1191,native_promotion_replan,supported_native_episode_loop,-3315.361,4.643,0.3643,-5.3716,194.0,0.2595419847328244,343.9198811988567,6.6987110286621165,-43.13740458015267,6.735191116120317,0.0,4970.0,0.0,0.0,0.0,0.0,0.0,0.0,0.0,0.0,0.0,0.0,0.0,0.0,0.0,0.0,7693.871755981445
1201,native_promotion_replan,supported_native_episode_loop,-18461.236,8.239,0.7751,-9.789200000000001,108.0,0.5877862595419847,333.9869634741894,5.288298427463894,-44.404580152671755,4.527740831526102,1.0,4970.0,0.0,0.0,0.0,0.0,0.0,0.0,0.0,0.0,0.0,0.0,0.0,0.0,0.0,0.0,4984.204504394531
1211,native_promotion_replan,supported_native_episode_loop,-15987.579,31.66,0.5978,-32.8556,119.0,0.5458015267175572,339.62713726522594,5.326304467958434,-44.48473282442748,4.347254521555197,1.0,4971.0,0.0,0.0,0.0,0.0,0.0,0.0,0.0,0.0,0.0,0.0,0.0,0.0,0.0,0.0,2517.7665588378904
1221,native_promotion_replan,supported_native_episode_loop,-2906.779,6.386,0.3663,-7.1186,134.0,0.48854961832061067,342.29590097693085,5.839864431574753,-44.43511450381679,4.479979615277405,1.0,4971.0,0.0,0.0,0.0,0.0,0.0,0.0,0.0,0.0,0.0,0.0,0.0,0.0,0.0,0.0,25797.733361816405
1231,native_promotion_replan,supported_native_episode_loop,-11828.142,9.086,0.5188,-10.1236,108.0,0.5877862595419847,339.3187317191303,5.977741255674196,-44.48854961832061,4.313774161301632,0.0,4971.0,0.0,0.0,0.0,0.0,0.0,0.0,0.0,0.0,0.0,0.0,0.0,0.0,0.0,0.0,2221.074124145508
1241,native_promotion_replan,supported_native_episode_loop,-2718.432,5.495,0.565,-6.625,114.0,0.5648854961832062,335.71018763443897,6.7478998928655685,-44.35496183206107,4.747031434622199,1.0,4971.0,0.0,0.0,0.0,0.0,0.0,0.0,0.0,0.0,0.0,0.0,0.0,0.0,0.0,0.0,2682.8288146972654
1251,native_promotion_replan,supported_native_episode_loop,-11820.509,5.114,0.1855,-5.484999999999999,192.0,0.26717557251908397,334.2048313436314,7.737643337199104,-44.31297709923664,4.7600179123815405,0.3846153846153846,4971.0,0.0,0.0,0.0,0.0,0.0,0.0,0.0,0.0,0.0,0.0,0.0,0.0,0.0,0.0,84997.84384765624
1261,native_promotion_replan,supported_native_episode_loop,-15436.773,4.259,0.5637,-5.3864,101.0,0.6145038167938931,344.11384707737153,7.853727022589266,-43.6793893129771,5.073155176402083,0.0,4970.0,0.0,0.0,0.0,0.0,0.0,0.0,0.0,0.0,0.0,0.0,0.0,0.0,0.0,0.0,61805.403149414065
1271,native_promotion_replan,supported_native_episode_loop,-18658.546,6.277,0.5562,-7.3894,130.0,0.5038167938931297,334.962750466513,5.469525595974241,-44.42748091603053,4.522261364924548,0.2169086876723354,4969.0,0.0,0.0,0.0,0.0,0.0,0.0,0.0,0.0,0.0,0.0,0.0,0.0,0.0,0.0,2331.005743408203
1281,native_promotion_replan,supported_native_episode_loop,-14728.604,4.492,0.4911,-5.4742,109.0,0.583969465648855,339.8760489819614,6.33210435815612,-44.49236641221374,4.270207788008094,0.0,4970.0,0.0,0.0,0.0,0.0,0.0,0.0,0.0,0.0,0.0,0.0,0.0,0.0,0.0,0.0,22577.967724609374
1291,native_promotion_replan,supported_native_episode_loop,-19316.711,23.76,0.4744,-24.7088,136.0,0.48091603053435117,350.16021807082376,9.189848495799206,-42.69465648854962,5.98521477261813,0.07692307692307698,4970.0,0.0,0.0,0.0,0.0,0.0,0.0,0.0,0.0,0.0,0.0,0.0,0.0,0.0,0.0,35055.65483398437
1301,native_promotion_replan,supported_native_episode_loop,-11238.12,6.669,0.3147,-7.298399999999999,141.0,0.4618320610687023,341.16366316705336,5.949125321763299,-44.52671755725191,4.177051526445086,0.0,4970.0,0.0,0.0,0.0,0.0,0.0,0.0,0.0,0.0,0.0,0.0,0.0,0.0,0.0,0.0,7095.996923828125
1311,native_promotion_replan,supported_native_episode_loop,-18484.604,4.191,0.6401,-5.4712,101.0,0.6145038167938931,323.5162819447408,5.3991262595884155,-44.49618320610687,4.296943784842856,0.0,4970.0,0.0,0.0,0.0,0.0,0.0,0.0,0.0,0.0,0.0,0.0,0.0,0.0,0.0,0.0,4191.847576904297
1321,native_promotion_replan,supported_native_episode_loop,-18932.174,4.962,0.6127,-6.1874,123.0,0.5305343511450382,334.98176386823485,11.809178710842838,-44.49618320610687,4.278249705964836,0.0,4970.0,0.0,0.0,0.0,0.0,0.0,0.0,0.0,0.0,0.0,0.0,0.0,0.0,0.0,0.0,3259.1223083496093
1331,native_promotion_replan,supported_native_episode_loop,-3089.843,4.3,0.4504,-5.2008,74.0,0.7175572519083969,340.51638622611534,3.9436597683942547,-44.43893129770992,4.456114634578129,0.0,4970.0,0.0,0.0,0.0,0.0,0.0,0.0,0.0,0.0,0.0,0.0,0.0,0.0,0.0,0.0,5837.001425170898
1341,native_promotion_replan,supported_native_episode_loop,-17085.129,7.151,0.4039,-7.9588,95.0,0.6374045801526718,336.71618339263154,8.23766401024921,-44.51526717557252,4.225259796564532,0.0,4972.0,0.0,0.0,0.0,0.0,0.0,0.0,0.0,0.0,0.0,0.0,0.0,0.0,0.0,0.0,6010.640197753906
1351,native_promotion_replan,supported_native_episode_loop,-20829.849,41.61,0.6679,-42.9458,112.0,0.5725190839694656,334.92722918690004,4.849950483869373,-44.41984732824427,4.5263506667480735,0.0,4970.0,0.0,0.0,0.0,0.0,0.0,0.0,0.0,0.0,0.0,0.0,0.0,0.0,0.0,0.0,51883.2876953125
1361,native_promotion_replan,supported_native_episode_loop,-4868.978,4.778,0.2982,-5.3744,115.0,0.5610687022900763,343.7337716275499,4.54466806442132,-44.41984732824427,4.5229764544186715,0.0,4971.0,0.0,0.0,0.0,0.0,0.0,0.0,0.0,0.0,0.0,0.0,0.0,0.0,0.0,0.0,82405.22299804687
1371,native_promotion_replan,supported_native_episode_loop,-12479.238,6.109,0.6507,-7.4104,145.0,0.44656488549618323,348.31373902517765,5.322459771081584,-43.958015267175576,5.441057572863689,1.0,4969.0,0.0,0.0,0.0,0.0,0.0,0.0,0.0,0.0,0.0,0.0,0.0,0.0,0.0,0.0,9254.957287597656
1381,native_promotion_replan,supported_native_episode_loop,-18174.538,5.222,0.6117,-6.4454,136.0,0.48091603053435117,340.35241009059143,10.990244581370108,-44.229007633587784,4.820542691402743,0.0,4971.0,0.0,0.0,0.0,0.0,0.0,0.0,0.0,0.0,0.0,0.0,0.0,0.0,0.0,0.0,8353.88882446289
1391,native_promotion_replan,supported_native_episode_loop,-2920.864,5.165,0.4682,-6.1014,97.0,0.6297709923664122,344.11986868196465,5.214529421617702,-43.38549618320611,7.222754778189781,0.0,4970.0,0.0,0.0,0.0,0.0,0.0,0.0,0.0,0.0,0.0,0.0,0.0,0.0,0.0,0.0,7931.963156127929
1401,native_promotion_replan,supported_native_episode_loop,-2785.493,4.617,0.4471,-5.5112,147.0,0.4389312977099237,338.5071946963099,5.4956562347086875,-44.412213740458014,4.552275211712267,0.0,4970.0,0.0,0.0,0.0,0.0,0.0,0.0,0.0,0.0,0.0,0.0,0.0,0.0,0.0,0.0,90.5175253868103
1411,native_promotion_replan,supported_native_episode_loop,-9410.429,18.65,0.3267,-19.3034,113.0,0.5687022900763359,340.25238632382326,6.528304426276622,-44.24809160305343,4.855497413926512,0.0,4970.0,0.0,0.0,0.0,0.0,0.0,0.0,0.0,0.0,0.0,0.0,0.0,0.0,0.0,0.0,32844.73203125
1421,native_promotion_replan,supported_native_episode_loop,-20216.71,9.644,0.47,-10.584,101.0,0.6145038167938931,338.5901830183906,7.157609389765592,-44.56106870229008,4.058975024213428,0.0,4971.0,0.0,0.0,0.0,0.0,0.0,0.0,0.0,0.0,0.0,0.0,0.0,0.0,0.0,0.0,97889.4166015625
1431,native_promotion_replan,supported_native_episode_loop,-2802.199,3.616,0.4195,-4.455,168.0,0.35877862595419846,341.2214273734715,6.644490493326596,-44.343511450381676,4.746667762261092,0.0,4970.0,0.0,0.0,0.0,0.0,0.0,0.0,0.0,0.0,0.0,0.0,0.0,0.0,0.0,0.0,27307.391650390626
1441,native_promotion_replan,supported_native_episode_loop,-4290.197,4.957,0.6239,-6.2048,179.0,0.31679389312977096,343.0185379366194,14.538113536803609,-44.25954198473283,4.610952421460247,0.3846153846153846,4971.0,0.0,0.0,0.0,0.0,0.0,0.0,0.0,0.0,0.0,0.0,0.0,0.0,0.0,0.0,553.9709175109863
1451,native_promotion_replan,supported_native_episode_loop,-12537.922,6.28,0.5982,-7.4764,150.0,0.42748091603053434,345.4955978353515,4.9347489297603815,-44.2442748091603,4.985615343361421,0.0,4970.0,0.0,0.0,0.0,0.0,0.0,0.0,0.0,0.0,0.0,0.0,0.0,0.0,0.0,0.0,8893.404339599609
1461,native_promotion_replan,supported_native_episode_loop,-3082.811,4.086,0.5369,-5.159800000000001,186.0,0.2900763358778626,345.2532073938759,4.645643752491104,-44.19465648854962,5.276721353338503,0.23076923076923078,4970.0,0.0,0.0,0.0,0.0,0.0,0.0,0.0,0.0,0.0,0.0,0.0,0.0,0.0,0.0,12704.285382080077
1471,native_promotion_replan,supported_native_episode_loop,-18895.672,5.855,0.4686,-6.7922,190.0,0.2748091603053435,348.4495315149204,9.150129830247824,-43.3587786259542,6.527766533265845,1.0,4972.0,0.0,0.0,0.0,0.0,0.0,0.0,0.0,0.0,0.0,0.0,0.0,0.0,0.0,0.0,25604.23093261719
201,native_learned_gate,supported_native_episode_loop,-18997.869,5.2,0.5484,-6.2968,66.0,0.7480916030534351,334.5140595732603,8.467248306683421,-44.43511450381679,4.462907751407808,0.0,4971.0,0.0,0.0,0.0,0.0,0.0,0.0,0.0,0.0,0.0,0.0,0.0,0.0,0.0,0.0,35762.14130859375
211,native_learned_gate,supported_native_episode_loop,-5153.2,11.836,0.4749,-12.7858,66.0,0.7480916030534351,341.932229619915,5.866115286773882,-44.458015267175576,4.408111090827894,1.0,4970.0,2.0,2.0,0.9820137900379085,0.0,0.0,0.0,0.0,0.0,0.0,0.0,0.0,0.0,0.0,0.0,1362.0461257934571
221,native_learned_gate,supported_native_episode_loop,-18428.779,4.752,0.3915,-5.535,66.0,0.7480916030534351,343.7513177893392,6.175622640845034,-44.31679389312977,4.75294448988542,0.0,4972.0,2.0,2.0,0.9820137900379085,0.0,0.0,0.0,0.0,0.0,0.0,0.0,0.0,0.0,0.0,0.0,73198.87197265626
231,native_learned_gate,supported_native_episode_loop,-10202.391,4.384,0.4667,-5.3174,66.0,0.7480916030534351,335.14185112273424,9.184890124372023,-44.49236641221374,4.290716382126527,0.8461538461538461,4970.0,2.0,2.0,0.9820137900379085,0.0,0.0,0.0,0.0,0.0,0.0,0.0,0.0,0.0,0.0,0.0,2883.6241607666016
241,native_learned_gate,supported_native_episode_loop,-2795.758,8.528,0.4779,-9.4838,66.0,0.7480916030534351,326.2204480455122,6.993642993862231,-44.38931297709924,4.640631240103601,1.0,4970.0,2.0,2.0,0.9820137900379085,0.0,0.0,0.0,0.0,0.0,0.0,0.0,0.0,0.0,0.0,0.0,11354.89617614746
251,native_learned_gate,supported_native_episode_loop,-2558.057,3.775,0.3811,-4.5372,66.0,0.7480916030534351,343.1458533036174,7.283128429475142,-44.416030534351144,4.491575095527438,1.0,4970.0,2.0,2.0,0.9820137900379085,0.0,0.0,0.0,0.0,0.0,0.0,0.0,0.0,0.0,0.0,0.0,114.81888608932495
261,native_learned_gate,supported_native_episode_loop,-2726.685,7.324,0.4328,-8.1896,66.0,0.7480916030534351,339.7581985558073,7.435604256261981,-44.52671755725191,4.198015242190195,1.0,4971.0,1.0,1.0,0.9820137900379085,0.0,0.0,0.0,0.0,0.0,0.0,0.0,0.0,0.0,0.0,0.0,7606.402758789062
271,native_learned_gate,supported_native_episode_loop,-19898.282,19.487,0.4719,-20.430799999999998,66.0,0.7480916030534351,335.05775189800124,4.091879076996294,-44.530534351145036,4.1724540736731415,0.0,4970.0,2.0,2.0,0.9820137900379085,0.0,0.0,0.0,0.0,0.0,0.0,0.0,0.0,0.0,0.0,0.0,60132.021875
281,native_learned_gate,supported_native_episode_loop,-15370.924,4.467,0.6436,-5.754199999999999,66.0,0.7480916030534351,335.62251529171874,5.070251806126945,-44.538167938931295,4.134715401658565,0.0,4972.0,2.0,2.0,0.9820137900379085,0.0,0.0,0.0,0.0,0.0,0.0,0.0,0.0,0.0,0.0,0.0,31099.560388183592
291,native_learned_gate,supported_native_episode_loop,-11423.6,5.475,0.4932,-6.461399999999999,66.0,0.7480916030534351,346.64262206862287,5.3921637258948385,-44.42748091603053,4.483269210578515,0.0,4971.0,2.0,2.0,0.9820137900379085,0.0,0.0,0.0,0.0,0.0,0.0,0.0,0.0,0.0,0.0,0.0,47669.23686523437
301,native_learned_gate,supported_native_episode_loop,-3047.724,6.194,0.5402,-7.2744,66.0,0.7480916030534351,348.81216044941345,12.077030768693481,-32.01526717557252,19.80341736752609,0.5384615384615384,4971.0,2.0,2.0,0.9820137900379085,0.0,0.0,0.0,0.0,0.0,0.0,0.0,0.0,0.0,0.0,0.0,3288.3021591186525
311,native_learned_gate,supported_native_episode_loop,-13111.415,5.539,0.5406,-6.6202,66.0,0.7480916030534351,346.49772289198927,10.943637380437341,-40.17175572519084,13.78782389491263,0.0,4971.0,2.0,2.0,0.9820137900379085,0.0,0.0,0.0,0.0,0.0,0.0,0.0,0.0,0.0,0.0,0.0,81121.21767578126
321,native_learned_gate,supported_native_episode_loop,-2833.783,4.792,0.5859,-5.9638,66.0,0.7480916030534351,331.2921035310391,5.039523753001377,-44.50381679389313,4.277357473815105,0.0,4970.0,2.0,2.0,0.9820137900379085,0.0,0.0,0.0,0.0,0.0,0.0,0.0,0.0,0.0,0.0,0.0,47475.91722412109
331,native_learned_gate,supported_native_episode_loop,-3805.524,5.667,0.4203,-6.5076,66.0,0.7480916030534351,343.4336887136594,6.117986494650116,-44.19083969465649,5.139451516488187,0.0,4971.0,2.0,2.0,0.9820137900379085,0.0,0.0,0.0,0.0,0.0,0.0,0.0,0.0,0.0,0.0,0.0,619.4031410217285
341,native_learned_gate,supported_native_episode_loop,-17320.165,15.259,0.6436,-16.5462,66.0,0.7480916030534351,328.92179580329326,4.526443329230261,-44.538167938931295,4.160482172865041,0.0,4971.0,2.0,2.0,0.9820137900379085,0.0,0.0,0.0,0.0,0.0,0.0,0.0,0.0,0.0,0.0,0.0,16360.07626953125
351,native_learned_gate,supported_native_episode_loop,-16923.804,5.248,0.4705,-6.189,66.0,0.7480916030534351,340.2062035689752,6.179209465014487,-44.30534351145038,4.750079356140639,0.0,4970.0,2.0,2.0,0.9820137900379085,0.0,0.0,0.0,0.0,0.0,0.0,0.0,0.0,0.0,0.0,0.0,4157.055825805664
361,native_learned_gate,supported_native_episode_loop,-3028.322,5.679,0.3388,-6.3566,66.0,0.7480916030534351,334.7753804337887,4.9910249685427015,-44.469465648854964,4.372561796136647,0.0,4970.0,2.0,2.0,0.9820137900379085,0.0,0.0,0.0,0.0,0.0,0.0,0.0,0.0,0.0,0.0,0.0,883.2847702026368
371,native_learned_gate,supported_native_episode_loop,-2622.083,8.455,0.3905,-9.236,66.0,0.7480916030534351,345.3633992626126,7.169327437662639,-44.25190839694657,4.982172050697761,0.0,4970.0,2.0,2.0,0.9820137900379085,0.0,0.0,0.0,0.0,0.0,0.0,0.0,0.0,0.0,0.0,0.0,4697.750453948975
381,native_learned_gate,supported_native_episode_loop,-19766.528,30.268,0.6191,-31.5062,66.0,0.7480916030534351,342.39522418002133,8.063569722860018,-44.43511450381679,4.458629571812913,0.0,4971.0,2.0,2.0,0.9820137900379085,0.0,0.0,0.0,0.0,0.0,0.0,0.0,0.0,0.0,0.0,0.0,103322.24418945312
391,native_learned_gate,supported_native_episode_loop,-14583.663,5.774,0.5721,-6.918200000000001,66.0,0.7480916030534351,337.4454423385343,12.110156006892883,-44.13358778625954,5.230680347601268,0.8679309139489686,4971.0,2.0,2.0,0.9820137900379085,0.0,0.0,0.0,0.0,0.0,0.0,0.0,0.0,0.0,0.0,0.0,1356.9577621459962
401,native_learned_gate,supported_native_episode_loop,-2755.557,5.076,0.3705,-5.816999999999999,66.0,0.7480916030534351,345.9692827495493,5.294308698344113,-44.270992366412216,4.6354753628550736,0.0,4970.0,2.0,2.0,0.9820137900379085,0.0,0.0,0.0,0.0,0.0,0.0,0.0,0.0,0.0,0.0,0.0,47104.53410644531
411,native_learned_gate,supported_native_episode_loop,-20669.855,16.567,0.4115,-17.39,66.0,0.7480916030534351,337.460874963465,9.737626375685101,-44.47709923664122,4.3682418229466045,0.23076923076923078,4970.0,2.0,2.0,0.9820137900379085,0.0,0.0,0.0,0.0,0.0,0.0,0.0,0.0,0.0,0.0,0.0,53242.76870117187
421,native_learned_gate,supported_native_episode_loop,-2836.753,4.172,0.5253,-5.2226,66.0,0.7480916030534351,343.1157028919105,8.195238757727164,-44.274809160305345,4.851305695203409,0.0,4970.0,2.0,2.0,0.9820137900379085,0.0,0.0,0.0,0.0,0.0,0.0,0.0,0.0,0.0,0.0,0.0,2501.2482513427735
431,native_learned_gate,supported_native_episode_loop,-9109.401,5.042,0.4311,-5.9041999999999994,66.0,0.7480916030534351,338.99177726579984,9.11837667761051,-44.51145038167939,4.239700429093315,1.0,4972.0,2.0,2.0,0.9820137900379085,0.0,0.0,0.0,0.0,0.0,0.0,0.0,0.0,0.0,0.0,0.0,19123.392419433592
441,native_learned_gate,supported_native_episode_loop,-19720.717,40.108,0.2776,-40.663199999999996,66.0,0.7480916030534351,343.5705646904371,9.235224614883668,-44.36259541984733,4.663711392316072,0.0,4971.0,2.0,2.0,0.9820137900379085,0.0,0.0,0.0,0.0,0.0,0.0,0.0,0.0,0.0,0.0,0.0,47362.99150390625
451,native_learned_gate,supported_native_episode_loop,-2703.048,4.442,0.4856,-5.4132,66.0,0.7480916030534351,346.62900130377164,5.0094009581741945,-44.11832061068702,5.274644831235755,1.0,4970.0,2.0,2.0,0.9820137900379085,0.0,0.0,0.0,0.0,0.0,0.0,0.0,0.0,0.0,0.0,0.0,32335.015002441407
461,native_learned_gate,supported_native_episode_loop,-19104.582,6.203,0.364,-6.931,66.0,0.7480916030534351,350.00793102712913,5.695963946173643,-44.4236641221374,4.493410477493363,0.5384615384615384,4970.0,2.0,2.0,0.9820137900379085,0.0,0.0,0.0,0.0,0.0,0.0,0.0,0.0,0.0,0.0,0.0,13714.715295410157
471,native_learned_gate,supported_native_episode_loop,-19841.365,9.301,0.4813,-10.2636,66.0,0.7480916030534351,337.764455010175,6.946568033790847,-44.270992366412216,4.901222601012377,0.0,4971.0,0.0,0.0,0.0,0.0,0.0,0.0,0.0,0.0,0.0,0.0,0.0,0.0,0.0,0.0,3346.5365234375
481,native_learned_gate,supported_native_episode_loop,-3103.9,5.213,0.459,-6.131,66.0,0.7480916030534351,340.9708743793591,6.3869020708525435,-44.13740458015267,4.993527656340305,0.0,4970.0,2.0,2.0,0.9820137900379085,0.0,0.0,0.0,0.0,0.0,0.0,0.0,0.0,0.0,0.0,0.0,11483.236541748047
491,native_learned_gate,supported_native_episode_loop,-14491.899,5.198,0.5638,-6.3256000000000006,66.0,0.7480916030534351,338.46175705036745,5.176723030499368,-44.267175572519086,4.979843995657164,0.6923076923076924,4970.0,2.0,2.0,0.9820137900379085,0.0,0.0,0.0,0.0,0.0,0.0,0.0,0.0,0.0,0.0,0.0,4706.8509521484375
501,native_learned_gate,supported_native_episode_loop,-3121.56,4.7,0.4577,-5.6154,66.0,0.7480916030534351,332.9284420751433,10.53261150080067,-44.35496183206107,4.7566701057279985,0.3846153846153846,4972.0,2.0,2.0,0.9820137900379085,0.0,0.0,0.0,0.0,0.0,0.0,0.0,0.0,0.0,0.0,0.0,23773.720568847657
511,native_learned_gate,supported_native_episode_loop,-2709.404,5.706,0.4824,-6.670800000000001,66.0,0.7480916030534351,339.70220589935406,5.413347004373555,-44.1412213740458,5.308704794942783,0.0,4970.0,0.0,0.0,0.0,0.0,0.0,0.0,0.0,0.0,0.0,0.0,0.0,0.0,0.0,0.0,763.0951015472413
521,native_learned_gate,supported_native_episode_loop,-18706.819,5.818,0.6446,-7.1072,66.0,0.7480916030534351,332.64764284102756,14.40067239597188,-44.396946564885496,4.360088572027328,0.0,4972.0,2.0,2.0,0.9820137900379085,0.0,0.0,0.0,0.0,0.0,0.0,0.0,0.0,0.0,0.0,0.0,32081.888525390626
531,native_learned_gate,supported_native_episode_loop,-2820.557,7.353,0.5181,-8.389199999999999,66.0,0.7480916030534351,340.81277395617263,5.743637011683329,-44.41984732824427,4.481436176684767,0.0,4971.0,2.0,2.0,0.9820137900379085,0.0,0.0,0.0,0.0,0.0,0.0,0.0,0.0,0.0,0.0,0.0,11712.91734008789
541,native_learned_gate,supported_native_episode_loop,-15310.671,6.123,0.6089,-7.3408,66.0,0.7480916030534351,337.1873188003025,6.772198203509418,-44.396946564885496,4.5920265933230295,1.0,4972.0,0.0,0.0,0.0,0.0,0.0,0.0,0.0,0.0,0.0,0.0,0.0,0.0,0.0,0.0,35323.07789306641
551,native_learned_gate,supported_native_episode_loop,-2711.034,6.569,0.4923,-7.5536,66.0,0.7480916030534351,342.91766660178587,6.692828993035914,-44.034351145038165,4.784154363723417,0.9732971731083753,4970.0,2.0,2.0,0.9820137900379085,0.0,0.0,0.0,0.0,0.0,0.0,0.0,0.0,0.0,0.0,0.0,9876.961473083496
561,native_learned_gate,supported_native_episode_loop,-9305.636,4.889,0.4071,-5.703200000000001,66.0,0.7480916030534351,336.54412968660733,6.80313006040816,-44.465648854961835,4.372533476883643,1.0,4970.0,2.0,2.0,0.9820137900379085,0.0,0.0,0.0,0.0,0.0,0.0,0.0,0.0,0.0,0.0,0.0,47870.634765625
571,native_learned_gate,supported_native_episode_loop,-8744.783,3.608,0.5909,-4.7898,66.0,0.7480916030534351,329.8682370794942,4.304669235553817,-44.54961832061068,4.126277253949163,0.0,4970.0,2.0,2.0,0.9820137900379085,0.0,0.0,0.0,0.0,0.0,0.0,0.0,0.0,0.0,0.0,0.0,6297.859466552734
581,native_learned_gate,supported_native_episode_loop,-18913.932,6.076,0.3642,-6.804399999999999,66.0,0.7480916030534351,340.1699214603458,5.006367024540143,-44.5,4.281818476494403,0.0,4971.0,2.0,2.0,0.9820137900379085,0.0,0.0,0.0,0.0,0.0,0.0,0.0,0.0,0.0,0.0,0.0,64552.6001953125
591,native_learned_gate,supported_native_episode_loop,-18446.884,4.487,0.5167,-5.5204,66.0,0.7480916030534351,340.4021275428036,4.43285887795203,-44.534351145038165,4.1614327206997945,0.3846153846153846,4970.0,2.0,2.0,0.9820137900379085,0.0,0.0,0.0,0.0,0.0,0.0,0.0,0.0,0.0,0.0,0.0,8695.581134033204
601,native_learned_gate,supported_native_episode_loop,-13126.662,5.92,0.5112,-6.9424,66.0,0.7480916030534351,345.0466046903576,5.220790760766682,-44.32442748091603,4.796398006059052,1.0,4971.0,1.0,1.0,0.9820137900379085,0.0,0.0,0.0,0.0,0.0,0.0,0.0,0.0,0.0,0.0,0.0,7479.715472412109
611,native_learned_gate,supported_native_episode_loop,-9242.212,5.507,0.5489,-6.6048,66.0,0.7480916030534351,347.304540734831,6.044236912102664,-44.43893129770992,4.462961610723472,0.23076923076923078,4972.0,2.0,2.0,0.9820137900379085,0.0,0.0,0.0,0.0,0.0,0.0,0.0,0.0,0.0,0.0,0.0,8475.2314453125
621,native_learned_gate,supported_native_episode_loop,-3019.021,5.311,0.4511,-6.2132,66.0,0.7480916030534351,334.08484742938714,5.764521477289826,-44.14885496183206,5.3756571252808,0.0,4971.0,1.0,1.0,0.9820137900379085,0.0,0.0,0.0,0.0,0.0,0.0,0.0,0.0,0.0,0.0,0.0,4314.71086730957
631,native_learned_gate,supported_native_episode_loop,-3819.147,6.053,0.4931,-7.0392,66.0,0.7480916030534351,349.53388455316,13.58833664313814,-16.400763358778626,34.3369540237777,1.0,4970.0,2.0,2.0,0.9820137900379085,0.0,0.0,0.0,0.0,0.0,0.0,0.0,0.0,0.0,0.0,0.0,12311.462982177734
641,native_learned_gate,supported_native_episode_loop,-17152.751,7.059,0.5275,-8.114,66.0,0.7480916030534351,339.5782865704471,16.06873265201557,-39.30534351145038,12.709251982343499,1.0,4970.0,2.0,2.0,0.9820137900379085,0.0,0.0,0.0,0.0,0.0,0.0,0.0,0.0,0.0,0.0,0.0,6865.861328125
651,native_learned_gate,supported_native_episode_loop,-18252.562,4.818,0.7198,-6.2576,66.0,0.7480916030534351,334.24147639911587,5.859160378499021,-44.30916030534351,4.957051425686204,0.8461538461538461,4971.0,2.0,2.0,0.9820137900379085,0.0,0.0,0.0,0.0,0.0,0.0,0.0,0.0,0.0,0.0,0.0,28651.604638671874
661,native_learned_gate,supported_native_episode_loop,-18964.528,7.253,0.4498,-8.1526,66.0,0.7480916030534351,339.80837601727353,4.785650726616384,-44.41984732824427,4.528879676225624,0.0,4970.0,2.0,2.0,0.9820137900379085,0.0,0.0,0.0,0.0,0.0,0.0,0.0,0.0,0.0,0.0,0.0,18750.440673828125
671,native_learned_gate,supported_native_episode_loop,-14833.663,28.36,0.3982,-29.156399999999998,66.0,0.7480916030534351,341.9811122387193,4.75482999325053,-44.469465648854964,4.352438872856204,0.5384615384615384,4971.0,2.0,2.0,0.9820137900379085,0.0,0.0,0.0,0.0,0.0,0.0,0.0,0.0,0.0,0.0,0.0,105706.0861328125
681,native_learned_gate,supported_native_episode_loop,-18408.504,17.284,0.6432,-18.5704,66.0,0.7480916030534351,338.8398951686976,5.010873975688811,-44.461832061068705,4.383834948682797,0.0,4971.0,2.0,2.0,0.9820137900379085,0.0,0.0,0.0,0.0,0.0,0.0,0.0,0.0,0.0,0.0,0.0,14143.131970214843
691,native_learned_gate,supported_native_episode_loop,-11017.504,4.096,0.6296,-5.3552,66.0,0.7480916030534351,337.14989697987795,4.454201997907308,-44.43129770992366,4.493533674162735,0.0,4970.0,2.0,2.0,0.9820137900379085,0.0,0.0,0.0,0.0,0.0,0.0,0.0,0.0,0.0,0.0,0.0,14659.698071289062
701,native_learned_gate,supported_native_episode_loop,-2840.16,4.63,0.463,-5.556,66.0,0.7480916030534351,346.4252768085658,8.320164530093583,-43.47709923664122,5.999161072208743,0.0,4971.0,2.0,2.0,0.9820137900379085,0.0,0.0,0.0,0.0,0.0,0.0,0.0,0.0,0.0,0.0,0.0,473.377087020874
711,native_learned_gate,supported_native_episode_loop,-5641.51,7.614,0.5164,-8.646799999999999,66.0,0.7480916030534351,346.79541613282134,4.26979638322439,-44.347328244274806,4.678761959365785,1.0,4970.0,2.0,2.0,0.9820137900379085,0.0,0.0,0.0,0.0,0.0,0.0,0.0,0.0,0.0,0.0,0.0,5624.566018676758
721,native_learned_gate,supported_native_episode_loop,-7994.922,5.417,0.5196,-6.4562,66.0,0.7480916030534351,341.8133644443129,7.397697308482241,-44.32824427480916,4.880937758871616,0.8461538461538461,4970.0,2.0,2.0,0.9820137900379085,0.0,0.0,0.0,0.0,0.0,0.0,0.0,0.0,0.0,0.0,0.0,8230.22208251953
731,native_learned_gate,supported_native_episode_loop,-15980.481,4.323,0.661,-5.6450000000000005,66.0,0.7480916030534351,346.10869312386853,5.203938325806691,-43.85496183206107,5.537687859621945,0.0,4971.0,2.0,2.0,0.9820137900379085,0.0,0.0,0.0,0.0,0.0,0.0,0.0,0.0,0.0,0.0,0.0,67658.505078125
741,native_learned_gate,supported_native_episode_loop,-18199.78,5.63,0.5185,-6.667,66.0,0.7480916030534351,336.47195197085995,5.151721188429891,-44.270992366412216,5.009822238616569,0.0,4970.0,2.0,2.0,0.9820137900379085,0.0,0.0,0.0,0.0,0.0,0.0,0.0,0.0,0.0,0.0,0.0,80536.69914550781
751,native_learned_gate,supported_native_episode_loop,-17196.539,4.775,0.4823,-5.7396,66.0,0.7480916030534351,336.6462458685761,7.2163896839936745,-44.545801526717554,4.1447798409655,0.0,4971.0,2.0,2.0,0.9820137900379085,0.0,0.0,0.0,0.0,0.0,0.0,0.0,0.0,0.0,0.0,0.0,5111.586087036133
761,native_learned_gate,supported_native_episode_loop,-19420.732,26.205,0.3645,-26.933999999999997,66.0,0.7480916030534351,349.620546914876,5.239211538698594,-44.347328244274806,4.666509365212339,1.0,4971.0,2.0,2.0,0.9820137900379085,0.0,0.0,0.0,0.0,0.0,0.0,0.0,0.0,0.0,0.0,0.0,61182.53271484375
771,native_learned_gate,supported_native_episode_loop,-5717.733,4.127,0.4951,-5.1171999999999995,66.0,0.7480916030534351,344.7098114364437,6.9389360306315275,-44.33206106870229,4.804621934679346,0.0,4971.0,2.0,2.0,0.9820137900379085,0.0,0.0,0.0,0.0,0.0,0.0,0.0,0.0,0.0,0.0,0.0,3329.4701263427733
781,native_learned_gate,supported_native_episode_loop,-3228.891,11.102,0.4212,-11.9444,66.0,0.7480916030534351,347.73861525036756,5.348496798256823,-44.24045801526717,4.798159294422132,0.0,4971.0,2.0,2.0,0.9820137900379085,0.0,0.0,0.0,0.0,0.0,0.0,0.0,0.0,0.0,0.0,0.0,1882.6015640258788
791,native_learned_gate,supported_native_episode_loop,-9970.281,14.671,0.2909,-15.252799999999999,66.0,0.7480916030534351,336.5686335298624,6.062481642593518,-44.530534351145036,4.1724540736731415,0.5384615384615384,4971.0,1.0,1.0,0.9820137900379085,0.0,0.0,0.0,0.0,0.0,0.0,0.0,0.0,0.0,0.0,0.0,4570.069421386719
801,native_learned_gate,supported_native_episode_loop,-20504.507,20.955,0.6869,-22.328799999999998,66.0,0.7480916030534351,333.1603923965047,5.389228951170779,-44.5,4.256786229966639,1.0,4971.0,2.0,2.0,0.9820137900379085,0.0,0.0,0.0,0.0,0.0,0.0,0.0,0.0,0.0,0.0,0.0,16713.543115234374
811,native_learned_gate,supported_native_episode_loop,-2678.923,7.686,0.2857,-8.2574,66.0,0.7480916030534351,351.9976217044295,4.184548778720296,-43.9236641221374,5.899434984733239,0.0,4971.0,0.0,0.0,0.0,0.0,0.0,0.0,0.0,0.0,0.0,0.0,0.0,0.0,0.0,0.0,1693.7485061645507
821,native_learned_gate,supported_native_episode_loop,-10996.252,5.845,0.5183,-6.8816,66.0,0.7480916030534351,333.958781281197,4.763912065040073,-44.52290076335878,4.193489408312964,1.0,4971.0,2.0,2.0,0.9820137900379085,0.0,0.0,0.0,0.0,0.0,0.0,0.0,0.0,0.0,0.0,0.0,6254.393371582031
831,native_learned_gate,supported_native_episode_loop,-17933.715,4.229,0.5204,-5.2698,66.0,0.7480916030534351,336.5850292096611,9.33409880249232,-44.48854961832061,4.347266250253307,0.0,4970.0,0.0,0.0,0.0,0.0,0.0,0.0,0.0,0.0,0.0,0.0,0.0,0.0,0.0,0.0,177057.1083984375
841,native_learned_gate,supported_native_episode_loop,-18869.225,4.779,0.3592,-5.4974,66.0,0.7480916030534351,342.3529390927186,4.068026380273602,-44.48473282442748,4.3305408100193645,1.0,4970.0,2.0,2.0,0.9820137900379085,0.0,0.0,0.0,0.0,0.0,0.0,0.0,0.0,0.0,0.0,0.0,2570.9910003662108
851,native_learned_gate,supported_native_episode_loop,-2679.694,5.147,0.4189,-5.9848,66.0,0.7480916030534351,339.2115615347348,5.778509539243173,-44.43511450381679,4.458629571812913,0.3846153846153846,4971.0,0.0,0.0,0.0,0.0,0.0,0.0,0.0,0.0,0.0,0.0,0.0,0.0,0.0,0.0,18768.384857177734
861,native_learned_gate,supported_native_episode_loop,-13621.598,5.652,0.4254,-6.502800000000001,66.0,0.7480916030534351,344.5323011438355,5.450545589847783,-43.774809160305345,6.271744993933007,0.0,4970.0,0.0,0.0,0.0,0.0,0.0,0.0,0.0,0.0,0.0,0.0,0.0,0.0,0.0,0.0,45542.14057617188
871,native_learned_gate,supported_native_episode_loop,-18759.81,4.313,0.7053,-5.723599999999999,66.0,0.7480916030534351,340.4419743440988,7.440289623472113,-44.31297709923664,4.8229476423975015,0.0,4971.0,2.0,2.0,0.9820137900379085,0.0,0.0,0.0,0.0,0.0,0.0,0.0,0.0,0.0,0.0,0.0,7135.811114501953
881,native_learned_gate,supported_native_episode_loop,-2689.537,4.151,0.5459,-5.2428,66.0,0.7480916030534351,337.9500556507183,4.257095897211815,-44.16030534351145,5.363599101966206,1.0,4971.0,2.0,2.0,0.9820137900379085,0.0,0.0,0.0,0.0,0.0,0.0,0.0,0.0,0.0,0.0,0.0,11237.7060546875
891,native_learned_gate,supported_native_episode_loop,-18685.841,6.253,0.4097,-7.0724,66.0,0.7480916030534351,342.8399375436832,9.48443962465174,-44.225190839694655,5.074150077538279,0.8461538461538461,4970.0,2.0,2.0,0.9820137900379085,0.0,0.0,0.0,0.0,0.0,0.0,0.0,0.0,0.0,0.0,0.0,114374.97026367187
901,native_learned_gate,supported_native_episode_loop,-17945.263,35.111,0.6382,-36.3874,66.0,0.7480916030534351,341.48388482608266,8.8046312328136,-44.091603053435115,5.556030190344652,0.23076923076923078,4970.0,2.0,2.0,0.9820137900379085,0.0,0.0,0.0,0.0,0.0,0.0,0.0,0.0,0.0,0.0,0.0,14902.412280273438
911,native_learned_gate,supported_native_episode_loop,-18942.008,8.615,0.1609,-8.9368,66.0,0.7480916030534351,338.28017895842027,6.380960425357587,-44.267175572519086,5.115944880724324,1.0,4971.0,1.0,1.0,0.9820137900379085,0.0,0.0,0.0,0.0,0.0,0.0,0.0,0.0,0.0,0.0,0.0,50296.70869140625
921,native_learned_gate,supported_native_episode_loop,-3018.607,5.627,0.4984,-6.6238,66.0,0.7480916030534351,337.23531592298707,5.259843851360593,-44.39312977099237,4.611844870038118,0.0,4971.0,2.0,2.0,0.9820137900379085,0.0,0.0,0.0,0.0,0.0,0.0,0.0,0.0,0.0,0.0,0.0,545.5838195800782
931,native_learned_gate,supported_native_episode_loop,-4213.219,5.714,0.4507,-6.6154,66.0,0.7480916030534351,341.827325119954,5.040855402119695,-44.416030534351144,4.514460511400152,1.0,4972.0,2.0,2.0,0.9820137900379085,0.0,0.0,0.0,0.0,0.0,0.0,0.0,0.0,0.0,0.0,0.0,70305.20234375
941,native_learned_gate,supported_native_episode_loop,-19427.81,8.237,0.5742,-9.3854,66.0,0.7480916030534351,346.9759500902117,4.79110578554876,-43.86259541984733,6.122494326273092,0.0,4970.0,2.0,2.0,0.9820137900379085,0.0,0.0,0.0,0.0,0.0,0.0,0.0,0.0,0.0,0.0,0.0,6361.1873779296875
951,native_learned_gate,supported_native_episode_loop,-3093.36,4.066,0.5918,-5.2496,66.0,0.7480916030534351,340.1093214618492,13.851166024283577,-43.69083969465649,6.373237824184437,0.0,4970.0,2.0,2.0,0.9820137900379085,0.0,0.0,0.0,0.0,0.0,0.0,0.0,0.0,0.0,0.0,0.0,96918.27150878907
961,native_learned_gate,supported_native_episode_loop,-12597.097,3.952,0.6061,-5.1642,66.0,0.7480916030534351,331.2886393889216,8.408856661379854,-44.52290076335878,4.218897234544625,0.6923076923076924,4971.0,1.0,1.0,0.9820137900379085,0.0,0.0,0.0,0.0,0.0,0.0,0.0,0.0,0.0,0.0,0.0,15741.132580566406
971,native_learned_gate,supported_native_episode_loop,-8902.727,5.947,0.6336,-7.2142,66.0,0.7480916030534351,342.0837773035956,11.129258661142469,-43.656488549618324,6.511611463602717,0.0,4971.0,2.0,2.0,0.9820137900379085,0.0,0.0,0.0,0.0,0.0,0.0,0.0,0.0,0.0,0.0,0.0,11473.615362548828
981,native_learned_gate,supported_native_episode_loop,-12010.871,5.448,0.397,-6.242000000000001,66.0,0.7480916030534351,339.581705891813,4.797333851777845,-44.17175572519084,5.330049837344309,1.0,4970.0,2.0,2.0,0.9820137900379085,0.0,0.0,0.0,0.0,0.0,0.0,0.0,0.0,0.0,0.0,0.0,57728.5083984375
991,native_learned_gate,supported_native_episode_loop,-18840.92,4.284,0.6303,-5.5446,66.0,0.7480916030534351,329.01014418256193,5.010087900852518,-44.54961832061068,4.096570415273969,0.8461538461538461,4971.0,2.0,2.0,0.9820137900379085,0.0,0.0,0.0,0.0,0.0,0.0,0.0,0.0,0.0,0.0,0.0,8570.792346191407
1001,native_learned_gate,supported_native_episode_loop,-17759.668,6.304,0.5535,-7.4110000000000005,66.0,0.7480916030534351,339.4715495760375,11.788654082267106,-43.76335877862596,5.3735741031710225,0.3846153846153846,4971.0,2.0,2.0,0.9820137900379085,0.0,0.0,0.0,0.0,0.0,0.0,0.0,0.0,0.0,0.0,0.0,2030.7760467529297
1011,native_learned_gate,supported_native_episode_loop,-19155.815,5.468,0.5799,-6.6278,66.0,0.7480916030534351,328.7197364137373,5.921745717823178,-44.51145038167939,4.250489710832054,0.0,4971.0,2.0,2.0,0.9820137900379085,0.0,0.0,0.0,0.0,0.0,0.0,0.0,0.0,0.0,0.0,0.0,95052.34765625
1021,native_learned_gate,supported_native_episode_loop,-3195.88,5.625,0.5918,-6.8086,66.0,0.7480916030534351,341.3610736421653,5.910098624298323,-44.343511450381676,4.735396986133379,0.0,4970.0,1.0,1.0,0.9820137900379085,0.0,0.0,0.0,0.0,0.0,0.0,0.0,0.0,0.0,0.0,0.0,1437.7248672485352
1031,native_learned_gate,supported_native_episode_loop,-18841.358,4.575,0.4913,-5.5576,66.0,0.7480916030534351,330.96412333046817,5.3258656276521785,-44.43893129770992,4.479181231735369,1.0,4970.0,2.0,2.0,0.9820137900379085,0.0,0.0,0.0,0.0,0.0,0.0,0.0,0.0,0.0,0.0,0.0,8194.332788085938
1041,native_learned_gate,supported_native_episode_loop,-17260.874,5.118,0.4043,-5.9266000000000005,66.0,0.7480916030534351,349.6926645770934,7.042745025509605,-41.38931297709924,12.602600312733214,0.0,4973.0,2.0,2.0,0.9820137900379085,0.0,0.0,0.0,0.0,0.0,0.0,0.0,0.0,0.0,0.0,0.0,49031.06337890625
1051,native_learned_gate,supported_native_episode_loop,-2751.553,4.994,0.3424,-5.6788,66.0,0.7480916030534351,333.28050416678985,5.9941093116196456,-44.52290076335878,4.193489408312964,0.6923076923076924,4970.0,2.0,2.0,0.9820137900379085,0.0,0.0,0.0,0.0,0.0,0.0,0.0,0.0,0.0,0.0,0.0,36948.319116210936
1061,native_learned_gate,supported_native_episode_loop,-18896.193,4.163,0.5933,-5.349600000000001,66.0,0.7480916030534351,334.79336506258744,6.740689182120523,-44.465648854961835,4.363795724894276,1.0,4971.0,2.0,2.0,0.9820137900379085,0.0,0.0,0.0,0.0,0.0,0.0,0.0,0.0,0.0,0.0,0.0,15230.248510742187
1071,native_learned_gate,supported_native_episode_loop,-2753.124,3.773,0.435,-4.643,66.0,0.7480916030534351,350.5632692824186,5.371419558516868,-43.961832061068705,5.173190696955186,0.5384615384615384,4970.0,2.0,2.0,0.9820137900379085,0.0,0.0,0.0,0.0,0.0,0.0,0.0,0.0,0.0,0.0,0.0,39023.14951171875
1081,native_learned_gate,supported_native_episode_loop,-18918.475,5.031,0.5066,-6.0442,66.0,0.7480916030534351,328.3338731222177,5.0156532488304055,-44.49618320610687,4.310247058683938,0.0,4971.0,2.0,2.0,0.9820137900379085,0.0,0.0,0.0,0.0,0.0,0.0,0.0,0.0,0.0,0.0,0.0,15529.667333984375
1091,native_learned_gate,supported_native_episode_loop,-12234.622,11.376,0.6342,-12.6444,66.0,0.7480916030534351,347.49673432439056,6.026581796762587,-43.37022900763359,5.73561519167254,0.0,4971.0,0.0,0.0,0.0,0.0,0.0,0.0,0.0,0.0,0.0,0.0,0.0,0.0,0.0,0.0,20478.457641601562
1101,native_learned_gate,supported_native_episode_loop,-19002.286,4.94,0.5154,-5.9708000000000006,66.0,0.7480916030534351,343.48123486208857,5.008134604176746,-44.41984732824427,4.5229764544186715,0.0,4970.0,2.0,2.0,0.9820137900379085,0.0,0.0,0.0,0.0,0.0,0.0,0.0,0.0,0.0,0.0,0.0,30594.657177734374
1111,native_learned_gate,supported_native_episode_loop,-16193.997,4.187,0.6764,-5.5398000000000005,66.0,0.7480916030534351,336.6712534411793,4.654759252863443,-44.39312977099237,4.633312679686064,0.0,4971.0,2.0,2.0,0.9820137900379085,0.0,0.0,0.0,0.0,0.0,0.0,0.0,0.0,0.0,0.0,0.0,51124.08288574219
1121,native_learned_gate,supported_native_episode_loop,-2702.643,4.632,0.4553,-5.542599999999999,66.0,0.7480916030534351,342.46532447256203,9.916864952711668,-42.82824427480916,8.650391817531641,1.0,4971.0,2.0,2.0,0.9820137900379085,0.0,0.0,0.0,0.0,0.0,0.0,0.0,0.0,0.0,0.0,0.0,21188.70559082031
1131,native_learned_gate,supported_native_episode_loop,-2667.335,4.199,0.3854,-4.9698,66.0,0.7480916030534351,343.1746346976125,6.087306320875738,-44.20229007633588,5.205061624157351,0.5384615384615384,4971.0,1.0,1.0,0.9820137900379085,0.0,0.0,0.0,0.0,0.0,0.0,0.0,0.0,0.0,0.0,0.0,5025.265550994873
1141,native_learned_gate,supported_native_episode_loop,-20565.622,33.975,0.5083,-34.9916,66.0,0.7480916030534351,345.6973421065255,6.130314044084606,-44.3587786259542,4.701905902815629,0.23076923076923078,4970.0,2.0,2.0,0.9820137900379085,0.0,0.0,0.0,0.0,0.0,0.0,0.0,0.0,0.0,0.0,0.0,53500.88615722656
1151,native_learned_gate,supported_native_episode_loop,-18611.321,5.523,0.5113,-6.545599999999999,66.0,0.7480916030534351,329.25566199214103,5.688756112189901,-44.282442748091604,5.040711825959811,0.0,4971.0,2.0,2.0,0.9820137900379085,0.0,0.0,0.0,0.0,0.0,0.0,0.0,0.0,0.0,0.0,0.0,51363.92216796875
1161,native_learned_gate,supported_native_episode_loop,-6716.927,11.244,0.5496,-12.3432,66.0,0.7480916030534351,332.7437634525256,4.697660412497102,-44.51526717557252,4.219836350114421,1.0,4970.0,2.0,2.0,0.9820137900379085,0.0,0.0,0.0,0.0,0.0,0.0,0.0,0.0,0.0,0.0,0.0,107173.74306640626
1171,native_learned_gate,supported_native_episode_loop,-17452.688,51.716,0.6972,-53.1104,66.0,0.7480916030534351,343.22902068830933,9.474200224978546,-44.38167938931298,4.508614342181172,0.0,4970.0,2.0,2.0,0.9820137900379085,0.0,0.0,0.0,0.0,0.0,0.0,0.0,0.0,0.0,0.0,0.0,18246.01120605469
1181,native_learned_gate,supported_native_episode_loop,-8682.952,4.689,0.6101,-5.9092,66.0,0.7480916030534351,350.531498260652,6.847790076845933,-44.225190839694655,4.835347639585107,0.0,4970.0,2.0,2.0,0.9820137900379085,0.0,0.0,0.0,0.0,0.0,0.0,0.0,0.0,0.0,0.0,0.0,20121.31447753906
1191,native_learned_gate,supported_native_episode_loop,-3321.26,4.639,0.3644,-5.3678,66.0,0.7480916030534351,342.60249631131876,6.53700451460995,-44.095419847328245,5.180930427143738,0.0,4970.0,2.0,2.0,0.9820137900379085,0.0,0.0,0.0,0.0,0.0,0.0,0.0,0.0,0.0,0.0,0.0,7703.4893249511715
1201,native_learned_gate,supported_native_episode_loop,-18461.986,8.238,0.7751,-9.7882,66.0,0.7480916030534351,332.7986368555604,5.155338826095146,-44.416030534351144,4.525438139032805,1.0,4970.0,1.0,1.0,0.9820137900379085,0.0,0.0,0.0,0.0,0.0,0.0,0.0,0.0,0.0,0.0,0.0,4985.406231689453
1211,native_learned_gate,supported_native_episode_loop,-15955.659,31.401,0.5861,-32.5732,66.0,0.7480916030534351,339.70362993451477,4.821105879952616,-44.48473282442748,4.347254521555197,1.0,4971.0,2.0,2.0,0.9820137900379085,0.0,0.0,0.0,0.0,0.0,0.0,0.0,0.0,0.0,0.0,0.0,2516.7554321289062
1221,native_learned_gate,supported_native_episode_loop,-2930.166,6.39,0.3663,-7.122599999999999,66.0,0.7480916030534351,341.5013309248228,5.6066881038127905,-44.43511450381679,4.479979615277405,1.0,4971.0,2.0,2.0,0.9820137900379085,0.0,0.0,0.0,0.0,0.0,0.0,0.0,0.0,0.0,0.0,0.0,25826.13490600586
1231,native_learned_gate,supported_native_episode_loop,-11596.082,9.184,0.3815,-9.947,66.0,0.7480916030534351,339.24231975375847,5.665366421950807,-44.48854961832061,4.313774161301632,0.0,4971.0,2.0,2.0,0.9820137900379085,0.0,0.0,0.0,0.0,0.0,0.0,0.0,0.0,0.0,0.0,0.0,2152.3317321777345
1241,native_learned_gate,supported_native_episode_loop,-2708.485,5.495,0.565,-6.625,66.0,0.7480916030534351,336.2505262874768,6.623822298463077,-44.35496183206107,4.747031434622199,1.0,4971.0,2.0,2.0,0.9820137900379085,0.0,0.0,0.0,0.0,0.0,0.0,0.0,0.0,0.0,0.0,0.0,2682.834504699707
1251,native_learned_gate,supported_native_episode_loop,-11864.893,5.115,0.1855,-5.486000000000001,66.0,0.7480916030534351,333.869038665052,6.687825818292738,-44.37022900763359,4.693298692743858,0.3846153846153846,4971.0,2.0,2.0,0.9820137900379085,0.0,0.0,0.0,0.0,0.0,0.0,0.0,0.0,0.0,0.0,0.0,84945.47216796875
1261,native_learned_gate,supported_native_episode_loop,-15440.876,4.26,0.5604,-5.3808,66.0,0.7480916030534351,343.4959763119846,7.693304647718196,-44.030534351145036,4.939232148652829,0.0,4970.0,2.0,2.0,0.9820137900379085,0.0,0.0,0.0,0.0,0.0,0.0,0.0,0.0,0.0,0.0,0.0,61809.894140625
1271,native_learned_gate,supported_native_episode_loop,-18662.212,6.277,0.5562,-7.3894,66.0,0.7480916030534351,334.3686929304978,5.573996127563922,-44.42748091603053,4.522261364924548,0.2169086876723354,4969.0,2.0,2.0,0.9820137900379085,0.0,0.0,0.0,0.0,0.0,0.0,0.0,0.0,0.0,0.0,0.0,2332.411569213867
1281,native_learned_gate,supported_native_episode_loop,-14747.368,4.494,0.5623,-5.6186,66.0,0.7480916030534351,340.10040368947364,5.56186060331693,-44.49236641221374,4.270207788008094,0.0,4970.0,0.0,0.0,0.0,0.0,0.0,0.0,0.0,0.0,0.0,0.0,0.0,0.0,0.0,0.0,22541.498315429686
1291,native_learned_gate,supported_native_episode_loop,-19387.024,23.729,0.5418,-24.8126,66.0,0.7480916030534351,350.6871696140037,9.285807091214602,-41.778625954198475,6.961497246535752,0.07692307692307698,4970.0,2.0,2.0,0.9820137900379085,0.0,0.0,0.0,0.0,0.0,0.0,0.0,0.0,0.0,0.0,0.0,34901.611572265625
1301,native_learned_gate,supported_native_episode_loop,-11263.568,6.677,0.4513,-7.579599999999999,66.0,0.7480916030534351,341.16031818176424,5.514131633940801,-44.52671755725191,4.177051526445086,0.0,4970.0,2.0,2.0,0.9820137900379085,0.0,0.0,0.0,0.0,0.0,0.0,0.0,0.0,0.0,0.0,0.0,7115.715734863281
1311,native_learned_gate,supported_native_episode_loop,-18483.616,4.191,0.6401,-5.4712,66.0,0.7480916030534351,323.9672299096299,5.031886210582318,-44.49618320610687,4.296943784842856,0.0,4970.0,2.0,2.0,0.9820137900379085,0.0,0.0,0.0,0.0,0.0,0.0,0.0,0.0,0.0,0.0,0.0,4191.9840637207035
1321,native_learned_gate,supported_native_episode_loop,-18935.98,4.962,0.6129,-6.187799999999999,66.0,0.7480916030534351,334.911348998213,11.598917953679615,-44.49618320610687,4.278249705964836,0.0,4970.0,2.0,2.0,0.9820137900379085,0.0,0.0,0.0,0.0,0.0,0.0,0.0,0.0,0.0,0.0,0.0,3260.496228027344
1331,native_learned_gate,supported_native_episode_loop,-3094.311,4.3,0.4093,-5.1186,66.0,0.7480916030534351,340.0866092279061,4.135509400051584,-44.43893129770992,4.456114634578129,0.0,4970.0,2.0,2.0,0.9820137900379085,0.0,0.0,0.0,0.0,0.0,0.0,0.0,0.0,0.0,0.0,0.0,5837.07366027832
1341,native_learned_gate,supported_native_episode_loop,-17083.951,7.162,0.4688,-8.0996,66.0,0.7480916030534351,337.18103287869127,8.296843547395914,-44.51526717557252,4.225259796564532,0.0,4972.0,2.0,2.0,0.9820137900379085,0.0,0.0,0.0,0.0,0.0,0.0,0.0,0.0,0.0,0.0,0.0,6024.625335693359
1351,native_learned_gate,supported_native_episode_loop,-20826.208,41.61,0.6679,-42.9458,66.0,0.7480916030534351,335.48714325980075,5.005129856095776,-44.4236641221374,4.526416644865037,0.0,4970.0,2.0,2.0,0.9820137900379085,0.0,0.0,0.0,0.0,0.0,0.0,0.0,0.0,0.0,0.0,0.0,51882.02241210938
1361,native_learned_gate,supported_native_episode_loop,-4934.327,4.752,0.5518,-5.8556,66.0,0.7480916030534351,344.5586574481644,4.466061209610286,-44.41984732824427,4.5229764544186715,0.0,4971.0,1.0,1.0,0.9820137900379085,0.0,0.0,0.0,0.0,0.0,0.0,0.0,0.0,0.0,0.0,0.0,83598.56630859376
1371,native_learned_gate,supported_native_episode_loop,-12484.535,6.108,0.6507,-7.4094,66.0,0.7480916030534351,347.55472873096136,4.820050428043015,-43.97328244274809,5.439049148314744,1.0,4969.0,2.0,2.0,0.9820137900379085,0.0,0.0,0.0,0.0,0.0,0.0,0.0,0.0,0.0,0.0,0.0,9245.326440429688
1381,native_learned_gate,supported_native_episode_loop,-18161.04,5.222,0.6117,-6.4454,66.0,0.7480916030534351,340.8721464308164,10.384606554833546,-44.347328244274806,4.750810750323091,0.0,4971.0,2.0,2.0,0.9820137900379085,0.0,0.0,0.0,0.0,0.0,0.0,0.0,0.0,0.0,0.0,0.0,8351.69712524414
1391,native_learned_gate,supported_native_episode_loop,-2911.727,5.165,0.4682,-6.1014,66.0,0.7480916030534351,343.78310421106545,5.845217006968006,-43.36641221374046,7.22189853331516,0.0,4970.0,2.0,2.0,0.9820137900379085,0.0,0.0,0.0,0.0,0.0,0.0,0.0,0.0,0.0,0.0,0.0,7931.9957824707035
1401,native_learned_gate,supported_native_episode_loop,-2786.943,4.617,0.4471,-5.5112,66.0,0.7480916030534351,338.930282965803,4.760058950732889,-44.412213740458014,4.552275211712267,0.0,4970.0,2.0,2.0,0.9820137900379085,0.0,0.0,0.0,0.0,0.0,0.0,0.0,0.0,0.0,0.0,0.0,90.56897010803223
1411,native_learned_gate,supported_native_episode_loop,-9402.09,18.529,0.3138,-19.1566,66.0,0.7480916030534351,339.995255075452,6.726445559993868,-44.286259541984734,4.851036929504514,0.0,4970.0,2.0,2.0,0.9820137900379085,0.0,0.0,0.0,0.0,0.0,0.0,0.0,0.0,0.0,0.0,0.0,32858.04580078125
1421,native_learned_gate,supported_native_episode_loop,-20228.341,9.023,0.5714,-10.165799999999999,66.0,0.7480916030534351,338.7227186392888,6.8029911054420955,-44.56106870229008,4.058975024213428,0.0,4971.0,2.0,2.0,0.9820137900379085,0.0,0.0,0.0,0.0,0.0,0.0,0.0,0.0,0.0,0.0,0.0,98056.32880859375
1431,native_learned_gate,supported_native_episode_loop,-2797.437,3.615,0.4197,-4.454400000000001,66.0,0.7480916030534351,342.17639232066205,7.666644778716434,-44.33206106870229,4.748688323122895,0.0,4970.0,2.0,2.0,0.9820137900379085,0.0,0.0,0.0,0.0,0.0,0.0,0.0,0.0,0.0,0.0,0.0,27225.227978515624
1441,native_learned_gate,supported_native_episode_loop,-4287.657,4.951,0.4815,-5.914,66.0,0.7480916030534351,344.02741080099577,13.891977956872056,-44.39312977099237,4.547672684544801,0.3846153846153846,4971.0,2.0,2.0,0.9820137900379085,0.0,0.0,0.0,0.0,0.0,0.0,0.0,0.0,0.0,0.0,0.0,547.6680671691895
1451,native_learned_gate,supported_native_episode_loop,-12551.494,6.289,0.5832,-7.4554,66.0,0.7480916030534351,345.0263568870893,4.68815118593925,-44.267175572519086,4.969870177364931,0.0,4970.0,2.0,2.0,0.9820137900379085,0.0,0.0,0.0,0.0,0.0,0.0,0.0,0.0,0.0,0.0,0.0,8840.625537109376
1461,native_learned_gate,supported_native_episode_loop,-3075.427,4.085,0.5224,-5.1297999999999995,66.0,0.7480916030534351,345.6180231594099,5.180476958002366,-44.095419847328245,5.403071823423388,0.23076923076923078,4970.0,2.0,2.0,0.9820137900379085,0.0,0.0,0.0,0.0,0.0,0.0,0.0,0.0,0.0,0.0,0.0,12722.408407592773
1471,native_learned_gate,supported_native_episode_loop,-18887.393,5.833,0.5721,-6.9772,66.0,0.7480916030534351,348.4278135662884,8.62902905077424,-42.152671755725194,9.803779674959879,1.0,4972.0,2.0,2.0,0.9820137900379085,0.0,0.0,0.0,0.0,0.0,0.0,0.0,0.0,0.0,0.0,0.0,25209.320947265624
201,native_wait_aware_replan,supported_native_episode_loop,-18997.869,5.2,0.5484,-6.2968,66.0,0.7480916030534351,334.5140595732603,8.467248306683421,-44.43511450381679,4.462907751407808,0.0,4971.0,0.0,0.0,0.0,0.0,0.0,0.0,0.0,0.0,0.0,0.0,0.0,0.0,0.0,0.0,35761.37121582031
211,native_wait_aware_replan,supported_native_episode_loop,-4480.738,11.154,0.5876,-12.3292,66.0,0.7480916030534351,341.41418134685387,5.663341582661834,-44.458015267175576,4.408111090827894,0.8461538461538461,4970.0,0.0,0.0,0.0,0.0,0.0,0.0,0.0,0.0,0.0,0.0,0.0,0.0,0.0,0.0,1105.8955673217774
221,native_wait_aware_replan,supported_native_episode_loop,-18410.618,4.739,0.4495,-5.638,66.0,0.7480916030534351,343.38586411953884,6.331430069422512,-44.33969465648855,4.749755789452452,0.0,4972.0,0.0,0.0,0.0,0.0,0.0,0.0,0.0,0.0,0.0,0.0,0.0,0.0,0.0,0.0,73512.7798828125
231,native_wait_aware_replan,supported_native_episode_loop,-10209.799,4.383,0.5879,-5.5588,66.0,0.7480916030534351,334.9926582292405,9.945916610137438,-44.49236641221374,4.290716382126527,0.8461538461538461,4970.0,0.0,0.0,0.0,0.0,0.0,0.0,0.0,0.0,0.0,0.0,0.0,0.0,0.0,0.0,2900.332830810547
241,native_wait_aware_replan,supported_native_episode_loop,-2802.632,8.528,0.478,-9.484,66.0,0.7480916030534351,325.5950186921137,7.275160772474299,-44.38931297709924,4.640631240103601,1.0,4970.0,1.0,1.0,0.9820137900379085,1.0,0.7606595627405592,0.6808794169874123,1.1033872637375213,0.0,0.9643852114677429,-2.0,2.0,1.0,2.000000476837158,2.2500009536743164,11355.117465209962
251,native_wait_aware_replan,supported_native_episode_loop,-2551.573,3.779,0.3801,-4.5392,66.0,0.7480916030534351,343.2584656543935,6.796729871493199,-44.19847328244275,4.718681157654837,1.0,4970.0,0.0,0.0,0.0,0.0,0.0,0.0,0.0,0.0,0.0,0.0,0.0,0.0,0.0,0.0,114.52316331863403
261,native_wait_aware_replan,supported_native_episode_loop,-2722.077,7.324,0.4328,-8.1896,66.0,0.7480916030534351,340.98051314994353,7.358130382871196,-44.52671755725191,4.198015242190195,1.0,4971.0,0.0,0.0,0.0,0.0,0.0,0.0,0.0,0.0,0.0,0.0,0.0,0.0,0.0,0.0,7606.157113647461
271,native_wait_aware_replan,supported_native_episode_loop,-19904.324,19.487,0.4719,-20.430799999999998,66.0,0.7480916030534351,334.67510035007666,4.361244112501366,-44.530534351145036,4.1724540736731415,0.0,4970.0,1.0,1.0,0.9820137900379085,1.0,0.25779454514190936,0.010392726855879145,1.2311929392282397,0.75,1.0272296667099,-0.08314181484703376,0.08314181484703376,1.0,2.000000238418579,1.9584290981292725,60131.61948242188
281,native_wait_aware_replan,supported_native_episode_loop,-15383.061,4.472,0.6889,-5.8498,66.0,0.7480916030534351,335.30071079627857,5.529421193829805,-44.538167938931295,4.134715401658565,0.0,4972.0,0.0,0.0,0.0,0.0,0.0,0.0,0.0,0.0,0.0,0.0,0.0,0.0,0.0,0.0,31417.50079345703
291,native_wait_aware_replan,supported_native_episode_loop,-11427.618,5.477,0.4933,-6.4636000000000005,66.0,0.7480916030534351,347.17827819957375,5.076218513919086,-44.42748091603053,4.483269210578515,0.0,4971.0,1.0,1.0,0.9820137900379085,1.0,0.42241181028593733,0.2298824137145831,1.0412329631178123,0.3632259666919708,0.854769229888916,-1.8390593097166645,1.8390593097166645,1.0,2.000000238418579,2.1141719818115234,47699.26323242187
301,native_wait_aware_replan,supported_native_episode_loop,-3011.818,6.129,0.5404,-7.2097999999999995,66.0,0.7480916030534351,348.35030743364456,12.67200149462506,-25.366412213740457,22.9057831648465,0.5384615384615384,4971.0,1.0,1.0,0.9820137900379085,1.0,0.6136526081688469,0.48487014422512925,0.9997599787586181,0.0,0.7383989691734314,-2.0,2.0,1.0,1.9999996833503246,2.3942198902368546,3294.7269897460938
311,native_wait_aware_replan,supported_native_episode_loop,-13102.942,5.543,0.5485,-6.640000000000001,66.0,0.7480916030534351,346.57637223299525,10.808482379968723,-39.603053435114504,15.582177815879726,0.0,4971.0,0.0,0.0,0.0,0.0,0.0,0.0,0.0,0.0,0.0,0.0,0.0,0.0,0.0,0.0,80882.62517089843
321,native_wait_aware_replan,supported_native_episode_loop,-2834.073,4.792,0.5859,-5.9638,66.0,0.7480916030534351,331.0907001039151,4.650877108475851,-44.50381679389313,4.277357473815105,0.0,4970.0,0.0,0.0,0.0,0.0,0.0,0.0,0.0,0.0,0.0,0.0,0.0,0.0,0.0,0.0,47475.84389648437
331,native_wait_aware_replan,supported_native_episode_loop,-3807.758,5.667,0.4203,-6.5076,66.0,0.7480916030534351,343.89845231977733,6.764156573471823,-44.19083969465649,5.139451516488187,0.0,4971.0,0.0,0.0,0.0,0.0,0.0,0.0,0.0,0.0,0.0,0.0,0.0,0.0,0.0,0.0,620.0770866394043
341,native_wait_aware_replan,supported_native_episode_loop,-17455.41,14.918,0.5155,-15.949,66.0,0.7480916030534351,329.24539121986953,4.910453725115944,-44.538167938931295,4.160482172865041,0.0,4971.0,0.0,0.0,0.0,0.0,0.0,0.0,0.0,0.0,0.0,0.0,0.0,0.0,0.0,0.0,15821.55167236328
351,native_wait_aware_replan,supported_native_episode_loop,-16912.506,5.247,0.4707,-6.1884,66.0,0.7480916030534351,340.43839673641077,6.003167162696262,-44.30534351145038,4.750079356140639,0.0,4970.0,0.0,0.0,0.0,0.0,0.0,0.0,0.0,0.0,0.0,0.0,0.0,0.0,0.0,0.0,4204.877505493164
361,native_wait_aware_replan,supported_native_episode_loop,-3024.825,5.679,0.3388,-6.3566,66.0,0.7480916030534351,334.68928714320253,4.60989385336234,-44.469465648854964,4.372561796136647,0.0,4970.0,0.0,0.0,0.0,0.0,0.0,0.0,0.0,0.0,0.0,0.0,0.0,0.0,0.0,0.0,882.7755836486816
371,native_wait_aware_replan,supported_native_episode_loop,-2623.568,8.455,0.3905,-9.236,66.0,0.7480916030534351,344.94504970323493,6.650770248459691,-44.25190839694657,4.982172050697761,0.0,4970.0,1.0,1.0,0.9820137900379085,1.0,0.6579383101805115,0.5439177469073487,1.0632073249689213,0.0,0.7957915663719177,-2.0,2.0,1.0,1.9999996423721313,2.1357628107070923,4697.7753433227535
381,native_wait_aware_replan,supported_native_episode_loop,-19745.804,30.258,0.605,-31.468,66.0,0.7480916030534351,343.4254576376073,8.471993995773094,-44.26335877862596,4.6744507144652765,0.0,4971.0,0.0,0.0,0.0,0.0,0.0,0.0,0.0,0.0,0.0,0.0,0.0,0.0,0.0,0.0,103339.21098632812
391,native_wait_aware_replan,supported_native_episode_loop,-14571.089,5.777,0.6313,-7.0396,66.0,0.7480916030534351,337.21639492236477,11.80509940169143,-43.8587786259542,5.376573020014062,0.8461538461538461,4971.0,1.0,1.0,0.9820137900379085,1.0,0.4386353887490388,0.25151385166538504,1.0983127932879642,0.4591391682624817,0.9830338954925537,-2.0,2.0,1.0,2.000000536441803,2.161655008792877,1355.5287719726562
401,native_wait_aware_replan,supported_native_episode_loop,-2754.551,5.077,0.3706,-5.8182,66.0,0.7480916030534351,345.6708123907068,5.325494002055849,-44.23664122137404,4.64352468961172,0.0,4970.0,0.0,0.0,0.0,0.0,0.0,0.0,0.0,0.0,0.0,0.0,0.0,0.0,0.0,0.0,47096.27817382813
411,native_wait_aware_replan,supported_native_episode_loop,-20610.988,16.503,0.412,-17.327,66.0,0.7480916030534351,337.16610234915146,9.49166119687696,-44.47709923664122,4.3682418229466045,0.23076923076923078,4970.0,1.0,1.0,0.9820137900379085,1.0,0.30911625761900785,0.0788216768253438,1.0641078035044427,0.75,1.0484541654586792,-0.6305734146027504,0.6305734146027504,1.0,2.0,2.043984889984131,52786.75502929687
421,native_wait_aware_replan,supported_native_episode_loop,-2844.59,4.172,0.5253,-5.2226,66.0,0.7480916030534351,342.3742865893677,7.903812660658103,-44.274809160305345,4.851305695203409,0.0,4970.0,0.0,0.0,0.0,0.0,0.0,0.0,0.0,0.0,0.0,0.0,0.0,0.0,0.0,0.0,2489.6668228149415
431,native_wait_aware_replan,supported_native_episode_loop,-9106.576,5.04,0.4311,-5.9022,66.0,0.7480916030534351,339.5258826712843,9.699268743482872,-44.50381679389313,4.240614325727498,1.0,4972.0,0.0,0.0,0.0,0.0,0.0,0.0,0.0,0.0,0.0,0.0,0.0,0.0,0.0,0.0,19080.181262207032
441,native_wait_aware_replan,supported_native_episode_loop,-19724.943,40.103,0.2776,-40.6582,66.0,0.7480916030534351,343.4237148128393,9.03064989669402,-44.36259541984733,4.662892917817485,0.0,4971.0,0.0,0.0,0.0,0.0,0.0,0.0,0.0,0.0,0.0,0.0,0.0,0.0,0.0,0.0,47358.48090820313
451,native_wait_aware_replan,supported_native_episode_loop,-2704.577,4.44,0.4856,-5.4112,66.0,0.7480916030534351,346.8749451432709,4.364217517095395,-44.19465648854962,5.25570301624597,1.0,4970.0,0.0,0.0,0.0,0.0,0.0,0.0,0.0,0.0,0.0,0.0,0.0,0.0,0.0,0.0,32336.161083984374
461,native_wait_aware_replan,supported_native_episode_loop,-19093.921,6.143,0.3428,-6.8286,66.0,0.7480916030534351,350.0373791874972,6.445714676179932,-44.416030534351144,4.493274308823671,0.5384615384615384,4970.0,0.0,0.0,0.0,0.0,0.0,0.0,0.0,0.0,0.0,0.0,0.0,0.0,0.0,0.0,13858.654443359375
471,native_wait_aware_replan,supported_native_episode_loop,-19841.365,9.301,0.4813,-10.2636,66.0,0.7480916030534351,337.764455010175,6.946568033790847,-44.270992366412216,4.901222601012377,0.0,4971.0,0.0,0.0,0.0,0.0,0.0,0.0,0.0,0.0,0.0,0.0,0.0,0.0,0.0,0.0,3345.584509277344
481,native_wait_aware_replan,supported_native_episode_loop,-3102.591,5.214,0.4491,-6.1122000000000005,66.0,0.7480916030534351,341.16953292031025,6.919706041153595,-44.20992366412214,4.915877919493491,0.0,4970.0,0.0,0.0,0.0,0.0,0.0,0.0,0.0,0.0,0.0,0.0,0.0,0.0,0.0,0.0,11339.753964233398
491,native_wait_aware_replan,supported_native_episode_loop,-14474.477,5.186,0.57,-6.326,66.0,0.7480916030534351,338.0536445509538,5.363466777280714,-44.267175572519086,4.979843995657164,0.6923076923076924,4970.0,0.0,0.0,0.0,0.0,0.0,0.0,0.0,0.0,0.0,0.0,0.0,0.0,0.0,0.0,4691.699481201172
501,native_wait_aware_replan,supported_native_episode_loop,-3119.134,4.7,0.4577,-5.6154,66.0,0.7480916030534351,332.93125294656244,10.022646769835905,-44.35496183206107,4.7566701057279985,0.3846153846153846,4972.0,0.0,0.0,0.0,0.0,0.0,0.0,0.0,0.0,0.0,0.0,0.0,0.0,0.0,0.0,23773.347241210937
511,native_wait_aware_replan,supported_native_episode_loop,-2709.404,5.706,0.4824,-6.670800000000001,66.0,0.7480916030534351,339.70220589935406,5.413347004373555,-44.1412213740458,5.308704794942783,0.0,4970.0,0.0,0.0,0.0,0.0,0.0,0.0,0.0,0.0,0.0,0.0,0.0,0.0,0.0,0.0,763.0812789916993
521,native_wait_aware_replan,supported_native_episode_loop,-18714.49,5.816,0.6446,-7.1052,66.0,0.7480916030534351,331.7239937807787,13.678025107903055,-44.461832061068705,4.34447895689587,0.0,4972.0,0.0,0.0,0.0,0.0,0.0,0.0,0.0,0.0,0.0,0.0,0.0,0.0,0.0,0.0,31993.03532714844
531,native_wait_aware_replan,supported_native_episode_loop,-2824.355,7.353,0.5181,-8.389199999999999,66.0,0.7480916030534351,340.6719429763522,5.956349413399539,-44.41984732824427,4.481436176684767,0.0,4971.0,0.0,0.0,0.0,0.0,0.0,0.0,0.0,0.0,0.0,0.0,0.0,0.0,0.0,0.0,11713.84677734375
541,native_wait_aware_replan,supported_native_episode_loop,-15310.671,6.123,0.6089,-7.3408,66.0,0.7480916030534351,337.1873188003025,6.772198203509418,-44.396946564885496,4.5920265933230295,1.0,4972.0,0.0,0.0,0.0,0.0,0.0,0.0,0.0,0.0,0.0,0.0,0.0,0.0,0.0,0.0,35322.51739501953
551,native_wait_aware_replan,supported_native_episode_loop,-2708.144,6.569,0.4923,-7.5536,66.0,0.7480916030534351,343.24882439810204,6.506043527032654,-44.034351145038165,4.784154363723417,0.9732971731083753,4970.0,1.0,1.0,0.9820137900379085,1.0,0.6883562149184039,0.5844749532245386,1.0574335900741902,0.0,0.8291186690330505,-2.0,2.0,1.0,1.999999761581421,1.1223394870758057,9874.950646972657
561,native_wait_aware_replan,supported_native_episode_loop,-9312.926,4.891,0.3895,-5.67,66.0,0.7480916030534351,335.6276712290355,6.856030707669428,-44.465648854961835,4.372533476883643,1.0,4970.0,0.0,0.0,0.0,0.0,0.0,0.0,0.0,0.0,0.0,0.0,0.0,0.0,0.0,0.0,47704.93393554688
571,native_wait_aware_replan,supported_native_episode_loop,-8763.262,3.613,0.4997,-4.6124,66.0,0.7480916030534351,329.8693081921293,4.272634349656671,-44.54961832061068,4.126277253949163,0.0,4970.0,0.0,0.0,0.0,0.0,0.0,0.0,0.0,0.0,0.0,0.0,0.0,0.0,0.0,0.0,6296.999597167969
581,native_wait_aware_replan,supported_native_episode_loop,-18919.018,6.076,0.3642,-6.804399999999999,66.0,0.7480916030534351,340.21550235391874,5.46864890753854,-44.5,4.281818476494403,0.0,4971.0,1.0,1.0,0.9820137900379085,1.0,0.2659642817285577,0.021285708971410244,1.0755751055585836,0.75,0.9751162528991699,-0.17028567177128373,0.17028567177128373,1.0,1.9999999105930328,1.9787143990397453,64552.69565429688
591,native_wait_aware_replan,supported_native_episode_loop,-18440.731,4.487,0.5168,-5.5206,66.0,0.7480916030534351,340.6066428488751,4.586588636742459,-44.534351145038165,4.1614327206997945,0.3846153846153846,4970.0,0.0,0.0,0.0,0.0,0.0,0.0,0.0,0.0,0.0,0.0,0.0,0.0,0.0,0.0,8693.46590576172
601,native_wait_aware_replan,supported_native_episode_loop,-13169.16,5.922,0.5112,-6.9444,66.0,0.7480916030534351,345.0388983543289,4.997172804065277,-44.33206106870229,4.796671351816728,1.0,4971.0,0.0,0.0,0.0,0.0,0.0,0.0,0.0,0.0,0.0,0.0,0.0,0.0,0.0,0.0,7473.527026367187
611,native_wait_aware_replan,supported_native_episode_loop,-9286.583,5.525,0.5976,-6.7202,66.0,0.7480916030534351,348.3116418481707,6.830011619643055,-44.36641221374046,4.498016707768245,0.23076923076923078,4972.0,0.0,0.0,0.0,0.0,0.0,0.0,0.0,0.0,0.0,0.0,0.0,0.0,0.0,0.0,8548.649548339843
621,native_wait_aware_replan,supported_native_episode_loop,-3025.812,5.312,0.4356,-6.1832,66.0,0.7480916030534351,333.4725587502691,5.724692615023479,-44.14885496183206,5.3756571252808,0.0,4971.0,0.0,0.0,0.0,0.0,0.0,0.0,0.0,0.0,0.0,0.0,0.0,0.0,0.0,0.0,4288.609631347656
631,native_wait_aware_replan,supported_native_episode_loop,-3825.939,6.027,0.4097,-6.8464,66.0,0.7480916030534351,350.25928282684265,13.48953121575323,-9.641221374045802,38.92115119985515,1.0,4970.0,0.0,0.0,0.0,0.0,0.0,0.0,0.0,0.0,0.0,0.0,0.0,0.0,0.0,0.0,12346.341650390625
641,native_wait_aware_replan,supported_native_episode_loop,-17614.726,6.913,0.4372,-7.7874,66.0,0.7480916030534351,339.68209668603413,15.902224749492543,-38.916030534351144,13.677327407308097,1.0,4970.0,0.0,0.0,0.0,0.0,0.0,0.0,0.0,0.0,0.0,0.0,0.0,0.0,0.0,0.0,7180.648229980468
651,native_wait_aware_replan,supported_native_episode_loop,-18256.062,4.818,0.7198,-6.2576,66.0,0.7480916030534351,334.1772224022308,6.325217849365166,-44.30916030534351,4.957051425686204,0.8461538461538461,4971.0,0.0,0.0,0.0,0.0,0.0,0.0,0.0,0.0,0.0,0.0,0.0,0.0,0.0,0.0,28651.30891113281
661,native_wait_aware_replan,supported_native_episode_loop,-18975.947,7.267,0.4217,-8.1104,66.0,0.7480916030534351,339.70614435208284,4.932110443969375,-44.39312977099237,4.535907474447344,0.0,4970.0,0.0,0.0,0.0,0.0,0.0,0.0,0.0,0.0,0.0,0.0,0.0,0.0,0.0,0.0,18822.96700439453
671,native_wait_aware_replan,supported_native_episode_loop,-14958.885,28.323,0.4986,-29.3202,66.0,0.7480916030534351,341.5089482992205,5.522473685474318,-44.47328244274809,4.35246397580544,0.5384615384615384,4971.0,0.0,0.0,0.0,0.0,0.0,0.0,0.0,0.0,0.0,0.0,0.0,0.0,0.0,0.0,106726.594921875
681,native_wait_aware_replan,supported_native_episode_loop,-18409.773,17.33,0.5711,-18.472199999999997,66.0,0.7480916030534351,338.59159250611265,4.886159782476476,-44.461832061068705,4.383834948682797,0.0,4971.0,0.0,0.0,0.0,0.0,0.0,0.0,0.0,0.0,0.0,0.0,0.0,0.0,0.0,0.0,14173.765307617188
691,native_wait_aware_replan,supported_native_episode_loop,-11018.262,4.069,0.6297,-5.3284,66.0,0.7480916030534351,337.2545020176254,4.910111686501213,-44.43129770992366,4.493533674162735,0.0,4970.0,0.0,0.0,0.0,0.0,0.0,0.0,0.0,0.0,0.0,0.0,0.0,0.0,0.0,0.0,14572.132641601562
701,native_wait_aware_replan,supported_native_episode_loop,-2838.217,4.634,0.4631,-5.5602,66.0,0.7480916030534351,346.7656806216137,7.805148244011808,-43.33969465648855,6.2458435570246555,0.0,4971.0,0.0,0.0,0.0,0.0,0.0,0.0,0.0,0.0,0.0,0.0,0.0,0.0,0.0,0.0,471.03803100585935
711,native_wait_aware_replan,supported_native_episode_loop,-5632.91,7.603,0.4253,-8.4536,66.0,0.7480916030534351,346.7567979277071,4.616042367446713,-44.343511450381676,4.678635855807003,1.0,4970.0,0.0,0.0,0.0,0.0,0.0,0.0,0.0,0.0,0.0,0.0,0.0,0.0,0.0,0.0,5596.262551879883
721,native_wait_aware_replan,supported_native_episode_loop,-7854.993,5.301,0.6006,-6.5022,66.0,0.7480916030534351,341.72661081003474,6.706043760588888,-44.31679389312977,4.88130336542467,0.8461538461538461,4970.0,0.0,0.0,0.0,0.0,0.0,0.0,0.0,0.0,0.0,0.0,0.0,0.0,0.0,0.0,7679.245953369141
731,native_wait_aware_replan,supported_native_episode_loop,-15801.68,4.31,0.6711,-5.6522,66.0,0.7480916030534351,346.8998312273098,5.027738474928736,-44.091603053435115,5.359518010799318,0.0,4971.0,0.0,0.0,0.0,0.0,0.0,0.0,0.0,0.0,0.0,0.0,0.0,0.0,0.0,0.0,67824.04442138672
741,native_wait_aware_replan,supported_native_episode_loop,-18201.119,5.629,0.5186,-6.6662,66.0,0.7480916030534351,336.81764576768757,5.44208858468173,-44.270992366412216,5.009822238616569,0.0,4970.0,0.0,0.0,0.0,0.0,0.0,0.0,0.0,0.0,0.0,0.0,0.0,0.0,0.0,0.0,80913.97416992187
751,native_wait_aware_replan,supported_native_episode_loop,-17203.965,4.775,0.4829,-5.7408,66.0,0.7480916030534351,336.04816377272135,7.6742513323778265,-44.545801526717554,4.1447798409655,0.0,4971.0,0.0,0.0,0.0,0.0,0.0,0.0,0.0,0.0,0.0,0.0,0.0,0.0,0.0,0.0,5191.284826660156
761,native_wait_aware_replan,supported_native_episode_loop,-19436.661,26.361,0.4319,-27.224800000000002,66.0,0.7480916030534351,349.5940999709922,5.2999299406089015,-44.33587786259542,4.668573980133893,1.0,4971.0,0.0,0.0,0.0,0.0,0.0,0.0,0.0,0.0,0.0,0.0,0.0,0.0,0.0,0.0,60664.29604492187
771,native_wait_aware_replan,supported_native_episode_loop,-5719.848,4.133,0.4006,-4.9342,66.0,0.7480916030534351,344.47406896638273,7.358554056902102,-44.33206106870229,4.804621934679346,0.0,4971.0,0.0,0.0,0.0,0.0,0.0,0.0,0.0,0.0,0.0,0.0,0.0,0.0,0.0,0.0,3311.2840682983397
781,native_wait_aware_replan,supported_native_episode_loop,-3226.156,11.102,0.4217,-11.945400000000001,66.0,0.7480916030534351,347.5709826713982,5.254131463486026,-44.24045801526717,4.798159294422132,0.0,4971.0,1.0,1.0,0.9820137900379085,1.0,0.6700825137759193,0.5601100183678924,1.0525628427173843,0.0,0.9148431420326233,-2.0,2.0,1.0,2.0,1.5172934532165527,1893.5813217163086
791,native_wait_aware_replan,supported_native_episode_loop,-9332.058,13.522,0.4875,-14.497,66.0,0.7480916030534351,336.9834898769476,5.77669443409575,-44.530534351145036,4.1724540736731415,0.0,4971.0,0.0,0.0,0.0,0.0,0.0,0.0,0.0,0.0,0.0,0.0,0.0,0.0,0.0,0.0,4185.176977539062
801,native_wait_aware_replan,supported_native_episode_loop,-20498.446,20.955,0.6869,-22.328799999999998,66.0,0.7480916030534351,333.1309061341613,4.665664711742581,-44.5,4.256786229966639,1.0,4971.0,0.0,0.0,0.0,0.0,0.0,0.0,0.0,0.0,0.0,0.0,0.0,0.0,0.0,0.0,16710.9341796875
811,native_wait_aware_replan,supported_native_episode_loop,-2678.923,7.686,0.2857,-8.2574,66.0,0.7480916030534351,351.9976217044295,4.184548778720296,-43.9236641221374,5.899434984733239,0.0,4971.0,0.0,0.0,0.0,0.0,0.0,0.0,0.0,0.0,0.0,0.0,0.0,0.0,0.0,0.0,1693.7115112304687
821,native_wait_aware_replan,supported_native_episode_loop,-11050.38,5.864,0.5635,-6.991,66.0,0.7480916030534351,333.2661911437833,4.279024199750071,-44.52290076335878,4.193489408312964,1.0,4971.0,0.0,0.0,0.0,0.0,0.0,0.0,0.0,0.0,0.0,0.0,0.0,0.0,0.0,0.0,6249.950512695313
831,native_wait_aware_replan,supported_native_episode_loop,-17933.715,4.229,0.5204,-5.2698,66.0,0.7480916030534351,336.5850292096611,9.33409880249232,-44.48854961832061,4.347266250253307,0.0,4970.0,0.0,0.0,0.0,0.0,0.0,0.0,0.0,0.0,0.0,0.0,0.0,0.0,0.0,0.0,177056.43623046874
841,native_wait_aware_replan,supported_native_episode_loop,-18869.213,4.779,0.3592,-5.4974,66.0,0.7480916030534351,342.9631870845498,4.18272497766396,-44.48473282442748,4.3305408100193645,1.0,4970.0,1.0,1.0,0.9820137900379085,1.0,0.2710432146553327,0.028057619540443612,1.0285957828751058,0.75,0.9847419857978821,-0.22446095632354912,0.22446095632354912,1.0,1.9999999701976776,1.8877693116664886,2570.3730590820314
851,native_wait_aware_replan,supported_native_episode_loop,-2679.694,5.147,0.4189,-5.9848,66.0,0.7480916030534351,339.2115615347348,5.778509539243173,-44.43511450381679,4.458629571812913,0.3846153846153846,4971.0,0.0,0.0,0.0,0.0,0.0,0.0,0.0,0.0,0.0,0.0,0.0,0.0,0.0,0.0,18768.384887695312
861,native_wait_aware_replan,supported_native_episode_loop,-13621.598,5.652,0.4254,-6.502800000000001,66.0,0.7480916030534351,344.5323011438355,5.450545589847783,-43.774809160305345,6.271744993933007,0.0,4970.0,0.0,0.0,0.0,0.0,0.0,0.0,0.0,0.0,0.0,0.0,0.0,0.0,0.0,0.0,45541.734375
871,native_wait_aware_replan,supported_native_episode_loop,-18756.759,4.313,0.7053,-5.723599999999999,66.0,0.7480916030534351,339.79775872068245,6.6061276589763445,-44.31679389312977,4.823094136456701,0.0,4971.0,0.0,0.0,0.0,0.0,0.0,0.0,0.0,0.0,0.0,0.0,0.0,0.0,0.0,0.0,7134.4554992675785
881,native_wait_aware_replan,supported_native_episode_loop,-2684.396,4.151,0.5459,-5.2428,66.0,0.7480916030534351,338.0672090793991,4.021091023331115,-44.16030534351145,5.363599101966206,1.0,4971.0,0.0,0.0,0.0,0.0,0.0,0.0,0.0,0.0,0.0,0.0,0.0,0.0,0.0,0.0,11237.61064453125
891,native_wait_aware_replan,supported_native_episode_loop,-18534.509,6.106,0.3397,-6.7854,66.0,0.7480916030534351,342.99862046848517,9.53420926052645,-44.17557251908397,5.077236905629482,0.6923076923076924,4970.0,0.0,0.0,0.0,0.0,0.0,0.0,0.0,0.0,0.0,0.0,0.0,0.0,0.0,0.0,113043.43149414062
901,native_wait_aware_replan,supported_native_episode_loop,-17963.226,34.977,0.5507,-36.078399999999995,66.0,0.7480916030534351,341.5540319563778,8.78993132284225,-44.091603053435115,5.556030190344652,0.23076923076923078,4970.0,1.0,1.0,0.9820137900379085,1.0,0.4374687472810037,0.24995832970800494,1.2032630968642946,0.6630623936653137,1.2464922666549683,-1.9996666376640402,1.9996666376640402,1.0,1.9999995231628418,1.0001659393310547,14957.490686035157
911,native_wait_aware_replan,supported_native_episode_loop,-19058.164,8.749,0.3072,-9.3634,66.0,0.7480916030534351,337.5659474569461,5.939576466119926,-44.267175572519086,5.115944880724324,1.0,4971.0,0.0,0.0,0.0,0.0,0.0,0.0,0.0,0.0,0.0,0.0,0.0,0.0,0.0,0.0,50141.759008789064
921,native_wait_aware_replan,supported_native_episode_loop,-3013.722,5.627,0.4984,-6.6238,66.0,0.7480916030534351,337.779162808593,5.543299553053171,-44.39312977099237,4.611844870038118,0.0,4971.0,0.0,0.0,0.0,0.0,0.0,0.0,0.0,0.0,0.0,0.0,0.0,0.0,0.0,0.0,545.1514930725098
931,native_wait_aware_replan,supported_native_episode_loop,-4212.97,5.715,0.4507,-6.6164,66.0,0.7480916030534351,341.025904688277,4.895556650641902,-44.416030534351144,4.514460511400152,1.0,4972.0,0.0,0.0,0.0,0.0,0.0,0.0,0.0,0.0,0.0,0.0,0.0,0.0,0.0,0.0,70265.17739257813
941,native_wait_aware_replan,supported_native_episode_loop,-19372.701,9.515,0.5105,-10.536000000000001,66.0,0.7480916030534351,347.48170725607696,5.35682799210076,-43.721374045801525,6.15284341434623,0.0,4970.0,0.0,0.0,0.0,0.0,0.0,0.0,0.0,0.0,0.0,0.0,0.0,0.0,0.0,0.0,6485.622204589844
951,native_wait_aware_replan,supported_native_episode_loop,-3102.092,4.058,0.5676,-5.1932,66.0,0.7480916030534351,340.23058368898074,12.964002807698844,-44.26335877862596,4.736905713808004,0.0,4970.0,0.0,0.0,0.0,0.0,0.0,0.0,0.0,0.0,0.0,0.0,0.0,0.0,0.0,0.0,95734.726171875
961,native_wait_aware_replan,supported_native_episode_loop,-12607.949,3.961,0.5826,-5.1262,66.0,0.7480916030534351,330.22449466253966,7.587585869258065,-44.52290076335878,4.218897234544625,0.6923076923076924,4971.0,0.0,0.0,0.0,0.0,0.0,0.0,0.0,0.0,0.0,0.0,0.0,0.0,0.0,0.0,15553.066589355469
971,native_wait_aware_replan,supported_native_episode_loop,-9049.347,5.965,0.5663,-7.0976,66.0,0.7480916030534351,342.4039737311862,10.563811218840822,-43.656488549618324,6.511611463602717,0.0,4971.0,1.0,1.0,0.9820137900379085,1.0,0.5462469464701502,0.3949959286268669,1.0444101506781491,0.288544237613678,0.9069622755050659,-2.0,2.0,1.0,1.9999998807907104,1.3496702909469604,11628.41356201172
981,native_wait_aware_replan,supported_native_episode_loop,-11997.002,5.445,0.3971,-6.2392,66.0,0.7480916030534351,340.02623920804666,4.945800864326736,-44.17175572519084,5.330049837344309,1.0,4970.0,1.0,1.0,0.9820137900379085,1.0,0.30592342044513937,0.07456456059351917,1.0687217812181862,0.36484596133232117,0.7128377556800842,-0.5965164847481521,0.5965164847481521,1.0,2.000000238418579,1.9254357814788818,57752.209765625
991,native_wait_aware_replan,supported_native_episode_loop,-18843.374,4.284,0.6303,-5.5446,66.0,0.7480916030534351,328.8799066993116,4.942980162614127,-44.54961832061068,4.096570415273969,0.8461538461538461,4971.0,0.0,0.0,0.0,0.0,0.0,0.0,0.0,0.0,0.0,0.0,0.0,0.0,0.0,0.0,8571.07030029297
1001,native_wait_aware_replan,supported_native_episode_loop,-17753.974,6.295,0.5401,-7.3751999999999995,66.0,0.7480916030534351,338.8753285646306,12.124708864356782,-44.06106870229008,4.789868004350097,0.3846153846153846,4971.0,0.0,0.0,0.0,0.0,0.0,0.0,0.0,0.0,0.0,0.0,0.0,0.0,0.0,0.0,2033.9672149658204
1011,native_wait_aware_replan,supported_native_episode_loop,-19157.908,5.468,0.5799,-6.6278,66.0,0.7480916030534351,328.03721406223207,5.475280109931217,-44.51145038167939,4.250489710832054,0.0,4971.0,0.0,0.0,0.0,0.0,0.0,0.0,0.0,0.0,0.0,0.0,0.0,0.0,0.0,0.0,95052.9775390625
1021,native_wait_aware_replan,supported_native_episode_loop,-3193.084,5.625,0.5919,-6.8088,66.0,0.7480916030534351,341.7254501146517,5.852189743641832,-44.343511450381676,4.735396986133379,0.0,4970.0,0.0,0.0,0.0,0.0,0.0,0.0,0.0,0.0,0.0,0.0,0.0,0.0,0.0,0.0,1437.529019165039
1031,native_wait_aware_replan,supported_native_episode_loop,-18844.152,4.575,0.4913,-5.5576,66.0,0.7480916030534351,331.2354411287162,5.868223145344304,-44.43893129770992,4.479181231735369,1.0,4970.0,0.0,0.0,0.0,0.0,0.0,0.0,0.0,0.0,0.0,0.0,0.0,0.0,0.0,0.0,8194.4578125
1041,native_wait_aware_replan,supported_native_episode_loop,-17246.642,5.136,0.5799,-6.2958,66.0,0.7480916030534351,348.74290316879905,7.649477484171682,-41.083969465648856,12.599550560225488,0.0,4973.0,0.0,0.0,0.0,0.0,0.0,0.0,0.0,0.0,0.0,0.0,0.0,0.0,0.0,0.0,49861.383520507814
1051,native_wait_aware_replan,supported_native_episode_loop,-2762.495,4.994,0.3424,-5.6788,66.0,0.7480916030534351,333.1057990676726,5.8977516771666885,-44.52290076335878,4.193489408312964,0.6923076923076924,4970.0,1.0,1.0,0.9820137900379085,1.0,0.4654694297495332,0.2872925729993776,1.1031960842097004,0.0,0.7698613405227661,-2.0,2.0,1.0,1.9999995231628418,2.429069995880127,36948.591088867186
1061,native_wait_aware_replan,supported_native_episode_loop,-18903.564,4.164,0.6421,-5.4482,66.0,0.7480916030534351,334.8922833821246,5.761961075700186,-44.465648854961835,4.363795724894276,1.0,4971.0,0.0,0.0,0.0,0.0,0.0,0.0,0.0,0.0,0.0,0.0,0.0,0.0,0.0,0.0,15174.263732910156
1071,native_wait_aware_replan,supported_native_episode_loop,-2752.83,3.769,0.435,-4.639,66.0,0.7480916030534351,350.3051395960247,4.833089754753351,-44.213740458015266,4.9578492529604725,0.5384615384615384,4970.0,0.0,0.0,0.0,0.0,0.0,0.0,0.0,0.0,0.0,0.0,0.0,0.0,0.0,0.0,39021.09291992187
1081,native_wait_aware_replan,supported_native_episode_loop,-18919.25,5.031,0.5066,-6.0442,66.0,0.7480916030534351,328.68227844578007,5.635430915726861,-44.49618320610687,4.310247058683938,0.0,4971.0,0.0,0.0,0.0,0.0,0.0,0.0,0.0,0.0,0.0,0.0,0.0,0.0,0.0,0.0,15529.2375
1091,native_wait_aware_replan,supported_native_episode_loop,-12234.622,11.376,0.6342,-12.6444,66.0,0.7480916030534351,347.49673432439056,6.026581796762587,-43.37022900763359,5.73561519167254,0.0,4971.0,0.0,0.0,0.0,0.0,0.0,0.0,0.0,0.0,0.0,0.0,0.0,0.0,0.0,0.0,20478.060131835937
1101,native_wait_aware_replan,supported_native_episode_loop,-18995.915,4.94,0.5154,-5.9708000000000006,66.0,0.7480916030534351,344.3704090976457,5.42497182220881,-44.41984732824427,4.5229764544186715,0.0,4970.0,0.0,0.0,0.0,0.0,0.0,0.0,0.0,0.0,0.0,0.0,0.0,0.0,0.0,0.0,30592.34860839844
1111,native_wait_aware_replan,supported_native_episode_loop,-16197.273,4.186,0.631,-5.448,66.0,0.7480916030534351,337.630384883277,5.07049947196945,-44.39312977099237,4.633312679686064,0.0,4971.0,0.0,0.0,0.0,0.0,0.0,0.0,0.0,0.0,0.0,0.0,0.0,0.0,0.0,0.0,51876.229174804685
1121,native_wait_aware_replan,supported_native_episode_loop,-2697.713,4.634,0.4553,-5.5446,66.0,0.7480916030534351,342.40587438238794,10.106233827522393,-42.68320610687023,8.664815690033619,1.0,4971.0,0.0,0.0,0.0,0.0,0.0,0.0,0.0,0.0,0.0,0.0,0.0,0.0,0.0,0.0,21189.087109375
1131,native_wait_aware_replan,supported_native_episode_loop,-2675.165,4.199,0.3854,-4.9698,66.0,0.7480916030534351,342.53216669954946,5.81890205173391,-44.20229007633588,5.205061624157351,0.5384615384615384,4971.0,0.0,0.0,0.0,0.0,0.0,0.0,0.0,0.0,0.0,0.0,0.0,0.0,0.0,0.0,5025.39595336914
1141,native_wait_aware_replan,supported_native_episode_loop,-20564.048,33.977,0.5328,-35.0426,66.0,0.7480916030534351,345.9203952955685,7.110902951089861,-44.3587786259542,4.701905902815629,0.23076923076923078,4970.0,0.0,0.0,0.0,0.0,0.0,0.0,0.0,0.0,0.0,0.0,0.0,0.0,0.0,0.0,53498.74765625
1151,native_wait_aware_replan,supported_native_episode_loop,-18614.756,5.523,0.5113,-6.545599999999999,66.0,0.7480916030534351,329.0383289209152,5.8211866781343895,-44.282442748091604,5.040711825959811,0.0,4971.0,0.0,0.0,0.0,0.0,0.0,0.0,0.0,0.0,0.0,0.0,0.0,0.0,0.0,0.0,51363.58579101563
1161,native_wait_aware_replan,supported_native_episode_loop,-6615.849,11.554,0.7012,-12.9564,66.0,0.7480916030534351,332.2925922806633,5.278292563695999,-44.51526717557252,4.219836350114421,1.0,4970.0,0.0,0.0,0.0,0.0,0.0,0.0,0.0,0.0,0.0,0.0,0.0,0.0,0.0,0.0,105547.75986328124
1171,native_wait_aware_replan,supported_native_episode_loop,-17489.461,51.69,0.5477,-52.785399999999996,66.0,0.7480916030534351,342.87602130056337,9.112081627869749,-44.38549618320611,4.508712890545898,0.0,4970.0,0.0,0.0,0.0,0.0,0.0,0.0,0.0,0.0,0.0,0.0,0.0,0.0,0.0,0.0,18302.825244140626
1181,native_wait_aware_replan,supported_native_episode_loop,-8689.694,4.691,0.6144,-5.9197999999999995,66.0,0.7480916030534351,349.4025885880733,7.35758662778869,-44.0763358778626,4.926355853372378,0.0,4970.0,0.0,0.0,0.0,0.0,0.0,0.0,0.0,0.0,0.0,0.0,0.0,0.0,0.0,0.0,19971.275427246095
1191,native_wait_aware_replan,supported_native_episode_loop,-3316.994,4.641,0.3643,-5.3696,66.0,0.7480916030534351,343.23147082624547,6.216720234370654,-44.16793893129771,5.1461876080292654,0.0,4970.0,0.0,0.0,0.0,0.0,0.0,0.0,0.0,0.0,0.0,0.0,0.0,0.0,0.0,0.0,7684.779067993164
1201,native_wait_aware_replan,supported_native_episode_loop,-18460.522,8.238,0.7751,-9.7882,66.0,0.7480916030534351,332.3158009897965,4.793680401731859,-44.41984732824427,4.525507349522755,1.0,4970.0,0.0,0.0,0.0,0.0,0.0,0.0,0.0,0.0,0.0,0.0,0.0,0.0,0.0,0.0,4983.50224609375
1211,native_wait_aware_replan,supported_native_episode_loop,-15883.708,31.25,0.5213,-32.2926,66.0,0.7480916030534351,340.01968924950705,4.767864991984902,-44.48473282442748,4.347254521555197,1.0,4971.0,0.0,0.0,0.0,0.0,0.0,0.0,0.0,0.0,0.0,0.0,0.0,0.0,0.0,0.0,2495.356265258789
1221,native_wait_aware_replan,supported_native_episode_loop,-2892.566,6.386,0.3663,-7.1186,66.0,0.7480916030534351,341.7249939418628,5.23449069899833,-44.43511450381679,4.479979615277405,1.0,4971.0,0.0,0.0,0.0,0.0,0.0,0.0,0.0,0.0,0.0,0.0,0.0,0.0,0.0,0.0,25797.221197509767
1231,native_wait_aware_replan,supported_native_episode_loop,-11408.063,8.661,0.5724,-9.8058,66.0,0.7480916030534351,338.5986384612003,4.811780889528208,-44.48854961832061,4.313774161301632,0.0,4971.0,0.0,0.0,0.0,0.0,0.0,0.0,0.0,0.0,0.0,0.0,0.0,0.0,0.0,0.0,2164.8243896484373
1241,native_wait_aware_replan,supported_native_episode_loop,-2709.241,5.495,0.5509,-6.5968,66.0,0.7480916030534351,336.4495985516458,6.658110091912351,-44.35496183206107,4.747031434622199,1.0,4971.0,0.0,0.0,0.0,0.0,0.0,0.0,0.0,0.0,0.0,0.0,0.0,0.0,0.0,0.0,2682.8775482177734
1251,native_wait_aware_replan,supported_native_episode_loop,-11930.187,5.112,0.1907,-5.4934,66.0,0.7480916030534351,334.490505112264,6.886163583645577,-44.37022900763359,4.693298692743858,0.3846153846153846,4971.0,0.0,0.0,0.0,0.0,0.0,0.0,0.0,0.0,0.0,0.0,0.0,0.0,0.0,0.0,85590.482421875
1261,native_wait_aware_replan,supported_native_episode_loop,-15453.064,4.257,0.5594,-5.3758,66.0,0.7480916030534351,343.2733453709358,7.475536934622876,-43.87404580152672,4.999558572670824,0.0,4970.0,0.0,0.0,0.0,0.0,0.0,0.0,0.0,0.0,0.0,0.0,0.0,0.0,0.0,0.0,61828.28161621094
1271,native_wait_aware_replan,supported_native_episode_loop,-18664.412,6.277,0.5562,-7.3894,66.0,0.7480916030534351,333.6665973835016,5.145334633299034,-44.42748091603053,4.522261364924548,0.2169086876723354,4969.0,0.0,0.0,0.0,0.0,0.0,0.0,0.0,0.0,0.0,0.0,0.0,0.0,0.0,0.0,2332.304656982422
1281,native_wait_aware_replan,supported_native_episode_loop,-14747.368,4.494,0.5623,-5.6186,66.0,0.7480916030534351,340.10040368947364,5.56186060331693,-44.49236641221374,4.270207788008094,0.0,4970.0,0.0,0.0,0.0,0.0,0.0,0.0,0.0,0.0,0.0,0.0,0.0,0.0,0.0,0.0,22541.003491210937
1291,native_wait_aware_replan,supported_native_episode_loop,-19361.618,23.74,0.4985,-24.737,66.0,0.7480916030534351,350.9520537266977,9.125661418479943,-41.7557251908397,8.995411555579372,0.23076923076923078,4970.0,0.0,0.0,0.0,0.0,0.0,0.0,0.0,0.0,0.0,0.0,0.0,0.0,0.0,0.0,34887.850830078125
1301,native_wait_aware_replan,supported_native_episode_loop,-11229.55,6.734,0.3267,-7.3873999999999995,66.0,0.7480916030534351,340.58965865661776,5.571749388477842,-44.52671755725191,4.177051526445086,0.0,4970.0,0.0,0.0,0.0,0.0,0.0,0.0,0.0,0.0,0.0,0.0,0.0,0.0,0.0,0.0,7074.063232421875
1311,native_wait_aware_replan,supported_native_episode_loop,-18478.363,4.191,0.6401,-5.4712,66.0,0.7480916030534351,324.16235100404,5.364026752095653,-44.49618320610687,4.296943784842856,0.0,4970.0,0.0,0.0,0.0,0.0,0.0,0.0,0.0,0.0,0.0,0.0,0.0,0.0,0.0,0.0,4190.403338623047
1321,native_wait_aware_replan,supported_native_episode_loop,-18939.167,4.962,0.6127,-6.1874,66.0,0.7480916030534351,334.07676834865987,11.791675184054045,-44.49618320610687,4.278249705964836,0.0,4970.0,0.0,0.0,0.0,0.0,0.0,0.0,0.0,0.0,0.0,0.0,0.0,0.0,0.0,0.0,3260.487890625
1331,native_wait_aware_replan,supported_native_episode_loop,-3097.676,4.3,0.4007,-5.1014,66.0,0.7480916030534351,340.28889627857063,4.211892464059061,-44.43893129770992,4.456114634578129,0.0,4970.0,0.0,0.0,0.0,0.0,0.0,0.0,0.0,0.0,0.0,0.0,0.0,0.0,0.0,0.0,5837.621560668946
1341,native_wait_aware_replan,supported_native_episode_loop,-17043.405,7.171,0.5566,-8.2842,66.0,0.7480916030534351,336.82055523626076,8.02009887977164,-44.51526717557252,4.225259796564532,0.0,4972.0,0.0,0.0,0.0,0.0,0.0,0.0,0.0,0.0,0.0,0.0,0.0,0.0,0.0,0.0,6019.41138305664
1351,native_wait_aware_replan,supported_native_episode_loop,-20828.09,41.61,0.6679,-42.9458,66.0,0.7480916030534351,335.1663077519443,5.223012154217873,-44.4236641221374,4.526416644865037,0.0,4970.0,0.0,0.0,0.0,0.0,0.0,0.0,0.0,0.0,0.0,0.0,0.0,0.0,0.0,0.0,51881.423095703125
1361,native_wait_aware_replan,supported_native_episode_loop,-4938.929,4.752,0.5519,-5.8557999999999995,66.0,0.7480916030534351,343.651140335134,4.352658146181351,-44.41984732824427,4.5229764544186715,0.0,4971.0,0.0,0.0,0.0,0.0,0.0,0.0,0.0,0.0,0.0,0.0,0.0,0.0,0.0,0.0,83598.87587890626
1371,native_wait_aware_replan,supported_native_episode_loop,-12486.505,6.112,0.6507,-7.4134,66.0,0.7480916030534351,348.55793941190836,5.3519060891458565,-43.767175572519086,5.516387006945368,1.0,4969.0,1.0,1.0,0.9820137900379085,1.0,0.2947818175783222,0.05970909010442963,1.0335452788057675,0.4207521080970764,0.7600647807121277,-0.4776727208354372,0.4776727208354372,1.0,2.000000387430191,2.0637484788894653,9233.990020751953
1381,native_wait_aware_replan,supported_native_episode_loop,-18169.621,5.222,0.6117,-6.4454,66.0,0.7480916030534351,340.16907991198184,10.436695208011693,-44.347328244274806,4.750810750323091,0.0,4971.0,0.0,0.0,0.0,0.0,0.0,0.0,0.0,0.0,0.0,0.0,0.0,0.0,0.0,0.0,8353.273498535156
1391,native_wait_aware_replan,supported_native_episode_loop,-2917.654,5.165,0.4682,-6.1014,66.0,0.7480916030534351,344.06412528001397,5.599561251168904,-43.39312977099237,7.222871760184831,0.0,4970.0,0.0,0.0,0.0,0.0,0.0,0.0,0.0,0.0,0.0,0.0,0.0,0.0,0.0,0.0,7931.797283935547
1401,native_wait_aware_replan,supported_native_episode_loop,-2778.479,4.617,0.4471,-5.5112,66.0,0.7480916030534351,339.4942322041991,5.350325490140385,-44.412213740458014,4.552275211712267,0.0,4970.0,0.0,0.0,0.0,0.0,0.0,0.0,0.0,0.0,0.0,0.0,0.0,0.0,0.0,0.0,90.21442346572876
1411,native_wait_aware_replan,supported_native_episode_loop,-9358.501,18.445,0.4001,-19.2452,66.0,0.7480916030534351,340.4377471262793,6.690909831836881,-44.29389312977099,4.850580444139372,0.0,4970.0,0.0,0.0,0.0,0.0,0.0,0.0,0.0,0.0,0.0,0.0,0.0,0.0,0.0,0.0,32871.965551757814
1421,native_wait_aware_replan,supported_native_episode_loop,-20231.691,9.036,0.4537,-9.9434,66.0,0.7480916030534351,338.92447288348023,6.344672473954476,-44.56106870229008,4.058975024213428,0.0,4971.0,0.0,0.0,0.0,0.0,0.0,0.0,0.0,0.0,0.0,0.0,0.0,0.0,0.0,0.0,98605.4291015625
1431,native_wait_aware_replan,supported_native_episode_loop,-2790.759,3.617,0.4198,-4.4566,66.0,0.7480916030534351,341.83433145057154,7.947236291795035,-44.33206106870229,4.748688323122895,0.0,4970.0,0.0,0.0,0.0,0.0,0.0,0.0,0.0,0.0,0.0,0.0,0.0,0.0,0.0,0.0,27262.706274414064
1441,native_wait_aware_replan,supported_native_episode_loop,-4288.983,4.95,0.4817,-5.9134,66.0,0.7480916030534351,343.18425505884727,14.686014531272185,-43.93129770992366,4.80090773810975,0.3846153846153846,4971.0,0.0,0.0,0.0,0.0,0.0,0.0,0.0,0.0,0.0,0.0,0.0,0.0,0.0,0.0,541.2897834777832
1451,native_wait_aware_replan,supported_native_episode_loop,-12562.021,6.292,0.6253,-7.5426,66.0,0.7480916030534351,344.7162344065028,4.72660035968027,-44.267175572519086,4.969870177364931,0.0,4970.0,0.0,0.0,0.0,0.0,0.0,0.0,0.0,0.0,0.0,0.0,0.0,0.0,0.0,0.0,8959.129113769532
1461,native_wait_aware_replan,supported_native_episode_loop,-3081.304,4.092,0.5375,-5.167,66.0,0.7480916030534351,345.99826271951804,5.89983982949278,-44.0763358778626,5.404434595012342,0.23076923076923078,4970.0,0.0,0.0,0.0,0.0,0.0,0.0,0.0,0.0,0.0,0.0,0.0,0.0,0.0,0.0,12692.874911499024
1471,native_wait_aware_replan,supported_native_episode_loop,-18908.575,5.826,0.4963,-6.8186,66.0,0.7480916030534351,348.91053576020585,8.471056814546708,-43.13740458015267,7.126729985533097,1.0,4972.0,0.0,0.0,0.0,0.0,0.0,0.0,0.0,0.0,0.0,0.0,0.0,0.0,0.0,0.0,25234.254272460938
