{"avg_wait_min": [5.533], "peak_fleet": [16.0], "headway_cv": [0.5557], "lower_lambda": [0.9970000982284546], "lower_alpha": [0.1], "lower_q_mean": [6.420736312866211], "lower_q_std": [1.561706304550171], "upper_delta_mean": [-16.46], "upper_q_mean": [-0.22974607348442078], "hold_fb_mean": [19.129953731643532], "hold_penalty_mean": [0.3188426995446632], "freq_holdfb_same_hold": [0.0], "freq_holdfb_same_wait": [0.0], "theta_wait": [0.5044373009531717], "theta_fleet": [0.3088427253410233], "surprise": [0.1733], "belief_window": [9.61], "upper_hf_power_ratio": [0.04818965963413969], "lower_lf_drift_ratio": [0.9860396091580891], "demand_attr_score": [0.1427384120697601], "demand_attr_mi_score": [0.047880224081488], "shock_response_time_mean_s": [0.0], "shock_response_hit_rate": [0.0], "upper_plan_penalty_mean": [0.0], "freq_wait_lower_penalty_mean": [0.0], "freq_wait_lower_board_credit_mean": [0.0], "freq_wait_lower_net_mean": [0.0], "freq_wait_upper_credit_mean": [0.0], "freq_wait_low_share_mean": [0.0], "freq_wait_lower_high_share_mean": [0.0], "freq_middle": [0.0012817126138401636], "freq_middle_energy": [0.0012817126138401636], "upper_plan_target_mean": [343.5405535969798], "upper_plan_decisions": [88.0], "upper_plan_reuse_ratio": [0.6641221374045801], "terminal_launch_shift_mean": [0.13740458015267176], "freq_promotion_flag": [0.0], "freq_promotion_strength": [0.0], "freq_promotion_absorbed": [0.0]}