{
 "exp": "H_hiro",
 "seed": 123,
 "ep": 199,
 "wait_mean": 6.884449999999998,
 "wait_std": 2.9118166060897446,
 "cv_mean": 0.49233000000000005,
 "cv_std": 0.10450955028130204,
 "overshoot_mean": 1.85,
 "overshoot_std": 1.2757350822173072,
 "composite_mean": 1.696008516483516,
 "composite_std": 0.6720139873984264,
 "n_eps": 20,
 "wall_s": 741.3
}