{
 "exp": "H_hiro",
 "seed": 456,
 "ep": 299,
 "wait_mean": 5.442150000000001,
 "wait_std": 1.7390970724775545,
 "cv_mean": 0.5207250000000001,
 "cv_std": 0.0722924814555428,
 "overshoot_mean": 1.85,
 "overshoot_std": 1.2757350822173072,
 "composite_mean": 1.5801735164835167,
 "composite_std": 0.556555095155433,
 "n_eps": 20,
 "wall_s": 566.1
}