{
 "exp": "H_hiro",
 "seed": 456,
 "ep": 149,
 "wait_mean": 5.505400000000001,
 "wait_std": 1.7102332121672763,
 "cv_mean": 0.4568199999999999,
 "cv_std": 0.05559601244693724,
 "overshoot_mean": 1.6,
 "overshoot_std": 1.392838827718412,
 "composite_mean": 1.4795074358974358,
 "composite_std": 0.4998222114851953,
 "n_eps": 20,
 "wall_s": 729.0
}