{
 "exp": "H_hiro",
 "seed": 42,
 "ep": 299,
 "wait_mean": 6.0474999999999985,
 "wait_std": 3.3882839240535905,
 "cv_mean": 0.48897499999999994,
 "cv_std": 0.10025254547890541,
 "overshoot_mean": 1.85,
 "overshoot_std": 1.2757350822173072,
 "composite_mean": 1.6089585164835167,
 "composite_std": 0.6586937489596155,
 "n_eps": 20,
 "wall_s": 679.5
}