{
 "exp": "H_hiro",
 "seed": 42,
 "ep": 199,
 "wait_mean": 5.836,
 "wait_std": 1.8633898679557104,
 "cv_mean": 0.48847499999999994,
 "cv_std": 0.09632222420085616,
 "overshoot_mean": 1.8,
 "overshoot_std": 1.2884098726725126,
 "composite_mean": 1.5757700549450548,
 "composite_std": 0.46719984765134326,
 "n_eps": 20,
 "wall_s": 671.9
}