{
 "exp": "H_hiro",
 "seed": 123,
 "ep": 249,
 "wait_mean": 6.11665,
 "wait_std": 3.420135849275581,
 "cv_mean": 0.5090600000000001,
 "cv_std": 0.10373933872933642,
 "overshoot_mean": 1.85,
 "overshoot_std": 1.2757350822173072,
 "composite_mean": 1.6359585164835166,
 "composite_std": 0.7198505821042557,
 "n_eps": 20,
 "wall_s": 767.8
}