{
 "exp": "H_hiro",
 "seed": 42,
 "ep": 149,
 "wait_mean": 5.68825,
 "wait_std": 2.0871806552141092,
 "cv_mean": 0.503715,
 "cv_std": 0.07169667548080594,
 "overshoot_mean": 1.8,
 "overshoot_std": 1.2884098726725128,
 "composite_mean": 1.5762350549450548,
 "composite_std": 0.5735125031930777,
 "n_eps": 20,
 "wall_s": 630.5
}