{
 "exp": "H_hiro",
 "seed": 456,
 "ep": 199,
 "wait_mean": 5.98265,
 "wait_std": 2.648576641802159,
 "cv_mean": 0.5226900000000001,
 "cv_std": 0.09883571672224571,
 "overshoot_mean": 1.7,
 "overshoot_std": 1.3820274961085255,
 "composite_mean": 1.617507197802198,
 "composite_std": 0.5955444142671037,
 "n_eps": 20,
 "wall_s": 686.9
}