{
 "exp": "H_hiro",
 "seed": 456,
 "ep": 49,
 "wait_mean": 6.133049999999999,
 "wait_std": 1.6267294942614152,
 "cv_mean": 0.5127649999999999,
 "cv_std": 0.11095756970572129,
 "overshoot_mean": 1.95,
 "overshoot_std": 1.2031209415515964,
 "composite_mean": 1.6553511355311354,
 "composite_std": 0.5530304720654844,
 "n_eps": 20,
 "wall_s": 748.9
}