{
 "exp": "H_hiro",
 "seed": 42,
 "ep": 99,
 "wait_mean": 5.78735,
 "wait_std": 1.8766473370082086,
 "cv_mean": 0.5040600000000001,
 "cv_std": 0.10492688120782014,
 "overshoot_mean": 1.7,
 "overshoot_std": 1.3820274961085255,
 "composite_mean": 1.5793471978021978,
 "composite_std": 0.5439539086222351,
 "n_eps": 20,
 "wall_s": 635.2
}