{
 "exp": "H_hiro",
 "seed": 123,
 "ep": 149,
 "wait_mean": 5.88765,
 "wait_std": 2.3778979640640596,
 "cv_mean": 0.47621000000000013,
 "cv_std": 0.07412647907461949,
 "overshoot_mean": 1.6,
 "overshoot_std": 1.392838827718412,
 "composite_mean": 1.537122435897436,
 "composite_std": 0.5543333720806323,
 "n_eps": 20,
 "wall_s": 728.3
}