{
 "exp": "H_hiro",
 "seed": 123,
 "ep": 99,
 "wait_mean": 5.210800000000001,
 "wait_std": 1.7135230549951757,
 "cv_mean": 0.45294999999999996,
 "cv_std": 0.08603027664723625,
 "overshoot_mean": 1.6,
 "overshoot_std": 1.3564659966250538,
 "composite_mean": 1.4382104029304028,
 "composite_std": 0.5211554629296381,
 "n_eps": 20,
 "wall_s": 705.5
}