{
 "exp": "H_hiro_no_hindsight",
 "seed": 123,
 "ep": 249,
 "wait_mean": 5.9093,
 "wait_std": 2.1266883199002153,
 "cv_mean": 0.5271,
 "cv_std": 0.08641095995300596,
 "overshoot_mean": 1.9,
 "overshoot_std": 1.3,
 "composite_mean": 1.6524942857142855,
 "composite_std": 0.5681359564758844,
 "n_eps": 20,
 "wall_s": 362.3
}