{
 "exp": "H_hiro_no_hindsight",
 "seed": 42,
 "ep": 249,
 "wait_mean": 5.7424,
 "wait_std": 2.0300723484644583,
 "cv_mean": 0.529435,
 "cv_std": 0.09378273441844186,
 "overshoot_mean": 1.8,
 "overshoot_std": 1.2884098726725126,
 "composite_mean": 1.607370054945055,
 "composite_std": 0.5835821197685637,
 "n_eps": 20,
 "wall_s": 354.1
}