{
 "exp": "H_hiro_no_hindsight",
 "seed": 123,
 "ep": 149,
 "wait_mean": 6.7048000000000005,
 "wait_std": 3.2814377275822255,
 "cv_mean": 0.5079650000000001,
 "cv_std": 0.08653068400862204,
 "overshoot_mean": 1.65,
 "overshoot_std": 1.3143439428094916,
 "composite_mean": 1.6461968315018318,
 "composite_std": 0.6212611999720082,
 "n_eps": 20,
 "wall_s": 341.9
}