{
 "exp": "H_hiro_no_hindsight",
 "seed": 456,
 "ep": 199,
 "wait_mean": 8.3995,
 "wait_std": 5.402102937745633,
 "cv_mean": 0.5425399999999999,
 "cv_std": 0.12230216433080814,
 "overshoot_mean": 2.3,
 "overshoot_std": 1.004987562112089,
 "composite_mean": 1.9888041025641026,
 "composite_std": 0.7582272281234159,
 "n_eps": 20,
 "wall_s": 359.9
}