{
 "exp": "H_hiro_no_hindsight",
 "seed": 123,
 "ep": 299,
 "wait_mean": 5.7997000000000005,
 "wait_std": 2.7319702432493664,
 "cv_mean": 0.4978949999999999,
 "cv_std": 0.09148825320772061,
 "overshoot_mean": 1.85,
 "overshoot_std": 1.2757350822173072,
 "composite_mean": 1.5930985164835163,
 "composite_std": 0.5279601542676277,
 "n_eps": 20,
 "wall_s": 354.7
}