{
 "exp": "H_hiro_no_hindsight",
 "seed": 42,
 "ep": 49,
 "wait_mean": 6.051400000000001,
 "wait_std": 2.53530302725335,
 "cv_mean": 0.4408950000000001,
 "cv_std": 0.07509178700097634,
 "overshoot_mean": 1.55,
 "overshoot_std": 1.3955285736952865,
 "composite_mean": 1.5066439743589743,
 "composite_std": 0.4998916747740445,
 "n_eps": 20,
 "wall_s": 333.3
}