{
 "exp": "H_hiro_no_hindsight",
 "seed": 42,
 "ep": 299,
 "wait_mean": 5.7014499999999995,
 "wait_std": 1.3881493606597237,
 "cv_mean": 0.532775,
 "cv_std": 0.10423686428034949,
 "overshoot_mean": 1.95,
 "overshoot_std": 1.1608186766243898,
 "composite_mean": 1.6248201831501834,
 "composite_std": 0.5821622834373814,
 "n_eps": 20,
 "wall_s": 362.0
}