{
 "exp": "H_hiro_no_hindsight",
 "seed": 42,
 "ep": 199,
 "wait_mean": 6.11205,
 "wait_std": 1.8300273351783574,
 "cv_mean": 0.4956699999999999,
 "cv_std": 0.12662799887860504,
 "overshoot_mean": 1.8,
 "overshoot_std": 1.32664991614216,
 "composite_mean": 1.6185370879120882,
 "composite_std": 0.48053131662358145,
 "n_eps": 20,
 "wall_s": 348.5
}