{
 "exp": "H_hiro_no_hindsight",
 "seed": 42,
 "ep": 99,
 "wait_mean": 5.6323,
 "wait_std": 1.7928971554442268,
 "cv_mean": 0.4736349999999999,
 "cv_std": 0.07686831775835867,
 "overshoot_mean": 1.65,
 "overshoot_std": 1.3518505834595773,
 "composite_mean": 1.5125838644688643,
 "composite_std": 0.55902464476236,
 "n_eps": 20,
 "wall_s": 346.4
}