{
 "exp": "H_hiro_no_hindsight",
 "seed": 42,
 "ep": 149,
 "wait_mean": 4.84375,
 "wait_std": 1.1384483683944562,
 "cv_mean": 0.46397000000000005,
 "cv_std": 0.07291234531956849,
 "overshoot_mean": 1.6,
 "overshoot_std": 1.4282856857085702,
 "composite_mean": 1.4297873076923078,
 "composite_std": 0.5227322665276009,
 "n_eps": 20,
 "wall_s": 345.8
}