{
 "exp": "H_hiro_no_hindsight",
 "seed": 123,
 "ep": 199,
 "wait_mean": 6.6004000000000005,
 "wait_std": 2.8648182036562106,
 "cv_mean": 0.5348049999999999,
 "cv_std": 0.061041006503824956,
 "overshoot_mean": 1.6,
 "overshoot_std": 1.4282856857085702,
 "composite_mean": 1.6762873076923075,
 "composite_std": 0.5955851961983452,
 "n_eps": 20,
 "wall_s": 347.9
}