{
 "exp": "H_hiro_no_hindsight",
 "seed": 456,
 "ep": 249,
 "wait_mean": 8.9593,
 "wait_std": 5.741414634913594,
 "cv_mean": 0.545335,
 "cv_std": 0.15265687758826985,
 "overshoot_mean": 2.3,
 "overshoot_std": 0.9539392014169457,
 "composite_mean": 2.0404362454212457,
 "composite_std": 0.9881800239252704,
 "n_eps": 20,
 "wall_s": 362.0
}