{
 "exp": "H_hiro_no_hindsight",
 "seed": 123,
 "ep": 99,
 "wait_mean": 5.620800000000001,
 "wait_std": 1.68599592526198,
 "cv_mean": 0.46164999999999995,
 "cv_std": 0.052620590076509016,
 "overshoot_mean": 1.65,
 "overshoot_std": 1.388344337691482,
 "composite_mean": 1.5087437362637364,
 "composite_std": 0.509007533942064,
 "n_eps": 20,
 "wall_s": 336.6
}