{
 "exp": "H_hiro_no_hindsight",
 "seed": 456,
 "ep": 149,
 "wait_mean": 7.127599999999999,
 "wait_std": 3.961459054439412,
 "cv_mean": 0.55491,
 "cv_std": 0.10293451267674997,
 "overshoot_mean": 2.45,
 "overshoot_std": 0.9205976319760986,
 "composite_mean": 1.912555531135531,
 "composite_std": 0.6832766949703406,
 "n_eps": 20,
 "wall_s": 360.1
}