{
 "exp": "H_hiro_no_hindsight",
 "seed": 123,
 "ep": 49,
 "wait_mean": 5.8271,
 "wait_std": 1.863968693406625,
 "cv_mean": 0.446075,
 "cv_std": 0.08734964725172048,
 "overshoot_mean": 1.45,
 "overshoot_std": 1.4309088021254186,
 "composite_mean": 1.4730478205128206,
 "composite_std": 0.6212968793336566,
 "n_eps": 20,
 "wall_s": 340.3
}