{
 "exp": "H_hiro_no_hindsight",
 "seed": 456,
 "ep": 49,
 "wait_mean": 7.857300000000002,
 "wait_std": 2.4847828697896324,
 "cv_mean": 0.4996499999999999,
 "cv_std": 0.17873667922393544,
 "overshoot_mean": 2.8,
 "overshoot_std": 0.5099019513592784,
 "composite_mean": 2.014581007326007,
 "composite_std": 0.4615093997736513,
 "n_eps": 20,
 "wall_s": 358.4
}