{
 "exp": "H_hiro_no_hindsight",
 "seed": 456,
 "ep": 99,
 "wait_mean": 6.491349999999999,
 "wait_std": 2.9597948792948476,
 "cv_mean": 0.54918,
 "cv_std": 0.1426902540470091,
 "overshoot_mean": 2.95,
 "overshoot_std": 0.21794494717703367,
 "composite_mean": 1.9702243406593403,
 "composite_std": 0.42950326480734513,
 "n_eps": 20,
 "wall_s": 363.3
}