{
 "exp": "H_hiro_no_tpc",
 "seed": 42,
 "ep": 49,
 "wait_mean": 7.225150000000001,
 "wait_std": 3.799706058039226,
 "cv_mean": 0.47226,
 "cv_std": 0.14170014608319922,
 "overshoot_mean": 1.55,
 "overshoot_std": 1.3955285736952865,
 "composite_mean": 1.6553839743589744,
 "composite_std": 0.8399075528985861,
 "n_eps": 20,
 "wall_s": 1016.5
}