{
 "exp": "H_hiro_no_tpc",
 "seed": 456,
 "ep": 99,
 "wait_mean": 5.5798000000000005,
 "wait_std": 1.5399735257464655,
 "cv_mean": 0.46656,
 "cv_std": 0.06532788378632817,
 "overshoot_mean": 1.75,
 "overshoot_std": 1.2599603168354152,
 "composite_mean": 1.5065775457875459,
 "composite_std": 0.4307473624874117,
 "n_eps": 20,
 "wall_s": 1493.3
}