{
 "exp": "H_hiro_no_tpc",
 "seed": 123,
 "ep": 99,
 "wait_mean": 4.9822,
 "wait_std": 1.4000100571067338,
 "cv_mean": 0.4442399999999999,
 "cv_std": 0.06819349969021975,
 "overshoot_mean": 1.55,
 "overshoot_std": 1.3955285736952865,
 "composite_mean": 1.4030689743589746,
 "composite_std": 0.4894256508372867,
 "n_eps": 20,
 "wall_s": 1449.5
}