{
 "exp": "H_hiro_no_tpc",
 "seed": 456,
 "ep": 299,
 "wait_mean": 6.573449999999999,
 "wait_std": 2.510181038789832,
 "cv_mean": 0.5295749999999999,
 "cv_std": 0.10179599636036772,
 "overshoot_mean": 2.05,
 "overshoot_std": 1.243985530462473,
 "composite_mean": 1.7546626739926743,
 "composite_std": 0.6015587823243714,
 "n_eps": 20,
 "wall_s": 1148.4
}