{
 "exp": "H_hiro_no_tpc",
 "seed": 123,
 "ep": 299,
 "wait_mean": 6.583450000000001,
 "wait_std": 2.50809524290845,
 "cv_mean": 0.5592650000000001,
 "cv_std": 0.11592444640799454,
 "overshoot_mean": 2.3,
 "overshoot_std": 0.9539392014169457,
 "composite_mean": 1.8167812454212453,
 "composite_std": 0.6192017649982765,
 "n_eps": 20,
 "wall_s": 1571.4
}