{
 "exp": "H_hiro_no_tpc",
 "seed": 123,
 "ep": 149,
 "wait_mean": 5.539499999999999,
 "wait_std": 1.9387576047562003,
 "cv_mean": 0.47099,
 "cv_std": 0.0705551479340806,
 "overshoot_mean": 1.55,
 "overshoot_std": 1.3955285736952865,
 "composite_mean": 1.4855489743589745,
 "composite_std": 0.6191087926681708,
 "n_eps": 20,
 "wall_s": 1451.5
}