{
 "exp": "H_hiro_no_tpc",
 "seed": 123,
 "ep": 49,
 "wait_mean": 5.332450000000001,
 "wait_std": 1.483441386607506,
 "cv_mean": 0.45170000000000005,
 "cv_std": 0.04531995145628468,
 "overshoot_mean": 1.55,
 "overshoot_std": 1.3955285736952865,
 "composite_mean": 1.4455539743589745,
 "composite_std": 0.5083731904162926,
 "n_eps": 20,
 "wall_s": 1380.1
}