{
 "exp": "H_hiro_no_tpc",
 "seed": 42,
 "ep": 249,
 "wait_mean": 5.499499999999999,
 "wait_std": 1.4901238035814341,
 "cv_mean": 0.51655,
 "cv_std": 0.12121371828303922,
 "overshoot_mean": 1.8,
 "overshoot_std": 1.2489995996796799,
 "composite_mean": 1.5609001831501834,
 "composite_std": 0.5317817845506357,
 "n_eps": 20,
 "wall_s": 1407.5
}