{
 "exp": "H_hiro_no_tpc",
 "seed": 456,
 "ep": 249,
 "wait_mean": 6.03245,
 "wait_std": 2.407750121482709,
 "cv_mean": 0.521895,
 "cv_std": 0.10112953314932291,
 "overshoot_mean": 2.0,
 "overshoot_std": 1.140175425099138,
 "composite_mean": 1.6577544688644685,
 "composite_std": 0.5496150819326153,
 "n_eps": 20,
 "wall_s": 1192.4
}