{
 "exp": "H_hiro_no_tpc",
 "seed": 42,
 "ep": 199,
 "wait_mean": 6.148000000000001,
 "wait_std": 3.374896042843394,
 "cv_mean": 0.52598,
 "cv_std": 0.11116688175891236,
 "overshoot_mean": 1.7,
 "overshoot_std": 1.3820274961085255,
 "composite_mean": 1.6373321978021977,
 "composite_std": 0.7034201382309639,
 "n_eps": 20,
 "wall_s": 1290.1
}