variant,total_reward_mean,reward_mean_mean,wait_proxy_mean,headway_cv_mean,hold_mean_mean,promotion_count_mean,leakage_penalty_mean,UpperHFPower_mean,LowerLFDrift_mean,LowerLFDriftAbs_mean,RawLowerLFDrift_mean,RawLowerLFDriftAbs_mean,plan_smoothness_mean,plan_coeff_abs_mean,wait_low_share_mean,wait_high_share_mean,wait_attr_penalty_mean,wait_board_credit_mean,wait_credit_relief_mean,lower_lf_effect_filter_window_mean,lower_lf_effect_filter_gain_mean,lower_lf_raw_recenter_gain_mean,raw_recenter_reduction_mean_mean,upper_decision_count_mean,promotion_replan_count_mean,n,claim_objective,delta_claim_objective_vs_base,delta_wait_vs_base,delta_lower_lf_drift_vs_base
base_ema_direct,-436.25069970388375,-4.544278121915455,4.202651387153691,0.10370625078806696,7.626995599390804,0.0,0.999820395497608,0.0003602548655771397,0.9994601406320308,0.028712940913076152,0.9994601406320308,0.028712940913076152,0.0,0.0,0.9408633337715931,0.05913666622840696,0.0,0.0,0.0,0.0,1.0,0.0,0.0,96.0,0.0,3,-4.868610944646074,0.0,0.0,0.0
plan_only,-442.86903707142966,-4.613219136160725,4.269447178281627,0.10450426460616762,7.564791015148997,0.0,1.0018473463326893,0.002528761521643075,0.9993185848110464,0.028242649167233232,0.9993185848110464,0.028242649167233232,0.0173426066365454,0.5015278331267738,0.9408633337715931,0.05913666622840696,0.0,0.0,0.0,0.0,1.0,0.0,0.0,12.0,0.0,3,-4.939590420228365,-0.07097947558229123,0.06679579112793643,-0.000141555820984407
full_no_wait,-440.6764975192227,-4.590380182491903,4.251983799612273,0.10709616093696067,4.276975017186832,14.0,0.4660175847827405,0.00689306206690722,0.4591245227158333,6.683146026640334e-05,1.1200684090961817,0.01057596176095855,0.018047185701313275,0.479199068932677,0.9551360815473928,0.04486391845260717,0.0,0.0,0.0,12.0,1.0,1.0,3.835947464747959,24.333333333333332,13.333333333333334,3,-4.839959246465529,0.02865169818054447,0.04933241245858255,-0.5403356179161976
full_freqhrl,-430.8300750339901,-4.487813281604064,4.126885026835079,0.10806498857733278,3.9382151806894794,14.0,1.0964596510428493,0.00689306206690722,1.089566588975942,7.178285988012652e-05,1.1310088311909696,0.008843707216425535,0.018047185701313275,0.479199068932677,0.9551360815473928,0.04486391845260717,0.02151660747079372,0.0005361791565646378,0.12471895410835454,12.0,1.0,1.0,3.5483713855655785,24.333333333333332,13.333333333333334,3,-4.779436161602437,0.08917478304363691,-0.07576636031861206,0.09010644834391124
