variant,total_reward_mean,reward_mean_mean,wait_proxy_mean,headway_cv_mean,hold_mean_mean,promotion_count_mean,leakage_penalty_mean,UpperHFPower_mean,LowerLFDrift_mean,plan_smoothness_mean,plan_coeff_abs_mean,wait_low_share_mean,wait_high_share_mean,wait_attr_penalty_mean,wait_board_credit_mean,upper_decision_count_mean,promotion_replan_count_mean,n,claim_objective,delta_claim_objective_vs_base,delta_wait_vs_base,delta_lower_lf_drift_vs_base
base_ema_direct,-437.99812270620953,-4.562480444856349,4.203517095710458,0.10947913166060005,7.631488541022646,0.0,0.9996564034076143,0.0003576631757957551,0.9992987402318185,0.0,0.0,0.9481601787463848,0.051839821253615186,0.0,0.0,96.0,0.0,2,-4.886879913313539,0.0,0.0,0.0
plan_only,-442.97657765899226,-4.614339350614502,4.26278020831742,0.10710103055198586,7.564012660281197,0.0,1.0018548912557081,0.0025136494131955183,0.9993412418425127,0.017613785439240463,0.5078119158846468,0.9481601787463848,0.051839821253615186,0.0,0.0,12.0,0.0,2,-4.940437984897412,-0.053558071583872824,0.05926311260696249,4.2501610694190006e-05
full_no_wait,-441.4937519503999,-4.598893249483332,4.244706800039373,0.10762438753663958,7.828321708510244,78.5,1.0008259808411777,0.0022310804831389497,0.9985949003580388,0.01752779015562848,0.4964280568274139,0.940417678630127,0.05958232136987299,0.0,0.0,54.5,50.0,2,-4.926852330598653,-0.03997241728511369,0.04118970432891533,-0.0007038398737797547
full_freqhrl,-442.243005565486,-4.606697974640479,4.245255543413232,0.10278531459480479,7.858120185148774,78.5,0.9996286835384974,0.002213799120717827,0.9974148844177796,0.026903796514862223,0.4984718747858218,0.940417678630127,0.05958232136987299,0.022512929462534553,0.0008589227602960086,54.5,50.0,2,-4.934882588981918,-0.048002675668379347,0.04173844770277402,-0.0018838558140389372
