variant,total_reward_mean,reward_mean_mean,wait_proxy_mean,headway_cv_mean,hold_mean_mean,promotion_count_mean,leakage_penalty_mean,UpperHFPower_mean,LowerLFDrift_mean,RawLowerLFDrift_mean,plan_smoothness_mean,plan_coeff_abs_mean,wait_low_share_mean,wait_high_share_mean,wait_attr_penalty_mean,wait_board_credit_mean,wait_credit_relief_mean,lower_lf_effect_filter_window_mean,lower_lf_effect_filter_gain_mean,upper_decision_count_mean,promotion_replan_count_mean,n,claim_objective,delta_claim_objective_vs_base,delta_wait_vs_base,delta_lower_lf_drift_vs_base
base_ema_direct,-436.25069970388375,-4.544278121915455,4.202651387153691,0.10370625078806696,7.626995599390804,0.0,0.999820395497608,0.0003602548655771397,0.9994601406320308,0.9994601406320308,0.0,0.0,0.9408633337715931,0.05913666622840696,0.0,0.0,0.0,0.0,1.0,96.0,0.0,3,-4.868610944646074,0.0,0.0,0.0
plan_only,-442.86903707142966,-4.613219136160725,4.269447178281627,0.10450426460616762,7.564791015148997,0.0,1.0018473463326893,0.002528761521643075,0.9993185848110464,0.9993185848110464,0.0173426066365454,0.5015278331267738,0.9408633337715931,0.05913666622840696,0.0,0.0,0.0,0.0,1.0,12.0,0.0,3,-4.939590420228365,-0.07097947558229123,0.06679579112793643,-0.000141555820984407
full_no_wait,-442.68906440485836,-4.611344420883942,4.268094918510859,0.1039316389846206,7.863646354805341,14.0,0.20521290015193636,0.00689306206690722,0.19831983808502915,0.9989122528810991,0.018047185701313275,0.479199068932677,0.9551360815473928,0.04486391845260717,0.0,0.0,0.0,12.0,1.0,24.333333333333332,13.333333333333334,3,-4.876570268219232,-0.007959323573158095,0.06544353135716818,-0.8011403025470016
full_freqhrl,-432.8161489076172,-4.508501551121014,4.143073319535312,0.10506974407909604,7.2884033340626795,14.0,0.20853392429402373,0.006967101374643071,0.20156682291938066,0.9977592017093059,0.017907360714716044,0.48347673151055703,0.9551360815473928,0.04486391845260717,0.02160156516872642,0.0005361791565646378,0.12379168351917196,12.0,1.0,24.333333333333332,13.333333333333334,3,-4.763233863076604,0.10537708156947012,-0.05957806761837858,-0.7978933177126502
