{
 "triple": [
  485.8,
  323.9,
  288.5
 ],
 "n_eval": 20,
 "wait_mean": 16.817126581352305,
 "wait_std": 5.949996353198936,
 "cv_mean": 0.5669190083954545,
 "cv_std": 0.09562665098620379,
 "overshoot_mean": 2.15,
 "overshoot_std": 1.2359207094308275,
 "composite_mean": 2.917171043820062,
 "composite_std": 0.9105695154144985
}