{
 "exp": "H_hiro",
 "seed": 42,
 "sigma": 1.5,
 "demand_noise": 0.15,
 "best_ep": 49,
 "n_eps": 10,
 "wait_mean": 5.4903,
 "wait_std": 1.8783099877283305,
 "cv_mean": 0.4508599999999999,
 "cv_std": 0.06374345770351654,
 "overshoot_mean": 1.3,
 "overshoot_std": 1.3453624047073711,
 "peak_fleet_mean": 13.9,
 "peak_fleet_std": 0.3,
 "N_fleet_mean": 12.8,
 "N_fleet_std": 1.7204650534085253,
 "raw": {
  "wait": [
   4.027,
   10.675,
   5.292,
   4.069,
   4.264,
   5.721,
   4.508,
   6.448,
   5.245,
   4.654
  ],
  "cv": [
   0.333,
   0.4441,
   0.5542,
   0.352,
   0.4392,
   0.4545,
   0.4496,
   0.4778,
   0.4945,
   0.5097
  ],
  "overshoot": [
   0.0,
   3.0,
   0.0,
   2.0,
   0.0,
   3.0,
   0.0,
   0.0,
   2.0,
   3.0
  ],
  "peak_fleet": [
   14.0,
   14.0,
   14.0,
   14.0,
   14.0,
   13.0,
   14.0,
   14.0,
   14.0,
   14.0
  ],
  "N_fleet": [
   14,
   11,
   15,
   12,
   14,
   10,
   14,
   15,
   12,
   11
  ]
 }
}