{
 "exp": "H_hiro",
 "seed": 456,
 "sigma": 0.5,
 "demand_noise": 0.15,
 "best_ep": 99,
 "n_eps": 10,
 "wait_mean": 4.2292000000000005,
 "wait_std": 0.8436248929470965,
 "cv_mean": 0.31453,
 "cv_std": 0.0586939358026023,
 "overshoot_mean": 1.0,
 "overshoot_std": 1.1832159566199232,
 "peak_fleet_mean": 12.9,
 "peak_fleet_std": 0.3,
 "N_fleet_mean": 12.4,
 "N_fleet_std": 2.009975124224178,
 "raw": {
  "wait": [
   4.25,
   4.132,
   3.307,
   4.132,
   4.506,
   4.785,
   3.262,
   6.29,
   4.223,
   3.405
  ],
  "cv": [
   0.314,
   0.3768,
   0.3551,
   0.3408,
   0.2041,
   0.2134,
   0.3328,
   0.3197,
   0.3014,
   0.3872
  ],
  "overshoot": [
   0.0,
   1.0,
   0.0,
   0.0,
   3.0,
   0.0,
   2.0,
   0.0,
   3.0,
   1.0
  ],
  "peak_fleet": [
   13.0,
   13.0,
   13.0,
   13.0,
   12.0,
   13.0,
   13.0,
   13.0,
   13.0,
   13.0
  ],
  "N_fleet": [
   13,
   12,
   13,
   15,
   9,
   16,
   11,
   13,
   10,
   12
  ]
 }
}