{
 "exp": "H_hiro",
 "seed": 42,
 "sigma": 2.0,
 "demand_noise": 0.15,
 "best_ep": 49,
 "n_eps": 10,
 "wait_mean": 5.871599999999999,
 "wait_std": 1.8073580829487,
 "cv_mean": 0.48607000000000006,
 "cv_std": 0.0712339532807214,
 "overshoot_mean": 1.6,
 "overshoot_std": 1.42828568570857,
 "peak_fleet_mean": 14.4,
 "peak_fleet_std": 0.66332495807108,
 "N_fleet_mean": 12.8,
 "N_fleet_std": 1.7204650534085253,
 "raw": {
  "wait": [
   4.418,
   5.493,
   4.184,
   9.777,
   4.941,
   4.091,
   5.112,
   5.168,
   7.659,
   7.873
  ],
  "cv": [
   0.4885,
   0.4686,
   0.566,
   0.4832,
   0.4143,
   0.4313,
   0.652,
   0.4841,
   0.4776,
   0.3951
  ],
  "overshoot": [
   1.0,
   3.0,
   0.0,
   3.0,
   0.0,
   3.0,
   0.0,
   0.0,
   3.0,
   3.0
  ],
  "peak_fleet": [
   15.0,
   14.0,
   15.0,
   15.0,
   14.0,
   13.0,
   14.0,
   15.0,
   15.0,
   14.0
  ],
  "N_fleet": [
   14,
   11,
   15,
   12,
   14,
   10,
   14,
   15,
   12,
   11
  ]
 }
}