{
 "exp": "H_hiro",
 "seed": 123,
 "sigma": 0.5,
 "demand_noise": 0.15,
 "best_ep": 49,
 "n_eps": 10,
 "wait_mean": 5.6368,
 "wait_std": 2.8553989493589156,
 "cv_mean": 0.31579,
 "cv_std": 0.035132220254347715,
 "overshoot_mean": 2.3,
 "overshoot_std": 1.1874342087037917,
 "peak_fleet_mean": 12.3,
 "peak_fleet_std": 0.7810249675906655,
 "N_fleet_mean": 10.2,
 "N_fleet_std": 2.0880613017821097,
 "raw": {
  "wait": [
   4.345,
   4.067,
   13.739,
   4.016,
   3.62,
   3.822,
   5.969,
   4.91,
   6.627,
   5.253
  ],
  "cv": [
   0.2396,
   0.3388,
   0.3434,
   0.2893,
   0.325,
   0.332,
   0.2971,
   0.2881,
   0.3667,
   0.3379
  ],
  "overshoot": [
   3.0,
   3.0,
   0.0,
   3.0,
   2.0,
   0.0,
   3.0,
   3.0,
   3.0,
   3.0
  ],
  "peak_fleet": [
   13.0,
   13.0,
   13.0,
   12.0,
   13.0,
   13.0,
   12.0,
   11.0,
   12.0,
   11.0
  ],
  "N_fleet": [
   10,
   10,
   14,
   9,
   11,
   14,
   9,
   8,
   9,
   8
  ]
 }
}