{
 "exp": "H_hiro",
 "seed": 123,
 "sigma": 1.0,
 "demand_noise": 0.15,
 "best_ep": 49,
 "n_eps": 10,
 "wait_mean": 5.478800000000001,
 "wait_std": 1.516921738258108,
 "cv_mean": 0.3886,
 "cv_std": 0.0942707908103035,
 "overshoot_mean": 2.3,
 "overshoot_std": 1.1874342087037917,
 "peak_fleet_mean": 12.4,
 "peak_fleet_std": 0.9165151389911681,
 "N_fleet_mean": 10.2,
 "N_fleet_std": 2.0880613017821097,
 "raw": {
  "wait": [
   9.341,
   4.457,
   4.15,
   5.853,
   5.29,
   3.764,
   6.746,
   4.897,
   5.165,
   5.125
  ],
  "cv": [
   0.3987,
   0.32,
   0.4359,
   0.4547,
   0.2875,
   0.4907,
   0.4169,
   0.3976,
   0.5026,
   0.1814
  ],
  "overshoot": [
   3.0,
   3.0,
   0.0,
   3.0,
   2.0,
   0.0,
   3.0,
   3.0,
   3.0,
   3.0
  ],
  "peak_fleet": [
   13.0,
   13.0,
   13.0,
   12.0,
   13.0,
   14.0,
   12.0,
   11.0,
   12.0,
   11.0
  ],
  "N_fleet": [
   10,
   10,
   14,
   9,
   11,
   14,
   9,
   8,
   9,
   8
  ]
 }
}