{
 "exp": "H_hiro",
 "seed": 123,
 "sigma": 3.0,
 "demand_noise": 0.15,
 "best_ep": 49,
 "n_eps": 10,
 "wait_mean": 8.153299999999998,
 "wait_std": 3.8104453821043016,
 "cv_mean": 0.5114299999999999,
 "cv_std": 0.10598019673505045,
 "overshoot_mean": 2.8,
 "overshoot_std": 0.6,
 "peak_fleet_mean": 13.0,
 "peak_fleet_std": 1.7888543819998317,
 "N_fleet_mean": 10.2,
 "N_fleet_std": 2.0880613017821097,
 "raw": {
  "wait": [
   5.698,
   6.73,
   8.402,
   5.207,
   6.109,
   4.562,
   9.789,
   7.963,
   8.504,
   18.569
  ],
  "cv": [
   0.4569,
   0.6391,
   0.433,
   0.3685,
   0.6034,
   0.3906,
   0.4418,
   0.5144,
   0.5668,
   0.6998
  ],
  "overshoot": [
   3.0,
   3.0,
   3.0,
   3.0,
   3.0,
   1.0,
   3.0,
   3.0,
   3.0,
   3.0
  ],
  "peak_fleet": [
   13.0,
   13.0,
   17.0,
   12.0,
   14.0,
   15.0,
   12.0,
   11.0,
   12.0,
   11.0
  ],
  "N_fleet": [
   10,
   10,
   14,
   9,
   11,
   14,
   9,
   8,
   9,
   8
  ]
 }
}