{
 "exp": "H_hiro",
 "seed": 42,
 "sigma": 3.0,
 "demand_noise": 0.15,
 "best_ep": 49,
 "n_eps": 10,
 "wait_mean": 5.553299999999999,
 "wait_std": 0.714347681454906,
 "cv_mean": 0.59202,
 "cv_std": 0.09175803833997324,
 "overshoot_mean": 2.3,
 "overshoot_std": 0.9,
 "peak_fleet_mean": 15.1,
 "peak_fleet_std": 1.1357816691600546,
 "N_fleet_mean": 12.8,
 "N_fleet_std": 1.7204650534085253,
 "raw": {
  "wait": [
   4.463,
   6.553,
   5.641,
   4.894,
   5.889,
   5.983,
   5.408,
   4.374,
   6.257,
   6.071
  ],
  "cv": [
   0.5453,
   0.5744,
   0.7079,
   0.6753,
   0.5864,
   0.6723,
   0.7176,
   0.5131,
   0.4585,
   0.4694
  ],
  "overshoot": [
   3.0,
   3.0,
   1.0,
   3.0,
   1.0,
   3.0,
   2.0,
   1.0,
   3.0,
   3.0
  ],
  "peak_fleet": [
   17.0,
   14.0,
   16.0,
   15.0,
   15.0,
   13.0,
   16.0,
   16.0,
   15.0,
   14.0
  ],
  "N_fleet": [
   14,
   11,
   15,
   12,
   14,
   10,
   14,
   15,
   12,
   11
  ]
 }
}