{
 "exp": "H_hiro",
 "seed": 42,
 "ep": 249,
 "wait_mean": 6.021600000000001,
 "wait_std": 2.2407329024227765,
 "cv_mean": 0.529705,
 "cv_std": 0.10841857071092571,
 "overshoot_mean": 1.85,
 "overshoot_std": 1.2757350822173072,
 "composite_mean": 1.6470985164835166,
 "composite_std": 0.5414535945939345,
 "n_eps": 20,
 "wall_s": 667.6
}