{
 "exp": "H_hiro",
 "seed": 123,
 "ep": 299,
 "wait_mean": 5.27995,
 "wait_std": 1.4707416657931467,
 "cv_mean": 0.5191500000000001,
 "cv_std": 0.12179894703978356,
 "overshoot_mean": 1.9,
 "overshoot_std": 1.2206555615733703,
 "composite_mean": 1.5657118498168496,
 "composite_std": 0.5178027560876842,
 "n_eps": 20,
 "wall_s": 740.7
}