{
 "exp": "H_hiro",
 "seed": 456,
 "ep": 249,
 "wait_mean": 5.500900000000001,
 "wait_std": 1.6155981833364383,
 "cv_mean": 0.50064,
 "cv_std": 0.11124953662824849,
 "overshoot_mean": 1.8,
 "overshoot_std": 1.2489995996796799,
 "composite_mean": 1.545130183150183,
 "composite_std": 0.5478173582232506,
 "n_eps": 20,
 "wall_s": 678.3
}