{
 "exp": "H_hiro",
 "seed": 123,
 "ep": 49,
 "wait_mean": 5.325749999999999,
 "wait_std": 1.0365331096979005,
 "cv_mean": 0.44275000000000003,
 "cv_std": 0.07570959318342689,
 "overshoot_mean": 1.55,
 "overshoot_std": 1.3955285736952865,
 "composite_mean": 1.4359339743589743,
 "composite_std": 0.49815606673646745,
 "n_eps": 20,
 "wall_s": 723.0
}