{
 "exp": "H_hiro",
 "seed": 456,
 "ep": 99,
 "wait_mean": 5.089000000000001,
 "wait_std": 1.0710647039278254,
 "cv_mean": 0.4367749999999999,
 "cv_std": 0.10389665959500334,
 "overshoot_mean": 1.65,
 "overshoot_std": 1.3518505834595773,
 "composite_mean": 1.4213938644688644,
 "composite_std": 0.5971270030116504,
 "n_eps": 20,
 "wall_s": 761.7
}