{
 "exp": "H_hiro",
 "seed": 42,
 "ep": 49,
 "wait_mean": 4.92195,
 "wait_std": 1.3260581614318432,
 "cv_mean": 0.42353500000000005,
 "cv_std": 0.05004830941200711,
 "overshoot_mean": 1.6,
 "overshoot_std": 1.4282856857085702,
 "composite_mean": 1.3971723076923077,
 "composite_std": 0.5070032665441028,
 "n_eps": 20,
 "wall_s": 595.5
}