{"avg_wait_min": [5.468], "peak_fleet": [17.0], "headway_cv": [0.6549], "lower_lambda": [0.9970132112503052], "lower_alpha": [0.1], "lower_q_mean": [4.949404716491699], "lower_q_std": [1.382338285446167], "upper_delta_mean": [-18.79], "upper_q_mean": [-0.20975324511528015], "hold_fb_mean": [19.243460764587525], "hold_penalty_mean": [0.320548209741912], "freq_holdfb_same_hold": [0.0], "freq_holdfb_same_wait": [0.0], "theta_wait": [0.499157363765421], "theta_fleet": [0.31496745097393813], "surprise": [0.4164], "belief_window": [10.21], "upper_hf_power_ratio": [0.04578155015213053], "lower_lf_drift_ratio": [0.9860585670923194], "demand_attr_score": [-0.18126159331827915], "demand_attr_mi_score": [0.007717896482336191], "shock_response_time_mean_s": [19.736842105263158], "shock_response_hit_rate": [1.0], "upper_plan_penalty_mean": [0.0], "freq_wait_lower_penalty_mean": [0.0], "freq_wait_lower_board_credit_mean": [0.0], "freq_wait_lower_net_mean": [0.0], "freq_wait_upper_credit_mean": [0.0], "freq_wait_low_share_mean": [0.0], "freq_wait_lower_high_share_mean": [0.0], "freq_middle": [-0.008606240089754346], "freq_middle_energy": [0.008606240089754346], "upper_plan_target_mean": [341.2101874710949], "upper_plan_decisions": [88.0], "upper_plan_reuse_ratio": [0.6641221374045801], "terminal_launch_shift_mean": [0.022900763358778626], "freq_promotion_flag": [0.0], "freq_promotion_strength": [0.0], "freq_promotion_absorbed": [0.0]}