{
 "method": "ga",
 "seed": 456,
 "ep": 199,
 "headways": [
  284.3286222489307,
  305.80690701798216,
  436.6148309362787
 ],
 "wait_mean": 5.883775273721257,
 "wait_std": 2.045868627519174,
 "cv_mean": 1.3297231756214274,
 "cv_std": 0.8549506645908954,
 "overshoot_mean": 1.85,
 "overshoot_std": 1.2757350822173072,
 "composite_mean": 2.4333342194770693,
 "composite_std": 0.490722866601891,
 "n_eps": 20,
 "wall_s": 253.0
}