{
 "method": "ga",
 "seed": 123,
 "ep": 249,
 "headways": [
  200.90971650249037,
  319.2741474841712,
  240.0
 ],
 "wait_mean": 5.780345231864197,
 "wait_std": 3.1785266761156072,
 "cv_mean": 0.4898097970107983,
 "cv_std": 0.06685796891474034,
 "overshoot_mean": 1.65,
 "overshoot_std": 1.3518505834595773,
 "composite_mean": 1.5435631846660824,
 "composite_std": 0.5527346618804339,
 "n_eps": 20,
 "wall_s": 196.1
}