{
 "method": "ga",
 "seed": 456,
 "ep": 249,
 "headways": [
  284.3286222489307,
  305.80690701798216,
  436.6148309362787
 ],
 "wait_mean": 6.419554307378576,
 "wait_std": 2.6001969236846323,
 "cv_mean": 1.2780380503965685,
 "cv_std": 0.7304602890591342,
 "overshoot_mean": 2.1,
 "overshoot_std": 1.1357816691600546,
 "composite_mean": 2.48255300494395,
 "composite_std": 0.5803904646353019,
 "n_eps": 20,
 "wall_s": 261.2
}