{
 "method": "ga",
 "seed": 42,
 "ep": 299,
 "headways": [
  281.6616813377708,
  300.0,
  309.87360384997385
 ],
 "wait_mean": 6.6220480732765,
 "wait_std": 2.8520648125661463,
 "cv_mean": 0.5013890024297398,
 "cv_std": 0.12179039351653659,
 "overshoot_mean": 1.95,
 "overshoot_std": 1.2439855304624727,
 "composite_mean": 1.7002558976694775,
 "composite_std": 0.6154874332191234,
 "n_eps": 20,
 "wall_s": 196.2
}