{
 "method": "ga",
 "seed": 123,
 "ep": 49,
 "headways": [
  200.90971650249037,
  319.2741474841712,
  240.0
 ],
 "wait_mean": 11.113962936459359,
 "wait_std": 7.76241391402782,
 "cv_mean": 0.5268110333956091,
 "cv_std": 0.0584273039022492,
 "overshoot_mean": 2.0,
 "overshoot_std": 1.1832159566199232,
 "composite_mean": 2.1793382794224976,
 "composite_std": 1.1795327836710623,
 "n_eps": 20,
 "wall_s": 217.8
}