{
 "method": "ga",
 "seed": 123,
 "ep": 199,
 "headways": [
  200.90971650249037,
  319.2741474841712,
  240.0
 ],
 "wait_mean": 7.397775784860874,
 "wait_std": 5.935500534106737,
 "cv_mean": 0.46415901801651627,
 "cv_std": 0.08750784506991714,
 "overshoot_mean": 1.65,
 "overshoot_std": 1.4239030865898141,
 "composite_mean": 1.6969173657333727,
 "composite_std": 0.8810180316313243,
 "n_eps": 20,
 "wall_s": 213.8
}