{
 "method": "ga",
 "seed": 456,
 "ep": 299,
 "headways": [
  284.3286222489307,
  305.80690701798216,
  436.6148309362787
 ],
 "wait_mean": 7.6022917838442625,
 "wait_std": 3.9060684870358098,
 "cv_mean": 1.4095364424090906,
 "cv_std": 0.8193846164012705,
 "overshoot_mean": 2.25,
 "overshoot_std": 1.1346805717910218,
 "composite_mean": 2.780127342405238,
 "composite_std": 0.5365178201483305,
 "n_eps": 20,
 "wall_s": 233.0
}