{
 "method": "ga",
 "seed": 456,
 "ep": 99,
 "headways": [
  284.3286222489307,
  305.80690701798216,
  436.6148309362787
 ],
 "wait_mean": 9.214915697431127,
 "wait_std": 5.235686691906211,
 "cv_mean": 1.0908581476059145,
 "cv_std": 0.7421101279569017,
 "overshoot_mean": 2.95,
 "overshoot_std": 0.21794494717703367,
 "composite_mean": 2.7842590580083684,
 "composite_std": 0.6619068540731072,
 "n_eps": 20,
 "wall_s": 226.2
}