{
 "method": "ga",
 "seed": 42,
 "ep": 199,
 "headways": [
  281.6616813377708,
  300.0,
  309.87360384997385
 ],
 "wait_mean": 6.796463710115366,
 "wait_std": 3.9913092296365154,
 "cv_mean": 0.583343627381172,
 "cv_std": 0.120202921314585,
 "overshoot_mean": 2.3,
 "overshoot_std": 0.9539392014169457,
 "composite_mean": 1.8621612438139539,
 "composite_std": 0.757125315612714,
 "n_eps": 20,
 "wall_s": 220.6
}