{
 "method": "ga",
 "seed": 456,
 "ep": 149,
 "headways": [
  284.3286222489307,
  305.80690701798216,
  436.6148309362787
 ],
 "wait_mean": 7.134585759657829,
 "wait_std": 2.1618638424886245,
 "cv_mean": 1.2904980787109912,
 "cv_std": 0.7246253853810207,
 "overshoot_mean": 1.95,
 "overshoot_std": 1.2439855304624727,
 "composite_mean": 2.541754273724393,
 "composite_std": 0.43661686376309417,
 "n_eps": 20,
 "wall_s": 198.2
}