{
 "method": "ga",
 "seed": 456,
 "ep": 49,
 "headways": [
  284.3286222489307,
  305.80690701798216,
  436.6148309362787
 ],
 "wait_mean": 6.786536907556808,
 "wait_std": 2.2287802314156635,
 "cv_mean": 1.2835270158884415,
 "cv_std": 0.854424237294794,
 "overshoot_mean": 1.85,
 "overshoot_std": 1.2757350822173072,
 "composite_mean": 2.477414223127639,
 "composite_std": 0.6098393815522843,
 "n_eps": 20,
 "wall_s": 207.8
}