{
 "method": "ga",
 "seed": 123,
 "ep": 299,
 "headways": [
  200.90971650249037,
  319.2741474841712,
  240.0
 ],
 "wait_mean": 6.395012188844403,
 "wait_std": 3.688637161313154,
 "cv_mean": 0.5227988483885824,
 "cv_std": 0.086549054717206,
 "overshoot_mean": 1.55,
 "overshoot_std": 1.3955285736952865,
 "composite_mean": 1.622909041631997,
 "composite_std": 0.7147253534350009,
 "n_eps": 20,
 "wall_s": 195.4
}