{
 "method": "ga",
 "seed": 42,
 "ep": 249,
 "headways": [
  281.6616813377708,
  300.0,
  309.87360384997385
 ],
 "wait_mean": 5.877808448300424,
 "wait_std": 2.5127255305969514,
 "cv_mean": 0.5304311453741626,
 "cv_std": 0.07965805986694392,
 "overshoot_mean": 1.7,
 "overshoot_std": 1.307669683062202,
 "composite_mean": 1.597502283244498,
 "composite_std": 0.5953685404560962,
 "n_eps": 20,
 "wall_s": 199.0
}