{
 "method": "ga",
 "seed": 42,
 "ep": 99,
 "headways": [
  281.6616813377708,
  300.0,
  309.87360384997385
 ],
 "wait_mean": 7.027147716323471,
 "wait_std": 4.3081204163894204,
 "cv_mean": 0.5147692247345816,
 "cv_std": 0.09635893837800051,
 "overshoot_mean": 2.65,
 "overshoot_std": 0.653834841531101,
 "composite_mean": 1.9033516703596027,
 "composite_std": 0.6329040947619671,
 "n_eps": 20,
 "wall_s": 220.1
}