{
 "method": "ga",
 "seed": 42,
 "ep": 149,
 "headways": [
  281.6616813377708,
  300.0,
  309.87360384997385
 ],
 "wait_mean": 18.720301053014225,
 "wait_std": 16.252712217597388,
 "cv_mean": 0.5436536549108798,
 "cv_std": 0.10419165968222228,
 "overshoot_mean": 2.8,
 "overshoot_std": 0.5099019513592784,
 "composite_mean": 3.14488476753831,
 "composite_std": 1.8878559567811526,
 "n_eps": 20,
 "wall_s": 238.9
}