{
 "method": "ga",
 "seed": 123,
 "ep": 99,
 "headways": [
  200.90971650249037,
  319.2741474841712,
  240.0
 ],
 "wait_mean": 4.692630108436774,
 "wait_std": 0.6818445608671807,
 "cv_mean": 0.4385671673356433,
 "cv_std": 0.06564876839599128,
 "overshoot_mean": 1.55,
 "overshoot_std": 1.3955285736952865,
 "composite_mean": 1.3684391525382948,
 "composite_std": 0.4787723422777015,
 "n_eps": 20,
 "wall_s": 180.8
}