{
 "method": "ga",
 "seed": 123,
 "ep": 149,
 "headways": [
  200.90971650249037,
  319.2741474841712,
  240.0
 ],
 "wait_mean": 5.173797793305397,
 "wait_std": 1.0816208818794515,
 "cv_mean": 0.47093899075023843,
 "cv_std": 0.07468401189897231,
 "overshoot_mean": 1.5,
 "overshoot_std": 1.4317821063276353,
 "composite_mean": 1.4450815905935985,
 "composite_std": 0.4953741841987661,
 "n_eps": 20,
 "wall_s": 171.5
}