{
 "method": "ga",
 "seed": 42,
 "ep": 49,
 "headways": [
  281.6616813377708,
  300.0,
  309.87360384997385
 ],
 "wait_mean": 7.342597027356571,
 "wait_std": 3.841513622063924,
 "cv_mean": 0.5300658461510908,
 "cv_std": 0.11440978164263012,
 "overshoot_mean": 2.4,
 "overshoot_std": 0.7999999999999999,
 "composite_mean": 1.8766217943079941,
 "composite_std": 0.6965617442321281,
 "n_eps": 20,
 "wall_s": 217.3
}