{
 "exp": "H_tpc",
 "seed": 456,
 "ep": 99,
 "wait_mean": 5.031049999999999,
 "wait_std": 1.0451769933843738,
 "cv_mean": 0.5333650000000001,
 "cv_std": 0.11836122792113976,
 "overshoot_mean": 1.7,
 "overshoot_std": 1.307669683062202,
 "composite_mean": 1.5157602930402931,
 "composite_std": 0.5454049108797454,
 "n_eps": 20,
 "wall_s": 679.5
}