{
 "exp": "H_tpc",
 "seed": 123,
 "ep": 49,
 "wait_mean": 5.575149999999999,
 "wait_std": 1.5410527335234183,
 "cv_mean": 0.4382950000000001,
 "cv_std": 0.0598541767548431,
 "overshoot_mean": 1.55,
 "overshoot_std": 1.3955285736952865,
 "composite_mean": 1.4564189743589744,
 "composite_std": 0.43988700480052084,
 "n_eps": 20,
 "wall_s": 725.2
}