{
 "exp": "H_tpc",
 "seed": 456,
 "ep": 199,
 "wait_mean": 6.093000000000001,
 "wait_std": 4.588675146488363,
 "cv_mean": 0.4914549999999999,
 "cv_std": 0.07683360901975124,
 "overshoot_mean": 1.6,
 "overshoot_std": 1.392838827718412,
 "composite_mean": 1.5729024358974357,
 "composite_std": 0.8177322072328291,
 "n_eps": 20,
 "wall_s": 555.7
}