{
 "exp": "H_tpc",
 "seed": 456,
 "ep": 249,
 "wait_mean": 6.223599999999999,
 "wait_std": 2.5288072168514546,
 "cv_mean": 0.54536,
 "cv_std": 0.08636084992634104,
 "overshoot_mean": 1.75,
 "overshoot_std": 1.3369741957120937,
 "composite_mean": 1.6678436263736267,
 "composite_std": 0.5555203587027506,
 "n_eps": 20,
 "wall_s": 262.3
}