{
 "exp": "H_tpc",
 "seed": 42,
 "ep": 249,
 "wait_mean": 10.353799999999996,
 "wait_std": 9.20794870533063,
 "cv_mean": 0.536765,
 "cv_std": 0.11934139799331997,
 "overshoot_mean": 2.4,
 "overshoot_std": 0.9165151389911679,
 "composite_mean": 2.199173388278388,
 "composite_std": 1.168238124880116,
 "n_eps": 20,
 "wall_s": 750.8
}