{
 "exp": "H_tpc",
 "seed": 123,
 "ep": 99,
 "wait_mean": 5.5664,
 "wait_std": 1.6877311219504132,
 "cv_mean": 0.461775,
 "cv_std": 0.06707347370607847,
 "overshoot_mean": 1.55,
 "overshoot_std": 1.359227721906819,
 "composite_mean": 1.470095402930403,
 "composite_std": 0.4946234865762196,
 "n_eps": 20,
 "wall_s": 722.4
}