{
 "exp": "H_tpc",
 "seed": 123,
 "ep": 299,
 "wait_mean": 7.681800000000001,
 "wait_std": 4.998593458164007,
 "cv_mean": 0.5744500000000001,
 "cv_std": 0.13227733932915345,
 "overshoot_mean": 2.05,
 "overshoot_std": 1.16081867662439,
 "composite_mean": 1.8933397069597067,
 "composite_std": 0.8546716958995733,
 "n_eps": 20,
 "wall_s": 796.1
}