{
 "exp": "H_tpc",
 "seed": 456,
 "ep": 49,
 "wait_mean": 7.3488,
 "wait_std": 2.383467130043962,
 "cv_mean": 0.591725,
 "cv_std": 0.16560692580625969,
 "overshoot_mean": 2.35,
 "overshoot_std": 0.9096702699330126,
 "composite_mean": 1.9357762454212455,
 "composite_std": 0.611801931843979,
 "n_eps": 20,
 "wall_s": 747.4
}