{
 "exp": "H_tpc",
 "seed": 456,
 "ep": 299,
 "wait_mean": 5.21995,
 "wait_std": 1.5904912912367675,
 "cv_mean": 0.4991650000000001,
 "cv_std": 0.10465395489421316,
 "overshoot_mean": 1.65,
 "overshoot_std": 1.388344337691482,
 "composite_mean": 1.5061737362637362,
 "composite_std": 0.5294992116420587,
 "n_eps": 20,
 "wall_s": 259.9
}