{
 "exp": "H_hiro_no_holdfb",
 "seed": 123,
 "ep": 249,
 "wait_mean": 7.229049999999999,
 "wait_std": 3.602501429215539,
 "cv_mean": 0.534745,
 "cv_std": 0.10580177916746013,
 "overshoot_mean": 1.9,
 "overshoot_std": 1.260952021291849,
 "composite_mean": 1.7835978021978018,
 "composite_std": 0.6500521669003378,
 "n_eps": 20,
 "wall_s": 1466.0
}