{
 "exp": "H_hiro_no_holdfb",
 "seed": 42,
 "ep": 199,
 "wait_mean": 6.489699999999999,
 "wait_std": 3.7252426108912693,
 "cv_mean": 0.5092650000000001,
 "cv_std": 0.1275320166664042,
 "overshoot_mean": 1.85,
 "overshoot_std": 1.2757350822173072,
 "composite_mean": 1.6734685164835164,
 "composite_std": 0.7691395683516662,
 "n_eps": 20,
 "wall_s": 1296.4
}