{
 "exp": "H_hiro_no_holdfb",
 "seed": 456,
 "ep": 199,
 "wait_mean": 8.09135,
 "wait_std": 5.732642490815209,
 "cv_mean": 0.5626499999999999,
 "cv_std": 0.13556110245937072,
 "overshoot_mean": 2.4,
 "overshoot_std": 0.9165151389911679,
 "composite_mean": 1.9988133882783878,
 "composite_std": 0.8292583669593738,
 "n_eps": 20,
 "wall_s": 1440.2
}