{
 "exp": "H_hiro_no_holdfb",
 "seed": 42,
 "ep": 149,
 "wait_mean": 6.08855,
 "wait_std": 2.585924950090393,
 "cv_mean": 0.49280500000000005,
 "cv_std": 0.07883174154488788,
 "overshoot_mean": 1.7,
 "overshoot_std": 1.3820274961085255,
 "composite_mean": 1.5982121978021977,
 "composite_std": 0.6133389761354568,
 "n_eps": 20,
 "wall_s": 1077.3
}