{
 "exp": "H_hiro_no_holdfb",
 "seed": 456,
 "ep": 99,
 "wait_mean": 8.092699999999999,
 "wait_std": 3.686101193673337,
 "cv_mean": 0.56714,
 "cv_std": 0.11191926286390559,
 "overshoot_mean": 3.0,
 "overshoot_std": 0.0,
 "composite_mean": 2.1639443406593406,
 "composite_std": 0.5312272157202854,
 "n_eps": 20,
 "wall_s": 1586.5
}