{
 "exp": "H_hiro_no_holdfb",
 "seed": 123,
 "ep": 49,
 "wait_mean": 5.9744,
 "wait_std": 1.31580269797565,
 "cv_mean": 0.442875,
 "cv_std": 0.0725701169559482,
 "overshoot_mean": 1.65,
 "overshoot_std": 1.3518505834595773,
 "composite_mean": 1.5160338644688645,
 "composite_std": 0.5061524471389259,
 "n_eps": 20,
 "wall_s": 1381.8
}