{
 "exp": "H_hiro_no_holdfb",
 "seed": 456,
 "ep": 299,
 "wait_mean": 8.03435,
 "wait_std": 4.1470191014148945,
 "cv_mean": 0.5583250000000001,
 "cv_std": 0.10993510301536993,
 "overshoot_mean": 2.25,
 "overshoot_std": 0.9420721840708386,
 "composite_mean": 1.941700476190476,
 "composite_std": 0.7645899094627772,
 "n_eps": 20,
 "wall_s": 1135.5
}