{
 "exp": "H_hiro_no_holdfb",
 "seed": 42,
 "ep": 49,
 "wait_mean": 6.0071,
 "wait_std": 2.459821841109636,
 "cv_mean": 0.50259,
 "cv_std": 0.07747222018246282,
 "overshoot_mean": 1.65,
 "overshoot_std": 1.3518505834595773,
 "composite_mean": 1.5790188644688643,
 "composite_std": 0.5996891167421282,
 "n_eps": 20,
 "wall_s": 990.9
}