{
 "exp": "H_hiro_no_holdfb",
 "seed": 456,
 "ep": 149,
 "wait_mean": 6.552400000000001,
 "wait_std": 2.173151361502461,
 "cv_mean": 0.5789949999999999,
 "cv_std": 0.12604272876687492,
 "overshoot_mean": 2.3,
 "overshoot_std": 0.9,
 "composite_mean": 1.8241754761904765,
 "composite_std": 0.570887676235102,
 "n_eps": 20,
 "wall_s": 1524.8
}