{
 "exp": "H_hiro_no_holdfb",
 "seed": 42,
 "ep": 249,
 "wait_mean": 7.4137499999999985,
 "wait_std": 2.7249229140472946,
 "cv_mean": 0.538235,
 "cv_std": 0.12362455368979094,
 "overshoot_mean": 2.0,
 "overshoot_std": 1.2649110640673518,
 "composite_mean": 1.8355028571428573,
 "composite_std": 0.5926132656921907,
 "n_eps": 20,
 "wall_s": 1368.9
}