{
 "exp": "H_hiro_no_holdfb",
 "seed": 123,
 "ep": 199,
 "wait_mean": 5.935650000000001,
 "wait_std": 2.622353185118283,
 "cv_mean": 0.46163999999999994,
 "cv_std": 0.09532826128698665,
 "overshoot_mean": 1.75,
 "overshoot_std": 1.299038105676658,
 "composite_mean": 1.5460337545787544,
 "composite_std": 0.50894144456549,
 "n_eps": 20,
 "wall_s": 1428.4
}