{
 "exp": "H_hiro_fixed_fleet",
 "seed": 42,
 "ep": 199,
 "wait_mean": 11.74645,
 "wait_std": 10.106465977160363,
 "cv_mean": 0.5295500000000001,
 "cv_std": 0.08226886105933398,
 "overshoot_mean": 2.7,
 "overshoot_std": 0.5567764362830022,
 "composite_mean": 2.400062673992674,
 "composite_std": 1.2524005786363483,
 "n_eps": 20,
 "wall_s": 1498.3
}