{
 "exp": "H_hiro_fixed_fleet",
 "seed": 42,
 "ep": 299,
 "wait_mean": 7.897,
 "wait_std": 5.679358872267186,
 "cv_mean": 0.5670949999999999,
 "cv_std": 0.11931944298814003,
 "overshoot_mean": 2.3,
 "overshoot_std": 0.9539392014169457,
 "composite_mean": 1.955966245421245,
 "composite_std": 0.8324117474382652,
 "n_eps": 20,
 "wall_s": 1365.6
}