{
 "exp": "H_hiro_fixed_fleet",
 "seed": 123,
 "ep": 149,
 "wait_mean": 5.0578,
 "wait_std": 1.5518737577522213,
 "cv_mean": 0.460805,
 "cv_std": 0.08140586879949135,
 "overshoot_mean": 1.6,
 "overshoot_std": 1.3564659966250538,
 "composite_mean": 1.430765402930403,
 "composite_std": 0.539465592316441,
 "n_eps": 20,
 "wall_s": 1430.6
}