{
 "exp": "H_hiro_fixed_fleet",
 "seed": 42,
 "ep": 249,
 "wait_mean": 7.897049999999998,
 "wait_std": 4.798648814770675,
 "cv_mean": 0.5678,
 "cv_std": 0.14720092051342612,
 "overshoot_mean": 2.65,
 "overshoot_std": 0.653834841531101,
 "composite_mean": 2.043372673992674,
 "composite_std": 0.7591704625482057,
 "n_eps": 20,
 "wall_s": 1485.8
}