{
 "exp": "H_hiro_fixed_fleet",
 "seed": 123,
 "ep": 199,
 "wait_mean": 8.82745,
 "wait_std": 8.138498218191117,
 "cv_mean": 0.53669,
 "cv_std": 0.12740515648905268,
 "overshoot_mean": 1.85,
 "overshoot_std": 1.2757350822173072,
 "composite_mean": 1.9346685164835165,
 "composite_std": 1.1535017310369697,
 "n_eps": 20,
 "wall_s": 1496.9
}