{
 "exp": "H_hiro_fixed_fleet",
 "seed": 456,
 "ep": 149,
 "wait_mean": 6.6533500000000005,
 "wait_std": 3.674828421504874,
 "cv_mean": 0.47501999999999994,
 "cv_std": 0.15010720369122862,
 "overshoot_mean": 1.85,
 "overshoot_std": 1.2757350822173072,
 "composite_mean": 1.6555885164835165,
 "composite_std": 0.7070776384946228,
 "n_eps": 20,
 "wall_s": 1373.0
}