{
 "exp": "H_hiro_fixed_fleet",
 "seed": 123,
 "ep": 99,
 "wait_mean": 5.697299999999999,
 "wait_std": 2.841894053267996,
 "cv_mean": 0.467745,
 "cv_std": 0.08206899825756374,
 "overshoot_mean": 1.75,
 "overshoot_std": 1.3369741957120937,
 "composite_mean": 1.5375986263736263,
 "composite_std": 0.566557221928396,
 "n_eps": 20,
 "wall_s": 1324.4
}