{
 "exp": "H_hiro_fixed_fleet",
 "seed": 42,
 "ep": 149,
 "wait_mean": 13.4234,
 "wait_std": 11.825271034526017,
 "cv_mean": 0.530815,
 "cv_std": 0.11789358029596014,
 "overshoot_mean": 2.85,
 "overshoot_std": 0.3570714214271425,
 "composite_mean": 2.6117310073260076,
 "composite_std": 1.4175266345911834,
 "n_eps": 20,
 "wall_s": 1330.5
}