{
 "exp": "H_hiro_fixed_fleet",
 "seed": 42,
 "ep": 99,
 "wait_mean": 9.13695,
 "wait_std": 5.645753036353964,
 "cv_mean": 0.5624900000000002,
 "cv_std": 0.15874246092334587,
 "overshoot_mean": 2.9,
 "overshoot_std": 0.3,
 "composite_mean": 2.231427673992674,
 "composite_std": 0.7495787620290829,
 "n_eps": 20,
 "wall_s": 1161.9
}