{
 "exp": "H_hiro_fixed_fleet",
 "seed": 456,
 "ep": 99,
 "wait_mean": 8.496400000000001,
 "wait_std": 5.827221176512867,
 "cv_mean": 0.511365,
 "cv_std": 0.09987718095240775,
 "overshoot_mean": 2.05,
 "overshoot_std": 1.2031209415515967,
 "composite_mean": 1.9181432783882784,
 "composite_std": 0.8763770676509136,
 "n_eps": 20,
 "wall_s": 1454.2
}