{
 "composite": 0.7807485996831776,
 "params": [
  224.0548998379299,
  309.4853377793071,
  282.2197735023162
 ],
 "episode": 259,
 "z": [
  3.4213327139465264,
  15.0,
  0.43861532828852484
 ],
 "n_fleet": 16
}