{
 "variant": "rule_cmaes",
 "seed": 42,
 "params": [
  224.0548998379299,
  309.4853377793071,
  282.2197735023162
 ],
 "n_eval": 20,
 "wait_mean": 5.569675374732557,
 "wait_std": 1.6120981569744786,
 "cv_mean": 0.49480758335880265,
 "cv_std": 0.08085267039534061,
 "overshoot_mean": 1.85,
 "overshoot_std": 1.1079259903080168,
 "composite_mean": 1.510795683602621,
 "composite_std": 0.46701912699964077
}