{
 "exp": "H_hiro_fixed_fleet",
 "seed": 456,
 "ep": 249,
 "wait_mean": 8.0214,
 "wait_std": 4.451383834269968,
 "cv_mean": 0.52261,
 "cv_std": 0.12531409298239365,
 "overshoot_mean": 1.95,
 "overshoot_std": 1.2439855304624727,
 "composite_mean": 1.8625476190476185,
 "composite_std": 0.7158216668956734,
 "n_eps": 20,
 "wall_s": 236.3
}