{
 "exp": "H_hiro_fixed_fleet",
 "seed": 456,
 "ep": 99,
 "wait_mean": 6.30825,
 "wait_std": 3.5477135999823886,
 "cv_mean": 0.50799,
 "cv_std": 0.0760740619396651,
 "overshoot_mean": 1.75,
 "overshoot_std": 1.299038105676658,
 "composite_mean": 1.628819578754579,
 "composite_std": 0.7045877014723014,
 "n_eps": 20,
 "wall_s": 224.5
}