{
 "exp": "H_hiro_fixed_fleet",
 "seed": 456,
 "ep": 49,
 "wait_mean": 7.4689000000000005,
 "wait_std": 6.115693394047808,
 "cv_mean": 0.5343199999999999,
 "cv_std": 0.07427060387528837,
 "overshoot_mean": 2.15,
 "overshoot_std": 1.061838029079765,
 "composite_mean": 1.8463885714285713,
 "composite_std": 0.840265074582051,
 "n_eps": 20,
 "wall_s": 224.7
}