{
 "exp": "H_hiro_fixed_fleet",
 "seed": 123,
 "ep": 149,
 "wait_mean": 5.399500000000001,
 "wait_std": 2.3815847979864166,
 "cv_mean": 0.513025,
 "cv_std": 0.08325956926984429,
 "overshoot_mean": 1.65,
 "overshoot_std": 1.4239030865898141,
 "composite_mean": 1.5459557692307693,
 "composite_std": 0.6525615494962274,
 "n_eps": 20,
 "wall_s": 213.0
}