{
 "exp": "H_hiro_fixed_fleet",
 "seed": 123,
 "ep": 199,
 "wait_mean": 8.5965,
 "wait_std": 9.565482703449941,
 "cv_mean": 0.510335,
 "cv_std": 0.09472419582662077,
 "overshoot_mean": 1.85,
 "overshoot_std": 1.2757350822173072,
 "composite_mean": 1.8852185164835162,
 "composite_std": 1.2183219769487355,
 "n_eps": 20,
 "wall_s": 228.9
}