{
 "exp": "H_hiro_fixed_fleet",
 "seed": 42,
 "ep": 199,
 "wait_mean": 11.5722,
 "wait_std": 9.406599638551647,
 "cv_mean": 0.5279299999999999,
 "cv_std": 0.0989714458821331,
 "overshoot_mean": 2.65,
 "overshoot_std": 0.5722761571129799,
 "composite_mean": 2.363160531135531,
 "composite_std": 1.158124544785313,
 "n_eps": 20,
 "wall_s": 249.6
}