{
 "exp": "H_hiro_fixed_fleet",
 "seed": 42,
 "ep": 299,
 "wait_mean": 7.043550000000001,
 "wait_std": 3.5048250951367037,
 "cv_mean": 0.5375399999999999,
 "cv_std": 0.09225269860551506,
 "overshoot_mean": 2.3,
 "overshoot_std": 0.9539392014169457,
 "composite_mean": 1.8410662454212456,
 "composite_std": 0.705927475561817,
 "n_eps": 20,
 "wall_s": 230.3
}