{
 "exp": "H_hiro_fixed_fleet",
 "seed": 456,
 "ep": 149,
 "wait_mean": 5.927200000000001,
 "wait_std": 2.1883042658643244,
 "cv_mean": 0.5613300000000001,
 "cv_std": 0.10221983711589447,
 "overshoot_mean": 1.95,
 "overshoot_std": 1.2439855304624727,
 "composite_mean": 1.6918476190476188,
 "composite_std": 0.5808338691248773,
 "n_eps": 20,
 "wall_s": 229.2
}