{
 "exp": "H_hiro_fixed_fleet",
 "seed": 42,
 "ep": 99,
 "wait_mean": 8.12355,
 "wait_std": 7.423863976899092,
 "cv_mean": 0.53492,
 "cv_std": 0.07815618721508873,
 "overshoot_mean": 2.85,
 "overshoot_std": 0.47696960070847283,
 "composite_mean": 2.093142673992674,
 "composite_std": 0.927417347147787,
 "n_eps": 20,
 "wall_s": 236.9
}