{
 "exp": "H_hiro_fixed_fleet",
 "seed": 123,
 "ep": 249,
 "wait_mean": 6.28245,
 "wait_std": 2.521907898298429,
 "cv_mean": 0.5755849999999999,
 "cv_std": 0.0859021552407156,
 "overshoot_mean": 1.85,
 "overshoot_std": 1.2757350822173072,
 "composite_mean": 1.7190635164835164,
 "composite_std": 0.5926622209007703,
 "n_eps": 20,
 "wall_s": 225.3
}