{
 "exp": "H_hiro_fixed_fleet",
 "seed": 123,
 "ep": 299,
 "wait_mean": 9.22525,
 "wait_std": 7.027060593697766,
 "cv_mean": 0.593715,
 "cv_std": 0.12715588965911093,
 "overshoot_mean": 2.0,
 "overshoot_std": 1.2649110640673518,
 "composite_mean": 2.072132857142857,
 "composite_std": 1.0865446980831506,
 "n_eps": 20,
 "wall_s": 225.0
}