{
 "exp": "H_hiro_fixed_fleet",
 "seed": 42,
 "ep": 249,
 "wait_mean": 8.566799999999999,
 "wait_std": 6.958642192267109,
 "cv_mean": 0.5792200000000001,
 "cv_std": 0.09253128443937218,
 "overshoot_mean": 2.65,
 "overshoot_std": 0.7262919523166975,
 "composite_mean": 2.1286426739926743,
 "composite_std": 0.8882082186291993,
 "n_eps": 20,
 "wall_s": 240.0
}