{
 "exp": "H_hiro_fixed_fleet",
 "seed": 123,
 "ep": 49,
 "wait_mean": 6.046200000000001,
 "wait_std": 2.435964687757193,
 "cv_mean": 0.4798300000000001,
 "cv_std": 0.07301408151856736,
 "overshoot_mean": 1.5,
 "overshoot_std": 1.396424004376894,
 "composite_mean": 1.5325589743589743,
 "composite_std": 0.6216228912910051,
 "n_eps": 20,
 "wall_s": 200.2
}