{
 "exp": "H_hiro_fixed_fleet",
 "seed": 456,
 "ep": 199,
 "wait_mean": 9.45905,
 "wait_std": 7.6145241773534345,
 "cv_mean": 0.536925,
 "cv_std": 0.10179024941024557,
 "overshoot_mean": 1.9,
 "overshoot_std": 1.3,
 "composite_mean": 2.017294285714286,
 "composite_std": 1.1042898670798684,
 "n_eps": 20,
 "wall_s": 239.0
}