{
 "exp": "H_hiro_fixed_fleet",
 "seed": 123,
 "ep": 99,
 "wait_mean": 5.527900000000001,
 "wait_std": 1.0244504819658196,
 "cv_mean": 0.48971,
 "cv_std": 0.05621111011179195,
 "overshoot_mean": 1.65,
 "overshoot_std": 1.388344337691482,
 "composite_mean": 1.5275137362637363,
 "composite_std": 0.5160677660735178,
 "n_eps": 20,
 "wall_s": 206.7
}