{
 "exp": "H_hiro_fixed_fleet",
 "seed": 42,
 "ep": 49,
 "wait_mean": 8.4533,
 "wait_std": 5.514544261314801,
 "cv_mean": 0.5504800000000001,
 "cv_std": 0.08922798103734053,
 "overshoot_mean": 2.25,
 "overshoot_std": 1.0428326807307104,
 "composite_mean": 1.990219340659341,
 "composite_std": 0.862354220490234,
 "n_eps": 20,
 "wall_s": 229.0
}