{
 "exp": "H_hiro_fixed_fleet",
 "seed": 456,
 "ep": 299,
 "wait_mean": 6.144150000000001,
 "wait_std": 2.484251925127562,
 "cv_mean": 0.5051,
 "cv_std": 0.07921345214040351,
 "overshoot_mean": 1.95,
 "overshoot_std": 1.2439855304624727,
 "composite_mean": 1.657312619047619,
 "composite_std": 0.6377600524900833,
 "n_eps": 20,
 "wall_s": 211.4
}