{
 "exp": "H_hiro_fixed_fleet",
 "seed": 42,
 "ep": 149,
 "wait_mean": 12.6271,
 "wait_std": 10.362761822506585,
 "cv_mean": 0.54492,
 "cv_std": 0.10962567491240362,
 "overshoot_mean": 2.75,
 "overshoot_std": 0.4330127018922193,
 "composite_mean": 2.512872673992674,
 "composite_std": 1.2744590155208158,
 "n_eps": 20,
 "wall_s": 253.6
}