seed,scenario,total_return,sharpe,max_drawdown,turnover,promotion_count,leakage_penalty,UpperHFPower,LowerLFDrift,plan_smoothness,plan_coeff_abs
31415,persistent_shift,0.032583979174561684,1.7711913784357856,0.12968987308203928,15.585733588205184,38,0.7829988060161611,0.004262365184660194,0.778736440831501,0.0029341641716326447,0.07338654308036803
27182,persistent_shift,0.15826924328467817,8.93476943579573,0.05520528291815219,15.000134461535719,54,0.8054313472719399,0.004494815469800321,0.8009365318021395,0.0027858938694829112,0.07920577778319923
16180,persistent_shift,0.13216440455547773,7.5137491029077585,0.04499279255739108,13.014125750988002,58,0.9312101994219106,0.0036031513758516378,0.927607048046059,0.0029839993900956452,0.10039457188275781
11235,persistent_shift,0.2625891103917106,13.337682384080633,0.024123598410422442,11.539128870238525,0,0.8824211293343367,0.0024232142549253286,0.8799979150794114,0.0030478282542160794,0.08482851724538752
4242,persistent_shift,0.23880893644528922,12.220680954045283,0.02212986223779778,13.871495390958113,0,0.8962651839441852,0.003350530079855196,0.89291465386433,0.002968031036754685,0.0877676048903076
