seed,scenario,total_return,sharpe,max_drawdown,turnover,promotion_count
31415,persistent_shift,0.27168141655698896,15.392859320214978,0.01758261768804148,7.877019047298861,174
27182,persistent_shift,0.26327306604504175,15.09254175443205,0.013952794743133268,6.660202881693806,162
16180,persistent_shift,0.27210641187150375,15.721566997647189,0.01663391764382971,6.837264334072388,262
11235,persistent_shift,0.28762995411949666,15.819506029863954,0.01850610068038261,6.271753440046046,172
4242,persistent_shift,0.3241609174428228,18.05514175052413,0.016193918676433938,6.267798603965698,0
