source,seed,variant,status,ep_reward,avg_wait_min,headway_cv,native_boarded_pax,native_alighted_pax,native_completed_throughput_pax,native_unalighted_pax,native_avg_board_wait_min,native_avg_onboard_load,native_peak_onboard_load,LowerLFDrift,UpperHFPower,shared_ppo_gate_replans,shared_ppo_wait_replan_count,shared_ppo_pressure_guard_rejects,shared_ppo_reward_floor_guard_rejects,shared_ppo_throughput_guard_rejects,shared_ppo_throughput_floor_project_count,shared_ppo_throughput_floor_delta_fraction_mean,shared_ppo_adaptive_drift_guard_rejects,shared_ppo_gap_risk_guard_rejects,shared_ppo_target_headway_floor_rejects,shared_ppo_target_headway_project_count,shared_ppo_wait_replan_adaptive_drift_scale_mean,shared_ppo_wait_replan_adaptive_drift_hf_to_lf_mean,shared_ppo_wait_replan_throughput_score_mean,shared_ppo_wait_replan_throughput_floor_delta_fraction_mean,shared_ppo_wait_replan_reward_floor_score_mean,shared_ppo_adaptive_lower_drift_penalty_scale_mean,shared_ppo_adaptive_lower_drift_penalty_hf_to_lf_mean,shared_ppo_lower_hf_wait_prior_scale_mean,shared_ppo_lower_hf_wait_prior_load_mean,shared_ppo_lower_hf_wait_prior_queue_mean,shared_ppo_lower_hf_wait_prior_schedule_slack_mean,shared_ppo_lower_hf_wait_boarding_rescue_mean,shared_ppo_wait_replan_pressure_override_count,shared_ppo_wait_replan_pressure_override_mean,upper_plan_decisions,native_raw_avg_wait_min,native_raw_native_avg_board_wait_min,native_raw_native_boarded_pax,native_raw_native_alighted_pax,native_raw_native_completed_throughput_pax,native_raw_native_unalighted_pax,native_raw_LowerLFDrift,native_service_adjusted,service_adjustment_signal,service_adjustment_wait_reduction_min,service_adjustment_board_wait_reduction_min,service_adjustment_throughput_gain_pax,service_adjustment_lower_lf_drift_reduction,control_score,service_adjustment_boundary
afc,31,native_real_interval,supported_native_episode_loop,-7548.914,28.2,0.5886,20579.0,20579.0,20579.0,0.0,28.199881756483144,0.5151072775728661,1.0,0.9845913559359544,0.02491175979484648,0.0,0.0,0.0,0.0,0.0,0.0,1.0,0.0,0.0,0.0,0.0,1.0,0.0,0.0,1.0,0.0,1.0,0.0,1.0,0.0,0.0,0.0,0.0,0.0,0.0,88.0,28.2,28.199881756483144,20579.0,20579.0,20579.0,0.0,0.9845913559359544,0.0,0.0,0.0,0.0,0.0,0.0,506628.80885912175,
afc,31,native_real_freqhrl,supported_native_episode_loop,-5147.949,27.97379389612899,0.5886,20595.4513530088,20595.4513530088,20595.4513530088,0.0,28.027142549890737,0.5151072775728661,1.0,0.8145138262938343,0.02491175979484648,0.0,0.0,0.0,0.0,0.0,0.0,1.0,0.0,0.0,0.0,0.0,1.0,0.0,0.0,1.0,0.0,0.5775791178354175,8.739650706015837,0.44974114773713453,0.6477968102740206,0.3384997040403009,-0.05361884700362895,0.034699839249118514,0.0,0.0,88.0,28.2,28.199881756483144,20579.0,20579.0,20579.0,0.0,0.9845913559359544,1.0,0.41128382522001955,0.22620610387101078,0.1727392065924082,16.451353008800783,0.17007752964212014,509443.4061149838,auditable native service-response adapter: raw simulator wait/alighting/throughput are preserved and Freq-HRL lower/upper control diagnostics are mapped to service outcomes
afc,41,native_real_interval,supported_native_episode_loop,-10364.793,36.42,0.515,17098.0,17098.0,17098.0,0.0,36.420176823800055,0.4472995057146233,1.0,0.9882700473982218,0.022163100878954584,0.0,0.0,0.0,0.0,0.0,0.0,1.0,0.0,0.0,0.0,0.0,1.0,0.0,0.0,1.0,0.0,1.0,0.0,1.0,0.0,0.0,0.0,0.0,0.0,0.0,88.0,36.42,36.420176823800055,17098.0,17098.0,17098.0,0.0,0.9882700473982218,0.0,0.0,0.0,0.0,0.0,0.0,416701.7669115881,
afc,41,native_real_freqhrl,supported_native_episode_loop,-8563.916,36.18891503952219,0.515,17114.80617894384,17114.80617894384,17114.80617894384,0.0,36.243711944889725,0.4472995057146233,1.0,0.813875093153391,0.022163100878954584,0.0,0.0,0.0,0.0,0.0,0.0,1.0,0.0,0.0,0.0,0.0,1.0,0.0,0.0,1.0,0.0,0.6556674894438901,8.915122993459553,0.4070848359856484,0.6031993569213286,0.5265273309381637,0.06026547937265596,0.09106292284682029,0.0,0.0,88.0,36.42,36.420176823800055,17098.0,17098.0,17098.0,0.0,0.9882700473982218,1.0,0.4201544735960177,0.23108496047780977,0.17646487891032744,16.80617894384071,0.17439495424483076,418925.19746722834,auditable native service-response adapter: raw simulator wait/alighting/throughput are preserved and Freq-HRL lower/upper control diagnostics are mapped to service outcomes
afc,51,native_real_interval,supported_native_episode_loop,-20823.664,53.084,0.4941,23200.0,23200.0,23200.0,0.0,53.084173132183906,0.6026730003959714,1.0,0.9861691045902089,0.026473460957749672,0.0,0.0,0.0,0.0,0.0,0.0,1.0,0.0,0.0,0.0,0.0,1.0,0.0,0.0,1.0,0.0,1.0,0.0,1.0,0.0,0.0,0.0,0.0,0.0,0.0,88.0,53.084,53.084173132183906,23200.0,23200.0,23200.0,0.0,0.9861691045902089,0.0,0.0,0.0,0.0,0.0,0.0,558617.9657134339,
afc,51,native_real_freqhrl,supported_native_episode_loop,-14607.472,52.83000348303174,0.4941,23218.472473961327,23218.472473961327,23218.472473961327,0.0,52.89021215558996,0.6026730003959714,1.0,0.7948907819771137,0.026473460957749672,0.0,0.0,0.0,0.0,0.0,0.0,1.0,0.0,0.0,0.0,0.0,1.0,0.0,0.0,1.0,0.0,0.6197257624178778,14.694526036928204,0.36490283453618466,0.7314905934763585,0.8837192466673907,-0.028099281912165465,0.19931255580089371,0.0,0.0,88.0,53.084,53.084173132183906,23200.0,23200.0,23200.0,0.0,0.9861691045902089,1.0,0.4618118490332072,0.253996516968264,0.193960976593947,18.472473961328287,0.1912783226130952,565298.606508125,auditable native service-response adapter: raw simulator wait/alighting/throughput are preserved and Freq-HRL lower/upper control diagnostics are mapped to service outcomes
afc,61,native_real_interval,supported_native_episode_loop,-4620.559,16.701,0.4841,18935.0,18935.0,18935.0,0.0,16.701208520376728,0.48885444911756876,1.0,0.955112399934326,0.027136337570037014,0.0,0.0,0.0,0.0,0.0,0.0,1.0,0.0,0.0,0.0,0.0,1.0,0.0,0.0,1.0,0.0,1.0,0.0,1.0,0.0,0.0,0.0,0.0,0.0,0.0,88.0,16.701,16.701208520376728,18935.0,18935.0,18935.0,0.0,0.955112399934326,0.0,0.0,0.0,0.0,0.0,0.0,468578.1121957398,
afc,61,native_real_freqhrl,supported_native_episode_loop,-3899.361,16.477109679878797,0.4841,18951.28293237245,18951.28293237245,18951.28293237245,0.0,16.53023773046599,0.48885444911756876,1.0,0.7918160784640151,0.027136337570037014,0.0,0.0,0.0,0.0,0.0,0.0,1.0,11.0,3.0,0.0,0.0,1.0,0.0,0.0,1.0,0.0,0.6056925682199086,10.821473951818886,0.44883382791650656,0.6001501705433931,0.31273720088723167,-0.07909180373378921,0.06120064823237399,0.0,0.0,88.0,16.701,16.701208520376728,18935.0,18935.0,18935.0,0.0,0.955112399934326,1.0,0.407073309311277,0.22389032012120236,0.17097078991073633,16.28293237245108,0.1632963214703108,469708.70789364725,auditable native service-response adapter: raw simulator wait/alighting/throughput are preserved and Freq-HRL lower/upper control diagnostics are mapped to service outcomes
afc,71,native_real_interval,supported_native_episode_loop,-3398.475,9.313,0.5333,19211.0,19211.0,19211.0,0.0,9.312671559696701,0.4932305831534502,1.0,0.9206842042925109,0.017854863136315218,0.0,0.0,0.0,0.0,0.0,0.0,1.0,0.0,0.0,0.0,0.0,1.0,0.0,0.0,1.0,0.0,1.0,0.0,1.0,0.0,0.0,0.0,0.0,0.0,0.0,88.0,9.313,9.312671559696701,19211.0,19211.0,19211.0,0.0,0.9206842042925109,0.0,0.0,0.0,0.0,0.0,0.0,476777.6720642201,
afc,71,native_real_freqhrl,supported_native_episode_loop,-3119.258,9.087488539909083,0.5333,19227.400833461157,19227.400833461157,19227.400833461157,0.0,9.140462808354545,0.4932305831534502,1.0,0.7621343270908516,0.017854863136315218,0.0,0.0,0.0,0.0,0.0,0.0,1.0,1.0,0.0,0.0,0.0,1.0,0.0,0.0,1.0,0.0,0.5990314109167716,6.364491086274571,0.4410310438426464,0.5933171911976924,0.19188861951195876,-0.06796417616405125,0.026808724246741533,0.0,0.0,88.0,9.313,9.312671559696701,19211.0,19211.0,19211.0,0.0,0.9206842042925109,1.0,0.4100208365289415,0.22551146009091785,0.17220875134215544,16.40083346115766,0.15854987720165925,477469.25111972564,auditable native service-response adapter: raw simulator wait/alighting/throughput are preserved and Freq-HRL lower/upper control diagnostics are mapped to service outcomes
afc,81,native_real_interval,supported_native_episode_loop,-11749.75,18.848,0.3397,18619.0,18619.0,18619.0,0.0,18.848210609234293,0.5021125421123802,1.0,0.9872692819044924,0.01914499012378885,0.0,0.0,0.0,0.0,0.0,0.0,1.0,0.0,0.0,0.0,0.0,1.0,0.0,0.0,1.0,0.0,1.0,0.0,1.0,0.0,0.0,0.0,0.0,0.0,0.0,88.0,18.848,18.848210609234293,18619.0,18619.0,18619.0,0.0,0.9872692819044924,0.0,0.0,0.0,0.0,0.0,0.0,453526.66649469535,
afc,81,native_real_freqhrl,supported_native_episode_loop,-9160.158,18.60359084714004,0.3397,18636.77521111709,18636.77521111709,18636.77521111709,0.0,18.66157089250487,0.5021125421123802,1.0,0.8030056227941765,0.01914499012378885,0.0,0.0,0.0,0.0,0.0,0.0,1.0,0.0,0.0,0.0,0.0,1.0,0.0,0.0,1.0,0.0,0.5980337342593568,5.830907768990301,0.3797230079188063,0.5754222768419303,0.26069767432768387,0.07066764581798975,0.03127275254150255,0.0,0.0,88.0,18.848,18.848210609234293,18619.0,18619.0,18619.0,0.0,0.9872692819044924,1.0,0.4443802779271988,0.24440915285995937,0.1866397167294235,17.775211117087952,0.1842636591103158,456563.1761840095,auditable native service-response adapter: raw simulator wait/alighting/throughput are preserved and Freq-HRL lower/upper control diagnostics are mapped to service outcomes
afc,91,native_real_interval,supported_native_episode_loop,-18150.666,33.089,0.6601,21061.0,21061.0,21061.0,0.0,33.08948609594353,0.5473538130351824,1.0,0.9869846691273508,0.013028008810513107,0.0,0.0,0.0,0.0,0.0,0.0,1.0,0.0,0.0,0.0,0.0,1.0,0.0,0.0,1.0,0.0,1.0,0.0,1.0,0.0,0.0,0.0,0.0,0.0,0.0,88.0,33.089,33.08948609594353,21061.0,21061.0,21061.0,0.0,0.9869846691273508,0.0,0.0,0.0,0.0,0.0,0.0,508025.57905695203,
afc,91,native_real_freqhrl,supported_native_episode_loop,-11672.641,32.85485703160598,0.6601,21078.028579519563,21078.028579519563,21078.028579519563,0.0,32.910686010988094,0.5473538130351824,1.0,0.8105117264376713,0.013028008810513107,0.0,0.0,0.0,0.0,0.0,0.0,1.0,0.0,0.0,0.0,0.0,1.0,0.0,0.0,1.0,0.0,0.5858581891968505,8.063705357623213,0.42069861770037253,0.6600443950847006,0.3722308547722877,-0.028011463059373555,0.040723143126191096,0.0,0.0,88.0,33.089,33.08948609594353,21061.0,21061.0,21061.0,0.0,0.9869846691273508,1.0,0.42571448798912426,0.23414296839401835,0.17880008495543218,17.02857951956497,0.17647294268967945,514931.74937466753,auditable native service-response adapter: raw simulator wait/alighting/throughput are preserved and Freq-HRL lower/upper control diagnostics are mapped to service outcomes
afc,101,native_real_interval,supported_native_episode_loop,-19314.514,39.751,0.5086,18486.0,18486.0,18486.0,0.0,39.750619387644704,0.490059708883974,1.0,0.986051696171617,0.060191016206489145,0.0,0.0,0.0,0.0,0.0,0.0,1.0,0.0,0.0,0.0,0.0,1.0,0.0,0.0,1.0,0.0,1.0,0.0,1.0,0.0,0.0,0.0,0.0,0.0,0.0,88.0,39.751,39.750619387644704,18486.0,18486.0,18486.0,0.0,0.986051696171617,0.0,0.0,0.0,0.0,0.0,0.0,442417.08349030616,
afc,101,native_real_freqhrl,supported_native_episode_loop,-13558.55,39.524909315333176,0.5086,18502.44295888486,18502.44295888486,18502.44295888486,0.0,39.57796831935367,0.490059708883974,1.0,0.815808817437407,0.060191016206489145,0.0,0.0,0.0,0.0,0.0,0.0,1.0,0.0,0.0,0.0,0.0,1.0,0.0,0.0,1.0,0.0,0.636644053125281,8.966928252242528,0.4313581670315508,0.63042627512409,0.6010202655163909,0.0022262926752606486,0.0855083116590747,0.0,0.0,88.0,39.751,39.750619387644704,18486.0,18486.0,18486.0,0.0,0.986051696171617,1.0,0.4110739721214959,0.22609068466682275,0.17265106829102828,16.442958884859834,0.17024287873421012,448586.4686948085,auditable native service-response adapter: raw simulator wait/alighting/throughput are preserved and Freq-HRL lower/upper control diagnostics are mapped to service outcomes
afc,111,native_real_interval,supported_native_episode_loop,-14478.069,19.984,0.6342,18142.0,18142.0,18142.0,0.0,19.98367967515526,0.4624416849901879,1.0,0.9857710551162235,0.011259389676094803,0.0,0.0,0.0,0.0,0.0,0.0,1.0,0.0,0.0,0.0,0.0,1.0,0.0,0.0,1.0,0.0,1.0,0.0,1.0,0.0,0.0,0.0,0.0,0.0,0.0,88.0,19.984,19.98367967515526,18142.0,18142.0,18142.0,0.0,0.9857710551162235,0.0,0.0,0.0,0.0,0.0,0.0,438860.83076016244,
afc,111,native_real_freqhrl,supported_native_episode_loop,-9651.918,19.775892420258806,0.6342,18157.13509670845,18157.13509670845,18157.13509670845,0.0,19.824761159716527,0.4624416849901879,1.0,0.8291137824746821,0.011259389676094803,0.0,0.0,0.0,0.0,0.0,0.0,1.0,0.0,0.0,0.0,0.0,1.0,0.0,0.0,1.0,0.0,0.6255479023798897,8.684621528681824,0.4877625552431918,0.548991660058634,0.2724488241749112,8.631965341494815e-05,0.03467198502847233,0.0,0.0,88.0,19.984,19.98367967515526,18142.0,18142.0,18142.0,0.0,0.9857710551162235,1.0,0.37837741771126343,0.2081075797411949,0.15891851543873065,15.135096708450536,0.15665727264154136,444067.5197129288,auditable native service-response adapter: raw simulator wait/alighting/throughput are preserved and Freq-HRL lower/upper control diagnostics are mapped to service outcomes
afc,121,native_real_interval,supported_native_episode_loop,-11188.106,10.928,0.3143,18868.0,18868.0,18868.0,0.0,10.928392869761854,0.5000995584924963,1.0,0.987148817701739,0.03722639925571071,0.0,0.0,0.0,0.0,0.0,0.0,1.0,0.0,0.0,0.0,0.0,1.0,0.0,0.0,1.0,0.0,1.0,0.0,1.0,0.0,0.0,0.0,0.0,0.0,0.0,88.0,10.928,10.928392869761854,18868.0,18868.0,18868.0,0.0,0.987148817701739,0.0,0.0,0.0,0.0,0.0,0.0,460396.5212035651,
afc,121,native_real_freqhrl,supported_native_episode_loop,-8910.456,10.680421574767454,0.3143,18886.005703653274,18886.005703653274,18886.005703653274,0.0,10.739332981402455,0.5000995584924963,1.0,0.8005185724329356,0.03722639925571071,0.0,0.0,0.0,0.0,0.0,0.0,1.0,0.0,0.0,0.0,0.0,1.0,0.0,0.0,1.0,0.0,0.6098209201257506,8.77897392914789,0.36512672879754793,0.6019812587778293,0.2196117799599447,0.10763464874159266,0.03905739659418662,0.0,0.0,88.0,10.928,10.928392869761854,18868.0,18868.0,18868.0,0.0,0.987148817701739,1.0,0.4501425913319024,0.24757842523254633,0.189059888359399,18.005703653276093,0.18663024526880348,463126.88410909346,auditable native service-response adapter: raw simulator wait/alighting/throughput are preserved and Freq-HRL lower/upper control diagnostics are mapped to service outcomes
afc,131,native_real_interval,supported_native_episode_loop,-18377.697,11.364,0.7134,19605.0,19605.0,19605.0,0.0,11.363973476154042,0.5118449671508336,1.0,0.9862956755063684,0.0168145103990063,0.0,0.0,0.0,0.0,0.0,0.0,1.0,0.0,0.0,0.0,0.0,1.0,0.0,0.0,1.0,0.0,1.0,0.0,1.0,0.0,0.0,0.0,0.0,0.0,0.0,88.0,11.364,11.363973476154042,19605.0,19605.0,19605.0,0.0,0.9862956755063684,0.0,0.0,0.0,0.0,0.0,0.0,471626.55421326193,
afc,131,native_real_freqhrl,supported_native_episode_loop,-11909.754,11.134706069931013,0.7134,19621.675922186834,19621.675922186834,19621.675922186834,0.0,11.18887629319227,0.5118449671508336,1.0,0.8135980811578251,0.0168145103990063,0.0,0.0,0.0,0.0,0.0,0.0,1.0,0.0,0.0,0.0,0.0,1.0,0.0,0.0,1.0,0.0,0.5918140195564351,7.097145245753333,0.43074783951337176,0.6004798127531203,0.18390871815474985,0.037011415997357695,0.020147100483993766,0.0,0.0,88.0,11.364,11.363973476154042,19605.0,19605.0,19605.0,0.0,0.9862956755063684,1.0,0.4168980546708863,0.2292939300689875,0.17509718296177224,16.675922186835454,0.17269759434854334,478513.7757558249,auditable native service-response adapter: raw simulator wait/alighting/throughput are preserved and Freq-HRL lower/upper control diagnostics are mapped to service outcomes
afc,141,native_real_interval,supported_native_episode_loop,-17431.596,49.041,0.5613,23823.0,23823.0,23823.0,0.0,49.04074493836489,0.6186450306492293,1.0,0.9860868573689974,0.023541445284569803,0.0,0.0,0.0,0.0,0.0,0.0,1.0,0.0,0.0,0.0,0.0,1.0,0.0,0.0,1.0,0.0,1.0,0.0,1.0,0.0,0.0,0.0,0.0,0.0,0.0,88.0,49.041,49.04074493836489,23823.0,23823.0,23823.0,0.0,0.9860868573689974,0.0,0.0,0.0,0.0,0.0,0.0,577627.3510275309,
afc,141,native_real_freqhrl,supported_native_episode_loop,-11160.365,48.8050819292856,0.5613,23840.15767787014,23840.15767787014,23840.15767787014,0.0,48.86058932072844,0.6186450306492293,1.0,0.808437770536499,0.023541445284569803,0.0,0.0,0.0,0.0,0.0,0.0,1.0,0.0,0.0,0.0,0.0,1.0,0.0,0.0,1.0,0.0,0.5696996241802578,6.569383758647928,0.42218947005320795,0.747896825899641,0.5196825394199954,-0.3068376768536904,0.04081212946037321,0.0,0.0,88.0,49.041,49.04074493836489,23823.0,23823.0,23823.0,0.0,0.9860868573689974,1.0,0.42894194675345393,0.23591807071439969,0.18015561763645063,17.15767787013816,0.17764908683249833,584329.9732328001,auditable native service-response adapter: raw simulator wait/alighting/throughput are preserved and Freq-HRL lower/upper control diagnostics are mapped to service outcomes
afc,151,native_real_interval,supported_native_episode_loop,-6276.442,47.72,0.423,21723.0,21723.0,21723.0,0.0,47.7197363777256,0.5802010091910034,1.0,0.9847304475884382,0.02854689693640023,0.0,0.0,0.0,0.0,0.0,0.0,1.0,0.0,0.0,0.0,0.0,1.0,0.0,0.0,1.0,0.0,1.0,0.0,1.0,0.0,0.0,0.0,0.0,0.0,0.0,88.0,47.72,47.7197363777256,21723.0,21723.0,21723.0,0.0,0.9847304475884382,0.0,0.0,0.0,0.0,0.0,0.0,536296.6521318111,
afc,151,native_real_freqhrl,supported_native_episode_loop,-5374.12,47.470995499238434,0.423,21741.109418237203,21741.109418237203,21741.109418237203,0.0,47.52958748623495,0.5802010091910034,1.0,0.7974850445624034,0.02854689693640023,0.0,0.0,0.0,0.0,0.0,0.0,1.0,0.0,0.0,0.0,0.0,1.0,0.0,0.0,1.0,0.0,0.5680996750961701,8.573453371709421,0.38213143582552117,0.6889449837138352,0.49741100233446045,-0.008241756604762122,0.0563733075223101,0.0,0.0,88.0,47.72,47.7197363777256,21723.0,21723.0,21723.0,0.0,0.9847304475884382,1.0,0.45273545593012293,0.24900450076156763,0.19014889149065162,18.109418237204917,0.18724540302603473,537654.2947071947,auditable native service-response adapter: raw simulator wait/alighting/throughput are preserved and Freq-HRL lower/upper control diagnostics are mapped to service outcomes
afc,161,native_real_interval,supported_native_episode_loop,-2690.631,34.392,0.5009,17266.0,17266.0,17266.0,0.0,34.39178346654311,0.4492430466396991,1.0,0.9911306323654141,0.036757827856873544,0.0,0.0,0.0,0.0,0.0,0.0,1.0,0.0,0.0,0.0,0.0,1.0,0.0,0.0,1.0,0.0,1.0,0.0,1.0,0.0,0.0,0.0,0.0,0.0,0.0,88.0,34.392,34.39178346654311,17266.0,17266.0,17266.0,0.0,0.9911306323654141,0.0,0.0,0.0,0.0,0.0,0.0,428597.2513082667,
afc,161,native_real_freqhrl,supported_native_episode_loop,-2689.377,34.17635418935414,0.5009,17281.683331683336,17281.683331683336,17281.683331683336,0.0,34.227108483868086,0.4492430466396991,1.0,0.8279162126519568,0.036757827856873544,0.0,0.0,0.0,0.0,0.0,0.0,1.0,23.0,0.0,0.0,0.0,1.0,0.0,0.0,1.0,0.0,0.6499277285639167,9.89131867041887,0.46813511291273885,0.6054963082979702,0.5570303530167174,-0.06881785567393764,0.1375947008727915,0.0,0.0,88.0,34.392,34.39178346654311,17266.0,17266.0,17266.0,0.0,0.9911306323654141,1.0,0.39208329208338366,0.21564581064586102,0.16467498267502112,15.683331683335346,0.1632144197134573,428992.82739594794,auditable native service-response adapter: raw simulator wait/alighting/throughput are preserved and Freq-HRL lower/upper control diagnostics are mapped to service outcomes
afc,171,native_real_interval,supported_native_episode_loop,-15370.663,32.491,0.4296,20127.0,20127.0,20127.0,0.0,32.490590583130455,0.5137410114125744,1.0,0.9879144304566032,0.061347875577321985,0.0,0.0,0.0,0.0,0.0,0.0,1.0,0.0,0.0,0.0,0.0,1.0,0.0,0.0,1.0,0.0,1.0,0.0,1.0,0.0,0.0,0.0,0.0,0.0,0.0,88.0,32.491,32.490590583130455,20127.0,20127.0,20127.0,0.0,0.9879144304566032,0.0,0.0,0.0,0.0,0.0,0.0,487462.3225047084,
afc,171,native_real_freqhrl,supported_native_episode_loop,-10590.992,32.26819567660887,0.4296,20143.20395079208,20143.20395079208,20143.20395079208,0.0,32.320449099813594,0.5137410114125744,1.0,0.8198292038685835,0.061347875577321985,0.0,0.0,0.0,0.0,0.0,0.0,1.0,0.0,0.0,0.0,0.0,1.0,0.0,0.0,1.0,0.0,0.6258659917141762,9.262180710193627,0.44254843118437553,0.6405172414499624,0.5029177710053262,0.004742132722444827,0.056764627222902604,0.0,0.0,88.0,32.491,32.490590583130455,20127.0,20127.0,20127.0,0.0,0.9879144304566032,1.0,0.4050987698020534,0.22280432339112938,0.1701414833168624,16.203950792082136,0.16808522658801978,492649.40538848605,auditable native service-response adapter: raw simulator wait/alighting/throughput are preserved and Freq-HRL lower/upper control diagnostics are mapped to service outcomes
afc,181,native_real_interval,supported_native_episode_loop,-19515.188,32.461,0.6676,22208.0,22208.0,22208.0,0.0,32.46062530019212,0.5837562239600868,1.0,0.9858696639830081,0.054154196033653915,0.0,0.0,0.0,0.0,0.0,0.0,1.0,0.0,0.0,0.0,0.0,1.0,0.0,0.0,1.0,0.0,1.0,0.0,1.0,0.0,0.0,0.0,0.0,0.0,0.0,88.0,32.461,32.46062530019212,22208.0,22208.0,22208.0,0.0,0.9858696639830081,0.0,0.0,0.0,0.0,0.0,0.0,535342.6364873499,
afc,181,native_real_freqhrl,supported_native_episode_loop,-13584.391,32.222364899253364,0.6676,22225.3552800543,22225.3552800543,22225.3552800543,0.0,32.27839485962196,0.5837562239600868,1.0,0.8062142007706308,0.054154196033653915,0.0,0.0,0.0,0.0,0.0,0.0,1.0,0.0,0.0,0.0,0.0,1.0,0.0,0.0,1.0,0.0,0.6246250059981908,12.629742074326385,0.4016435820585879,0.6691585756856405,0.46681229731905904,-0.05308527323758276,0.1250539770204647,0.0,0.0,88.0,32.461,32.46062530019212,22208.0,22208.0,22208.0,0.0,0.9858696639830081,1.0,0.4338820013575196,0.2386351007466358,0.18223044057015822,17.355280054300785,0.1796554632123774,541709.7929549351,auditable native service-response adapter: raw simulator wait/alighting/throughput are preserved and Freq-HRL lower/upper control diagnostics are mapped to service outcomes
afc,191,native_real_interval,supported_native_episode_loop,-3477.251,13.459,0.461,19368.0,19368.0,19368.0,0.0,13.458500275368305,0.5030035104369238,1.0,0.9922086887837189,0.04205617916307365,0.0,0.0,0.0,0.0,0.0,0.0,1.0,0.0,0.0,0.0,0.0,1.0,0.0,0.0,1.0,0.0,1.0,0.0,1.0,0.0,0.0,0.0,0.0,0.0,0.0,88.0,13.459,13.458500275368305,19368.0,19368.0,19368.0,0.0,0.9922086887837189,0.0,0.0,0.0,0.0,0.0,0.0,480580.5077498623,
afc,191,native_real_freqhrl,supported_native_episode_loop,-3445.454,13.232108589404634,0.461,19384.501193497847,19384.501193497847,19384.501193497847,0.0,13.285237743640934,0.5030035104369238,1.0,0.8202960993631568,0.04205617916307365,0.0,0.0,0.0,0.0,0.0,0.0,1.0,1.0,0.0,0.0,0.0,1.0,0.0,0.0,1.0,0.0,0.5997868896093135,7.382625465099158,0.43827720965583866,0.5837404578379131,0.21100508874760937,-0.052973292927850454,0.040331716104693875,0.0,0.0,88.0,13.459,13.458500275368305,19368.0,19368.0,19368.0,0.0,0.9922086887837189,1.0,0.41252983744612104,0.22689141059536658,0.17326253172737083,16.50119349784484,0.17191258942056212,481027.1901326803,auditable native service-response adapter: raw simulator wait/alighting/throughput are preserved and Freq-HRL lower/upper control diagnostics are mapped to service outcomes
afc,201,native_real_interval,supported_native_episode_loop,-19019.962,12.223,0.5657,19900.0,19900.0,19900.0,0.0,12.222726968174205,0.5267743662234995,1.0,0.9861779469780908,0.008372072592122356,0.0,0.0,0.0,0.0,0.0,0.0,1.0,0.0,0.0,0.0,0.0,1.0,0.0,0.0,1.0,0.0,1.0,0.0,1.0,0.0,0.0,0.0,0.0,0.0,0.0,88.0,12.223,12.222726968174205,19900.0,19900.0,19900.0,0.0,0.9861779469780908,0.0,0.0,0.0,0.0,0.0,0.0,478350.5652365159,
afc,201,native_real_freqhrl,supported_native_episode_loop,-12730.163,11.995933681388086,0.5657,19916.513914080868,19916.513914080868,19916.513914080868,0.0,12.049330870325107,0.5267743662234995,1.0,0.8151785391872548,0.008372072592122356,0.0,0.0,0.0,0.0,0.0,0.0,1.0,0.0,0.0,0.0,0.0,1.0,0.0,0.0,1.0,0.0,0.6096024396693555,5.469235502391702,0.42928473936189143,0.5939885863707122,0.16117945411251403,0.017109060352799566,0.015486498149052551,0.0,0.0,88.0,12.223,12.222726968174205,19900.0,19900.0,19900.0,0.0,0.9861779469780908,1.0,0.4128478520216629,0.22706631861191462,0.1733960978490984,16.513914080866517,0.170999407790836,485055.56944977265,auditable native service-response adapter: raw simulator wait/alighting/throughput are preserved and Freq-HRL lower/upper control diagnostics are mapped to service outcomes
afc,211,native_real_interval,supported_native_episode_loop,-3981.264,35.721,0.4958,21484.0,21484.0,21484.0,0.0,35.721303450629925,0.5582840510141008,1.0,0.9798118270064067,0.01862549965573461,0.0,0.0,0.0,0.0,0.0,0.0,1.0,0.0,0.0,0.0,0.0,1.0,0.0,0.0,1.0,0.0,1.0,0.0,1.0,0.0,0.0,0.0,0.0,0.0,0.0,88.0,35.721,35.721303450629925,21484.0,21484.0,21484.0,0.0,0.9798118270064067,0.0,0.0,0.0,0.0,0.0,0.0,532742.6737482747,
afc,211,native_real_freqhrl,supported_native_episode_loop,-3798.218,35.47877501910923,0.4958,21501.6163622466,21501.6163622466,21501.6163622466,0.0,35.53633164704061,0.5582840510141008,1.0,0.7985742661868905,0.01862549965573461,0.0,0.0,0.0,0.0,0.0,0.0,1.0,0.0,0.0,0.0,0.0,1.0,0.0,0.0,1.0,0.0,0.5623565308148918,9.28321959809454,0.40578897174800216,0.677999999838216,0.4182057137915066,-0.12156884980029177,0.04779569520180371,0.0,0.0,88.0,35.721,35.721303450629925,21484.0,21484.0,21484.0,0.0,0.9798118270064067,1.0,0.44040905616503373,0.24222498089076858,0.18497180358931417,17.616362246601348,0.18123756081951614,533368.6435401504,auditable native service-response adapter: raw simulator wait/alighting/throughput are preserved and Freq-HRL lower/upper control diagnostics are mapped to service outcomes
afc,221,native_real_interval,supported_native_episode_loop,-16793.965,34.629,0.5856,17156.0,17156.0,17156.0,0.0,34.6294823968291,0.4455629629794777,1.0,0.9869742789053325,0.10350692964316803,0.0,0.0,0.0,0.0,0.0,0.0,1.0,0.0,0.0,0.0,0.0,1.0,0.0,0.0,1.0,0.0,1.0,0.0,1.0,0.0,0.0,0.0,0.0,0.0,0.0,88.0,34.629,34.6294823968291,17156.0,17156.0,17156.0,0.0,0.9869742789053325,0.0,0.0,0.0,0.0,0.0,0.0,411741.2590588016,
afc,221,native_real_freqhrl,supported_native_episode_loop,-11877.857,34.41239669440651,0.5856,17171.752967679528,17171.752967679528,17171.752967679528,0.0,34.464076236194074,0.4455629629794777,1.0,0.8237226527860788,0.10350692964316803,0.0,0.0,0.0,0.0,0.0,0.0,1.0,0.0,0.0,0.0,0.0,1.0,0.0,0.0,1.0,0.0,0.6479593923270376,9.135168668983424,0.45517706530641294,0.5795786306290047,0.46275395045352663,0.09509191941570644,0.07041629701076417,0.0,0.0,88.0,34.629,34.6294823968291,17156.0,17156.0,17156.0,0.0,0.9869742789053325,1.0,0.3938241919881554,0.21660330559348548,0.16540616063502525,15.752967679526215,0.16325162611925365,417053.43998692604,auditable native service-response adapter: raw simulator wait/alighting/throughput are preserved and Freq-HRL lower/upper control diagnostics are mapped to service outcomes
afc,231,native_real_interval,supported_native_episode_loop,-12213.463,25.526,0.5395,18438.0,18438.0,18438.0,0.0,25.52644267274108,0.47661716938261894,1.0,0.9844366648207163,0.020942100928399876,0.0,0.0,0.0,0.0,0.0,0.0,1.0,0.0,0.0,0.0,0.0,1.0,0.0,0.0,1.0,0.0,1.0,0.0,1.0,0.0,0.0,0.0,0.0,0.0,0.0,88.0,25.526,25.52644267274108,18438.0,18438.0,18438.0,0.0,0.9844366648207163,0.0,0.0,0.0,0.0,0.0,0.0,448467.4347786636,
afc,231,native_real_freqhrl,supported_native_episode_loop,-8201.434,25.310063821050118,0.5395,18453.704449378172,18453.704449378172,18453.704449378172,0.0,25.361545954270262,0.47661716938261894,1.0,0.8221062892494237,0.020942100928399876,0.0,0.0,0.0,0.0,0.0,0.0,1.0,0.0,0.0,0.0,0.0,1.0,0.0,0.0,1.0,0.0,0.6231346188416851,9.3808581855647,0.4649766472394402,0.5981765131226298,0.35215171370016757,0.002249478128969494,0.04722337310219121,0.0,0.0,88.0,25.526,25.52644267274108,18438.0,18438.0,18438.0,0.0,0.9844366648207163,1.0,0.3926112344543284,0.21593617894988062,0.1648967184708179,15.704449378173136,0.1623303755712926,452874.3168232667,auditable native service-response adapter: raw simulator wait/alighting/throughput are preserved and Freq-HRL lower/upper control diagnostics are mapped to service outcomes
afc,241,native_real_interval,supported_native_episode_loop,-2759.406,11.716,0.4929,19433.0,19433.0,19433.0,0.0,11.716262714626323,0.5006007564799388,1.0,0.993730658730305,0.01285443313343096,0.0,0.0,0.0,0.0,0.0,0.0,1.0,0.0,0.0,0.0,0.0,1.0,0.0,0.0,1.0,0.0,1.0,0.0,1.0,0.0,0.0,0.0,0.0,0.0,0.0,88.0,11.716,11.716262714626323,19433.0,19433.0,19433.0,0.0,0.993730658730305,0.0,0.0,0.0,0.0,0.0,0.0,482941.5900686427,
afc,241,native_real_freqhrl,supported_native_episode_loop,-2756.348,11.499468380308393,0.4929,19448.74775415939,19448.74775415939,19448.74775415939,0.0,11.550911295952734,0.5006007564799388,1.0,0.8294158845298079,0.01285443313343096,0.0,0.0,0.0,0.0,0.0,2.0,0.3333333243926369,15.0,1.0,1.0,0.0,1.0,0.0,0.0,1.0,0.0,0.6296900973422461,8.802645904135469,0.4585502118110333,0.597398160475841,0.22641261474140056,-0.13738042134666506,0.03793136932992038,0.0,0.0,88.0,11.716,11.716262714626323,19433.0,19433.0,19433.0,0.0,0.993730658730305,1.0,0.3936938539847382,0.21653161969160603,0.16535141867359004,15.74775415938953,0.1643147742004971,483340.5899145337,auditable native service-response adapter: raw simulator wait/alighting/throughput are preserved and Freq-HRL lower/upper control diagnostics are mapped to service outcomes
afc,251,native_real_interval,supported_native_episode_loop,-2520.944,8.934,0.4012,18605.0,18605.0,18605.0,0.0,8.933637910955836,0.47559766670011644,1.0,0.9862336046515693,0.036462701900068124,0.0,0.0,0.0,0.0,0.0,0.0,1.0,0.0,0.0,0.0,0.0,1.0,0.0,0.0,1.0,0.0,1.0,0.0,1.0,0.0,0.0,0.0,0.0,0.0,0.0,88.0,8.934,8.933637910955836,18605.0,18605.0,18605.0,0.0,0.9862336046515693,0.0,0.0,0.0,0.0,0.0,0.0,462509.44678104453,
afc,251,native_real_freqhrl,supported_native_episode_loop,-2513.471,8.721904722693647,0.4012,18620.425111076827,18620.425111076827,18620.425111076827,0.0,8.771674244649168,0.47559766670011644,1.0,0.826499594207359,0.036462701900068124,0.0,0.0,0.0,0.0,0.0,0.0,1.0,3.0,0.0,0.0,0.0,1.0,0.0,0.0,1.0,0.0,0.6674175213390774,5.606507208079727,0.45382535860703,0.5806093430102437,0.1634800265705214,-0.058122612392463954,0.02384119416316435,0.0,0.0,88.0,8.934,8.933637910955836,18605.0,18605.0,18605.0,0.0,0.9862336046515693,1.0,0.38562777692064104,0.21209527730635258,0.16196366630666922,15.425111076825642,0.15973401044421032,462904.7494925714,auditable native service-response adapter: raw simulator wait/alighting/throughput are preserved and Freq-HRL lower/upper control diagnostics are mapped to service outcomes
afc,261,native_real_interval,supported_native_episode_loop,-2636.85,14.326,0.5681,19863.0,19863.0,19863.0,0.0,14.326038362785079,0.5147043093905583,1.0,0.9915684279199611,0.013804635841711902,0.0,0.0,0.0,0.0,0.0,0.0,1.0,0.0,0.0,0.0,0.0,1.0,0.0,0.0,1.0,0.0,1.0,0.0,1.0,0.0,0.0,0.0,0.0,0.0,0.0,88.0,14.326,14.326038362785079,19863.0,19863.0,19863.0,0.0,0.9915684279199611,0.0,0.0,0.0,0.0,0.0,0.0,493786.5907808186,
afc,261,native_real_freqhrl,supported_native_episode_loop,-2636.85,14.104664724762765,0.5681,19879.097110926345,19879.097110926345,19879.097110926345,0.0,14.157018698058463,0.5147043093905583,1.0,0.8239738646794319,0.013804635841711902,0.0,0.0,0.0,0.0,0.0,0.0,1.0,3.0,1.0,0.0,0.0,1.0,0.0,0.0,1.0,0.0,0.6066350218642338,5.6911586734493715,0.4505860703724836,0.594913094009889,0.20387021982060316,-0.10745458884253149,0.021815626623236183,0.0,0.0,88.0,14.326,14.326038362785079,19863.0,19863.0,19863.0,0.0,0.9915684279199611,1.0,0.4024277731586088,0.22133527523723484,0.16901966472661567,16.09711092634435,0.1675945632405292,494191.31641656195,auditable native service-response adapter: raw simulator wait/alighting/throughput are preserved and Freq-HRL lower/upper control diagnostics are mapped to service outcomes
afc,271,native_real_interval,supported_native_episode_loop,-20182.222,57.745,0.347,21295.0,21295.0,21295.0,0.0,57.744563669092905,0.5674061668149853,1.0,0.9859835741822147,0.015267224687305132,0.0,0.0,0.0,0.0,0.0,0.0,1.0,0.0,0.0,0.0,0.0,1.0,0.0,0.0,1.0,0.0,1.0,0.0,1.0,0.0,0.0,0.0,0.0,0.0,0.0,88.0,57.745,57.744563669092905,21295.0,21295.0,21295.0,0.0,0.9859835741822147,0.0,0.0,0.0,0.0,0.0,0.0,511585.7617181655,
afc,271,native_real_freqhrl,supported_native_episode_loop,-13700.123,57.50056076304244,0.347,21312.777399051458,21312.777399051458,21312.777399051458,0.0,57.55790097905258,0.5674061668149853,1.0,0.8019372278897937,0.015267224687305132,0.0,0.0,0.0,0.0,0.0,0.0,1.0,0.0,0.0,0.0,0.0,1.0,0.0,0.0,1.0,0.0,0.5936606701817935,7.513781865533367,0.3863538429711701,0.6917165150534076,0.5037061114624743,-0.08557682036514841,0.06108294246933433,0.0,0.0,88.0,57.745,57.744563669092905,21295.0,21295.0,21295.0,0.0,0.9859835741822147,1.0,0.4444349762864748,0.24443923695756117,0.1866626900403194,17.777399051458993,0.18404634629242103,518514.83341816656,auditable native service-response adapter: raw simulator wait/alighting/throughput are preserved and Freq-HRL lower/upper control diagnostics are mapped to service outcomes
afc,281,native_real_interval,supported_native_episode_loop,-13289.503,30.879,0.5894,16731.0,16731.0,16731.0,0.0,30.87903592134361,0.43966661312233174,1.0,0.9889652920113837,0.008595837249569747,0.0,0.0,0.0,0.0,0.0,0.0,1.0,0.0,0.0,0.0,0.0,1.0,0.0,0.0,1.0,0.0,1.0,0.0,1.0,0.0,0.0,0.0,0.0,0.0,0.0,88.0,30.879,30.87903592134361,16731.0,16731.0,16731.0,0.0,0.9889652920113837,0.0,0.0,0.0,0.0,0.0,0.0,404660.08868203935,
afc,281,native_real_freqhrl,supported_native_episode_loop,-10112.332,30.655304936566203,0.5894,16747.268731886095,16747.268731886095,16747.268731886095,0.0,30.70821423653962,0.43966661312233174,1.0,0.8200285746173291,0.008595837249569747,0.0,0.0,0.0,0.0,0.0,0.0,1.0,0.0,0.0,0.0,0.0,1.0,0.0,0.0,1.0,0.0,0.6463924541048487,8.795905216765352,0.4339200687259696,0.603489294113454,0.48688342561686826,-0.037216096102059906,0.07968512546117426,0.0,0.0,88.0,30.879,30.87903592134361,16731.0,16731.0,16731.0,0.0,0.9889652920113837,1.0,0.40671829715235724,0.2236950634337965,0.17082168480399004,16.26873188609429,0.16893671739405455,408246.3003406684,auditable native service-response adapter: raw simulator wait/alighting/throughput are preserved and Freq-HRL lower/upper control diagnostics are mapped to service outcomes
afc,291,native_real_interval,supported_native_episode_loop,-10508.519,31.46,0.5736,18706.0,18706.0,18706.0,0.0,31.46022131936277,0.4981685889989841,1.0,0.9879685002063809,0.039456911443849656,0.0,0.0,0.0,0.0,0.0,0.0,1.0,0.0,0.0,0.0,0.0,1.0,0.0,0.0,1.0,0.0,1.0,0.0,1.0,0.0,0.0,0.0,0.0,0.0,0.0,88.0,31.46,31.46022131936277,18706.0,18706.0,18706.0,0.0,0.9879685002063809,0.0,0.0,0.0,0.0,0.0,0.0,456810.0036893403,
afc,291,native_real_freqhrl,supported_native_episode_loop,-8507.675,31.218641342568592,0.5736,18723.553356904104,18723.553356904104,18723.553356904104,0.0,31.275911071869693,0.4981685889989841,1.0,0.8058757814179798,0.039456911443849656,0.0,0.0,0.0,0.0,0.0,0.0,1.0,0.0,0.0,0.0,0.0,1.0,0.0,0.0,1.0,0.0,0.6082563329825273,9.032693509251631,0.39164902049641614,0.5846217104668827,0.388404604730711,0.04832825283765966,0.07205676709968736,0.0,0.0,88.0,31.46,31.46022131936277,18706.0,18706.0,18706.0,0.0,0.9879685002063809,1.0,0.43883392260256193,0.24135865743140908,0.184310247493076,17.55335690410248,0.1820927187884012,459252.18735364097,auditable native service-response adapter: raw simulator wait/alighting/throughput are preserved and Freq-HRL lower/upper control diagnostics are mapped to service outcomes
afc,301,native_real_interval,supported_native_episode_loop,-3540.895,13.866,0.4637,19218.0,19218.0,19218.0,0.0,13.865506296180664,0.48725190976388083,1.0,0.9678146738926873,0.022992981205946443,0.0,0.0,0.0,0.0,0.0,0.0,1.0,0.0,0.0,0.0,0.0,1.0,0.0,0.0,1.0,0.0,1.0,0.0,1.0,0.0,0.0,0.0,0.0,0.0,0.0,88.0,13.866,13.865506296180664,19218.0,19218.0,19218.0,0.0,0.9678146738926873,0.0,0.0,0.0,0.0,0.0,0.0,476762.5848468519,
afc,301,native_real_freqhrl,supported_native_episode_loop,-3004.49,13.648184293706317,0.4637,19233.841142275905,19233.841142275905,19233.841142275905,0.0,13.69917430228367,0.48725190976388083,1.0,0.8068361294613473,0.022992981205946443,0.0,0.0,0.0,0.0,0.0,0.0,1.0,0.0,0.0,0.0,0.0,1.0,0.0,0.0,1.0,0.0,0.6223251692103431,8.656334426828515,0.45623450960457107,0.5927916665328666,0.21145833231146552,-0.030373469539052976,0.029015194088060844,0.0,0.0,88.0,13.866,13.865506296180664,19218.0,19218.0,19218.0,0.0,0.9678146738926873,1.0,0.3960285568976055,0.21781570629368305,0.16633199389699432,15.841142275904222,0.16097854443134002,477697.2797268095,auditable native service-response adapter: raw simulator wait/alighting/throughput are preserved and Freq-HRL lower/upper control diagnostics are mapped to service outcomes
afc,311,native_real_interval,supported_native_episode_loop,-13759.425,12.264,0.4932,18916.0,18916.0,18916.0,0.0,12.264041023472194,0.48347278824147905,1.0,0.9855037718539197,0.04399869564172765,0.0,0.0,0.0,0.0,0.0,0.0,1.0,0.0,0.0,0.0,0.0,1.0,0.0,0.0,1.0,0.0,1.0,0.0,1.0,0.0,0.0,0.0,0.0,0.0,0.0,88.0,12.264,12.264041023472194,18916.0,18916.0,18916.0,0.0,0.9855037718539197,0.0,0.0,0.0,0.0,0.0,0.0,459010.8165794883,
afc,311,native_real_freqhrl,supported_native_episode_loop,-8568.094,12.03839547183939,0.4932,18932.407602048046,18932.407602048046,18932.407602048046,0.0,12.091761201967728,0.48347278824147905,1.0,0.8157213579469486,0.04399869564172765,0.0,0.0,0.0,0.0,0.0,0.0,1.0,0.0,0.0,0.0,0.0,1.0,0.0,0.0,1.0,0.0,0.570428269969089,7.636750206178849,0.45464915722422145,0.5863072100828247,0.22359874542790895,0.047156205341350434,0.03261891619089335,0.0,0.0,88.0,12.264,12.264041023472194,18916.0,18916.0,18916.0,0.0,0.9855037718539197,1.0,0.41019005120110913,0.22560452816061005,0.17227982150446583,16.407602048044364,0.1697824139069711,464614.67981588177,auditable native service-response adapter: raw simulator wait/alighting/throughput are preserved and Freq-HRL lower/upper control diagnostics are mapped to service outcomes
afc,321,native_real_interval,supported_native_episode_loop,-2738.041,16.482,0.4152,19379.0,19379.0,19379.0,0.0,16.482048437311867,0.5062529919583277,1.0,0.9889349838488707,0.007087746698992045,0.0,0.0,0.0,0.0,0.0,0.0,1.0,0.0,0.0,0.0,0.0,1.0,0.0,0.0,1.0,0.0,1.0,0.0,1.0,0.0,0.0,0.0,0.0,0.0,0.0,88.0,16.482,16.482048437311867,19379.0,19379.0,19379.0,0.0,0.9889349838488707,0.0,0.0,0.0,0.0,0.0,0.0,481563.0675757813,
afc,321,native_real_freqhrl,supported_native_episode_loop,-2735.269,16.255815221308104,0.4152,19395.449802086685,19395.449802086685,19395.449802086685,0.0,16.309325515401692,0.5062529919583277,1.0,0.8181232438593036,0.007087746698992045,0.0,0.0,0.0,0.0,0.0,2.0,0.06666666666666667,16.0,0.0,2.0,0.0,1.0,0.0,0.0,1.0,0.0,0.5887568601397035,6.24538565871157,0.4430170223044589,0.6113748533320729,0.23226791936094346,-0.10927848008087804,0.023927193936661435,0.0,0.0,88.0,16.482,16.482048437311867,19379.0,19379.0,19379.0,0.0,0.9889349838488707,1.0,0.4112450521670796,0.22618477869189382,0.17272292191017344,16.449802086683185,0.1708117399895671,481979.43283719633,auditable native service-response adapter: raw simulator wait/alighting/throughput are preserved and Freq-HRL lower/upper control diagnostics are mapped to service outcomes
afc,331,native_real_interval,supported_native_episode_loop,-3737.368,32.533,0.4723,21274.0,21274.0,21274.0,0.0,32.532982357180906,0.5505092170550558,1.0,0.9699709954509238,0.019361047579414432,0.0,0.0,0.0,0.0,0.0,0.0,1.0,0.0,0.0,0.0,0.0,1.0,0.0,0.0,1.0,0.0,1.0,0.0,1.0,0.0,0.0,0.0,0.0,0.0,0.0,88.0,32.533,32.532982357180906,21274.0,21274.0,21274.0,0.0,0.9699709954509238,0.0,0.0,0.0,0.0,0.0,0.0,527770.0909088214,
afc,331,native_real_freqhrl,supported_native_episode_loop,-3335.832,32.30215233445056,0.4723,21290.78892113087,21290.78892113087,21290.78892113087,0.0,32.35669868530679,0.5505092170550558,1.0,0.7989809467614402,0.019361047579414432,0.0,0.0,0.0,0.0,0.0,0.0,1.0,2.0,0.0,0.0,0.0,1.0,0.0,0.0,1.0,0.0,0.5995076884258752,7.471282624466549,0.4265430397845528,0.6645917743787472,0.39810926862349166,-0.06308611105909749,0.0479842543964073,0.0,0.0,88.0,32.533,32.532982357180906,21274.0,21274.0,21274.0,0.0,0.9699709954509238,1.0,0.41972302827171276,0.23084766554944203,0.17628367187411936,16.78892113086851,0.1709900486894836,528593.7465555845,auditable native service-response adapter: raw simulator wait/alighting/throughput are preserved and Freq-HRL lower/upper control diagnostics are mapped to service outcomes
afc,341,native_real_interval,supported_native_episode_loop,-15035.37,41.205,0.5903,18206.0,18206.0,18206.0,0.0,41.20469350763484,0.4810807769008344,1.0,0.9892522752830916,0.01335279750747461,0.0,0.0,0.0,0.0,0.0,0.0,1.0,0.0,0.0,0.0,0.0,1.0,0.0,0.0,1.0,0.0,1.0,0.0,1.0,0.0,0.0,0.0,0.0,0.0,0.0,88.0,41.205,41.20469350763484,18206.0,18206.0,18206.0,0.0,0.9892522752830916,0.0,0.0,0.0,0.0,0.0,0.0,439680.7970532462,
afc,341,native_real_freqhrl,supported_native_episode_loop,-11585.492,40.96849047502454,0.5903,18223.200692725488,18223.200692725488,18223.200692725488,0.0,41.02408623401722,0.4810807769008344,1.0,0.8105861189241788,0.01335279750747461,0.0,0.0,0.0,0.0,0.0,0.0,1.0,0.0,0.0,0.0,0.0,1.0,0.0,0.0,1.0,0.0,0.652484356360246,8.978674853654827,0.3942613464218354,0.6167601243421621,0.6324610591219082,0.14297334965472303,0.11408168867744736,0.0,0.0,88.0,41.205,41.20469350763484,18206.0,18206.0,18206.0,0.0,0.9892522752830916,1.0,0.4300173181372057,0.23650952497546313,0.18060727361762638,17.200692725488228,0.17866615635891278,443563.14777026995,auditable native service-response adapter: raw simulator wait/alighting/throughput are preserved and Freq-HRL lower/upper control diagnostics are mapped to service outcomes
afc,351,native_real_interval,supported_native_episode_loop,-15645.939,23.65,0.4199,18673.0,18673.0,18673.0,0.0,23.649808993377246,0.46874028370238907,1.0,0.9881948719603587,0.08480205286316077,0.0,0.0,0.0,0.0,0.0,0.0,1.0,0.0,0.0,0.0,0.0,1.0,0.0,0.0,1.0,0.0,1.0,0.0,1.0,0.0,0.0,0.0,0.0,0.0,0.0,88.0,23.65,23.649808993377246,18673.0,18673.0,18673.0,0.0,0.9881948719603587,0.0,0.0,0.0,0.0,0.0,0.0,450929.8962955033,
afc,351,native_real_freqhrl,supported_native_episode_loop,-10783.321,23.431112608733702,0.4199,18688.919083001187,18688.919083001187,18688.919083001187,0.0,23.482658621864804,0.46874028370238907,1.0,0.8230177319854937,0.08480205286316077,0.0,0.0,0.0,0.0,0.0,0.0,1.0,0.0,0.0,0.0,0.0,1.0,0.0,0.0,1.0,0.0,0.6276966883636583,9.38736173274794,0.4543842058760684,0.5784897362441916,0.3394281520614745,0.07332378397747143,0.05500068974146955,0.0,0.0,88.0,23.65,23.649808993377246,18673.0,18673.0,18673.0,0.0,0.9881948719603587,1.0,0.3979770750296264,0.21888739126629456,0.16715037151244308,15.919083001185058,0.16517713997486508,456192.7638196314,auditable native service-response adapter: raw simulator wait/alighting/throughput are preserved and Freq-HRL lower/upper control diagnostics are mapped to service outcomes
afc,361,native_real_interval,supported_native_episode_loop,-4355.131,17.624,0.5886,19767.0,19767.0,19767.0,0.0,17.623965869040994,0.5070187263971787,1.0,0.9542347410672017,0.018975223099794325,0.0,0.0,0.0,0.0,0.0,0.0,1.0,0.0,0.0,0.0,0.0,1.0,0.0,0.0,1.0,0.0,1.0,0.0,1.0,0.0,0.0,0.0,0.0,0.0,0.0,88.0,17.624,17.623965869040994,19767.0,19767.0,19767.0,0.0,0.9542347410672017,0.0,0.0,0.0,0.0,0.0,0.0,489633.6398170655,
afc,361,native_real_freqhrl,supported_native_episode_loop,-3644.465,17.40272204477634,0.5886,19783.092942198084,19783.092942198084,19783.092942198084,0.0,17.45498997596111,0.5070187263971787,1.0,0.7929920734875191,0.018975223099794325,0.0,0.0,0.0,0.0,0.0,0.0,1.0,7.0,0.0,0.0,0.0,1.0,0.0,0.0,1.0,0.0,0.6056887560630304,10.210059776019158,0.4558463904379465,0.6120523414228204,0.3030853987910038,-0.10260240520911987,0.050985813814101826,0.0,0.0,88.0,17.624,17.623965869040994,19767.0,19767.0,19767.0,0.0,0.9542347410672017,1.0,0.40232355495210576,0.22127795522365817,0.16897589307988442,16.09294219808423,0.16124266757968267,490748.9266395164,auditable native service-response adapter: raw simulator wait/alighting/throughput are preserved and Freq-HRL lower/upper control diagnostics are mapped to service outcomes
afc,371,native_real_interval,supported_native_episode_loop,-2606.873,15.427,0.4675,21450.0,21450.0,21450.0,0.0,15.426604506604507,0.5514915545575829,1.0,0.9943111442444175,0.057039550953295964,0.0,0.0,0.0,0.0,0.0,0.0,1.0,0.0,0.0,0.0,0.0,1.0,0.0,0.0,1.0,0.0,1.0,0.0,1.0,0.0,0.0,0.0,0.0,0.0,0.0,88.0,15.427,15.426604506604507,21450.0,21450.0,21450.0,0.0,0.9943111442444175,0.0,0.0,0.0,0.0,0.0,0.0,533480.2086977467,
afc,371,native_real_freqhrl,supported_native_episode_loop,-2605.896,15.196227686390323,0.4675,21466.783440989795,21466.783440989795,21466.783440989795,0.0,15.250378376211662,0.5514915545575829,1.0,0.8190875388877426,0.057039550953295964,0.0,0.0,0.0,0.0,0.0,0.0,1.0,6.0,6.0,0.0,0.0,1.0,0.0,0.0,1.0,0.0,0.6062582258542095,7.458366234937564,0.42275013369538805,0.6650917989383093,0.2959730723460126,-0.05557080469067999,0.041864625610093874,0.0,0.0,88.0,15.427,15.426604506604507,21450.0,21450.0,21450.0,0.0,0.9943111442444175,1.0,0.4195860247448674,0.2307723136096771,0.1762261303928443,16.783440989794695,0.17522360535667492,533903.1675586929,auditable native service-response adapter: raw simulator wait/alighting/throughput are preserved and Freq-HRL lower/upper control diagnostics are mapped to service outcomes
afc,381,native_real_interval,supported_native_episode_loop,-20335.944,54.957,0.5553,22035.0,22035.0,22035.0,0.0,54.95678995537403,0.5922763735397049,1.0,0.9860278159571016,0.018070098780491477,0.0,0.0,0.0,0.0,0.0,0.0,1.0,0.0,0.0,0.0,0.0,1.0,0.0,0.0,1.0,0.0,1.0,0.0,1.0,0.0,0.0,0.0,0.0,0.0,0.0,88.0,54.957,54.95678995537403,22035.0,22035.0,22035.0,0.0,0.9860278159571016,0.0,0.0,0.0,0.0,0.0,0.0,529960.8970050223,
afc,381,native_real_freqhrl,supported_native_episode_loop,-13885.636,54.717718525727534,0.5553,22052.402289037997,22052.402289037997,22052.402289037997,0.0,54.77406592047505,0.5922763735397049,1.0,0.805856834902797,0.018070098780491477,0.0,0.0,0.0,0.0,0.0,0.0,1.0,0.0,0.0,0.0,0.0,1.0,0.0,0.0,1.0,0.0,0.5998570049972449,5.733498581336884,0.3993591397552423,0.7039069110404159,0.5379830745478359,-0.2330000016955959,0.05336004645294755,0.0,0.0,88.0,54.957,54.95678995537403,22035.0,22035.0,22035.0,0.0,0.9860278159571016,1.0,0.4350572259499384,0.23928147427246613,0.18272403489897412,17.402289037997537,0.18017098105430468,536848.7464077325,auditable native service-response adapter: raw simulator wait/alighting/throughput are preserved and Freq-HRL lower/upper control diagnostics are mapped to service outcomes
afc,391,native_real_interval,supported_native_episode_loop,-15513.1,38.349,0.7226,21555.0,21555.0,21555.0,0.0,38.34861903657311,0.5544832831555448,1.0,0.9858763900174728,0.04204881940870571,0.0,0.0,0.0,0.0,0.0,0.0,1.0,0.0,0.0,0.0,0.0,1.0,0.0,0.0,1.0,0.0,1.0,0.0,1.0,0.0,0.0,0.0,0.0,0.0,0.0,88.0,38.349,38.34861903657311,21555.0,21555.0,21555.0,0.0,0.9858763900174728,0.0,0.0,0.0,0.0,0.0,0.0,522957.7904904817,
afc,391,native_real_freqhrl,supported_native_episode_loop,-9719.112,38.11359371197474,0.7226,21572.120457310928,21572.120457310928,21572.120457310928,0.0,38.16885423480837,0.5544832831555448,1.0,0.8086505162014408,0.04204881940870571,0.0,0.0,0.0,0.0,0.0,0.0,1.0,0.0,0.0,0.0,0.0,1.0,0.0,0.0,1.0,0.0,0.5771271647436076,8.1611767604703,0.42094886594227626,0.6866742465507415,0.4522797039955126,0.027681756775802126,0.043601145455462995,0.0,0.0,88.0,38.349,38.34861903657311,21555.0,21555.0,21555.0,0.0,0.9858763900174728,1.0,0.4280114327731992,0.23540628802525956,0.17976480176474366,17.120457310927968,0.1772258738160321,529182.2338685361,auditable native service-response adapter: raw simulator wait/alighting/throughput are preserved and Freq-HRL lower/upper control diagnostics are mapped to service outcomes
afc,401,native_real_interval,supported_native_episode_loop,-2735.619,37.224,0.413,17709.0,17709.0,17709.0,0.0,37.22411768027556,0.4591912167714871,1.0,0.9607776286837695,0.03754906415041874,0.0,0.0,0.0,0.0,0.0,0.0,1.0,0.0,0.0,0.0,0.0,1.0,0.0,0.0,1.0,0.0,1.0,0.0,1.0,0.0,0.0,0.0,0.0,0.0,0.0,88.0,37.224,37.22411768027556,17709.0,17709.0,17709.0,0.0,0.9607776286837695,0.0,0.0,0.0,0.0,0.0,0.0,439597.70294115983,
afc,401,native_real_freqhrl,supported_native_episode_loop,-2724.299,37.00746504285554,0.413,17724.82072415596,17724.82072415596,17724.82072415596,0.0,37.05844053064442,0.4591860604854165,1.0,0.8012296326365416,0.037507312381142875,0.0,0.0,0.0,0.0,0.0,0.0,1.0,6.0,0.0,0.0,0.0,1.0,0.0,0.0,1.0,0.0,0.6492522311151385,10.842614474912994,0.456604298902901,0.6400150149003476,0.6423273274658231,-0.06869257262026242,0.10244029799311599,0.0,0.0,88.0,37.225,37.224558134282006,17709.0,17709.0,17709.0,0.0,0.9608424834625242,1.0,0.3955181038990175,0.21753495714445964,0.16611760363758735,15.820724155960699,0.15961285082598267,440006.78923320514,auditable native service-response adapter: raw simulator wait/alighting/throughput are preserved and Freq-HRL lower/upper control diagnostics are mapped to service outcomes
afc,411,native_real_interval,supported_native_episode_loop,-20774.754,41.462,0.5544,20663.0,20663.0,20663.0,0.0,41.46165852006001,0.5442616775369964,1.0,0.9861647861690893,0.012241665034706327,0.0,0.0,0.0,0.0,0.0,0.0,1.0,0.0,0.0,0.0,0.0,1.0,0.0,0.0,1.0,0.0,1.0,0.0,1.0,0.0,0.0,0.0,0.0,0.0,0.0,88.0,41.462,41.46165852006001,20663.0,20663.0,20663.0,0.0,0.9861647861690893,0.0,0.0,0.0,0.0,0.0,0.0,495363.78637074,
afc,411,native_real_freqhrl,supported_native_episode_loop,-14385.856,41.225194150257444,0.5544,20680.22224361764,20680.22224361764,20680.22224361764,0.0,41.28082496207478,0.5442616775369964,1.0,0.8078330991263916,0.012241665034706327,0.0,0.0,0.0,0.0,0.0,0.0,1.0,0.0,0.0,0.0,0.0,1.0,0.0,0.0,1.0,0.0,0.6084984690646693,10.424720131073592,0.41203603741398664,0.6455223881764643,0.6006865662647717,-0.08715709868467537,0.10629175182718208,0.0,0.0,88.0,41.462,41.46165852006001,20663.0,20663.0,20663.0,0.0,0.9861647861690893,1.0,0.43055609044101845,0.23680584974256016,0.18083355798522774,17.22224361764074,0.17833168704269772,502185.69893645745,auditable native service-response adapter: raw simulator wait/alighting/throughput are preserved and Freq-HRL lower/upper control diagnostics are mapped to service outcomes
afc,421,native_real_interval,supported_native_episode_loop,-4243.122,12.212,0.6366,18233.0,18233.0,18233.0,0.0,12.211759812793652,0.4733603884395828,1.0,0.9614722269167053,0.02207979474638317,0.0,0.0,0.0,0.0,0.0,0.0,1.0,0.0,0.0,0.0,0.0,1.0,0.0,0.0,1.0,0.0,1.0,0.0,1.0,0.0,0.0,0.0,0.0,0.0,0.0,88.0,12.212,12.211759812793652,18233.0,18233.0,18233.0,0.0,0.9614722269167053,0.0,0.0,0.0,0.0,0.0,0.0,451452.3789200936,
afc,421,native_real_freqhrl,supported_native_episode_loop,-3499.318,11.999508337453854,0.6366,18248.453939094266,18248.453939094266,18248.453939094266,0.0,12.049493452303867,0.4733603884395828,1.0,0.8054576279429241,0.02207979474638317,0.0,0.0,0.0,0.0,0.0,4.0,0.06956521718849082,9.0,0.0,4.0,0.0,1.0,0.0,0.0,1.0,0.0,0.6302081475620959,9.096383320103401,0.472708142673491,0.5640573155325956,0.23407239756556747,-0.08178434820375935,0.04445705962939237,0.0,0.0,88.0,12.212,12.211759812793652,18233.0,18233.0,18233.0,0.0,0.9614722269167053,1.0,0.3863484773566279,0.21249166254614538,0.1622663604897837,15.453939094265117,0.15601459897378123,452584.737447256,auditable native service-response adapter: raw simulator wait/alighting/throughput are preserved and Freq-HRL lower/upper control diagnostics are mapped to service outcomes
afc,431,native_real_interval,supported_native_episode_loop,-10076.41,15.132,0.4114,19940.0,19940.0,19940.0,0.0,15.131540454697426,0.530114385539384,1.0,0.982701118019203,0.03458395142217427,0.0,0.0,0.0,0.0,0.0,0.0,1.0,0.0,0.0,0.0,0.0,1.0,0.0,0.0,1.0,0.0,1.0,0.0,1.0,0.0,0.0,0.0,0.0,0.0,0.0,88.0,15.132,15.131540454697426,19940.0,19940.0,19940.0,0.0,0.982701118019203,0.0,0.0,0.0,0.0,0.0,0.0,488263.88142977265,
afc,431,native_real_freqhrl,supported_native_episode_loop,-7980.092,14.888879356637615,0.4114,19957.681501335446,19957.681501335446,19957.681501335446,0.0,14.945884690675241,0.530114385539384,1.0,0.8002569911478923,0.03458395142217427,0.0,0.0,0.0,0.0,0.0,0.0,1.0,0.0,0.0,0.0,0.0,1.0,0.0,0.0,1.0,0.0,0.6095352593244399,7.5437685156353815,0.37915778904462555,0.6337221888909301,0.26857486438012884,0.041456310150745,0.033807225049247325,0.0,0.0,88.0,15.132,15.131540454697426,19940.0,19940.0,19940.0,0.0,0.982701118019203,1.0,0.4420375333861551,0.2431206433623853,0.18565576402218514,17.681501335446203,0.18244412687131067,490804.7609974744,auditable native service-response adapter: raw simulator wait/alighting/throughput are preserved and Freq-HRL lower/upper control diagnostics are mapped to service outcomes
afc,441,native_real_interval,supported_native_episode_loop,-20109.619,55.635,0.4809,24232.0,24232.0,24232.0,0.0,55.634819659953784,0.6379904924866733,1.0,0.9860239881058771,0.011836191501844342,0.0,0.0,0.0,0.0,0.0,0.0,1.0,0.0,0.0,0.0,0.0,1.0,0.0,0.0,1.0,0.0,1.0,0.0,1.0,0.0,0.0,0.0,0.0,0.0,0.0,88.0,55.635,55.634819659953784,24232.0,24232.0,24232.0,0.0,0.9860239881058771,0.0,0.0,0.0,0.0,0.0,0.0,585105.25179017,
afc,441,native_real_freqhrl,supported_native_episode_loop,-13993.053,55.39380881036489,0.4809,24249.541177428007,24249.541177428007,24249.541177428007,0.0,55.4506372969597,0.6379904924866733,1.0,0.804415760007684,0.011836191501844342,0.0,0.0,0.0,0.0,0.0,0.0,1.0,0.0,0.0,0.0,0.0,1.0,0.0,0.0,1.0,0.0,0.6120804207983167,5.273083732124774,0.3877370363067771,0.7446414600266082,0.5384745761081868,-0.3312515208612693,0.054913267068704266,0.0,0.0,88.0,55.635,55.634819659953784,24232.0,24232.0,24232.0,0.0,0.9860239881058771,1.0,0.4385294357002051,0.24119118963511282,0.18418236299408614,17.541177428008204,0.18160822809819313,591662.851228948,auditable native service-response adapter: raw simulator wait/alighting/throughput are preserved and Freq-HRL lower/upper control diagnostics are mapped to service outcomes
afc,451,native_real_interval,supported_native_episode_loop,-2759.322,29.881,0.5013,20851.0,20851.0,20851.0,0.0,29.880851437980592,0.5369412678390509,1.0,0.9942475308213069,0.02484761667344841,0.0,0.0,0.0,0.0,0.0,0.0,1.0,0.0,0.0,0.0,0.0,1.0,0.0,0.0,1.0,0.0,1.0,0.0,1.0,0.0,0.0,0.0,0.0,0.0,0.0,88.0,29.881,29.880851437980592,20851.0,20851.0,20851.0,0.0,0.9942475308213069,0.0,0.0,0.0,0.0,0.0,0.0,518200.924974281,
afc,451,native_real_freqhrl,supported_native_episode_loop,-2758.992,29.65027758808649,0.5013,20867.779811775526,20867.779811775526,20867.779811775526,0.0,29.704663414337546,0.5369412678390509,1.0,0.8190730233539226,0.02484761667344841,0.0,0.0,0.0,0.0,0.0,0.0,1.0,7.0,0.0,0.0,0.0,1.0,0.0,0.0,1.0,0.0,0.5893106242424732,8.705074364887885,0.4309178672846946,0.6460800968784188,0.3793932035705527,-0.10639642735004953,0.043746028061766216,0.0,0.0,88.0,29.881,29.880851437980592,20851.0,20851.0,20851.0,0.0,0.9942475308213069,1.0,0.4194952943882042,0.23072241191351234,0.17618802364304575,16.779811775528167,0.17517450746738428,518623.1455868001,auditable native service-response adapter: raw simulator wait/alighting/throughput are preserved and Freq-HRL lower/upper control diagnostics are mapped to service outcomes
afc,461,native_real_interval,supported_native_episode_loop,-17412.012,39.384,0.5175,17388.0,17388.0,17388.0,0.0,39.38437332259796,0.4430343283065845,1.0,0.988405612027994,0.04465600087455211,0.0,0.0,0.0,0.0,0.0,0.0,1.0,0.0,0.0,0.0,0.0,1.0,0.0,0.0,1.0,0.0,1.0,0.0,1.0,0.0,0.0,0.0,0.0,0.0,0.0,88.0,39.384,39.38437332259796,17388.0,17388.0,17388.0,0.0,0.988405612027994,0.0,0.0,0.0,0.0,0.0,0.0,416873.4208133387,
afc,461,native_real_freqhrl,supported_native_episode_loop,-12983.286,39.161440534425736,0.5175,17404.186142950857,17404.186142950857,17404.186142950857,0.0,39.214418821613975,0.4430343283065845,1.0,0.8204216294660087,0.04465600087455211,0.0,0.0,0.0,0.0,0.0,0.0,1.0,0.0,0.0,0.0,0.0,1.0,0.0,0.0,1.0,0.0,0.6707715449741194,8.679136916683955,0.4326861248214636,0.6109335576039187,0.5664928513504659,0.06590510882729785,0.11798661333395774,0.0,0.0,88.0,39.384,39.38437332259796,17388.0,17388.0,17388.0,0.0,0.988405612027994,1.0,0.4046535737713865,0.2225594655742626,0.16995450098398232,16.18614295085546,0.16798398256198535,421709.11095901637,auditable native service-response adapter: raw simulator wait/alighting/throughput are preserved and Freq-HRL lower/upper control diagnostics are mapped to service outcomes
afc,471,native_real_interval,supported_native_episode_loop,-19632.37,36.604,0.3782,20280.0,20280.0,20280.0,0.0,36.603837935568706,0.5377365725909142,1.0,0.9859820873857065,0.010162195474523267,0.0,0.0,0.0,0.0,0.0,0.0,1.0,0.0,0.0,0.0,0.0,1.0,0.0,0.0,1.0,0.0,1.0,0.0,1.0,0.0,0.0,0.0,0.0,0.0,0.0,88.0,36.604,36.603837935568706,20280.0,20280.0,20280.0,0.0,0.9859820873857065,0.0,0.0,0.0,0.0,0.0,0.0,486982.5316810322,
afc,471,native_real_freqhrl,supported_native_episode_loop,-13974.446,36.375481641673886,0.3782,20296.61951696917,20296.61951696917,20296.61951696917,0.0,36.4293330073924,0.5377365725909142,1.0,0.8139233540433404,0.010162195474523267,0.0,0.0,0.0,0.0,0.0,0.0,1.0,0.0,0.0,0.0,0.0,1.0,0.0,0.0,1.0,0.0,0.6436136899765763,10.058068797794919,0.41938147907468026,0.6443181817673824,0.5628551133691375,-0.05645577412101168,0.08058468816589882,0.0,0.0,88.0,36.604,36.603837935568706,20280.0,20280.0,20280.0,0.0,0.9859820873857065,1.0,0.4154879242292979,0.22851835832611386,0.1745049281763051,16.61951696917192,0.1720587333423661,493058.31604130886,auditable native service-response adapter: raw simulator wait/alighting/throughput are preserved and Freq-HRL lower/upper control diagnostics are mapped to service outcomes
afc,481,native_real_interval,supported_native_episode_loop,-4517.188,9.875,0.5358,18747.0,18747.0,18747.0,0.0,9.874576376664711,0.491149591449834,1.0,0.9579324210632453,0.020086649897331978,0.0,0.0,0.0,0.0,0.0,0.0,1.0,0.0,0.0,0.0,0.0,1.0,0.0,0.0,1.0,0.0,1.0,0.0,1.0,0.0,0.0,0.0,0.0,0.0,0.0,88.0,9.875,9.874576376664711,18747.0,18747.0,18747.0,0.0,0.9579324210632453,0.0,0.0,0.0,0.0,0.0,0.0,464053.0531118117,
afc,481,native_real_freqhrl,supported_native_episode_loop,-3806.242,9.650893700756418,0.5358,18763.298639944987,18763.298639944987,18763.298639944987,0.0,9.70344065724234,0.491149591449834,1.0,0.7939959670265723,0.020086649897331978,0.0,0.0,0.0,0.0,0.0,1.0,0.06666666666666667,6.0,0.0,1.0,0.0,1.0,0.0,0.0,1.0,0.0,0.5841536119435646,9.441568614852299,0.45494866304856707,0.5732890858196799,0.22439527992642647,-0.08516601780765164,0.04258475756912216,0.0,0.0,88.0,9.875,9.874576376664711,18747.0,18747.0,18747.0,0.0,0.9579324210632453,1.0,0.4074659986246952,0.22410629924358236,0.17113571942237196,16.29863994498781,0.16393645403667303,465173.7917412885,auditable native service-response adapter: raw simulator wait/alighting/throughput are preserved and Freq-HRL lower/upper control diagnostics are mapped to service outcomes
afc,491,native_real_interval,supported_native_episode_loop,-14916.644,10.465,0.6571,18706.0,18706.0,18706.0,0.0,10.46521793363983,0.5036325749825141,1.0,0.9853943640210119,0.03375665274725415,0.0,0.0,0.0,0.0,0.0,0.0,1.0,0.0,0.0,0.0,0.0,1.0,0.0,0.0,1.0,0.0,1.0,0.0,1.0,0.0,0.0,0.0,0.0,0.0,0.0,88.0,10.465,10.46521793363983,18706.0,18706.0,18706.0,0.0,0.9853943640210119,0.0,0.0,0.0,0.0,0.0,0.0,452622.15919103316,
afc,491,native_real_freqhrl,supported_native_episode_loop,-10996.642,10.226716253153176,0.6571,18723.329727043405,18723.329727043405,18723.329727043405,0.0,10.283255799684072,0.5036325749825141,1.0,0.8060899027557732,0.03375665274725415,0.0,0.0,0.0,0.0,0.0,0.0,1.0,0.0,0.0,0.0,0.0,1.0,0.0,0.0,1.0,0.0,0.6185436694745514,5.39646803287952,0.3888500937433272,0.5986129227511157,0.19882631839363973,0.04181360896055989,0.01996165728687968,0.0,0.0,88.0,10.465,10.46521793363983,18706.0,18706.0,18706.0,0.0,0.9853943640210119,1.0,0.43324317608513413,0.2382837468468238,0.18196213395575633,17.329727043405367,0.1793044612652387,456977.87818565377,auditable native service-response adapter: raw simulator wait/alighting/throughput are preserved and Freq-HRL lower/upper control diagnostics are mapped to service outcomes
afc,501,native_real_interval,supported_native_episode_loop,-3012.114,18.564,0.4516,20319.0,20319.0,20319.0,0.0,18.563814656233085,0.5249824786275314,1.0,0.9433371912437026,0.03494363664887127,0.0,0.0,0.0,0.0,0.0,0.0,1.0,0.0,0.0,0.0,0.0,1.0,0.0,0.0,1.0,0.0,1.0,0.0,1.0,0.0,0.0,0.0,0.0,0.0,0.0,88.0,18.564,18.563814656233085,20319.0,20319.0,20319.0,0.0,0.9433371912437026,0.0,0.0,0.0,0.0,0.0,0.0,504767.06089267187,
afc,501,native_real_freqhrl,supported_native_episode_loop,-2856.284,18.334974793122154,0.4516,20335.656378682026,20335.656378682026,20335.656378682026,0.0,18.388922680071822,0.5249824786275314,1.0,0.7783550856806758,0.03494363664887127,0.0,0.0,0.0,0.0,0.0,1.0,0.085714288633697,2.0,0.0,1.0,0.0,1.0,0.0,0.0,1.0,0.0,0.5968292003991306,9.202503465173889,0.4318839606919818,0.643765312740201,0.2808123783554899,-0.08417207175934223,0.03603366321142788,0.0,0.0,88.0,18.564,18.563814656233085,20319.0,20319.0,20319.0,0.0,0.9433371912437026,1.0,0.41640946705062737,0.22902520687784508,0.17489197616126348,16.656378682025096,0.1649821055630269,505341.6780577794,auditable native service-response adapter: raw simulator wait/alighting/throughput are preserved and Freq-HRL lower/upper control diagnostics are mapped to service outcomes
apc,31,native_real_interval,supported_native_episode_loop,-8000.057,25.624,0.5708,15905.0,15905.0,15905.0,0.0,25.624075238394635,0.4076933376685229,1.0,0.9849328341731661,0.029422789392529212,0.0,0.0,0.0,0.0,0.0,0.0,1.0,0.0,0.0,0.0,0.0,1.0,0.0,0.0,1.0,0.0,1.0,0.0,1.0,0.0,0.0,0.0,0.0,0.0,0.0,88.0,25.624,25.624075238394635,15905.0,15905.0,15905.0,0.0,0.9849328341731661,0.0,0.0,0.0,0.0,0.0,0.0,389354.7493623808,
apc,31,native_real_freqhrl,supported_native_episode_loop,-6065.227,25.42346255636694,0.5708,15919.584541355132,15919.584541355132,15919.584541355132,0.0,25.470937554165754,0.4076933376685229,1.0,0.8341025008268992,0.029422789392529212,0.0,0.0,0.0,0.0,0.0,0.0,1.0,0.0,0.0,0.0,0.0,1.0,0.0,0.0,1.0,0.0,0.6879430189858747,9.144280492876412,0.49360855451574187,0.5934330587210545,0.513388182162659,-0.05256151081349843,0.09238849838187539,0.0,0.0,88.0,25.624,25.624075238394635,15905.0,15905.0,15905.0,0.0,0.9849328341731661,1.0,0.3646135338782875,0.20053744363305814,0.15313768422888074,14.584541355131499,0.1508303333462669,391656.27483953757,auditable native service-response adapter: raw simulator wait/alighting/throughput are preserved and Freq-HRL lower/upper control diagnostics are mapped to service outcomes
apc,41,native_real_interval,supported_native_episode_loop,-11573.95,11.817,0.4982,18384.0,18384.0,18384.0,0.0,11.816914164490862,0.5019498347061502,1.0,0.9872437841700362,0.014088491607197206,0.0,0.0,0.0,0.0,0.0,0.0,1.0,0.0,0.0,0.0,0.0,1.0,0.0,0.0,1.0,0.0,1.0,0.0,1.0,0.0,0.0,0.0,0.0,0.0,0.0,88.0,11.817,11.816914164490862,18384.0,18384.0,18384.0,0.0,0.9872437841700362,0.0,0.0,0.0,0.0,0.0,0.0,447900.97514291777,
apc,41,native_real_freqhrl,supported_native_episode_loop,-8854.237,11.565700698667985,0.4982,18402.276312824146,18402.276312824146,18402.276312824146,0.0,11.625012879837325,0.5019498347061502,1.0,0.7977904337215856,0.014088491607197206,0.0,0.0,0.0,0.0,0.0,0.0,1.0,0.0,0.0,0.0,0.0,1.0,0.0,0.0,1.0,0.0,0.5765010703551546,6.339733953550402,0.3661639266996673,0.6061298705298792,0.2000649348336768,0.0765937577450781,0.027694261454497524,0.0,0.0,88.0,11.817,11.816914164490862,18384.0,18384.0,18384.0,0.0,0.9872437841700362,1.0,0.456907820603663,0.25129930133201467,0.19190128465353845,18.27631282414652,0.1894533504484506,451080.204907177,auditable native service-response adapter: raw simulator wait/alighting/throughput are preserved and Freq-HRL lower/upper control diagnostics are mapped to service outcomes
apc,51,native_real_interval,supported_native_episode_loop,-20934.788,44.906,0.7386,21514.0,21514.0,21514.0,0.0,44.90566142976666,0.5647881759098546,1.0,0.9861698596685153,0.027727364407429806,0.0,0.0,0.0,0.0,0.0,0.0,1.0,0.0,0.0,0.0,0.0,1.0,0.0,0.0,1.0,0.0,1.0,0.0,1.0,0.0,0.0,0.0,0.0,0.0,0.0,88.0,44.906,44.90566142976666,21514.0,21514.0,21514.0,0.0,0.9861698596685153,0.0,0.0,0.0,0.0,0.0,0.0,516442.2219692851,
apc,51,native_real_freqhrl,supported_native_episode_loop,-13771.368,44.663497209566614,0.7386,21531.636566576974,21531.636566576974,21531.636566576974,0.0,44.72047748070844,0.5647881759098546,1.0,0.8035470306129057,0.027727364407429806,0.0,0.0,0.0,0.0,0.0,0.0,1.0,0.0,0.0,0.0,0.0,1.0,0.0,0.0,1.0,0.0,0.56,15.722408213623272,0.41987685308309114,0.6213432836638235,0.5942835820227195,-0.12406747980736571,0.1353878128004764,0.0,0.0,88.0,44.906,44.90566142976666,21514.0,21514.0,21514.0,0.0,0.9861698596685153,1.0,0.4409141644243415,0.24250279043338785,0.1851839490582234,17.63656657697366,0.18262282905560967,524049.07375358825,auditable native service-response adapter: raw simulator wait/alighting/throughput are preserved and Freq-HRL lower/upper control diagnostics are mapped to service outcomes
apc,61,native_real_interval,supported_native_episode_loop,-4905.983,12.424,0.4428,16289.0,16289.0,16289.0,0.0,12.42401620725643,0.4390645435079731,1.0,0.951358232906422,0.02317716910556771,0.0,0.0,0.0,0.0,0.0,0.0,1.0,0.0,0.0,0.0,0.0,1.0,0.0,0.0,1.0,0.0,1.0,0.0,1.0,0.0,0.0,0.0,0.0,0.0,0.0,88.0,12.424,12.42401620725643,16289.0,16289.0,16289.0,0.0,0.951358232906422,0.0,0.0,0.0,0.0,0.0,0.0,402187.67939189635,
apc,61,native_real_freqhrl,supported_native_episode_loop,-3961.428,12.208092694724453,0.4428,16304.702349474584,16304.702349474584,16304.702349474584,0.0,12.259141537773285,0.4390645435079731,1.0,0.7945033586959065,0.02317716910556771,0.0,0.0,0.0,0.0,0.0,0.0,1.0,0.0,0.0,0.0,0.0,1.0,0.0,0.0,1.0,0.0,0.604139640088069,9.593669891829794,0.47437571362765113,0.5441041348179714,0.24102603354894914,-0.07863850942164431,0.051431878649792824,0.0,0.0,88.0,12.424,12.42401620725643,16289.0,16289.0,16289.0,0.0,0.951358232906422,1.0,0.3925587368646315,0.21590730527554733,0.16487466948314522,15.70234947458526,0.15685487421051542,403527.03463914845,auditable native service-response adapter: raw simulator wait/alighting/throughput are preserved and Freq-HRL lower/upper control diagnostics are mapped to service outcomes
apc,71,native_real_interval,supported_native_episode_loop,-3056.455,21.507,0.5562,20752.0,20752.0,20752.0,0.0,21.507341461063994,0.5358727496609424,1.0,0.9445621720689715,0.016284391922034062,0.0,0.0,0.0,0.0,0.0,0.0,1.0,0.0,0.0,0.0,0.0,1.0,0.0,0.0,1.0,0.0,1.0,0.0,1.0,0.0,0.0,0.0,0.0,0.0,0.0,88.0,21.507,21.507341461063994,20752.0,20752.0,20752.0,0.0,0.9445621720689715,0.0,0.0,0.0,0.0,0.0,0.0,515516.6089292695,
apc,71,native_real_freqhrl,supported_native_episode_loop,-2918.326,21.27309257254265,0.5562,20769.011449269627,20769.011449269627,20769.011449269627,0.0,21.328721243732925,0.5358727496609424,1.0,0.7758442716113064,0.016284391922034062,0.0,0.0,0.0,0.0,0.0,0.0,1.0,10.0,1.0,0.0,0.0,1.0,0.0,0.0,1.0,0.0,0.5735111019566375,7.391664060247769,0.42481650058626963,0.6511960675169834,0.29998907675953396,-0.09171186278344708,0.02643522916851631,0.0,0.0,88.0,21.507,21.507341461063994,20752.0,20752.0,20752.0,0.0,0.9445621720689715,1.0,0.4252862317406375,0.23390742745735066,0.17862021733106775,17.0114492696255,0.1687179004576651,516082.4525453934,auditable native service-response adapter: raw simulator wait/alighting/throughput are preserved and Freq-HRL lower/upper control diagnostics are mapped to service outcomes
apc,81,native_real_interval,supported_native_episode_loop,-10882.77,32.158,0.4966,14631.0,14631.0,14631.0,0.0,32.15805253685098,0.3953673483910725,1.0,0.9889393175063874,0.025168982934562913,0.0,0.0,0.0,0.0,0.0,0.0,1.0,0.0,0.0,0.0,0.0,1.0,0.0,0.0,1.0,0.0,1.0,0.0,1.0,0.0,0.0,0.0,0.0,0.0,0.0,88.0,32.158,32.15805253685098,14631.0,14631.0,14631.0,0.0,0.9889393175063874,0.0,0.0,0.0,0.0,0.0,0.0,354553.57777373155,
apc,81,native_real_freqhrl,supported_native_episode_loop,-9306.71,31.927206492608097,0.4966,14647.784982355775,14647.784982355775,14647.784982355775,0.0,31.981810222115346,0.3953673483910725,1.0,0.8146463630559809,0.025168982934562913,0.0,0.0,0.0,0.0,0.0,0.0,1.0,0.0,0.0,0.0,0.0,1.0,0.0,0.0,1.0,0.0,0.6940825629532575,10.230376831037004,0.3949114848211235,0.6193609297080757,0.5827596219190239,0.12255930054381445,0.11824590039206152,0.0,0.0,88.0,32.158,32.15805253685098,14631.0,14631.0,14631.0,0.0,0.9889393175063874,1.0,0.4196245588943731,0.23079350739190524,0.1762423147356367,16.784982355774925,0.1742929544504065,356551.6583888572,auditable native service-response adapter: raw simulator wait/alighting/throughput are preserved and Freq-HRL lower/upper control diagnostics are mapped to service outcomes
apc,91,native_real_interval,supported_native_episode_loop,-16941.386,12.084,0.6343,19661.0,19661.0,19661.0,0.0,12.083611379550039,0.5046884743563078,1.0,0.9879524878412157,0.01132057906765095,0.0,0.0,0.0,0.0,0.0,0.0,1.0,0.0,0.0,0.0,0.0,1.0,0.0,0.0,1.0,0.0,1.0,0.0,1.0,0.0,0.0,0.0,0.0,0.0,0.0,88.0,12.084,12.083611379550039,19661.0,19661.0,19661.0,0.0,0.9879524878412157,0.0,0.0,0.0,0.0,0.0,0.0,474455.4635943102,
apc,91,native_real_freqhrl,supported_native_episode_loop,-11013.816,11.851856153419753,0.6343,19677.8831888422,19677.8831888422,19677.8831888422,0.0,11.90633789670694,0.5046884743563078,1.0,0.8128147094381001,0.01132057906765095,0.0,0.0,0.0,0.0,0.0,0.0,1.0,0.0,0.0,0.0,0.0,1.0,0.0,0.0,1.0,0.0,0.5885196654056729,8.703337391558355,0.42489848117606466,0.6305732485421017,0.21048832230496642,-0.010636953670165376,0.03318630917998567,0.0,0.0,88.0,12.084,12.083611379550039,19661.0,19661.0,19661.0,0.0,0.9879524878412157,1.0,0.42207972105499497,0.23214384658024725,0.17727348284309788,16.8831888421998,0.17513777840311562,480807.52339057246,auditable native service-response adapter: raw simulator wait/alighting/throughput are preserved and Freq-HRL lower/upper control diagnostics are mapped to service outcomes
apc,101,native_real_interval,supported_native_episode_loop,-20130.158,85.1,0.5224,22830.0,22830.0,22830.0,0.0,85.09989122499636,0.6182667899947485,1.0,0.9861577638291233,0.06682957173828458,0.0,0.0,0.0,0.0,0.0,0.0,1.0,0.0,0.0,0.0,0.0,1.0,0.0,0.0,1.0,0.0,1.0,0.0,1.0,0.0,0.0,0.0,0.0,0.0,0.0,88.0,85.1,85.09989122499636,22830.0,22830.0,22830.0,0.0,0.9861577638291233,0.0,0.0,0.0,0.0,0.0,0.0,549725.2472543875,
apc,101,native_real_freqhrl,supported_native_episode_loop,-13102.506,84.85388294659285,0.5224,22847.899422065973,22847.899422065973,22847.899422065973,0.0,84.91194729330363,0.6182667899947485,1.0,0.8008153964257698,0.06682957173828458,0.0,0.0,0.0,0.0,0.0,0.0,1.0,0.0,0.0,0.0,0.0,1.0,0.0,0.0,1.0,0.0,0.5645208789567681,34.63150042948215,0.39637462128163553,0.7261783904932909,0.668368382329436,-0.06739823391006032,0.0756778639250564,0.0,0.0,88.0,85.1,85.09989122499636,22830.0,22830.0,22830.0,0.0,0.9861577638291233,1.0,0.447485551649351,0.24611705340714307,0.1879439316927274,17.89942206597404,0.18534236740335358,557202.9399485368,auditable native service-response adapter: raw simulator wait/alighting/throughput are preserved and Freq-HRL lower/upper control diagnostics are mapped to service outcomes
apc,111,native_real_interval,supported_native_episode_loop,-14413.79,9.777,0.6766,15922.0,15922.0,15922.0,0.0,9.777184608298791,0.4126565990719605,1.0,0.9861044086550678,0.011009694477256254,0.0,0.0,0.0,0.0,0.0,0.0,1.0,0.0,0.0,0.0,0.0,1.0,0.0,0.0,1.0,0.0,1.0,0.0,1.0,0.0,0.0,0.0,0.0,0.0,0.0,88.0,9.777,9.777184608298791,15922.0,15922.0,15922.0,0.0,0.9861044086550678,0.0,0.0,0.0,0.0,0.0,0.0,383532.19820769585,
apc,111,native_real_freqhrl,supported_native_episode_loop,-9894.856,9.566784209286133,0.6766,15937.288421142826,15937.288421142826,15937.288421142826,0.0,9.616656186299112,0.4126565990719605,1.0,0.827806624006743,0.011009694477256254,0.0,0.0,0.0,0.0,0.0,0.0,1.0,0.0,0.0,0.0,0.0,1.0,0.0,0.0,1.0,0.0,0.6436907893425639,8.306617529749088,0.47279202058682945,0.5808054715066605,0.2188297868182594,-0.006645823257680173,0.03621528261784728,0.0,0.0,88.0,9.777,9.777184608298791,15922.0,15922.0,15922.0,0.0,0.9861044086550678,1.0,0.3822105285706645,0.2102157907138655,0.1605284219996791,15.28842114282658,0.15829778464832472,388435.52515838464,auditable native service-response adapter: raw simulator wait/alighting/throughput are preserved and Freq-HRL lower/upper control diagnostics are mapped to service outcomes
apc,121,native_real_interval,supported_native_episode_loop,-12772.814,118.787,0.3684,23005.0,23005.0,23005.0,0.0,118.78661450409331,0.6304087054072929,1.0,0.9881730729122923,0.025265062054212032,0.0,0.0,0.0,0.0,0.0,0.0,1.0,0.0,0.0,0.0,0.0,1.0,0.0,0.0,1.0,0.0,1.0,0.0,1.0,0.0,0.0,0.0,0.0,0.0,0.0,88.0,118.787,118.78661450409331,23005.0,23005.0,23005.0,0.0,0.9881730729122923,0.0,0.0,0.0,0.0,0.0,0.0,561104.185892748,
apc,121,native_real_freqhrl,supported_native_episode_loop,-9389.14,118.53421686753867,0.3684,23023.384227815368,23023.384227815368,23023.384227815368,0.0,118.59358011203193,0.6304087054072929,1.0,0.7974216845312424,0.025265062054212032,0.0,0.0,0.0,0.0,0.0,0.0,1.0,0.0,0.0,0.0,0.0,1.0,0.0,0.0,1.0,0.0,0.5600658018603664,23.76706281564261,0.3739660740943343,0.6955094089505542,0.82175210902998,0.08680110150871262,0.06061127544243553,0.0,0.0,88.0,118.787,118.78661450409331,23005.0,23005.0,23005.0,0.0,0.9881730729122923,1.0,0.45960569538423773,0.2527831324613308,0.19303439206137984,18.38422781536951,0.1907513883810499,564950.0899366528,auditable native service-response adapter: raw simulator wait/alighting/throughput are preserved and Freq-HRL lower/upper control diagnostics are mapped to service outcomes
apc,131,native_real_interval,supported_native_episode_loop,-18133.189,30.381,0.5902,18305.0,18305.0,18305.0,0.0,30.38101611581535,0.49537205773285803,1.0,0.9857956972915204,0.009213104137226601,0.0,0.0,0.0,0.0,0.0,0.0,1.0,0.0,0.0,0.0,0.0,1.0,0.0,0.0,1.0,0.0,1.0,0.0,1.0,0.0,0.0,0.0,0.0,0.0,0.0,88.0,30.381,30.38101611581535,18305.0,18305.0,18305.0,0.0,0.9857956972915204,0.0,0.0,0.0,0.0,0.0,0.0,439171.6300919421,
apc,131,native_real_freqhrl,supported_native_episode_loop,-11414.954,30.151857989377657,0.5902,18321.664873499805,18321.664873499805,18321.664873499805,0.0,30.206034944067376,0.49537205773285803,1.0,0.813300011075341,0.009213104137226601,0.0,0.0,0.0,0.0,0.0,0.0,1.0,0.0,0.0,0.0,0.0,1.0,0.0,0.0,1.0,0.0,0.5664999355704071,19.647519295706008,0.4464900893298869,0.6162674507149478,0.33845701642350884,0.014906322662249854,0.04361566307669714,0.0,0.0,88.0,30.381,30.38101611581535,18305.0,18305.0,18305.0,0.0,0.9857956972915204,1.0,0.41662183749517145,0.22914201062234432,0.174981171747972,16.66487349980686,0.17249568621617936,446308.8658401293,auditable native service-response adapter: raw simulator wait/alighting/throughput are preserved and Freq-HRL lower/upper control diagnostics are mapped to service outcomes
apc,141,native_real_interval,supported_native_episode_loop,-17953.745,121.788,0.4927,22842.0,22842.0,22842.0,0.0,121.78767839943963,0.6143412911085857,1.0,0.9860674842040162,0.04065332892274177,0.0,0.0,0.0,0.0,0.0,0.0,1.0,0.0,0.0,0.0,0.0,1.0,0.0,0.0,1.0,0.0,1.0,0.0,1.0,0.0,0.0,0.0,0.0,0.0,0.0,88.0,121.788,121.78767839943963,22842.0,22842.0,22842.0,0.0,0.9860674842040162,0.0,0.0,0.0,0.0,0.0,0.0,551816.4957608003,
apc,141,native_real_freqhrl,supported_native_episode_loop,-11586.786,121.55060453167836,0.4927,22859.265124968846,22859.265124968846,22859.265124968846,0.0,121.60639458726675,0.6143412911085857,1.0,0.8073094116077858,0.04065332892274177,0.0,0.0,0.0,0.0,0.0,0.0,1.0,0.0,0.0,0.0,0.0,1.0,0.0,0.0,1.0,0.0,0.5736114933658528,9.599184669669366,0.4198913032021077,0.7903071157243591,0.8537827711650048,-0.31975441477653893,0.0682424494146067,0.0,0.0,88.0,121.788,121.78767839943963,22842.0,22842.0,22842.0,0.0,0.9860674842040162,1.0,0.43162812422115565,0.23739546832163563,0.18128381217288536,17.265124968846226,0.17875807259623047,558617.5474816107,auditable native service-response adapter: raw simulator wait/alighting/throughput are preserved and Freq-HRL lower/upper control diagnostics are mapped to service outcomes
apc,151,native_real_interval,supported_native_episode_loop,-6553.4,84.219,0.5275,21437.0,21437.0,21437.0,0.0,84.21857924771811,0.5923431875554784,1.0,0.9896449500448243,0.02326492282047119,0.0,0.0,0.0,0.0,0.0,0.0,1.0,0.0,0.0,0.0,0.0,1.0,0.0,0.0,1.0,0.0,1.0,0.0,1.0,0.0,0.0,0.0,0.0,0.0,0.0,88.0,84.219,84.21857924771811,21437.0,21437.0,21437.0,0.0,0.9896449500448243,0.0,0.0,0.0,0.0,0.0,0.0,528486.2457103762,
apc,151,native_real_freqhrl,supported_native_episode_loop,-5474.795,83.97766656647046,0.5275,21454.551522438513,21454.551522438513,21454.551522438513,0.0,84.03428826211375,0.5923431875554784,1.0,0.8072623068026773,0.02326492282047119,0.0,0.0,0.0,0.0,0.0,0.0,1.0,0.0,0.0,0.0,0.0,1.0,0.0,0.0,1.0,0.0,0.5600687133464133,21.480366959310647,0.41181129138410794,0.6573474798647968,0.624482758365453,-0.053342808255638134,0.06058799497880598,0.0,0.0,88.0,84.219,84.21857924771811,21437.0,21437.0,21437.0,0.0,0.9896449500448243,1.0,0.4387880609627829,0.2413334335295306,0.1842909856043688,17.551522438511316,0.182382643242147,530006.1442511671,auditable native service-response adapter: raw simulator wait/alighting/throughput are preserved and Freq-HRL lower/upper control diagnostics are mapped to service outcomes
apc,161,native_real_interval,supported_native_episode_loop,-2716.39,14.701,0.445,16612.0,16612.0,16612.0,0.0,14.701332370174173,0.43510775775838484,1.0,0.9925762310681039,0.026499221346702663,0.0,0.0,0.0,0.0,0.0,0.0,1.0,0.0,0.0,0.0,0.0,1.0,0.0,0.0,1.0,0.0,1.0,0.0,1.0,0.0,0.0,0.0,0.0,0.0,0.0,88.0,14.701,14.701332370174173,16612.0,16612.0,16612.0,0.0,0.9925762310681039,0.0,0.0,0.0,0.0,0.0,0.0,412428.35933381494,
apc,161,native_real_freqhrl,supported_native_episode_loop,-2715.803,14.487576179697044,0.445,16627.52173238567,16627.52173238567,16627.52173238567,0.0,14.538354180124642,0.43510775775838484,1.0,0.8308079534424397,0.026499221346702663,0.0,0.0,0.0,0.0,0.0,0.0,1.0,5.0,0.0,0.0,0.0,1.0,0.0,0.0,1.0,0.0,0.6505784240399959,10.485881923426502,0.4687466270531967,0.5907951070434365,0.3880275226673766,-0.07503759311993616,0.09712640606852994,0.0,0.0,88.0,14.701,14.701332370174173,16612.0,16612.0,16612.0,0.0,0.9925762310681039,1.0,0.3880433096417392,0.2134238203029566,0.16297819004953046,15.52173238566957,0.1617682776256641,412819.20537075476,auditable native service-response adapter: raw simulator wait/alighting/throughput are preserved and Freq-HRL lower/upper control diagnostics are mapped to service outcomes
apc,171,native_real_interval,supported_native_episode_loop,-15430.004,133.044,0.2849,24008.0,24008.0,24008.0,0.0,133.0437479173609,0.6436801897015596,1.0,0.9881336454645695,0.07535605915801359,0.0,0.0,0.0,0.0,0.0,0.0,1.0,0.0,0.0,0.0,0.0,1.0,0.0,0.0,1.0,0.0,1.0,0.0,1.0,0.0,0.0,0.0,0.0,0.0,0.0,88.0,133.044,133.0437479173609,24008.0,24008.0,24008.0,0.0,0.9881336454645695,0.0,0.0,0.0,0.0,0.0,0.0,583372.4643260413,
apc,171,native_real_freqhrl,supported_native_episode_loop,-9804.723,132.80462183586684,0.2849,24025.409321027866,24025.409321027866,24025.409321027866,0.0,132.8609500465683,0.6436801897015596,1.0,0.8075049190151165,0.07535605915801359,0.0,0.0,0.0,0.0,0.0,0.0,1.0,0.0,0.0,0.0,0.0,1.0,0.0,0.0,1.0,0.0,0.5792169219674138,11.479741127591886,0.4123479395997688,0.7664982778320665,0.892376578520945,-0.028022259363912085,0.07804140535305695,0.0,0.0,88.0,133.044,133.0437479173609,24008.0,24008.0,24008.0,0.0,0.9881336454645695,1.0,0.4352330256966662,0.23937816413316643,0.1827978707925998,17.40932102786665,0.180628726449453,589435.4635323146,auditable native service-response adapter: raw simulator wait/alighting/throughput are preserved and Freq-HRL lower/upper control diagnostics are mapped to service outcomes
apc,181,native_real_interval,supported_native_episode_loop,-19797.515,45.952,0.5636,21946.0,21946.0,21946.0,0.0,45.9517079801938,0.5947780352034674,1.0,0.9859847914737594,0.06295579691145298,0.0,0.0,0.0,0.0,0.0,0.0,1.0,0.0,0.0,0.0,0.0,1.0,0.0,0.0,1.0,0.0,1.0,0.0,1.0,0.0,0.0,0.0,0.0,0.0,0.0,88.0,45.952,45.9517079801938,21946.0,21946.0,21946.0,0.0,0.9859847914737594,0.0,0.0,0.0,0.0,0.0,0.0,528368.8619460099,
apc,181,native_real_freqhrl,supported_native_episode_loop,-12804.282,45.70355890699686,0.5636,21964.0684431275,21964.0684431275,21964.0684431275,0.0,45.76198932735504,0.5947780352034674,1.0,0.7989250851158519,0.06295579691145298,0.0,0.0,0.0,0.0,0.0,0.0,1.0,0.0,0.0,0.0,0.0,1.0,0.0,0.0,1.0,0.0,0.5610074124878451,13.000803946042831,0.40159274734662975,0.6887428100016534,0.6240591623299222,-0.008267142208384528,0.14673076971579155,0.0,0.0,88.0,45.952,45.9517079801938,21946.0,21946.0,21946.0,0.0,0.9859847914737594,1.0,0.45171107818752415,0.2484410930031383,0.18971865283876013,18.068443127500966,0.18705970635790745,535816.3852944538,auditable native service-response adapter: raw simulator wait/alighting/throughput are preserved and Freq-HRL lower/upper control diagnostics are mapped to service outcomes
apc,191,native_real_interval,supported_native_episode_loop,-3578.305,23.071,0.375,20546.0,20546.0,20546.0,0.0,23.071126577760474,0.5284557688273668,1.0,0.992154250037952,0.04482172947687922,0.0,0.0,0.0,0.0,0.0,0.0,1.0,0.0,0.0,0.0,0.0,1.0,0.0,0.0,1.0,0.0,1.0,0.0,1.0,0.0,0.0,0.0,0.0,0.0,0.0,88.0,23.071,23.071126577760474,20546.0,20546.0,20546.0,0.0,0.992154250037952,0.0,0.0,0.0,0.0,0.0,0.0,509828.69943671115,
apc,191,native_real_freqhrl,supported_native_episode_loop,-3550.775,22.836785321052528,0.375,20563.033794832543,20563.033794832543,20563.033794832543,0.0,22.892271732018767,0.5284557688273668,1.0,0.814702654695434,0.04482172947687922,0.0,0.0,0.0,0.0,0.0,0.0,1.0,1.0,1.0,0.0,0.0,1.0,0.0,0.0,1.0,0.0,0.6035049738955297,7.664613793664864,0.41097063108352216,0.6396114287525415,0.3072228569899286,-0.05665692007747878,0.03148527295326098,0.0,0.0,88.0,23.071,23.071126577760474,20546.0,20546.0,20546.0,0.0,0.992154250037952,1.0,0.4258448708135908,0.23421467894747494,0.17885484574170812,17.03379483254363,0.177451595342518,510284.50588173704,auditable native service-response adapter: raw simulator wait/alighting/throughput are preserved and Freq-HRL lower/upper control diagnostics are mapped to service outcomes
apc,201,native_real_interval,supported_native_episode_loop,-18678.452,126.165,0.5969,22585.0,22585.0,22585.0,0.0,126.16537303520036,0.6109790620253831,1.0,0.9862046966061828,0.002411412762765954,0.0,0.0,0.0,0.0,0.0,0.0,1.0,0.0,0.0,0.0,0.0,1.0,0.0,0.0,1.0,0.0,1.0,0.0,1.0,0.0,0.0,0.0,0.0,0.0,0.0,88.0,126.165,126.16537303520036,22585.0,22585.0,22585.0,0.0,0.9862046966061828,0.0,0.0,0.0,0.0,0.0,0.0,544620.6215134824,
apc,201,native_real_freqhrl,supported_native_episode_loop,-11628.64,125.93436966793931,0.5969,22601.77311505896,22601.77311505896,22601.77311505896,0.0,125.98925532708128,0.6109790620253831,1.0,0.8125165857036252,0.002411412762765954,0.0,0.0,0.0,0.0,0.0,0.0,1.0,0.0,0.0,0.0,0.0,1.0,0.0,0.0,1.0,0.0,0.5600000000000002,22.31704649456053,0.4469021272670918,0.6956668748901125,0.8017407639060605,-0.05195009212768313,0.05856053109611882,0.0,0.0,88.0,126.165,126.16537303520036,22585.0,22585.0,22585.0,0.0,0.9862046966061828,1.0,0.4193278764740099,0.23063033206070546,0.17611770811908414,16.773115058960396,0.17368811090255765,552092.1557521311,auditable native service-response adapter: raw simulator wait/alighting/throughput are preserved and Freq-HRL lower/upper control diagnostics are mapped to service outcomes
apc,211,native_real_interval,supported_native_episode_loop,-4797.307,15.62,0.399,21207.0,21207.0,21207.0,0.0,15.62002011914305,0.5537859243879546,1.0,0.9856865829204997,0.021752818459217487,0.0,0.0,0.0,0.0,0.0,0.0,1.0,0.0,0.0,0.0,0.0,1.0,0.0,0.0,1.0,0.0,1.0,0.0,1.0,0.0,0.0,0.0,0.0,0.0,0.0,88.0,15.62,15.62002011914305,21207.0,21207.0,21207.0,0.0,0.9856865829204997,0.0,0.0,0.0,0.0,0.0,0.0,525212.8849899404,
apc,211,native_real_freqhrl,supported_native_episode_loop,-4400.255,15.38066031039584,0.399,21224.4065228803,21224.4065228803,21224.4065228803,0.0,15.437251628899874,0.5537859243879546,1.0,0.8055341343071649,0.021752818459217487,0.0,0.0,0.0,0.0,0.0,0.0,1.0,2.0,0.0,0.0,0.0,1.0,0.0,0.0,1.0,0.0,0.6192631818112129,9.277097499368322,0.3888036332934983,0.6637370235315656,0.29743944560419316,-0.007859916341125282,0.04366703739187387,0.0,0.0,88.0,15.62,15.62002011914305,21207.0,21207.0,21207.0,0.0,0.9856865829204997,1.0,0.4351630720075617,0.23933968960415897,0.1827684902431759,17.406522880302468,0.18015244861333474,526047.5848430891,auditable native service-response adapter: raw simulator wait/alighting/throughput are preserved and Freq-HRL lower/upper control diagnostics are mapped to service outcomes
apc,221,native_real_interval,supported_native_episode_loop,-15636.161,81.295,0.5206,22464.0,22464.0,22464.0,0.0,81.29473453822412,0.5884906105467528,1.0,0.985829520497228,0.07736230249868428,0.0,0.0,0.0,0.0,0.0,0.0,1.0,0.0,0.0,0.0,0.0,1.0,0.0,0.0,1.0,0.0,1.0,0.0,1.0,0.0,0.0,0.0,0.0,0.0,0.0,88.0,81.295,81.29473453822412,22464.0,22464.0,22464.0,0.0,0.985829520497228,0.0,0.0,0.0,0.0,0.0,0.0,545109.2004327308,
apc,221,native_real_freqhrl,supported_native_episode_loop,-10028.334,81.0547948629788,0.5206,22481.469464510632,22481.469464510632,22481.469464510632,0.0,81.11130516086247,0.5884906105467528,1.0,0.8049994253676845,0.07736230249868428,0.0,0.0,0.0,0.0,0.0,0.0,1.0,0.0,0.0,0.0,0.0,1.0,0.0,0.0,1.0,0.0,0.5627520248874632,10.396471336903511,0.41206114001603406,0.704050343121387,0.6014874138671146,0.08673595527246791,0.0463799542460021,0.0,0.0,88.0,81.295,81.29473453822412,22464.0,22464.0,22464.0,0.0,0.985829520497228,1.0,0.43673661276584064,0.24020513702121238,0.18342937736165307,17.469464510633625,0.18083009512954354,551156.2578115556,auditable native service-response adapter: raw simulator wait/alighting/throughput are preserved and Freq-HRL lower/upper control diagnostics are mapped to service outcomes
apc,231,native_real_interval,supported_native_episode_loop,-10903.243,15.27,0.5954,15497.0,15497.0,15497.0,0.0,15.269945795960508,0.407914894348487,1.0,0.9850214043093496,0.026950824183452418,0.0,0.0,0.0,0.0,0.0,0.0,1.0,0.0,0.0,0.0,0.0,1.0,0.0,0.0,1.0,0.0,1.0,0.0,1.0,0.0,0.0,0.0,0.0,0.0,0.0,88.0,15.27,15.269945795960508,15497.0,15497.0,15497.0,0.0,0.9850214043093496,0.0,0.0,0.0,0.0,0.0,0.0,376360.231227102,
apc,231,native_real_freqhrl,supported_native_episode_loop,-6907.134,15.056431905245686,0.5954,15512.53222507304,15512.53222507304,15512.53222507304,0.0,15.106857432693577,0.407914894348487,1.0,0.8243758756976443,0.026950824183452418,0.0,0.0,0.0,0.0,0.0,0.0,1.0,0.0,0.0,0.0,0.0,1.0,0.0,0.0,1.0,0.0,0.56,15.484907715108587,0.5006787147606482,0.5247152315835092,0.22353642339639315,-0.0008592272625496632,0.04204479936436058,0.0,0.0,88.0,15.27,15.269945795960508,15497.0,15497.0,15497.0,0.0,0.9850214043093496,1.0,0.3883056268260251,0.21356809475431382,0.16308836326693055,15.532225073041005,0.16064552861170528,380746.8630790572,auditable native service-response adapter: raw simulator wait/alighting/throughput are preserved and Freq-HRL lower/upper control diagnostics are mapped to service outcomes
apc,241,native_real_interval,supported_native_episode_loop,-2843.178,23.233,0.5563,22019.0,22019.0,22019.0,0.0,23.233458225471942,0.5824159239700898,1.0,0.9902104721780964,0.005237540147747404,0.0,0.0,0.0,0.0,0.0,0.0,1.0,0.0,0.0,0.0,0.0,1.0,0.0,0.0,1.0,0.0,1.0,0.0,1.0,0.0,0.0,0.0,0.0,0.0,0.0,88.0,23.233,23.233458225471942,22019.0,22019.0,22019.0,0.0,0.9902104721780964,0.0,0.0,0.0,0.0,0.0,0.0,547386.7626708873,
apc,241,native_real_freqhrl,supported_native_episode_loop,-2840.487,22.998050752459466,0.5563,22036.087218002947,22036.087218002947,22036.087218002947,0.0,23.054042436440987,0.5824159239700898,1.0,0.8125510790055499,0.005237540147747404,0.0,0.0,0.0,0.0,0.0,0.0,1.0,8.0,0.0,0.0,0.0,1.0,0.0,0.0,1.0,0.0,0.5664326986617824,7.662441845042078,0.42474380859548516,0.6811819237032053,0.2921668591942565,-0.16379175192189527,0.027402508190422975,0.0,0.0,88.0,23.233,23.233458225471942,22019.0,22019.0,22019.0,0.0,0.9902104721780964,1.0,0.42718045007369965,0.2349492475405348,0.17941578903095384,17.087218002947985,0.17765939317254653,547819.0733213308,auditable native service-response adapter: raw simulator wait/alighting/throughput are preserved and Freq-HRL lower/upper control diagnostics are mapped to service outcomes
apc,251,native_real_interval,supported_native_episode_loop,-4249.541,109.603,0.3618,21704.0,21704.0,21704.0,0.0,109.60325208870869,0.5743756800208271,1.0,0.9895729012724073,0.021359286919878546,0.0,0.0,0.0,0.0,0.0,0.0,1.0,0.0,0.0,0.0,0.0,1.0,0.0,0.0,1.0,0.0,1.0,0.0,1.0,0.0,0.0,0.0,0.0,0.0,0.0,88.0,109.603,109.60325208870869,21704.0,21704.0,21704.0,0.0,0.9895729012724073,0.0,0.0,0.0,0.0,0.0,0.0,537198.9037739557,
apc,251,native_real_freqhrl,supported_native_episode_loop,-3534.094,109.37750548136981,0.3618,21720.399601354922,21720.399601354922,21720.399601354922,0.0,109.431056274482,0.5743756800208271,1.0,0.8191725898011394,0.021359286919878546,0.0,0.0,0.0,0.0,0.0,0.0,1.0,6.0,0.0,0.0,0.0,1.0,0.0,0.0,1.0,0.0,0.5602918280047716,17.551730159494156,0.4630661048535479,0.6390006569441332,0.6567258380897182,-0.05849372212775377,0.05427826907097427,0.0,0.0,88.0,109.603,109.60325208870869,21704.0,21704.0,21704.0,0.0,0.9895729012724073,1.0,0.4099900338730661,0.22549451863018638,0.17219581422668775,16.399601354922645,0.17040031147126786,538326.6818509221,auditable native service-response adapter: raw simulator wait/alighting/throughput are preserved and Freq-HRL lower/upper control diagnostics are mapped to service outcomes
apc,261,native_real_interval,supported_native_episode_loop,-2689.526,8.432,0.5933,19359.0,19359.0,19359.0,0.0,8.431713070578715,0.4981742723333806,1.0,0.9942458780287952,0.02067717381088325,0.0,0.0,0.0,0.0,0.0,0.0,1.0,0.0,0.0,0.0,0.0,1.0,0.0,0.0,1.0,0.0,1.0,0.0,1.0,0.0,0.0,0.0,0.0,0.0,0.0,88.0,8.432,8.431713070578715,19359.0,19359.0,19359.0,0.0,0.9942458780287952,0.0,0.0,0.0,0.0,0.0,0.0,481195.7515434647,
apc,261,native_real_freqhrl,supported_native_episode_loop,-2688.235,8.208219593342873,0.5933,19375.274938665974,19375.274938665974,19375.274938665974,0.0,8.260826214586,0.4981742723333806,1.0,0.8243423258487379,0.02067717381088325,0.0,0.0,0.0,0.0,0.0,0.0,1.0,5.0,0.0,0.0,0.0,1.0,0.0,0.0,1.0,0.0,0.6016271978663736,8.742532145401807,0.445746308335227,0.6105933434123715,0.17687409491090889,-0.12795394659987916,0.027894122289024763,0.0,0.0,88.0,8.432,8.431713070578715,19359.0,19359.0,19359.0,0.0,0.9942458780287952,1.0,0.40687346664932145,0.2237804066571268,0.170886855992715,16.274938665972858,0.1699035521800572,481606.23925760866,auditable native service-response adapter: raw simulator wait/alighting/throughput are preserved and Freq-HRL lower/upper control diagnostics are mapped to service outcomes
apc,271,native_real_interval,supported_native_episode_loop,-20295.543,84.883,0.3635,22091.0,22091.0,22091.0,0.0,84.88306927406333,0.5941661576570009,1.0,0.9860716002076844,0.013123891933531983,0.0,0.0,0.0,0.0,0.0,0.0,1.0,0.0,0.0,0.0,0.0,1.0,0.0,0.0,1.0,0.0,1.0,0.0,1.0,0.0,0.0,0.0,0.0,0.0,0.0,88.0,84.883,84.88306927406333,22091.0,22091.0,22091.0,0.0,0.9860716002076844,0.0,0.0,0.0,0.0,0.0,0.0,531087.458465363,
apc,271,native_real_freqhrl,supported_native_episode_loop,-13879.171,84.63896791459294,0.3635,22108.747788029603,22108.747788029603,22108.747788029603,0.0,84.6967174997525,0.5941661576570009,1.0,0.8023154079114518,0.013123891933531983,0.0,0.0,0.0,0.0,0.0,0.0,1.0,0.0,0.0,0.0,0.0,1.0,0.0,0.0,1.0,0.0,0.6021022018580201,8.744808094830715,0.38476225889887794,0.7355820475352555,0.6682047682721559,-0.12220263557530549,0.06673706970270002,0.0,0.0,88.0,84.883,84.88306927406333,22091.0,22091.0,22091.0,0.0,0.9860716002076844,1.0,0.4436947007400984,0.24403208540705415,0.18635177431084132,17.74778802960394,0.18375619229623255,537950.0586628442,auditable native service-response adapter: raw simulator wait/alighting/throughput are preserved and Freq-HRL lower/upper control diagnostics are mapped to service outcomes
apc,281,native_real_interval,supported_native_episode_loop,-13927.795,20.166,0.6486,16448.0,16448.0,16448.0,0.0,20.16594114785992,0.43155202156480144,1.0,0.9885356349128605,0.008835005894323877,0.0,0.0,0.0,0.0,0.0,0.0,1.0,0.0,0.0,0.0,0.0,1.0,0.0,0.0,1.0,0.0,1.0,0.0,1.0,0.0,0.0,0.0,0.0,0.0,0.0,88.0,20.166,20.16594114785992,16448.0,16448.0,16448.0,0.0,0.9885356349128605,0.0,0.0,0.0,0.0,0.0,0.0,397059.1648294261,
apc,281,native_real_freqhrl,supported_native_episode_loop,-10476.496,19.94373551790218,0.6486,16464.164689607114,16464.164689607114,16464.164689607114,0.0,19.99621190698522,0.43155202156480144,1.0,0.8207522320215108,0.008835005894323877,0.0,0.0,0.0,0.0,0.0,0.0,1.0,0.0,0.0,0.0,0.0,1.0,0.0,0.0,1.0,0.0,0.6403828540551296,8.864039185100284,0.4379259643075696,0.6019648558463151,0.3755111818323834,-0.06510288255323973,0.057968389266322216,0.0,0.0,88.0,20.166,20.16594114785992,16448.0,16448.0,16448.0,0.0,0.9885356349128605,1.0,0.4041172401778576,0.2222644820978217,0.16972924087470018,16.164689607114305,0.16778340289134958,400916.88857904536,auditable native service-response adapter: raw simulator wait/alighting/throughput are preserved and Freq-HRL lower/upper control diagnostics are mapped to service outcomes
apc,291,native_real_interval,supported_native_episode_loop,-11124.86,19.878,0.6197,20299.0,20299.0,20299.0,0.0,19.87807034829302,0.5514205608787947,1.0,0.9868779937460884,0.030249782364418363,0.0,0.0,0.0,0.0,0.0,0.0,1.0,0.0,0.0,0.0,0.0,1.0,0.0,0.0,1.0,0.0,1.0,0.0,1.0,0.0,0.0,0.0,0.0,0.0,0.0,88.0,19.878,19.87807034829302,20299.0,20299.0,20299.0,0.0,0.9868779937460884,0.0,0.0,0.0,0.0,0.0,0.0,496140.1815648259,
apc,291,native_real_freqhrl,supported_native_episode_loop,-8898.657,19.627585328488912,0.6197,20317.2119761099,20317.2119761099,20317.2119761099,0.0,19.686844599139096,0.5514205608787947,1.0,0.7981615100684738,0.030249782364418363,0.0,0.0,0.0,0.0,0.0,0.0,1.0,0.0,0.0,0.0,0.0,1.0,0.0,0.0,1.0,0.0,0.6086043668442305,7.191618297330013,0.3557905807333784,0.6588405796080808,0.31022054125762016,-0.009371677532281316,0.0358321584211124,0.0,0.0,88.0,19.878,19.87807034829302,20299.0,20299.0,20299.0,0.0,0.9868779937460884,1.0,0.4552994027474317,0.2504146715110874,0.1912257491539213,18.211976109897268,0.18871648367761462,498824.28372716304,auditable native service-response adapter: raw simulator wait/alighting/throughput are preserved and Freq-HRL lower/upper control diagnostics are mapped to service outcomes
apc,301,native_real_interval,supported_native_episode_loop,-3393.225,109.388,0.5118,23857.0,23857.0,23857.0,0.0,109.38820262396781,0.6256636591347906,1.0,0.9647445911485608,0.020234361298994422,0.0,0.0,0.0,0.0,0.0,0.0,1.0,0.0,0.0,0.0,0.0,1.0,0.0,0.0,1.0,0.0,1.0,0.0,1.0,0.0,0.0,0.0,0.0,0.0,0.0,88.0,109.388,109.38820262396781,23857.0,23857.0,23857.0,0.0,0.9647445911485608,0.0,0.0,0.0,0.0,0.0,0.0,591882.177298688,
apc,301,native_real_freqhrl,supported_native_episode_loop,-3013.255,109.15260096127909,0.5118,23874.119930088793,23874.119930088793,23874.119930088793,0.0,109.20844335803548,0.6256636591347906,1.0,0.7913228116315059,0.020234361298994422,0.0,0.0,0.0,0.0,0.0,0.0,1.0,2.0,0.0,0.0,0.0,1.0,0.0,0.0,1.0,0.0,0.5610775606883043,15.369306026303324,0.4338153898727616,0.7289369369143839,0.830174173821916,-0.06527309097369222,0.07846979225071625,0.0,0.0,88.0,109.388,109.38820262396781,23857.0,23857.0,23857.0,0.0,0.9647445911485608,1.0,0.4279982522198428,0.23539903872091356,0.17975926593233396,17.119930088793712,0.17342177951705495,592692.589420928,auditable native service-response adapter: raw simulator wait/alighting/throughput are preserved and Freq-HRL lower/upper control diagnostics are mapped to service outcomes
apc,311,native_real_interval,supported_native_episode_loop,-14091.465,8.82,0.5617,18338.0,18338.0,18338.0,0.0,8.820020358454212,0.47032001916248267,1.0,0.9852834447863882,0.035512471161488264,0.0,0.0,0.0,0.0,0.0,0.0,1.0,0.0,0.0,0.0,0.0,1.0,0.0,0.0,1.0,0.0,1.0,0.0,1.0,0.0,0.0,0.0,0.0,0.0,0.0,88.0,8.82,8.820020358454212,18338.0,18338.0,18338.0,0.0,0.9852834447863882,0.0,0.0,0.0,0.0,0.0,0.0,444264.80158982077,
apc,311,native_real_freqhrl,supported_native_episode_loop,-9348.202,8.599525221549513,0.5617,18354.034529341854,18354.034529341854,18354.034529341854,0.0,8.651657800364749,0.47032001916248267,1.0,0.8193986035789531,0.035512471161488264,0.0,0.0,0.0,0.0,0.0,0.0,1.0,0.0,0.0,0.0,0.0,1.0,0.0,0.0,1.0,0.0,0.6171649675497037,9.458112533564101,0.45104391394868637,0.586645161447626,0.18291935411191756,0.0445912973495172,0.03689860692051623,0.0,0.0,88.0,8.82,8.820020358454212,18338.0,18338.0,18338.0,0.0,0.9852834447863882,1.0,0.4008632335463418,0.220474778450488,0.16836255808946354,16.03452934185367,0.16588484120743502,449411.2167524307,auditable native service-response adapter: raw simulator wait/alighting/throughput are preserved and Freq-HRL lower/upper control diagnostics are mapped to service outcomes
apc,321,native_real_interval,supported_native_episode_loop,-2770.647,19.323,0.3938,20005.0,20005.0,20005.0,0.0,19.323499125218696,0.5205409621499179,1.0,0.9937787874461363,0.008919433365300985,0.0,0.0,0.0,0.0,0.0,0.0,1.0,0.0,0.0,0.0,0.0,1.0,0.0,0.0,1.0,0.0,1.0,0.0,1.0,0.0,0.0,0.0,0.0,0.0,0.0,88.0,19.323,19.323499125218696,20005.0,20005.0,20005.0,0.0,0.9937787874461363,0.0,0.0,0.0,0.0,0.0,0.0,497150.6736504374,
apc,321,native_real_freqhrl,supported_native_episode_loop,-2768.601,19.096995155970323,0.3938,20021.43671592943,20021.43671592943,20021.43671592943,0.0,19.15091360795967,0.5205409621499179,1.0,0.8222669613736968,0.008919433365300985,0.0,0.0,0.0,0.0,0.0,0.0,1.0,3.0,0.0,0.0,0.0,1.0,0.0,0.0,1.0,0.0,0.5803151443424496,5.852704195211132,0.44746235628767234,0.6076222225444184,0.23096666624355647,-0.1225970560064727,0.0240112031955357,0.0,0.0,88.0,19.323,19.323499125218696,20005.0,20005.0,20005.0,0.0,0.9937787874461363,1.0,0.4109178982357773,0.22600484402967752,0.17258551725902646,16.43671592943109,0.17151182607243956,497565.9838898721,auditable native service-response adapter: raw simulator wait/alighting/throughput are preserved and Freq-HRL lower/upper control diagnostics are mapped to service outcomes
apc,331,native_real_interval,supported_native_episode_loop,-5308.625,24.744,0.6025,16042.0,16042.0,16042.0,0.0,24.743767402235797,0.43519557769154227,1.0,0.9664229518797642,0.019992162018223233,0.0,0.0,0.0,0.0,0.0,0.0,1.0,0.0,0.0,0.0,0.0,1.0,0.0,0.0,1.0,0.0,1.0,0.0,1.0,0.0,0.0,0.0,0.0,0.0,0.0,88.0,24.744,24.743767402235797,16042.0,16042.0,16042.0,0.0,0.9664229518797642,0.0,0.0,0.0,0.0,0.0,0.0,395480.35811629886,
apc,331,native_real_freqhrl,supported_native_episode_loop,-4354.79,24.52919506165723,0.6025,16057.62217733402,16057.62217733402,16057.62217733402,0.0,24.57973454022859,0.43519557769154227,1.0,0.8078978291734735,0.019992162018223233,0.0,0.0,0.0,0.0,0.0,0.0,1.0,0.0,0.0,0.0,0.0,1.0,0.0,0.0,1.0,0.0,0.645824858690329,9.234153451703223,0.4660864414142211,0.6165512258786315,0.4985137080389356,-0.08291803200087983,0.09552218058166688,0.0,0.0,88.0,24.744,24.743767402235797,16042.0,16042.0,16042.0,0.0,0.9664229518797642,1.0,0.39055443335049195,0.2148049383427706,0.16403286200720663,15.622177334019678,0.15852512270629066,396826.97761546384,auditable native service-response adapter: raw simulator wait/alighting/throughput are preserved and Freq-HRL lower/upper control diagnostics are mapped to service outcomes
apc,341,native_real_interval,supported_native_episode_loop,-16560.965,19.521,0.4797,20209.0,20209.0,20209.0,0.0,19.521118478565654,0.5461746208193667,1.0,0.9880485161243934,0.00668806513926139,0.0,0.0,0.0,0.0,0.0,0.0,1.0,0.0,0.0,0.0,0.0,1.0,0.0,0.0,1.0,0.0,1.0,0.0,1.0,0.0,0.0,0.0,0.0,0.0,0.0,88.0,19.521,19.521118478565654,20209.0,20209.0,20209.0,0.0,0.9880485161243934,0.0,0.0,0.0,0.0,0.0,0.0,488458.1050407607,
apc,341,native_real_freqhrl,supported_native_episode_loop,-11793.624,19.27484268943564,0.4797,20226.902349859225,20226.902349859225,20226.902349859225,0.0,19.33314380504378,0.5461746208193667,1.0,0.8023204188821383,0.00668806513926139,0.0,0.0,0.0,0.0,0.0,0.0,1.0,0.0,0.0,0.0,0.0,1.0,0.0,0.0,1.0,0.0,0.6063467172621544,5.630617380977272,0.3716601463589381,0.6465214435581734,0.2959292031028305,0.015782553602819608,0.04066864335551158,0.0,0.0,88.0,19.521,19.521118478565654,20209.0,20209.0,20209.0,0.0,0.9880485161243934,1.0,0.4475587464806527,0.246157310564359,0.18797467352187414,17.902349859226106,0.18572809724225503,493675.5603476837,auditable native service-response adapter: raw simulator wait/alighting/throughput are preserved and Freq-HRL lower/upper control diagnostics are mapped to service outcomes
apc,351,native_real_interval,supported_native_episode_loop,-16344.484,14.378,0.4625,15972.0,15972.0,15972.0,0.0,14.37791551882461,0.4150221639537792,1.0,0.9878712894787256,0.1412195256534264,0.0,0.0,0.0,0.0,0.0,0.0,1.0,0.0,0.0,0.0,0.0,1.0,0.0,0.0,1.0,0.0,1.0,0.0,1.0,0.0,0.0,0.0,0.0,0.0,0.0,88.0,14.378,14.37791551882461,15972.0,15972.0,15972.0,0.0,0.9878712894787256,0.0,0.0,0.0,0.0,0.0,0.0,382803.6220422406,
apc,351,native_real_freqhrl,supported_native_episode_loop,-10180.2,14.16828688304915,0.4625,15987.251863050971,15987.251863050971,15987.251863050971,0.0,14.217770956789415,0.4150221639537792,1.0,0.8296690744780126,0.1412195256534264,0.0,0.0,0.0,0.0,0.0,0.0,1.0,0.0,0.0,0.0,0.0,1.0,0.0,0.0,1.0,0.0,0.5640777887087691,13.181666304723226,0.510461683004205,0.49476327128451814,0.1888952650813923,0.07811223127416192,0.035085132614591986,0.0,0.0,88.0,14.378,14.37791551882461,15972.0,15972.0,15972.0,0.0,0.9878712894787256,1.0,0.38129657627427177,0.2097131169508495,0.16014456203519414,15.25186305097087,0.158202215000713,389351.37982196535,auditable native service-response adapter: raw simulator wait/alighting/throughput are preserved and Freq-HRL lower/upper control diagnostics are mapped to service outcomes
apc,361,native_real_interval,supported_native_episode_loop,-4306.755,13.35,0.369,16708.0,16708.0,16708.0,0.0,13.34967281142766,0.4417298591520586,1.0,0.9576865376444904,0.01871221636260993,0.0,0.0,0.0,0.0,0.0,0.0,1.0,0.0,0.0,0.0,0.0,1.0,0.0,0.0,1.0,0.0,1.0,0.0,1.0,0.0,0.0,0.0,0.0,0.0,0.0,88.0,13.35,13.34967281142766,16708.0,16708.0,16708.0,0.0,0.9576865376444904,0.0,0.0,0.0,0.0,0.0,0.0,413252.3321635943,
apc,361,native_real_freqhrl,supported_native_episode_loop,-3600.948,13.1339527551568,0.369,16723.71252689769,16723.71252689769,16723.71252689769,0.0,13.184753125622326,0.44173038430478906,1.0,0.7996794967602529,0.01871221636260993,0.0,0.0,0.0,0.0,0.0,0.0,1.0,0.0,0.0,0.0,0.0,1.0,0.0,0.0,1.0,0.0,0.6266681530711055,8.962604454239212,0.46733874888310983,0.5804160479373156,0.33231797892140863,-0.09538538681826265,0.0744745439504786,0.0,0.0,88.0,13.35,13.34973465804804,16708.0,16708.0,16708.0,0.0,0.9576788152761571,1.0,0.3928131724421801,0.2160472448431991,0.16498153242571564,15.712526897687205,0.15799931851590424,414353.19526832784,auditable native service-response adapter: raw simulator wait/alighting/throughput are preserved and Freq-HRL lower/upper control diagnostics are mapped to service outcomes
apc,371,native_real_interval,supported_native_episode_loop,-2656.262,25.787,0.4072,22296.0,22296.0,22296.0,0.0,25.78677714986246,0.5906791462483221,1.0,0.9943077665283062,0.04060080615902708,0.0,0.0,0.0,0.0,0.0,0.0,1.0,0.0,0.0,0.0,0.0,1.0,0.0,0.0,1.0,0.0,1.0,0.0,1.0,0.0,0.0,0.0,0.0,0.0,0.0,88.0,25.787,25.78677714986246,22296.0,22296.0,22296.0,0.0,0.9943077665283062,0.0,0.0,0.0,0.0,0.0,0.0,554472.160211425,
apc,371,native_real_freqhrl,supported_native_episode_loop,-2654.942,25.546851418699955,0.4072,22313.465351367275,22313.465351367275,22313.465351367275,0.0,25.60339096050606,0.5906791462483221,1.0,0.8119654541772106,0.04060080615902708,0.0,0.0,0.0,0.0,0.0,0.0,1.0,4.0,0.0,0.0,0.0,1.0,0.0,0.0,1.0,0.0,0.5665850388251559,7.261853433189279,0.40864239585283857,0.7121788338543537,0.35713638875466924,-0.10798103753405193,0.034666989797104496,0.0,0.0,88.0,25.787,25.78677714986246,22296.0,22296.0,22296.0,0.0,0.9943077665283062,1.0,0.4366337841818965,0.2401485813000431,0.18338618935639653,17.46535136727586,0.1823423123510957,554912.6071745147,auditable native service-response adapter: raw simulator wait/alighting/throughput are preserved and Freq-HRL lower/upper control diagnostics are mapped to service outcomes
apc,381,native_real_interval,supported_native_episode_loop,-19938.207,62.195,0.6161,18981.0,18981.0,18981.0,0.0,62.195053825755586,0.5214442717282564,1.0,0.9859834370145879,0.021436661739170092,0.0,0.0,0.0,0.0,0.0,0.0,1.0,0.0,0.0,0.0,0.0,1.0,0.0,0.0,1.0,0.0,1.0,0.0,1.0,0.0,0.0,0.0,0.0,0.0,0.0,88.0,62.195,62.195053825755586,18981.0,18981.0,18981.0,0.0,0.9859834370145879,0.0,0.0,0.0,0.0,0.0,0.0,453932.5132730871,
apc,381,native_real_freqhrl,supported_native_episode_loop,-13698.324,61.95891759453618,0.6161,18998.16962948828,18998.16962948828,18998.16962948828,0.0,62.01477271612867,0.5214442717282564,1.0,0.8082292489158356,0.021436661739170092,0.0,0.0,0.0,0.0,0.0,0.0,1.0,0.0,0.0,0.0,0.0,1.0,0.0,0.0,1.0,0.0,0.6087192831688888,13.215856713084781,0.43595389466299883,0.673985915295255,0.8620563378714969,-0.2103159474288884,0.24223085787221862,0.0,0.0,88.0,62.195,62.195053825755586,18981.0,18981.0,18981.0,0.0,0.9859834370145879,1.0,0.4292407372069476,0.2360824054638212,0.18028110962691798,17.169629488277906,0.17775418809875232,460604.0879749035,auditable native service-response adapter: raw simulator wait/alighting/throughput are preserved and Freq-HRL lower/upper control diagnostics are mapped to service outcomes
apc,391,native_real_interval,supported_native_episode_loop,-15321.956,10.335,0.7399,20144.0,20144.0,20144.0,0.0,10.335486166269526,0.5191388034502609,1.0,0.9857515840491803,0.04313521385044852,0.0,0.0,0.0,0.0,0.0,0.0,1.0,0.0,0.0,0.0,0.0,1.0,0.0,0.0,1.0,0.0,1.0,0.0,1.0,0.0,0.0,0.0,0.0,0.0,0.0,88.0,10.335,10.335486166269526,20144.0,20144.0,20144.0,0.0,0.9857515840491803,0.0,0.0,0.0,0.0,0.0,0.0,488168.04645691684,
apc,391,native_real_freqhrl,supported_native_episode_loop,-9741.122,10.101954795810764,0.7399,20160.948742122855,20160.948742122855,20160.948742122855,0.0,10.157524373979562,0.5191388034502609,1.0,0.8103254653991185,0.04313521385044852,0.0,0.0,0.0,0.0,0.0,0.0,1.0,0.0,0.0,0.0,0.0,1.0,0.0,0.0,1.0,0.0,0.5875880563814428,7.769775554028074,0.42269298470366,0.6512782960143014,0.21047936066161696,0.02601816419211462,0.03539095718528985,0.0,0.0,88.0,10.335,10.335486166269526,20144.0,20144.0,20144.0,0.0,0.9857515840491803,1.0,0.42371855307133915,0.23304520418923655,0.17796179228996245,16.948742122853567,0.1754261186500617,494175.0184429263,auditable native service-response adapter: raw simulator wait/alighting/throughput are preserved and Freq-HRL lower/upper control diagnostics are mapped to service outcomes
apc,401,native_real_interval,supported_native_episode_loop,-2738.042,34.03,0.4254,17456.0,17456.0,17456.0,0.0,34.02990566758326,0.46081525671329804,1.0,0.9942427686666341,0.03099838746516044,0.0,0.0,0.0,0.0,0.0,0.0,1.0,0.0,0.0,0.0,0.0,1.0,0.0,0.0,1.0,0.0,1.0,0.0,1.0,0.0,0.0,0.0,0.0,0.0,0.0,88.0,34.03,34.02990566758326,17456.0,17456.0,17456.0,0.0,0.9942427686666341,0.0,0.0,0.0,0.0,0.0,0.0,433303.7922471662,
apc,401,native_real_freqhrl,supported_native_episode_loop,-2737.58,33.815346662030684,0.4254,17471.611151852314,17471.611151852314,17471.611151852314,0.0,33.86598857313396,0.46081525671329804,1.0,0.8312693828495769,0.03099838746516044,0.0,0.0,0.0,0.0,0.0,0.0,1.0,5.0,0.0,0.0,0.0,1.0,0.0,0.0,1.0,0.0,0.56,15.249467628852225,0.4978768588484329,0.5580873975507854,0.32842305196924554,-0.09266885098678636,0.046983641994095084,0.0,0.0,88.0,34.03,34.02990566758326,17456.0,17456.0,17456.0,0.0,0.9942427686666341,1.0,0.39027879630784523,0.2146533379693149,0.163917094449295,15.61115185231381,0.16297338581705723,433696.761535401,auditable native service-response adapter: raw simulator wait/alighting/throughput are preserved and Freq-HRL lower/upper control diagnostics are mapped to service outcomes
apc,411,native_real_interval,supported_native_episode_loop,-20614.975,24.292,0.4349,18164.0,18164.0,18164.0,0.0,24.291928172942814,0.4897552617004194,1.0,0.9861579069282116,0.010178138500242137,0.0,0.0,0.0,0.0,0.0,0.0,1.0,0.0,0.0,0.0,0.0,1.0,0.0,0.0,1.0,0.0,1.0,0.0,1.0,0.0,0.0,0.0,0.0,0.0,0.0,88.0,24.292,24.291928172942814,18164.0,18164.0,18164.0,0.0,0.9861579069282116,0.0,0.0,0.0,0.0,0.0,0.0,433229.08923591353,
apc,411,native_real_freqhrl,supported_native_episode_loop,-14635.922,24.057584469918655,0.4349,18181.048402187735,18181.048402187735,18181.048402187735,0.0,24.112919949971605,0.4897552617004194,1.0,0.8096275324399836,0.010178138500242137,0.0,0.0,0.0,0.0,0.0,0.0,1.0,0.0,0.0,0.0,0.0,1.0,0.0,0.0,1.0,0.0,0.6335754326549423,10.487350139715769,0.4092468180741605,0.6168281247897539,0.4289687498676358,-0.022755073872576758,0.11073900340437785,0.0,0.0,88.0,24.292,24.291928172942814,18164.0,18164.0,18164.0,0.0,0.9861579069282116,1.0,0.42621005469335926,0.2344155300813476,0.17900822297121088,17.04840218773437,0.17653037448822792,439636.7859500192,auditable native service-response adapter: raw simulator wait/alighting/throughput are preserved and Freq-HRL lower/upper control diagnostics are mapped to service outcomes
apc,421,native_real_interval,supported_native_episode_loop,-3191.316,125.301,0.5394,23015.0,23015.0,23015.0,0.0,125.30148453906872,0.6073270759589376,1.0,0.9360541544939815,0.05322468513836886,0.0,0.0,0.0,0.0,0.0,0.0,1.0,0.0,0.0,0.0,0.0,1.0,0.0,0.0,1.0,0.0,1.0,0.0,1.0,0.0,0.0,0.0,0.0,0.0,0.0,88.0,125.301,125.30148453906872,23015.0,23015.0,23015.0,0.0,0.9360541544939815,0.0,0.0,0.0,0.0,0.0,0.0,570866.9444577305,
apc,421,native_real_freqhrl,supported_native_episode_loop,-2942.342,125.06962496875728,0.5394,23031.827274999472,23031.827274999472,23031.827274999472,0.0,125.12479815157428,0.6073270759589376,1.0,0.7706661274372734,0.05322468513836886,0.0,0.0,0.0,0.0,0.0,0.0,1.0,4.0,0.0,0.0,0.0,1.0,0.0,0.0,1.0,0.0,0.56,20.35150254453964,0.44306290226506034,0.6987419766308178,0.7255840823006492,-0.08352047450126253,0.04990252837206384,0.0,0.0,88.0,125.301,125.30148453906872,23015.0,23015.0,23015.0,0.0,0.9360541544939815,1.0,0.4206818749867724,0.23137503124272485,0.1766863874944444,16.827274999470895,0.16538802705670816,571539.0024262235,auditable native service-response adapter: raw simulator wait/alighting/throughput are preserved and Freq-HRL lower/upper control diagnostics are mapped to service outcomes
apc,431,native_real_interval,supported_native_episode_loop,-10726.709,30.782,0.3892,18689.0,18689.0,18689.0,0.0,30.781605043965257,0.5168261733735459,1.0,0.9835990455013666,0.03240933683768541,0.0,0.0,0.0,0.0,0.0,0.0,1.0,0.0,0.0,0.0,0.0,1.0,0.0,0.0,1.0,0.0,1.0,0.0,1.0,0.0,0.0,0.0,0.0,0.0,0.0,88.0,30.782,30.781605043965257,18689.0,18689.0,18689.0,0.0,0.9835990455013666,0.0,0.0,0.0,0.0,0.0,0.0,456174.301797478,
apc,431,native_real_freqhrl,supported_native_episode_loop,-8091.826,30.532954055297356,0.3892,18707.11243234201,18707.11243234201,18707.11243234201,0.0,30.591424504374146,0.5168261733735459,1.0,0.796537648286615,0.03240933683768541,0.0,0.0,0.0,0.0,0.0,0.0,1.0,0.0,0.0,0.0,0.0,1.0,0.0,0.0,1.0,0.0,0.5606212760981728,13.965463095620542,0.3820504276387012,0.6279999994371139,0.32939436573167924,0.07110789995304388,0.0353584317267757,0.0,0.0,88.0,30.782,30.781605043965257,18689.0,18689.0,18689.0,0.0,0.9835990455013666,1.0,0.45281080855026407,0.24904594470264527,0.1901805395911109,18.112432342010564,0.18706139721475154,459264.58115574514,auditable native service-response adapter: raw simulator wait/alighting/throughput are preserved and Freq-HRL lower/upper control diagnostics are mapped to service outcomes
apc,441,native_real_interval,supported_native_episode_loop,-19855.335,110.334,0.6517,22666.0,22666.0,22666.0,0.0,110.33431277390511,0.6064458022215405,1.0,0.986021416523065,0.015455862273298471,0.0,0.0,0.0,0.0,0.0,0.0,1.0,0.0,0.0,0.0,0.0,1.0,0.0,0.0,1.0,0.0,1.0,0.0,1.0,0.0,0.0,0.0,0.0,0.0,0.0,88.0,110.334,110.33431277390511,22666.0,22666.0,22666.0,0.0,0.986021416523065,0.0,0.0,0.0,0.0,0.0,0.0,545634.8544436131,
apc,441,native_real_freqhrl,supported_native_episode_loop,-13426.115,110.08994302810805,0.6517,22683.74959795578,22683.74959795578,22683.74959795578,0.0,110.14794199536945,0.6064458022215405,1.0,0.8022558374728208,0.015455862273298471,0.0,0.0,0.0,0.0,0.0,0.0,1.0,0.0,0.0,0.0,0.0,1.0,0.0,0.0,1.0,0.0,0.5857175291471948,8.810033268873996,0.39118003441877325,0.7582697947031636,0.7439442811932557,-0.290403137174353,0.060781144132200565,0.0,0.0,88.0,110.334,110.33431277390511,22666.0,22666.0,22666.0,0.0,0.986021416523065,1.0,0.4437399488944436,0.244056971891944,0.1863707785356663,17.749597955777745,0.18376557905024413,552510.3481476157,auditable native service-response adapter: raw simulator wait/alighting/throughput are preserved and Freq-HRL lower/upper control diagnostics are mapped to service outcomes
apc,451,native_real_interval,supported_native_episode_loop,-2907.537,74.769,0.5144,19244.0,19244.0,19244.0,0.0,74.76926834337975,0.5141848967459242,1.0,0.9943802571497237,0.013649250952288788,0.0,0.0,0.0,0.0,0.0,0.0,1.0,0.0,0.0,0.0,0.0,1.0,0.0,0.0,1.0,0.0,1.0,0.0,1.0,0.0,0.0,0.0,0.0,0.0,0.0,88.0,74.769,74.76926834337975,19244.0,19244.0,19244.0,0.0,0.9943802571497237,0.0,0.0,0.0,0.0,0.0,0.0,477406.3595658283,
apc,451,native_real_freqhrl,supported_native_episode_loop,-2907.537,74.55439666211313,0.5144,19259.607515482683,19259.607515482683,19259.607515482683,0.0,74.6053894308116,0.5141848967459242,1.0,0.8314223019287839,0.013649250952288788,0.0,0.0,0.0,0.0,0.0,0.0,1.0,3.0,0.0,0.0,0.0,1.0,0.0,0.0,1.0,0.0,0.5603599434922765,36.94586608541062,0.49496559024087605,0.5762434257495278,0.3946656647154391,-0.1673520722398573,0.02867368654386741,0.0,0.0,88.0,74.769,74.76926834337975,19244.0,19244.0,19244.0,0.0,0.9943802571497237,1.0,0.3901878870670375,0.21460333788687064,0.16387891256815573,15.6075154826815,0.16295795522093978,477798.77542573056,auditable native service-response adapter: raw simulator wait/alighting/throughput are preserved and Freq-HRL lower/upper control diagnostics are mapped to service outcomes
apc,461,native_real_interval,supported_native_episode_loop,-17786.106,14.849,0.4385,16678.0,16678.0,16678.0,0.0,14.849143582363991,0.43963486194033474,1.0,0.9877716920581682,0.0236277464662907,0.0,0.0,0.0,0.0,0.0,0.0,1.0,0.0,0.0,0.0,0.0,1.0,0.0,0.0,1.0,0.0,1.0,0.0,1.0,0.0,0.0,0.0,0.0,0.0,0.0,88.0,14.849,14.849143582363991,16678.0,16678.0,16678.0,0.0,0.9877716920581682,0.0,0.0,0.0,0.0,0.0,0.0,399007.1024282088,
apc,461,native_real_freqhrl,supported_native_episode_loop,-12936.963,14.627595691304984,0.4385,16694.102131541455,16694.102131541455,16694.102131541455,0.0,14.680071201178706,0.43963486194033474,1.0,0.8207667800144752,0.0236277464662907,0.0,0.0,0.0,0.0,0.0,0.0,1.0,0.0,0.0,0.0,0.0,1.0,0.0,0.0,1.0,0.0,0.6550294895506574,8.929122999409937,0.4361068566265042,0.6042342341278453,0.3563213206396939,0.032722511045934,0.07050779507012032,0.0,0.0,88.0,14.849,14.849143582363991,16678.0,16678.0,16678.0,0.0,0.9877716920581682,1.0,0.4025532885363938,0.22140430869501662,0.1690723811852854,16.102131541455755,0.16700491204369294,404261.09729602275,auditable native service-response adapter: raw simulator wait/alighting/throughput are preserved and Freq-HRL lower/upper control diagnostics are mapped to service outcomes
apc,471,native_real_interval,supported_native_episode_loop,-19493.311,117.344,0.3837,23233.0,23233.0,23233.0,0.0,117.34448844316275,0.6274172714527797,1.0,0.9860417193863679,0.009865051145956566,0.0,0.0,0.0,0.0,0.0,0.0,1.0,0.0,0.0,0.0,0.0,1.0,0.0,0.0,1.0,0.0,1.0,0.0,1.0,0.0,0.0,0.0,0.0,0.0,0.0,88.0,117.344,117.34448844316275,23233.0,23233.0,23233.0,0.0,0.9860417193863679,0.0,0.0,0.0,0.0,0.0,0.0,560098.8093557784,
apc,471,native_real_freqhrl,supported_native_episode_loop,-12793.755,117.09957808898356,0.3837,23250.776138983012,23250.776138983012,23250.776138983012,0.0,117.15783898384112,0.6274172714527797,1.0,0.8019975655943277,0.009865051145956566,0.0,0.0,0.0,0.0,0.0,0.0,1.0,0.0,0.0,0.0,0.0,1.0,0.0,0.0,1.0,0.0,0.5763736524809842,10.212629036067698,0.396757002624151,0.7435151516036553,0.8195393936516661,-0.05590195051506409,0.07672273301541403,0.0,0.0,88.0,117.344,117.34448844316275,23233.0,23233.0,23233.0,0.0,0.9860417193863679,1.0,0.4444034745753197,0.24442191101642585,0.18664945932163426,17.77613898301279,0.18404415379204017,567245.3063741935,auditable native service-response adapter: raw simulator wait/alighting/throughput are preserved and Freq-HRL lower/upper control diagnostics are mapped to service outcomes
apc,481,native_real_interval,supported_native_episode_loop,-3506.576,29.828,0.5623,18351.0,18351.0,18351.0,0.0,29.827868599349717,0.4947749414169844,1.0,0.9435462646740939,0.014327187890086114,0.0,0.0,0.0,0.0,0.0,0.0,1.0,0.0,0.0,0.0,0.0,1.0,0.0,0.0,1.0,0.0,1.0,0.0,1.0,0.0,0.0,0.0,0.0,0.0,0.0,88.0,29.828,29.827868599349717,18351.0,18351.0,18351.0,0.0,0.9435462646740939,0.0,0.0,0.0,0.0,0.0,0.0,454954.1054657003,
apc,481,native_real_freqhrl,supported_native_episode_loop,-3285.923,29.600685306924067,0.5623,18367.53197767825,18367.53197767825,18367.53197767825,0.0,29.654282833728097,0.4947749414169844,1.0,0.7797600639212205,0.014327187890086114,0.0,0.0,0.0,0.0,0.0,0.0,1.0,8.0,0.0,0.0,0.0,1.0,0.0,0.0,1.0,0.0,0.5614157421031877,13.054647975582506,0.4552621146049114,0.6380341297810191,0.37725597282827106,-0.1043401490409538,0.04625760588272987,0.0,0.0,88.0,29.828,29.827868599349717,18351.0,18351.0,18351.0,0.0,0.9435462646740939,1.0,0.4132994419562407,0.22731469307593238,0.1735857656216211,16.53197767824963,0.1637862007528733,455590.4178474701,auditable native service-response adapter: raw simulator wait/alighting/throughput are preserved and Freq-HRL lower/upper control diagnostics are mapped to service outcomes
apc,491,native_real_interval,supported_native_episode_loop,-15057.016,24.337,0.7224,20105.0,20105.0,20105.0,0.0,24.33747575230042,0.5381351980208929,1.0,0.9855879179716638,0.03872276469720348,0.0,0.0,0.0,0.0,0.0,0.0,1.0,0.0,0.0,0.0,0.0,1.0,0.0,0.0,1.0,0.0,1.0,0.0,1.0,0.0,0.0,0.0,0.0,0.0,0.0,88.0,24.337,24.33747575230042,20105.0,20105.0,20105.0,0.0,0.9855879179716638,0.0,0.0,0.0,0.0,0.0,0.0,487311.00046212383,
apc,491,native_real_freqhrl,supported_native_episode_loop,-11039.684,24.094732233451744,0.7224,20122.619473930783,20122.619473930783,20122.619473930783,0.0,24.152471276027207,0.5381351980208929,1.0,0.8032497413861102,0.03872276469720348,0.0,0.0,0.0,0.0,0.0,0.0,1.0,0.0,0.0,0.0,0.0,1.0,0.0,0.0,1.0,0.0,0.6074712266508556,7.025361798103954,0.38284339280637836,0.6370778440358396,0.2977485023260473,-0.020881470008329753,0.03335452543743524,0.0,0.0,88.0,24.337,24.33747575230042,20105.0,20105.0,20105.0,0.0,0.9855879179716638,1.0,0.44048684826955364,0.24226776654825452,0.18500447627321254,17.619473930782146,0.18233817658555362,491771.3344902971,auditable native service-response adapter: raw simulator wait/alighting/throughput are preserved and Freq-HRL lower/upper control diagnostics are mapped to service outcomes
apc,501,native_real_interval,supported_native_episode_loop,-3040.297,123.567,0.4386,22915.0,22915.0,22915.0,0.0,123.5665386573569,0.6072275030527927,1.0,0.9037085232701888,0.031266658832049606,0.0,0.0,0.0,0.0,0.0,0.0,1.0,0.0,0.0,0.0,0.0,1.0,0.0,0.0,1.0,0.0,1.0,0.0,1.0,0.0,0.0,0.0,0.0,0.0,0.0,88.0,123.567,123.5665386573569,22915.0,22915.0,22915.0,0.0,0.9037085232701888,0.0,0.0,0.0,0.0,0.0,0.0,568536.3725306713,
apc,501,native_real_freqhrl,supported_native_episode_loop,-2911.223,123.33838950279292,0.4386,22931.626217978697,22931.626217978697,22931.626217978697,0.0,123.39196336858059,0.6072275030527927,1.0,0.7459433468506856,0.031266658832049606,0.0,0.0,0.0,0.0,0.0,0.0,1.0,0.0,1.0,0.0,0.0,1.0,0.0,0.0,1.0,0.0,0.5600251479694843,31.764342605864147,0.4555732972221305,0.6863642340595788,0.8023537146411273,-0.09949927254044037,0.0711662849364609,0.0,0.0,88.0,123.567,123.5665386573569,22915.0,22915.0,22915.0,0.0,0.9037085232701888,1.0,0.4156554494673975,0.22861049720706866,0.17457528877630696,16.6262179786959,0.15776517641950313,569083.4753727552,auditable native service-response adapter: raw simulator wait/alighting/throughput are preserved and Freq-HRL lower/upper control diagnostics are mapped to service outcomes
