{
 "exp": "H_hiro_no_csbapr",
 "seed": 42,
 "ep": 99,
 "wait_mean": 5.8209,
 "wait_std": 2.3981744077526974,
 "cv_mean": 0.48205,
 "cv_std": 0.07232849715015514,
 "overshoot_mean": 1.75,
 "overshoot_std": 1.3738631664034087,
 "composite_mean": 1.5722306593406592,
 "composite_std": 0.606501839752545,
 "n_eps": 20,
 "wall_s": 1133.5
}