{
 "exp": "H_hiro_no_csbapr",
 "seed": 456,
 "ep": 249,
 "wait_mean": 5.08085,
 "wait_std": 1.648419160134946,
 "cv_mean": 0.5191600000000001,
 "cv_std": 0.08479121652624168,
 "overshoot_mean": 1.85,
 "overshoot_std": 1.2757350822173072,
 "composite_mean": 1.5424785164835164,
 "composite_std": 0.5250523075164637,
 "n_eps": 20,
 "wall_s": 1134.4
}