{
 "exp": "H_hiro_no_csbapr",
 "seed": 456,
 "ep": 199,
 "wait_mean": 6.568950000000001,
 "wait_std": 3.5300443407271813,
 "cv_mean": 0.566215,
 "cv_std": 0.12665499309146877,
 "overshoot_mean": 1.85,
 "overshoot_std": 1.2757350822173072,
 "composite_mean": 1.7383435164835164,
 "composite_std": 0.5733799909247999,
 "n_eps": 20,
 "wall_s": 1169.5
}