{
 "exp": "H_hiro_no_csbapr",
 "seed": 123,
 "ep": 199,
 "wait_mean": 5.51875,
 "wait_std": 2.2200933060346815,
 "cv_mean": 0.48302999999999996,
 "cv_std": 0.06390270025593599,
 "overshoot_mean": 1.8,
 "overshoot_std": 1.2884098726725128,
 "composite_mean": 1.538600054945055,
 "composite_std": 0.5776486621967942,
 "n_eps": 20,
 "wall_s": 1495.6
}