{
 "exp": "H_hiro_no_csbapr",
 "seed": 123,
 "ep": 299,
 "wait_mean": 6.2570500000000004,
 "wait_std": 2.3678861770575037,
 "cv_mean": 0.4775600000000001,
 "cv_std": 0.13776716009267231,
 "overshoot_mean": 1.9,
 "overshoot_std": 1.2206555615733703,
 "composite_mean": 1.62183184981685,
 "composite_std": 0.6462330522424062,
 "n_eps": 20,
 "wall_s": 1564.3
}