{
 "exp": "H_hiro_no_csbapr",
 "seed": 456,
 "ep": 149,
 "wait_mean": 5.1072,
 "wait_std": 2.0171888756385705,
 "cv_mean": 0.49194499999999997,
 "cv_std": 0.06583117403631808,
 "overshoot_mean": 1.65,
 "overshoot_std": 1.3143439428094914,
 "composite_mean": 1.4704168315018313,
 "composite_std": 0.5701590183321943,
 "n_eps": 20,
 "wall_s": 1317.5
}