{
 "exp": "H_hiro_no_csbapr",
 "seed": 42,
 "ep": 49,
 "wait_mean": 5.779649999999999,
 "wait_std": 2.3159661110430783,
 "cv_mean": 0.47215000000000007,
 "cv_std": 0.06291969882318255,
 "overshoot_mean": 1.55,
 "overshoot_std": 1.3955285736952865,
 "composite_mean": 1.5097624358974358,
 "composite_std": 0.5235628728264493,
 "n_eps": 20,
 "wall_s": 1055.5
}