{
 "exp": "H_hiro_no_csbapr",
 "seed": 42,
 "ep": 249,
 "wait_mean": 5.587,
 "wait_std": 1.9455215239107482,
 "cv_mean": 0.5426249999999999,
 "cv_std": 0.09822402901021725,
 "overshoot_mean": 2.0,
 "overshoot_std": 1.140175425099138,
 "composite_mean": 1.6339394688644684,
 "composite_std": 0.5429558435447142,
 "n_eps": 20,
 "wall_s": 1462.3
}