{
 "exp": "H_hiro_no_csbapr",
 "seed": 456,
 "ep": 49,
 "wait_mean": 8.277899999999999,
 "wait_std": 4.826419510361693,
 "cv_mean": 0.5841149999999999,
 "cv_std": 0.13985545135960914,
 "overshoot_mean": 2.75,
 "overshoot_std": 0.5361902647381804,
 "composite_mean": 2.1244393406593405,
 "composite_std": 0.6907468869365206,
 "n_eps": 20,
 "wall_s": 1571.7
}