{
 "method": "ga",
 "seed": 42,
 "ep": 249,
 "headways": [
  297.2514413364656,
  300.0,
  240.0
 ],
 "wait_mean": 6.484089385543673,
 "wait_std": 3.05588954005459,
 "cv_mean": 0.48440596084908316,
 "cv_std": 0.07061040853609554,
 "overshoot_mean": 1.75,
 "overshoot_std": 1.3738631664034087,
 "composite_mean": 1.6409055587441095,
 "composite_std": 0.6090379230283679,
 "n_eps": 20,
 "wall_s": 659.4
}