{
 "method": "ga",
 "seed": 123,
 "ep": 199,
 "headways": [
  365.6091899201497,
  317.0877647866805,
  240.0
 ],
 "wait_mean": 8.00253430675545,
 "wait_std": 5.570210399853638,
 "cv_mean": 0.5589225855901633,
 "cv_std": 0.14027893073185535,
 "overshoot_mean": 2.65,
 "overshoot_std": 0.653834841531101,
 "composite_mean": 2.0450436902583826,
 "composite_std": 0.7768422498737408,
 "n_eps": 20,
 "wall_s": 748.9
}