{
 "method": "ga",
 "seed": 456,
 "ep": 99,
 "headways": [
  341.8994287999759,
  360.3445610056799,
  295.177999256334
 ],
 "wait_mean": 8.99250966057247,
 "wait_std": 5.545685641648199,
 "cv_mean": 0.5304055969738168,
 "cv_std": 0.16226647923337498,
 "overshoot_mean": 2.5,
 "overshoot_std": 0.8660254037844386,
 "composite_mean": 2.0845420941665953,
 "composite_std": 0.8892495676426213,
 "n_eps": 20,
 "wall_s": 684.0
}