{
 "method": "ga",
 "seed": 123,
 "ep": 49,
 "headways": [
  365.6091899201497,
  317.0877647866805,
  240.0
 ],
 "wait_mean": 6.802444643774473,
 "wait_std": 3.4219694462404364,
 "cv_mean": 0.49780784124064503,
 "cv_std": 0.14885550291885802,
 "overshoot_mean": 1.8,
 "overshoot_std": 1.32664991614216,
 "composite_mean": 1.6897143935301802,
 "composite_std": 0.7231908248505434,
 "n_eps": 20,
 "wall_s": 725.5
}