{
 "method": "ga",
 "seed": 42,
 "ep": 299,
 "headways": [
  297.2514413364656,
  300.0,
  240.0
 ],
 "wait_mean": 5.116550040536714,
 "wait_std": 1.2481435198303665,
 "cv_mean": 0.46281194312077256,
 "cv_std": 0.07494966600227249,
 "overshoot_mean": 1.55,
 "overshoot_std": 1.3955285736952865,
 "composite_mean": 1.4350759215334183,
 "composite_std": 0.5227420331902342,
 "n_eps": 20,
 "wall_s": 745.8
}