{
 "method": "ga",
 "seed": 42,
 "ep": 49,
 "headways": [
  297.2514413364656,
  300.0,
  240.0
 ],
 "wait_mean": 15.162867566640841,
 "wait_std": 11.589562016628117,
 "cv_mean": 0.49769074800926283,
 "cv_std": 0.11533231006797118,
 "overshoot_mean": 2.95,
 "overshoot_std": 0.21794494717703367,
 "composite_mean": 2.785886845332687,
 "composite_std": 1.3284824770160313,
 "n_eps": 20,
 "wall_s": 710.3
}