{
 "method": "ga",
 "seed": 456,
 "ep": 149,
 "headways": [
  341.8994287999759,
  360.3445610056799,
  295.177999256334
 ],
 "wait_mean": 5.700335454135185,
 "wait_std": 1.8099035268163453,
 "cv_mean": 0.5126485038671174,
 "cv_std": 0.1066130471798593,
 "overshoot_mean": 1.85,
 "overshoot_std": 1.2359207094308275,
 "composite_mean": 1.5897104375590243,
 "composite_std": 0.5359434031074004,
 "n_eps": 20,
 "wall_s": 668.6
}