{
 "method": "ga",
 "seed": 123,
 "ep": 299,
 "headways": [
  365.6091899201497,
  317.0877647866805,
  240.0
 ],
 "wait_mean": 6.234306311251456,
 "wait_std": 2.4332923053093105,
 "cv_mean": 0.5453596148837345,
 "cv_std": 0.10127549843966825,
 "overshoot_mean": 2.25,
 "overshoot_std": 0.9420721840708386,
 "composite_mean": 1.7487307221993564,
 "composite_std": 0.45806394871927253,
 "n_eps": 20,
 "wall_s": 687.7
}