{
 "method": "ga",
 "seed": 42,
 "ep": 119,
 "headways": [
  339.5210070570546,
  308.561402673348,
  282.1172855454464
 ],
 "wait_mean": 5.3217026551665585,
 "wait_std": 1.9137250302244235,
 "cv_mean": 0.4737079337524567,
 "cv_std": 0.07913464697486325,
 "overshoot_mean": 1.65,
 "overshoot_std": 1.3518505834595773,
 "composite_mean": 1.481597063737977,
 "composite_std": 0.56311346363458,
 "n_eps": 20,
 "wall_s": 676.7
}