{
 "method": "ga",
 "seed": 456,
 "ep": 249,
 "headways": [
  341.8994287999759,
  360.3445610056799,
  295.177999256334
 ],
 "wait_mean": 6.2184295408863175,
 "wait_std": 3.2834764467142543,
 "cv_mean": 0.5410247643116691,
 "cv_std": 0.11451573959146391,
 "overshoot_mean": 1.8,
 "overshoot_std": 1.2884098726725126,
 "composite_mean": 1.6665627733453559,
 "composite_std": 0.672432393843276,
 "n_eps": 20,
 "wall_s": 643.3
}