{
 "method": "ga",
 "seed": 123,
 "ep": 119,
 "headways": [
  396.00317204492774,
  416.66884384262255,
  510.2703087265527
 ],
 "wait_mean": 19.376598984435134,
 "wait_std": 8.137587227541223,
 "cv_mean": 0.8305917175845681,
 "cv_std": 0.24620008835765703,
 "overshoot_mean": 2.0,
 "overshoot_std": 1.224744871391589,
 "composite_mean": 3.316763520789986,
 "composite_std": 0.9961631308502717,
 "n_eps": 20,
 "wall_s": 1173.9
}