{
 "method": "ga",
 "seed": 42,
 "ep": 99,
 "headways": [
  297.2514413364656,
  300.0,
  240.0
 ],
 "wait_mean": 5.67893078834811,
 "wait_std": 1.706040439213985,
 "cv_mean": 0.5031508456502513,
 "cv_std": 0.06730467207110251,
 "overshoot_mean": 1.75,
 "overshoot_std": 1.3369741957120937,
 "composite_mean": 1.5711675508586886,
 "composite_std": 0.5387482791458881,
 "n_eps": 20,
 "wall_s": 637.5
}