{
 "method": "ga",
 "seed": 456,
 "ep": 199,
 "headways": [
  341.8994287999759,
  360.3445610056799,
  295.177999256334
 ],
 "wait_mean": 6.499890586235727,
 "wait_std": 3.9656951366537454,
 "cv_mean": 0.578552975284077,
 "cv_std": 0.11897959623072085,
 "overshoot_mean": 2.2,
 "overshoot_std": 1.0295630140987,
 "composite_mean": 1.8051491767647927,
 "composite_std": 0.670957485371452,
 "n_eps": 20,
 "wall_s": 669.3
}