{
 "method": "ga",
 "seed": 42,
 "ep": 199,
 "headways": [
  297.2514413364656,
  300.0,
  240.0
 ],
 "wait_mean": 6.537660743561713,
 "wait_std": 3.9918238593190116,
 "cv_mean": 0.5324737938940739,
 "cv_std": 0.0923359199988145,
 "overshoot_mean": 1.85,
 "overshoot_std": 1.2757350822173072,
 "composite_mean": 1.701473384733762,
 "composite_std": 0.6729509873421894,
 "n_eps": 20,
 "wall_s": 677.2
}