{
 "method": "ga",
 "seed": 456,
 "ep": 299,
 "headways": [
  341.8994287999759,
  360.3445610056799,
  295.177999256334
 ],
 "wait_mean": 7.402425821874497,
 "wait_std": 3.78985692610073,
 "cv_mean": 0.5379346364389159,
 "cv_std": 0.10450320877804033,
 "overshoot_mean": 2.35,
 "overshoot_std": 0.9630680142129111,
 "composite_mean": 1.8952056069047536,
 "composite_std": 0.691012425074611,
 "n_eps": 20,
 "wall_s": 672.6
}