{
 "method": "ga",
 "seed": 123,
 "ep": 99,
 "headways": [
  365.6091899201497,
  317.0877647866805,
  240.0
 ],
 "wait_mean": 5.163605874750525,
 "wait_std": 1.1552994487895443,
 "cv_mean": 0.5152979525989674,
 "cv_std": 0.0922064720153303,
 "overshoot_mean": 1.85,
 "overshoot_std": 1.2757350822173072,
 "composite_mean": 1.5468920565575366,
 "composite_std": 0.533464920899411,
 "n_eps": 20,
 "wall_s": 778.1
}