{
 "method": "ga",
 "seed": 123,
 "ep": 249,
 "headways": [
  365.6091899201497,
  317.0877647866805,
  240.0
 ],
 "wait_mean": 6.596715919801218,
 "wait_std": 4.099722998861,
 "cv_mean": 0.5320770248910504,
 "cv_std": 0.08100703037855916,
 "overshoot_mean": 2.25,
 "overshoot_std": 0.9420721840708386,
 "composite_mean": 1.7716890930616487,
 "composite_std": 0.6756573094969334,
 "n_eps": 20,
 "wall_s": 724.6
}