{
 "method": "ga",
 "seed": 42,
 "ep": 149,
 "headways": [
  297.2514413364656,
  300.0,
  240.0
 ],
 "wait_mean": 9.282575304480186,
 "wait_std": 9.169021127148547,
 "cv_mean": 0.49945672719709505,
 "cv_std": 0.09734245896051456,
 "overshoot_mean": 2.3,
 "overshoot_std": 0.9539392014169457,
 "composite_mean": 2.0268855030663593,
 "composite_std": 1.1811027048473124,
 "n_eps": 20,
 "wall_s": 668.3
}