{
 "method": "ga",
 "seed": 123,
 "ep": 149,
 "headways": [
  365.6091899201497,
  317.0877647866805,
  240.0
 ],
 "wait_mean": 7.9240015114360745,
 "wait_std": 3.669794258583978,
 "cv_mean": 0.5681962453417293,
 "cv_std": 0.10604579393495076,
 "overshoot_mean": 2.8,
 "overshoot_std": 0.5099019513592784,
 "composite_mean": 2.089797403811344,
 "composite_std": 0.5071840038396439,
 "n_eps": 20,
 "wall_s": 788.2
}