{
 "method": "ga",
 "seed": 456,
 "ep": 119,
 "headways": [
  283.57296368750286,
  300.0,
  476.7236863112397
 ],
 "wait_mean": 7.854706361416279,
 "wait_std": 6.073953853464705,
 "cv_mean": 1.1833308006306162,
 "cv_std": 0.5512049492824239,
 "overshoot_mean": 2.05,
 "overshoot_std": 1.16081867662439,
 "composite_mean": 2.5206466748674825,
 "composite_std": 0.7171495796895696,
 "n_eps": 20,
 "wall_s": 1616.4
}