{
 "method": "ga",
 "seed": 456,
 "ep": 49,
 "headways": [
  341.8994287999759,
  360.3445610056799,
  295.177999256334
 ],
 "wait_mean": 6.254304217747122,
 "wait_std": 1.4787193586560632,
 "cv_mean": 0.4588243060245126,
 "cv_std": 0.09986690469280805,
 "overshoot_mean": 1.9,
 "overshoot_std": 1.260952021291849,
 "composite_mean": 1.6102025299970268,
 "composite_std": 0.5013284695035934,
 "n_eps": 20,
 "wall_s": 690.9
}