{"avg_wait_min": [5.447], "peak_fleet": [16.0], "headway_cv": [0.5833], "lower_lambda": [0.9970127940177917], "lower_alpha": [0.1], "lower_q_mean": [-1.9642693996429443], "lower_q_std": [1.8534951210021973], "upper_delta_mean": [-19.06], "upper_q_mean": [-1.3039894104003906], "hold_fb_mean": [21.414486921529175], "hold_penalty_mean": [0.35685109720867053], "freq_holdfb_same_hold": [0.0], "freq_holdfb_same_wait": [0.0], "theta_wait": [0.5039240067237886], "theta_fleet": [0.3090065258216382], "surprise": [0.4471], "belief_window": [10.3], "upper_hf_power_ratio": [0.04529278028535312], "lower_lf_drift_ratio": [0.9861002081388187], "demand_attr_score": [0.006710945215000442], "demand_attr_mi_score": [0.02288122959696086], "shock_response_time_mean_s": [8.857142857142858], "shock_response_hit_rate": [1.0], "upper_plan_penalty_mean": [0.0], "freq_wait_lower_penalty_mean": [0.0], "freq_wait_lower_board_credit_mean": [0.0], "freq_wait_lower_net_mean": [0.0], "freq_wait_upper_credit_mean": [0.0], "freq_wait_low_share_mean": [0.0], "freq_wait_lower_high_share_mean": [0.0], "freq_middle": [0.01775385753611883], "freq_middle_energy": [0.01775385753611883], "upper_plan_target_mean": [340.94410863086466], "upper_plan_decisions": [108.0], "upper_plan_reuse_ratio": [0.5877862595419847], "terminal_launch_shift_mean": [0.011450381679389313], "freq_promotion_flag": [0.0], "freq_promotion_strength": [0.0], "freq_promotion_absorbed": [0.0]}