{
 "exp": "H_hiro_no_morl",
 "seed": 42,
 "ep": 49,
 "wait_mean": 5.33235,
 "wait_std": 1.6914250286370955,
 "cv_mean": 0.4565,
 "cv_std": 0.06614608076069207,
 "overshoot_mean": 1.6,
 "overshoot_std": 1.392838827718412,
 "composite_mean": 1.461882435897436,
 "composite_std": 0.5325343011773889,
 "n_eps": 20,
 "wall_s": 329.8
}