{
 "exp": "H_hiro_no_morl",
 "seed": 456,
 "ep": 299,
 "wait_mean": 8.406749999999999,
 "wait_std": 6.416307036567062,
 "cv_mean": 0.5294800000000001,
 "cv_std": 0.11509165304226018,
 "overshoot_mean": 2.15,
 "overshoot_std": 1.1521718621802912,
 "composite_mean": 1.9519452930402927,
 "composite_std": 0.9678910379731275,
 "n_eps": 20,
 "wall_s": 344.8
}