{
 "exp": "H_hiro_no_morl",
 "seed": 123,
 "ep": 199,
 "wait_mean": 6.29705,
 "wait_std": 2.7477432280873697,
 "cv_mean": 0.5194249999999999,
 "cv_std": 0.08614696671967041,
 "overshoot_mean": 1.8,
 "overshoot_std": 1.2884098726725128,
 "composite_mean": 1.6528250549450547,
 "composite_std": 0.6496240961206321,
 "n_eps": 20,
 "wall_s": 348.8
}