{
 "exp": "H_hiro_no_morl",
 "seed": 123,
 "ep": 49,
 "wait_mean": 5.7577,
 "wait_std": 2.449049593209578,
 "cv_mean": 0.445765,
 "cv_std": 0.06743138197456729,
 "overshoot_mean": 1.55,
 "overshoot_std": 1.3955285736952865,
 "composite_mean": 1.4821439743589744,
 "composite_std": 0.4068980416872412,
 "n_eps": 20,
 "wall_s": 339.5
}