{
 "exp": "H_hiro_no_morl",
 "seed": 456,
 "ep": 149,
 "wait_mean": 5.2917499999999995,
 "wait_std": 1.854737013029071,
 "cv_mean": 0.48294500000000007,
 "cv_std": 0.08168571157185324,
 "overshoot_mean": 1.6,
 "overshoot_std": 1.4282856857085702,
 "composite_mean": 1.493562307692308,
 "composite_std": 0.5730990156242353,
 "n_eps": 20,
 "wall_s": 336.7
}