{
 "exp": "H_hiro_no_morl",
 "seed": 456,
 "ep": 49,
 "wait_mean": 6.66545,
 "wait_std": 2.226902141428761,
 "cv_mean": 0.547165,
 "cv_std": 0.1322721069424692,
 "overshoot_mean": 2.15,
 "overshoot_std": 1.194780314534852,
 "composite_mean": 1.8028812454212457,
 "composite_std": 0.600209616382055,
 "n_eps": 20,
 "wall_s": 345.7
}