{
 "exp": "H_hiro_no_morl",
 "seed": 42,
 "ep": 149,
 "wait_mean": 5.3544,
 "wait_std": 1.388912682640633,
 "cv_mean": 0.462725,
 "cv_std": 0.08313022239234057,
 "overshoot_mean": 1.6,
 "overshoot_std": 1.392838827718412,
 "composite_mean": 1.4703124358974358,
 "composite_std": 0.5310353261533525,
 "n_eps": 20,
 "wall_s": 344.1
}