{
 "exp": "H_hiro_no_morl",
 "seed": 42,
 "ep": 199,
 "wait_mean": 7.1825,
 "wait_std": 3.8085003413417198,
 "cv_mean": 0.49113999999999997,
 "cv_std": 0.08692494118490965,
 "overshoot_mean": 1.7,
 "overshoot_std": 1.4177446878757827,
 "composite_mean": 1.713909230769231,
 "composite_std": 0.6410922860465585,
 "n_eps": 20,
 "wall_s": 346.0
}