{
 "exp": "H_hiro_no_morl",
 "seed": 456,
 "ep": 249,
 "wait_mean": 5.5414,
 "wait_std": 2.1714425481693045,
 "cv_mean": 0.50246,
 "cv_std": 0.15098803727448082,
 "overshoot_mean": 1.75,
 "overshoot_std": 1.3738631664034087,
 "composite_mean": 1.5646906593406595,
 "composite_std": 0.667583471772378,
 "n_eps": 20,
 "wall_s": 342.9
}