{
 "exp": "H_hiro_no_morl",
 "seed": 456,
 "ep": 99,
 "wait_mean": 5.470149999999999,
 "wait_std": 1.4429949852650217,
 "cv_mean": 0.479475,
 "cv_std": 0.08841214777958965,
 "overshoot_mean": 1.65,
 "overshoot_std": 1.3518505834595773,
 "composite_mean": 1.5022088644688643,
 "composite_std": 0.5350998787410604,
 "n_eps": 20,
 "wall_s": 336.6
}