{
 "exp": "H_hiro_no_morl",
 "seed": 42,
 "ep": 299,
 "wait_mean": 6.0306,
 "wait_std": 2.447448536741886,
 "cv_mean": 0.52459,
 "cv_std": 0.10571328629836459,
 "overshoot_mean": 1.8,
 "overshoot_std": 1.2884098726725128,
 "composite_mean": 1.631345054945055,
 "composite_std": 0.5544132839189759,
 "n_eps": 20,
 "wall_s": 352.3
}