{
 "exp": "H_hiro_no_morl",
 "seed": 42,
 "ep": 99,
 "wait_mean": 5.3946000000000005,
 "wait_std": 2.2395020071435523,
 "cv_mean": 0.50744,
 "cv_std": 0.15589662408147267,
 "overshoot_mean": 1.55,
 "overshoot_std": 1.3955285736952865,
 "composite_mean": 1.5075089743589747,
 "composite_std": 0.6725516306479713,
 "n_eps": 20,
 "wall_s": 342.6
}