{
 "exp": "H_hiro_no_morl",
 "seed": 123,
 "ep": 99,
 "wait_mean": 5.023349999999999,
 "wait_std": 0.7942736477436477,
 "cv_mean": 0.43474500000000005,
 "cv_std": 0.06013730518571646,
 "overshoot_mean": 1.6,
 "overshoot_std": 1.392838827718412,
 "composite_mean": 1.409227435897436,
 "composite_std": 0.46232726668964763,
 "n_eps": 20,
 "wall_s": 335.5
}