{
 "exp": "H_hiro_no_morl",
 "seed": 123,
 "ep": 149,
 "wait_mean": 5.375349999999999,
 "wait_std": 1.458800338463081,
 "cv_mean": 0.49924500000000005,
 "cv_std": 0.06807182585328529,
 "overshoot_mean": 1.55,
 "overshoot_std": 1.3955285736952865,
 "composite_mean": 1.4973889743589743,
 "composite_std": 0.5574136814399839,
 "n_eps": 20,
 "wall_s": 334.2
}