{
 "exp": "H_hiro_no_morl",
 "seed": 42,
 "ep": 249,
 "wait_mean": 6.3056,
 "wait_std": 2.1488762737765987,
 "cv_mean": 0.54006,
 "cv_std": 0.06856248536918713,
 "overshoot_mean": 1.85,
 "overshoot_std": 1.2757350822173072,
 "composite_mean": 1.6850293406593404,
 "composite_std": 0.549678763682994,
 "n_eps": 20,
 "wall_s": 349.5
}