{
 "exp": "H_hiro_no_morl",
 "seed": 456,
 "ep": 199,
 "wait_mean": 5.99375,
 "wait_std": 3.6573392633853365,
 "cv_mean": 0.47067000000000003,
 "cv_std": 0.07683195363909472,
 "overshoot_mean": 1.55,
 "overshoot_std": 1.3955285736952865,
 "composite_mean": 1.5306539743589744,
 "composite_std": 0.6840087384287284,
 "n_eps": 20,
 "wall_s": 341.1
}