{
 "exp": "H_hiro_no_morl",
 "seed": 123,
 "ep": 299,
 "wait_mean": 6.9798,
 "wait_std": 4.680121041169769,
 "cv_mean": 0.5603849999999999,
 "cv_std": 0.08741780868335698,
 "overshoot_mean": 2.0,
 "overshoot_std": 1.224744871391589,
 "composite_mean": 1.8068769047619049,
 "composite_std": 0.8094023154633477,
 "n_eps": 20,
 "wall_s": 354.8
}