{
 "exp": "H_hiro_no_morl",
 "seed": 123,
 "ep": 249,
 "wait_mean": 5.9092,
 "wait_std": 1.8403202601721256,
 "cv_mean": 0.532795,
 "cv_std": 0.08964913538344918,
 "overshoot_mean": 1.85,
 "overshoot_std": 1.2757350822173072,
 "composite_mean": 1.6389485164835165,
 "composite_std": 0.605455072479371,
 "n_eps": 20,
 "wall_s": 359.8
}