{"avg_reward": [-0.6203245860141705, -0.45813907097539214, -0.40661444512028094, -0.42095595391982726, -0.36674113237631306, -0.34627303532154313, -0.3641173282360358, -0.3567501236323723, -0.37050469975682, -0.38202907872509595, -0.3626596486086992, -0.38747126698759254, -0.39112558068086795, -0.39514021633716706, -0.41110936780265916, -0.40209015276878113, -0.37601239274680937, -0.40964003291504864, -0.3865864803801149, -0.39333488732465977, -1.0726725103418542, -1.1541713455516052, -1.1327495089442756, -1.1267709797617607, -0.7281182555333972, -0.9082193698104585, -0.651514475407726, -0.89004728839171, -0.8836147561156291, -1.118507488694581, -1.0259388650224328, -0.5612809024927812, -0.864641498906466, -0.5135539160104913, -0.6475242840926554, -0.97614482842148, -0.5112614779900211, -0.5795493795955504, -0.6850691922896861, -0.7150418472600376, -1.0718596685274, -0.6816887202755679, -0.6582387402736609, -0.8659299470752001, -1.0072797535436047, -0.6556549154189826, -0.9007497790561385, -0.5112910740759784, -0.6482846132959248, -0.5174509326230403, -0.6738028870247376, -0.9077709071961513, -1.0192426048580054, -1.0516175238355767, -0.7791418063671364, -0.6517697162409467, -0.6872031091721463, -0.9801033653829712, -1.016641814584911, -0.9050653526226172, -0.4900357011100585, -0.6649528016208779, -0.6644018662453273, -0.6578643098652772, -1.0439951567822578, -0.47737055748042223, -0.6767414527388149, -0.7043520760484107, -0.6583176215781772, -1.0862260674961954, -0.9071961064358098, -0.68336688880846, -0.671164000228666, -0.9997281269487847, -0.6760488891858706, -0.6144658627543166, -0.9753038384056604, -0.6710976422228839, -0.5020940737669819, -1.0462577708740928, -0.6800356148194424, -1.049883982080576, -0.6707931644586684, -0.7896799368027272, -0.8814838949912317, -0.6165192601091168, -0.6523450684905885, -0.6874899137522442, -0.6814845862269969, -0.6694230228888148, -0.6343384430133618, -0.5582969966057323, -0.6651838245561468, -0.891649399720767, -0.6695633801615029, -0.9549318917010122, -0.9754274851987794, -0.5497345092455229, -0.6782285866414353, -0.7899378829168977], "sys_reward": [-1.6990127729412847, -2.1175143391926485, -3.0428777991187577, -3.0999061614055896, -2.9619098565941133, -2.1602359681920884, -2.3645268531787536, -2.2664870227971785, -2.1762274482716917, -2.180772912506698, -1.6563692110220973, -1.7105899781799332, -1.6809176498418852, -1.7110455177246169, -1.6339482818595539, -1.6143947859284513, -2.3734922350261645, -1.6787042514239867, -2.206803067974917, -1.6346795164572505, -7.549671170909817, -9.43696542266381, -12.841140375167985, -5.670845868138517, -1.8672707903198402, -4.689052024722104, -3.2878756888255287, -6.891421249415145, -7.899525858080196, -4.858966644905636, -4.156725574702804, -3.4685760146386277, -13.308329065904243, -1.716374891010029, -1.7708462145174213, -4.65338968721938, -2.797770186776223, -1.773750908075419, -1.6802324350199809, -2.886744662820157, -5.5709359408084556, -1.6572177501417134, -2.2215795880067937, -5.011696180382954, -11.585466527844853, -2.3709389611636364, -4.0509523084476875, -2.2224165104086078, -2.3649044363159986, -2.8528462510494075, -2.384430834098903, -3.4003990260509176, -4.033980619986946, -7.399740465339658, -2.882376899905471, -2.3034349316393836, -2.2565465754797174, -9.927738399863555, -5.3809956164004, -7.479530661595728, -2.3353892705217474, -3.0796051639677957, -2.293947239044739, -2.2781118414066537, -4.549293065320765, -2.2998260477159853, -2.271648573840845, -3.45950517456491, -2.254178494305791, -8.08578302698948, -3.332525110447369, -2.3092148632758915, -2.345706733676196, -4.5878000699559776, -2.131531894686841, -2.2469143491415076, -2.6810234509038406, -2.2306964079534137, -4.346436715419548, -4.887085213330806, -2.3368853104074176, -3.741984770250726, -1.8234199141520455, -2.216326999137508, -3.052490329820294, -1.5833143624398809, -1.6872319898525956, -2.153583563164501, -3.1781053597642974, -3.2731964540611447, -2.283757996684824, -1.6269645546941667, -1.6881047555612119, -2.535933654554164, -2.290331945523821, -3.564286289425074, -2.482014377026079, -1.5405361100110873, -1.729862048077152, -1.9780540954249874], "avg_wait": [4.240493629543397, 4.056064810307338, 3.935770598744489, 4.104450927952022, 3.5843645237625714, 3.5959088693957115, 3.814966869042956, 4.278154676673414, 3.751504562220928, 3.755053248399256, 3.6693976455949047, 4.27655499285807, 3.936626920653386, 3.661005470387841, 4.155134442606467, 3.6657087561800674, 3.906307330205865, 3.768563638759843, 3.688587153843615, 3.637450846019547, 69.09136858950866, 86.337810377033, 124.7838939926915, 49.52732019219855, 7.0257292538516385, 26.066913621821858, 8.965271795346828, 57.51021137035487, 59.73486999430632, 41.31916548163522, 36.15189753320683, 8.390536762434353, 107.78379464446607, 3.8200221494925453, 4.343207091313461, 26.89122408619749, 3.870072826950838, 4.314103931358767, 3.7643200582807186, 14.169064684147264, 42.345304060617835, 3.81934622109967, 3.667889780315335, 32.10316965602295, 88.21225259651186, 3.7509573755493473, 23.417154926486724, 3.7817472343060103, 3.611353828250012, 5.954075167913114, 4.124241832617467, 12.669973827699017, 12.045248214259086, 48.265420386904765, 3.8780827675396052, 4.301830367384394, 4.780375752238368, 85.12631079050196, 15.038362629494879, 49.01966255144033, 3.8606872149453832, 3.969222167809337, 4.048806163828062, 3.5726106194690264, 24.82079829902387, 3.6352534638132425, 3.6625912498162756, 4.885623482815894, 3.6171243195956455, 66.53887341833993, 4.544647350243019, 3.6792865012415112, 3.766537785877292, 11.796439616974455, 3.7041185470338567, 3.6530192998056847, 7.693433866006452, 4.223663472296542, 4.443476759500176, 32.00945030713498, 3.748316514730496, 18.922799623433992, 3.673733668176745, 6.950472430162497, 13.589665284144655, 3.5620707468267248, 3.624376003503138, 3.673903852432256, 4.361694460603711, 4.89492610441767, 3.7544710255276645, 4.3356426198230205, 3.970163051390304, 8.811973902836847, 3.782732450941657, 9.865326270874714, 5.755531305415359, 3.4891069538176525, 3.6234986198899177, 3.72890906470673], "peak_fleet": [15.0, 16.0, 17.0, 17.0, 17.0, 16.0, 16.0, 16.0, 16.0, 16.0, 15.0, 15.0, 15.0, 15.0, 15.0, 15.0, 16.0, 15.0, 16.0, 15.0, 13.0, 11.0, 11.0, 13.0, 15.0, 16.0, 16.0, 15.0, 16.0, 14.0, 13.0, 16.0, 17.0, 15.0, 15.0, 16.0, 15.0, 15.0, 15.0, 14.0, 15.0, 15.0, 16.0, 16.0, 17.0, 16.0, 16.0, 16.0, 16.0, 15.0, 16.0, 16.0, 17.0, 17.0, 16.0, 16.0, 16.0, 15.0, 18.0, 17.0, 16.0, 17.0, 16.0, 16.0, 16.0, 16.0, 16.0, 16.0, 16.0, 15.0, 17.0, 16.0, 16.0, 18.0, 16.0, 16.0, 16.0, 16.0, 16.0, 16.0, 16.0, 16.0, 15.0, 15.0, 16.0, 15.0, 15.0, 16.0, 15.0, 15.0, 16.0, 15.0, 15.0, 16.0, 16.0, 17.0, 15.0, 15.0, 15.0, 15.0],