{
 "exp": "H_hiro_no_demand_noise",
 "seed": 42,
 "label": "in_dist",
 "demand_noise": 0.0,
 "best_ep": 299,
 "n_eps": 10,
 "wait_mean": 3.6771000000000003,
 "wait_std": 0.14144147199460277,
 "cv_mean": 0.52137,
 "cv_std": 0.07343561874186123,
 "overshoot_mean": 1.8,
 "overshoot_std": 1.2489995996796797,
 "peak_fleet_mean": 14.6,
 "peak_fleet_std": 0.6633249580710799,
 "N_fleet_mean": 12.8,
 "N_fleet_std": 1.7204650534085253,
 "raw": {
  "wait": [
   3.641,
   3.758,
   3.582,
   3.548,
   3.88,
   3.971,
   3.671,
   3.561,
   3.636,
   3.523
  ],
  "cv": [
   0.416,
   0.633,
   0.5346,
   0.4835,
   0.5568,
   0.5967,
   0.4864,
   0.5552,
   0.5632,
   0.3883
  ],
  "overshoot": [
   1.0,
   3.0,
   0.0,
   3.0,
   1.0,
   3.0,
   1.0,
   0.0,
   3.0,
   3.0
  ],
  "peak_fleet": [
   15.0,
   14.0,
   15.0,
   15.0,
   15.0,
   13.0,
   15.0,
   15.0,
   15.0,
   14.0
  ],
  "N_fleet": [
   14,
   11,
   15,
   12,
   14,
   10,
   14,
   15,
   12,
   11
  ]
 }
}