{
 "exp": "H_hiro_no_demand_noise",
 "seed": 123,
 "label": "ood_noisy",
 "demand_noise": 0.15,
 "best_ep": 99,
 "n_eps": 10,
 "wait_mean": 5.678299999999999,
 "wait_std": 1.4882134289140114,
 "cv_mean": 0.45171,
 "cv_std": 0.08836892496799992,
 "overshoot_mean": 2.5,
 "overshoot_std": 1.02469507659596,
 "peak_fleet_mean": 12.7,
 "peak_fleet_std": 1.2688577540449522,
 "N_fleet_mean": 10.2,
 "N_fleet_std": 2.0880613017821097,
 "raw": {
  "wait": [
   3.859,
   5.936,
   7.667,
   5.818,
   6.697,
   3.656,
   4.144,
   7.415,
   4.334,
   7.257
  ],
  "cv": [
   0.5138,
   0.4115,
   0.4827,
   0.3443,
   0.4145,
   0.2929,
   0.44,
   0.5917,
   0.4567,
   0.569
  ],
  "overshoot": [
   3.0,
   3.0,
   0.0,
   3.0,
   3.0,
   1.0,
   3.0,
   3.0,
   3.0,
   3.0
  ],
  "peak_fleet": [
   13.0,
   13.0,
   14.0,
   12.0,
   14.0,
   15.0,
   12.0,
   11.0,
   12.0,
   11.0
  ],
  "N_fleet": [
   10,
   10,
   14,
   9,
   11,
   14,
   9,
   8,
   9,
   8
  ]
 }
}