{
 "exp": "H_hiro_no_demand_noise",
 "seed": 456,
 "label": "ood_noisy",
 "demand_noise": 0.15,
 "best_ep": 149,
 "n_eps": 10,
 "wait_mean": 5.9643,
 "wait_std": 2.737025394474812,
 "cv_mean": 0.47811000000000003,
 "cv_std": 0.14162604598025041,
 "overshoot_mean": 2.5,
 "overshoot_std": 1.02469507659596,
 "peak_fleet_mean": 14.9,
 "peak_fleet_std": 1.374772708486752,
 "N_fleet_mean": 12.4,
 "N_fleet_std": 2.009975124224178,
 "raw": {
  "wait": [
   6.354,
   4.528,
   5.381,
   4.786,
   13.558,
   4.823,
   3.619,
   4.219,
   7.483,
   4.892
  ],
  "cv": [
   0.4589,
   0.4979,
   0.4441,
   0.2974,
   0.5466,
   0.4159,
   0.4907,
   0.3828,
   0.8536,
   0.3932
  ],
  "overshoot": [
   3.0,
   3.0,
   3.0,
   1.0,
   3.0,
   0.0,
   3.0,
   3.0,
   3.0,
   3.0
  ],
  "peak_fleet": [
   16.0,
   15.0,
   16.0,
   16.0,
   12.0,
   16.0,
   14.0,
   16.0,
   13.0,
   15.0
  ],
  "N_fleet": [
   13,
   12,
   13,
   15,
   9,
   16,
   11,
   13,
   10,
   12
  ]
 }
}