{
 "exp": "H_hiro_no_demand_noise",
 "seed": 42,
 "label": "ood_noisy",
 "demand_noise": 0.15,
 "best_ep": 299,
 "n_eps": 10,
 "wait_mean": 5.239599999999999,
 "wait_std": 1.5540505268491112,
 "cv_mean": 0.48066,
 "cv_std": 0.08855526184253536,
 "overshoot_mean": 1.8,
 "overshoot_std": 1.2489995996796797,
 "peak_fleet_mean": 14.6,
 "peak_fleet_std": 0.6633249580710799,
 "N_fleet_mean": 12.8,
 "N_fleet_std": 1.7204650534085253,
 "raw": {
  "wait": [
   3.489,
   4.614,
   8.637,
   6.8,
   5.86,
   4.435,
   3.426,
   6.015,
   3.9,
   5.22
  ],
  "cv": [
   0.4673,
   0.5857,
   0.3995,
   0.4984,
   0.4874,
   0.4179,
   0.5599,
   0.63,
   0.4418,
   0.3187
  ],
  "overshoot": [
   1.0,
   3.0,
   0.0,
   3.0,
   1.0,
   3.0,
   1.0,
   0.0,
   3.0,
   3.0
  ],
  "peak_fleet": [
   15.0,
   14.0,
   15.0,
   15.0,
   15.0,
   13.0,
   15.0,
   15.0,
   15.0,
   14.0
  ],
  "N_fleet": [
   14,
   11,
   15,
   12,
   14,
   10,
   14,
   15,
   12,
   11
  ]
 }
}