{
 "exp": "H_hiro_no_demand_noise",
 "seed": 456,
 "label": "in_dist",
 "demand_noise": 0.0,
 "best_ep": 149,
 "n_eps": 10,
 "wait_mean": 4.174799999999999,
 "wait_std": 1.2343800711288238,
 "cv_mean": 0.57401,
 "cv_std": 0.09214692018727484,
 "overshoot_mean": 2.5,
 "overshoot_std": 1.02469507659596,
 "peak_fleet_mean": 14.9,
 "peak_fleet_std": 1.374772708486752,
 "N_fleet_mean": 12.4,
 "N_fleet_std": 2.009975124224178,
 "raw": {
  "wait": [
   3.569,
   3.957,
   3.598,
   3.957,
   7.829,
   3.839,
   3.923,
   3.475,
   4.068,
   3.533
  ],
  "cv": [
   0.5009,
   0.5653,
   0.4075,
   0.5771,
   0.6766,
   0.5133,
   0.6965,
   0.5392,
   0.7174,
   0.5463
  ],
  "overshoot": [
   3.0,
   3.0,
   3.0,
   1.0,
   3.0,
   0.0,
   3.0,
   3.0,
   3.0,
   3.0
  ],
  "peak_fleet": [
   16.0,
   15.0,
   16.0,
   16.0,
   12.0,
   16.0,
   14.0,
   16.0,
   13.0,
   15.0
  ],
  "N_fleet": [
   13,
   12,
   13,
   15,
   9,
   16,
   11,
   13,
   10,
   12
  ]
 }
}