{
 "exp": "H_hiro_no_demand_noise",
 "seed": 123,
 "label": "in_dist",
 "demand_noise": 0.0,
 "best_ep": 99,
 "n_eps": 10,
 "wait_mean": 4.1917,
 "wait_std": 0.5991812830855117,
 "cv_mean": 0.48871000000000003,
 "cv_std": 0.0609881865610054,
 "overshoot_mean": 2.4,
 "overshoot_std": 1.2,
 "peak_fleet_mean": 12.6,
 "peak_fleet_std": 1.1135528725660042,
 "N_fleet_mean": 10.2,
 "N_fleet_std": 2.0880613017821097,
 "raw": {
  "wait": [
   4.371,
   3.827,
   3.733,
   3.939,
   3.719,
   3.863,
   3.946,
   5.636,
   3.918,
   4.965
  ],
  "cv": [
   0.4841,
   0.5029,
   0.4438,
   0.5343,
   0.4571,
   0.5046,
   0.4535,
   0.6261,
   0.4988,
   0.3819
  ],
  "overshoot": [
   3.0,
   3.0,
   0.0,
   3.0,
   3.0,
   0.0,
   3.0,
   3.0,
   3.0,
   3.0
  ],
  "peak_fleet": [
   13.0,
   13.0,
   14.0,
   12.0,
   14.0,
   14.0,
   12.0,
   11.0,
   12.0,
   11.0
  ],
  "N_fleet": [
   10,
   10,
   14,
   9,
   11,
   14,
   9,
   8,
   9,
   8
  ]
 }
}