{
 "method": "fixed",
 "seed": 42,
 "ep": 49,
 "headways": [
  360.0,
  360.0,
  360.0
 ],
 "wait_mean": 20.703247985399145,
 "wait_std": 16.920642147747962,
 "cv_mean": 0.5787035379174281,
 "cv_std": 0.11327907277391372,
 "overshoot_mean": 3.0,
 "overshoot_std": 0.0,
 "composite_mean": 3.436562677116684,
 "composite_std": 1.8823473262610584,
 "n_eps": 20,
 "wall_s": 740.7
}