{
 "method": "fixed",
 "seed": 456,
 "ep": 49,
 "headways": [
  360.0,
  360.0,
  360.0
 ],
 "wait_mean": 6.152132860114046,
 "wait_std": 2.4245339233901992,
 "cv_mean": 0.477011699158581,
 "cv_std": 0.09147846389301771,
 "overshoot_mean": 1.6,
 "overshoot_std": 1.3564659966250538,
 "composite_mean": 1.5561672928622932,
 "composite_std": 0.5675529425435111,
 "n_eps": 20,
 "wall_s": 682.8
}