{
 "method": "fixed",
 "seed": 456,
 "ep": 119,
 "wait_mean": 5.928789616169726,
 "wait_std": 3.304228728627352,
 "cv_mean": 0.5165714988437169,
 "cv_std": 0.08652004762702947,
 "overshoot_mean": 1.7,
 "overshoot_std": 1.307669683062202,
 "composite_mean": 1.5887407535009825,
 "composite_std": 0.7409177978957506,
 "n_eps": 20,
 "wall_s": 970.7
}