{
 "method": "fixed",
 "seed": 456,
 "ep": 299,
 "headways": [
  360.0,
  360.0,
  360.0
 ],
 "wait_mean": 6.623262693010368,
 "wait_std": 2.602077042842611,
 "cv_mean": 0.5210265868854884,
 "cv_std": 0.0807398620540814,
 "overshoot_mean": 2.05,
 "overshoot_std": 1.16081867662439,
 "composite_mean": 1.7351980942817637,
 "composite_std": 0.6129809249092666,
 "n_eps": 20,
 "wall_s": 669.1
}