{
 "method": "fixed",
 "seed": 42,
 "ep": 119,
 "wait_mean": 13.347097309115563,
 "wait_std": 9.656054053861634,
 "cv_mean": 0.5487653736834928,
 "cv_std": 0.09093094373352233,
 "overshoot_mean": 3.0,
 "overshoot_std": 0.0,
 "composite_mean": 2.67100944525439,
 "composite_std": 1.08695919306448,
 "n_eps": 20,
 "wall_s": 1071.8
}