{
 "method": "fixed",
 "seed": 42,
 "ep": 149,
 "headways": [
  360.0,
  360.0,
  360.0
 ],
 "wait_mean": 5.809998035990041,
 "wait_std": 2.1690621611628913,
 "cv_mean": 0.5613545439714204,
 "cv_std": 0.0924367650718729,
 "overshoot_mean": 2.3,
 "overshoot_std": 0.9539392014169457,
 "composite_mean": 1.7415255929916698,
 "composite_std": 0.5298419553209098,
 "n_eps": 20,
 "wall_s": 659.4
}