{
 "method": "fixed",
 "seed": 42,
 "ep": 299,
 "headways": [
  360.0,
  360.0,
  360.0
 ],
 "wait_mean": 6.65539173889385,
 "wait_std": 3.523529916200388,
 "cv_mean": 0.5421891824734519,
 "cv_std": 0.12483273636651082,
 "overshoot_mean": 2.05,
 "overshoot_std": 1.116915395184434,
 "composite_mean": 1.752192642077123,
 "composite_std": 0.7282974535274028,
 "n_eps": 20,
 "wall_s": 769.3
}