{
 "method": "fixed",
 "seed": 123,
 "ep": 49,
 "headways": [
  360.0,
  360.0,
  360.0
 ],
 "wait_mean": 6.301401148679058,
 "wait_std": 2.41333414592949,
 "cv_mean": 0.5259358757314103,
 "cv_std": 0.07123590431818248,
 "overshoot_mean": 1.85,
 "overshoot_std": 1.194780314534852,
 "composite_mean": 1.6538095070828327,
 "composite_std": 0.5896299447159284,
 "n_eps": 20,
 "wall_s": 776.1
}