{
 "method": "fixed",
 "seed": 123,
 "ep": 249,
 "headways": [
  360.0,
  360.0,
  360.0
 ],
 "wait_mean": 5.202104038243292,
 "wait_std": 1.5528702671216157,
 "cv_mean": 0.5246890092307013,
 "cv_std": 0.12142635882749168,
 "overshoot_mean": 1.85,
 "overshoot_std": 1.2757350822173072,
 "composite_mean": 1.5601329295385473,
 "composite_std": 0.6057323132612211,
 "n_eps": 20,
 "wall_s": 714.8
}