{
 "seed": 123,
 "label": "in_dist",
 "demand_noise": 0.0,
 "n_eps": 10,
 "wait_mean": 5.2753,
 "wait_std": 2.091333356975879,
 "cv_mean": 0.52612,
 "cv_std": 0.14308193317117293,
 "overshoot_mean": 2.6,
 "overshoot_std": 0.8,
 "peak_fleet_mean": 12.8,
 "peak_fleet_std": 1.4000000000000001,
 "N_fleet_mean": 10.2,
 "N_fleet_std": 2.0880613017821097,
 "raw": {
  "wait": [
   4.257,
   4.019,
   3.545,
   5.655,
   3.574,
   3.834,
   4.672,
   9.977,
   4.742,
   8.478
  ],
  "cv": [
   0.5829,
   0.6049,
   0.6921,
   0.5327,
   0.6656,
   0.5085,
   0.4761,
   0.2328,
   0.316,
   0.6496
  ],
  "overshoot": [
   3.0,
   3.0,
   1.0,
   3.0,
   3.0,
   1.0,
   3.0,
   3.0,
   3.0,
   3.0
  ],
  "peak_fleet": [
   13.0,
   13.0,
   15.0,
   12.0,
   14.0,
   15.0,
   12.0,
   11.0,
   12.0,
   11.0
  ],
  "N_fleet": [
   10,
   10,
   14,
   9,
   11,
   14,
   9,
   8,
   9,
   8
  ]
 }
}