{
 "seed": 456,
 "label": "in_dist",
 "demand_noise": 0.0,
 "n_eps": 10,
 "wait_mean": 4.7958,
 "wait_std": 2.285427784901549,
 "cv_mean": 0.54428,
 "cv_std": 0.09580421493859234,
 "overshoot_mean": 2.6,
 "overshoot_std": 0.8,
 "peak_fleet_mean": 15.0,
 "peak_fleet_std": 1.4832396974191326,
 "N_fleet_mean": 12.4,
 "N_fleet_std": 2.009975124224178,
 "raw": {
  "wait": [
   3.726,
   3.849,
   4.082,
   4.054,
   11.573,
   3.756,
   3.979,
   3.983,
   5.021,
   3.935
  ],
  "cv": [
   0.6033,
   0.5084,
   0.6371,
   0.5052,
   0.6069,
   0.5691,
   0.4567,
   0.5394,
   0.3322,
   0.6845
  ],
  "overshoot": [
   3.0,
   3.0,
   3.0,
   1.0,
   3.0,
   1.0,
   3.0,
   3.0,
   3.0,
   3.0
  ],
  "peak_fleet": [
   16.0,
   15.0,
   16.0,
   16.0,
   12.0,
   17.0,
   14.0,
   16.0,
   13.0,
   15.0
  ],
  "N_fleet": [
   13,
   12,
   13,
   15,
   9,
   16,
   11,
   13,
   10,
   12
  ]
 }
}