{
 "seed": 42,
 "label": "in_dist",
 "demand_noise": 0.0,
 "n_eps": 10,
 "wait_mean": 3.7779,
 "wait_std": 0.15901537661496767,
 "cv_mean": 0.6048399999999999,
 "cv_std": 0.09149165207820874,
 "overshoot_mean": 2.3,
 "overshoot_std": 0.7810249675906654,
 "peak_fleet_mean": 15.1,
 "peak_fleet_std": 1.0440306508910548,
 "N_fleet_mean": 12.8,
 "N_fleet_std": 1.7204650534085253,
 "raw": {
  "wait": [
   3.831,
   3.791,
   3.542,
   3.871,
   3.737,
   4.123,
   3.815,
   3.692,
   3.547,
   3.83
  ],
  "cv": [
   0.6606,
   0.3909,
   0.6242,
   0.633,
   0.4959,
   0.5664,
   0.6256,
   0.6635,
   0.7098,
   0.6785
  ],
  "overshoot": [
   2.0,
   3.0,
   1.0,
   3.0,
   2.0,
   3.0,
   2.0,
   1.0,
   3.0,
   3.0
  ],
  "peak_fleet": [
   16.0,
   14.0,
   16.0,
   15.0,
   16.0,
   13.0,
   16.0,
   16.0,
   15.0,
   14.0
  ],
  "N_fleet": [
   14,
   11,
   15,
   12,
   14,
   10,
   14,
   15,
   12,
   11
  ]
 }
}