{
 "seed": 42,
 "label": "ood_noisy",
 "demand_noise": 0.15,
 "n_eps": 10,
 "wait_mean": 5.4113999999999995,
 "wait_std": 1.861782543693006,
 "cv_mean": 0.51852,
 "cv_std": 0.08878103175791549,
 "overshoot_mean": 2.3,
 "overshoot_std": 0.7810249675906654,
 "peak_fleet_mean": 15.1,
 "peak_fleet_std": 1.0440306508910548,
 "N_fleet_mean": 12.8,
 "N_fleet_std": 1.7204650534085253,
 "raw": {
  "wait": [
   3.82,
   5.135,
   4.161,
   4.087,
   7.935,
   5.707,
   5.77,
   9.584,
   3.451,
   4.464
  ],
  "cv": [
   0.5512,
   0.374,
   0.535,
   0.4854,
   0.5454,
   0.4062,
   0.5858,
   0.4979,
   0.4944,
   0.7099
  ],
  "overshoot": [
   2.0,
   3.0,
   1.0,
   3.0,
   2.0,
   3.0,
   2.0,
   1.0,
   3.0,
   3.0
  ],
  "peak_fleet": [
   16.0,
   14.0,
   16.0,
   15.0,
   16.0,
   13.0,
   16.0,
   16.0,
   15.0,
   14.0
  ],
  "N_fleet": [
   14,
   11,
   15,
   12,
   14,
   10,
   14,
   15,
   12,
   11
  ]
 }
}