{
 "seed": 456,
 "label": "ood_noisy",
 "demand_noise": 0.15,
 "n_eps": 10,
 "wait_mean": 6.843500000000001,
 "wait_std": 3.5673501440144624,
 "cv_mean": 0.5705699999999999,
 "cv_std": 0.08815850554540952,
 "overshoot_mean": 2.7,
 "overshoot_std": 0.6403124237432849,
 "peak_fleet_mean": 15.1,
 "peak_fleet_std": 1.57797338380595,
 "N_fleet_mean": 12.4,
 "N_fleet_std": 2.009975124224178,
 "raw": {
  "wait": [
   4.955,
   3.599,
   7.471,
   6.453,
   16.827,
   5.093,
   7.255,
   3.795,
   6.195,
   6.792
  ],
  "cv": [
   0.6508,
   0.4455,
   0.5502,
   0.578,
   0.5556,
   0.5088,
   0.6355,
   0.6568,
   0.7025,
   0.422
  ],
  "overshoot": [
   3.0,
   3.0,
   3.0,
   2.0,
   3.0,
   1.0,
   3.0,
   3.0,
   3.0,
   3.0
  ],
  "peak_fleet": [
   16.0,
   15.0,
   16.0,
   17.0,
   12.0,
   17.0,
   14.0,
   16.0,
   13.0,
   15.0
  ],
  "N_fleet": [
   13,
   12,
   13,
   15,
   9,
   16,
   11,
   13,
   10,
   12
  ]
 }
}