{
 "seed": 123,
 "label": "ood_noisy",
 "demand_noise": 0.15,
 "n_eps": 10,
 "wait_mean": 7.7974000000000006,
 "wait_std": 5.238338748114712,
 "cv_mean": 0.57154,
 "cv_std": 0.07507484532118598,
 "overshoot_mean": 2.6,
 "overshoot_std": 0.8,
 "peak_fleet_mean": 12.8,
 "peak_fleet_std": 1.4000000000000001,
 "N_fleet_mean": 10.2,
 "N_fleet_std": 2.0880613017821097,
 "raw": {
  "wait": [
   4.299,
   5.006,
   3.853,
   6.518,
   3.446,
   6.911,
   6.32,
   20.882,
   14.296,
   6.443
  ],
  "cv": [
   0.5806,
   0.6444,
   0.6672,
   0.5191,
   0.6861,
   0.4388,
   0.5616,
   0.4886,
   0.5895,
   0.5395
  ],
  "overshoot": [
   3.0,
   3.0,
   1.0,
   3.0,
   3.0,
   1.0,
   3.0,
   3.0,
   3.0,
   3.0
  ],
  "peak_fleet": [
   13.0,
   13.0,
   15.0,
   12.0,
   14.0,
   15.0,
   12.0,
   11.0,
   12.0,
   11.0
  ],
  "N_fleet": [
   10,
   10,
   14,
   9,
   11,
   14,
   9,
   8,
   9,
   8
  ]
 }
}