{"avg_wait_min": [5.515], "peak_fleet": [17.0], "headway_cv": [0.5421], "lower_lambda": [0.9970300793647766], "lower_alpha": [0.1], "lower_q_mean": [-0.7069221138954163], "lower_q_std": [1.8383185863494873], "upper_delta_mean": [-20.01], "upper_q_mean": [-1.3504066467285156], "hold_fb_mean": [21.271373969020317], "hold_penalty_mean": [0.35449887066116126], "freq_holdfb_same_hold": [0.0], "freq_holdfb_same_wait": [0.0], "theta_wait": [0.4998765422272329], "theta_fleet": [0.3151541129600831], "surprise": [0.1765], "belief_window": [9.62], "upper_hf_power_ratio": [0.04344548500296964], "lower_lf_drift_ratio": [0.9860818341443703], "demand_attr_score": [-0.10811652055532087], "demand_attr_mi_score": [-0.010943102402565403], "shock_response_time_mean_s": [4.466666666666667], "shock_response_hit_rate": [1.0], "upper_plan_penalty_mean": [0.0], "freq_wait_lower_penalty_mean": [0.0], "freq_wait_lower_board_credit_mean": [0.0], "freq_wait_lower_net_mean": [0.0], "freq_wait_upper_credit_mean": [0.0], "freq_wait_low_share_mean": [0.0], "freq_wait_lower_high_share_mean": [0.0], "freq_middle": [-0.0022721902988824616], "freq_middle_energy": [0.0022721902988824616], "upper_plan_target_mean": [339.9861020686972], "upper_plan_decisions": [108.0], "upper_plan_reuse_ratio": [0.5877862595419847], "terminal_launch_shift_mean": [0.011450381679389313], "freq_promotion_flag": [0.0], "freq_promotion_strength": [0.0], "freq_promotion_absorbed": [0.0]}