seed,scenario,total_reward,reward_mean,wait_proxy,headway_cv,hold_mean,promotion_count,leakage_penalty,UpperHFPower,LowerLFDrift,LowerLFDriftAbs,RawLowerLFDrift,RawLowerLFDriftAbs,plan_smoothness,plan_coeff_abs,wait_low_share,wait_high_share,wait_attr_penalty,wait_board_credit,wait_credit_relief,lower_lf_effect_filter_window,lower_lf_effect_filter_gain,lower_lf_raw_recenter_gain,raw_recenter_reduction_mean,upper_decision_count,promotion_replan_count
101,persistent_shift,-1069.2738402413027,-4.455307667672094,4.17793173519907,0.07255958635609251,3.9236282436014553,0,0.6420057825655232,0.0015811261061753881,0.6404246564593479,2.899627109283341e-05,1.0551821631725669,0.008143239255522189,0.000413397364861771,7.777726676340802,0.9512666949247074,0.04873330507529251,0.0,0.0,0.0,12,1.0,1.0,3.755890504173295,240,0
131,persistent_shift,-1069.0396217655639,-4.454331757356516,4.178681982854327,0.07196113517366882,3.906565063625887,0,0.7334358870555928,0.0015614899149036042,0.7318743971406892,2.9676682398718087e-05,1.0535860666772427,0.00804494953876109,0.0003956634973320685,7.938758955960088,0.9690744168672166,0.030925583132783447,0.0,0.0,0.0,12,1.0,1.0,3.740112609992177,240,0
151,persistent_shift,-1068.4946906648129,-4.452061211103387,4.177678415028855,0.07156257942791901,3.9303375424264213,0,0.6788288892734546,0.001551585414415018,0.6772773038590396,2.8774185957230882e-05,1.0551924060571456,0.0081697933790753,0.0004135361731663842,7.76910836742216,0.9500863015422231,0.04991369845777701,0.0,0.0,0.0,12,1.0,1.0,3.762124573824593,240,0
181,persistent_shift,-1074.466489690074,-4.476943707041975,4.179090362739534,0.0793871387739648,3.920687186172961,0,0.6968966136244397,0.0015783190495447322,0.6953182945748949,2.8755513950620884e-05,1.0556777515015427,0.008126721693708015,0.0004201704739195164,7.872579117284632,0.9554652448234985,0.044534755176501586,0.0,0.0,0.0,12,1.0,1.0,3.7549991728691325,240,0
211,persistent_shift,-1076.854836454495,-4.486895151893729,4.177120892407263,0.08335528606699386,3.9194593704154337,0,0.7151581836669951,0.0015654466922858257,0.7135927369747093,2.9155116781936604e-05,1.0538691453767577,0.008107289761066892,0.0003706644141091624,7.816558196073269,0.9612660326642569,0.038733967335743115,0.0,0.0,0.0,12,1.0,1.0,3.7515237684646197,240,0
