seed,scenario,total_reward,reward_mean,wait_proxy,headway_cv,hold_mean,promotion_count,leakage_penalty,UpperHFPower,LowerLFDrift,plan_smoothness,plan_coeff_abs
101,persistent_shift,-1084.0641645547935,-4.516934018978306,4.200189669086188,0.08091684585913314,7.502283422404755,0,1.001902803838208,0.0015702161903479745,1.0003325876478601,0.001053931242611298,7.768497155589219
131,persistent_shift,-1076.6306607263937,-4.485961086359974,4.200341256182542,0.07047624264909483,7.5164439516617945,0,1.0019476527587308,0.001565689599464823,1.0003819631592659,0.0010700920013867541,7.931822472979392
151,persistent_shift,-1077.2219325663598,-4.488424719026499,4.199515196284993,0.07164072560934079,7.50776099241273,0,1.0018909987193312,0.0015474153729136252,1.0003435833464176,0.0010354652452453257,7.759453660280002
181,persistent_shift,-1082.49647425485,-4.510401976061875,4.20081319470107,0.07852185852471538,7.507846930825482,0,1.0019257122180223,0.0015664857519784854,1.000359226466044,0.0010745784482213314,7.863576101929321
211,persistent_shift,-1079.4645473033156,-4.497768947097148,4.198753675390674,0.07498371681749803,7.51270982772246,0,1.0018088169207036,0.0015513263834610253,1.0002574905372426,0.0010124474926676923,7.808376036981288
