{
 "exp": "H_hiro_no_demand_noise",
 "seed": 456,
 "ep": 99,
 "wait_mean": 5.2593000000000005,
 "wait_std": 1.148541122467977,
 "cv_mean": 0.5245,
 "cv_std": 0.12442524261579722,
 "overshoot_mean": 3.0,
 "overshoot_std": 0.0,
 "composite_mean": 1.8379643406593407,
 "composite_std": 0.3152422551077872,
 "n_eps": 20,
 "wall_s": 235.5
}