{
 "exp": "H_hiro_no_demand_noise",
 "seed": 42,
 "ep": 199,
 "wait_mean": 4.950749999999999,
 "wait_std": 3.065774451504872,
 "cv_mean": 0.57461,
 "cv_std": 0.11912864433040443,
 "overshoot_mean": 1.95,
 "overshoot_std": 1.2031209415515964,
 "composite_mean": 1.5989661355311355,
 "composite_std": 0.7106476953419224,
 "n_eps": 20,
 "wall_s": 225.5
}