{
 "exp": "H_hiro_no_demand_noise",
 "seed": 123,
 "ep": 249,
 "wait_mean": 4.655949999999999,
 "wait_std": 1.7823240859899747,
 "cv_mean": 0.489905,
 "cv_std": 0.09408703670006831,
 "overshoot_mean": 1.9,
 "overshoot_std": 1.2206555615733703,
 "composite_mean": 1.4740668498168499,
 "composite_std": 0.5643263631201891,
 "n_eps": 20,
 "wall_s": 218.0
}