{
 "exp": "H_hiro_no_demand_noise",
 "seed": 456,
 "ep": 49,
 "wait_mean": 5.854449999999999,
 "wait_std": 2.0241864161929355,
 "cv_mean": 0.5434950000000001,
 "cv_std": 0.1681170856129739,
 "overshoot_mean": 2.95,
 "overshoot_std": 0.21794494717703367,
 "composite_mean": 1.900849340659341,
 "composite_std": 0.4292687173409985,
 "n_eps": 20,
 "wall_s": 222.3
}