{
 "exp": "H_hiro_no_demand_noise",
 "seed": 42,
 "ep": 299,
 "wait_mean": 4.2778,
 "wait_std": 1.0129656756277579,
 "cv_mean": 0.551275,
 "cv_std": 0.1306510576880264,
 "overshoot_mean": 1.95,
 "overshoot_std": 1.2031209415515964,
 "composite_mean": 1.5083361355311355,
 "composite_std": 0.5477713532981192,
 "n_eps": 20,
 "wall_s": 223.7
}