{
 "exp": "H_hiro_no_demand_noise",
 "seed": 456,
 "ep": 299,
 "wait_mean": 5.7924999999999995,
 "wait_std": 3.432337184776577,
 "cv_mean": 0.529735,
 "cv_std": 0.08774125184313247,
 "overshoot_mean": 2.3,
 "overshoot_std": 0.9539392014169457,
 "composite_mean": 1.7081562454212453,
 "composite_std": 0.6704824632211835,
 "n_eps": 20,
 "wall_s": 225.6
}