{
 "exp": "H_hiro_no_demand_noise",
 "seed": 42,
 "ep": 49,
 "wait_mean": 4.7704,
 "wait_std": 1.1729962659787114,
 "cv_mean": 0.5305199999999999,
 "cv_std": 0.11126972004997585,
 "overshoot_mean": 2.2,
 "overshoot_std": 0.9797958971132713,
 "composite_mean": 1.5760719047619047,
 "composite_std": 0.5199189863750613,
 "n_eps": 20,
 "wall_s": 215.7
}