{
 "exp": "H_hiro_no_demand_noise",
 "seed": 123,
 "ep": 299,
 "wait_mean": 3.98195,
 "wait_std": 0.6738047547324076,
 "cv_mean": 0.514535,
 "cv_std": 0.08026231541015996,
 "overshoot_mean": 1.65,
 "overshoot_std": 1.3143439428094916,
 "composite_mean": 1.3804818315018312,
 "composite_std": 0.4906267073869644,
 "n_eps": 20,
 "wall_s": 210.4
}