{
 "exp": "H_hiro_no_demand_noise",
 "seed": 42,
 "ep": 149,
 "wait_mean": 7.450550000000002,
 "wait_std": 5.746934082404287,
 "cv_mean": 0.5545100000000001,
 "cv_std": 0.1149532770302787,
 "overshoot_mean": 2.3,
 "overshoot_std": 0.9539392014169457,
 "composite_mean": 1.898736245421245,
 "composite_std": 0.9392747690981775,
 "n_eps": 20,
 "wall_s": 233.7
}