{
 "exp": "H_hiro_no_demand_noise",
 "seed": 123,
 "ep": 99,
 "wait_mean": 3.91545,
 "wait_std": 0.23318607912995146,
 "cv_mean": 0.4559850000000001,
 "cv_std": 0.05751151428192444,
 "overshoot_mean": 1.6,
 "overshoot_std": 1.3564659966250538,
 "composite_mean": 1.311710402930403,
 "composite_std": 0.4889088281217655,
 "n_eps": 20,
 "wall_s": 201.1
}