{
 "exp": "H_hiro_no_demand_noise",
 "seed": 456,
 "ep": 199,
 "wait_mean": 5.90075,
 "wait_std": 3.9777346049604665,
 "cv_mean": 0.568135,
 "cv_std": 0.12582299183774004,
 "overshoot_mean": 2.35,
 "overshoot_std": 0.9630680142129111,
 "composite_mean": 1.7752383882783882,
 "composite_std": 0.7399221815882296,
 "n_eps": 20,
 "wall_s": 237.5
}