{
 "exp": "H_hiro_no_demand_noise",
 "seed": 123,
 "ep": 49,
 "wait_mean": 3.9448,
 "wait_std": 0.3310941859954657,
 "cv_mean": 0.44650999999999996,
 "cv_std": 0.08094037867467634,
 "overshoot_mean": 1.55,
 "overshoot_std": 1.3955285736952865,
 "composite_mean": 1.3015989743589742,
 "composite_std": 0.49216134022583113,
 "n_eps": 20,
 "wall_s": 200.2
}