{
 "exp": "H_hiro_no_demand_noise",
 "seed": 456,
 "ep": 149,
 "wait_mean": 5.083699999999999,
 "wait_std": 2.1553931915082223,
 "cv_mean": 0.534255,
 "cv_std": 0.11467165070321436,
 "overshoot_mean": 2.3,
 "overshoot_std": 0.9539392014169457,
 "composite_mean": 1.6417962454212454,
 "composite_std": 0.5711535355982136,
 "n_eps": 20,
 "wall_s": 230.2
}