{
 "exp": "H_hiro_no_demand_noise",
 "seed": 456,
 "ep": 249,
 "wait_mean": 6.433249999999999,
 "wait_std": 4.669444440990812,
 "cv_mean": 0.570415,
 "cv_std": 0.10410228755891966,
 "overshoot_mean": 2.5,
 "overshoot_std": 0.806225774829855,
 "composite_mean": 1.861750531135531,
 "composite_std": 0.7602112588877407,
 "n_eps": 20,
 "wall_s": 238.8
}