{
 "exp": "H_hiro_no_demand_noise",
 "seed": 123,
 "ep": 199,
 "wait_mean": 4.2195,
 "wait_std": 1.3613292217535038,
 "cv_mean": 0.4686250000000001,
 "cv_std": 0.0705132602777662,
 "overshoot_mean": 1.7,
 "overshoot_std": 1.3453624047073711,
 "composite_mean": 1.3778323260073262,
 "composite_std": 0.5679609503990546,
 "n_eps": 20,
 "wall_s": 216.6
}