{
 "exp": "H_hiro_no_demand_noise",
 "seed": 123,
 "ep": 149,
 "wait_mean": 4.46255,
 "wait_std": 2.318939185813203,
 "cv_mean": 0.495465,
 "cv_std": 0.08840599682713837,
 "overshoot_mean": 1.65,
 "overshoot_std": 1.3143439428094914,
 "composite_mean": 1.4094718315018313,
 "composite_std": 0.6442520031023372,
 "n_eps": 20,
 "wall_s": 208.8
}