{
 "exp": "H_hiro_no_demand_noise",
 "seed": 42,
 "ep": 249,
 "wait_mean": 5.821949999999999,
 "wait_std": 4.093440368137785,
 "cv_mean": 0.54215,
 "cv_std": 0.09017397906269857,
 "overshoot_mean": 2.05,
 "overshoot_std": 1.2835497652993437,
 "composite_mean": 1.6994686263736267,
 "composite_std": 0.7404867929091964,
 "n_eps": 20,
 "wall_s": 231.5
}