{
 "exp": "H_hiro_no_demand_noise",
 "seed": 42,
 "ep": 99,
 "wait_mean": 5.2285,
 "wait_std": 1.1779372861065227,
 "cv_mean": 0.5201049999999998,
 "cv_std": 0.11666277244691213,
 "overshoot_mean": 2.35,
 "overshoot_std": 0.9630680142129111,
 "composite_mean": 1.6587929120879121,
 "composite_std": 0.45470855637727026,
 "n_eps": 20,
 "wall_s": 220.0
}