timestamp,event_type,side,price,size,order_id
34200.017459617,trade,ask,223.82,1.0,hidden_0
34200.18960767,add,bid,223.81,21.0,11885113
34200.190226476,trade,bid,223.81,21.0,11885113
34200.190226476,trade,bid,223.75,26.0,11534792
34200.372779672,trade,ask,223.84,100.0,hidden_4
34200.375671205,trade,ask,223.84,100.0,hidden_5
34200.383971366,trade,ask,223.86,100.0,hidden_6
34200.38581571,trade,ask,223.86,100.0,hidden_7
34200.387205153,trade,ask,223.92,100.0,hidden_8
34200.388463172,trade,ask,223.93,100.0,hidden_9
34200.39141294,trade,ask,223.95,100.0,14585251
34200.39141294,trade,ask,223.96,20.0,3911376
34200.39141294,trade,ask,223.96,286.0,16202496
34200.393480733,trade,ask,223.99,100.0,2135294
34200.394405007,add,ask,223.99,100.0,16207239
34200.398456977,trade,ask,223.97,100.0,hidden_15
34200.398595993,trade,ask,223.97,100.0,hidden_16
34200.400328982,trade,ask,223.97,100.0,hidden_17
34200.401529352,trade,ask,223.97,10.0,hidden_18
34200.401529352,trade,ask,223.99,90.0,16207239
34200.401923745,add,ask,223.99,50.0,16208720
34200.403006021,trade,ask,223.99,10.0,16207239
34200.403006021,trade,ask,223.99,50.0,16208720
34200.403006021,trade,ask,224.0,13.0,1365373
34200.403006021,trade,ask,224.0,27.0,1847685
34200.407876509,trade,ask,224.0,73.0,1847685
34200.407876509,trade,ask,224.0,20.0,2051705
34200.407876509,trade,ask,224.0,4.0,3578212
34200.407876509,trade,ask,224.0,3.0,3581197
34200.411052662,trade,ask,224.0,7.0,3581197
34200.411052662,trade,ask,224.0,50.0,3591155
34200.411052662,trade,ask,224.0,43.0,3689544
34200.412063728,trade,ask,224.0,57.0,3689544
34200.412063728,trade,ask,224.0,6.0,3920363
34200.412063728,trade,ask,224.0,23.0,3920364
34200.412063728,trade,ask,224.0,6.0,3920367
34200.412063728,trade,ask,224.0,54.0,3920371
34200.412063728,trade,ask,224.0,54.0,3920373
34200.417197959,trade,ask,224.0,15.0,3920374
34200.417197959,trade,ask,224.0,76.0,4631442
34200.417197959,trade,ask,224.0,20.0,4631569
34200.417197959,trade,ask,224.0,15.0,4632895
34200.417197959,trade,ask,224.0,10.0,4632989
34200.417197959,trade,ask,224.0,25.0,10054324
34200.417197959,trade,ask,224.0,100.0,11349573
34200.417197959,trade,ask,224.0,50.0,11830089
34200.417197959,trade,ask,224.0,183.0,12490851
34200.419808842,trade,ask,224.0,100.0,12490851
34200.53842474,trade,ask,224.0,200.0,12490851
34200.553743035,trade,bid,223.97,100.0,hidden_49
34200.567936862,trade,ask,224.0,17.0,12490851
34200.567936862,trade,ask,224.0,100.0,13561719
34200.567936862,trade,ask,224.0,100.0,14482478
34200.567936862,trade,ask,224.0,69.0,hidden_53
34200.568240371,add,ask,224.0,100.0,16240373
34200.570408833,trade,ask,224.0,100.0,16240373
34200.570408833,trade,ask,224.0,190.0,hidden_56
34200.570408833,trade,ask,224.0,10.0,hidden_57
34200.570714327,add,ask,224.0,100.0,16240856
34200.574028141,trade,ask,224.0,100.0,16240856
34200.574401291,add,ask,224.0,100.0,16241642
34200.631353841,add,ask,223.95,100.0,16252480
34200.771525998,trade,ask,223.95,100.0,16252480
34200.771912718,add,ask,223.95,75.0,16275687
34200.873785004,add,bid,223.84,100.0,16289323
34200.874913031,trade,bid,223.84,100.0,16289323
34200.881781052,add,bid,223.84,100.0,16290483
34200.891497671,trade,ask,223.95,15.0,16275687
34201.290951337,add,ask,223.86,100.0,16352638
34201.291410923,trade,ask,223.86,100.0,16352638
34201.371436281,trade,ask,223.95,60.0,16275687
34201.395343299,trade,ask,224.0,100.0,16241642
34201.395343299,trade,ask,224.0,90.0,hidden_72
34202.012069923,trade,bid,223.88,100.0,hidden_73
34202.012780077,trade,bid,223.88,100.0,hidden_74
34202.028280054,trade,bid,223.88,100.0,hidden_75
34202.279048607,cancel,bid,223.84,100.0,16290483
34202.279048607,add,bid,223.89,100.0,16451737
34203.87899164,add,ask,224.2,100.0,16610191
34204.256047385,trade,bid,223.92,100.0,hidden_79
34204.354928214,cancel,ask,224.2,100.0,16610191
34204.354928214,add,ask,224.16,100.0,16657800
34204.414467151,trade,bid,223.91,80.0,hidden_82
34204.476700094,cancel,ask,224.16,100.0,16657800
34204.476700094,add,ask,224.13,100.0,16667397
34204.572760266,trade,bid,223.91,40.0,hidden_85
34204.652306988,add,ask,224.1,1100.0,16681306
34204.763922789,add,ask,224.1,100.0,16692138
34205.104260912,cancel,ask,224.1,100.0,16692138
34205.104260912,add,ask,224.08,100.0,16723342
34205.104818539,add,ask,224.08,220.0,16723399
34205.105828981,cancel,ask,224.08,220.0,16723399
34205.107097083,add,ask,224.08,220.0,16723613
34205.108103666,cancel,ask,224.08,220.0,16723613
34205.109400899,add,ask,224.08,220.0,16723877
34205.109754612,add,ask,224.08,155.0,16723916
34205.110466704,cancel,ask,224.08,220.0,16723877
34205.162100797,add,ask,224.07,100.0,16728917
34205.197780635,add,bid,223.89,100.0,16732821
34205.304295214,trade,bid,223.9,35.0,hidden_99
34205.513948001,add,ask,224.05,100.0,16763343
34205.621655175,trade,bid,223.9,37.0,hidden_101
34205.621745869,trade,bid,223.9,128.0,hidden_102
34205.621745869,trade,bid,223.9,72.0,hidden_103
34205.888223563,cancel,ask,224.05,100.0,16763343
34205.888223563,add,ask,224.03,100.0,16797917
34205.919446318,add,ask,224.02,100.0,16799433
34206.151537755,add,ask,224.02,100.0,16811014
34206.555393547,add,bid,223.89,100.0,16830499
34207.02465637,trade,bid,223.93,10.0,hidden_109
34207.02465637,trade,bid,223.9,28.0,hidden_110
34207.02465637,trade,bid,223.9,26.0,hidden_111
34207.232535255,cancel,bid,223.89,100.0,16732821
34207.232650402,trade,bid,223.9,74.0,hidden_113
34207.232650402,trade,bid,223.9,113.0,hidden_114
34207.232650402,trade,bid,223.89,13.0,16451737
34207.272071021,cancel,bid,223.89,87.0,16451737
34207.272071021,add,bid,223.9,87.0,16866136
34207.312164392,cancel,bid,223.9,87.0,16866136
34207.312164392,add,bid,223.91,87.0,16867608
34207.319504351,trade,ask,224.02,71.0,16799433
34207.35959249,trade,ask,224.02,29.0,16799433
34207.35959249,trade,ask,224.02,71.0,16811014
34207.409684709,cancel,bid,223.91,87.0,16867608
34207.409684709,add,bid,223.92,87.0,16873976
34207.71831102,cancel,ask,224.02,29.0,16811014
34207.71831102,add,ask,224.07,29.0,16887475
34208.996027789,add,bid,223.92,77.0,16929385
34209.339457717,add,bid,223.92,100.0,16943725
34209.709730284,cancel,ask,224.07,29.0,16887475
34209.709730284,add,ask,224.06,29.0,16954459
34209.76667599,cancel,ask,224.06,29.0,16954459
34209.76667599,add,ask,224.07,29.0,16956634
34209.787331886,cancel,ask,224.07,29.0,16956634
34209.787331886,add,ask,224.05,29.0,16958151
34210.206486354,add,bid,223.92,100.0,16984035
34210.515211316,cancel,ask,224.05,29.0,16958151
34210.515211316,add,ask,224.04,29.0,17004982
34210.706474037,cancel,ask,224.04,29.0,17004982
34210.706474037,add,ask,224.03,29.0,17017091
34210.910418382,cancel,ask,224.03,29.0,17017091
34210.910418382,add,ask,224.04,29.0,17030256
34210.966978058,trade,ask,224.04,29.0,17030256
34210.966978058,trade,ask,224.04,71.0,hidden_143
34211.618610908,add,ask,224.07,400.0,17063006
34211.943114597,trade,ask,224.07,100.0,16728917
34211.943114597,trade,ask,224.07,300.0,17063006
34211.967039643,trade,ask,224.07,100.0,17063006
34211.967968333,trade,ask,224.1,100.0,16681306
34211.970165989,trade,ask,224.1,100.0,16681306
34212.161685865,add,bid,223.93,100.0,17084297
34212.165104681,cancel,ask,224.1,900.0,16681306
34212.165315424,trade,bid,223.95,317.0,hidden_152
34212.165315424,trade,bid,223.94,100.0,hidden_153
34212.165315424,trade,bid,223.93,100.0,17084297
34212.165315424,trade,bid,223.93,112.0,hidden_155
34212.165315424,trade,bid,223.93,203.0,hidden_156
34212.37437678,add,bid,224.09,100.0,17094470
34212.376037666,add,bid,224.09,100.0,17094575
34212.376129044,cancel,bid,224.09,100.0,17094470
34212.376129044,add,bid,224.13,100.0,17094576
34212.376453932,trade,bid,224.13,100.0,17094576
34212.377481694,cancel,bid,224.09,100.0,17094575
34212.461714019,cancel,bid,223.92,100.0,16943725
34212.487961941,add,bid,224.09,100.0,17097634
34212.530050106,add,bid,224.09,87.0,17099230
34212.577101834,cancel,bid,224.09,100.0,17097634
34212.677958048,cancel,bid,224.09,87.0,17099230
34212.677958048,add,bid,223.93,87.0,17103292
34213.186801146,add,bid,224.09,100.0,17118179
34213.22784958,add,bid,224.09,87.0,17119109
34213.324261399,add,bid,224.09,100.0,17121862
34215.152124895,add,bid,224.09,100.0,17169116
34215.180453936,add,bid,224.09,100.0,17170140
34215.77821826,trade,ask,224.24,20.0,11561639
34215.77821826,trade,ask,224.25,80.0,14665565
34217.852825212,trade,ask,224.25,20.0,14665565
34217.887655328,trade,ask,224.27,220.0,hidden_177
34219.127707671,trade,ask,224.29,10.0,17209080
34219.376645056,trade,ask,224.29,200.0,17209080
34219.516845865,trade,ask,224.29,200.0,17209080
34219.51709589,add,ask,224.29,100.0,17329820
34219.529935712,trade,ask,224.28,80.0,hidden_182
34220.233163353,add,bid,224.09,77.0,17358208
34220.303127499,cancel,ask,224.29,100.0,17329820
34220.30312952,cancel,ask,224.29,90.0,17209080
34220.321456549,cancel,bid,224.09,100.0,17121862
34220.534112308,add,ask,224.3,1.0,17365824
34221.59679772,trade,ask,224.3,100.0,3579342
34222.165292881,trade,ask,224.3,100.0,3579342
34223.279632997,trade,ask,224.3,100.0,3579342
34223.280244371,trade,ask,224.3,80.0,3579342
34223.280536751,trade,ask,224.3,100.0,3579342
34223.280641818,trade,ask,224.3,20.0,3579342
34223.280641818,trade,ask,224.3,1.0,17365824
34223.367461134,trade,ask,224.45,100.0,16451084
34223.367706865,add,ask,224.45,100.0,17454308
34226.018708882,add,ask,224.45,100.0,17523948
34226.025401005,add,bid,224.09,100.0,17524292
34226.027530424,cancel,bid,224.09,100.0,17524292
34227.238645979,add,ask,224.45,100.0,17556978
34228.006601932,cancel,ask,224.45,100.0,17523948
34228.068360389,trade,ask,224.44,93.0,hidden_202
34228.397876255,trade,ask,224.44,25.0,hidden_203
34228.609009833,cancel,ask,224.45,100.0,17556978
34228.611036074,add,ask,224.45,100.0,17654389
34228.611563982,cancel,bid,224.09,100.0,17118179
34228.613137713,add,bid,224.09,100.0,17654460
34228.614015349,cancel,bid,224.09,100.0,17654460
34229.064982046,add,bid,224.09,100.0,17669020
34229.067206176,cancel,bid,224.09,100.0,17669020
34229.324305974,cancel,bid,224.09,77.0,17358208
34229.343638816,add,bid,224.1,77.0,17678897
34229.34512286,add,bid,224.1,100.0,17678938
34229.350536541,cancel,bid,224.1,100.0,17678938
34229.356252519,add,bid,224.1,100.0,17679258
34229.853048275,add,bid,224.1,87.0,17693590
34229.931412705,add,bid,224.11,100.0,17695622
34229.932946536,add,bid,224.11,100.0,17695670
34230.013756435,add,bid,224.11,87.0,17700167
34230.478073253,add,bid,224.11,100.0,17720413
34230.689754679,trade,bid,224.18,100.0,hidden_221
34232.513860324,trade,bid,224.14,200.0,hidden_222
34232.513860324,trade,bid,224.13,100.0,hidden_223
34232.520197625,cancel,bid,224.11,100.0,17695670
34232.521812825,add,bid,224.15,100.0,17791392
34232.573694017,add,bid,224.29,100.0,17794177
34232.573822327,trade,bid,224.29,100.0,17794177
34232.574758204,cancel,bid,224.15,100.0,17791392
34232.655299914,cancel,bid,224.11,100.0,17720413
34232.672145731,add,bid,224.15,100.0,17796697
34232.935731616,add,bid,224.15,87.0,17802947
34233.075680004,add,bid,224.18,100.0,17808169
34233.085449148,cancel,bid,224.18,100.0,17808169
34233.221829329,cancel,bid,224.15,87.0,17802947
34233.221829329,add,bid,224.18,87.0,17813325
34233.256629271,cancel,bid,224.18,87.0,17813325
34233.256629271,add,bid,224.17,87.0,17814130
34233.408223818,cancel,bid,224.17,87.0,17814130
34233.408223818,add,bid,224.15,87.0,17822817
34233.417830238,add,bid,224.18,100.0,17823745
34233.43258895,add,bid,224.18,100.0,17824285
34233.473889226,cancel,bid,224.18,100.0,17823745
34233.619144977,add,bid,224.21,100.0,17831626
34233.628225156,cancel,bid,224.21,100.0,17831626
34233.629733981,cancel,bid,224.18,100.0,17824285
34233.629733981,add,bid,224.21,100.0,17832110
34233.76490814,add,bid,224.24,100.0,17835914
34233.769776825,add,bid,224.24,100.0,17836088
34233.915570031,trade,bid,224.25,38.0,hidden_249
34233.915653845,trade,bid,224.25,29.0,hidden_250
34233.915653845,trade,bid,224.24,100.0,17835914
34233.915653845,trade,bid,224.24,71.0,17836088
34233.915778233,trade,bid,224.24,29.0,17836088
34234.16404396,add,bid,224.15,100.0,17851126
34234.384484467,add,ask,224.42,300.0,17866270
34234.387132284,add,ask,224.42,100.0,17866342
34235.012386337,add,bid,224.15,100.0,17889188
34237.490743302,cancel,bid,224.15,100.0,17851126
34237.492337446,add,bid,224.25,100.0,17963067
34237.495511591,cancel,bid,224.25,100.0,17963067
34237.63550326,add,bid,224.25,67.0,17967562
34240.008747756,cancel,ask,224.42,300.0,17866270
34240.011093076,add,bid,224.25,100.0,18040154
34240.011692902,add,ask,224.42,100.0,18040192
34240.022916349,trade,bid,224.25,67.0,17967562
34240.022916349,trade,bid,224.25,100.0,18040154
34240.022916349,trade,bid,224.25,133.0,hidden_267
34240.02316124,add,bid,224.25,100.0,18040889
34240.026562698,trade,bid,224.25,100.0,18040889
34240.026825796,add,bid,224.25,100.0,18041087
34240.344836321,add,bid,224.25,77.0,18049859
34241.521556909,trade,bid,224.26,100.0,hidden_272
34241.699711291,trade,bid,224.25,100.0,18041087
34241.699961769,add,bid,224.25,100.0,18082568
34242.009261551,cancel,ask,224.42,100.0,18040192
34242.01625648,trade,bid,224.25,77.0,18049859
34242.01625648,trade,bid,224.25,23.0,18082568
34242.016481786,add,bid,224.25,100.0,18089311
34244.430906893,trade,bid,224.25,77.0,18082568
34244.430906893,trade,bid,224.25,23.0,18089311
34244.431159304,add,bid,224.25,31.0,18148394
34244.433892693,trade,bid,224.25,77.0,18089311
34244.433892693,trade,bid,224.25,23.0,18148394
34244.43400728,trade,bid,224.25,8.0,18148394
34244.43777594,trade,bid,224.18,100.0,18041637
34244.569134492,trade,ask,224.2,100.0,hidden_286
34245.2564172,add,bid,224.13,16.0,18172812
34245.512185712,add,ask,224.19,200.0,18178733
34245.512359815,trade,bid,224.13,16.0,18172812
34245.512866688,trade,ask,224.19,200.0,18178733
34245.513222246,cancel,ask,224.42,100.0,17866342
34245.513309352,add,bid,224.19,200.0,18178856
34245.513325389,add,bid,224.19,200.0,18178858
34245.513338443,add,bid,224.19,200.0,18178865
34245.515058317,add,ask,224.45,100.0,18179205
34245.954758575,cancel,bid,224.19,200.0,18178865
34245.966604549,cancel,bid,224.19,200.0,18178858
34246.033579798,add,ask,224.42,200.0,18193981
34246.036138083,add,ask,224.42,100.0,18194101
34246.218550405,cancel,bid,224.19,200.0,18178856
34250.005982141,cancel,ask,224.42,200.0,18193981
34250.016994523,cancel,bid,224.0,10.0,17455154
34250.017118716,add,bid,223.94,10.0,18286174
34250.018037466,cancel,bid,223.94,10.0,18286174
34250.018164917,add,bid,223.91,10.0,18286315
34250.018847293,cancel,bid,223.91,10.0,18286315
34250.018969632,add,bid,223.95,10.0,18286630
34250.021343613,cancel,bid,223.95,10.0,18286630
34250.021449181,add,bid,223.9,10.0,18287021
34250.022635213,cancel,bid,223.9,10.0,18287021
34250.022735727,add,bid,224.0,10.0,18287108
34250.025791165,cancel,bid,224.0,10.0,18287108
34250.025896175,add,bid,223.9,10.0,18287319
34250.028171393,cancel,bid,223.9,10.0,18287319
34250.028299867,add,bid,223.91,10.0,18287475
34250.03947888,cancel,bid,223.91,10.0,18287475
34250.039601702,add,bid,223.92,10.0,18288158
34250.043063742,cancel,bid,223.92,10.0,18288158
34250.043167045,add,bid,223.9,10.0,18288309
34250.045067535,cancel,bid,223.9,10.0,18288309
34250.045175914,add,bid,223.91,10.0,18288361
34250.061796398,cancel,bid,223.91,10.0,18288361
34250.061907749,add,bid,223.92,10.0,18289006
34250.065065645,cancel,bid,223.92,10.0,18289006
34250.065198504,add,bid,223.9,10.0,18289230
34250.067186589,cancel,bid,223.9,10.0,18289230
34250.067315211,add,bid,223.91,10.0,18289323
34250.118153422,cancel,bid,223.91,10.0,18289323
34250.11826538,add,bid,223.92,10.0,18290737
34250.122089833,cancel,bid,223.92,10.0,18290737
34250.122188711,add,bid,223.9,10.0,18290793
34250.12506722,cancel,bid,223.9,10.0,18290793
34250.125182156,add,bid,223.91,10.0,18290838
34250.141265874,cancel,bid,223.91,10.0,18290838
34250.141395469,add,bid,223.92,10.0,18291165
34250.144986001,cancel,bid,223.92,10.0,18291165
34250.145127429,add,bid,223.9,10.0,18291275
34250.147165195,cancel,bid,223.9,10.0,18291275
34250.147287634,add,bid,223.91,10.0,18291334
34250.162046943,cancel,bid,223.91,10.0,18291334
34250.162162958,add,bid,223.92,10.0,18291715
34250.166330783,cancel,bid,223.92,10.0,18291715
34250.166442292,add,bid,223.9,10.0,18291916
34250.168619584,cancel,bid,223.9,10.0,18291916
34250.168721071,add,bid,223.91,10.0,18291991
34250.192583259,cancel,bid,223.91,10.0,18291991
34250.192735934,add,bid,223.92,10.0,18292501
34250.196326222,cancel,bid,223.92,10.0,18292501
34250.196446502,add,bid,223.9,10.0,18292582
34250.198822272,cancel,bid,223.9,10.0,18292582
34250.198937364,add,bid,223.91,10.0,18292645
34250.515510604,cancel,bid,223.91,10.0,18292645
34250.515636631,add,bid,223.92,10.0,18298729
34250.519298127,cancel,bid,223.92,10.0,18298729
34250.519419388,add,bid,223.9,10.0,18298826
34250.521908377,cancel,bid,223.9,10.0,18298826
34250.522019866,add,bid,223.91,10.0,18298903
34251.918125844,cancel,bid,223.91,10.0,18298903
34251.918233582,add,bid,223.92,10.0,18333357
34251.921881886,cancel,bid,223.92,10.0,18333357
34251.92199976,add,bid,223.9,10.0,18333652
34251.924325204,cancel,bid,223.9,10.0,18333652
34251.924428339,add,bid,223.91,10.0,18333775
34252.028740152,cancel,bid,223.91,10.0,18333775
34252.028870194,add,bid,223.92,10.0,18340262
34252.032883429,cancel,bid,223.92,10.0,18340262
34252.033035928,add,bid,223.9,10.0,18341360
34252.03614053,cancel,bid,223.9,10.0,18341360
34252.036267479,add,bid,223.91,10.0,18342535
34252.047355099,cancel,bid,223.91,10.0,18342535
34252.047523286,add,bid,223.92,10.0,18344659
34252.051142914,cancel,bid,223.92,10.0,18344659
34252.051266088,add,bid,223.9,10.0,18344995
34252.053178863,cancel,bid,223.9,10.0,18344995
34252.053304992,add,bid,223.91,10.0,18345223
34252.170820716,add,ask,224.41,1.0,18352030
34253.427339906,cancel,bid,223.91,10.0,18345223
34256.198160234,add,ask,224.35,200.0,18430161
34256.200894684,add,ask,224.35,100.0,18430228
34259.726518101,trade,ask,224.25,12.0,hidden_380
34259.726518101,trade,ask,224.33,11.0,hidden_381
34260.059973418,cancel,ask,224.35,200.0,18430161
34262.075962987,add,ask,224.3,100.0,18622989
34262.078737778,add,ask,224.3,100.0,18623148
34265.642112939,cancel,ask,224.3,100.0,18623148
34269.583683523,add,ask,224.19,183.0,18813442
34269.587736529,add,ask,224.19,100.0,18813484
34269.863964995,add,ask,224.13,8.0,18819065
34271.768671447,add,bid,223.87,1.0,18877451
34273.481428665,trade,bid,223.95,100.0,hidden_390
34273.580560532,trade,bid,223.87,1.0,18877451
34273.580560532,trade,bid,223.86,99.0,18073344
34273.777957454,add,bid,223.98,100.0,18930320
34273.778069959,trade,bid,223.98,65.0,18930320
34273.778071743,trade,bid,223.98,35.0,18930320
34275.373462102,add,bid,224.02,100.0,18966278
34275.373845302,trade,bid,224.02,100.0,18966278
34275.409932589,add,ask,224.13,1.0,18966862
34276.757112215,add,ask,224.02,1.0,18992920
34280.572697869,trade,ask,224.02,1.0,18992920
34283.720559708,trade,bid,223.88,1.0,hidden_401
34283.723111906,trade,bid,223.88,1.0,hidden_402
34285.523171297,cancel,ask,224.12,1.0,18993622
34285.599642589,trade,bid,223.86,1.0,18073344
34287.830306672,cancel,ask,224.13,8.0,18819065
34288.733528968,add,bid,223.84,100.0,19300526
34289.50116176,add,ask,224.05,100.0,19314473
34289.504443505,add,ask,224.05,100.0,19314520
34293.413868904,trade,ask,224.01,24.0,hidden_409
34297.208367828,trade,ask,224.0,3.0,hidden_410
34297.208367828,trade,ask,224.03,1.0,hidden_411
34297.208367828,trade,ask,224.05,100.0,19314473
34297.208367828,trade,ask,224.05,96.0,19314520
34297.20844806,trade,ask,224.05,4.0,19314520
34297.318326126,cancel,ask,224.1,1.0,19455584
34303.331437641,trade,bid,223.88,68.0,hidden_416
34303.331437641,trade,bid,223.87,32.0,hidden_417
34303.352525322,trade,bid,223.87,68.0,hidden_418
34303.352525322,trade,bid,223.85,32.0,hidden_419
34303.449611048,add,ask,224.0,1.0,19620235
34303.676516992,trade,bid,223.85,67.0,hidden_421
34303.676516992,trade,bid,223.84,22.0,18433707
34303.676516992,trade,bid,223.84,33.0,19300526
34303.676633108,trade,bid,223.84,67.0,19300526
34303.774660722,add,bid,223.82,100.0,19626727
34303.774770353,cancel,bid,223.82,100.0,19626727
34303.774770353,add,bid,223.81,100.0,19626737
34303.886308993,add,ask,224.0,10.0,19628332
34303.886423688,cancel,bid,223.81,100.0,19626737
34303.886423688,add,bid,223.8,100.0,19628333
34304.18346964,cancel,ask,224.0,1.0,19620235
34304.259734597,add,ask,224.0,1.0,19653110
34306.974443323,trade,bid,223.82,100.0,hidden_433
34307.01537131,trade,bid,223.82,100.0,hidden_434
34307.01537131,trade,bid,223.8,100.0,19628333
34307.760800374,trade,bid,223.87,16.0,hidden_436
34307.762314188,cancel,ask,224.0,10.0,19628332
34307.762428852,add,ask,223.9,10.0,19731576
34307.805756232,cancel,ask,223.9,10.0,19731576
34307.805874894,add,ask,224.0,10.0,19732295
34307.879459182,add,ask,223.95,1.0,19733385
34307.900942432,add,ask,223.9,10.0,19733687
34307.906090773,cancel,ask,223.9,10.0,19733687
34307.975053503,add,ask,223.9,10.0,19736143
34308.09194531,cancel,ask,223.9,10.0,19736143
34308.24050751,trade,ask,223.92,14.0,hidden_446
34308.24050751,trade,ask,223.94,74.0,hidden_447
34309.163587359,trade,bid,223.69,1.0,hidden_448
34309.168318168,add,ask,223.95,10.0,19774189
34309.17127297,cancel,ask,223.95,10.0,19774189
34309.172333237,add,ask,223.95,10.0,19774450
34309.396377585,trade,bid,223.7,2.0,hidden_452
34309.724071262,trade,bid,223.71,97.0,hidden_453
34309.724071262,trade,bid,223.66,3.0,hidden_454
34309.729740843,add,bid,223.66,100.0,19791130
34309.731364919,trade,bid,223.66,100.0,19791130
34309.73335404,trade,bid,223.66,100.0,hidden_457
34309.814413615,cancel,ask,223.95,10.0,19774450
34309.81452914,add,ask,223.94,10.0,19793043
34309.820541761,cancel,ask,223.94,10.0,19793043
34309.820660363,add,ask,223.93,10.0,19793184
34309.826677544,cancel,ask,223.93,10.0,19793184
34309.82678364,add,ask,223.92,10.0,19793341
34309.874457615,cancel,ask,223.92,10.0,19793341
34309.874562124,add,ask,223.91,10.0,19794320
34309.903927904,trade,bid,223.65,2.0,11474176
34309.905401657,trade,bid,223.61,11.0,19233799
34309.905493242,trade,bid,223.6,15.0,3920359
34309.935023582,cancel,ask,223.91,10.0,19794320
34309.935135681,add,ask,223.89,10.0,19795607
34310.049966007,add,bid,223.77,100.0,19808492
34310.05008884,trade,bid,223.77,100.0,19808492
34310.250442987,cancel,ask,223.89,10.0,19795607
34310.250559105,add,ask,223.82,10.0,19818565
34310.319349001,add,ask,223.6,1.0,19822943
34310.319445283,trade,ask,223.6,1.0,19822943
34310.320447107,add,ask,223.81,1.0,19823062
34311.114261675,trade,bid,223.52,100.0,hidden_478
34311.248716123,add,bid,223.73,100.0,19846261
34311.248829896,trade,bid,223.73,39.0,19846261
34311.248832108,trade,bid,223.73,61.0,19846261
34312.922501137,trade,bid,223.51,1.0,hidden_482
34312.997740668,add,ask,223.67,1.0,19879921
34314.089771135,trade,ask,223.64,100.0,hidden_484
34314.290483232,trade,bid,223.52,1.0,hidden_485
34317.492216779,trade,ask,223.63,97.0,hidden_486
34317.492216779,trade,ask,223.67,1.0,19879921
34318.693912228,add,ask,223.7,99.0,19985448
34318.955212478,cancel,bid,223.5,100.0,4632045
34318.955374565,add,bid,223.5,94.0,19990731
34320.529624332,trade,ask,223.7,36.0,19985448
34322.029388112,trade,ask,223.7,49.0,19985448
34322.029499668,trade,ask,223.7,14.0,19985448
34323.015938125,trade,bid,223.58,200.0,hidden_494
34323.955107319,trade,ask,223.74,100.0,hidden_495
34323.955107319,trade,ask,223.77,51.0,hidden_496
34323.955107319,trade,ask,223.79,149.0,hidden_497
34323.960412884,trade,ask,223.81,1.0,19823062
34323.960412884,trade,ask,223.82,10.0,19959875
34324.036795386,trade,ask,223.86,2.0,19859519
34326.285424726,add,ask,223.89,100.0,20164379
34328.983815413,trade,ask,223.88,100.0,hidden_502
34328.99197562,trade,ask,223.89,100.0,20164379
34329.733823743,add,bid,223.61,100.0,20254663
34331.473240382,add,bid,223.92,100.0,20298432
34331.475862848,trade,bid,223.93,80.0,hidden_506
34331.475862848,trade,bid,223.93,20.0,hidden_507
34331.641287078,add,bid,223.99,100.0,20301070
34331.997076966,trade,ask,224.16,100.0,hidden_509
34334.312939243,add,bid,224.17,200.0,20343976
34334.313052854,trade,ask,224.19,100.0,19183169
34334.31308303,add,bid,224.17,100.0,20343986
34334.313122274,trade,ask,224.19,187.0,19183169
34334.31313661,trade,bid,224.17,200.0,20343976
34334.313164743,trade,ask,224.19,13.0,19183169
34334.31322266,cancel,bid,224.17,100.0,20343986
34334.31322266,add,bid,224.17,100.0,20344002
34334.313311754,cancel,bid,224.17,100.0,20344002
34334.313311754,add,bid,224.17,100.0,20344005
34334.337789563,add,ask,224.28,1.0,20344274
34334.4335549,trade,ask,224.28,1.0,20344274
34334.439639946,trade,ask,224.34,99.0,hidden_522
34334.650755635,trade,ask,224.34,1.0,hidden_523
34334.650755635,trade,ask,224.36,99.0,19948313
34334.650886984,cancel,bid,224.17,100.0,20344005
34334.650886984,add,bid,224.28,100.0,20350495
34334.650990622,cancel,bid,224.28,100.0,20350495
34334.650990622,add,bid,224.06,100.0,20350503
34334.77609045,cancel,bid,224.06,100.0,20350503
34334.77609045,add,bid,224.03,100.0,20353511
34334.84224548,add,ask,224.25,50.0,20355014
34334.842372007,cancel,bid,224.03,100.0,20353511
34334.842372007,add,bid,223.97,100.0,20355018
34336.989056013,cancel,bid,223.97,100.0,20355018
34336.989056013,add,bid,223.94,100.0,20410319
34338.568644947,add,bid,224.19,51.0,20436930
34338.568752096,trade,bid,224.19,51.0,20436930
34338.568788127,cancel,bid,223.94,100.0,20410319
34338.568788127,add,bid,224.18,100.0,20436945
34338.57704422,trade,bid,224.19,100.0,hidden_540
34338.57746592,trade,bid,224.18,100.0,20436945
34338.57998244,add,bid,223.62,200.0,20437784
34338.580172803,cancel,bid,223.62,200.0,20437784
34338.600258933,add,ask,224.2,2.0,20439224
34338.647104678,cancel,bid,223.61,100.0,20254663
34338.718822066,add,bid,223.62,100.0,20443473
34338.771867834,cancel,bid,223.62,100.0,20443473
34339.18248368,add,bid,223.66,100.0,20455022
34339.266893274,cancel,bid,223.66,100.0,20455022
34339.302889099,add,bid,223.53,200.0,20457452
34339.306545204,cancel,bid,223.53,200.0,20457452
34339.643435975,add,bid,223.53,200.0,20465048
34339.64460833,cancel,bid,223.53,200.0,20465048
34341.81144042,cancel,ask,224.2,2.0,20439224
34345.300997572,add,bid,224.05,100.0,20583033
34345.91245982,trade,bid,224.05,1.0,20583033
34346.151252424,trade,bid,224.05,1.0,20583033
34346.342334214,trade,bid,224.05,98.0,20583033
34346.349686489,trade,bid,224.1,20.0,hidden_559
34346.440109442,add,bid,223.93,100.0,20618589
34346.440420409,cancel,bid,223.93,100.0,20618589
34346.440420409,add,bid,223.9,100.0,20618667
34347.565963644,add,ask,224.2,200.0,20652047
34347.566107004,cancel,bid,223.9,100.0,20618667
34347.566107004,add,bid,223.79,100.0,20652049
34348.42300045,add,ask,224.19,1.0,20674653
34348.424633349,cancel,ask,224.19,1.0,20674653
34348.424633349,add,ask,224.19,2.0,20675051
34348.591359809,trade,bid,223.79,100.0,20652049
34348.615040133,cancel,bid,223.52,5.0,20440498
34348.835885633,add,bid,223.82,100.0,20687888
34348.836259799,trade,bid,223.82,100.0,20687888
34349.294726903,add,ask,224.19,100.0,20725771
34350.072817915,add,ask,224.14,2.0,20753785
34350.072944278,add,ask,224.13,2.0,20753796
34351.126507929,add,ask,224.13,200.0,20779824
34352.745092553,add,ask,224.0,200.0,20812077
34352.745226435,add,ask,223.99,2.0,20812082
34352.757715015,trade,bid,223.795,63.0,hidden_579
34357.318056809,add,bid,223.83,100.0,20897618
34357.318175769,trade,bid,223.83,2.0,20897618
34357.318428634,trade,bid,223.83,98.0,20897618
34357.923410664,add,ask,223.94,100.0,20905547
34357.923525155,add,ask,223.93,2.0,20905551
34357.942362267,add,ask,223.84,2.0,20905801
34357.942476412,add,ask,223.83,2.0,20905802
34367.395507637,trade,ask,223.83,2.0,20905802
34367.395507637,trade,ask,223.84,2.0,20905801
34367.493596883,cancel,ask,223.89,1.0,20905834
34367.521110338,add,ask,223.86,1.0,21116099
34367.52287082,add,ask,223.86,1.0,21116125
34369.757504506,add,ask,223.86,100.0,21158422
34372.184220624,add,ask,223.86,200.0,21200354
34376.537934843,cancel,ask,223.86,1.0,21116099
34376.539609224,cancel,ask,223.86,1.0,21116125
34377.54756196,cancel,ask,223.86,200.0,21200354
34377.54767164,add,ask,223.83,200.0,21283697
34377.568087689,add,ask,223.76,1.0,21283999
34377.569715065,add,ask,223.76,1.0,21284027
34378.423656334,trade,ask,223.76,1.0,21283999
34378.423656334,trade,ask,223.76,1.0,21284027
34378.426210489,add,ask,223.82,100.0,21294878
34378.435754289,trade,ask,223.81,98.0,hidden_603
34378.436354123,cancel,ask,223.82,100.0,21294878
34378.43741492,add,ask,223.82,100.0,21294996
34380.651736573,cancel,ask,223.82,100.0,21294996
34380.689368228,add,ask,223.79,100.0,21342263
34380.705832358,add,ask,223.79,1.0,21343808
34386.849534174,cancel,ask,223.79,1.0,21343808
34389.158911225,add,ask,223.77,1.0,21508773
34391.717387269,add,ask,223.77,100.0,21559847
34393.083517496,add,ask,223.77,100.0,21587203
34394.943670842,add,ask,223.75,100.0,21616444
34394.961784665,add,ask,223.75,1.0,21616642
34395.842954443,trade,ask,223.75,100.0,21616444
34395.843912012,trade,ask,223.75,1.0,21616642
34395.8448386,trade,ask,223.77,1.0,21508773
34395.8448386,trade,ask,223.77,100.0,21559847
34395.8448386,trade,ask,223.77,99.0,21587203
34395.845004983,trade,ask,223.77,1.0,21587203
34395.846948302,add,ask,223.77,100.0,21636092
34395.847114343,trade,ask,223.77,100.0,21636092
34395.84711567,trade,ask,223.77,100.0,hidden_623
34395.847426932,add,ask,223.77,100.0,21636299
34395.847633378,trade,ask,223.77,96.0,21636299
34395.84765383,trade,ask,223.77,4.0,21636299
34395.847908744,add,ask,223.77,100.0,21636573
34395.848862847,trade,ask,223.77,69.0,21636573
34395.849035972,trade,ask,223.77,31.0,21636573
34395.849053644,trade,ask,223.77,100.0,hidden_630
34395.849212413,add,ask,223.77,100.0,21637454
34395.851468036,trade,ask,223.77,100.0,21637454
34395.851552647,cancel,ask,223.98,200.0,21138842
34395.851552647,add,ask,223.95,200.0,21638597
34395.851724689,add,ask,223.77,100.0,21638670
34395.873668475,trade,ask,223.77,12.0,21638670
34395.87391655,add,ask,223.77,100.0,21644399
34395.938548754,trade,ask,223.77,88.0,21638670
34395.938548754,trade,ask,223.77,12.0,21644399
34395.938879927,add,ask,223.77,67.0,21650189
34396.023181395,trade,ask,223.77,88.0,21644399
34396.023181395,trade,ask,223.77,67.0,21650189
34396.023552171,cancel,ask,223.95,200.0,21638597
34396.023552171,add,ask,223.97,200.0,21655826
34396.036005286,cancel,ask,223.97,200.0,21655826
34396.036005286,add,ask,223.99,200.0,21656537
34396.786735934,add,bid,223.6,7.0,21674864
34396.787103828,cancel,ask,223.99,200.0,21656537
34397.204422176,add,bid,223.6,500.0,21683768
34400.045403237,add,ask,223.99,400.0,21748178
34400.295960669,cancel,ask,223.99,200.0,21748178
34400.301749181,cancel,ask,223.99,200.0,21748178
34402.151569693,add,ask,223.99,200.0,21798025
34402.732493191,trade,bid,223.7,45.0,hidden_654
34402.779461169,add,ask,223.88,1.0,21806628
34405.798614112,trade,ask,223.88,1.0,21806628
34406.543623358,add,bid,223.65,100.0,21866410
34406.543642815,add,ask,223.96,100.0,21866411
34406.544100238,add,ask,223.96,400.0,21866417
34407.025340387,add,ask,223.96,200.0,21873101
34409.326018975,cancel,ask,223.96,200.0,21866417
34412.011528207,add,bid,223.76,100.0,21942984
34414.718329966,add,ask,223.89,43.0,21980296
34414.765462735,trade,bid,223.76,100.0,21942984
34415.990784614,trade,bid,223.65,2.0,21866410
34415.993047892,trade,bid,223.65,2.0,21866410
34418.450176448,trade,ask,223.86,100.0,hidden_667
34419.522912602,cancel,ask,223.89,43.0,21980296
34419.523365514,trade,ask,223.95,55.0,hidden_669
34419.523365514,trade,ask,223.96,100.0,21866411
34419.523365514,trade,ask,223.96,145.0,21866417
34419.523455268,trade,bid,223.88,18.0,hidden_672
34419.524564079,cancel,ask,223.96,55.0,21866417
34419.524564079,add,ask,223.97,100.0,22051475
34419.525919553,cancel,ask,223.97,100.0,22051475
34419.525919553,add,ask,223.99,100.0,22051487
34419.531735333,cancel,ask,223.99,100.0,22051487
34420.718919784,add,ask,223.86,43.0,22091806
34420.719042321,trade,ask,223.86,43.0,22091806
34421.842313961,trade,ask,223.99,100.0,hidden_680
34427.758013538,add,ask,224.0,100.0,22186452
34427.795746715,add,ask,223.96,1.0,22186797
34429.923702123,add,ask,223.86,2.0,22209500
34431.280330668,add,bid,223.65,200.0,22225266
34431.282668515,cancel,bid,223.65,200.0,22225266
34431.304092067,trade,ask,223.86,2.0,22209500
34431.306279344,trade,ask,223.96,1.0,22186797
34431.318109912,trade,ask,224.0,40.0,20812077
34433.005506593,cancel,ask,224.0,100.0,22186452
34433.007066268,trade,ask,224.0,160.0,20812077
34433.007516692,add,bid,224.0,100.0,22255951
34433.014322523,cancel,ask,224.18,200.0,22106242
34433.722465837,cancel,bid,224.0,100.0,22255951
34434.215529533,add,bid,223.73,100.0,22274843
34435.906900805,add,bid,224.0,100.0,22295829
34439.626716692,add,ask,224.2,1.0,22338263
34442.016384147,trade,ask,224.18,100.0,hidden_697
34444.054217486,trade,ask,224.19,100.0,hidden_698
34444.055049901,trade,ask,224.19,45.0,hidden_699
34444.055049901,trade,ask,224.2,55.0,20652047
34444.055818191,trade,ask,224.2,100.0,20652047
34444.055922507,trade,ask,224.2,45.0,20652047
34444.055922507,trade,ask,224.2,1.0,22338263
34444.056320319,add,bid,224.2,100.0,22426277
34444.056738019,trade,ask,224.25,50.0,20355014
34444.217387921,trade,ask,224.29,30.0,21120913
34444.217757848,trade,ask,224.3,100.0,20915644
34444.220538049,trade,ask,224.36,1.0,19948313
34444.272352818,trade,bid,224.23,45.0,hidden_709
34444.272352818,trade,bid,224.22,55.0,hidden_710
34444.463982225,cancel,bid,224.2,100.0,22426277
34445.747977526,add,bid,224.2,100.0,22450352
34445.985190929,add,bid,224.2,100.0,22453396
34448.169454786,trade,ask,224.41,100.0,hidden_714
34448.779811264,trade,bid,224.23,2.0,hidden_715
34448.781128618,trade,bid,224.23,2.0,hidden_716
34449.856461104,cancel,ask,224.45,100.0,17454308
34449.856836303,add,ask,224.45,200.0,22517179
34449.857386782,trade,ask,224.41,200.0,hidden_719
34449.858003999,trade,ask,224.45,100.0,22517179
34449.860885033,trade,ask,224.45,100.0,22517179
34449.860885033,trade,ask,224.45,75.0,hidden_722
34449.86112417,add,ask,224.45,125.0,22517293
34449.862959887,trade,ask,224.45,100.0,22517293
34449.863460598,trade,ask,224.45,21.0,22517293
34449.960380579,trade,ask,224.45,4.0,22517293
34450.02050021,trade,ask,224.5,5.0,4631805
34450.028401988,add,bid,224.49,100.0,22519873
34450.049028254,trade,bid,224.49,100.0,22519873
34450.227028223,add,bid,224.49,100.0,22522589
34450.227394692,trade,bid,224.49,100.0,22522589
34450.45008693,add,bid,224.49,100.0,22524875
34450.718312795,add,ask,224.69,5.0,22527537
34451.033175139,trade,bid,224.49,100.0,22524875
34451.22412782,add,bid,224.49,100.0,22532942
34451.333801202,cancel,bid,224.49,100.0,22532942
34451.333801202,add,bid,224.44,100.0,22534491
34451.343925139,add,bid,224.49,100.0,22534667
34451.344014838,add,bid,224.58,100.0,22534671
34453.662124316,trade,bid,224.59,100.0,hidden_740
34453.662202859,trade,bid,224.58,100.0,22534671
34454.740158633,add,ask,224.68,100.0,22582524
34454.756635585,trade,bid,224.51,100.0,hidden_743
34454.756635585,trade,bid,224.49,100.0,22534667
34455.422076321,add,bid,224.46,100.0,22591862
34455.42219142,trade,bid,224.46,100.0,22591862
34457.077726405,add,ask,224.68,200.0,22611872
34457.093859905,cancel,ask,224.68,200.0,22611872
34460.282348973,cancel,ask,224.68,100.0,22582524
34460.284997968,cancel,ask,224.69,200.0,22615729
34460.285165244,add,ask,224.64,300.0,22671751
34460.314919729,add,ask,224.59,1.0,22672038
34462.870109501,trade,ask,224.41,11.0,hidden_753
34462.870109501,trade,ask,224.55,90.0,hidden_754
34462.872619193,trade,ask,224.58,101.0,hidden_755
34462.880111011,trade,ask,224.59,1.0,22672038
34462.883940151,trade,ask,224.63,100.0,hidden_757
34463.689095946,add,ask,224.64,200.0,22709259
34464.253226455,trade,bid,224.42,1.0,hidden_759
34464.253457641,cancel,ask,224.64,200.0,22709259
34464.25464595,trade,bid,224.43,2.0,hidden_761
34464.262244556,trade,bid,224.44,2.0,hidden_762
34464.947689949,cancel,ask,224.64,300.0,22671751
34464.965303193,cancel,ask,224.67,200.0,22723179
34464.965303193,add,ask,224.69,200.0,22727904
34465.446345741,trade,bid,224.46,2.0,hidden_766
34465.447705921,trade,bid,224.42,2.0,hidden_767
34468.010685413,add,ask,224.69,300.0,22771332
34468.581697123,add,ask,224.69,1.0,22777513
34468.900679473,cancel,ask,224.69,200.0,22727904
34469.00470116,cancel,ask,224.69,1.0,22777513
34469.128079729,add,ask,224.65,1.0,22783957
34469.360728709,add,bid,224.57,100.0,22786334
34470.053763017,trade,bid,224.58,50.0,hidden_774
34470.498874916,trade,ask,224.65,1.0,22783957
34470.501845539,trade,ask,224.69,5.0,22527537
34470.501845539,trade,ask,224.69,19.0,22771332
34472.208386486,trade,ask,224.69,200.0,22771332
34472.215223145,trade,ask,224.69,81.0,22771332
34472.818360498,trade,ask,224.75,10.0,4631225
34472.818360498,trade,ask,224.75,90.0,hidden_781
34472.907858817,add,bid,224.75,100.0,22832361
34472.907949194,trade,bid,224.75,100.0,22832361
34472.909149327,trade,bid,224.62,50.0,hidden_784
34472.909149327,trade,bid,224.61,50.0,hidden_785
34472.90989999,add,ask,224.79,77.0,22832389
34473.573145284,add,ask,224.75,300.0,22839312
34473.573332478,add,ask,224.75,77.0,22839315
34473.962453884,trade,bid,224.59,2.0,hidden_789
34473.963725944,trade,bid,224.59,2.0,hidden_790
34473.973382881,trade,bid,224.59,2.0,hidden_791
34473.975656892,trade,bid,224.59,1.0,hidden_792
34474.743808417,trade,bid,224.59,2.0,hidden_793
34475.723024899,trade,bid,224.59,1.0,hidden_794
34477.424946843,cancel,ask,224.75,300.0,22839312
34477.427818778,add,ask,224.75,200.0,22891526
34477.448753545,trade,bid,224.59,90.0,hidden_797
34477.448753545,trade,bid,224.58,67.0,hidden_798
34478.024002516,add,bid,224.6,100.0,22897386
34478.209903684,add,ask,224.73,100.0,22899417
34478.210035715,cancel,bid,224.6,100.0,22897386
34478.210035715,add,bid,224.59,100.0,22899420
34478.210118482,add,ask,224.73,77.0,22899424
34478.595675381,trade,bid,224.61,7.0,hidden_804
34478.595675381,trade,bid,224.6,43.0,hidden_805
34481.977638891,trade,bid,224.6,1.0,hidden_806
34481.982843329,trade,bid,224.6,4.0,hidden_807
34481.982941277,trade,bid,224.6,100.0,hidden_808
34482.014600479,trade,bid,224.6,100.0,hidden_809
34482.02634442,trade,bid,224.6,1.0,hidden_810
34482.039284555,trade,bid,224.6,84.0,hidden_811
34482.039284555,trade,bid,224.59,16.0,22899420
34482.378870859,trade,bid,224.59,84.0,22899420
34482.378978835,trade,bid,224.57,100.0,22786334
34482.38592497,add,bid,224.2,200.0,22955746
34482.622958942,add,bid,224.46,100.0,22959293
34483.969026862,add,ask,224.66,4.0,22975007
34483.969239781,cancel,bid,224.46,100.0,22959293
34483.969239781,add,bid,224.48,100.0,22975020
34483.969240837,add,ask,224.66,77.0,22975021
34483.969503634,cancel,bid,224.48,100.0,22975020
34483.969503634,add,bid,224.45,100.0,22975033
34485.008528434,cancel,bid,224.45,100.0,22975033
34485.008528434,add,bid,224.44,100.0,22991791
34485.038150871,cancel,bid,224.44,100.0,22991791
34485.038310834,add,bid,224.44,100.0,22997265
34485.055230465,add,ask,224.65,1.0,22998802
34485.055431519,cancel,bid,224.44,100.0,22997265
34485.055431519,add,bid,224.48,100.0,22998829
34485.055447216,add,ask,224.65,77.0,22998831
34485.055558721,cancel,bid,224.48,100.0,22998829
34485.055558721,add,bid,224.44,100.0,22998840
34486.507158651,add,ask,224.65,200.0,23022123
34486.507279526,cancel,bid,224.44,100.0,22998840
34486.507279526,add,bid,224.41,100.0,23022124
34486.980485826,cancel,bid,224.41,100.0,23022124
34486.980575614,cancel,ask,224.65,77.0,22998831
34486.980654869,add,bid,224.41,100.0,23027289
34486.98070208,add,ask,224.58,77.0,23027303
34486.980937487,cancel,bid,224.41,100.0,23027289
34486.980937487,add,bid,224.4,100.0,23027353
34486.983551652,add,ask,224.57,2.0,23027499
34486.983725478,cancel,bid,224.4,100.0,23027353
34486.983725478,add,bid,224.41,100.0,23027504
34486.983730682,add,ask,224.57,77.0,23027505
34486.983761727,cancel,ask,224.57,2.0,23027499
34486.983829509,cancel,bid,224.41,100.0,23027504
34486.983829509,add,bid,224.39,100.0,23027511
34486.983904771,add,ask,224.56,2.0,23027512
34486.984064905,cancel,bid,224.39,100.0,23027511
34486.984064905,add,bid,224.41,100.0,23027518
34486.984067782,add,ask,224.56,77.0,23027519
34486.984071242,cancel,ask,224.56,2.0,23027512
34486.984251873,cancel,bid,224.41,100.0,23027518
34486.984251873,add,bid,224.39,100.0,23027524
34486.984349144,add,ask,224.55,2.0,23027529
34486.984522169,cancel,bid,224.39,100.0,23027524
34486.984522169,add,bid,224.41,100.0,23027550
34486.984523738,add,ask,224.55,77.0,23027551
34486.984568245,cancel,ask,224.55,2.0,23027529
34486.984651798,cancel,bid,224.41,100.0,23027550
34486.984651798,add,bid,224.39,100.0,23027556
34486.98473346,add,ask,224.54,2.0,23027562
34486.984891114,cancel,bid,224.39,100.0,23027556
34486.984891114,add,bid,224.41,100.0,23027566
34486.984899376,add,ask,224.54,77.0,23027568
34486.984903027,cancel,ask,224.54,2.0,23027562
34486.985031016,add,ask,224.53,2.0,23027573
34486.985115386,cancel,bid,224.41,100.0,23027566
34486.985115386,add,bid,224.39,100.0,23027577
34486.985198669,add,ask,224.53,77.0,23027581
34486.985222406,cancel,ask,224.53,2.0,23027573
34487.007315177,add,ask,224.46,1.0,23027906
34487.007399915,cancel,bid,224.39,100.0,23027577
34487.007399915,add,bid,224.4,100.0,23027908
34487.007422444,add,ask,224.45,2.0,23027909
34487.00743355,trade,ask,224.45,2.0,23027909
34487.00743355,trade,ask,224.46,1.0,23027906
34487.007488731,add,ask,224.46,77.0,23027914
34487.007511212,cancel,bid,224.4,100.0,23027908
34487.007511212,add,bid,224.41,100.0,23027915
34487.007516144,cancel,ask,224.46,77.0,23027914
34487.007610712,add,ask,224.58,77.0,23027924
34487.007703324,cancel,bid,224.41,100.0,23027915
34487.007703324,add,bid,224.4,100.0,23027928
34488.028051437,cancel,bid,224.4,100.0,23027928
34488.028258695,add,bid,224.4,100.0,23052513
34488.029250956,add,ask,224.57,1.0,23052634
34488.029446081,add,ask,224.57,77.0,23052643
34488.029954367,cancel,bid,224.4,100.0,23052513
34488.029954367,add,bid,224.39,100.0,23052675
34489.270872338,trade,bid,224.39,100.0,23052675
34489.27667638,cancel,ask,224.57,77.0,23052643
34489.27678079,cancel,ask,224.57,1.0,23052634
34489.27678079,add,ask,224.64,1.0,23075282
34489.276796908,add,ask,224.51,77.0,23075283
34489.276906983,add,ask,224.5,1.0,23075292
34489.277089553,add,ask,224.5,77.0,23075305
34489.277100578,cancel,ask,224.5,1.0,23075292
34489.383529516,add,ask,224.49,1.0,23080371
34489.383718537,add,ask,224.42,77.0,23080379
34489.383836978,add,ask,224.41,1.0,23080385
34489.384011627,add,ask,224.41,77.0,23080392
34489.384016841,cancel,ask,224.41,1.0,23080385
34490.005229716,add,ask,224.4,1.0,23089014
34490.005438204,cancel,ask,224.4,1.0,23089014
34490.005438204,add,ask,224.65,1.0,23089024
34490.00544034,add,ask,224.4,77.0,23089025
34490.005511662,cancel,ask,224.4,77.0,23089025
34490.00560818,add,ask,224.48,77.0,23089037
34490.005698397,add,ask,224.47,1.0,23089042
34490.005869626,add,ask,224.47,77.0,23089049
34490.005872767,cancel,ask,224.47,1.0,23089042
34490.014250592,trade,bid,224.22,200.0,hidden_914
34490.014759441,add,ask,224.46,1.0,23089383
34490.014943025,add,ask,224.46,77.0,23089393
34490.014946989,cancel,ask,224.46,1.0,23089383
34490.072480597,add,ask,224.45,1.0,23090721
34490.072659029,cancel,ask,224.45,1.0,23090721
34490.072659029,add,ask,224.65,1.0,23090724
34490.072662251,add,ask,224.45,77.0,23090725
34490.223191387,add,bid,224.37,100.0,23092756
34490.22329742,add,ask,224.44,1.0,23092758
34490.223298113,trade,bid,224.37,3.0,23092756
34490.223378062,trade,bid,224.37,97.0,23092756
34490.223480627,add,ask,224.44,77.0,23092766
34490.223490742,cancel,ask,224.44,1.0,23092758
34491.10702906,add,ask,224.43,1.0,23105970
34491.107219183,cancel,ask,224.43,1.0,23105970
34491.107219183,add,ask,224.65,1.0,23105973
34491.107234261,add,ask,224.43,77.0,23105975
34491.107295231,cancel,ask,224.43,77.0,23105975
34491.107393587,add,ask,224.48,77.0,23105984
34491.107498202,add,ask,224.47,1.0,23105988
34491.107662041,add,ask,224.47,77.0,23105992
34491.107675067,cancel,ask,224.47,1.0,23105988
34491.242659316,add,ask,224.46,1.0,23109459
34491.242841637,cancel,ask,224.46,1.0,23109459
34491.242841637,add,ask,224.65,1.0,23109467
34491.242848003,add,ask,224.46,77.0,23109469
34491.482652358,add,ask,224.45,1.0,23113999
34491.482824136,cancel,ask,224.45,1.0,23113999
34491.482824136,add,ask,224.65,1.0,23114004
34491.482830489,add,ask,224.45,77.0,23114006
34491.887391067,add,ask,224.43,300.0,23118331
34491.887511655,add,ask,224.42,1.0,23118335
34491.887697516,add,ask,224.42,77.0,23118341
34493.883076331,add,ask,224.39,100.0,23139178
34493.883202722,add,ask,224.38,1.0,23139180
34493.883394843,add,ask,224.38,77.0,23139187
34498.490053727,add,ask,224.35,300.0,23200868
34498.49016826,add,ask,224.34,1.0,23200872
34498.490380566,add,ask,224.34,77.0,23200875
34498.770033436,add,ask,224.33,1.0,23204531
34498.770143844,add,ask,224.32,1.0,23204534
34498.77033405,add,ask,224.32,77.0,23204537
34499.912600704,trade,bid,224.2,100.0,22450352
34500.116259304,cancel,ask,224.32,1.0,23204534
34500.116259304,add,ask,224.32,2.0,23235109
34500.116486797,trade,bid,224.12,1.0,22545486
34500.117798916,trade,bid,224.12,1.0,22545486
34500.268836694,add,ask,224.32,1.0,23242423
34502.301420235,add,ask,224.3,100.0,23298883
34502.301538452,add,ask,224.29,2.0,23298886
34502.301752546,add,ask,224.29,77.0,23298900
34502.719868382,add,ask,224.26,47.0,23304833
34502.720011723,add,ask,224.25,2.0,23304841
34502.720197705,add,ask,224.25,77.0,23304854
34503.003434171,trade,bid,224.12,300.0,22545486
34503.003660112,add,bid,224.12,300.0,23308991
34504.671229092,trade,bid,224.12,2.0,22545486
34506.5545624,add,ask,224.24,1.0,23385854
34506.554690654,add,ask,224.23,2.0,23385856
34506.554896311,add,ask,224.23,77.0,23385862
34506.99601228,trade,bid,224.12,96.0,22545486
34506.99601228,trade,bid,224.12,300.0,23308991
34507.01845926,cancel,ask,224.23,77.0,23385862
34507.018572005,add,ask,224.17,77.0,23401727
34507.018684136,add,ask,224.16,2.0,23401735
34507.018849449,add,ask,224.16,77.0,23401746
34507.018867701,cancel,ask,224.16,2.0,23401735
34507.019375848,add,ask,224.15,2.0,23401765
34507.01953882,add,ask,224.15,77.0,23401778
34507.019546829,cancel,ask,224.15,2.0,23401765
34507.025342557,add,ask,224.14,2.0,23401919
34507.025525383,add,ask,224.14,77.0,23401928
34507.025526556,cancel,ask,224.14,2.0,23401919
34507.137492805,add,ask,224.13,2.0,23404340
34507.137687495,add,ask,224.13,77.0,23404356
34507.137688438,cancel,ask,224.13,2.0,23404340
34507.146693894,add,ask,224.12,2.0,23405016
34507.146871631,add,ask,224.12,77.0,23405028
34507.146903435,cancel,ask,224.12,2.0,23405016
34507.147825571,add,ask,224.11,2.0,23405070
34507.147992939,add,ask,224.11,77.0,23405078
34507.148003417,cancel,ask,224.11,2.0,23405070
34507.148242398,add,ask,224.1,2.0,23405086
34507.148422629,add,ask,224.1,77.0,23405097
34507.148427136,cancel,ask,224.1,2.0,23405086
34507.149553915,add,ask,224.09,2.0,23405159
34507.149728052,add,ask,224.09,77.0,23405165
34507.149742697,cancel,ask,224.09,2.0,23405159
34509.094628024,add,ask,224.09,200.0,23449699
34509.094764345,add,ask,224.08,2.0,23449703
34509.09497346,add,ask,224.08,77.0,23449710
34510.028900958,trade,bid,223.91,30.0,22702485
34510.0335718,trade,bid,223.81,100.0,hidden_1007
34510.0335718,trade,bid,223.8,10.0,22497468
34510.035076357,add,ask,224.05,100.0,23466976
34510.035184401,add,ask,224.04,2.0,23466978
34510.035384924,add,ask,224.04,77.0,23466981
34510.586863005,add,ask,224.03,100.0,23477815
34510.586985365,add,ask,224.02,2.0,23477818
34510.587199557,add,ask,224.02,77.0,23477840
34511.993742888,cancel,ask,224.02,2.0,23477818
34511.993742888,add,ask,224.02,3.0,23506824
34511.996179966,cancel,ask,224.02,3.0,23506824
34511.996179966,add,ask,224.02,4.0,23507124
34512.18657372,add,ask,224.01,100.0,23513506
34512.186708448,add,ask,224.0,4.0,23513511
34512.186909182,add,ask,224.0,77.0,23513522
34512.700471786,add,ask,223.97,100.0,23543724
34512.700585574,add,ask,223.96,4.0,23543728
34512.700788283,add,ask,223.96,77.0,23543736
34514.469464373,trade,ask,223.96,4.0,23543728
34514.469464373,trade,ask,223.96,77.0,23543736
34514.469464373,trade,ask,223.97,19.0,hidden_1027
34517.939553693,add,bid,223.84,100.0,23651493
34518.005406541,cancel,bid,223.84,100.0,23651493
34518.005406541,add,bid,223.86,100.0,23652780
34519.578372245,trade,ask,224.0,1.0,23552250
34519.585456104,trade,ask,224.02,83.0,23516726
34519.585469854,trade,ask,224.02,17.0,23516726
34519.586380187,add,ask,224.16,200.0,23677962
34519.586597383,cancel,bid,223.86,100.0,23652780
34519.586597383,add,bid,223.87,100.0,23677968
34519.59083153,cancel,ask,224.16,200.0,23677962
34519.59083153,add,ask,224.22,200.0,23678050
34520.221954738,cancel,ask,224.22,200.0,23678050
34520.221954738,add,ask,224.19,200.0,23687913
34522.239472453,add,ask,224.18,100.0,23717865
34522.240604686,cancel,ask,224.18,100.0,23717865
34522.253223122,cancel,bid,223.87,100.0,23677968
34522.253223122,add,bid,224.1,100.0,23718155
34522.253685986,cancel,ask,224.19,200.0,23687913
34522.253685986,add,ask,224.2,200.0,23718170
34522.255438199,cancel,ask,224.2,200.0,23718170
34522.255438199,add,ask,224.21,200.0,23718233
34523.715606918,cancel,ask,224.21,200.0,23718233
34523.715606918,add,ask,224.22,200.0,23741377
34523.716050854,cancel,ask,224.22,200.0,23741377
34523.716050854,add,ask,224.23,200.0,23741430
34523.716675127,cancel,ask,224.23,200.0,23741430
34523.716675127,add,ask,224.25,200.0,23741499
34523.718725797,cancel,ask,224.25,200.0,23741499
34527.356742146,add,ask,224.25,200.0,23808011
34531.4825504,cancel,ask,224.25,200.0,23808011
34531.4825504,add,ask,224.24,200.0,23866012
34534.726580801,add,ask,224.17,79.0,23910183
34534.753962293,cancel,bid,224.1,100.0,23718155
34534.753962293,add,bid,224.14,100.0,23910496
34534.754920238,cancel,ask,224.17,79.0,23910183
34534.906641453,cancel,ask,224.24,200.0,23866012
34534.906641453,add,ask,224.25,200.0,23912173
34535.316488304,cancel,ask,224.25,200.0,23912173
34535.316488304,add,ask,224.33,200.0,23917321
34535.373209844,cancel,bid,224.14,100.0,23910496
34535.373209844,add,bid,224.15,100.0,23917882
34535.37351938,cancel,ask,224.33,200.0,23917321
34535.37351938,add,ask,224.35,200.0,23917888
34535.373623944,add,ask,224.35,100.0,23917889
34535.403711171,trade,bid,224.15,100.0,23917882
34535.432388413,cancel,ask,224.35,100.0,23917889
34535.939650755,cancel,ask,224.35,200.0,23917888
34535.939650755,add,ask,224.37,200.0,23923527
34535.941005639,cancel,ask,224.37,200.0,23923527
34535.941005639,add,ask,224.38,200.0,23923539
34535.943556177,cancel,ask,224.38,200.0,23923539
34535.943556177,add,ask,224.42,200.0,23923565
34535.943898689,cancel,ask,224.42,200.0,23923565
34535.943898689,add,ask,224.44,200.0,23923572
34535.945161126,cancel,ask,224.44,200.0,23923572
34535.945161126,add,ask,224.36,200.0,23923594
34536.120722094,cancel,ask,224.36,200.0,23923594
34536.120722094,add,ask,224.38,200.0,23925565
34536.24018411,cancel,ask,224.38,200.0,23925565
34536.24018411,add,ask,224.35,200.0,23926836
34536.727146481,add,ask,224.13,79.0,23932733
34538.702489482,trade,bid,224.0,30.0,23907873
34538.702705091,add,ask,223.94,100.0,23955825
34538.702804822,trade,ask,223.94,100.0,23955825
34538.702821216,trade,ask,223.94,100.0,hidden_1092
34538.702824483,trade,ask,223.94,100.0,hidden_1093
34538.702827747,trade,ask,223.94,200.0,hidden_1094
34538.702833293,trade,ask,223.94,74.0,hidden_1095
34538.702883268,cancel,bid,223.88,200.0,23923519
34540.086255645,add,ask,224.13,100.0,23982445
34540.096438726,cancel,ask,224.13,100.0,23982445
34543.048273053,add,ask,224.13,200.0,24018868
34547.416608627,cancel,ask,224.13,200.0,24018868
34548.205144229,add,bid,223.89,100.0,24104731
34549.692244748,add,ask,224.1,200.0,24128897
34550.311975905,add,ask,224.0,100.0,24139782
34550.593011118,trade,ask,224.0,30.0,24139782
34553.258915288,trade,bid,223.89,100.0,24104731
34559.998918979,trade,ask,224.0,70.0,24139782
34562.728883038,cancel,ask,224.13,79.0,23932733
34563.648274969,add,ask,224.13,100.0,24336628
34563.648674072,add,ask,224.13,200.0,24336632
34563.667626838,add,ask,224.12,100.0,24336910
34563.873899188,cancel,ask,224.12,100.0,24336910
34564.728129793,add,ask,224.04,64.0,24349254
34565.515217515,add,ask,223.99,100.0,24365588
34565.530631359,trade,bid,223.88,75.0,23849760
34565.61679025,add,bid,223.85,100.0,24368440
34566.021888215,trade,bid,223.85,100.0,24368440
34572.664735511,add,bid,223.82,100.0,24487326
34576.207969283,trade,bid,223.82,100.0,24487326
34576.208452376,add,ask,223.99,200.0,24535430
34576.21396346,add,ask,223.98,100.0,24535601
34576.214920622,cancel,ask,223.98,100.0,24535601
34577.176519942,cancel,ask,223.99,200.0,24535430
34577.21320513,add,bid,223.73,100.0,24582624
34577.2132931,add,bid,223.73,100.0,24582650
34577.622229679,cancel,bid,223.73,100.0,24582650
34578.430705332,cancel,bid,223.73,100.0,24582624
34581.767796423,add,ask,223.97,100.0,24690789
34583.006279339,cancel,ask,223.97,100.0,24690789
34585.086164952,add,bid,223.96,50.0,24760049
34585.086706722,trade,ask,223.99,100.0,24365588
34585.086706722,trade,ask,223.99,20.0,hidden_1131
34585.087154825,add,ask,223.99,80.0,24760732
34585.088605082,trade,ask,223.99,80.0,24760732
34586.200651182,cancel,bid,223.96,50.0,24760049
34586.226716199,cancel,bid,223.86,100.0,24765547
34586.311588568,add,bid,223.86,200.0,24804599
34586.923069974,trade,ask,224.04,64.0,24349254
34586.928565639,trade,ask,224.13,100.0,hidden_1138
34586.934360062,trade,ask,224.13,100.0,hidden_1139
34586.93515852,trade,ask,224.14,100.0,hidden_1140
34586.93994993,trade,ask,224.15,100.0,24081270
34586.93994993,trade,ask,224.15,100.0,24802400
34586.940545063,cancel,ask,224.15,100.0,24802400
34586.940545063,add,ask,224.22,100.0,24814632
34586.944635258,cancel,ask,224.22,100.0,24814632
34586.958170547,add,ask,224.25,300.0,24814880
34586.993830503,cancel,ask,224.25,300.0,24814880
34587.7323144,add,bid,223.87,300.0,24827088
34589.269253754,add,ask,224.24,100.0,24870564
34591.102335252,add,ask,224.24,100.0,24903476
34591.458464229,trade,bid,223.92,2.0,hidden_1151
34591.460093502,trade,bid,223.93,2.0,hidden_1152
34591.460761235,cancel,bid,223.87,300.0,24827088
34591.461573306,add,ask,224.23,200.0,24910964
34591.463644977,trade,bid,223.94,2.0,hidden_1155
34598.477004559,add,ask,224.23,100.0,25038500
34599.178610039,add,ask,224.22,100.0,25053706
34599.686414989,add,ask,224.21,400.0,25061446
34602.336117508,add,ask,224.2,100.0,25100616
34602.886511257,add,ask,224.19,300.0,25106450
34604.676203062,add,ask,224.19,100.0,25143157
34606.505463573,add,bid,224.08,100.0,25164163
34606.505576114,trade,bid,224.08,100.0,25164163
34607.132190881,cancel,ask,224.19,100.0,25143157
34611.148294295,cancel,ask,224.19,300.0,25106450
34611.686275183,add,ask,224.17,100.0,25232065
34611.690520231,add,bid,223.87,100.0,25232096
34611.743343746,add,ask,224.17,100.0,25232651
34611.972143471,cancel,ask,224.17,100.0,25232065
34611.988126042,cancel,bid,223.87,100.0,25232096
34616.014124375,add,bid,224.04,200.0,25315106
34617.065099764,trade,ask,224.16,100.0,hidden_1172
34627.855942838,cancel,ask,224.17,100.0,25232651
34628.397095815,add,ask,224.16,100.0,25473038
34629.11803882,add,ask,224.15,100.0,25482160
34630.169021332,trade,bid,224.05,94.0,hidden_1176
34630.169021332,trade,bid,224.05,6.0,hidden_1177
34630.169132386,trade,bid,224.05,94.0,hidden_1178
34630.169132386,trade,bid,224.05,6.0,hidden_1179
34630.169747779,trade,bid,224.05,134.0,hidden_1180
34630.169747779,trade,bid,224.05,46.0,hidden_1181
34630.17533945,trade,bid,224.05,54.0,hidden_1182
34630.17533945,trade,bid,224.04,146.0,25315106
34630.176176444,trade,bid,224.04,54.0,25315106
34630.179240891,add,ask,224.15,200.0,25516180
34630.188156333,add,ask,224.13,100.0,25517117
34630.193638142,cancel,ask,224.13,100.0,25517117
34630.195398446,add,bid,223.9,100.0,25517669
34634.373177047,add,bid,224.04,100.0,25604259
34634.373547185,trade,bid,224.04,14.0,25604259
34636.009796028,cancel,ask,224.15,200.0,25516180
34636.009796028,add,ask,224.12,200.0,25633026
34636.676641633,cancel,ask,224.12,200.0,25633026
34636.676641633,add,ask,224.13,200.0,25647568
34638.362414295,cancel,ask,224.13,200.0,25647568
34638.362414295,add,ask,224.15,200.0,25669288
34638.387886999,cancel,ask,224.15,200.0,25669288
34639.985097322,trade,ask,224.13,100.0,hidden_1198
34640.247141038,trade,ask,224.15,100.0,25482160
34640.268896364,trade,ask,224.16,100.0,25473038
34640.269123201,add,ask,224.16,100.0,25706199
34641.609635915,add,ask,224.16,100.0,25723178
34647.813585207,add,ask,224.16,200.0,25806897
34648.09444385,cancel,ask,224.16,100.0,25706199
34652.717627791,add,ask,224.15,100.0,25873818
34652.718009035,add,ask,224.15,200.0,25873824
34653.364033872,add,ask,224.15,100.0,25880288
34654.63444529,trade,bid,224.04,25.0,25604259
34655.427968815,add,ask,224.15,100.0,25919165
34657.398019014,trade,bid,224.04,2.0,25604259
34657.398771437,trade,bid,224.04,2.0,25604259
34657.400495791,trade,bid,224.04,2.0,25604259
34657.400563638,trade,bid,224.04,55.0,25604259
34658.010946636,cancel,ask,224.15,100.0,25919165
34660.029222188,cancel,ask,224.15,100.0,25873818
34660.838014273,cancel,bid,224.0,100.0,25901415
34660.841755316,cancel,ask,224.15,200.0,25873824
34660.843809014,add,bid,224.05,100.0,25984798
34661.864039612,trade,ask,224.12,300.0,hidden_1219
34661.864039612,trade,ask,224.15,100.0,25880288
34661.86452958,cancel,ask,224.16,200.0,25984783
34661.86452958,add,ask,224.2,200.0,25993391
34661.869501259,cancel,ask,224.2,200.0,25993391
34663.891361379,add,bid,224.06,200.0,26008683
34664.224782784,trade,ask,224.23,100.0,25054870
34665.775883569,add,bid,224.06,100.0,26057784
34666.917212626,add,ask,224.23,200.0,26069606
34672.655393454,cancel,ask,224.23,200.0,26069606
34672.655496015,add,ask,224.21,200.0,26166946
34675.738909585,add,bid,224.08,100.0,26251406
34675.967682571,add,bid,224.08,100.0,26255945
34677.01994193,add,ask,224.2,100.0,26270795
34679.89890701,add,ask,224.2,100.0,26311330
34680.494492845,trade,bid,224.09,2.0,hidden_1234
34680.496929309,add,ask,224.18,100.0,26319642
34680.530253296,cancel,ask,224.18,100.0,26319642
34681.179338103,trade,bid,224.09,23.0,hidden_1237
34681.179338103,trade,bid,224.09,77.0,hidden_1238
34682.665160977,add,ask,224.18,200.0,26352029
34683.737124076,add,ask,224.16,100.0,26372408
34683.840952624,trade,bid,224.09,21.0,hidden_1241
34683.840952624,trade,bid,224.08,100.0,26251406
34683.840952624,trade,bid,224.08,79.0,26255945
34683.8410372,trade,bid,224.08,21.0,26255945
34683.841504543,trade,bid,224.06,200.0,26008683
34683.841765768,add,bid,224.06,100.0,26382039
34683.842426797,cancel,ask,224.16,100.0,26372408
34683.856643929,trade,bid,224.06,100.0,26382039
34683.857359791,add,bid,223.9,100.0,26383007
34683.911412389,add,ask,224.16,100.0,26386077
34684.703388021,add,bid,224.02,100.0,26404124
34686.386444561,add,ask,224.15,100.0,26431803
34686.400158699,add,ask,224.15,100.0,26431949
34686.907763759,trade,ask,224.12,100.0,hidden_1254
34686.909143346,cancel,ask,224.15,100.0,26431803
34690.027852405,add,bid,224.02,100.0,26504391
34698.537091152,add,ask,224.14,100.0,26656019
34700.082741034,trade,bid,224.03,20.0,hidden_1258
34700.082741034,trade,bid,224.03,20.0,hidden_1259
34700.082741034,trade,bid,224.03,20.0,hidden_1260
34700.082741034,trade,bid,224.02,100.0,26404124
34700.082741034,trade,bid,224.02,40.0,26504391
34700.082878913,trade,bid,224.02,60.0,26504391
34700.084943941,cancel,bid,223.9,100.0,26383007
34700.08568402,add,bid,223.88,100.0,26725734
34700.086350863,add,bid,224.0,200.0,26725822
34700.092215557,trade,bid,224.0,200.0,26725822
34700.092228859,cancel,ask,224.14,100.0,26656019
34700.093988457,cancel,bid,223.9,100.0,26725907
34700.094367193,add,ask,224.01,100.0,26726568
34700.094666187,add,bid,223.88,100.0,26726600
34700.09938973,cancel,bid,223.88,100.0,26726600
34700.181350796,cancel,ask,224.01,100.0,26726568
34700.378255077,add,ask,224.14,100.0,26747069
34700.601930304,add,ask,224.13,100.0,26754380
34700.686356621,cancel,ask,224.13,100.0,26754380
34700.703804625,cancel,ask,224.14,100.0,26747069
34701.072349378,add,ask,224.14,100.0,26773563
34701.236717,add,ask,224.13,100.0,26781174
34702.089888338,add,ask,224.13,100.0,26801867
34702.596041382,add,bid,223.9,100.0,26812611
34703.057331108,cancel,bid,223.9,100.0,26812611
34703.07649828,add,bid,224.01,79.0,26822725
34703.0779472,cancel,ask,224.13,100.0,26781174
34703.173258583,add,bid,224.01,35.0,26824533
34703.586405918,add,ask,224.11,100.0,26831696
34703.596187704,cancel,ask,224.11,100.0,26831696
34704.136945344,add,ask,224.11,100.0,26843995
34706.157084504,trade,bid,224.01,79.0,26822725
34706.157084504,trade,bid,224.01,21.0,26824533
34706.158569272,cancel,ask,224.11,100.0,26843995
34706.16038913,trade,bid,224.01,14.0,26824533
34706.686550912,add,ask,224.12,200.0,26915143
34710.006707088,add,ask,224.12,100.0,27032585
34710.208660539,add,ask,224.11,200.0,27044291
34710.736111638,add,ask,224.1,400.0,27063686
34711.65559694,trade,bid,223.86,10.0,24804599
34711.767187106,add,ask,224.1,100.0,27092797
34712.61772,trade,bid,223.86,190.0,24804599
34712.61772,trade,bid,223.86,10.0,hidden_1300
34712.617952562,add,bid,223.86,200.0,27111446
34712.618033184,add,ask,224.1,100.0,27111452
34712.667288716,cancel,ask,224.1,100.0,27111452
34712.735849549,add,ask,223.97,6.0,27115888
34712.737681831,trade,bid,223.86,100.0,27111446
34712.737749549,trade,bid,223.86,100.0,27111446
34712.737964478,add,bid,223.86,90.0,27115977
34712.744905056,trade,bid,223.86,90.0,27115977
34713.336190861,add,ask,223.94,100.0,27128801
34713.345924379,cancel,ask,223.94,100.0,27128801
34714.086629751,add,ask,223.96,100.0,27169735
34714.093553883,cancel,ask,223.96,100.0,27169735
34714.63743365,add,ask,223.96,200.0,27208693
34714.644015724,cancel,ask,223.96,200.0,27208693
34715.186286806,add,ask,223.96,100.0,27234680
34715.192966575,cancel,ask,223.96,100.0,27234680
34715.630575029,cancel,bid,223.67,100.0,26595301
34715.9692558,add,bid,223.94,100.0,27252241
34715.969365635,trade,ask,223.97,6.0,27115888
34716.436389039,add,ask,224.07,100.0,27262700
34716.436464821,add,ask,224.07,100.0,27262702
34716.446038499,cancel,ask,224.07,100.0,27262700
34716.60473515,trade,bid,223.94,100.0,27252241
34716.605589762,add,bid,223.71,100.0,27265617
34716.608134476,cancel,bid,223.71,100.0,27265617
34716.60876739,add,bid,223.7,100.0,27265663
34716.719711901,cancel,bid,223.7,100.0,27265663
34716.720362827,add,bid,223.69,100.0,27268847
34717.268663877,cancel,ask,224.07,100.0,27262702
34717.593267095,add,bid,223.71,100.0,27286346
34717.593989221,add,bid,223.72,100.0,27286359
34717.660515166,add,ask,224.06,200.0,27287467
34717.669772188,cancel,ask,224.06,200.0,27287467
34718.173385655,add,ask,224.09,200.0,27297454
34718.176251258,cancel,ask,224.09,200.0,27297454
34718.686625609,add,ask,224.06,100.0,27306599
34718.690648238,cancel,bid,223.72,100.0,27286359
34718.696825822,cancel,ask,224.06,100.0,27306599
34719.236670836,add,ask,224.06,100.0,27317890
34719.248650288,cancel,ask,224.06,100.0,27317890
34719.667073416,add,ask,224.05,100.0,27326048
34719.984913757,cancel,bid,223.62,114.0,27232265
34719.985066678,add,bid,223.6,114.0,27332967
34720.600060359,add,bid,224.0,25.0,27345923
34720.600162596,trade,bid,224.0,6.0,27345923
34720.600187721,trade,bid,224.0,19.0,27345923
34720.600201863,add,bid,223.66,114.0,27345929
34720.702710451,cancel,bid,223.66,114.0,27345929
34722.876967662,add,ask,224.01,100.0,27406389
34732.262328943,add,ask,224.0,100.0,27586177
34739.086796127,add,ask,223.98,100.0,27705120
34739.236808079,cancel,ask,223.98,100.0,27705120
34739.986127757,add,ask,223.98,100.0,27721911
34740.38647827,cancel,ask,223.98,100.0,27721911
34740.937164792,add,ask,223.98,200.0,27764060
34741.002507523,cancel,bid,223.6,114.0,27332967
34742.818819441,add,ask,223.97,100.0,27806714
34743.536269312,add,ask,223.95,100.0,27823542
34744.924938693,cancel,ask,223.95,100.0,27823542
34744.926709734,add,ask,223.87,100.0,27870490
34745.02741548,cancel,ask,223.87,100.0,27870490
34745.429689736,add,bid,223.62,100.0,27883900
34751.786143403,add,ask,223.95,100.0,28000085
34752.186097097,cancel,ask,223.95,100.0,28000085
34753.186366066,add,ask,223.95,100.0,28019423
34753.286001438,cancel,ask,223.95,100.0,28019423
34755.4694977,add,bid,223.86,100.0,28054976
34756.375015262,add,ask,223.96,100.0,28073237
34757.775722844,add,bid,223.86,100.0,28093908
34758.411106599,add,bid,223.94,100.0,28104182
34758.417688684,add,bid,223.94,100.0,28104265
34758.418768387,trade,ask,223.96,100.0,28073237
34758.442095576,cancel,ask,224.13,100.0,28102514
34758.442790093,add,ask,224.12,100.0,28104778
34758.442891199,add,ask,224.12,100.0,28104780
34758.442892022,add,ask,224.12,100.0,28104781
34758.443955936,add,bid,224.07,200.0,28104823
34758.631048029,cancel,ask,224.12,100.0,28104780
34759.237830513,cancel,bid,224.07,200.0,28104823
34759.240961636,add,ask,224.11,100.0,28118987
34759.241041076,add,ask,224.11,100.0,28118989
34759.246055793,cancel,ask,224.11,100.0,28118987
34759.344734445,add,bid,223.89,100.0,28120488
34759.419791487,cancel,ask,224.11,100.0,28118989
34759.765473695,cancel,ask,224.12,100.0,28104778
34759.765525818,add,ask,223.97,100.0,28129226
34761.263314345,cancel,ask,223.97,100.0,28129226
34761.299876544,cancel,ask,224.19,100.0,28118075
34762.709261043,cancel,ask,224.2,200.0,27992970
34763.144885346,add,ask,224.12,100.0,28181287
34763.144976342,add,ask,224.12,100.0,28181291
34763.436946689,cancel,ask,224.12,100.0,28181291
34765.516626606,add,bid,223.97,100.0,28222402
34765.522571314,add,bid,223.97,100.0,28222560
34766.387383673,trade,ask,224.12,100.0,28181287
34766.394722214,add,ask,224.16,100.0,28240173
34766.394802851,add,ask,224.16,100.0,28240193
34766.394811019,add,ask,224.16,100.0,28240196
34766.402067263,cancel,bid,223.97,100.0,28222402
34766.415776501,cancel,ask,224.16,100.0,28240173
34766.440784896,trade,ask,224.16,51.0,28240193
34766.444908236,cancel,ask,224.16,49.0,28240193
34766.667713428,cancel,ask,224.16,100.0,28240196
34766.736025646,add,bid,223.98,100.0,28265001
34766.818114266,trade,ask,224.2,100.0,26311330
34769.207361197,cancel,bid,223.98,100.0,28265001
34769.209333463,cancel,bid,223.97,100.0,28222560
34769.216840584,trade,ask,224.25,100.0,23990042
34770.531075595,add,ask,224.29,100.0,28364542
34770.531174005,add,ask,224.29,100.0,28364564
34770.53640764,add,bid,223.99,100.0,28365855
34770.537656485,cancel,bid,223.99,100.0,28365855
34771.466038672,cancel,ask,224.29,100.0,28364564
34773.889472659,cancel,ask,224.29,100.0,28364542
34774.301395574,add,ask,224.28,100.0,28435227
34774.301476317,add,ask,224.28,100.0,28435228
34774.47987762,cancel,ask,224.28,100.0,28435228
34776.636027909,add,ask,224.27,100.0,28470908
34776.636125806,add,ask,224.27,100.0,28470910
34776.827707073,cancel,ask,224.27,100.0,28470908
34776.828394808,add,ask,224.2,100.0,28473608
34782.649827198,cancel,ask,224.2,100.0,28473608
34782.649929982,add,ask,224.18,100.0,28556581
34783.342560999,cancel,bid,223.94,100.0,28338053
34783.715379276,add,ask,224.17,100.0,28570803
34784.134614353,add,ask,224.17,100.0,28578184
34784.674552456,cancel,bid,223.83,100.0,28256215
34791.970825974,trade,ask,224.16,100.0,hidden_1428
34791.970825974,trade,ask,224.16,100.0,hidden_1429
34791.971535458,cancel,ask,224.17,100.0,28570803
34793.187282717,cancel,bid,223.8,100.0,28409530
34793.737964687,add,bid,223.77,100.0,28759677
34796.48598979,add,ask,224.16,100.0,28801911
34800.286544761,cancel,ask,224.16,100.0,28801911
34801.121653737,cancel,ask,224.17,100.0,28578184
34801.12185589,add,ask,224.16,100.0,28889060
34805.533844227,add,bid,223.81,100.0,28952644
34805.534410673,add,ask,224.15,100.0,28952676
34805.536758,cancel,bid,223.81,100.0,28952644
34805.537405599,add,bid,223.78,100.0,28952794
34805.53890442,cancel,ask,224.15,100.0,28952676
34805.547228864,cancel,bid,223.78,100.0,28952794
34806.986737067,add,ask,224.15,100.0,28972672
34810.386059299,cancel,ask,224.15,100.0,28972672
34810.838046122,cancel,ask,224.16,100.0,28889060
34810.838221887,add,ask,224.15,100.0,29030590
34811.144629754,add,ask,224.15,100.0,29034867
34811.182036234,add,ask,224.14,100.0,29035435
34811.936617821,add,ask,224.13,100.0,29045230
34814.126017721,add,ask,224.13,100.0,29086236
34814.128921623,cancel,ask,224.13,100.0,29045230
34814.139097831,add,bid,223.81,100.0,29086910
34814.30541224,add,ask,224.01,75.0,29092003
34814.307846984,cancel,bid,223.81,100.0,29086910
34814.324496897,add,bid,223.74,100.0,29092721
34814.332376355,cancel,bid,223.74,100.0,29092721
34814.474936551,add,ask,224.0,1.0,29106503
34814.477256533,cancel,ask,224.0,1.0,29106503
34814.477256533,add,ask,224.0,2.0,29107250
34814.525513802,add,bid,223.69,200.0,29112174
34816.353390066,cancel,bid,223.69,200.0,29112174
34816.353390066,add,bid,223.68,200.0,29162535
34816.874589271,cancel,bid,223.68,200.0,29162535
34816.874589271,add,bid,223.67,200.0,29169555
34816.945843149,trade,ask,224.0,2.0,29107250
34816.945843149,add,bid,224.0,11.0,29171582
34816.94595141,trade,bid,224.0,11.0,29171582
34816.945968128,cancel,bid,223.67,114.0,29055774
34824.66188864,trade,ask,224.01,36.0,29092003
34828.88131904,trade,ask,224.01,39.0,29092003
34828.88131904,trade,ask,224.04,61.0,29353724
34828.881571543,add,bid,224.01,19.0,29366093
34828.881691257,trade,bid,224.01,19.0,29366093
34828.904236533,add,bid,223.88,100.0,29372238
34828.904342531,trade,ask,224.04,39.0,29353724
34828.904777754,trade,ask,224.06,90.0,29189328
34828.904777754,trade,ask,224.06,10.0,29264701
34828.904890354,trade,ask,224.06,90.0,29264701
34828.905185833,cancel,bid,223.88,100.0,29372238
34828.913822034,trade,ask,224.12,26.0,hidden_1480
34828.937699603,cancel,bid,223.69,114.0,29372327
34829.160875668,add,bid,223.75,100.0,29382284
34829.518183698,trade,bid,223.95,1.0,hidden_1483
34829.518960642,trade,bid,223.96,2.0,hidden_1484
34829.528946523,trade,bid,223.97,2.0,hidden_1485
34829.529901049,trade,bid,223.98,2.0,hidden_1486
34829.536437375,trade,bid,223.99,2.0,hidden_1487
34829.678139636,trade,bid,223.95,2.0,hidden_1488
34830.205255974,trade,bid,223.96,2.0,hidden_1489
34830.938661301,trade,bid,223.97,2.0,hidden_1490
34831.91488713,add,ask,224.11,100.0,29426472
34832.224960972,add,bid,223.75,100.0,29431625
34832.225672912,cancel,bid,223.75,100.0,29431625
34833.032920042,add,bid,223.75,100.0,29442413
34846.567607171,add,ask,224.1,100.0,29639018
34847.423545804,trade,ask,224.06,67.0,hidden_1496
34847.423545804,trade,ask,224.1,33.0,29639018
34847.424035631,trade,ask,224.1,67.0,29639018
34847.424035631,trade,ask,224.11,33.0,29426472
34847.425056565,trade,ask,224.11,67.0,29426472
34847.425056565,trade,ask,224.12,33.0,29586814
34847.425227149,add,bid,223.75,114.0,29680414
34847.427528254,cancel,ask,224.12,67.0,29586814
34847.436118764,add,bid,223.91,100.0,29684632
34847.459157028,trade,ask,224.14,1.0,29035435
34847.466467514,cancel,bid,223.91,100.0,29684632
34847.496322779,add,bid,223.86,100.0,29694454
34847.986349798,add,bid,223.91,100.0,29720835
34848.026021713,add,bid,224.02,33.0,29722606
34848.087797346,cancel,bid,224.02,33.0,29722606
34848.08864575,add,bid,224.06,33.0,29725484
34848.091648314,cancel,bid,224.06,33.0,29725484
34848.092346615,add,bid,224.02,33.0,29725626
34848.190920231,cancel,bid,224.02,33.0,29725626
34848.191717667,add,bid,224.07,33.0,29728169
34848.194791919,cancel,bid,224.07,33.0,29728169
34848.195485778,add,bid,224.03,33.0,29728251
34848.229790184,cancel,bid,224.03,33.0,29728251
34848.230463644,add,bid,224.07,33.0,29728833
34848.230923702,cancel,bid,224.07,33.0,29728833
34848.231579966,add,bid,224.08,33.0,29728852
34848.267114359,cancel,bid,224.08,33.0,29728852
34848.267754596,add,bid,224.07,33.0,29729409
34848.538255613,trade,ask,224.14,99.0,29035435
34848.544635414,cancel,bid,224.07,33.0,29729409
34848.545347079,add,bid,224.11,33.0,29741922
34848.554575959,add,ask,224.15,17.0,29742099
34848.554669911,trade,ask,224.15,1.0,29742099
34848.5551604,cancel,bid,224.11,33.0,29741922
34848.555810564,add,bid,224.09,33.0,29742138
34852.428054467,trade,ask,224.15,16.0,29742099
34852.428054467,trade,ask,224.16,84.0,hidden_1532
34852.428943501,cancel,bid,224.09,33.0,29742138
34852.429676432,add,bid,224.1,33.0,29825292
34852.524167335,cancel,bid,224.1,33.0,29825292
34852.524794516,add,bid,224.09,33.0,29827095
34852.524894469,trade,bid,224.09,33.0,29827095
34855.629114008,trade,bid,223.93,2.0,hidden_1538
34855.630756775,add,ask,224.16,200.0,29877071
34855.744277208,add,ask,224.16,100.0,29879335
34855.772081477,trade,ask,224.03,500.0,hidden_1541
34855.772081477,trade,ask,224.16,200.0,29877071
34855.772081477,trade,ask,224.16,100.0,29879335
34855.772629269,trade,ask,224.17,100.0,29776872
34855.773961435,add,bid,223.91,100.0,29879600
34855.912848063,add,bid,223.91,200.0,29881371
34856.032501568,add,ask,224.24,100.0,29884188
34856.05581473,trade,ask,224.075,500.0,hidden_1548
34856.05581473,trade,ask,224.24,100.0,29884188
34856.059601223,add,ask,224.24,100.0,29884526
34856.063303921,cancel,bid,223.91,100.0,29879600
34856.084623018,trade,ask,224.24,100.0,29884526
34856.085003517,cancel,bid,223.91,200.0,29881371
34856.085003517,add,bid,223.89,200.0,29884888
34856.12247288,trade,ask,224.25,50.0,29423206
34856.288388264,add,ask,224.3,100.0,29888132
34856.30651509,add,ask,224.23,100.0,29888461
34856.306628328,trade,ask,224.23,20.0,29888461
34856.314210821,trade,ask,224.23,80.0,29888461
34856.338337191,trade,ask,224.3,100.0,26420978
34856.338337191,trade,ask,224.3,100.0,29888132
34856.350758707,add,bid,223.97,100.0,29889054
34856.385467193,trade,ask,224.35,200.0,29607653
34856.392285655,cancel,ask,224.41,100.0,29884592
34856.428047775,add,ask,224.43,100.0,29890117
34856.428138424,add,ask,224.43,100.0,29890122
34856.429918608,trade,ask,224.43,100.0,29890117
34856.430335008,trade,ask,224.42,100.0,hidden_1568
34856.435177727,add,ask,224.43,100.0,29890328
34856.487259918,add,ask,224.43,100.0,29890879
34856.487663881,cancel,ask,224.43,100.0,29890328
34856.487767574,add,ask,224.43,100.0,29890902
34856.48781611,cancel,ask,224.43,100.0,29890879
34856.513995357,trade,ask,224.41,300.0,hidden_1574
34856.513995357,trade,ask,224.43,100.0,29890122
34856.513995357,trade,ask,224.43,100.0,29890902
34856.55976574,trade,ask,224.38,500.0,hidden_1577
34856.55976574,trade,ask,224.44,100.0,28473932
34856.55976574,trade,ask,224.44,100.0,29603841
34856.561598533,add,bid,223.97,100.0,29892330
34856.563738907,add,ask,224.44,100.0,29892445
34856.584705145,trade,ask,224.44,100.0,29892445
34856.596915558,add,ask,224.42,100.0,29893743
34856.597008116,trade,ask,224.42,100.0,29893743
34856.615921658,trade,ask,224.45,100.0,29604172
34856.660395004,add,ask,224.46,100.0,29894812
34856.661280068,add,ask,224.46,100.0,29894814
34856.974825532,add,bid,224.1,100.0,29899491
34857.432449621,add,bid,224.1,100.0,29907311
34857.434791668,add,bid,224.11,100.0,29907362
34857.447207468,cancel,bid,224.11,100.0,29907362
34858.204013292,cancel,ask,224.46,100.0,29894812
34858.204379164,cancel,ask,224.46,100.0,29894814
34859.711587289,add,bid,224.11,100.0,29948333
34859.712185976,add,bid,224.12,100.0,29948340
34860.43497646,trade,bid,224.25,1.0,hidden_1596
34860.435589076,trade,bid,224.25,1.0,hidden_1597
34860.57305584,trade,bid,224.25,1.0,hidden_1598
34861.922793486,add,ask,224.46,100.0,29997636
34863.316835561,cancel,bid,224.12,100.0,29948340
34863.317459999,add,bid,224.11,100.0,30031898
34863.361834948,cancel,ask,224.46,100.0,29997636
34863.361834948,add,ask,224.41,100.0,30032956
34863.363002354,cancel,bid,224.11,100.0,30031898
34863.524051983,add,bid,224.1,100.0,30036684
34863.524591069,add,bid,224.11,100.0,30036692
34871.525773547,add,ask,224.4,100.0,30179711
34871.592724201,add,ask,224.4,100.0,30180750
34874.895472443,trade,bid,224.25,1.0,hidden_1609
34876.388895979,add,bid,224.23,100.0,30260897
34877.550789452,cancel,ask,224.4,100.0,30180750
34877.550789452,add,ask,224.38,100.0,30274786
34878.257298094,add,bid,224.23,100.0,30282003
34879.189244274,trade,bid,224.25,20.0,hidden_1614
34880.762132697,add,bid,224.23,10.0,30308161
34880.827097019,cancel,bid,224.23,10.0,30308161
34880.827191709,add,bid,224.23,10.0,30315174
34881.208771184,cancel,bid,224.23,10.0,30315174
34881.208868856,add,bid,224.23,10.0,30323991
34881.413618512,cancel,bid,224.23,10.0,30323991
34881.413713961,add,bid,224.25,10.0,30326283
34881.419961333,cancel,bid,224.25,10.0,30326283
34881.42004867,add,bid,224.24,10.0,30326352
34883.594156136,cancel,bid,224.24,10.0,30326352
34883.594243713,add,bid,224.23,10.0,30348810
34883.595498819,add,bid,224.24,4.0,30348818
34883.657101546,add,bid,224.25,10.0,30349254
34883.733087705,cancel,ask,224.38,100.0,30274786
34883.733087705,add,ask,224.37,100.0,30349689
34884.08911566,cancel,ask,224.37,100.0,30349689
34884.08911566,add,ask,224.36,100.0,30352881
34884.089192803,cancel,bid,224.25,10.0,30349254
34884.089282674,add,bid,224.25,10.0,30352882
34884.091790763,cancel,bid,224.25,10.0,30352882
34884.091873325,add,bid,224.24,10.0,30352928
34884.102178566,cancel,ask,224.36,100.0,30352881
34884.102178566,add,ask,224.35,100.0,30353007
34884.1022388,cancel,bid,224.24,10.0,30352928
34884.102323548,add,bid,224.24,10.0,30353008
34884.795437705,add,bid,224.24,200.0,30359025
34884.796090402,cancel,bid,224.24,10.0,30353008
34884.796186418,add,bid,224.26,10.0,30359032
34885.111391783,cancel,bid,224.26,10.0,30359032
34885.111489737,add,bid,224.27,10.0,30362814
34885.122544929,cancel,bid,224.27,10.0,30362814
34885.122687351,add,bid,224.26,10.0,30364713
34885.169003693,add,ask,224.35,100.0,30368204
34885.223047096,cancel,bid,224.26,10.0,30364713
34885.223131634,add,bid,224.25,10.0,30369493
34886.027285145,trade,bid,224.25,100.0,30361835
34886.027285145,trade,bid,224.25,4.0,30361972
34886.027285145,trade,bid,224.25,10.0,30369493
34886.027411497,add,ask,224.32,10.0,30377871
34886.029888009,trade,bid,224.24,186.0,30359025
34886.029963299,trade,bid,224.24,14.0,30359025
34886.029997322,cancel,ask,224.32,10.0,30377871
34886.030073727,add,ask,224.3,10.0,30377898
34886.030148387,add,bid,224.24,100.0,30377900
34886.030286253,cancel,ask,224.3,10.0,30377898
34886.030360848,add,ask,224.31,10.0,30377905
34886.043434935,cancel,ask,224.31,10.0,30377905
34886.043514695,add,ask,224.31,10.0,30378064
34886.044517714,cancel,ask,224.31,10.0,30378064
34886.04459909,add,ask,224.3,10.0,30378078
34886.126200624,trade,bid,224.24,100.0,30377900
34886.126274885,cancel,ask,224.3,10.0,30378078
34886.126397326,add,ask,224.29,10.0,30379097
34886.184065798,cancel,ask,224.29,10.0,30379097
34886.184151762,add,ask,224.28,10.0,30379744
34886.184399645,cancel,ask,224.28,10.0,30379744
34886.184480817,add,ask,224.29,10.0,30379746
34886.224356369,cancel,ask,224.29,10.0,30379746
34886.22443893,add,ask,224.29,10.0,30379998
34886.224566234,cancel,ask,224.29,10.0,30379998
34886.224647913,add,ask,224.29,10.0,30380001
34887.426694342,cancel,ask,224.29,10.0,30380001
34887.426784825,add,ask,224.29,10.0,30406069
34887.426918058,cancel,ask,224.29,10.0,30406069
34887.427002616,add,ask,224.3,10.0,30406073
34887.678169104,cancel,ask,224.3,10.0,30406073
34887.678255322,add,ask,224.31,10.0,30413976
34887.678827607,cancel,ask,224.31,10.0,30413976
34887.678912656,add,ask,224.31,10.0,30414123
34887.683756438,cancel,ask,224.31,10.0,30414123
34887.683901924,add,ask,224.32,10.0,30416164
34887.68912748,cancel,ask,224.32,10.0,30416164
34887.689303597,add,ask,224.33,10.0,30419726
34887.781062596,cancel,ask,224.33,10.0,30419726
34887.78115002,add,ask,224.33,10.0,30433314
34888.060749137,cancel,ask,224.33,10.0,30433314
34888.06083894,add,ask,224.33,10.0,30444198
34888.060990659,cancel,ask,224.33,10.0,30444198
34888.061079707,add,ask,224.32,10.0,30444255
34888.16732331,cancel,ask,224.32,10.0,30444255
34888.167421715,add,ask,224.31,10.0,30447359
34888.167737685,cancel,ask,224.31,10.0,30447359
34888.167818433,add,ask,224.31,10.0,30447368
34888.470027492,trade,bid,224.23,100.0,30260897
34888.470112179,cancel,ask,224.31,10.0,30447368
34888.470215795,add,ask,224.28,10.0,30453621
34888.472047492,add,bid,224.06,100.0,30453647
34888.473024112,cancel,bid,224.06,100.0,30453647
34888.473105079,cancel,ask,224.28,10.0,30453621
34888.473196607,add,ask,224.27,10.0,30453665
34888.473656059,add,bid,224.05,100.0,30453667
34888.47374071,add,bid,224.05,100.0,30453668
34888.473758299,cancel,ask,224.27,10.0,30453665
34888.474354538,cancel,bid,224.05,100.0,30453667
34889.017629367,cancel,bid,224.05,100.0,30453668
34889.029358056,trade,ask,224.33,200.0,hidden_1710
34889.03193319,add,bid,224.03,100.0,30471628
34889.459975129,cancel,ask,224.35,100.0,30353007
34889.459975129,add,ask,224.33,100.0,30479547
34889.526791125,cancel,ask,224.33,100.0,30479547
34889.526791125,add,ask,224.31,100.0,30480436
34890.844970764,cancel,ask,224.31,100.0,30480436
34890.844970764,add,ask,224.3,100.0,30500801
34890.857720712,cancel,ask,224.3,100.0,30500801
34890.857720712,add,ask,224.29,100.0,30501235
34891.091936835,add,ask,224.28,1.0,30504705
34891.094967413,cancel,bid,224.03,100.0,30471628
34891.095636823,add,bid,224.02,100.0,30504809
34891.095721804,add,bid,224.02,100.0,30504810
34892.032203779,cancel,bid,224.02,100.0,30504810
34894.476409078,add,ask,224.28,100.0,30569423
34896.512159796,cancel,ask,224.28,100.0,30569423
34896.512159796,add,ask,224.27,100.0,30594627
34896.512286081,add,ask,224.26,1.0,30594635
34896.513361133,cancel,bid,224.02,100.0,30504809
34896.514001991,add,bid,224.01,100.0,30594659
34899.235452454,cancel,bid,224.01,100.0,30594659
34899.495547136,add,ask,224.26,100.0,30645533
34899.497281935,add,bid,224.0,100.0,30645549
34899.503769876,cancel,bid,224.0,100.0,30645549
34899.504412995,add,bid,223.97,100.0,30645646
34899.506167872,cancel,bid,223.97,100.0,30645646
34899.506991748,add,bid,223.94,100.0,30645674
34899.509537609,cancel,bid,223.94,100.0,30645674
34899.509633574,cancel,ask,224.26,100.0,30645533
34899.509633574,add,ask,224.24,100.0,30645707
34899.509758875,add,ask,224.23,1.0,30645709
34899.525906507,cancel,bid,223.93,100.0,30594636
34899.774903274,add,ask,224.22,1.0,30661392
34899.777018184,add,ask,224.21,1.0,30661711
34899.777292694,add,ask,224.2,1.0,30661738
34899.777451302,add,ask,224.19,1.0,30661757
34899.777561073,add,ask,224.18,1.0,30661774
34899.777677695,add,ask,224.17,1.0,30661794
34899.77780726,add,ask,224.16,1.0,30661825
34899.778006012,add,ask,224.15,1.0,30661854
34899.778157048,add,ask,224.14,1.0,30661878
34899.778306056,add,ask,224.13,1.0,30661910
34899.778414362,trade,ask,224.13,1.0,30661910
34899.778435988,cancel,ask,224.14,1.0,30661878
34899.778435988,add,ask,224.12,1.0,30661949
34899.778553642,trade,ask,224.12,1.0,30661949
34899.867864776,add,bid,223.95,100.0,30669952
34899.913467598,cancel,bid,223.95,100.0,30669952
34899.941195606,add,bid,223.92,100.0,30672541
34899.983391617,add,ask,224.24,200.0,30673708
34899.986509704,add,ask,224.24,100.0,30673800
34899.987371997,cancel,ask,224.24,200.0,30673708
34901.189281151,cancel,bid,223.92,100.0,30472431
34902.647742742,cancel,bid,223.92,100.0,30672541
34903.721301275,add,ask,224.23,1.0,30729654
34913.034183543,add,ask,224.23,100.0,30852347
34913.053601931,cancel,ask,224.23,100.0,30852347
34913.053722373,add,bid,223.88,100.0,30853139
34913.069318404,add,ask,224.23,100.0,30853397
34913.094838137,cancel,bid,223.88,100.0,30853139
34913.262570737,cancel,ask,224.23,100.0,30853397
34913.262570737,add,ask,224.22,100.0,30855967
34913.262693127,add,ask,224.21,1.0,30855969
34913.291659092,add,ask,224.21,100.0,30856269
34913.292593073,add,ask,224.21,100.0,30856279
34913.72186205,add,ask,224.2,2.0,30861964
34913.722682139,add,ask,224.19,1.0,30862011
34913.722806284,add,bid,223.88,100.0,30862015
34913.722825218,add,ask,224.18,2.0,30862016
34913.722935568,add,ask,224.17,1.0,30862023
34913.723049053,add,ask,224.16,2.0,30862028
34913.723165263,add,ask,224.15,1.0,30862031
34913.723285904,add,ask,224.14,2.0,30862035
34913.723415239,add,ask,224.13,1.0,30862044
34913.723521246,add,ask,224.12,2.0,30862049
34913.723633017,add,ask,224.11,1.0,30862050
34913.723753682,add,ask,224.1,2.0,30862057
34913.72386308,add,ask,224.09,1.0,30862060
34913.723963098,add,ask,224.08,2.0,30862063
34913.72407279,add,ask,224.07,1.0,30862067
34913.724168316,trade,ask,224.07,1.0,30862067
34913.724173943,cancel,ask,224.08,2.0,30862063
34913.724173943,add,ask,224.06,2.0,30862071
34913.724175117,trade,ask,224.06,1.0,30862071
34913.724262197,trade,ask,224.06,1.0,30862071
34913.772576746,cancel,bid,223.88,100.0,30862015
34918.21294898,add,ask,224.2,1.0,30981532
34918.215555679,cancel,ask,224.2,1.0,30981532
34918.215555679,add,ask,224.2,2.0,30981965
34918.566315927,add,ask,224.2,100.0,30990362
34918.765612095,cancel,bid,223.88,100.0,30474046
34918.765725222,cancel,bid,223.78,100.0,30992486
34919.797994471,add,ask,224.19,100.0,31033933
34919.798118236,add,ask,224.18,2.0,31033939
34919.834271019,add,bid,223.86,100.0,31034716
34919.837514447,add,ask,224.18,100.0,31034776
34920.601185327,cancel,bid,223.86,100.0,31034716
34923.212806628,add,ask,224.18,200.0,31093936
34923.801089049,trade,ask,224.17,100.0,hidden_1809
34923.802094949,add,bid,223.86,100.0,31104742
34923.802152515,add,bid,223.87,100.0,31104743
34923.805024566,cancel,ask,224.18,200.0,31093936
34923.844726761,add,ask,224.18,100.0,31105269
34923.885873089,add,ask,224.17,100.0,31105768
34923.886005499,add,ask,224.16,2.0,31105770
34923.886921925,cancel,bid,223.87,100.0,31104743
34923.88755627,add,bid,223.86,100.0,31105783
34923.889090344,cancel,bid,223.86,100.0,31105783
34923.889720851,add,bid,223.85,100.0,31105793
34923.929671339,add,ask,224.16,100.0,31106163
34926.040303624,cancel,ask,224.16,100.0,31106163
34926.040303624,add,ask,224.15,100.0,31133921
34926.040431983,add,ask,224.14,2.0,31133926
34927.024784835,cancel,bid,223.85,100.0,31105793
34929.269742065,add,ask,224.14,100.0,31178986
34929.303185602,cancel,bid,223.79,100.0,31134556
34930.835981099,add,ask,224.13,100.0,31217225
34930.836106096,add,ask,224.12,2.0,31217247
34930.859463605,cancel,ask,224.12,2.0,31217247
34930.859463605,add,ask,224.13,2.0,31221436
34930.887125571,add,bid,223.84,100.0,31224745
34930.890283834,cancel,bid,223.84,100.0,31224745
34930.890933521,add,bid,223.82,100.0,31225068
34930.895890921,cancel,bid,223.82,100.0,31225068
34930.896520589,add,bid,223.81,100.0,31225495
34930.897707106,cancel,bid,223.81,100.0,31225495
34930.902427325,add,bid,223.8,200.0,31225878
34930.907679037,cancel,bid,223.8,200.0,31225878
34930.915126311,add,bid,223.79,100.0,31226920
34930.921808516,cancel,bid,223.79,100.0,31224763
34930.932406088,add,ask,224.12,100.0,31227831
34930.932539018,add,ask,224.11,2.0,31227847
34930.938797352,add,bid,223.8,100.0,31228194
34930.961711098,cancel,bid,223.8,100.0,31228194
34931.006692034,add,ask,224.11,100.0,31231763
34931.021392112,cancel,bid,223.79,100.0,31226920
34931.022712225,add,bid,223.8,100.0,31232650
34931.386806173,add,ask,224.1,100.0,31242188
34931.38696028,add,ask,224.09,2.0,31242193
34931.388123387,cancel,ask,224.09,2.0,31242193
34931.388123387,add,ask,224.1,2.0,31242230
34931.391158134,add,ask,224.1,100.0,31242306
34931.926327167,add,ask,224.09,100.0,31253529
34931.926450853,add,ask,224.08,2.0,31253539
34931.927760303,cancel,ask,224.08,2.0,31253539
34931.927760303,add,ask,224.09,2.0,31253581
34931.929766045,add,ask,224.09,100.0,31253673
34932.019799912,cancel,bid,223.8,100.0,31232650
34932.452925601,cancel,bid,223.77,100.0,31226378
34933.580383927,cancel,bid,223.75,100.0,31114109
34933.983860313,cancel,bid,223.74,100.0,31259065
34934.306248461,cancel,ask,224.09,100.0,31253673
34934.306248461,add,ask,224.0,100.0,31296021
34934.306385085,add,ask,223.99,2.0,31296025
34934.331068733,cancel,ask,223.99,2.0,31296025
34934.331068733,add,ask,224.11,2.0,31296610
34934.331184759,add,bid,223.74,100.0,31296615
34934.33217869,cancel,ask,224.11,2.0,31296610
34934.33217869,add,ask,224.19,2.0,31296634
34934.333107201,add,ask,224.15,100.0,31296651
34934.333207777,add,ask,224.14,2.0,31296653
34934.333910375,cancel,ask,224.14,2.0,31296653
34934.333910375,add,ask,224.19,2.0,31296681
34934.354417976,add,ask,223.99,100.0,31296965
34934.354530556,add,ask,223.98,2.0,31296969
34934.393560969,cancel,bid,223.74,100.0,31296615
34934.397005228,add,ask,223.98,100.0,31297543
34934.835783267,cancel,ask,223.98,100.0,31297543
34934.835783267,add,ask,223.96,100.0,31305685
34934.835964168,add,ask,223.95,2.0,31305696
34935.018243584,add,bid,223.79,100.0,31309354
34935.021702857,add,ask,223.94,100.0,31309411
34935.021825343,add,ask,223.93,2.0,31309413
34936.018883789,cancel,bid,223.79,100.0,31309354
34936.01899238,add,bid,223.81,100.0,31325056
34936.076015607,cancel,ask,223.93,2.0,31309413
34936.076015607,add,ask,223.93,3.0,31326502
34936.077892564,cancel,ask,223.93,3.0,31326502
34936.077892564,add,ask,223.93,4.0,31326729
34936.155654143,add,ask,223.93,100.0,31328231
34936.195613892,cancel,ask,223.93,100.0,31328231
34936.195613892,add,ask,223.92,100.0,31328696
34936.195738988,add,ask,223.91,4.0,31328701
34937.018112975,cancel,bid,223.81,100.0,31325056
34937.018227706,add,bid,223.82,100.0,31339207
34937.158924498,add,ask,223.91,100.0,31341011
34938.013879726,cancel,bid,223.82,100.0,31339207
34938.022145195,cancel,ask,223.91,100.0,31341011
34938.022145195,add,ask,223.9,100.0,31353039
34938.022274614,add,ask,223.89,4.0,31353047
34938.167256263,add,ask,223.88,100.0,31356204
34938.167381549,add,ask,223.87,4.0,31356208
34938.175860539,add,ask,223.87,100.0,31356340
34941.101218377,cancel,ask,223.87,100.0,31356340
34941.101218377,add,ask,223.85,100.0,31398648
34941.101344884,add,ask,223.84,4.0,31398650
34941.212860672,trade,bid,223.74,100.0,30834229
34941.217975641,trade,bid,223.74,100.0,30834229
34941.218072705,trade,bid,223.74,60.0,30834229
34941.218094064,trade,bid,223.74,40.0,30834229
34941.218094064,trade,bid,223.74,60.0,hidden_1911
34941.218271939,add,bid,223.74,140.0,31399907
34941.220930711,add,bid,223.74,100.0,31400027
34941.221966272,add,ask,223.84,100.0,31400042
34941.329814414,add,ask,223.84,100.0,31401142
34941.605463384,cancel,ask,223.84,100.0,31400042
34941.605463384,add,ask,223.83,100.0,31404324
34941.605579794,add,ask,223.82,4.0,31404325
34941.720831437,trade,bid,223.74,100.0,31399907
34941.720946795,trade,bid,223.74,40.0,31399907
34941.720946795,trade,bid,223.74,60.0,31400027
34941.772788023,add,ask,223.82,100.0,31417634
34941.844887785,cancel,ask,223.82,100.0,31417634
34941.844887785,add,ask,223.8,100.0,31421580
34941.8449963,trade,bid,223.74,40.0,31400027
34941.845031458,add,ask,223.79,4.0,31421585
34941.858087306,add,ask,223.77,200.0,31422087
34941.858200621,add,ask,223.76,4.0,31422092
34941.969475258,add,ask,223.76,100.0,31425212
34942.557896151,cancel,ask,223.76,100.0,31425212
34943.752814033,add,ask,223.74,100.0,31462516
34943.752931972,add,ask,223.73,4.0,31462518
34945.482916019,add,ask,223.72,2.0,31485884
34945.483929532,cancel,ask,223.72,2.0,31485884
34945.483929532,add,ask,223.72,4.0,31485949
34945.484637178,add,ask,223.71,4.0,31486007
34945.484922666,add,ask,223.7,4.0,31486019
34945.485062819,add,ask,223.69,4.0,31486027
34945.485211084,add,ask,223.69,4.0,31486034
34945.487452964,cancel,ask,223.69,4.0,31486034
34945.487452964,add,ask,223.69,6.0,31486192
34945.489704556,cancel,ask,223.69,6.0,31486192
34945.489704556,add,ask,223.69,8.0,31486325
34945.493519349,cancel,ask,223.69,8.0,31486325
34945.493519349,add,ask,223.69,10.0,31486478
34945.882756873,trade,ask,223.69,10.0,31486478
34945.882756873,trade,ask,223.69,4.0,31486027
34948.246069733,add,ask,223.74,100.0,31538742
34949.155933929,trade,ask,223.73,28.0,hidden_1949
34949.16983976,add,ask,223.73,2.0,31557736
34949.169995212,trade,ask,223.73,2.0,31557736
34949.169995212,trade,ask,223.73,42.0,hidden_1952
34949.173023691,add,ask,223.73,1.0,31558469
34949.173120829,trade,ask,223.73,1.0,31558469
34949.186976461,add,ask,223.73,2.0,31560430
34949.189517021,cancel,ask,223.73,2.0,31560430
34949.189517021,add,ask,223.73,4.0,31560825
34952.339262161,trade,ask,223.73,4.0,31560825
34952.339262161,trade,ask,223.74,100.0,31462516
34952.339262161,trade,ask,223.74,96.0,31538742
34952.339271419,trade,ask,223.74,4.0,31538742
34952.339413876,trade,ask,223.77,200.0,31422087
34952.343998567,trade,ask,223.82,100.0,31523574
34952.344913547,cancel,ask,223.91,100.0,31610736
34952.344990801,add,bid,223.6,100.0,31610787
34952.345629948,add,ask,223.93,100.0,31610803
34952.346010948,add,ask,223.91,100.0,31610830
34952.347423246,add,bid,223.62,100.0,31610888
34952.351314392,cancel,ask,223.91,100.0,31610830
34952.351771287,add,bid,223.64,100.0,31610962
34952.351939113,add,ask,223.95,100.0,31610964
34952.352398962,cancel,ask,223.95,100.0,31610964
34952.353039489,add,ask,223.96,100.0,31610973
34952.358137278,cancel,ask,223.96,100.0,31610973
34952.358751538,add,ask,223.97,100.0,31611052
34952.440152221,add,ask,223.96,100.0,31611722
34952.543085549,cancel,ask,223.96,100.0,31611722
34952.54370466,add,ask,223.97,100.0,31612489
34952.857834186,add,bid,223.67,100.0,31617371
34953.36857083,add,bid,223.67,100.0,31624755
34953.381669352,add,bid,223.68,100.0,31625957
34953.386035469,cancel,ask,223.97,100.0,31612489
34953.38603635,add,bid,223.69,100.0,31626771
34953.386682049,add,ask,224.02,100.0,31626902
34953.391513514,add,bid,223.7,100.0,31627583
34953.397905282,add,bid,223.71,100.0,31628031
34953.417659601,add,bid,223.79,100.0,31628751
34953.42037467,cancel,bid,223.79,100.0,31628751
34953.450030469,add,bid,223.74,100.0,31629397
34953.450618525,add,bid,223.75,100.0,31629408
34953.54852018,cancel,bid,223.75,100.0,31629408
34953.549196705,add,bid,223.74,100.0,31630908
34953.816569852,add,bid,223.75,100.0,31633563
34954.140656783,cancel,ask,224.02,100.0,31626902
34954.141085247,add,ask,224.1,200.0,31637308
34954.142538147,add,bid,223.76,100.0,31637327
34955.104940592,cancel,bid,223.76,100.0,31637327
34955.105561994,add,bid,223.75,100.0,31646547
34957.487159401,cancel,ask,224.1,100.0,31493997
34957.488561608,cancel,ask,224.1,200.0,31637308
34957.49323229,add,bid,223.76,100.0,31677824
34957.503108985,add,bid,223.77,100.0,31680569
34957.503265924,add,bid,223.86,100.0,31680611
34957.504782748,add,ask,224.11,200.0,31680949
34957.519200942,cancel,ask,224.11,100.0,31630262
34957.587193879,cancel,bid,223.86,100.0,31680611
34957.58753777,cancel,ask,224.11,200.0,31680949
34957.58753777,add,ask,224.13,200.0,31686745
34957.588483546,cancel,ask,224.13,200.0,31686745
34957.588483546,add,ask,224.14,200.0,31686804
34957.589423746,cancel,ask,224.14,200.0,31686804
34957.591104838,add,bid,223.81,100.0,31687017
34957.591333576,add,ask,224.12,200.0,31687022
34957.59322185,cancel,bid,223.81,100.0,31687017
34957.593346136,add,ask,224.12,100.0,31687161
34957.593941116,add,bid,223.81,100.0,31687197
34957.631361394,cancel,ask,224.12,100.0,31687161
34957.686592241,cancel,bid,223.81,100.0,31687197
34957.686732452,add,ask,224.12,100.0,31694385
34957.687215168,add,bid,223.8,100.0,31694430
34957.690085067,cancel,bid,223.8,100.0,31694430
34957.690710685,add,bid,223.8,100.0,31694625
34957.691174463,cancel,bid,223.8,100.0,31694625
34957.691803135,add,bid,223.77,100.0,31694692
34957.694996809,cancel,bid,223.77,100.0,31694692
34957.695632296,add,bid,223.76,100.0,31694948
34957.786616726,cancel,bid,223.76,100.0,31694948
34957.787124504,cancel,ask,224.12,200.0,31687022
34957.787273827,add,bid,223.74,100.0,31698332
34957.788616413,cancel,bid,223.74,100.0,31698332
34957.789270178,add,bid,223.73,100.0,31698413
34957.804570494,cancel,bid,223.73,100.0,31698413
34957.805212785,add,bid,223.72,100.0,31698934
34957.806717546,cancel,bid,223.72,100.0,31698934
34957.807345437,add,bid,223.71,100.0,31699091
34957.810758838,cancel,bid,223.71,100.0,31699091
34957.811386896,add,bid,223.7,100.0,31699309
34957.818608163,cancel,bid,223.7,100.0,31699309
34957.819231801,add,bid,223.69,100.0,31699518
34957.90229926,cancel,ask,224.12,100.0,31694385
34958.070632208,add,bid,223.71,100.0,31704467
34958.070745031,add,bid,223.73,100.0,31704470
34961.430114012,cancel,ask,224.13,200.0,31698324
34961.430114012,add,ask,224.12,200.0,31753210
34961.430257019,add,ask,224.12,100.0,31753216
34961.928682708,add,ask,223.99,100.0,31758692
34961.92969543,trade,ask,223.99,100.0,31758692
34961.930069894,add,ask,223.99,33.0,31758727
34961.930736149,add,bid,223.74,100.0,31758743
34961.931257096,cancel,bid,223.74,100.0,31758743
34961.931980907,add,bid,223.73,100.0,31758776
34961.932950027,add,bid,223.76,100.0,31758790
34961.933547116,cancel,bid,223.76,100.0,31758790
34961.934195035,add,bid,223.74,100.0,31758801
34961.934500115,add,bid,223.75,100.0,31758807
34961.936550561,cancel,bid,223.75,100.0,31758807
34961.93720373,add,bid,223.74,100.0,31758827
34962.008380393,cancel,bid,223.74,100.0,31758827
34962.009011506,add,bid,223.73,100.0,31759673
34962.405024802,cancel,bid,223.73,100.0,31759673
34962.405661287,add,bid,223.72,100.0,31766606
34962.752346089,add,bid,223.73,100.0,31776023
34962.764408582,add,bid,223.74,100.0,31777182
34962.764482265,add,bid,223.75,100.0,31777185
34963.139260659,cancel,bid,223.75,100.0,31777185
34963.139880579,add,bid,223.74,100.0,31781941
34963.911132837,cancel,bid,223.74,100.0,31781941
34963.911750066,add,bid,223.73,100.0,31788977
34964.001120194,cancel,bid,223.73,100.0,31788977
34964.001770386,add,bid,223.72,100.0,31789725
34964.638115521,add,bid,223.73,100.0,31796075
34964.694090143,add,bid,223.74,100.0,31797776
34964.811695226,add,bid,223.75,100.0,31800427
34965.09207906,cancel,bid,223.75,100.0,31800427
34965.092726917,add,bid,223.73,100.0,31804260
34965.194060642,cancel,bid,223.73,100.0,31804260
34965.194695947,add,bid,223.72,100.0,31807548
34965.55804179,add,bid,223.73,100.0,31814483
34965.570003549,add,bid,223.74,100.0,31815647
34965.57006432,add,bid,223.75,100.0,31815654
34965.937523193,cancel,bid,223.75,100.0,31815654
34965.938152079,add,bid,223.74,100.0,31821678
34966.027405578,add,ask,223.96,10.0,31822829
34966.02760923,cancel,ask,223.96,10.0,31822829
34966.027690783,add,ask,223.96,10.0,31822835
34966.027802026,cancel,ask,223.96,10.0,31822835
34966.027890549,add,ask,223.96,10.0,31822846
34966.028055767,cancel,ask,223.96,10.0,31822846
34966.028134921,add,ask,223.95,10.0,31822861
34966.028213992,cancel,ask,223.95,10.0,31822861
34966.028296026,add,ask,223.96,10.0,31822863
34966.028697164,cancel,ask,223.96,10.0,31822863
34966.028775049,add,ask,223.97,10.0,31822883
34966.029490753,cancel,bid,223.74,100.0,31821678
34966.030063593,cancel,ask,223.97,10.0,31822883
34966.030147841,add,ask,223.96,10.0,31822920
34966.030199571,add,bid,223.73,100.0,31822922
34966.031729653,cancel,ask,223.96,10.0,31822920
34966.031804652,add,ask,223.97,10.0,31822944
34966.033222956,cancel,ask,223.97,10.0,31822944
34966.033308507,add,ask,223.96,10.0,31822968
34966.039752001,cancel,ask,223.96,10.0,31822968
34966.039833635,add,ask,223.96,10.0,31823034
34966.04038053,cancel,ask,223.96,10.0,31823034
34966.040450359,add,ask,223.97,10.0,31823039
34966.057071647,cancel,ask,223.97,10.0,31823039
34966.127400981,add,ask,223.98,10.0,31824197
34966.127608763,cancel,ask,223.98,10.0,31824197
34966.127681895,add,ask,223.97,10.0,31824207
34966.127790896,cancel,ask,223.97,10.0,31824207
34966.127871311,add,ask,223.97,10.0,31824210
34966.128111979,cancel,ask,223.97,10.0,31824210
34966.12819653,add,ask,223.97,10.0,31824215
34966.128738485,cancel,ask,223.97,10.0,31824215
34966.128813415,add,ask,223.97,10.0,31824221
34966.157059428,cancel,ask,223.97,10.0,31824221
34966.157140037,add,ask,223.97,10.0,31824563
34966.157498803,cancel,ask,223.97,10.0,31824563
34966.261932203,add,bid,223.74,100.0,31826833
34966.263926152,add,bid,223.75,100.0,31826950
34966.769802461,cancel,bid,223.75,100.0,31826950
34966.770530433,add,bid,223.73,100.0,31835164
34966.772107753,cancel,bid,223.73,100.0,31835164
34966.772943657,add,bid,223.71,100.0,31836877
34967.971174467,add,bid,223.72,100.0,31905740
34967.971642419,cancel,bid,223.72,100.0,31905740
34967.972334979,add,bid,223.71,100.0,31905749
34972.613007406,cancel,bid,223.71,100.0,31905749
34973.279294216,cancel,ask,223.99,33.0,31758727
34973.280492431,add,bid,223.71,100.0,32004456
34973.289828043,add,bid,223.86,100.0,32004540
34977.038096001,cancel,ask,224.0,100.0,31825331
34977.091315658,add,ask,223.99,100.0,32091741
34988.584942357,cancel,ask,223.99,100.0,32091741
34988.616019865,add,ask,223.98,100.0,32285299
35006.029776493,add,ask,223.96,100.0,32552340
35006.033764222,add,bid,223.86,100.0,32552429
35006.99844155,add,ask,223.95,100.0,32571092
35007.008546248,cancel,ask,223.95,100.0,32571092
35007.208795218,trade,bid,223.86,2.0,32004540
35007.208884275,trade,bid,223.86,98.0,32004540
35007.208884275,trade,bid,223.86,100.0,32552429
35007.211843718,add,ask,223.97,1.0,32601051
35007.248110476,add,ask,223.87,100.0,32607209
35007.248271942,add,ask,223.87,1.0,32607231
35007.24839564,cancel,ask,223.87,100.0,32607209
35007.305989161,add,bid,223.78,100.0,32612597
35008.557862032,add,ask,223.86,100.0,32661500
35011.002781264,add,ask,223.86,100.0,32738952
35011.188036633,trade,bid,223.78,100.0,32175697
35011.188119193,trade,bid,223.78,100.0,32612597
35011.203345049,cancel,ask,223.86,100.0,32738952
35015.946814024,add,bid,223.6,200.0,32853920
35018.078606269,cancel,ask,223.86,100.0,32661500
35018.080070115,add,bid,223.66,100.0,32886147
35018.090221803,cancel,bid,223.66,100.0,32886147
35018.090596714,cancel,bid,223.6,200.0,32853920
35018.107158598,add,ask,223.83,100.0,32886579
35018.10728936,add,ask,223.82,1.0,32886584
35022.008530751,add,bid,223.6,200.0,32938698
35022.595849909,cancel,bid,223.6,200.0,32938698
35023.437659506,add,bid,223.71,100.0,32957819
35024.081152872,trade,ask,223.82,1.0,32886584
35025.417283894,trade,ask,223.82,100.0,hidden_2164
35025.417463676,trade,ask,223.82,33.0,hidden_2165
35025.417463676,trade,ask,223.83,67.0,32886579
35025.422678034,trade,ask,223.83,33.0,32886579
35025.424985946,add,bid,223.72,100.0,32993113
35025.425278454,cancel,ask,223.96,100.0,32958951
35025.425961291,add,ask,223.97,100.0,32993421
35025.428075238,cancel,bid,223.72,100.0,32993113
35025.435883888,cancel,ask,223.97,100.0,32993421
35025.436555472,add,ask,224.01,100.0,32997611
35025.438502796,add,bid,223.71,100.0,32998743
35025.440083976,cancel,bid,223.71,100.0,32998743
35025.440778011,add,bid,223.71,100.0,32999934
35025.44442586,add,bid,223.72,100.0,33001187
35025.444549871,cancel,ask,224.01,100.0,32997611
35025.445214445,add,ask,224.03,100.0,33001435
35025.445827868,cancel,bid,223.72,100.0,33001187
35025.446498709,add,bid,223.71,100.0,33001739
35025.447419654,add,bid,223.72,100.0,33001983
35025.456116968,add,bid,223.73,100.0,33003818
35025.457248106,cancel,ask,224.03,100.0,33001435
35025.457908253,add,ask,224.05,100.0,33004129
35025.460527138,cancel,ask,224.05,100.0,33004129
35025.460998379,add,bid,223.74,100.0,33004625
35025.461887662,add,bid,223.76,100.0,33004693
35025.464025495,cancel,bid,223.76,100.0,33004693
35025.464669884,add,bid,223.72,100.0,33004925
35025.465156653,add,bid,223.76,100.0,33004985
35025.465569634,add,ask,224.06,100.0,33005042
35025.465951308,cancel,bid,223.76,100.0,33004985
35025.466220078,add,ask,224.05,100.0,33005125
35025.466353691,add,ask,224.05,100.0,33005136
35025.466638389,add,bid,223.75,100.0,33005160
35025.466687252,cancel,ask,224.05,100.0,33005125
35025.468330169,cancel,bid,223.75,100.0,33005160
35025.46896409,add,bid,223.73,100.0,33005441
35025.492063139,add,ask,224.05,300.0,33007728
35025.502464299,add,bid,223.74,100.0,33008351
35025.502583628,cancel,ask,224.05,100.0,33005136
35025.50298937,cancel,ask,224.05,300.0,33007728
35025.504805966,add,bid,223.75,100.0,33008475
35025.606226493,cancel,ask,224.06,200.0,32999251
35025.606226493,add,ask,224.08,200.0,33013477
35025.606674623,cancel,ask,224.08,200.0,33013477
35025.608850389,add,ask,224.05,200.0,33013578
35025.991311843,cancel,bid,223.75,100.0,33008475
35025.991966714,add,bid,223.74,100.0,33020803
35026.038976582,cancel,bid,223.74,100.0,33020803
35026.039595771,add,bid,223.73,100.0,33021899
35026.046376298,add,bid,223.79,100.0,33022023
35026.048818542,cancel,bid,223.79,100.0,33022023
35026.912529071,cancel,bid,223.73,100.0,33021899
35026.913168122,add,bid,223.72,100.0,33032141
35026.916092487,cancel,bid,223.72,100.0,33032141
35026.916755501,add,bid,223.69,100.0,33032167
35026.923684306,add,bid,223.75,100.0,33032238
35026.92488024,cancel,bid,223.75,100.0,33032238
35027.452215099,add,bid,223.75,100.0,33040601
35027.456078835,cancel,bid,223.75,100.0,33040601
35027.672143565,cancel,ask,224.05,200.0,33013578
35027.672143565,add,ask,224.07,200.0,33042948
35027.960551132,add,bid,223.75,100.0,33046017
35027.963426154,cancel,bid,223.75,100.0,33046017
35027.982599866,cancel,ask,224.07,200.0,33042948
35027.982599866,add,ask,224.09,200.0,33046310
35027.984380783,cancel,ask,224.09,200.0,33046310
35027.984380783,add,ask,224.05,200.0,33046330
35029.098188828,add,bid,223.7,100.0,33060010
35029.098554531,cancel,ask,224.05,200.0,33046330
35029.098554531,add,ask,224.07,200.0,33060014
35029.681931736,add,bid,223.71,100.0,33066955
35029.682040825,add,bid,223.72,100.0,33066991
35029.724219848,add,bid,223.73,100.0,33075493
35029.726820305,add,bid,223.74,100.0,33076317
35029.734747567,add,bid,223.82,100.0,33078347
35029.738558295,cancel,ask,224.07,200.0,33060014
35029.738558295,add,ask,224.09,200.0,33078903
35029.740247338,cancel,ask,224.09,200.0,33078903
35029.740247338,add,ask,224.12,200.0,33079167
35029.740714066,cancel,ask,224.12,200.0,33079167
35029.740714066,add,ask,224.08,200.0,33079229
35029.741866296,cancel,ask,224.08,200.0,33079229
35029.741866296,add,ask,224.1,200.0,33079351
35029.742138234,cancel,ask,224.1,200.0,33079351
35029.742138234,add,ask,224.11,200.0,33079402
35029.742323812,cancel,ask,224.11,200.0,33079402
35029.74318129,cancel,bid,223.82,100.0,33078347
35029.743394872,add,bid,223.75,100.0,33079578
35029.743863555,add,ask,224.08,200.0,33079666
35029.74769171,add,bid,223.76,100.0,33080227
35029.757153677,cancel,ask,224.08,200.0,33079666
35029.757153677,add,ask,224.1,200.0,33080879
35029.762404631,cancel,bid,223.76,100.0,33080227
35029.763103392,add,bid,223.75,100.0,33081710
35030.262776125,cancel,ask,224.1,200.0,33080879
35030.262776125,add,ask,224.12,200.0,33092864
35030.263833987,cancel,ask,224.12,200.0,33092864
35030.263833987,add,ask,224.15,200.0,33092885
35030.264246103,cancel,ask,224.15,200.0,33092885
35030.264246103,add,ask,224.17,200.0,33092896
35030.265629975,cancel,ask,224.17,200.0,33092896
35030.266876015,add,ask,224.19,200.0,33092935
35030.267457117,cancel,ask,224.19,200.0,33092935
35030.267457117,add,ask,224.13,200.0,33092942
35030.474814047,add,bid,223.76,100.0,33098326
35030.474897994,add,bid,223.77,100.0,33098343
35030.475294174,cancel,ask,224.13,200.0,33092942
35030.475294174,add,ask,224.15,200.0,33098399
35030.477419062,add,bid,223.85,100.0,33098649
35030.477512388,cancel,ask,224.15,200.0,33098399
35030.477512388,add,ask,224.16,200.0,33098659
35030.477611533,add,ask,224.16,100.0,33098669
35030.47778428,cancel,ask,224.16,200.0,33098659
35030.478962835,cancel,bid,223.85,100.0,33098649
35030.479292863,add,ask,224.16,200.0,33098856
35030.48078308,add,bid,223.78,100.0,33098997
35030.480881962,add,bid,223.79,100.0,33099011
35030.486895102,add,bid,223.82,100.0,33099418
35030.48818851,cancel,bid,223.82,100.0,33099418
35030.488306633,add,ask,224.16,100.0,33099563
35030.488815043,add,bid,223.82,100.0,33099603
35030.489290015,cancel,bid,223.82,100.0,33099603
35030.489960433,add,bid,223.82,100.0,33099702
35030.491791441,cancel,bid,223.82,100.0,33099702
35030.492435132,add,bid,223.82,100.0,33099895
35030.496801775,cancel,bid,223.82,100.0,33099895
35030.497444313,add,bid,223.82,100.0,33100242
35030.602885704,cancel,ask,224.16,100.0,33099563
35030.958133913,add,ask,224.0,200.0,33109904
35030.960060429,cancel,bid,223.82,100.0,33100242
35030.960734727,add,bid,223.76,100.0,33109994
35030.961804769,cancel,bid,223.76,100.0,33109994
35030.962495609,add,bid,223.71,100.0,33110032
35030.963020161,add,bid,223.75,100.0,33110042
35030.966546871,cancel,bid,223.75,100.0,33110042
35030.967183871,add,bid,223.72,100.0,33110089
35031.003703372,cancel,bid,223.72,100.0,33110089
35031.004321901,add,bid,223.71,100.0,33111084
35031.009646332,cancel,bid,223.71,100.0,33111084
35031.010276953,add,bid,223.7,100.0,33111232
35032.34382722,cancel,bid,223.7,100.0,33111232
35032.344442386,add,bid,223.69,100.0,33132009
35032.371804581,cancel,bid,223.69,100.0,33132009
35032.372427635,add,bid,223.68,100.0,33133742
35032.747761534,cancel,bid,223.68,100.0,33133742
35032.748383924,add,bid,223.67,100.0,33139563
35033.051751082,cancel,bid,223.67,100.0,33139563
35033.052390928,add,bid,223.65,100.0,33143882
35033.059784149,add,bid,223.66,100.0,33144024
35033.060644651,add,bid,223.74,100.0,33144105
35033.061778868,cancel,bid,223.74,100.0,33144105
35033.207794929,add,bid,223.68,100.0,33145647
35033.221725943,add,bid,223.69,100.0,33145941
35034.519590904,cancel,bid,223.69,100.0,33145941
35034.520211185,add,bid,223.68,100.0,33163656
35035.601648936,add,bid,223.69,100.0,33176391
35035.615449384,add,bid,223.7,100.0,33176623
35036.195400839,add,bid,223.71,100.0,33185253
35036.197403668,add,bid,223.72,100.0,33185679
35036.25534709,cancel,bid,223.72,100.0,33185679
35036.255961053,add,bid,223.71,100.0,33189604
35036.269294946,cancel,bid,223.71,100.0,33189604
35036.269936387,add,bid,223.7,100.0,33189980
35036.272948341,cancel,ask,224.0,200.0,33109904
35036.273367796,add,ask,224.09,200.0,33190102
35036.2744659,add,bid,223.71,100.0,33190312
35036.275474828,add,bid,223.72,100.0,33190418
35036.305111788,add,ask,224.0,100.0,33191652
35036.306067362,cancel,bid,223.72,100.0,33190418
35036.306716878,add,bid,223.71,100.0,33191679
35036.307332938,cancel,bid,223.71,100.0,33191679
35036.307966441,add,bid,223.7,100.0,33191708
35040.596203459,add,ask,223.98,9.0,33266395
35046.224650677,cancel,bid,223.7,100.0,33191708
35046.22526546,add,bid,223.69,100.0,33404134
35046.245074357,cancel,bid,223.69,100.0,33404134
35046.245717522,add,bid,223.68,100.0,33407363
35046.248160023,cancel,bid,223.68,100.0,33407363
35046.248785826,add,bid,223.67,100.0,33407541
35046.836585794,add,ask,223.94,100.0,33418404
35048.015532289,cancel,ask,223.94,100.0,33418404
35048.015947095,cancel,ask,224.01,200.0,33423230
35048.015947095,add,ask,224.03,200.0,33429828
35048.045757454,cancel,bid,223.67,100.0,33407541
35048.046141152,cancel,ask,224.03,200.0,33429828
35048.046141152,add,ask,224.05,200.0,33430348
35048.046384944,add,bid,223.66,100.0,33430357
35048.048660795,cancel,ask,224.05,200.0,33430348
35048.049168145,cancel,bid,223.66,100.0,33430357
35048.049835353,add,bid,223.64,100.0,33430453
35048.050245085,add,ask,224.03,200.0,33430458
35048.0502951,cancel,bid,223.64,100.0,33430453
35048.050974882,add,bid,223.63,100.0,33430472
35048.0528817,cancel,ask,224.03,200.0,33430458
35048.0528817,add,ask,224.05,200.0,33430492
35048.053974276,cancel,ask,224.05,200.0,33430492
35048.053974276,add,ask,224.02,200.0,33430501
35048.057451421,add,bid,223.71,100.0,33430535
35048.057797468,cancel,ask,224.02,200.0,33430501
35048.057797468,add,ask,224.04,200.0,33430537
35048.060129895,cancel,bid,223.71,100.0,33430535
35048.071852707,add,bid,223.68,100.0,33430678
35048.073789247,add,bid,223.69,100.0,33430692
35048.074853028,cancel,ask,224.04,200.0,33430537
35048.094261285,add,ask,223.93,100.0,33430796
35048.097791355,cancel,bid,223.69,100.0,33430692
35048.098407445,add,bid,223.67,100.0,33430829
35048.243422974,cancel,bid,223.67,100.0,33430829
35048.244047687,add,bid,223.63,100.0,33432001
35048.247403215,cancel,bid,223.63,100.0,33432001
35048.248053367,add,bid,223.62,100.0,33432059
35049.025614094,cancel,bid,223.62,100.0,33432059
35049.026241684,add,bid,223.61,100.0,33440255
35051.112078271,add,bid,223.62,100.0,33463433
35051.120074465,add,bid,223.63,100.0,33463780
35053.41143429,add,ask,223.73,200.0,33490587
35053.411813822,trade,ask,223.73,200.0,33490587
35053.414242024,cancel,bid,223.63,100.0,33463780
35053.414940819,add,bid,223.6,100.0,33490669
35053.415105711,add,bid,223.61,100.0,33490673
35053.416442414,add,bid,223.63,100.0,33490681
35053.41926842,add,bid,223.65,100.0,33490710
35053.419337811,add,bid,223.66,100.0,33490711
35053.464310702,cancel,ask,223.93,100.0,33430796
35053.46442127,add,ask,223.91,100.0,33490961
35054.056599811,cancel,bid,223.66,100.0,33490711
35054.057262214,add,bid,223.65,100.0,33497606
35055.979350869,cancel,bid,223.65,100.0,33497606
35055.979978447,add,bid,223.64,100.0,33517156
35055.995680955,cancel,bid,223.64,100.0,33517156
35055.996324454,add,bid,223.63,100.0,33518326
35056.158304427,cancel,bid,223.63,100.0,33518326
35056.158914192,add,bid,223.62,100.0,33520889
35056.999624227,cancel,bid,223.62,100.0,33520889
35057.000238613,add,bid,223.61,100.0,33528742
35057.033091502,cancel,ask,223.91,100.0,33490961
