{
 "exp": "H_hiro_no_hindsight",
 "seed": 42,
 "ep": 199,
 "wait_mean": 6.280949999999999,
 "wait_std": 3.099187756090296,
 "cv_mean": 0.5346050000000001,
 "cv_std": 0.11969606708242338,
 "overshoot_mean": 1.75,
 "overshoot_std": 1.3738631664034087,
 "composite_mean": 1.6707906593406594,
 "composite_std": 0.6343589006710512,
 "n_eps": 20,
 "wall_s": 1424.5
}