{
 "exp": "H_hiro_no_hindsight",
 "seed": 123,
 "ep": 99,
 "wait_mean": 4.82955,
 "wait_std": 0.9748072873650462,
 "cv_mean": 0.47017499999999995,
 "cv_std": 0.06390362176747105,
 "overshoot_mean": 1.55,
 "overshoot_std": 1.3955285736952865,
 "composite_mean": 1.4137389743589743,
 "composite_std": 0.5065052809227459,
 "n_eps": 20,
 "wall_s": 1426.7
}