{
 "exp": "H_hiro_no_hindsight",
 "seed": 42,
 "ep": 249,
 "wait_mean": 5.5684,
 "wait_std": 1.6595329583952225,
 "cv_mean": 0.524095,
 "cv_std": 0.1022277529587734,
 "overshoot_mean": 1.75,
 "overshoot_std": 1.299038105676658,
 "composite_mean": 1.5717637545787544,
 "composite_std": 0.48185796836743466,
 "n_eps": 20,
 "wall_s": 1455.2
}