{"avg_wait_min": [4.828, 3.797, 4.978, 3.945, 5.419, 4.117, 8.357, 4.802, 9.056, 5.091, 3.672, 3.235, 4.11, 7.251, 5.804, 4.331, 4.314, 4.92, 12.982, 3.719, 7.078, 4.827, 8.835, 4.802, 3.459, 4.661, 8.177, 7.285, 4.791, 10.199, 17.366, 3.999, 4.979, 5.106, 12.246, 7.844, 4.672, 6.649, 3.997, 4.474, 6.093, 6.875, 27.244, 4.424, 4.882, 4.033, 5.431, 6.574, 7.313, 7.667], "peak_fleet": [13.0, 16.0, 15.0, 16.0, 16.0, 16.0, 16.0, 16.0, 12.0, 16.0, 14.0, 16.0, 16.0, 13.0, 12.0, 16.0, 13.0, 15.0, 11.0, 15.0, 12.0, 15.0, 16.0, 13.0, 14.0, 16.0, 16.0, 12.0, 13.0, 15.0, 11.0, 15.0, 14.0, 17.0, 12.0, 16.0, 15.0, 13.0, 16.0, 13.0, 15.0, 16.0, 11.0, 14.0, 15.0, 15.0, 16.0, 16.0, 12.0, 16.0], "headway_cv": [0.4885, 0.5185, 0.529, 0.413, 0.5913, 0.6588, 0.5222, 0.494, 0.4662, 0.4829, 0.6191, 0.6361, 0.6964, 0.4298, 0.6727, 0.5151, 0.5943, 0.4748, 0.8196, 0.5439, 0.6232, 0.5895, 0.587, 0.4799, 0.4698, 0.4042, 0.6859, 0.673, 0.4981, 0.4511, 0.4786, 0.5014, 0.4956, 0.6363, 0.4651, 0.4676, 0.5167, 0.6249, 0.6869, 0.6298, 0.4132, 0.532, 0.6265, 0.5903, 0.6763, 0.7539, 0.662, 0.3585, 0.8429, 0.5282], "lower_lambda": [2.2113852500915527, 2.2186145782470703, 2.2260079383850098, 2.233462333679199, 2.2408480644226074, 2.2482285499572754, 2.2555999755859375, 2.262922763824463, 2.2696478366851807, 2.276289463043213, 2.2829833030700684, 2.2898731231689453, 2.2968387603759766, 2.3037221431732178, 2.310218334197998, 2.3166964054107666, 2.323179006576538, 2.329829454421997, 2.3362655639648438, 2.3427858352661133, 2.349231004714966, 2.3557026386260986, 2.3623058795928955, 2.3690073490142822, 2.3758556842803955, 2.3828494548797607, 2.3899364471435547, 2.3968427181243896, 2.403782844543457, 2.4107933044433594, 2.4176321029663086, 2.424483060836792, 2.431489944458008, 2.4386043548583984, 2.4457008838653564, 2.4529645442962646, 2.4602885246276855, 2.4676356315612793, 2.4750301837921143, 2.4825336933135986, 2.490159034729004, 2.497833728790283, 2.5053908824920654, 2.512957811355591, 2.5206074714660645, 2.5283193588256836, 2.536210536956787, 2.5441651344299316, 2.5520331859588623, 2.559889316558838], "lower_alpha": [0.1, 0.1, 0.1, 0.1, 0.1, 0.1, 0.1, 0.09933516383171082, 0.09849885106086731, 0.0976892039179802, 0.09686579555273056, 0.09604024142026901, 0.09524230659008026, 0.09437612444162369, 0.09351011365652084, 0.09267262369394302, 0.0919397845864296, 0.09107037633657455, 0.09015340358018875, 0.08922668546438217, 0.08850999921560287, 0.08768557757139206, 0.08682972937822342, 0.08595571666955948, 0.08508969843387604, 0.08430283516645432, 0.08347027748823166, 0.082640640437603, 0.08180157840251923, 0.08099086582660675, 0.08019375056028366, 0.07939658313989639, 0.07873819023370743, 0.07805299013853073, 0.07729995250701904, 0.07659769058227539, 0.07586555182933807, 0.07514429837465286, 0.07444257289171219, 0.07371304929256439, 0.07307419925928116, 0.07245051860809326, 0.07182563096284866, 0.07128127664327621, 0.07069940865039825, 0.07011087238788605, 0.06948517262935638, 0.06887036561965942, 0.06822650134563446, 0.06761667877435684], "lower_q_mean": [-19.546659469604492, -19.464122772216797, -19.328941345214844, -19.322635650634766, -19.17568016052246, -19.191539764404297, -19.36520004272461, -19.111886978149414, -19.720027923583984, -19.559717178344727, -19.73208999633789, -19.749624252319336, -19.809322357177734, -19.87259292602539, -20.109783172607422, -19.82534408569336, -20.20656394958496, -20.08340072631836, -20.73312759399414, -20.363937377929688, -20.864830017089844, -20.320343017578125, -20.371244430541992, -20.654537200927734, -20.799942016601562, -20.38500213623047, -20.488584518432617, -20.769359588623047, -20.547121047973633, -20.741558074951172, -20.97216796875, -21.193817138671875, -20.845918655395508, -21.24088478088379, -21.108993530273438, -21.49707794189453, -21.562015533447266, -20.77166748046875, -20.98309898376465, -20.925691604614258, -21.220685958862305, -21.312517166137695, -21.86495590209961, -21.272443771362305, -21.12200164794922, -21.61402130126953, -21.429243087768555, -21.100248336791992, -21.47898292541504, -21.240718841552734], "lower_q_std": [0.3938363492488861, 0.2899422347545624, 0.21125274896621704, 0.2703271508216858, 0.2059970200061798, 0.1937318742275238, 0.20422667264938354, 0.272880494594574, 0.35171955823898315, 0.3271979093551636, 0.40598857402801514, 0.3307051360607147, 0.48115453124046326, 0.29655689001083374, 0.40881672501564026, 0.28101348876953125, 0.30892214179039, 0.25222083926200867, 0.4835953712463379, 0.36028721928596497, 0.4910914897918701, 0.360390305519104, 0.3449263572692871, 0.4380098581314087, 0.363350510597229, 0.4104366898536682, 0.4450295567512512, 0.3260687589645386, 0.26984620094299316, 0.3517262935638428, 0.4100727438926697, 0.4685015082359314, 0.46227777004241943, 0.6987232565879822, 0.41271495819091797, 0.6901953816413879, 0.5631986856460571, 0.416523277759552, 0.3939194977283478, 0.35232651233673096, 0.6467965841293335, 0.5927495956420898, 0.9511168599128723, 0.4364161491394043, 0.4476163685321808, 0.4973922371864319, 0.6892637610435486, 0.39364686608314514, 0.3425261378288269, 0.716759204864502], "upper_delta_mean": [-0.88, 0.99, 0.4, -0.37, 0.11, 0.06, -0.4, -0.47, -0.23, 0.24, -0.41, -0.49, -0.21, -0.19, -0.19, -0.11, -0.58, 0.09, -0.54, -0.22, -0.4, 0.13, 0.25, -0.54, -0.02, 0.17, 0.36, -0.24, 0.03, -0.22, -0.06, -0.16, -0.07, -0.29, -0.48, -0.62, -0.58, -1.08, -0.24, 0.35, -0.14, 0.11, -0.18, -0.28, 0.17, -0.13, -0.29, 0.27, 0.03, 0.29], "upper_q_mean": [-18.59286117553711, -17.416847229003906, -17.085369110107422, -16.858726501464844, -16.49285888671875, -16.82431411743164, -16.435829162597656, -16.73659896850586, -16.82297134399414, -17.152297973632812, -17.019794464111328, -17.114858627319336, -16.859535217285156, -17.351486206054688, -17.574893951416016, -17.626014709472656, -17.579166412353516, -17.49930191040039, -17.729198455810547, -17.79742431640625, -18.351383209228516, -17.675273895263672, -17.451616287231445, -18.168407440185547, -18.015836715698242, -18.414976119995117, -18.146503448486328, -18.05451774597168, -18.509428024291992, -18.733732223510742, -18.55976104736328, -18.494525909423828, -18.65526580810547, -18.56357765197754, -18.918176651000977, -18.556602478027344, -18.5107364654541, -19.32938003540039, -19.167612075805664, -18.7428035736084, -19.13638687133789, -18.920421600341797, -19.134151458740234, -18.837913513183594, -19.326425552368164, -19.454875946044922, -19.665252685546875, -19.40292739868164, -19.54931640625, -20.081798553466797], "hold_fb_mean": [5.366625321993859, 11.0465902832496, 13.977648749597575, 12.485027526531526, 17.510084971514637, 11.442108413962352, 13.703643244046892, 21.38169040421485, -10.341205495747342, 18.416505234045403, 19.90591039606173, 19.854202302951194, 24.549453900556568, 4.6765612157515175, -10.852836068465527, 25.14198917172155, 3.9553418775769305, 6.612416343715864, -22.490376717450335, 4.022087827813578, -11.28348597707208, 8.150883633264488, 15.818765704151902, 6.475244894632001, -2.7051149394127054, 29.737251932134615, 14.140614759179591, -9.100541268029644, 4.996170381251985, 15.427086004445805, -3.803819068593383, 14.487923333452455, 9.499868957600473, 26.313038553677544, -10.900618575249466, 19.53089862745881, 7.965642269074137, 3.255482420074553, 2.287728890348638, -2.81894611539188, 14.405146937589516, 5.796401233952459, -5.691818049872365, 2.5826491227669557, 11.416641752468328, 19.609969945842924, 21.935737363578493, 5.514915548084337, -4.810281408352541, 9.132263830547002],