{
 "method": "cmaes",
 "seed": 123,
 "ep": 199,
 "headways": [
  268.04763282306567,
  313.96993539555945,
  257.9021479167936
 ],
 "wait_mean": 5.419054917129985,
 "wait_std": 2.153630871118056,
 "cv_mean": 0.46837179091801373,
 "cv_std": 0.0769531136063097,
 "overshoot_mean": 1.75,
 "overshoot_std": 1.2599603168354152,
 "composite_mean": 1.493139004242734,
 "composite_std": 0.5910289796759733,
 "n_eps": 20,
 "wall_s": 203.2
}