{
 "method": "cmaes",
 "seed": 456,
 "ep": 149,
 "headways": [
  224.81449982154533,
  311.8349347968768,
  291.6340477563477
 ],
 "wait_mean": 6.5333669440065565,
 "wait_std": 4.2597904923384515,
 "cv_mean": 0.45081638043269223,
 "cv_std": 0.05609794646165155,
 "overshoot_mean": 1.7,
 "overshoot_std": 1.3453624047073711,
 "composite_mean": 1.591410400840674,
 "composite_std": 0.7419224538256117,
 "n_eps": 20,
 "wall_s": 195.0
}