{
 "method": "cmaes",
 "seed": 123,
 "ep": 99,
 "headways": [
  268.04763282306567,
  313.96993539555945,
  257.9021479167936
 ],
 "wait_mean": 4.972477262791139,
 "wait_std": 1.1851130115100694,
 "cv_mean": 0.4917062198359067,
 "cv_std": 0.0819686948252347,
 "overshoot_mean": 1.65,
 "overshoot_std": 1.3143439428094914,
 "composite_mean": 1.456705777616852,
 "composite_std": 0.5108616941127013,
 "n_eps": 20,
 "wall_s": 192.4
}