{
 "method": "cmaes",
 "seed": 456,
 "ep": 249,
 "headways": [
  224.81449982154533,
  311.8349347968768,
  291.6340477563477
 ],
 "wait_mean": 5.368350778653131,
 "wait_std": 1.5828621631555069,
 "cv_mean": 0.4990584239099869,
 "cv_std": 0.07255644523158364,
 "overshoot_mean": 1.6,
 "overshoot_std": 1.3564659966250538,
 "composite_mean": 1.5000739047057028,
 "composite_std": 0.5538008358140106,
 "n_eps": 20,
 "wall_s": 228.3
}