{
 "method": "cmaes",
 "seed": 42,
 "ep": 99,
 "headways": [
  271.10511074637054,
  300.0,
  306.19075441806876
 ],
 "wait_mean": 5.379971139287363,
 "wait_std": 1.8870318601997293,
 "cv_mean": 0.4926526865553259,
 "cv_std": 0.11964096759982598,
 "overshoot_mean": 1.65,
 "overshoot_std": 1.3518505834595773,
 "composite_mean": 1.5063686649529269,
 "composite_std": 0.5550435561668926,
 "n_eps": 20,
 "wall_s": 198.5
}