{
 "method": "cmaes",
 "seed": 456,
 "ep": 199,
 "headways": [
  224.81449982154533,
  311.8349347968768,
  291.6340477563477
 ],
 "wait_mean": 5.955311360989727,
 "wait_std": 2.3241526625343636,
 "cv_mean": 0.4592579848481709,
 "cv_std": 0.07536681886254598,
 "overshoot_mean": 1.65,
 "overshoot_std": 1.4239030865898141,
 "composite_mean": 1.5477698901779127,
 "composite_std": 0.5742848255800829,
 "n_eps": 20,
 "wall_s": 234.5
}