{
 "method": "cmaes",
 "seed": 42,
 "ep": 149,
 "headways": [
  271.10511074637054,
  300.0,
  306.19075441806876
 ],
 "wait_mean": 5.740167432123846,
 "wait_std": 2.633639664672379,
 "cv_mean": 0.5164256478147405,
 "cv_std": 0.08596626998311707,
 "overshoot_mean": 1.95,
 "overshoot_std": 1.2439855304624727,
 "composite_mean": 1.6282400100747445,
 "composite_std": 0.617364637405737,
 "n_eps": 20,
 "wall_s": 193.8
}