{
 "method": "cmaes",
 "seed": 42,
 "ep": 249,
 "headways": [
  271.10511074637054,
  300.0,
  306.19075441806876
 ],
 "wait_mean": 5.668538469444321,
 "wait_std": 1.4723637864717602,
 "cv_mean": 0.5183576385088419,
 "cv_std": 0.11524285117776484,
 "overshoot_mean": 1.9,
 "overshoot_std": 1.260952021291849,
 "composite_mean": 1.6111592876510759,
 "composite_std": 0.5095918258246497,
 "n_eps": 20,
 "wall_s": 194.4
}