{
 "method": "cmaes",
 "seed": 123,
 "ep": 299,
 "headways": [
  268.04763282306567,
  313.96993539555945,
  257.9021479167936
 ],
 "wait_mean": 6.648405463072057,
 "wait_std": 2.3363129589233145,
 "cv_mean": 0.5542844380747238,
 "cv_std": 0.07991211128781907,
 "overshoot_mean": 1.8,
 "overshoot_std": 1.2884098726725128,
 "composite_mean": 1.7228200393269844,
 "composite_std": 0.6095369356381612,
 "n_eps": 20,
 "wall_s": 193.9
}