{
 "method": "cmaes",
 "seed": 123,
 "ep": 49,
 "headways": [
  268.04763282306567,
  313.96993539555945,
  257.9021479167936
 ],
 "wait_mean": 5.502278110996095,
 "wait_std": 1.1062221717462253,
 "cv_mean": 0.4793621507079565,
 "cv_std": 0.09971576501635693,
 "overshoot_mean": 1.55,
 "overshoot_std": 1.3955285736952865,
 "composite_mean": 1.4901989361665406,
 "composite_std": 0.5683319832580993,
 "n_eps": 20,
 "wall_s": 186.9
}