{
 "method": "cmaes",
 "seed": 456,
 "ep": 49,
 "headways": [
  224.81449982154533,
  311.8349347968768,
  291.6340477563477
 ],
 "wait_mean": 5.698271892124902,
 "wait_std": 1.57758904828095,
 "cv_mean": 0.5099585921948047,
 "cv_std": 0.0739267020424123,
 "overshoot_mean": 1.8,
 "overshoot_std": 1.2884098726725126,
 "composite_mean": 1.5834808363523494,
 "composite_std": 0.5341907813226997,
 "n_eps": 20,
 "wall_s": 205.4
}