{
 "method": "cmaes",
 "seed": 123,
 "ep": 149,
 "headways": [
  268.04763282306567,
  313.96993539555945,
  257.9021479167936
 ],
 "wait_mean": 5.143033595187585,
 "wait_std": 0.9984313025073404,
 "cv_mean": 0.5188478095587293,
 "cv_std": 0.09362976090224111,
 "overshoot_mean": 1.8,
 "overshoot_std": 1.32664991614216,
 "composite_mean": 1.5448132569895758,
 "composite_std": 0.5570432426622626,
 "n_eps": 20,
 "wall_s": 192.7
}