{
 "method": "cmaes",
 "seed": 456,
 "ep": 99,
 "headways": [
  224.81449982154533,
  311.8349347968768,
  291.6340477563477
 ],
 "wait_mean": 5.731031134748806,
 "wait_std": 1.7198872743529285,
 "cv_mean": 0.5115261703247657,
 "cv_std": 0.1023461464805741,
 "overshoot_mean": 1.8,
 "overshoot_std": 1.32664991614216,
 "composite_mean": 1.596291371711734,
 "composite_std": 0.5558779935912473,
 "n_eps": 20,
 "wall_s": 205.7
}