{
 "method": "cmaes",
 "seed": 456,
 "ep": 299,
 "headways": [
  224.81449982154533,
  311.8349347968768,
  291.6340477563477
 ],
 "wait_mean": 5.761469390649483,
 "wait_std": 2.5588925286599062,
 "cv_mean": 0.5060762342677624,
 "cv_std": 0.1231995634090422,
 "overshoot_mean": 1.75,
 "overshoot_std": 1.299038105676658,
 "composite_mean": 1.5730519279114652,
 "composite_std": 0.6755025215946308,
 "n_eps": 20,
 "wall_s": 235.2
}