{
 "method": "cmaes",
 "seed": 123,
 "ep": 249,
 "headways": [
  268.04763282306567,
  313.96993539555945,
  257.9021479167936
 ],
 "wait_mean": 5.747498477216946,
 "wait_std": 1.977439245274275,
 "cv_mean": 0.5087010742673632,
 "cv_std": 0.0877224201305466,
 "overshoot_mean": 1.9,
 "overshoot_std": 1.260952021291849,
 "composite_mean": 1.6093987241868597,
 "composite_std": 0.5754291233742812,
 "n_eps": 20,
 "wall_s": 198.2
}