{
 "method": "cmaes",
 "seed": 42,
 "ep": 199,
 "headways": [
  271.10511074637054,
  300.0,
  306.19075441806876
 ],
 "wait_mean": 5.587322122973218,
 "wait_std": 2.4939344477818475,
 "cv_mean": 0.5149761099903245,
 "cv_std": 0.07406068788083074,
 "overshoot_mean": 1.65,
 "overshoot_std": 1.4239030865898141,
 "composite_mean": 1.5650865274158512,
 "composite_std": 0.635741732649934,
 "n_eps": 20,
 "wall_s": 202.4
}