{
 "method": "cmaes",
 "seed": 42,
 "ep": 49,
 "headways": [
  271.10511074637054,
  300.0,
  306.19075441806876
 ],
 "wait_mean": 18.651465851737694,
 "wait_std": 14.731233383590874,
 "cv_mean": 0.5457971338029487,
 "cv_std": 0.1759134648990322,
 "overshoot_mean": 2.9,
 "overshoot_std": 0.3,
 "composite_mean": 3.1661863929693923,
 "composite_std": 1.7332943607607847,
 "n_eps": 20,
 "wall_s": 254.9
}