{
 "method": "cmaes",
 "seed": 42,
 "ep": 299,
 "headways": [
  271.10511074637054,
  300.0,
  306.19075441806876
 ],
 "wait_mean": 7.915103763562845,
 "wait_std": 3.541989176094808,
 "cv_mean": 0.5672994768883276,
 "cv_std": 0.09506182407257248,
 "overshoot_mean": 2.1,
 "overshoot_std": 1.1357816691600546,
 "composite_mean": 1.9213693770541358,
 "composite_std": 0.6620474260698649,
 "n_eps": 20,
 "wall_s": 209.4
}