ep,stage,wall_env_s,wall_train_s,avg_wait_min,peak_fleet,headway_cv,ep_reward,ep_cost,ep_steps,n_dispatches,lower_action_mean,lower_action_std,lower_action_min,lower_action_max,lower_reward_mean,lower_reward_std,lower_q_mean,lower_q_std,lower_q_loss,lower_q_mse,lower_ood_loss,lower_cost_q_mean,lower_cost_q_loss,lower_policy_loss,lower_pi_grad_norm,lower_q_grad_norm,lower_alpha,lower_lambda,lower_replay_size,upper_delta_mean,upper_delta_std,upper_delta_min,upper_delta_max,upper_reward_mean,upper_reward_std,upper_q_mean,upper_q_std,upper_q_loss,upper_q_mse,upper_ood_loss,upper_policy_loss,upper_pi_grad_norm,upper_q_grad_norm,upper_alpha,upper_replay_size,hold_fb_mean,hold_fb_std,hold_fb_n_trips,hold_fb_dir0_mean,hold_fb_dir1_mean,hold_penalty_mean,theta_wait,theta_fleet,theta_cv,avg_holding_sec,total_holding_sec,avg_onboard_time_min,avg_total_passenger_time_min,n_arrived_passengers,planned_dispatch_headway_mean,planned_dispatch_headway_std,planned_dispatch_headway_cv,actual_dispatch_headway_mean,actual_dispatch_headway_std,actual_dispatch_headway_cv,planned_shift_mean,planned_shift_std,dispatch_lateness_mean,dispatch_lateness_max,surprise,belief_window,belief_cp_prob,belief_entropy,w_wait,w_fleet,w_cv,N_fleet,fleet_overshoot
0,Warmup,11.7,0.6,7.39,17,0.568,-3592.71,1661.077,4970,0,6.11,39.42,-59.98,59.99,-0.7229,0.3623,1.0228959321975708,2.9940273761749268,58.38775634765625,47.24925994873047,2.761986017227173,1.1649912595748901,14.190690994262695,6.250120162963867,25.915573120117188,250.63795471191406,0.1,0.9970215559005737,4970,0.0,0.0,0.0,0.0,0.0,0.0,0.0,0.0,0.0,0.0,0.0,0.0,0.0,0.0,0.0,0,6.112207281647973,39.418953307680844,262,4.837157082400824,8.138789614738776,0.5955144828656187,0.5080630820187013,0.30985111802967585,0.18208579995162288,6.41,2179.55,13.331,20.72,20483,360.0,0.0,0.0,360.0,0.0,0.0,0.0,0.0,0.0,0.0,0.2011,9.66,0.0526,2.995,0.5,0.3,0.2,16,1
1,Warmup,12.9,0.7,5.276,19,0.3131,-2977.536,1102.895,4970,0,47.44,16.24,-60.0,60.0,-0.5991,0.3217,0.21748659014701843,1.4102970361709595,38.183841705322266,27.41257667541504,1.491760492324829,1.3099031448364258,11.909107208251953,3.9963300228118896,5.730594158172607,228.66299438476562,0.1,0.9936903119087219,9940,0.0,0.0,0.0,0.0,0.0,0.0,0.0,0.0,0.0,0.0,0.0,0.0,0.0,0.0,0.0,0,47.44406275792231,16.24483841503785,262,43.62540835361732,48.07743595332691,0.8068440776792516,0.5015630621557896,0.3278353306280586,0.17060160721615175,47.056,18822.2,16.533,21.809,20929,360.0,0.0,0.0,360.0,0.0,0.0,0.0,0.0,0.0,0.0,0.2932,10.0,0.0528,2.989,0.508,0.31,0.182,16,3
2,Warmup,12.8,0.8,10.447,13,0.4649,-5461.283,3760.172,4970,0,11.74,48.52,-60.0,60.0,-1.0988,0.2811,4.943836212158203,1.462326169013977,62.597373962402344,51.98468017578125,1.4676449298858643,3.4614439010620117,19.795005798339844,1.4584072828292847,7.340601444244385,221.53170776367188,0.1,0.9919628500938416,14910,0.0,0.0,0.0,0.0,0.0,0.0,0.0,0.0,0.0,0.0,0.0,0.0,0.0,0.0,0.0,0,11.738019253399365,48.520627881210594,262,27.333358114330395,29.73056058746419,0.7843199485193585,0.5216198855103421,0.31480697899082416,0.16357313549883382,22.622,7239.033,14.903,25.349,21594,360.0,0.0,0.0,382.431,268.991,0.7034,0.0,0.0,1207.45,3203.0,0.4887,10.85,0.0533,2.953,0.502,0.328,0.171,10,3
3,Warmup,12.0,0.7,7.871,15,0.7458,-5287.548,3624.264,4970,0,-0.23,46.87,-59.99,59.99,-1.0639,0.3389,7.1459784507751465,1.351929783821106,68.24832916259766,57.77667236328125,1.3622797727584839,4.892172813415527,25.931194305419922,0.5193423628807068,7.563945770263672,358.4086608886719,0.1,0.9918192625045776,19880,0.0,0.0,0.0,0.0,0.0,0.0,0.0,0.0,0.0,0.0,0.0,0.0,0.0,0.0,0.0,0,-0.23419102019962051,46.87321367959931,262,5.770866730652358,9.954662116577754,0.7310499190855678,0.5283523896126149,0.3123646808249352,0.15928292956245005,2.858,971.68,13.944,21.815,20595,360.0,0.0,0.0,360.0,11.68,0.0324,0.0,0.0,1.126,71.0,0.5913,11.79,0.054,2.877,0.522,0.315,0.164,12,3
4,Warmup,12.9,0.8,11.187,12,0.7059,-5725.944,4175.423,4970,0,2.84,49.64,-60.0,60.0,-1.1521,0.2504,11.167613983154297,1.399793028831482,67.41019439697266,57.04070281982422,1.4141802787780762,5.956822395324707,21.628328323364258,-2.3321313858032227,8.08725357055664,459.9554748535156,0.1,0.9931076765060425,24850,0.0,0.0,0.0,0.0,0.0,0.0,0.0,0.0,0.0,0.0,0.0,0.0,0.0,0.0,0.0,0,2.8429427820881847,49.64363381182855,262,16.94558120903216,13.272950298692052,0.7784376441906063,0.5440313552814755,0.30048586430284413,0.1554827804156804,16.396,4918.651,14.296,25.483,21414,360.0,0.0,0.0,399.842,220.735,0.5521,0.0,0.0,2089.66,5255.0,0.6681,12.68,0.0549,2.771,0.528,0.312,0.159,9,3
5,Warmup,12.2,0.7,5.085,14,0.5036,-5647.435,4066.838,4969,0,6.36,49.79,-60.0,60.0,-1.1365,0.2814,13.51776123046875,1.2583832740783691,134.509033203125,124.2368392944336,1.4270684719085693,6.961699485778809,46.787986755371094,-3.9669854640960693,8.819120407104492,465.4985656738281,0.1,0.9954363703727722,29819,0.0,0.0,0.0,0.0,0.0,0.0,0.0,0.0,0.0,0.0,0.0,0.0,0.0,0.0,0.0,0,6.364486930084063,49.78646968072632,262,21.001242192167986,14.518708418113622,0.7940692320201707,0.5467624374671225,0.299685884193737,0.1535516783391404,11.072,3764.598,14.281,19.365,18876,360.0,0.0,0.0,363.146,114.245,0.3146,0.0,0.0,80.237,624.0,0.6969,13.41,0.0559,2.66,0.544,0.3,0.155,11,3
6,Warmup,12.4,0.7,7.35,16,0.3353,-5603.23,3924.343,4969,0,3.4,50.21,-59.99,59.99,-1.1276,0.2897,13.734424591064453,1.089778184890747,67.06422424316406,56.90131378173828,1.1229826211929321,6.59877872467041,24.850303649902344,-4.885217666625977,26.007366180419922,240.8365478515625,0.1,0.998556911945343,34788,0.0,0.0,0.0,0.0,0.0,0.0,0.0,0.0,0.0,0.0,0.0,0.0,0.0,0.0,0.0,0,3.400679189067062,50.20973520353718,262,20.18992708858691,18.524383039223515,0.7950374846333754,0.5492262031600388,0.3009635895376457,0.14981020730231562,17.474,5941.235,14.434,21.783,21841,360.0,0.0,0.0,360.0,5.77,0.016,0.0,0.0,0.321,62.0,0.6972,13.98,0.057,2.553,0.547,0.3,0.154,13,3
7,Warmup,12.2,0.8,4.843,16,0.3046,-5656.499,4011.229,4971,0,-1.1,49.31,-59.98,59.97,-1.1379,0.2796,13.2073392868042,0.9951212406158447,66.38542175292969,56.3204231262207,1.0272610187530518,6.10874605178833,23.618547439575195,-4.977030277252197,9.86101245880127,223.6182861328125,0.1,1.0020653009414673,39759,0.0,0.0,0.0,0.0,0.0,0.0,0.0,0.0,0.0,0.0,0.0,0.0,0.0,0.0,0.0,0,-1.1012517542150557,49.310219201480756,262,3.7972796415027816,5.2223626089723485,0.7795119706573032,0.5488007323918951,0.30389078901090416,0.14730847859720086,7.281,2475.698,13.965,18.808,19188,360.0,0.0,0.0,360.0,0.0,0.0,0.0,0.0,0.0,0.0,0.6856,14.43,0.0583,2.452,0.549,0.301,0.15,16,0
8,Warmup,12.1,0.7,4.913,17,0.3265,-5646.438,3948.092,4970,0,-0.69,50.52,-59.99,59.97,-1.1361,0.2794,14.741073608398438,1.025657057762146,73.22392272949219,63.2642822265625,0.9622027277946472,6.86098575592041,28.142414093017578,-5.672828197479248,6.382129192352295,278.6541442871094,0.1,1.005791425704956,44729,0.0,0.0,0.0,0.0,0.0,0.0,0.0,0.0,0.0,0.0,0.0,0.0,0.0,0.0,0.0,0,-0.690506314523743,50.52119398670245,262,8.294830863726768,3.806942126625463,0.8019084417403994,0.5472721067831782,0.3079772164247372,0.14475067679208461,0.223,80.446,14.105,19.018,19844,360.0,0.0,0.0,360.0,0.0,0.0,0.0,0.0,0.0,0.0,0.6632,14.79,0.0596,2.358,0.549,0.304,0.147,14,3
9,Warmup,12.1,0.6,10.164,13,0.6099,-5727.486,4079.791,4970,0,-2.13,48.73,-59.98,59.99,-1.1524,0.2455,14.931641578674316,0.9640457630157471,77.98907470703125,68.11036682128906,1.0163397789001465,6.768718242645264,27.059612274169922,-6.031745910644531,4.302238464355469,245.09225463867188,0.1,1.009684443473816,49699,0.0,0.0,0.0,0.0,0.0,0.0,0.0,0.0,0.0,0.0,0.0,0.0,0.0,0.0,0.0,0,-2.134277274736936,48.72572269900736,262,14.482371514094504,14.161553021167453,0.7620376556392611,0.5547304577427912,0.30271271669296884,0.14255682556424,9.905,3169.48,13.945,24.109,21063,360.0,0.0,0.0,366.504,171.377,0.4676,0.0,0.0,200.645,926.0,0.6408,15.08,0.0611,2.268,0.547,0.308,0.145,10,3
10,Warmup,12.2,0.8,5.248,17,0.5005,-5713.991,4058.157,4971,0,1.94,51.01,-59.91,59.98,-1.1495,0.2655,15.584297180175781,1.0003690719604492,42.232460021972656,32.43296813964844,1.052902340888977,6.992198467254639,17.433237075805664,-6.366172790527344,7.371028423309326,215.77561950683594,0.1,1.0137362480163574,54670,0.0,0.0,0.0,0.0,0.0,0.0,0.0,0.0,0.0,0.0,0.0,0.0,0.0,0.0,0.0,0,1.942653960426001,51.006790299117526,262,7.737992705796896,6.680255301375141,0.8149021614666115,0.5533633420695104,0.30605363126660834,0.14058302666388126,7.594,2733.88,14.259,19.507,19882,360.0,0.0,0.0,360.0,0.0,0.0,0.0,0.0,0.0,0.0,0.6125,15.28,0.0628,2.185,0.555,0.302,0.143,16,1
11,Warmup,11.7,0.9,5.916,17,0.4173,-5647.836,3949.161,4971,0,2.37,50.37,-59.85,59.98,-1.1362,0.2712,15.67021656036377,0.8592687845230103,72.87508392333984,63.15529251098633,0.9471375942230225,7.500456809997559,28.698537826538086,-6.2008137702941895,4.09616756439209,195.2589569091797,0.1,1.0177801847457886,59641,0.0,0.0,0.0,0.0,0.0,0.0,0.0,0.0,0.0,0.0,0.0,0.0,0.0,0.0,0.0,0,2.3714390650850214,50.371199809398476,262,21.578365437608017,7.567120066755694,0.7994113757732287,0.5527120671838177,0.308858233367608,0.13842969944857425,8.713,3136.816,14.349,20.265,20509,360.0,0.0,0.0,360.0,0.0,0.0,0.0,0.0,0.0,0.0,0.5773,15.4,0.0648,2.111,0.555,0.303,0.142,15,2
12,Warmup,12.6,0.8,5.464,17,0.7416,-5641.225,3952.946,4970,0,3.25,50.66,-59.92,59.99,-1.1351,0.2833,16.54051399230957,0.8196048736572266,48.97022247314453,39.319881439208984,0.9037446975708008,7.796802043914795,18.784202575683594,-6.81082010269165,4.34282922744751,275.15740966796875,0.1,1.0218569040298462,64611,0.0,0.0,0.0,0.0,0.0,0.0,0.0,0.0,0.0,0.0,0.0,0.0,0.0,0.0,0.0,0,3.2530571151112526,50.65835574580842,262,14.965192528774864,9.457093808525489,0.8066074159343329,0.5514264079256902,0.31157027637208634,0.13700331570222346,8.734,3144.235,14.192,19.656,19956,360.0,0.0,0.0,360.0,0.0,0.0,0.0,0.0,0.0,0.0,0.5431,15.42,0.067,2.049,0.555,0.305,0.14,14,3
13,Warmup,12.0,0.7,5.589,14,0.7344,-5668.142,3949.295,4970,0,0.43,50.53,-59.98,59.99,-1.1405,0.2735,17.3426456451416,0.9137278199195862,86.19271850585938,76.59941101074219,0.8991459608078003,8.029403686523438,34.809471130371094,-7.1588945388793945,9.342910766601562,273.40362548828125,0.1,1.0259448289871216,69581,0.0,0.0,0.0,0.0,0.0,0.0,0.0,0.0,0.0,0.0,0.0,0.0,0.0,0.0,0.0,0,0.43184604748513855,50.527585123347265,262,5.625564254585063,0.3006278287423278,0.8025639169389664,0.5531326048913906,0.3105572003591525,0.13631019474945685,3.046,974.726,14.15,19.739,20625,360.0,0.0,0.0,361.262,93.142,0.2578,0.0,0.0,37.569,564.0,0.5129,15.3,0.0696,2.005,0.554,0.308,0.139,11,3
14,Warmup,12.0,0.8,6.927,13,0.4997,-5725.383,4052.595,4971,0,-1.68,49.77,-59.95,59.99,-1.1518,0.2558,16.894765853881836,0.8388710618019104,52.820491790771484,43.27922058105469,0.9490121603012085,8.755512237548828,18.002885818481445,-6.095993995666504,6.819858074188232,200.27072143554688,0.1,1.0299912691116333,74552,0.0,0.0,0.0,0.0,0.0,0.0,0.0,0.0,0.0,0.0,0.0,0.0,0.0,0.0,0.0,0,-1.6765287761091048,49.76857159995644,262,-2.274395502554743,23.36137746666607,0.7828264562951421,0.556875708240372,0.3078861471892756,0.1352381445703523,5.609,1794.955,13.786,20.713,20831,360.0,0.0,0.0,364.023,155.393,0.4269,0.0,0.0,176.691,897.0,0.4886,15.02,0.0727,1.986,0.555,0.308,0.137,10,3
15,Warmup,12.7,0.8,4.833,16,0.4665,-5704.381,4098.258,4971,0,1.47,51.0,-59.97,59.99,-1.1475,0.2708,16.919004440307617,0.859443187713623,70.40935516357422,60.926483154296875,0.9007420539855957,8.739273071289062,23.525075912475586,-6.035462379455566,6.28195858001709,171.07972717285156,0.1,1.0340608358383179,79523,0.0,0.0,0.0,0.0,0.0,0.0,0.0,0.0,0.0,0.0,0.0,0.0,0.0,0.0,0.0,0,1.4662717315700902,50.99786672269097,262,-5.290529813225332,10.31341495513916,0.8187939482554808,0.5563217318799315,0.3097075492917605,0.13397071882830797,7.597,2734.752,14.239,19.072,18782,360.0,0.0,0.0,360.0,0.0,0.0,0.0,0.0,0.0,0.0,0.4621,14.45,0.0761,2.015,0.557,0.308,0.135,16,0
16,Warmup,12.1,0.8,9.133,17,0.5114,-5727.399,4074.922,4971,0,0.69,51.21,-59.96,59.99,-1.1522,0.2652,17.1197566986084,0.796143651008606,52.981468200683594,43.56713104248047,0.7970518469810486,8.428701400756836,20.222700119018555,-6.655424118041992,1.9333243370056152,175.2178955078125,0.1,1.038095235824585,84494,0.0,0.0,0.0,0.0,0.0,0.0,0.0,0.0,0.0,0.0,0.0,0.0,0.0,0.0,0.0,0,0.6944429085581889,51.21206509034848,262,10.164128786639164,-3.1748720122011056,0.8154305400805892,0.5578424902629778,0.3104240571828796,0.1317334525541426,0.281,106.662,14.107,23.24,21287,360.0,0.0,0.0,360.0,0.0,0.0,0.0,0.0,0.0,0.0,0.4387,13.45,0.0794,2.121,0.556,0.31,0.134,14,3
17,Warmup,12.0,0.7,5.711,17,0.5585,-5658.0,4031.809,4970,0,1.9,50.86,-59.9,59.95,-1.1384,0.2864,18.973892211914062,0.8076485991477966,50.09525680541992,40.72611618041992,0.8157578110694885,9.094627380371094,19.43051528930664,-7.760004043579102,7.830148220062256,187.4404296875,0.1,1.0421557426452637,89464,0.0,0.0,0.0,0.0,0.0,0.0,0.0,0.0,0.0,0.0,0.0,0.0,0.0,0.0,0.0,0,1.8991711899031036,50.85634838322469,262,-2.2504165818816717,7.4138246012361435,0.8105396581568466,0.5569731801095558,0.3126919680846683,0.13033485180577595,-0.421,-143.028,14.233,19.944,20631,360.0,0.0,0.0,360.0,0.0,0.0,0.0,0.0,0.0,0.0,0.4091,11.78,0.0808,2.335,0.558,0.31,0.132,14,3
18,Warmup,13.5,0.9,17.219,12,0.5803,-5701.9,4114.973,4970,0,1.62,50.03,-59.99,60.0,-1.1473,0.26,16.553632736206055,0.7742846012115479,45.334495544433594,36.01178741455078,0.8154512047767639,8.128246307373047,13.883245468139648,-6.38960075378418,2.7046303749084473,139.98077392578125,0.1,1.0462288856506348,94434,0.0,0.0,0.0,0.0,0.0,0.0,0.0,0.0,0.0,0.0,0.0,0.0,0.0,0.0,0.0,0,1.6211959127044413,50.02603027330599,262,24.617312533604473,8.926931744186502,0.7932078238401359,0.567615182942473,0.30458403594134126,0.12780078111618562,11.578,3473.407,14.278,31.497,22998,360.0,0.0,0.0,399.823,204.808,0.5122,0.0,0.0,2165.687,5314.0,0.3871,9.62,0.0772,2.612,0.557,0.313,0.13,9,3
19,Warmup,12.8,0.8,7.003,16,0.6061,-5549.94,3882.993,4970,0,0.89,49.63,-59.91,59.99,-1.1167,0.2975,17.12725067138672,0.7908209562301636,41.91656494140625,32.634681701660156,0.8866211175918579,8.702699661254883,14.572620391845703,-6.27667760848999,4.167112827301025,192.4378204345703,0.1,1.050291657447815,99404,0.0,0.0,0.0,0.0,0.0,0.0,0.0,0.0,0.0,0.0,0.0,0.0,0.0,0.0,0.0,0,0.8921659313322193,49.6262997115552,262,7.8167873633535265,8.11021512919351,0.7853560666029502,0.5682122273622667,0.3052540281257303,0.12653374451200275,5.636,1916.199,14.226,21.229,19960,360.0,0.0,0.0,360.0,4.211,0.0117,0.0,0.0,0.187,48.0,0.3496,7.96,0.0664,2.782,0.568,0.305,0.128,13,3
20,Warmup,13.7,0.8,12.665,12,0.6763,-5652.911,4032.85,4970,0,1.34,49.36,-59.89,59.97,-1.1374,0.2637,17.251243591308594,0.8655275702476501,34.612335205078125,25.369972229003906,0.914564311504364,8.48488998413086,10.855769157409668,-6.431927680969238,7.180423259735107,220.19483947753906,0.1,1.0542478561401367,104374,0.0,0.0,0.0,0.0,0.0,0.0,0.0,0.0,0.0,0.0,0.0,0.0,0.0,0.0,0.0,0,1.341162552826961,49.36394421717679,262,8.04589657783508,26.943261459940356,0.7762364728626485,0.5753682605658123,0.2995221584467743,0.12510958098741354,13.028,3908.433,14.412,27.077,22229,360.0,0.0,0.0,399.508,235.262,0.5889,0.0,0.0,2230.351,5205.0,0.3308,7.34,0.0579,2.832,0.568,0.305,0.127,9,3
21,Warmup,12.4,0.8,10.339,13,0.6564,-5666.778,4020.953,4971,0,-2.8,50.73,-59.96,59.99,-1.14,0.2668,18.593772888183594,0.8518140912055969,85.5059814453125,76.3050537109375,0.8274882435798645,9.51009750366211,33.58462142944336,-6.69309139251709,2.951381206512451,439.3494567871094,0.1,1.0582102537155151,109345,0.0,0.0,0.0,0.0,0.0,0.0,0.0,0.0,0.0,0.0,0.0,0.0,0.0,0.0,0.0,0,-2.799640617995639,50.7296387070378,262,-3.164378872984333,0.8492273380881862,0.8086881626560004,0.5801289519150065,0.2959309302823496,0.12394011780264379,0.165,49.551,13.918,24.257,21879,360.0,0.0,0.0,365.1,170.43,0.4668,0.0,0.0,211.763,929.0,0.3145,7.67,0.0526,2.836,0.575,0.3,0.125,10,3
22,Warmup,12.2,0.8,6.197,16,0.6313,-5636.885,3979.987,4970,0,-0.17,51.39,-59.98,59.99,-1.1342,0.2862,19.776893615722656,0.8152145147323608,39.63676071166992,30.468164443969727,0.848057746887207,10.865057945251465,13.596123695373535,-6.502064228057861,7.396698951721191,190.5753173828125,0.1,1.0621881484985352,114315,0.0,0.0,0.0,0.0,0.0,0.0,0.0,0.0,0.0,0.0,0.0,0.0,0.0,0.0,0.0,0,-0.17448753275734258,51.38971834105452,262,5.510552515011085,12.756225683187186,0.8144305662751276,0.5800135747908817,0.29701433033823355,0.12297209487088474,6.358,2161.699,14.255,20.453,20196,360.0,0.0,0.0,360.0,0.0,0.0,0.0,0.0,0.0,0.0,0.2949,8.26,0.0512,2.845,0.58,0.296,0.124,16,0
23,Warmup,13.7,0.8,19.431,12,0.3993,-5773.698,4129.247,4970,0,0.83,48.67,-59.86,59.98,-1.1617,0.2206,20.163040161132812,0.9322274923324585,57.35210418701172,48.208377838134766,0.9187473058700562,11.469595909118652,21.980350494384766,-5.931122779846191,7.349533557891846,371.54229736328125,0.1,1.0661455392837524,119285,0.0,0.0,0.0,0.0,0.0,0.0,0.0,0.0,0.0,0.0,0.0,0.0,0.0,0.0,0.0,0,0.8294391020847638,48.67175794580678,262,-1.3880650112503445,6.380945093380778,0.7651828282537545,0.5904660485461725,0.28925004677587374,0.12028390467795379,7.276,2182.892,13.911,33.342,23496,360.0,0.0,0.0,397.396,272.539,0.6858,0.0,0.0,2114.534,4997.0,0.2952,8.92,0.0507,2.859,0.58,0.297,0.123,9,3
24,Warmup,13.3,0.8,9.147,12,0.501,-5708.255,4146.643,4971,0,-3.07,49.79,-59.94,59.98,-1.1483,0.2466,17.716482162475586,0.8321634531021118,72.96900177001953,63.85956573486328,0.8763917684555054,10.60191535949707,23.050880432128906,-4.59201192855835,10.549798011779785,339.4469299316406,0.1,1.070135235786438,124256,0.0,0.0,0.0,0.0,0.0,0.0,0.0,0.0,0.0,0.0,0.0,0.0,0.0,0.0,0.0,0,-3.068791385946128,49.78812713495162,262,7.355169406062679,11.723403170861696,0.7856678679503969,0.5950195072696206,0.2855669810659734,0.11941351166440599,7.759,2327.716,14.063,23.209,21672,360.0,0.0,0.0,392.919,242.854,0.6181,0.0,0.0,1865.324,4331.0,0.2813,9.57,0.0507,2.873,0.59,0.289,0.12,9,3
25,Warmup,12.2,0.8,4.687,17,0.5809,-5677.599,4110.11,4970,0,-0.09,50.56,-59.89,59.98,-1.1424,0.2763,19.377714157104492,0.791152834892273,54.00748062133789,44.938743591308594,0.77010178565979,10.950020790100098,20.665660858154297,-5.914442539215088,5.871642589569092,195.56150817871094,0.1,1.0741534233093262,129226,0.0,0.0,0.0,0.0,0.0,0.0,0.0,0.0,0.0,0.0,0.0,0.0,0.0,0.0,0.0,0,-0.08697560677675893,50.55556563153361,262,16.251573120292864,5.9888115399762185,0.8007645506100735,0.5931734082339222,0.2882505322066454,0.11857605955943239,5.642,2030.98,13.987,18.675,19872,360.0,0.0,0.0,360.0,0.0,0.0,0.0,0.0,0.0,0.0,0.2632,10.14,0.0508,2.883,0.595,0.286,0.119,15,2
26,Warmup,12.1,0.8,7.82,14,0.8186,-5595.822,3940.035,4971,0,-1.24,49.74,-59.89,59.98,-1.1257,0.2893,19.54224395751953,0.7963299751281738,38.573123931884766,29.53780746459961,0.7696031928062439,11.101048469543457,9.79481315612793,-5.888517379760742,8.655766487121582,228.63645935058594,0.1,1.0781886577606201,134197,0.0,0.0,0.0,0.0,0.0,0.0,0.0,0.0,0.0,0.0,0.0,0.0,0.0,0.0,0.0,0,-1.2363451920289361,49.73694445849664,262,17.197023170872736,8.196831057259914,0.7879476402799045,0.5950933720398507,0.2868938842188929,0.11801274374125648,6.417,2181.833,13.982,21.802,21392,360.0,0.0,0.0,360.573,79.41,0.2202,0.0,0.0,25.26,395.0,0.2343,10.63,0.051,2.889,0.593,0.288,0.119,11,3
27,Warmup,12.0,0.8,5.325,17,0.5586,-5555.947,3889.984,4971,0,-1.93,49.94,-59.85,59.96,-1.1177,0.297,20.152130126953125,0.7718287706375122,55.937599182128906,46.9306526184082,0.7653146982192993,11.751117706298828,19.55333709716797,-5.78159761428833,3.842874526977539,256.34130859375,0.1,1.0822055339813232,139168,0.0,0.0,0.0,0.0,0.0,0.0,0.0,0.0,0.0,0.0,0.0,0.0,0.0,0.0,0.0,0,-1.9340078710529482,49.938467168787824,262,6.935604289958354,6.093931006130419,0.7918561230162494,0.5936527712258531,0.2892425193055892,0.1171047094685577,4.479,1612.363,14.078,19.403,20020,360.0,0.0,0.0,360.0,0.0,0.0,0.0,0.0,0.0,0.0,0.205,11.0,0.0513,2.89,0.595,0.287,0.118,16,1
28,Warmup,12.4,0.8,5.838,14,0.8704,-5718.652,4125.744,4970,0,0.16,50.23,-59.84,59.99,-1.1506,0.2653,20.240436553955078,0.846775472164154,29.01959800720215,20.0263614654541,0.9097461700439453,11.785385131835938,8.917184829711914,-5.641469478607178,4.373617172241211,320.4294738769531,0.1,1.0862191915512085,144138,0.0,0.0,0.0,0.0,0.0,0.0,0.0,0.0,0.0,0.0,0.0,0.0,0.0,0.0,0.0,0,0.16109017892974903,50.227058118159235,262,16.585826699984704,2.7575851314554085,0.7957787536407984,0.5944758608257111,0.2886034708532831,0.11692066832100571,8.301,2822.235,14.198,20.036,19752,360.0,0.0,0.0,362.223,98.878,0.273,0.0,0.0,53.26,557.0,0.2103,11.3,0.0518,2.885,0.594,0.289,0.117,11,3
29,Warmup,14.2,0.9,19.98,11,0.5281,-5711.176,4142.574,4970,0,-5.18,49.22,-59.89,60.0,-1.1491,0.2588,20.0828914642334,0.8142797350883484,59.69709777832031,50.73775100708008,0.8236725330352783,12.078824996948242,21.057485580444336,-5.171938419342041,7.424759864807129,219.5494384765625,0.1,1.0902364253997803,149108,0.0,0.0,0.0,0.0,0.0,0.0,0.0,0.0,0.0,0.0,0.0,0.0,0.0,0.0,0.0,0,-5.176647839208004,49.22003153383057,262,3.588479149655293,13.686291720992642,0.7840090521654518,0.603784732696493,0.2815293305468742,0.11468593675663277,5.431,1520.551,13.724,33.704,23573,360.0,0.0,0.0,423.358,217.017,0.5126,0.0,0.0,3714.954,8427.0,0.209,11.49,0.0525,2.876,0.594,0.289,0.117,8,3
30,BiLevel,12.5,0.9,5.558,16,0.7216,-5495.044,3844.915,4968,262,0.3,48.94,-59.85,59.98,-1.1061,0.3049,21.376070022583008,0.7891502380371094,44.96959686279297,36.03514862060547,0.8482921719551086,12.624874114990234,15.083291053771973,-5.8732590675354,6.2602033615112305,199.9110107421875,0.1,1.094218373298645,154076,1.51,49.29,-109.24,101.9,-1.8398,0.5,-1.0614734888076782,0.6242355704307556,11.582721710205078,1.6903892755508423,0.7257588505744934,2.3186185359954834,0.18573161959648132,31.68547821044922,0.05,262,0.30486632514169104,48.94130851504146,262,4.496317574852391,-1.4232062913869576,0.7717836919009855,0.6030068998434752,0.28285553096143945,0.1141375691950854,4.957,1685.377,13.995,19.553,18843,360.0,0.0,0.0,360.231,39.743,0.1103,0.0,0.0,20.847,101.0,0.1645,11.47,0.0534,2.872,0.604,0.282,0.115,13,3
31,BiLevel,14.2,1.0,24.371,11,0.3906,-5787.069,4250.863,4969,262,0.32,47.71,-59.72,59.99,-1.1646,0.2358,19.7412166595459,0.7575374245643616,42.896915435791016,33.99451446533203,0.7746275663375854,12.240519523620605,15.50489330291748,-4.5356926918029785,5.855678081512451,184.32781982421875,0.1,1.0982179641723633,159045,2.82,29.63,-98.44,90.69,-5.4971,0.5,-2.216299295425415,0.5893914103507996,16.324302673339844,6.574620246887207,0.4382021427154541,3.4013991355895996,0.9755908250808716,16.19169044494629,0.05,524,0.3223942449902278,47.7136267065645,262,15.854029506131221,16.128820945714647,0.745742107181607,0.6139592855099094,0.2747290961323706,0.11131161835771985,12.787,3324.625,13.797,38.168,22915,360.0,0.0,0.0,427.962,255.604,0.5973,0.0,0.0,3900.744,8901.0,0.1902,11.35,0.0544,2.871,0.603,0.283,0.114,8,3
32,BiLevel,12.7,0.9,5.65,13,0.3424,-5601.479,3941.519,4970,262,-2.64,48.23,-59.99,59.98,-1.1271,0.2781,21.424394607543945,0.8926437497138977,61.009864807128906,52.108253479003906,0.9783259630203247,13.488302230834961,18.00466537475586,-4.931054592132568,7.201283931732178,319.3133239746094,0.1,1.1022279262542725,164015,4.41,32.25,-107.08,103.37,-1.8968,0.5,-1.366026520729065,0.45033347606658936,15.428491592407227,5.814395427703857,0.4096147119998932,2.2788164615631104,1.333925485610962,23.892372131347656,0.05,786,-2.6435646907874277,48.229831110869604,262,7.938574383760752,3.358841520704721,0.7565463176094033,0.6155565647045292,0.27364493981249577,0.11079849548297495,2.291,732.972,13.674,19.324,19261,360.0,0.0,0.0,363.677,181.192,0.4982,0.0,0.0,200.905,974.0,0.1652,11.04,0.0552,2.881,0.614,0.275,0.111,10,3
33,BiLevel,12.3,0.9,8.364,17,0.5994,-5530.54,3865.669,4970,262,-0.64,49.9,-59.94,59.97,-1.1128,0.3041,20.340044021606445,1.0537221431732178,77.47154998779297,68.59516906738281,0.9079853296279907,13.438528060913086,24.484481811523438,-3.081322193145752,3.0894317626953125,411.6795349121094,0.1,1.1061971187591553,168985,-1.27,29.09,-102.15,106.96,-1.9627,0.5,-1.8639529943466187,0.29374828934669495,13.587705612182617,4.105097770690918,0.24771176278591156,2.4609761238098145,0.2663339674472809,7.87610387802124,0.05,1048,-0.6370333320965289,49.901230893010926,262,1.5022252258501574,8.567359899847132,0.7884246181334399,0.6152901086766259,0.27500310395459765,0.10970678736877643,4.154,1578.4,14.2,22.564,21040,360.0,0.0,0.0,359.85,24.635,0.0685,0.0,0.0,9.874,106.0,0.1691,10.63,0.0558,2.899,0.616,0.274,0.111,15,2
34,BiLevel,12.4,0.9,6.287,14,0.457,-5487.713,3879.143,4971,262,-1.22,48.57,-59.9,59.9,-1.1039,0.3042,19.351966857910156,0.7567349672317505,42.51190185546875,33.668312072753906,0.7814875245094299,12.917170524597168,15.186103820800781,-3.4946558475494385,9.183159828186035,201.4772491455078,0.1,1.1101491451263428,173956,-0.18,31.76,-102.21,105.82,-1.986,0.5,-2.0359866619110107,0.24272380769252777,15.289474487304688,5.933396816253662,0.22577066719532013,2.529029130935669,0.28715741634368896,12.53980541229248,0.05,1310,-1.2164831191685042,48.57320133815818,262,15.471039958376632,4.969228587025091,0.7663566445945713,0.616326536595865,0.2745406720410945,0.1091327913630405,8.132,2764.746,13.9,20.187,21212,360.0,0.0,0.0,360.446,78.977,0.2191,0.0,0.0,37.771,507.0,0.1725,10.16,0.0561,2.924,0.615,0.275,0.11,11,3
35,BiLevel,12.7,0.9,6.209,16,0.3354,-5359.459,3652.678,4969,262,1.85,49.1,-59.92,59.98,-1.0786,0.3194,18.104736328125,0.7810251712799072,66.0615234375,57.2392578125,0.7783037424087524,12.623861312866211,22.557809829711914,-3.3541526794433594,6.19338846206665,267.15460205078125,0.1,1.1141420602798462,178925,-4.57,31.71,-98.53,97.16,-1.8281,0.5,-2.0745625495910645,0.19485105574131012,12.524702072143555,3.291184663772583,0.20439738035202026,2.475931406021118,0.3454376757144928,4.585082530975342,0.05,1572,1.851342866866716,49.096800021451266,262,4.804632247121711,8.766967855001749,0.774102123186276,0.616000556458571,0.2757844969601694,0.1082149465812596,6.838,2461.632,13.932,20.142,20577,360.0,0.0,0.0,359.977,24.253,0.0674,0.0,0.0,9.187,97.0,0.2053,9.74,0.056,2.949,0.616,0.275,0.109,13,3
36,BiLevel,12.9,1.0,7.048,13,0.7001,-5436.19,3856.824,4970,262,-4.32,47.88,-59.86,59.97,-1.0938,0.3135,19.407779693603516,0.7045508027076721,61.222618103027344,52.423675537109375,0.7151550650596619,12.803193092346191,20.134624481201172,-3.527693033218384,5.410147190093994,193.65185546875,0.1,1.1180888414382935,183895,-0.56,27.94,-100.43,101.61,-2.2744,0.5,-2.0161068439483643,0.22133177518844604,13.44970703125,4.334563732147217,0.23353737592697144,2.47013783454895,0.1467975527048111,7.531679630279541,0.05,1834,-4.321488995131262,47.88352838681042,262,7.6097619891166675,9.367548727675487,0.7477784472540513,0.6178470310198729,0.27421249569259465,0.10794047328753242,4.485,1435.319,13.746,20.794,20862,360.0,0.0,0.0,364.538,136.684,0.375,0.0,0.0,147.0,831.0,0.1638,9.29,0.0554,2.97,0.616,0.276,0.108,10,3
37,BiLevel,12.2,1.0,5.702,14,0.4625,-5334.809,3711.447,4970,262,-3.36,48.23,-59.92,59.97,-1.0734,0.329,20.18841552734375,0.9120715856552124,30.759193420410156,21.966262817382812,0.8802328705787659,13.019379615783691,8.895520210266113,-3.7544023990631104,3.8289904594421387,263.67547607421875,0.1,1.1220002174377441,188865,-2.49,26.02,-82.05,82.16,-1.8796,0.5,-2.0878334045410156,0.2675229609012604,12.333654403686523,3.333955764770508,0.2664019465446472,2.633880376815796,0.39912813901901245,9.683945655822754,0.05,2096,-3.3559718652735175,48.23156238612036,262,9.677298302085775,2.0748505344516346,0.7563532962307765,0.6185705468310476,0.2739498132169771,0.10747963995197518,4.286,1457.158,13.752,19.453,21552,360.0,0.0,0.0,359.835,57.077,0.1586,0.0,0.0,20.668,352.0,0.1482,9.01,0.0544,2.981,0.618,0.274,0.108,11,3
38,BiLevel,12.3,0.9,11.297,16,0.5775,-4988.468,3282.406,4970,262,-6.65,47.29,-59.98,59.99,-1.0037,0.3732,20.302734375,0.8267176747322083,42.12361526489258,33.35768508911133,0.8061579465866089,13.026562690734863,13.81026554107666,-3.7377562522888184,3.3347890377044678,260.8063659667969,0.1,1.1258903741836548,193835,-1.28,27.37,-103.99,88.73,-2.2827,0.5,-2.438826084136963,0.27375155687332153,10.312389373779297,1.4254343509674072,0.276972234249115,2.994976043701172,0.42048028111457825,7.817892551422119,0.05,2358,-6.653135148287794,47.28778981938285,262,2.945361217072135,0.23646870318212124,0.745459133419674,0.6201636425992465,0.27357361331059865,0.10626274409015486,-6.785,-2307.069,13.555,24.852,21902,360.0,0.0,0.0,359.954,23.998,0.0667,0.0,0.0,9.416,88.0,0.2337,9.07,0.0534,2.984,0.619,0.274,0.107,16,0
39,BiLevel,12.6,1.0,8.439,15,0.406,-4781.014,2991.069,4973,262,-7.18,46.37,-59.98,59.9,-0.9614,0.3878,20.111955642700195,0.8163254857063293,65.38301849365234,56.63506317138672,0.8255240321159363,13.566293716430664,23.89704704284668,-2.908627510070801,2.7149431705474854,234.6173858642578,0.1,1.1297465562820435,198808,-3.03,33.86,-116.56,97.38,-2.3151,0.5,-2.877927780151367,0.37919092178344727,10.341324806213379,1.5637232065200806,0.3016008138656616,3.6393346786499023,1.004765272140503,7.56106424331665,0.05,2620,-7.176811504469712,46.37356297333005,262,-3.5965571518007096,-0.3547247375312594,0.729777033951644,0.6213346570026407,0.2733159131294883,0.10534942986787105,-5.066,-1722.456,13.261,21.701,21413,360.0,0.0,0.0,360.031,27.63,0.0767,0.0,0.0,10.634,97.0,0.3464,9.55,0.0527,2.979,0.62,0.274,0.106,12,3
40,BiLevel,14.1,1.1,12.599,11,0.3564,-5427.704,3813.07,4970,262,-2.44,46.03,-59.92,59.95,-1.0921,0.3089,20.212072372436523,0.8122260570526123,69.68489074707031,60.93981170654297,0.979522705078125,14.305275917053223,30.46722984313965,-2.04000186920166,5.367166042327881,348.6246643066406,0.1,1.1336357593536377,203778,0.74,30.72,-98.69,93.33,-3.3836,0.5,-2.630897045135498,0.2881127893924713,10.868038177490234,2.1965320110321045,0.29249340295791626,3.218261480331421,0.3281991183757782,8.18665885925293,0.05,2882,-2.44159804511538,46.03275414595384,262,-0.9866337838141537,-0.7598744856683837,0.7104639481043621,0.6261483836623332,0.2695692117666095,0.10428240457105732,1.153,322.808,13.54,26.139,22961,360.0,0.0,0.0,421.062,197.402,0.4688,0.0,0.0,3497.263,8023.0,0.2702,9.89,0.0523,2.973,0.621,0.273,0.105,8,3
41,BiLevel,12.1,1.1,4.183,16,0.3821,-4647.308,2907.513,4971,262,-2.39,44.8,-59.91,59.91,-0.9349,0.3982,19.15687370300293,0.8113205432891846,26.942062377929688,18.230648040771484,0.8347088694572449,13.836647033691406,9.078930854797363,-1.625488519668579,4.079904556274414,170.36935424804688,0.1,1.137390375137329,208749,-3.83,28.22,-94.78,82.42,-0.9592,0.5,-2.3487906455993652,0.3146105110645294,10.43848991394043,1.8703525066375732,0.33896616101264954,2.9884281158447266,0.786780595779419,10.285255432128906,0.05,3144,-2.3871468552228063,44.797777343868766,262,6.0067288336098965,8.953737242598283,0.6891842276092164,0.6249039890765317,0.271352589270686,0.10374342165278228,3.415,1160.954,13.48,17.663,18421,360.0,0.0,0.0,359.965,20.818,0.0578,0.0,0.0,8.321,82.0,0.4114,10.59,0.0523,2.949,0.626,0.27,0.104,15,1
42,BiLevel,12.9,1.0,7.618,12,0.5008,-5439.979,3807.992,4968,262,-8.18,46.16,-59.9,59.99,-1.095,0.3107,18.466171264648438,0.8921896815299988,35.63612747192383,26.942184448242188,0.8700259327888489,13.510793685913086,11.429825782775879,-1.167137861251831,8.102624893188477,261.9456481933594,0.1,1.1411635875701904,213717,0.8,30.25,-91.16,97.52,-2.398,0.5,-2.6160624027252197,0.36009031534194946,10.883966445922852,2.417022228240967,0.33582210540771484,3.3434221744537354,0.14501748979091644,9.211441993713379,0.05,3406,-8.179739991850827,46.15532413389665,262,8.496788929804767,12.574035337096769,0.7254140228473186,0.6275553503365641,0.26905706028188164,0.10338758938155433,0.974,292.154,13.17,20.788,21104,360.0,0.0,0.0,374.935,198.442,0.5293,0.0,0.0,784.229,2217.0,0.3432,11.04,0.0525,2.927,0.625,0.271,0.104,9,3
43,BiLevel,12.6,1.0,6.055,16,0.6787,-4448.788,2710.407,4971,262,-8.88,45.41,-59.94,60.0,-0.8949,0.4141,18.31195068359375,0.7619043588638306,61.044891357421875,52.3762321472168,0.8054003119468689,13.297877311706543,26.544179916381836,-1.2243435382843018,7.123013019561768,209.5979461669922,0.1,1.1449297666549683,218688,-3.26,27.73,-110.51,88.68,-1.4042,0.5,-2.6460916996002197,0.3496130108833313,11.107443809509277,2.7388880252838135,0.3490060567855835,3.3550002574920654,0.562358558177948,7.351763725280762,0.05,3668,-8.884997655918028,45.40681645544068,262,-4.607084314054565,12.57719298071767,0.7160866099813045,0.6268541075341698,0.27020205504530354,0.10294383742052665,1.487,505.632,13.069,19.124,21669,360.0,0.0,0.0,359.95,19.229,0.0534,0.0,0.0,8.542,88.0,0.5241,11.92,0.0531,2.861,0.628,0.269,0.103,15,1
44,BiLevel,12.3,1.0,7.199,13,0.7826,-4648.036,2965.715,4971,262,-10.22,44.99,-59.95,59.97,-0.935,0.4062,18.90930938720703,0.9938167333602905,63.85598373413086,55.186683654785156,0.9986013174057007,14.119102478027344,25.6109561920166,-0.6312234401702881,5.978336811065674,343.4876403808594,0.1,1.1486365795135498,223659,-0.4,32.2,-99.0,91.94,-2.325,0.5,-2.619755744934082,0.4351748526096344,10.040313720703125,1.7674877643585205,0.35251039266586304,3.4985098838806152,0.21220993995666504,11.436640739440918,0.05,3930,-10.22214711456854,44.99374622449308,262,-6.183375915335981,10.253150021284819,0.7160967424546154,0.6284536519708106,0.2687472287881558,0.10279911924103356,-2.922,-876.617,13.187,20.386,19636,360.0,0.0,0.0,362.808,100.312,0.2765,0.0,0.0,72.172,667.0,0.5615,12.69,0.054,2.775,0.627,0.27,0.103,10,3
45,BiLevel,12.4,1.0,7.842,16,0.5052,-4575.64,2862.059,4970,262,-5.14,44.76,-59.86,59.99,-0.9207,0.4119,18.811677932739258,0.7939667701721191,65.50225830078125,56.868202209472656,0.8297820091247559,14.300186157226562,29.793054580688477,-0.49642354249954224,4.79762601852417,192.12147521972656,0.1,1.1523001194000244,228629,0.96,31.75,-101.13,109.74,-1.6344,0.5,-2.9894039630889893,0.4122464954853058,9.709612846374512,1.5309267044067383,0.3835492730140686,3.8224003314971924,0.22392190992832184,15.506983757019043,0.05,4192,-5.141883120933919,44.7590639643741,262,5.8182448688306305,5.157630661914223,0.6911659007613052,0.6285366721231115,0.26943326958003544,0.10203005829685297,1.231,418.514,13.194,21.036,20559,360.0,0.0,0.0,359.927,27.319,0.0759,0.0,0.0,11.977,109.0,0.5987,13.36,0.0552,2.677,0.628,0.269,0.103,16,0
46,BiLevel,12.7,0.9,10.339,12,0.7503,-5111.209,3465.457,4970,262,-11.97,46.27,-59.99,60.0,-1.0284,0.3594,20.370473861694336,0.7606679201126099,41.955284118652344,33.34950637817383,0.7464444041252136,14.752429008483887,13.20372200012207,-1.7606383562088013,4.666515350341797,146.94888305664062,0.1,1.155894160270691,233599,-0.68,29.72,-94.22,85.93,-2.9875,0.5,-2.9330034255981445,0.33021339774131775,9.27688217163086,1.1913902759552002,0.3690057396888733,3.602719783782959,0.16752077639102936,5.202573776245117,0.05,4454,-11.97402601547884,46.270005404586264,262,5.32062812306379,1.6032550956073561,0.7453439239851971,0.6318969312902061,0.26645319385442257,0.10164987485537129,-0.379,-121.124,13.157,23.497,21304,360.0,0.0,0.0,373.269,240.144,0.6434,0.0,0.0,649.004,2310.0,0.4795,13.65,0.0562,2.618,0.629,0.269,0.102,9,3
47,BiLevel,12.6,0.9,11.856,16,0.7251,-4410.047,2637.77,4970,262,-7.11,46.75,-59.92,60.0,-0.8873,0.4179,18.802017211914062,0.7999119162559509,30.269447326660156,21.672563552856445,0.8617020845413208,14.695817947387695,11.215605735778809,-0.050360023975372314,7.157802581787109,222.3544921875,0.1,1.1594964265823364,238569,-3.88,28.8,-82.81,86.26,-3.0221,0.5,-2.731757640838623,0.33354252576828003,8.920199394226074,0.9275474548339844,0.30775871872901917,3.410409450531006,0.21795755624771118,5.237015724182129,0.05,4716,-7.108583108014174,46.74586523671317,262,-6.458592412189434,2.3467755411800604,0.7347199589353111,0.6332539550981099,0.2660415469386328,0.10070449796325727,-4.435,-1596.744,13.622,25.479,22362,360.0,0.0,0.0,359.758,20.823,0.0579,0.0,0.0,8.725,86.0,0.597,14.2,0.0574,2.518,0.632,0.266,0.102,13,3
48,BiLevel,12.4,1.0,4.873,13,0.5826,-4195.683,2554.361,4970,262,-17.88,42.16,-59.87,59.99,-0.8442,0.4356,19.414758682250977,0.7482287287712097,26.312070846557617,17.75307846069336,0.673066258430481,15.187193870544434,9.088894844055176,0.18438194692134857,2.1431567668914795,141.54693603515625,0.1,1.1630569696426392,243539,-2.48,33.07,-108.15,100.18,-1.8201,0.5,-2.7693989276885986,0.2939906120300293,9.184118270874023,1.2818762063980103,0.30523037910461426,3.3665871620178223,0.70392245054245,5.1121931076049805,0.05,4978,-17.87734339080481,42.16466624618942,262,-19.677186598903255,-5.796824521140049,0.7097158361874872,0.6340276253093116,0.26533446425838897,0.10063791043229955,-11.155,-3569.594,12.572,17.446,19957,360.0,0.0,0.0,360.462,86.636,0.2403,0.0,0.0,42.565,455.0,0.733,14.83,0.0593,2.374,0.633,0.266,0.101,10,3
49,BiLevel,12.4,0.9,5.211,14,0.5634,-4632.097,2912.928,4970,262,-11.57,45.31,-59.79,59.99,-0.932,0.4147,17.562273025512695,0.7075574398040771,25.814346313476562,17.27054786682129,0.7113251686096191,13.377166748046875,8.357232093811035,0.1047201156616211,2.2052533626556396,137.94369506835938,0.1,1.1665620803833008,248509,-2.44,34.13,-108.67,106.21,-1.8126,0.5,-2.851806879043579,0.28186994791030884,9.478699684143066,1.6666831970214844,0.2930416166782379,3.426790237426758,1.5564842224121094,8.281999588012695,0.05,5240,-11.567931309789119,45.31239366269529,262,-5.961030115579303,-4.767790760178316,0.730630041951519,0.634302403359505,0.26527321782298363,0.10042437881751125,-3.015,-1024.991,13.043,18.255,19528,360.0,0.0,0.0,360.0,50.873,0.1413,0.0,0.0,21.347,299.0,0.6368,15.08,0.0617,2.286,0.634,0.265,0.101,11,3
50,BiLevel,12.5,1.1,5.755,15,0.5383,-4443.357,2727.498,4970,262,-11.49,45.12,-59.87,59.99,-0.894,0.4251,17.862850189208984,0.7197811603546143,40.083274841308594,31.558141708374023,0.7467708587646484,13.598727226257324,15.530487060546875,-0.08365026116371155,3.693793773651123,148.41392517089844,0.1,1.1699339151382446,253479,-7.34,31.39,-104.65,74.9,-1.2583,0.5,-2.806320905685425,0.260157972574234,9.202866554260254,1.478633165359497,0.3130611777305603,3.347614288330078,1.1039128303527832,11.645174026489258,0.05,5502,-11.490823848474344,45.117827392934686,262,2.312447157031612,-4.735726791473203,0.723538672281016,0.6341675724033916,0.2657888625620995,0.10004356503450891,-3.995,-1358.224,13.134,18.889,20808,360.0,0.0,0.0,360.0,20.613,0.0573,0.0,0.0,7.798,74.0,0.6377,15.32,0.0636,2.197,0.635,0.265,0.101,16,0
51,BiLevel,12.5,1.0,5.429,14,0.4243,-4397.15,2724.662,4969,262,-13.17,43.46,-59.91,59.98,-0.8849,0.4271,19.01360511779785,0.823876142501831,55.647674560546875,47.143760681152344,0.7116605043411255,14.865839958190918,20.01112937927246,0.7946483492851257,4.065736770629883,263.47857666015625,0.1,1.1733815670013428,258448,-1.85,26.26,-94.78,77.49,-1.8101,0.5,-2.6860930919647217,0.22384965419769287,8.667296409606934,1.032741665840149,0.270907461643219,3.15816068649292,0.5012518763542175,9.932003021240234,0.05,5764,-13.166732976367163,43.45527304227854,262,-21.325210209269272,1.99259009424009,0.6993864366698812,0.6345966045790101,0.2657054121436704,0.09969798327731949,-8.594,-2750.036,12.859,18.288,20728,360.0,0.0,0.0,359.938,37.857,0.1052,0.0,0.0,18.076,266.0,0.6436,15.48,0.0665,2.118,0.636,0.263,0.101,11,3
52,BiLevel,12.1,1.0,4.236,14,0.6377,-4004.358,2321.171,4971,262,-11.98,42.03,-59.82,60.0,-0.8055,0.4393,19.176891326904297,0.7606800198554993,24.24382781982422,15.754931449890137,0.753321647644043,15.082413673400879,7.231973171234131,0.7092517018318176,4.977316856384277,160.84548950195312,0.1,1.1767810583114624,263419,-8.58,28.36,-92.05,64.99,-1.6458,0.5,-2.447568416595459,0.24826420843601227,8.713812828063965,1.1680572032928467,0.2517838478088379,2.9818952083587646,0.8770743608474731,3.380614757537842,0.05,6026,-11.97808288493415,42.03443739518881,262,-17.660328359039205,-3.258259935128062,0.6660069641968912,0.6344770139156422,0.26587013904445994,0.0996528470398979,-6.246,-2123.517,12.868,17.104,18950,360.0,0.0,0.0,359.869,30.018,0.0834,0.0,0.0,9.672,189.0,0.7889,15.83,0.0698,1.992,0.637,0.262,0.101,11,3
53,BiLevel,14.8,1.0,20.12,11,0.6607,-5288.123,3724.965,4970,262,1.46,45.88,-59.95,60.0,-1.064,0.3326,19.60911750793457,0.8576570749282837,41.03506851196289,32.55558395385742,0.8448172807693481,16.126096725463867,15.522918701171875,1.7971991300582886,8.124555587768555,253.58831787109375,0.1,1.1801751852035522,268389,-8.9,26.42,-88.7,54.32,-4.9314,0.5,-3.0887880325317383,0.2106698602437973,8.883845329284668,1.4233661890029907,0.24729910492897034,3.547877550125122,0.9652489423751831,18.81422996520996,0.05,6288,1.4621280296362742,45.87609215428064,262,-5.816317916857568,11.6072621019263,0.7052326181558883,0.6409106786360096,0.2607446665361272,0.09834465482786318,2.382,619.236,13.882,34.002,22717,360.0,0.0,0.0,425.154,216.734,0.5098,0.0,0.0,3829.954,8782.0,0.7853,16.0,0.0733,1.892,0.638,0.259,0.102,8,3
54,BiLevel,12.6,1.0,12.916,13,0.472,-4933.317,3286.068,4972,262,-8.7,46.03,-59.96,60.0,-0.9922,0.3839,17.666921615600586,0.737622082233429,27.104276657104492,18.651073455810547,0.7741789221763611,14.756131172180176,9.244346618652344,1.7242825031280518,4.736030578613281,125.82685089111328,0.1,1.1835277080535889,273361,-6.41,27.19,-88.83,63.52,-3.3281,0.5,-2.906224012374878,0.22628238797187805,8.74839973449707,1.3703382015228271,0.24761667847633362,3.3997397422790527,0.6663532853126526,5.062463760375977,0.05,6550,-8.701918527170378,46.0300950320817,262,5.252848982810976,8.152523464905586,0.7265448079171951,0.6443456413279749,0.2581864510560857,0.09746790761593947,4.16,1331.08,13.312,26.228,23028,360.0,0.0,0.0,364.112,128.835,0.3538,0.0,0.0,119.416,609.0,0.6113,15.83,0.0759,1.864,0.646,0.253,0.101,10,3
55,BiLevel,13.7,1.1,23.435,11,0.3793,-5137.816,3508.071,4970,262,-11.88,45.29,-59.98,60.0,-1.0338,0.348,17.711267471313477,0.7789473533630371,31.508068084716797,23.077638626098633,0.7771819829940796,14.919785499572754,8.691595077514648,1.9008159637451172,2.598494529724121,137.58602905273438,0.1,1.1869494915008545,278331,-6.93,23.74,-79.03,47.46,-5.5207,0.5,-2.864649772644043,0.21282422542572021,10.176607131958008,2.876734495162964,0.23128198087215424,3.3301167488098145,0.4283936321735382,6.923560619354248,0.05,6812,-11.88374726707809,45.293295813503505,262,-5.364777466497922,7.69569483242537,0.7307952678196721,0.6517585430362901,0.2525527960926847,0.09568866087102508,-3.415,-956.273,13.339,36.774,23936,360.0,0.0,0.0,411.392,261.027,0.6345,0.0,0.0,2712.824,6757.0,0.5814,15.49,0.0813,1.891,0.648,0.252,0.1,8,3
56,BiLevel,12.6,1.1,5.666,15,0.6237,-4505.18,2792.781,4970,262,-7.64,44.39,-59.94,59.99,-0.9065,0.4242,17.793231964111328,0.7126592993736267,23.636554718017578,15.228376388549805,0.7772714495658875,15.274168968200684,6.815105438232422,2.2336583137512207,5.463625431060791,141.25765991210938,0.1,1.1903475522994995,283301,-9.16,24.04,-78.18,80.36,-1.8534,0.5,-3.2772841453552246,0.2091779112815857,8.611381530761719,1.384138584136963,0.251751571893692,3.741136312484741,0.6520828008651733,5.713427543640137,0.05,7074,-7.6443327124922025,44.38748639627132,262,-11.831883083205472,3.6369545113099244,0.6909390294957787,0.6513985828140458,0.25315846562600164,0.09544295155995246,-3.062,-1040.934,13.082,18.749,21231,360.0,0.0,0.0,360.0,12.868,0.0357,0.0,0.0,5.282,80.0,0.5682,15.03,0.0848,1.974,0.654,0.249,0.097,12,3
57,BiLevel,12.1,1.2,5.76,16,0.5562,-4057.821,2349.649,4972,262,-12.83,42.57,-59.98,60.0,-0.8161,0.4273,16.462627410888672,0.7170137166976929,31.222753524780273,22.838665008544922,0.7084544897079468,14.501996040344238,11.254371643066406,3.023911237716675,5.4757399559021,139.92630004882812,0.1,1.19370436668396,288273,-6.33,23.2,-81.51,62.09,-1.3358,0.5,-3.3942906856536865,0.2053975760936737,9.440587997436523,2.287086009979248,0.24794891476631165,3.8585002422332764,1.3977090120315552,2.6353883743286133,0.05,7336,-12.831177783016585,42.57496901260715,262,-4.768721130647156,-10.310227374654067,0.6800403943748455,0.6505180231925284,0.25443210795716004,0.09504986885031146,-9.275,-3153.596,12.783,18.544,20934,360.0,0.0,0.0,360.119,14.165,0.0393,0.0,0.0,6.107,62.0,0.7511,15.38,0.0852,1.934,0.652,0.253,0.096,15,1
58,BiLevel,12.2,1.0,4.258,14,0.2397,-3805.46,2106.776,4970,262,-11.73,40.8,-59.86,59.99,-0.7657,0.4418,18.453027725219727,0.7983452081680298,43.36156463623047,34.98048400878906,0.8510456681251526,16.038837432861328,17.91794776916504,2.743933916091919,4.346271991729736,271.6051940917969,0.1,1.1970669031143188,293243,-3.8,21.9,-78.91,63.27,-1.5198,0.5,-3.2035350799560547,0.22315552830696106,8.200641632080078,1.1221117973327637,0.2302672564983368,3.7096056938171387,0.47817739844322205,2.620117664337158,0.05,7598,-11.727223903117645,40.80354105367867,262,-8.744090309503832,-3.778454417362809,0.6422303007315011,0.6505465462368433,0.25474841648718116,0.09470503727597561,-2.327,-791.218,12.603,16.861,19764,360.0,0.0,0.0,359.908,50.874,0.1414,0.0,0.0,15.737,382.0,0.9395,15.95,0.085,1.775,0.652,0.251,0.096,11,3
59,BiLevel,12.0,1.0,4.578,16,0.5472,-3990.538,2264.304,4969,262,-15.59,41.26,-59.96,59.99,-0.8031,0.4398,19.24872398376465,0.7774839401245117,47.477569580078125,39.12995529174805,0.6939403414726257,15.773649215698242,19.5771427154541,1.5245282649993896,3.589733839035034,250.2169189453125,0.1,1.2003837823867798,298212,-3.51,21.26,-59.81,58.95,-1.1091,0.5,-3.180952310562134,0.1843525469303131,8.08399772644043,1.0793646574020386,0.24717146158218384,3.6075501441955566,0.20403672754764557,6.2425432205200195,0.05,7860,-15.592389486441462,41.26275420880558,262,-13.166902682655737,0.008201423130537932,0.6736082554257601,0.6493203243724127,0.2562607843093192,0.09441889131826817,-4.13,-1404.037,12.451,17.029,18367,360.0,0.0,0.0,359.962,14.526,0.0404,0.0,0.0,6.542,58.0,0.948,15.75,0.0974,1.805,0.655,0.248,0.098,15,1
60,BiLevel,12.3,1.1,5.019,16,0.5101,-3676.847,2002.258,4971,262,-13.46,39.12,-59.86,59.98,-0.7397,0.4429,18.177936553955078,0.8232822418212891,47.498130798339844,39.159873962402344,0.8001735806465149,15.690437316894531,21.831768035888672,2.970914840698242,5.075227737426758,251.1764373779297,0.1,1.2036511898040771,303183,-7.94,20.1,-65.71,47.43,-1.1309,0.5,-3.261732816696167,0.18108728528022766,9.228639602661133,2.296670913696289,0.19419506192207336,3.6786341667175293,0.823777437210083,10.004546165466309,0.05,8122,-13.458756620053887,39.12420807124223,262,-4.910298508719393,-10.40872921316247,0.6189046137922125,0.6482755947822206,0.25765395351788495,0.0940704516998945,-11.796,-4010.737,12.461,17.48,20286,360.0,0.0,0.0,359.931,13.529,0.0376,0.0,0.0,4.385,47.0,1.051,15.99,0.0914,1.74,0.653,0.251,0.097,16,0
61,BiLevel,12.4,1.2,8.463,15,0.4596,-3906.437,2231.991,4971,262,-17.92,41.78,-59.95,59.99,-0.7858,0.4339,17.330249786376953,0.8122698664665222,57.2974739074707,48.98392105102539,0.7493785619735718,14.82181167602539,22.853506088256836,2.732227087020874,2.1541364192962646,178.60328674316406,0.1,1.2069083452224731,308154,-3.63,21.89,-62.41,59.94,-2.354,0.5,-3.1573052406311035,0.18520671129226685,8.348597526550293,1.487917184829712,0.18830204010009766,3.5867676734924316,0.5956010222434998,7.745524883270264,0.05,8384,-17.923635653142743,41.77929011392447,262,-8.743150656474263,-1.222524623964962,0.7065954879641767,0.6489247779830046,0.2575903180663707,0.0934849039506247,-4.037,-1372.547,12.402,20.865,20923,360.0,0.0,0.0,359.954,30.729,0.0854,0.0,0.0,9.45,232.0,0.9893,15.55,0.1028,1.893,0.653,0.25,0.097,12,3
62,BiLevel,12.1,1.1,5.383,14,0.3036,-3591.895,1965.508,4971,262,-20.59,38.92,-59.93,59.98,-0.7226,0.4454,16.661624908447266,0.7788003087043762,44.24040985107422,35.93793869018555,0.8149633407592773,15.241584777832031,20.49214744567871,3.902834177017212,9.065123558044434,206.9345703125,0.1,1.2101155519485474,313125,-5.28,19.34,-63.01,36.17,-1.7683,0.5,-3.1850743293762207,0.18142783641815186,8.727627754211426,1.9370367527008057,0.18106389045715332,3.6092445850372314,1.0696280002593994,6.472291946411133,0.05,8646,-20.5896800411526,38.918764173426624,262,-20.13578699638969,2.257653268073735,0.6790105521272795,0.6492730557358873,0.2576078558441098,0.09311908842000294,-13.426,-4296.25,12.134,17.517,20507,360.0,0.0,0.0,360.019,23.828,0.0662,0.0,0.0,7.401,188.0,1.0499,16.05,0.0824,1.807,0.646,0.261,0.093,11,3
63,BiLevel,13.8,1.3,10.865,11,0.696,-5053.033,3465.529,4971,262,-12.07,46.47,-60.0,60.0,-1.0165,0.3589,15.981317520141602,0.7808247804641724,39.82732009887695,31.549081802368164,0.7538173198699951,14.399430274963379,20.136690139770508,3.5427777767181396,4.184682369232178,169.2615203857422,0.1,1.2132847309112549,318096,-4.86,21.35,-71.98,51.74,-3.1755,0.5,-3.76893949508667,0.191830575466156,8.308143615722656,1.5807013511657715,0.1878078579902649,4.2146992683410645,2.6897003650665283,13.053777694702148,0.05,8908,-12.072571896449004,46.47277969807728,262,-15.14493952299419,3.1961820683981257,0.7536569493058803,0.6522019597861342,0.25501083459210677,0.09278720562175906,-0.915,-256.282,13.151,24.016,21992,360.0,0.0,0.0,408.027,325.704,0.7982,0.0,0.0,2438.309,6415.0,1.038,16.25,0.0817,1.697,0.654,0.249,0.096,8,3
64,BiLevel,12.4,1.1,5.546,16,0.3893,-3373.653,1685.336,4970,262,-18.51,37.9,-59.98,60.0,-0.6788,0.4186,18.619441986083984,0.7767108678817749,42.268333435058594,33.99973678588867,0.8292034864425659,16.74664306640625,21.231870651245117,4.066511154174805,4.525686264038086,176.4632110595703,0.1,1.2164249420166016,323066,-4.69,20.22,-63.68,43.87,-1.4179,0.5,-3.401005744934082,0.17571373283863068,8.48902416229248,1.826927900314331,0.20574408769607544,3.8149466514587402,0.7316164374351501,5.5085978507995605,0.05,9170,-18.510949452064736,37.898621975278495,262,-23.680291162980232,-5.396451754946457,0.6365132460436925,0.6513907842350892,0.2562845955260086,0.09232462023890209,-15.792,-5369.421,12.104,17.65,20042,360.0,0.0,0.0,360.0,14.018,0.0389,0.0,0.0,5.912,43.0,1.1468,16.41,0.0856,1.552,0.658,0.245,0.097,14,2
65,BiLevel,12.1,1.2,7.873,14,0.3839,-3667.292,1981.287,4970,262,-18.97,39.3,-59.84,59.98,-0.7379,0.4371,16.49457359313965,0.7324012517929077,42.82410430908203,34.5884895324707,0.6799647808074951,15.380146980285645,20.573768615722656,4.2560200691223145,4.82538366317749,284.42572021484375,0.1,1.2195123434066772,328036,-4.82,19.09,-64.84,60.34,-2.2677,0.5,-3.384516716003418,0.17389746010303497,8.255121231079102,1.6566184759140015,0.17478035390377045,3.802292823791504,2.6378960609436035,8.204526901245117,0.05,9432,-18.973874005595864,39.296034942277444,262,-22.8924170437612,0.25906166465658914,0.6695621302027356,0.6524174412717757,0.25574297103913346,0.09183958768909078,-9.49,-3036.742,12.254,20.128,20413,360.0,0.0,0.0,359.873,43.267,0.1202,0.0,0.0,12.466,269.0,1.0656,15.6,0.1149,1.758,0.658,0.245,0.097,11,3
66,BiLevel,12.2,1.3,4.738,14,0.8215,-3437.846,1791.386,4971,262,-18.39,38.11,-59.88,59.98,-0.6916,0.4357,16.113388061523438,0.6809009313583374,26.594436645507812,18.37972068786621,0.64720618724823,15.50180435180664,10.49457836151123,4.719329833984375,2.9654653072357178,229.4018096923828,0.1,1.2226017713546753,333007,-3.89,18.77,-54.03,52.62,-1.7966,0.5,-3.5159249305725098,0.18305028975009918,8.172443389892578,1.636812448501587,0.1836409568786621,3.958157539367676,0.3171128034591675,10.332925796508789,0.05,9694,-18.390090431010094,38.10678303384119,262,-13.194361117639039,-1.5825957649632507,0.6439354384723968,0.6522511431934113,0.25580010979560114,0.09194874701098758,-1.771,-566.645,12.186,16.924,19825,360.0,0.0,0.0,359.942,42.787,0.1189,0.0,0.0,11.725,413.0,1.0731,16.08,0.0889,1.714,0.638,0.272,0.09,11,3
67,BiLevel,11.8,1.1,5.697,14,0.6476,-3459.483,1762.945,4971,262,-21.87,36.36,-59.84,59.96,-0.6959,0.429,16.617891311645508,0.7689242362976074,26.236892700195312,18.032222747802734,0.7002589106559753,15.801848411560059,9.28836727142334,4.757354736328125,8.479836463928223,271.0663757324219,0.1,1.2256090641021729,337978,-6.32,19.53,-48.63,53.27,-1.9158,0.5,-3.6193222999572754,0.17590773105621338,7.81019401550293,1.334162950515747,0.1751948893070221,4.0467352867126465,0.7421144247055054,5.277436256408691,0.05,9956,-21.87221743227748,36.36021009574063,262,-2.640133424181688,-12.343240085675529,0.6507464356477533,0.6524672937570546,0.2556857282996915,0.09184697794325393,-8.237,-2635.795,12.062,17.759,21059,360.0,0.0,0.0,360.069,43.074,0.1196,0.0,0.0,9.454,378.0,1.0383,16.7,0.0747,1.491,0.657,0.248,0.095,11,3
68,BiLevel,12.5,1.2,5.343,16,0.5665,-3213.271,1584.468,4970,262,-25.9,36.11,-59.93,59.99,-0.6465,0.4281,16.097959518432617,0.7648998498916626,44.69963836669922,36.5041389465332,0.7780266404151917,15.359125137329102,22.37836456298828,4.5253987312316895,14.623165130615234,171.97845458984375,0.1,1.2285290956497192,342948,-2.96,18.56,-53.42,54.23,-1.2233,0.5,-3.742173433303833,0.17904998362064362,8.327150344848633,1.9087358713150024,0.19634820520877838,4.180187702178955,1.6076351404190063,10.613069534301758,0.05,10218,-25.901720534197583,36.11326634481681,262,-17.48976988808105,-17.57354568211656,0.692032985050775,0.6515200333072575,0.2569229183820234,0.09155704831071901,-18.712,-6362.109,11.82,17.163,21178,360.0,0.0,0.0,360.008,13.453,0.0374,0.0,0.0,5.756,54.0,1.0776,16.24,0.1024,1.474,0.66,0.243,0.097,16,0
69,BiLevel,12.6,1.0,6.561,14,0.6278,-3392.718,1726.47,4970,262,-27.17,36.76,-59.95,59.97,-0.6826,0.4273,14.657251358032227,0.8122736215591431,30.825580596923828,22.647705078125,0.7532280087471008,14.190399169921875,11.94074535369873,5.168423175811768,6.133049011230469,166.19873046875,0.1,1.2314410209655762,347918,-4.11,17.9,-63.74,43.95,-2.0868,0.5,-3.8274407386779785,0.1701304167509079,7.0555901527404785,0.6938787698745728,0.18692079186439514,4.256325721740723,2.8433897495269775,12.234721183776855,0.05,10480,-27.16560282886358,36.76411437167973,262,-17.546319346678885,-20.764254119286413,0.7164116835669376,0.6520011382618961,0.2566206365296918,0.09137822520841207,-18.875,-6417.384,11.972,18.533,21448,360.0,0.0,0.0,360.042,23.526,0.0653,0.0,0.0,7.111,179.0,1.0028,15.97,0.1108,1.529,0.649,0.26,0.091,11,3
70,BiLevel,12.1,1.2,4.627,16,0.478,-3080.882,1470.328,4970,262,-18.1,35.43,-59.93,59.98,-0.6199,0.4131,15.117012023925781,0.6260709166526794,41.85639953613281,33.70545196533203,0.6633867025375366,15.223594665527344,16.169109344482422,5.46041202545166,4.755346775054932,122.51433563232422,0.1,1.2342503070831299,352888,-0.54,18.15,-47.26,58.02,-1.2496,0.5,-3.880448818206787,0.17622482776641846,8.156655311584473,1.8494319915771484,0.18471135199069977,4.328455924987793,2.169717788696289,6.947817802429199,0.05,10742,-18.10292618238935,35.42586947559394,262,-25.28792706077036,-13.06380886215913,0.5949218386417523,0.6509113477626062,0.25800506984575644,0.09108358239163751,-14.524,-4938.293,11.887,16.514,19923,360.0,0.0,0.0,360.038,15.017,0.0417,0.0,0.0,6.569,58.0,1.0458,15.98,0.1054,1.54,0.641,0.269,0.09,14,2
71,BiLevel,12.2,1.1,6.342,16,0.4153,-3569.226,1873.828,4971,262,-15.02,39.37,-59.9,60.0,-0.718,0.4314,15.969282150268555,0.788830578327179,32.881629943847656,24.74461555480957,0.7130725979804993,16.10723876953125,14.281686782836914,6.088071346282959,3.3011014461517334,243.26316833496094,0.1,1.2371352910995483,357859,-1.87,17.38,-55.74,40.85,-1.3939,0.5,-3.964233875274658,0.17451150715351105,7.481405735015869,1.226778268814087,0.18321189284324646,4.407627582550049,1.472785234451294,8.486196517944336,0.05,11004,-15.018105748715225,39.369447402334906,262,-11.582490077928492,-3.9281843627754007,0.6366652248988997,0.6503671238155073,0.259014921846575,0.09061795433791771,-4.839,-1645.199,12.464,18.807,20483,360.0,0.0,0.0,360.0,13.297,0.0369,0.0,0.0,5.763,40.0,0.8527,16.77,0.0765,1.274,0.646,0.264,0.09,15,1
72,BiLevel,12.6,1.3,4.759,15,0.6349,-3365.112,1749.995,4970,262,-26.27,37.58,-59.9,60.0,-0.6771,0.4393,15.637253761291504,0.8440632820129395,35.79596710205078,27.6711483001709,0.7411595582962036,15.885537147521973,16.279401779174805,6.0776872634887695,8.108996391296387,217.39102172851562,0.1,1.2398818731307983,362829,-3.97,16.95,-45.93,46.1,-1.6752,0.5,-3.8574166297912598,0.1708894670009613,7.494030952453613,1.2923296689987183,0.18023641407489777,4.295679569244385,0.6248384118080139,11.944145202636719,0.05,11266,-26.267922151979185,37.58276870036304,262,-18.209772507140507,-3.841227823182156,0.7183781292415219,0.649792654461959,0.25969256684643544,0.0905147786916055,-11.313,-3620.178,12.056,16.815,21456,360.0,0.0,0.0,359.969,13.148,0.0365,0.0,0.0,4.687,46.0,0.796,16.93,0.0868,0.938,0.659,0.245,0.096,12,3
73,BiLevel,13.1,1.0,8.2,12,0.5051,-4957.997,3371.209,4972,262,-14.02,44.77,-60.0,60.0,-0.9972,0.3829,14.22268009185791,0.679600715637207,33.892486572265625,25.791019439697266,0.6933557391166687,15.322626113891602,17.323230743408203,6.648164749145508,7.139183521270752,113.78479766845703,0.1,1.242667555809021,367801,-2.51,18.93,-56.01,48.5,-2.501,0.5,-4.032441139221191,0.18279772996902466,7.357057571411133,1.2065179347991943,0.17399683594703674,4.49678373336792,0.5895916819572449,8.915154457092285,0.05,11528,-14.017161954468534,44.770678517985566,262,-5.692165548864165,-10.843259472282309,0.7331852739974668,0.6518642427169586,0.25785135667187753,0.09028440061116377,-12.009,-3602.734,12.767,20.967,20387,360.0,0.0,0.0,373.581,216.569,0.5797,0.0,0.0,610.756,1986.0,1.0201,15.22,0.1877,0.872,0.659,0.245,0.097,9,3
74,BiLevel,12.1,1.1,6.474,15,0.4877,-3066.002,1438.933,4970,262,-28.47,35.13,-59.95,59.96,-0.6169,0.4025,14.82005500793457,0.6696629524230957,33.62042999267578,25.53834342956543,0.6806586980819702,16.00070571899414,16.030141830444336,6.784458160400391,6.032294273376465,167.56179809570312,0.1,1.2454533576965332,372771,-0.98,17.3,-48.04,40.53,-2.014,0.5,-4.108088493347168,0.17014391720294952,7.481062412261963,1.3800580501556396,0.17546412348747253,4.557793617248535,1.8565031290054321,3.9360575675964355,0.05,11790,-28.46621954121985,35.125973230487325,262,-22.88995104965411,-7.134307398607857,0.7065450548785658,0.6518482456124645,0.2582006176435543,0.08995113674398118,-11.908,-3810.486,11.776,18.25,20708,360.0,0.0,0.0,359.915,13.585,0.0377,0.0,0.0,5.908,40.0,1.04,13.33,0.2837,0.864,0.566,0.355,0.078,12,3
75,BiLevel,13.8,1.2,18.574,11,0.4721,-4685.792,3072.831,4969,262,-15.05,44.09,-60.0,59.99,-0.943,0.3945,14.276782035827637,0.7169011831283569,31.91047477722168,23.847209930419922,0.6794441342353821,14.910679817199707,13.832411766052246,5.751336097717285,3.5102810859680176,223.46961975097656,0.1,1.2482298612594604,377740,-2.57,17.38,-49.23,47.41,-4.2848,0.5,-4.202280521392822,0.17673662304878235,7.345109462738037,1.2907034158706665,0.18530210852622986,4.665866851806641,1.1195497512817383,5.533493518829346,0.05,12052,-15.05429504913499,44.09422943165957,262,-24.47272788850885,-2.3352728690559923,0.7273603516738112,0.6567659674995834,0.25427389199342276,0.08896014050699376,-7.298,-2043.495,12.764,31.338,23129,360.0,0.0,0.0,402.588,244.495,0.6073,0.0,0.0,2368.557,5672.0,1.0631,9.83,0.4466,1.11,0.472,0.463,0.065,8,3
76,BiLevel,12.1,1.3,4.073,15,0.515,-3238.126,1543.528,4971,262,-21.64,35.01,-59.92,59.95,-0.6514,0.4091,15.783263206481934,0.6656336784362793,26.842205047607422,18.797161102294922,0.691664457321167,16.967863082885742,12.340904235839844,6.931491374969482,6.084856033325195,156.9747314453125,0.1,1.2509511709213257,382711,-1.17,17.41,-42.37,52.24,-0.658,0.5,-4.246044158935547,0.1786523163318634,6.944859504699707,0.9379575848579407,0.177190363407135,4.711573123931885,1.6500433683395386,6.350514888763428,0.05,12314,-21.63813411367162,35.00905493839558,262,-29.556669680225223,-18.36730057746172,0.6224162012961858,0.6560339359526399,0.2551346322877262,0.08883143175963396,-20.246,-6883.479,11.78,15.854,18804,360.0,0.0,0.0,360.138,15.789,0.0438,0.0,0.0,5.966,52.0,1.0044,11.34,0.2953,1.688,0.46,0.478,0.062,15,0
77,BiLevel,12.5,1.2,4.145,15,0.4557,-3178.642,1542.854,4970,262,-17.24,36.5,-59.97,59.97,-0.6396,0.4189,14.588730812072754,0.6382762789726257,30.083457946777344,22.059127807617188,0.661278486251831,16.525657653808594,13.939366340637207,7.784731864929199,3.9605648517608643,132.56346130371094,0.1,1.2536596059799194,387681,-0.76,17.28,-47.31,54.06,-0.7641,0.5,-4.374961853027344,0.17606042325496674,6.89190673828125,0.9317868947982788,0.18149563670158386,4.848984718322754,2.9875850677490234,5.288382053375244,0.05,12576,-17.2438147509197,36.49833971471371,262,-23.247518444688694,-4.075923432958754,0.6007883014986872,0.6553622549478122,0.2559816061297583,0.08865613892242943,-10.855,-3690.754,12.021,16.166,20955,360.0,0.0,0.0,359.9,14.655,0.0407,0.0,0.0,5.943,54.0,0.9637,14.2,0.1337,1.861,0.464,0.473,0.063,14,1
78,BiLevel,12.2,1.3,7.305,15,0.3088,-3197.914,1511.663,4971,262,-17.8,36.64,-59.94,60.0,-0.6433,0.4185,14.645776748657227,0.6991504430770874,28.680238723754883,20.668426513671875,0.7126290798187256,16.713851928710938,11.368400573730469,7.920928478240967,3.6957995891571045,163.17237854003906,0.1,1.2563213109970093,392652,-4.82,16.8,-63.97,49.56,-2.1022,0.5,-4.343244552612305,0.18766185641288757,6.902976989746094,0.9891208410263062,0.17170250415802002,4.844490051269531,1.0618079900741577,3.30991530418396,0.05,12838,-17.799426572992004,36.64236480345195,262,-13.66603153849903,-4.2238518567461725,0.6077868851761096,0.6556385425310192,0.2562054851668035,0.08815597230217724,-9.835,-3147.111,12.037,19.342,21602,360.0,0.0,0.0,359.992,41.408,0.115,0.0,0.0,7.63,391.0,0.9068,13.85,0.1214,2.167,0.622,0.294,0.084,12,3
79,BiLevel,12.1,1.2,5.457,14,0.6974,-3020.967,1396.03,4971,262,-25.08,33.82,-59.9,59.99,-0.6077,0.3977,13.704707145690918,0.7185260057449341,22.195322036743164,14.201214790344238,0.6948166489601135,15.072122573852539,8.315852165222168,7.2579522132873535,4.6492438316345215,137.01077270507812,0.1,1.2589043378829956,397623,-0.76,17.3,-52.58,48.03,-1.9049,0.5,-4.350131511688232,0.17222875356674194,7.476663589477539,1.6073882579803467,0.1713021993637085,4.830041885375977,3.1899359226226807,13.526296615600586,0.05,13100,-25.078647948646392,33.82474907656292,262,-27.01849239174473,-10.06798889401712,0.6378941054765602,0.6557257555915789,0.25613520375423254,0.08813904065418866,-17.416,-5573.139,11.615,17.072,20278,360.0,0.0,0.0,360.019,18.458,0.0513,0.0,0.0,6.653,134.0,0.9171,14.42,0.0851,2.16,0.635,0.28,0.085,11,3
80,BiLevel,12.4,1.2,3.849,16,0.5045,-2683.912,1137.305,4971,262,-16.98,33.29,-59.86,59.96,-0.5399,0.3823,12.905741691589355,0.7078116536140442,25.322336196899414,17.3439998626709,0.6940850019454956,15.107083320617676,9.99860954284668,7.721926689147949,3.027353286743164,176.36880493164062,0.1,1.2615110874176025,402594,0.66,17.52,-43.43,58.13,-1.1101,0.5,-4.595480442047119,0.1804037094116211,7.887301445007324,2.060295820236206,0.2067062109708786,5.091434478759766,6.918172359466553,7.082060813903809,0.05,13362,-16.980140161178397,33.29409523330442,262,-20.463927284981075,-7.269077686494901,0.5461298655220653,0.6544503720063319,0.25759211023060624,0.08795751776306193,-8.948,-2863.239,11.647,15.496,19004,360.0,0.0,0.0,360.05,15.582,0.0433,0.0,0.0,6.786,58.0,1.0202,13.65,0.0952,2.387,0.656,0.256,0.088,14,2
81,BiLevel,13.4,1.4,14.106,11,0.5625,-4684.947,3038.677,4970,262,-13.06,43.13,-59.95,59.98,-0.9426,0.3919,13.477338790893555,0.6648678779602051,34.8983154296875,26.9466609954834,0.6130133867263794,15.733181953430176,19.28117561340332,8.250869750976562,8.297779083251953,100.66824340820312,0.1,1.2639714479446411,407564,-3.08,15.82,-52.94,61.29,-3.7873,0.5,-4.484628677368164,0.18500736355781555,7.550938129425049,1.7675933837890625,0.17909692227840424,4.998709678649902,6.078867435455322,5.325494766235352,0.05,13624,-13.060159176595555,43.13475665846856,262,-13.194435204330242,-9.583815584723887,0.692247327804136,0.6579374941386142,0.25466810276805,0.08739440309333565,-9.383,-2439.515,12.73,26.836,21928,360.0,0.0,0.0,399.008,209.161,0.5242,0.0,0.0,2305.874,5305.0,1.1363,14.05,0.0733,2.372,0.654,0.258,0.088,8,3
82,BiLevel,12.1,1.3,4.529,14,0.3417,-2914.623,1287.657,4969,262,-22.19,34.01,-59.97,59.99,-0.5866,0.395,14.445921897888184,0.7704755663871765,33.38908004760742,25.428510665893555,0.8497202396392822,16.18088150024414,17.87759017944336,7.791712284088135,5.600332736968994,192.2511749267578,0.1,1.2664456367492676,412533,0.99,17.4,-55.34,55.72,-0.9834,0.5,-4.497231483459473,0.17273975908756256,6.456608772277832,0.7105594873428345,0.19405251741409302,4.992592811584473,1.4226953983306885,11.75809097290039,0.05,13886,-22.194234135515895,34.00870972932845,262,-15.639559402591306,-6.726082705627931,0.6078548513186343,0.6579440146901184,0.2548624156930359,0.08719356961684574,-9.827,-3144.496,11.753,16.282,20177,360.0,0.0,0.0,359.992,14.322,0.0398,0.0,0.0,6.599,55.0,1.0749,14.5,0.0645,2.282,0.658,0.255,0.087,14,0
83,BiLevel,12.3,1.2,4.802,14,0.6179,-2687.41,1159.43,4971,262,-16.68,34.49,-59.95,60.0,-0.5406,0.3824,14.635330200195312,0.816382646560669,29.532577514648438,21.593629837036133,0.8007698655128479,17.0897216796875,14.752433776855469,8.620569229125977,3.5773396492004395,221.18621826171875,0.1,1.2688060998916626,417504,-1.43,17.45,-49.52,48.33,-1.7349,0.5,-4.686049461364746,0.19079728424549103,7.606398582458496,1.8976314067840576,0.17178845405578613,5.222733497619629,1.5723751783370972,6.245234966278076,0.05,14148,-16.68281237501145,34.49457212744021,262,-11.67755176926914,-18.10374357167043,0.5630305466877218,0.6578822824098836,0.2549465340887988,0.08717118350131764,-13.669,-4100.813,11.781,16.582,19905,360.0,0.0,0.0,359.969,28.21,0.0784,0.0,0.0,8.454,259.0,1.0851,15.36,0.0572,2.121,0.658,0.255,0.087,11,3
84,BiLevel,12.7,1.3,5.452,14,0.5597,-2660.593,1085.503,4969,262,-20.01,32.86,-59.92,59.95,-0.5354,0.3638,13.249079704284668,0.8431880474090576,36.732242584228516,28.81156349182129,0.770332932472229,15.658709526062012,22.04702377319336,8.481050491333008,6.08325719833374,320.88458251953125,0.1,1.27112877368927,422473,-1.86,16.83,-69.14,61.19,-1.846,0.5,-4.554764747619629,0.18559673428535461,7.565816879272461,1.898833990097046,0.18352214992046356,5.096853256225586,5.64715051651001,15.280038833618164,0.05,14410,-20.01259620643329,32.85502856594622,262,-9.582484863149492,2.367440874011895,0.5677132442599193,0.6580212920098503,0.2549138606210491,0.0870648473691006,-1.208,-386.536,11.706,17.159,20613,360.0,0.0,0.0,360.042,20.95,0.0582,0.0,0.0,6.122,171.0,1.0675,15.49,0.0665,2.016,0.66,0.252,0.088,11,3
85,BiLevel,12.8,1.4,3.713,14,0.436,-2544.567,976.831,4969,262,-24.93,30.68,-59.89,59.96,-0.5121,0.3399,11.29045581817627,0.8360139727592468,39.8360595703125,31.935352325439453,0.694108247756958,14.251198768615723,20.610488891601562,8.575961112976074,9.921499252319336,136.41673278808594,0.1,1.2733922004699707,427442,-1.56,17.1,-60.09,54.88,-0.8513,0.5,-4.591770648956299,0.17016103863716125,7.35752534866333,1.7296127080917358,0.18959730863571167,5.108347415924072,4.299928188323975,12.328042030334473,0.05,14672,-24.925808928453346,30.682243019001415,262,-22.16528813995813,-13.774998646013831,0.5902611168939689,0.6577670727740369,0.2552439265580813,0.08698900066788179,-16.781,-5034.162,11.418,15.131,19866,360.0,0.0,0.0,360.0,14.385,0.04,0.0,0.0,5.256,54.0,1.065,15.75,0.0673,1.888,0.66,0.251,0.089,15,0
86,BiLevel,12.3,1.3,3.838,13,0.4564,-2248.906,723.692,4971,262,-20.62,28.69,-59.98,58.98,-0.4524,0.2834,9.593162536621094,0.8797116875648499,26.678945541381836,18.780521392822266,0.8422631025314331,13.372323036193848,15.27245044708252,9.440414428710938,4.125960350036621,160.45639038085938,0.1,1.2756237983703613,432413,-0.98,17.23,-58.34,50.98,-1.5572,0.5,-4.647895812988281,0.17318113148212433,6.677186965942383,1.0869057178497314,0.1774350255727768,5.176942825317383,6.680070400238037,5.322481632232666,0.05,14934,-20.623835899806977,28.692662082320727,262,-13.04970529702933,-18.134192671567988,0.507395538579001,0.6580370111312444,0.2549771541422262,0.08698583472652946,-12.662,-3798.492,11.178,15.016,19227,360.0,0.0,0.0,360.015,16.584,0.0461,0.0,0.0,6.656,78.0,1.1263,16.18,0.0657,1.705,0.661,0.249,0.089,10,3
87,BiLevel,12.2,1.3,5.242,15,0.5286,-2203.518,717.601,4970,262,-8.97,31.97,-59.98,58.68,-0.4434,0.3072,8.862027168273926,0.8484718799591064,30.827638626098633,22.957204818725586,0.7744101285934448,12.346942901611328,16.135543823242188,8.742851257324219,5.527706623077393,138.5525665283203,0.1,1.2776862382888794,437383,-2.24,16.78,-56.87,51.44,-1.187,0.5,-4.720876693725586,0.20330598950386047,7.148309707641602,1.5937550067901611,0.20644503831863403,5.31508207321167,1.0393935441970825,3.8595046997070312,0.05,15196,-8.974999763391597,31.969938003135642,262,1.1499471911866415,-8.14230641503083,0.46437918873572476,0.6576383126116032,0.2555522728806909,0.08680941450770588,1.032,309.675,11.836,17.078,20296,360.0,0.0,0.0,360.031,12.748,0.0354,0.0,0.0,4.882,51.0,1.1396,16.81,0.063,1.462,0.663,0.246,0.091,15,0
88,BiLevel,13.9,1.4,10.737,11,0.4117,-2253.839,800.475,4970,262,-6.36,34.35,-59.99,59.94,-0.4535,0.3373,8.694622039794922,0.9474802613258362,23.52396583557129,15.6736421585083,0.7848855257034302,11.821449279785156,10.943123817443848,8.54903507232666,9.54916763305664,162.99539184570312,0.1,1.2796945571899414,442353,-2.42,17.63,-54.5,54.09,-3.0749,0.5,-4.786099910736084,0.19020527601242065,6.911007404327393,1.3912436962127686,0.16301000118255615,5.356154441833496,2.8252334594726562,3.24153995513916,0.05,15458,-6.362233595345057,34.35392170798432,262,4.07467342422981,-0.3624771130712411,0.5046313870121886,0.6601828468035785,0.25342330424442444,0.08639384895199716,0.829,215.42,12.115,22.852,22435,360.0,0.0,0.0,397.373,111.313,0.2801,0.0,0.0,2209.832,4971.0,1.0965,16.72,0.0829,1.25,0.666,0.242,0.092,8,3
89,BiLevel,12.3,1.3,3.794,14,0.5449,-2058.142,667.915,4970,262,-13.12,31.26,-59.93,59.32,-0.4141,0.3007,9.218181610107422,0.929163932800293,43.370849609375,35.541927337646484,0.7486594915390015,12.660295486450195,29.017122268676758,8.971303939819336,6.294003486633301,197.0874786376953,0.1,1.2817405462265015,447323,-1.29,18.56,-55.06,57.45,-1.1505,0.5,-4.852297782897949,0.19671215116977692,7.645591735839844,2.1600918769836426,0.17765529453754425,5.439552307128906,7.9410080909729,12.51224422454834,0.05,15720,-13.120150942774396,31.256503847363764,262,-2.7111893409176875,-7.7308785830673425,0.48140898440682484,0.6598907439240239,0.25371746336835294,0.08639179270762311,-5.919,-1775.725,11.494,15.288,20075,360.0,0.0,0.0,360.096,16.805,0.0467,0.0,0.0,5.756,57.0,1.0999,17.23,0.0809,0.841,0.668,0.24,0.092,12,2
90,BiLevel,12.1,1.3,3.956,14,0.3795,-2095.704,657.262,4970,262,-16.8,34.39,-59.95,59.23,-0.4217,0.2876,7.6015543937683105,0.7003978490829468,22.983020782470703,15.182111740112305,0.6506679058074951,11.672867774963379,8.826698303222656,9.265663146972656,4.147662162780762,135.91213989257812,0.1,1.2835218906402588,452293,-0.71,16.51,-58.03,47.17,-1.138,0.5,-4.913209915161133,0.19000568985939026,6.851381778717041,1.3994178771972656,0.15864813327789307,5.49132776260376,6.400525093078613,4.292347431182861,0.05,15982,-16.798450062991357,34.389339042050075,262,-8.597058771472229,-15.871335554122922,0.5621627436428703,0.6597236477572166,0.2540092432323583,0.08626710901042513,-10.435,-3130.397,11.607,15.563,18893,360.0,0.0,0.0,360.119,14.549,0.0404,0.0,0.0,5.061,47.0,1.0575,14.67,0.2167,0.967,0.67,0.237,0.093,12,2
91,BiLevel,12.7,1.2,6.769,12,0.4451,-2221.903,732.515,4970,262,-11.74,33.65,-59.88,59.83,-0.4471,0.3098,7.290719032287598,0.9137104749679565,21.219009399414062,13.432657241821289,0.709609866142273,11.704136848449707,9.798169136047363,9.58475399017334,3.2335703372955322,127.56310272216797,0.1,1.2852452993392944,457263,-0.92,16.28,-51.4,52.63,-2.354,0.5,-4.943597793579102,0.1924702376127243,7.24329137802124,1.825425386428833,0.16276535391807556,5.528816223144531,8.575221061706543,2.8425791263580322,0.05,16244,-11.744864279042996,33.64860711681839,262,-8.92409643566138,-11.241497761324831,0.5143700341098618,0.6612079312544162,0.25265588117138676,0.08613618757419705,-7.968,-2390.468,11.8,18.569,21258,360.0,0.0,0.0,364.377,63.466,0.1742,0.0,0.0,90.027,616.0,0.9611,13.04,0.2717,1.377,0.544,0.385,0.071,9,3
92,BiLevel,12.5,1.1,6.473,12,0.427,-2572.667,976.589,4971,262,-18.95,32.87,-59.98,58.94,-0.5175,0.348,9.524559020996094,0.8598847389221191,26.664913177490234,18.88930892944336,0.7657539248466492,13.054887771606445,11.684713363647461,9.097820281982422,4.073441505432129,298.3456726074219,0.1,1.2870668172836304,462234,-0.32,17.49,-44.35,66.34,-2.3706,0.5,-5.028711795806885,0.18694739043712616,7.033512115478516,1.6472980976104736,0.16338074207305908,5.5965046882629395,7.703908443450928,10.883342742919922,0.05,16506,-18.94545391410832,32.868894063914524,262,-16.45581340432951,-13.893612191786891,0.5545701383429987,0.662613512936774,0.2513733832206824,0.08601310384254372,-13.463,-3769.617,11.542,18.015,20679,360.0,0.0,0.0,360.181,90.095,0.2501,0.0,0.0,77.271,594.0,0.7642,15.4,0.111,1.218,0.491,0.445,0.064,9,3
93,BiLevel,11.5,1.0,3.977,15,0.5549,-2437.07,893.372,4969,262,-21.4,29.87,-59.81,58.89,-0.4905,0.3365,9.096991539001465,0.8316658735275269,29.106201171875,21.351863861083984,0.6959133744239807,12.721076011657715,17.08773422241211,9.323188781738281,3.5521202087402344,184.93682861328125,0.1,1.2887811660766602,467203,-3.54,17.29,-81.37,60.05,-1.1618,0.5,-5.1100239753723145,0.18748041987419128,6.525810241699219,1.1691360473632812,0.1629868596792221,5.679066181182861,10.715895652770996,6.190199851989746,0.05,16768,-21.400362366001882,29.86592280924925,262,-18.286757146331826,-18.43005525689376,0.5303173559816998,0.6618712662767102,0.25218372570034636,0.08594500802294339,-17.535,-5260.502,11.234,15.211,19369,360.0,0.0,0.0,359.942,12.514,0.0348,0.0,0.0,3.897,60.0,0.6615,13.63,0.1565,1.352,0.652,0.264,0.085,13,2
94,BiLevel,12.1,1.3,7.956,15,0.4358,-2254.521,776.631,4970,262,-17.62,31.19,-59.91,59.97,-0.4536,0.3139,7.782777786254883,0.8308585286140442,19.02027130126953,11.282529830932617,0.6872570514678955,12.666641235351562,8.247931480407715,10.332707405090332,6.976132392883301,145.49119567871094,0.1,1.2903156280517578,472173,-0.86,16.2,-54.32,44.13,-2.2588,0.5,-5.114688396453857,0.1803167462348938,7.527408599853516,2.2016618251800537,0.16610446572303772,5.663546562194824,3.925686836242676,15.7678804397583,0.05,17030,-17.61633976504724,31.19147067327008,262,-13.357856506893512,-13.323530154165468,0.5176831417172909,0.6621734141641322,0.2522759785114781,0.08555060732438968,-9.447,-2834.152,11.49,19.446,20325,360.0,0.0,0.0,360.0,14.13,0.0392,0.0,0.0,5.015,44.0,0.6537,11.42,0.1562,1.527,0.606,0.316,0.079,12,3
95,BiLevel,12.3,1.1,6.462,15,0.4708,-2274.142,769.77,4970,262,-16.65,32.99,-59.9,59.97,-0.4576,0.3077,6.520752429962158,0.6852108836174011,24.772293090820312,17.06329917907715,0.5808484554290771,11.311649322509766,14.661386489868164,9.439872741699219,5.575379848480225,159.2178497314453,0.1,1.2919038534164429,477143,-1.27,16.58,-48.89,38.73,-1.5772,0.5,-5.2467498779296875,0.17165133357048035,6.7110490798950195,1.4114443063735962,0.177084282040596,5.784820556640625,1.8337149620056152,15.47784423828125,0.05,17292,-16.648313941700867,32.98699193060843,262,-11.981513580836747,-12.56073699256307,0.5401909795314743,0.6620900848466849,0.25263339827411885,0.08527651687919643,-9.419,-2825.789,11.556,18.018,20676,360.0,0.0,0.0,359.912,12.671,0.0352,0.0,0.0,5.023,38.0,0.6274,5.63,0.16,2.036,0.606,0.315,0.078,13,2
96,BiLevel,12.1,1.3,4.896,14,0.4379,-2373.364,805.719,4970,262,-27.45,29.15,-59.98,59.07,-0.4775,0.3056,7.569955825805664,0.8274669647216797,27.466751098632812,19.765697479248047,0.7072889804840088,12.010231971740723,16.530200958251953,9.464273452758789,5.298349857330322,143.11256408691406,0.1,1.2933716773986816,482113,-0.93,17.08,-51.57,46.16,-1.3068,0.5,-5.250500679016113,0.15668714046478271,6.480860710144043,1.2117035388946533,0.19375905394554138,5.755105495452881,3.7665977478027344,8.131321907043457,0.05,17554,-27.447359730505294,29.154663667109048,262,-18.985284238269454,-24.616531296152818,0.5943621856909694,0.6621190842223355,0.25273955097834094,0.08514136479932362,-21.419,-6854.172,11.124,16.02,19443,360.0,0.0,0.0,360.042,12.858,0.0357,0.0,0.0,5.439,46.0,0.5562,4.41,0.0673,2.03,0.602,0.32,0.078,12,2
97,BiLevel,12.5,1.2,4.186,14,0.5525,-2269.708,751.275,4970,262,-16.42,32.33,-59.92,59.16,-0.4567,0.3048,7.168059825897217,0.9131494760513306,22.157920837402344,14.472986221313477,0.7169028520584106,12.48005199432373,10.727856636047363,11.047513008117676,2.9540913105010986,214.4726104736328,0.1,1.2947111129760742,487083,-0.99,16.9,-56.78,51.54,-1.2255,0.5,-5.39178991317749,0.16715916991233826,7.124645709991455,1.8829561471939087,0.17541076242923737,5.927307605743408,3.509783983230591,23.205968856811523,0.05,17816,-16.42205427423142,32.3336995537595,262,-16.435417055456263,-22.270674181455057,0.5282278111208131,0.6619213615142941,0.25295251429469595,0.08512612419100986,-13.021,-3906.416,11.57,15.756,19524,360.0,0.0,0.0,360.042,12.846,0.0357,0.0,0.0,5.21,51.0,0.5454,5.07,0.0526,1.967,0.662,0.253,0.085,12,2
98,BiLevel,12.2,1.3,4.248,14,0.5089,-2326.439,765.435,4971,262,-22.74,30.82,-59.97,58.24,-0.468,0.3029,7.437892436981201,0.8201377391815186,23.43134307861328,15.769259452819824,0.6486769914627075,12.368584632873535,13.686647415161133,10.334905624389648,6.8159284591674805,122.8912353515625,0.1,1.2959307432174683,492054,-2.74,18.96,-59.62,50.23,-1.0319,0.5,-5.417476177215576,0.17317073047161102,6.77736759185791,1.5648784637451172,0.1689872443675995,5.97440767288208,3.070071220397949,6.763314723968506,0.05,18078,-22.742123178327226,30.81779755390942,262,-18.01661390897475,-18.731147086620332,0.5663359949364406,0.6617610783643019,0.2531601173730826,0.08507880426261548,-18.089,-5426.641,11.377,15.625,20192,360.0,0.0,0.0,360.054,13.733,0.0381,0.0,0.0,5.198,50.0,0.5022,5.98,0.0504,1.954,0.662,0.253,0.085,13,1
99,BiLevel,13.0,1.3,6.158,11,0.4596,-3126.763,1342.425,4970,262,-24.36,33.1,-59.92,59.93,-0.6291,0.3577,7.307395935058594,0.7297046184539795,27.91923713684082,20.268856048583984,0.6973888278007507,11.670737266540527,15.552583694458008,9.258543968200684,3.7279698848724365,115.99565887451172,0.1,1.2971034049987793,497024,-2.89,16.23,-57.37,47.09,-2.1943,0.5,-5.567193508148193,0.17139282822608948,6.564560413360596,1.3774354457855225,0.20032988488674164,6.107945442199707,0.6919976472854614,5.188558578491211,0.05,18340,-24.359737590643423,33.10281581957975,262,-12.562422678011812,-20.935728810335462,0.6153954848849779,0.6630244697748159,0.2519701699976146,0.08500536022756949,-15.055,-3914.299,11.361,17.519,21053,360.0,0.0,0.0,378.092,177.269,0.4689,0.0,0.0,917.733,2417.0,0.6223,7.07,0.0501,1.916,0.662,0.253,0.085,8,3
100,BiLevel,12.3,1.3,4.11,14,0.515,-2165.338,712.789,4969,262,-22.21,31.15,-60.0,57.79,-0.4358,0.308,6.565586566925049,0.7940617203712463,24.61052131652832,16.983135223388672,0.6636561155319214,12.409786224365234,15.954248428344727,11.317180633544922,11.80409049987793,132.763916015625,0.1,1.2981902360916138,500000,-1.48,17.89,-48.05,45.97,-0.9489,0.5,-5.52911901473999,0.16313691437244415,6.715083599090576,1.557212471961975,0.1609652042388916,6.0628886222839355,1.8620017766952515,9.950174331665039,0.05,18602,-22.20885602158807,31.151775435771437,262,-12.430017672400727,-12.674432363792471,0.5643769199344825,0.6628246361371798,0.2522040943537012,0.084971269509119,-14.884,-4465.217,11.44,15.55,19750,360.0,0.0,0.0,360.0,14.288,0.0397,0.0,0.0,5.466,45.0,0.6537,8.12,0.05,1.881,0.663,0.252,0.085,16,0
101,BiLevel,11.9,1.3,5.318,12,0.5996,-2415.199,868.498,4970,262,-18.49,33.21,-59.96,59.01,-0.486,0.3203,7.041844367980957,0.6978219151496887,20.347652435302734,12.738245010375977,0.6715038418769836,12.458375930786133,11.398567199707031,10.900495529174805,5.385753154754639,115.61036682128906,0.1,1.2992205619812012,500000,-1.54,16.74,-65.29,45.12,-1.9668,0.5,-5.65730094909668,0.17236913740634918,6.554091930389404,1.421809196472168,0.16012924909591675,6.20582389831543,0.99830162525177,6.0322394371032715,0.05,18864,-18.492782796168292,33.21219171326822,262,-13.267870658792948,-14.36520152470391,0.5589158988080326,0.6638074809791138,0.2511530904047382,0.08503942861614798,-9.925,-2778.907,11.45,16.767,20669,360.0,0.0,0.0,362.031,68.427,0.189,0.0,0.0,51.065,404.0,0.5362,9.04,0.05,1.888,0.663,0.252,0.085,9,3
102,BiLevel,13.0,1.1,6.31,14,0.4242,-1967.76,621.1,4970,262,-8.11,35.25,-59.96,59.42,-0.3959,0.2868,6.505626201629639,0.6680194139480591,23.704113006591797,16.124319076538086,0.5676918029785156,12.408088684082031,13.742355346679688,10.92577838897705,4.892901420593262,95.16950225830078,0.1,1.3003582954406738,500000,-2.31,16.61,-64.26,48.3,-1.6159,0.5,-5.659029483795166,0.16828031837940216,6.732244491577148,1.626097321510315,0.17349812388420105,6.202481746673584,2.5815987586975098,6.442497253417969,0.05,19126,-8.10572631568901,35.251976094885975,262,-5.6151447233400855,-9.862608478904555,0.527514776667412,0.6641659031354024,0.25101763001996785,0.08481646684462975,0.743,223.014,12.048,18.357,21132,360.0,0.0,0.0,360.0,12.544,0.0348,0.0,0.0,4.466,48.0,0.675,10.1,0.05,1.848,0.664,0.251,0.085,12,2
103,BiLevel,12.1,1.4,5.199,14,0.5194,-2137.765,717.911,4970,262,-15.75,33.57,-59.91,59.81,-0.4301,0.3065,5.849518299102783,0.680995762348175,18.885334014892578,11.326421737670898,0.5370008945465088,11.670927047729492,10.98226547241211,10.351733207702637,10.862130165100098,108.429443359375,0.1,1.3013509511947632,500000,-0.97,17.87,-62.19,48.75,-1.7842,0.5,-5.731964111328125,0.16739727556705475,5.940803527832031,0.8587303161621094,0.14826181530952454,6.273128032684326,0.7958883047103882,4.449374198913574,0.05,19388,-15.752530370154972,33.57237920325393,262,-0.5490221946255156,-15.435057687288838,0.5416163762118583,0.6642165342711296,0.2510612875243403,0.08472217820453007,-8.177,-2453.104,11.578,16.776,18935,360.0,0.0,0.0,359.923,13.151,0.0365,0.0,0.0,5.695,48.0,0.6613,11.1,0.05,1.824,0.664,0.251,0.085,11,3
104,BiLevel,12.6,1.5,4.028,14,0.483,-2191.96,742.055,4969,262,-15.35,33.3,-59.97,59.71,-0.4411,0.3039,6.663197994232178,0.7148505449295044,34.054176330566406,26.50044822692871,0.6663116216659546,12.496649742126465,15.611358642578125,10.973837852478027,3.9387593269348145,183.48916625976562,0.1,1.3020199537277222,500000,-1.4,17.56,-51.86,53.36,-1.5416,0.5,-5.724493980407715,0.1646806001663208,6.121149063110352,1.0654876232147217,0.15573599934577942,6.2632598876953125,3.2685546875,4.3169708251953125,0.05,19650,-15.348712837393268,33.30482496963057,262,-5.40154827115567,-19.61392516431055,0.5353432434953126,0.6640103528701017,0.2513151255791209,0.08467452155077744,-10.678,-3203.295,11.61,15.638,20182,360.0,0.0,0.0,359.927,14.272,0.0397,0.0,0.0,5.29,53.0,0.6097,12.04,0.05,1.818,0.664,0.251,0.085,11,3
105,BiLevel,12.2,1.4,4.265,15,0.5143,-2132.55,686.191,4970,262,-13.24,34.12,-59.94,59.95,-0.4291,0.301,6.197642803192139,0.674065113067627,24.025827407836914,16.494489669799805,0.6055298447608948,12.253942489624023,13.538350105285645,10.878554344177246,1.9165204763412476,254.4709930419922,0.1,1.302258014678955,500000,-0.36,15.44,-49.62,50.94,-0.9802,0.5,-5.872537136077881,0.17852866649627686,6.729248046875,1.6983104944229126,0.1847497522830963,6.437490463256836,8.166157722473145,16.320968627929688,0.05,19912,-13.237725521158614,34.11519241354895,262,-4.35069106001603,-16.678662109061293,0.5348026784835976,0.6633882876304984,0.25203693979773695,0.08457477257176467,-9.031,-2709.264,11.573,15.838,19710,360.0,0.0,0.0,360.019,12.291,0.0341,0.0,0.0,4.989,50.0,0.598,12.98,0.05,1.812,0.664,0.251,0.085,16,0
106,BiLevel,13.0,1.3,12.779,11,0.4359,-2862.99,1127.882,4968,262,-26.17,32.88,-59.99,59.97,-0.5763,0.3532,5.880934715270996,0.7101995348930359,22.909812927246094,15.399559020996094,0.5986870527267456,11.821344375610352,12.261253356933594,11.02003002166748,3.2740347385406494,83.73399353027344,0.1,1.302742600440979,500000,-0.65,16.95,-45.89,54.71,-3.5045,0.5,-5.8690619468688965,0.16355617344379425,6.745151042938232,1.7352304458618164,0.18624044954776764,6.401411056518555,5.182583808898926,19.703508377075195,0.05,20174,-26.169466203568284,32.87786653592215,262,-20.368492903207475,-18.680871250127495,0.6353775917171377,0.6661354441222315,0.24975656990665324,0.08410798597111527,-20.989,-5457.086,11.525,24.304,22366,360.0,0.0,0.0,377.765,130.847,0.3464,0.0,0.0,897.637,2404.0,0.6852,14.01,0.0501,1.78,0.663,0.252,0.085,8,3
107,BiLevel,13.0,1.2,4.107,14,0.3852,-2312.029,803.952,4969,262,-22.17,31.7,-59.99,59.5,-0.4653,0.3106,5.566802978515625,0.6070206761360168,21.234819412231445,13.747629165649414,0.5423403382301331,11.625449180603027,10.501062393188477,10.970032691955566,2.536696434020996,128.87400817871094,0.1,1.3029838800430298,500000,-1.63,17.37,-53.23,51.04,-0.9756,0.5,-5.888774394989014,0.15557298064231873,6.725000858306885,1.7396217584609985,0.16065029799938202,6.413231372833252,3.2144768238067627,12.99719524383545,0.05,20436,-22.167720057521578,31.699471004807275,262,-20.09298962887965,-18.302214504484283,0.5737027865780912,0.6659860718906012,0.2500163465498278,0.08399758155957093,-16.645,-4993.497,11.372,15.479,19044,360.0,0.0,0.0,360.019,14.01,0.0389,0.0,0.0,5.057,51.0,0.5622,14.86,0.0502,1.776,0.666,0.25,0.084,13,1
108,BiLevel,12.4,1.2,5.867,12,0.7126,-2110.262,744.756,4969,262,-11.08,35.82,-59.74,59.12,-0.4247,0.3346,6.227232456207275,0.7001080513000488,34.28715515136719,26.817514419555664,0.5684986114501953,12.232495307922363,25.565685272216797,11.211421012878418,4.0214385986328125,133.40524291992188,0.1,1.302978754043579,500000,-1.97,18.49,-63.53,67.94,-2.1018,0.5,-6.061858654022217,0.16660219430923462,5.580042362213135,0.6169871687889099,0.2012338638305664,6.611112117767334,1.3596524000167847,5.103503227233887,0.05,20698,-11.077734846799432,35.82451972259445,262,-7.321568260694805,-19.38672716841102,0.5540032282922067,0.667000350066671,0.24889279529191724,0.08410685464141161,-7.043,-1831.139,12.01,17.877,21527,360.0,0.0,0.0,362.123,66.191,0.1828,0.0,0.0,79.248,397.0,0.596,15.77,0.0505,1.731,0.666,0.25,0.084,9,3
109,BiLevel,11.7,1.2,4.782,14,0.5308,-2118.321,684.524,4971,262,-23.86,31.22,-59.87,59.8,-0.4261,0.2851,5.790780544281006,0.6060537695884705,16.73514175415039,9.282352447509766,0.5973127484321594,12.444354057312012,8.013503074645996,11.709471702575684,4.894189357757568,116.53150939941406,0.1,1.302844524383545,500000,-1.52,18.55,-55.47,52.82,-1.0994,0.5,-6.143721103668213,0.15290053188800812,5.486572742462158,0.5443713068962097,0.1560313105583191,6.6603569984436035,18.947237014770508,2.2533457279205322,0.05,20960,-23.85611498672189,31.21566183400002,262,-6.392003327137546,-22.229316619509145,0.589111614957721,0.666935186064812,0.24901521050886272,0.08404960342632538,-16.531,-5289.936,11.141,15.922,20514,360.0,0.0,0.0,359.877,14.766,0.041,0.0,0.0,5.687,52.0,0.601,16.58,0.0524,1.614,0.67,0.243,0.086,15,0
110,BiLevel,12.0,1.1,5.676,14,0.4692,-2241.605,761.107,4971,262,-25.97,31.36,-59.94,59.77,-0.4509,0.3004,5.473555564880371,0.726410984992981,27.3641357421875,19.931644439697266,0.5712045431137085,12.011919021606445,19.301433563232422,11.740760803222656,4.535270690917969,147.1211700439453,0.1,1.302241325378418,500000,-3.4,18.75,-52.09,59.7,-1.2726,0.5,-6.21964168548584,0.1473335474729538,6.888795852661133,1.9688783884048462,0.159037247300148,6.7303595542907715,24.555456161499023,6.020026206970215,0.05,21222,-25.96733861654589,31.36368429130751,262,-21.044385345437025,-20.49870285909427,0.6143875285233986,0.6670999805569301,0.24899615083217674,0.08390386861089308,-20.486,-6145.906,11.439,17.114,20381,360.0,0.0,0.0,359.985,13.714,0.0381,0.0,0.0,4.908,59.0,0.5108,16.5,0.0682,1.432,0.674,0.237,0.089,16,0
111,BiLevel,12.0,1.2,3.995,12,0.2632,-2136.771,766.601,4971,262,-11.86,36.09,-59.9,59.98,-0.4298,0.3398,5.933212757110596,0.6058347821235657,34.150535583496094,26.746862411499023,0.5085636973381042,12.978668212890625,25.911048889160156,12.243836402893066,3.913825273513794,109.48616027832031,0.1,1.3015626668930054,500000,-2.5,18.08,-48.81,37.57,-1.5908,0.5,-6.284409523010254,0.15717941522598267,6.778384685516357,1.8802284002304077,0.16625241935253143,6.8074846267700195,13.123692512512207,5.36112117767334,0.05,21484,-11.855023181825064,36.090854420474955,262,-10.75259067910282,-11.230269648526846,0.5616213212540235,0.6678798431763425,0.24827985026653418,0.08384030655712324,-4.416,-1148.281,11.857,15.853,20252,360.0,0.0,0.0,362.204,59.847,0.1652,0.0,0.0,56.45,364.0,0.5157,14.62,0.1159,1.701,0.674,0.238,0.088,9,3
112,BiLevel,12.4,1.1,5.99,15,0.4193,-1970.411,614.663,4971,262,-13.35,35.41,-59.82,59.44,-0.3964,0.2774,6.379378318786621,0.6103644967079163,22.389190673828125,15.003275871276855,0.5694826245307922,13.169692039489746,15.36124038696289,12.047714233398438,2.210129976272583,127.91604614257812,0.1,1.3007409572601318,500000,0.09,16.68,-48.61,48.52,-1.2744,0.5,-6.2831268310546875,0.16265377402305603,7.226574897766113,2.3495659828186035,0.1556212157011032,6.818169116973877,7.437015533447266,15.129889488220215,0.05,21746,-13.347432777018414,35.406785015896936,262,0.2505409383852231,-24.085251962197457,0.5592881541485654,0.6676824567105135,0.2487251129056756,0.083592430383811,-10.593,-3177.761,11.998,17.988,21161,360.0,0.0,0.0,360.065,14.286,0.0397,0.0,0.0,5.802,48.0,0.6237,14.54,0.0971,1.702,0.652,0.266,0.082,15,0
113,BiLevel,11.9,1.2,4.888,15,0.4773,-2145.386,703.971,4969,262,-19.63,33.16,-59.81,59.83,-0.4318,0.2996,5.646592140197754,0.5986595749855042,24.89029312133789,17.51778793334961,0.6260268092155457,12.600082397460938,17.918590545654297,12.220233917236328,5.229071140289307,115.7757339477539,0.1,1.299808382987976,500000,-2.32,15.93,-50.68,43.32,-1.6585,0.5,-6.344125270843506,0.1420956552028656,5.945868968963623,1.0896482467651367,0.15802526473999023,6.832304000854492,11.485267639160156,2.2948927879333496,0.05,22008,-19.633532270864116,33.16183097932595,262,-7.9841825318963915,-9.662434502102826,0.5736103013720524,0.6672166282484299,0.2493392876702544,0.08344408408131576,-7.649,-2294.777,11.575,16.464,20210,360.0,0.0,0.0,359.992,11.682,0.0325,0.0,0.0,4.313,43.0,0.5528,12.78,0.1096,1.98,0.668,0.249,0.084,12,3
114,BiLevel,12.3,1.1,5.385,11,0.431,-2721.769,1065.886,4971,262,-20.79,33.44,-60.0,59.23,-0.5475,0.3558,5.967032432556152,0.7180943489074707,32.37339782714844,25.02297592163086,0.6253070831298828,12.686230659484863,20.415916442871094,11.91586971282959,12.781578063964844,135.53253173828125,0.1,1.2987332344055176,500000,-2.11,15.73,-45.64,47.15,-2.0467,0.5,-6.373226165771484,0.15408912301063538,6.387039661407471,1.5516643524169922,0.1523461490869522,6.88957405090332,3.1403279304504395,13.686878204345703,0.05,22270,-20.788062201781013,33.43775221580438,262,-13.418518513323445,-13.811033892631531,0.5864475567498882,0.6682189678746142,0.24837317912279963,0.08340785300258627,-20.228,-5259.394,11.37,16.756,20246,360.0,0.0,0.0,376.288,137.526,0.3655,0.0,0.0,860.099,2148.0,0.709,11.81,0.1097,2.269,0.658,0.26,0.082,8,3
115,BiLevel,11.9,1.1,4.645,14,0.3419,-2060.313,661.996,4970,262,-15.22,32.8,-59.87,59.33,-0.4145,0.2918,5.582442760467529,0.5582077503204346,24.037961959838867,16.717227935791016,0.5108569860458374,13.004292488098145,18.07745933532715,12.468335151672363,7.510467529296875,75.28509521484375,0.1,1.2974272966384888,500000,-1.43,17.55,-45.19,50.04,-1.0019,0.5,-6.491687774658203,0.1541094332933426,5.777896404266357,0.9626541137695312,0.1538587212562561,7.009056091308594,17.948328018188477,16.757726669311523,0.05,22532,-15.22028603429533,32.799143507382944,262,-15.273190365810143,-19.317592173501065,0.5300890796839586,0.6682032109791604,0.24854872848537626,0.08324806053546352,-12.95,-3885.105,11.611,16.256,20246,360.0,0.0,0.0,359.935,13.298,0.0369,0.0,0.0,5.302,50.0,0.7012,10.09,0.0997,2.741,0.658,0.259,0.082,14,0
116,BiLevel,11.7,1.1,4.307,14,0.4014,-2182.185,753.907,4971,262,-23.4,30.88,-59.79,58.82,-0.439,0.3239,4.417782306671143,0.5267351865768433,17.245410919189453,9.943591117858887,0.5288030505180359,12.376363754272461,11.010279655456543,12.970791816711426,8.411791801452637,101.84086608886719,0.1,1.2958852052688599,500000,-4.33,16.6,-60.26,53.85,-1.2121,0.5,-6.458798408508301,0.15455028414726257,5.485200881958008,0.6898983716964722,0.16251391172409058,6.987227439880371,5.170662879943848,5.344569206237793,0.05,22794,-23.40087698394475,30.879540829016044,262,-14.438349490926456,-23.127900231982533,0.5809197401763799,0.668087152939412,0.2487685417946947,0.08314430526589318,-18.848,-5277.388,11.321,15.628,19929,360.0,0.0,0.0,360.008,11.511,0.032,0.0,0.0,3.599,53.0,0.5873,10.04,0.0648,2.843,0.668,0.249,0.083,12,2
117,BiLevel,12.1,1.0,5.167,14,0.5465,-2051.053,671.377,4972,262,-19.18,33.29,-59.83,59.11,-0.4125,0.2905,4.507112503051758,0.5746332406997681,18.717315673828125,11.442061424255371,0.4641368091106415,12.136728286743164,12.809161186218262,12.237690925598145,10.024755477905273,78.1668701171875,0.1,1.294059157371521,500000,-1.96,17.55,-50.47,54.82,-1.1719,0.5,-6.485142707824707,0.14630869030952454,5.664773941040039,0.8907939195632935,0.16299650073051453,6.986557960510254,0.675076961517334,7.916453838348389,0.05,23056,-19.17772197819443,33.28730440664434,262,-13.113056216428154,-24.21604173371667,0.5719125366678408,0.6680961954842995,0.2488218553544,0.08308194916130038,-15.802,-4740.651,11.548,16.716,20347,360.0,0.0,0.0,359.842,13.481,0.0375,0.0,0.0,4.832,54.0,0.6089,10.35,0.0591,2.84,0.668,0.249,0.083,16,0
118,BiLevel,11.9,1.1,8.124,14,0.5931,-2188.853,733.431,4970,262,-24.83,32.23,-59.94,59.52,-0.4404,0.3066,3.7892935276031494,0.5872761607170105,21.42481803894043,14.167452812194824,0.5188053846359253,11.888606071472168,18.083560943603516,12.719659805297852,6.938209533691406,92.8700942993164,0.1,1.291623592376709,500000,-2.27,18.46,-54.5,61.29,-1.7761,0.5,-6.666252136230469,0.1497826874256134,5.776468753814697,1.0189327001571655,0.16582562029361725,7.179089546203613,10.791638374328613,8.5211181640625,0.05,23318,-24.831894775097386,32.23215841320156,262,-19.627358712020673,-24.198341161953774,0.6143018592700223,0.6687259585204915,0.2483863161837857,0.08288772529572272,-22.474,-6742.133,11.47,19.594,22272,360.0,0.0,0.0,359.912,14.563,0.0405,0.0,0.0,5.13,61.0,0.4934,10.81,0.0545,2.804,0.668,0.249,0.083,15,0
119,BiLevel,12.0,1.1,6.087,14,0.5747,-2088.306,689.598,4971,262,-14.33,35.65,-59.87,59.71,-0.4201,0.3081,4.6411919593811035,0.5556479692459106,17.03137969970703,9.803304672241211,0.5115199089050293,13.104435920715332,9.63512897491455,13.433378219604492,3.3370108604431152,80.3531265258789,0.1,1.2891521453857422,500000,-2.32,17.16,-51.92,58.0,-1.4214,0.5,-6.695088863372803,0.14907845854759216,6.84126091003418,2.102311611175537,0.1882745772600174,7.217480182647705,3.3410682678222656,8.943713188171387,0.05,23580,-14.332870481517432,35.650171033088384,262,-10.344488662089173,-22.096389139325996,0.5733289453066691,0.668918101535521,0.24828758000755868,0.08279431845692038,-12.062,-3618.599,11.849,17.936,21568,360.0,0.0,0.0,359.962,14.471,0.0402,0.0,0.0,4.683,58.0,0.4992,11.35,0.0538,2.755,0.669,0.248,0.083,13,1
120,BiLevel,13.1,1.1,7.668,11,0.5577,-2242.328,770.186,4971,262,-11.19,36.29,-59.85,59.91,-0.4511,0.3372,4.224920272827148,0.6520308256149292,26.684837341308594,19.47598648071289,0.538075864315033,12.679634094238281,20.079084396362305,13.417647361755371,9.331663131713867,261.2191467285156,0.1,1.2863454818725586,500000,-3.15,19.97,-69.83,55.01,-2.5152,0.5,-6.768542766571045,0.15604594349861145,6.5969133377075195,1.8755738735198975,0.17853589355945587,7.285303115844727,10.30359172821045,14.764695167541504,0.05,23842,-11.193646620464436,36.292208056388965,262,-4.4072271867802275,-12.700365488152753,0.560660881527128,0.6703247218237569,0.24696108002271805,0.082714198153525,-4.478,-1164.338,12.009,19.677,21146,360.0,0.0,0.0,394.465,106.218,0.2693,0.0,0.0,2043.004,4538.0,0.3656,11.48,0.0544,2.728,0.669,0.248,0.083,8,3
121,BiLevel,12.6,1.1,5.286,14,0.3704,-1625.099,464.157,4971,262,7.24,36.3,-59.6,59.94,-0.3269,0.2583,3.6566760540008545,0.5564145445823669,17.897544860839844,10.717890739440918,0.4949430227279663,12.3255615234375,12.15935230255127,13.25540542602539,5.014136791229248,70.23948669433594,0.1,1.2833762168884277,500000,-1.52,17.33,-63.39,46.71,-1.7611,0.5,-6.910905361175537,0.15066666901111603,5.701234817504883,0.9964354634284973,0.22476249933242798,7.430878639221191,6.24047327041626,7.543789863586426,0.05,24104,7.237592144525853,36.30446635885251,262,11.325680676102639,0.9555563107917184,0.5442177176217047,0.670424304553771,0.24703183042097124,0.08254386502525765,11.485,3675.254,12.853,18.139,20722,360.0,0.0,0.0,360.131,21.811,0.0606,0.0,0.0,6.588,200.0,0.7732,12.82,0.0528,2.585,0.67,0.247,0.083,11,3
122,BiLevel,12.3,1.1,5.982,15,0.5699,-1830.132,535.393,4971,262,-4.09,36.4,-59.91,59.81,-0.3682,0.2644,3.346909999847412,0.5168195962905884,18.9702205657959,11.815276145935059,0.47432929277420044,12.58810043334961,13.109981536865234,14.039469718933105,9.518136024475098,87.3124771118164,0.1,1.2802520990371704,500000,-4.98,17.52,-71.64,55.28,-1.9002,0.5,-6.937745571136475,0.14746041595935822,6.654736518859863,1.9685640335083008,0.17005273699760437,7.447386741638184,2.4149057865142822,15.15462875366211,0.05,24366,-4.085375612132886,36.403260072589106,262,4.1166981558658575,-8.017483611483325,0.5369023217224625,0.6701525123393173,0.24744448985360093,0.0824029978070818,-2.366,-709.771,12.333,18.316,21089,360.0,0.0,0.0,360.035,11.166,0.031,0.0,0.0,3.859,55.0,0.8355,13.75,0.0539,2.441,0.67,0.247,0.083,12,3
123,BiLevel,13.0,1.2,10.768,11,0.3027,-2288.372,808.113,4970,262,-14.78,36.37,-59.95,59.98,-0.4604,0.3416,4.510658264160156,0.5377117395401001,17.193357467651367,10.050833702087402,0.5436198711395264,13.56666374206543,13.36437702178955,13.872118949890137,8.392556190490723,89.93748474121094,0.1,1.276727318763733,500000,-2.01,18.0,-58.13,57.89,-3.0748,0.5,-6.957868576049805,0.14918051660060883,5.365598201751709,0.6983504295349121,0.18596085906028748,7.47277307510376,11.942638397216797,7.141182899475098,0.05,24628,-14.783524630811643,36.373478637129736,262,-11.509440447664575,-16.679956783432708,0.5865579294559762,0.6722998404557143,0.24568801243830227,0.08201214710598323,-18.378,-4778.405,11.873,22.641,21966,360.0,0.0,0.0,389.3,87.01,0.2235,0.0,0.0,1681.179,3933.0,0.7108,14.31,0.0554,2.331,0.67,0.247,0.082,8,3
124,BiLevel,12.4,1.3,7.742,15,0.5532,-1696.753,477.134,4971,262,1.34,36.91,-59.78,59.94,-0.3413,0.2461,3.6895980834960938,0.5149126648902893,17.250242233276367,10.135997772216797,0.48382681608200073,12.52336311340332,12.476821899414062,13.471186637878418,12.929865837097168,98.74286651611328,0.1,1.2729744911193848,500000,-1.96,18.73,-62.53,49.78,-1.6976,0.5,-7.051116943359375,0.15716880559921265,6.967686176300049,2.315467596054077,0.16757825016975403,7.583690643310547,4.372662544250488,17.07501983642578,0.05,24890,1.3375728770631872,36.90575574584192,262,-3.687748948523873,-2.770409122266268,0.5406322060790792,0.672394630586115,0.2458319236442539,0.08177344576963097,9.763,2928.858,12.446,20.188,21158,360.0,0.0,0.0,360.012,14.668,0.0407,0.0,0.0,5.24,49.0,0.8879,15.04,0.0561,2.172,0.672,0.246,0.082,15,0
125,BiLevel,12.9,1.3,4.735,15,0.6339,-1699.553,481.712,4970,262,3.75,35.58,-59.67,59.93,-0.342,0.2563,3.099639415740967,0.42079806327819824,19.855613708496094,12.772420883178711,0.38731417059898376,11.568819046020508,14.695381164550781,12.307147026062012,6.31155252456665,74.49385070800781,0.1,1.2691309452056885,500000,-0.3,18.22,-53.65,59.78,-1.3378,0.5,-7.226179599761963,0.1473398208618164,5.928889274597168,1.293607473373413,0.183015376329422,7.741793632507324,18.181795120239258,12.460306167602539,0.05,25152,3.7499039153442895,35.58418734125611,262,12.56314107556092,-5.3864975912790545,0.5219562488083095,0.6718249540407712,0.24643380509728624,0.08174124086194261,6.228,1868.413,12.642,17.377,20717,360.0,0.0,0.0,360.062,15.497,0.043,0.0,0.0,6.137,59.0,0.9643,15.78,0.0561,2.001,0.673,0.246,0.082,13,2
126,BiLevel,12.4,1.3,4.278,14,0.4153,-1908.579,591.554,4969,262,-12.43,35.51,-59.91,59.71,-0.3841,0.2819,3.4473776817321777,0.5008469223976135,13.466902732849121,6.396512031555176,0.4658125638961792,12.364886283874512,9.19546890258789,13.5341796875,3.3542628288269043,81.19287872314453,0.1,1.2650071382522583,500000,-2.49,17.53,-53.49,53.74,-1.5621,0.5,-7.200777530670166,0.14927147328853607,6.523707389831543,1.9057445526123047,0.18504329025745392,7.717309951782227,2.805081367492676,11.963976860046387,0.05,25414,-12.434815278998018,35.51202211697274,262,-0.44242629675488787,-17.494598426865906,0.5580674880278107,0.6716857452241115,0.24665688120514193,0.08165737357074658,-13.721,-4116.356,11.806,16.084,20735,360.0,0.0,0.0,359.988,13.755,0.0382,0.0,0.0,4.63,53.0,0.8156,16.05,0.0631,1.856,0.675,0.241,0.084,11,3
127,BiLevel,13.7,1.2,11.043,11,0.4873,-2271.857,842.779,4969,262,-10.34,36.55,-59.79,59.7,-0.4572,0.3596,3.569652557373047,0.5725283026695251,16.583345413208008,9.527304649353027,0.5181835889816284,12.204610824584961,14.24013614654541,13.129575729370117,3.5543878078460693,137.29144287109375,0.1,1.2607285976409912,500000,-4.13,17.53,-49.92,50.8,-3.1709,0.5,-7.232989311218262,0.15360569953918457,6.923527240753174,2.3233885765075684,0.1601165533065796,7.749711990356445,21.76656723022461,7.3720703125,0.05,25676,-10.342847641175855,36.55163341035282,262,-4.00994086943959,-20.877362259281306,0.5598913840905818,0.6737700637823157,0.2448596341692611,0.081370302048423,-10.838,-2817.775,11.994,23.037,22193,360.0,0.0,0.0,396.031,89.956,0.2271,0.0,0.0,2052.889,4716.0,0.7644,16.45,0.0642,1.674,0.676,0.239,0.085,8,3
128,BiLevel,12.5,1.2,4.119,14,0.6495,-1794.663,529.764,4971,262,-1.09,35.24,-59.96,59.96,-0.361,0.2758,3.961193084716797,0.5664917826652527,20.178871154785156,13.147242546081543,0.5288168787956238,13.255650520324707,10.990537643432617,13.99557113647461,3.3975038528442383,140.12611389160156,0.1,1.2563230991363525,500000,-2.5,17.72,-52.44,55.51,-1.0073,0.5,-7.327209949493408,0.14968714118003845,6.362683296203613,1.777881383895874,0.16607141494750977,7.845728874206543,6.289829254150391,8.520256042480469,0.05,25938,-1.0877539686404514,35.240366353021905,262,5.707878305998287,-7.068633557816868,0.5109345228665273,0.6734908376306953,0.24507640736640235,0.08143275500290233,2.506,751.746,12.246,16.365,19705,360.0,0.0,0.0,359.996,14.123,0.0392,0.0,0.0,4.92,55.0,0.791,16.76,0.0705,1.453,0.68,0.234,0.086,15,0
129,BiLevel,13.2,1.3,6.603,11,0.3861,-2120.931,697.091,4970,262,-13.62,37.54,-59.97,59.96,-0.4267,0.3128,2.9279675483703613,0.5276733636856079,15.557706832885742,8.552112579345703,0.4940098524093628,12.179805755615234,11.85725212097168,13.682523727416992,8.172530174255371,112.0431137084961,0.1,1.2516599893569946,500000,-1.73,15.18,-57.57,41.53,-2.2332,0.5,-7.400791645050049,0.15440364181995392,5.774319648742676,1.2040834426879883,0.18334729969501495,7.930408954620361,19.35034942626953,5.2784857749938965,0.05,26200,-13.615295891222775,37.53649791108051,262,5.1609023293382235,-15.47611150271014,0.5954324351219358,0.674684906873347,0.24399761368525438,0.08131747944139857,-6.865,-1784.896,11.784,18.387,22378,360.0,0.0,0.0,391.192,87.052,0.2225,0.0,0.0,1842.156,4097.0,0.6223,16.16,0.0936,1.406,0.681,0.232,0.087,8,3
130,BiLevel,13.1,1.3,5.039,14,0.4507,-1895.551,580.323,4970,262,-4.51,37.1,-59.87,59.9,-0.3814,0.2862,2.976752758026123,0.4302312731742859,10.96036148071289,3.9820525646209717,0.43833962082862854,11.825664520263672,5.379137992858887,12.711137771606445,5.4816670417785645,102.917724609375,0.1,1.2468461990356445,500000,-2.55,17.86,-57.28,45.45,-1.7202,0.5,-7.556614398956299,0.15473347902297974,5.323437690734863,0.7686212062835693,0.1545972377061844,8.079496383666992,13.350248336791992,4.694228172302246,0.05,26462,-4.509553265469655,37.10334695245693,262,2.6120041555479956,-15.990313640432921,0.5512623519430057,0.674675928649366,0.2441059904527273,0.08121808089790675,-5.511,-1763.597,12.364,17.403,20461,360.0,0.0,0.0,360.004,14.735,0.0409,0.0,0.0,5.202,65.0,0.5943,14.99,0.1161,1.551,0.68,0.236,0.085,11,3
131,BiLevel,13.2,1.2,9.542,11,0.5514,-2453.135,917.542,4970,262,-14.55,36.42,-59.96,59.89,-0.4936,0.3592,2.647855043411255,0.4093538522720337,17.69327163696289,10.750431060791016,0.3417649567127228,11.780477523803711,9.746626853942871,12.884471893310547,3.220059871673584,65.97924041748047,0.1,1.2419061660766602,500000,-3.53,18.84,-64.69,55.05,-2.9012,0.5,-7.530886650085449,0.14945638179779053,5.407154560089111,0.8718687295913696,0.16730567812919617,8.039752006530762,5.568644046783447,6.230225563049316,0.05,26724,-14.55345618861242,36.41910753904386,262,-2.2090306390272945,-20.380123490291208,0.5841882039636519,0.676382152150133,0.24256734869627522,0.08105049915359175,-12.232,-3180.351,11.906,21.448,22349,360.0,0.0,0.0,388.992,122.848,0.3158,0.0,0.0,1732.496,3827.0,0.8082,15.06,0.1236,1.596,0.658,0.262,0.079,8,3
132,BiLevel,12.9,1.1,4.468,12,0.4772,-2256.134,827.063,4971,262,-5.68,37.96,-59.89,59.89,-0.4539,0.3602,3.023172378540039,0.5192664861679077,22.29864501953125,15.367283821105957,0.4423298239707947,13.010346412658691,14.333017349243164,14.218913078308105,14.00806713104248,96.6368408203125,0.1,1.2368701696395874,500000,-2.25,16.88,-61.07,36.06,-1.7944,0.5,-7.5741729736328125,0.14433427155017853,5.466516017913818,0.9466263651847839,0.14393310248851776,8.078660011291504,0.9942498207092285,11.946734428405762,0.05,26986,-5.676655422739896,37.956006734272925,262,3.187051633314083,-14.383097071092772,0.5680274313096254,0.6770841884817846,0.24181757805879006,0.08109823345942528,-4.312,-1293.697,12.231,16.699,20058,360.0,0.0,0.0,367.665,91.836,0.2498,0.0,0.0,483.534,1138.0,0.7374,14.24,0.1286,1.922,0.652,0.269,0.078,9,3
133,BiLevel,12.9,1.2,5.496,14,0.4431,-1941.126,594.813,4970,262,-11.53,37.45,-59.99,59.88,-0.3906,0.29,2.338190793991089,0.41448384523391724,14.411062240600586,7.50634241104126,0.4038713276386261,12.089250564575195,14.05285358428955,13.331624031066895,5.547842979431152,58.44484329223633,0.1,1.2318564653396606,500000,-2.29,16.73,-52.14,40.24,-1.8451,0.5,-7.694023132324219,0.15135592222213745,5.916079521179199,1.4076920747756958,0.16783756017684937,8.217657089233398,0.9869920611381531,3.128516435623169,0.05,27248,-11.527794485203023,37.44796434344444,262,0.7248338812275936,-20.589724517496006,0.5810351345900182,0.6771592500646413,0.24186737132651456,0.08097337860884402,-10.109,-3032.847,11.962,17.458,21441,360.0,0.0,0.0,360.062,12.093,0.0336,0.0,0.0,4.607,40.0,0.6773,14.76,0.0874,1.923,0.648,0.274,0.078,11,3
134,BiLevel,12.2,1.3,5.762,13,0.5339,-1894.599,604.092,4970,262,-5.06,36.81,-59.98,59.96,-0.3812,0.2957,3.123243570327759,0.5193125605583191,20.80068588256836,13.916650772094727,0.4441803991794586,13.433497428894043,14.448715209960938,14.639076232910156,4.806745529174805,84.71874237060547,0.1,1.2268139123916626,500000,-1.74,18.66,-59.53,56.46,-1.9532,0.5,-7.873527526855469,0.15620994567871094,5.511157989501953,1.016540288925171,0.17338910698890686,8.409912109375,7.60500431060791,13.643680572509766,0.05,27510,-5.057010912332286,36.812872893696344,262,7.432598021469618,-15.637239569562832,0.5459075119857593,0.6776684972345552,0.2413933905120905,0.08093811225335415,-2.188,-656.544,12.274,18.035,20574,360.0,0.0,0.0,360.0,38.636,0.1073,0.0,0.0,13.966,176.0,0.6725,14.75,0.0869,1.902,0.677,0.242,0.081,10,3
135,BiLevel,12.7,1.3,3.672,14,0.4518,-1775.871,529.13,4971,262,-7.04,35.79,-59.82,59.96,-0.3572,0.2694,2.1556878089904785,0.40256375074386597,18.91358757019043,12.064472198486328,0.3563588857650757,11.900102615356445,15.856101989746094,13.3212890625,10.661459922790527,61.08159255981445,0.1,1.2217134237289429,500000,-1.35,16.94,-65.69,47.68,-0.8562,0.5,-7.744290351867676,0.16124393045902252,7.089468002319336,2.6124062538146973,0.20537208020687103,8.286477088928223,5.463529109954834,10.78256893157959,0.05,27772,-7.038671864191787,35.79359139823915,262,4.576711078497924,-13.436060710957175,0.5346717112480955,0.6773728750105862,0.2417160929764004,0.08091103201301333,-3.508,-1052.362,12.017,15.689,19654,360.0,0.0,0.0,359.846,12.503,0.0347,0.0,0.0,5.008,47.0,0.7745,14.32,0.1006,2.003,0.678,0.241,0.081,14,0
136,BiLevel,12.8,1.1,3.667,15,0.5583,-1650.767,463.244,4971,262,3.14,36.89,-59.72,59.99,-0.3321,0.2601,2.132793426513672,0.4456945061683655,14.554458618164062,7.721251010894775,0.43827155232429504,12.264118194580078,12.177501678466797,13.848803520202637,5.532307147979736,85.05838012695312,0.1,1.2165515422821045,500000,-2.5,17.15,-54.8,52.76,-0.9318,0.5,-7.769069671630859,0.154301255941391,5.315016269683838,0.8562402725219727,0.17701928317546844,8.293715476989746,9.51038932800293,13.885555267333984,0.05,28034,3.138020743269888,36.889320164396885,262,8.33839994617983,-3.8451445504238735,0.5456015692259818,0.6766173640535664,0.24248777497569862,0.08089486097073498,3.494,1048.255,12.559,16.226,19740,360.0,0.0,0.0,359.985,13.742,0.0382,0.0,0.0,4.454,52.0,0.9314,15.09,0.0856,1.798,0.677,0.242,0.081,14,1
137,BiLevel,13.1,1.2,3.724,14,0.475,-1879.395,564.885,4971,262,-15.81,34.1,-59.87,59.91,-0.3781,0.2793,1.7080531120300293,0.38750511407852173,19.64398193359375,12.841438293457031,0.38156718015670776,12.525179862976074,13.50200366973877,14.25018310546875,20.304845809936523,87.39327239990234,0.1,1.211328148841858,500000,-2.7,17.27,-60.63,65.16,-1.4655,0.5,-7.665125370025635,0.1489054262638092,5.22234582901001,0.7803226709365845,0.17442917823791504,8.173498153686523,0.4513470530509949,9.258759498596191,0.05,28296,-15.807170866710758,34.102937645148806,262,-0.6766734673788671,-19.145700916196954,0.5540149386306604,0.6763288094130822,0.24279257109958138,0.08087861948733636,-12.344,-3703.151,11.604,15.327,19243,360.0,0.0,0.0,359.904,13.565,0.0377,0.0,0.0,4.351,65.0,0.7764,13.81,0.1054,2.005,0.677,0.242,0.081,11,3
138,BiLevel,12.7,1.3,5.949,14,0.5467,-1739.019,504.436,4970,262,-7.18,35.79,-59.87,59.82,-0.3499,0.2653,2.515780448913574,0.3883468210697174,14.241288185119629,7.4643096923828125,0.4183955788612366,13.089704513549805,11.010762214660645,13.977804183959961,4.094853401184082,70.727783203125,0.1,1.2060166597366333,500000,-2.8,17.7,-53.45,51.71,-1.9399,0.5,-7.924534320831299,0.14642375707626343,5.714574813842773,1.2836499214172363,0.15210935473442078,8.4419527053833,0.5375004410743713,14.088371276855469,0.05,28558,-7.179852649921427,35.7937727453644,262,-1.8953253880927439,-18.464405523475847,0.5348349050714702,0.6764527615722161,0.24275429952554692,0.08079293890223684,-8.588,-2576.332,12.019,17.968,20687,360.0,0.0,0.0,360.0,14.126,0.0392,0.0,0.0,4.947,51.0,0.8068,12.61,0.0986,2.241,0.671,0.249,0.08,11,3
139,BiLevel,12.3,1.3,4.208,14,0.3969,-1827.25,554.087,4970,262,-7.43,37.14,-59.83,59.91,-0.3677,0.2795,1.9504035711288452,0.42596375942230225,16.132232666015625,9.38375473022461,0.4065433144569397,12.991466522216797,14.860650062561035,14.840373039245605,7.068058967590332,66.62408447265625,0.1,1.2007418870925903,500000,-3.49,17.47,-54.3,44.98,-1.1928,0.5,-7.875697135925293,0.13233104348182678,5.932774543762207,1.5170828104019165,0.1717928946018219,8.360189437866211,23.448434829711914,12.186612129211426,0.05,28820,-7.430219391584621,37.139056029166625,262,-3.5362687823019536,-8.369843982944364,0.5594128708685294,0.6762944786491353,0.24299580363865658,0.08070971771220826,-7.209,-2162.606,12.139,16.347,20230,360.0,0.0,0.0,359.996,12.549,0.0349,0.0,0.0,4.542,44.0,0.7131,11.25,0.0815,2.43,0.676,0.243,0.081,12,2
140,BiLevel,13.1,1.3,3.946,15,0.5744,-1591.645,431.825,4971,262,0.81,37.35,-59.69,60.0,-0.3202,0.2459,2.056655168533325,0.3497811555862427,13.10409164428711,6.391661643981934,0.35297471284866333,12.716349601745605,11.519810676574707,14.12110710144043,6.249847888946533,64.54570007324219,0.1,1.1953747272491455,500000,-3.24,18.09,-65.3,72.68,-1.4864,0.5,-8.079401969909668,0.15490120649337769,5.4962639808654785,1.0917670726776123,0.20486924052238464,8.611689567565918,32.700313568115234,5.340900421142578,0.05,29082,0.8085839597456228,37.351614417556256,262,2.5576847322677305,-5.298741241191562,0.548884329904414,0.6756034472474743,0.24370661722368656,0.08068993552883913,2.788,836.339,12.574,16.521,19061,360.0,0.0,0.0,359.862,12.894,0.0358,0.0,0.0,4.634,72.0,0.8816,12.52,0.0541,2.281,0.676,0.243,0.081,12,3
141,BiLevel,13.1,1.3,4.589,15,0.5704,-1762.569,509.374,4971,262,-1.89,36.84,-59.92,59.99,-0.3546,0.267,2.159038782119751,0.38292497396469116,10.027727127075195,3.3452980518341064,0.3681022822856903,12.799792289733887,7.012913227081299,13.723662376403809,2.5201375484466553,94.65167999267578,0.1,1.1899476051330566,500000,-4.03,18.13,-54.2,44.11,-1.1203,0.5,-8.074116706848145,0.13894255459308624,5.172959327697754,0.7820778489112854,0.16649067401885986,8.572330474853516,0.3860650956630707,8.243926048278809,0.05,29344,-1.8919044868315016,36.84408544377353,262,7.794150239072347,-7.639349598319906,0.5365871285144909,0.6750460242841815,0.24431713375520947,0.08063684196060916,-0.954,-305.212,12.498,17.086,20695,360.0,0.0,0.0,360.135,12.604,0.035,0.0,0.0,4.58,44.0,0.7837,13.32,0.0529,2.178,0.676,0.244,0.081,14,1
142,BiLevel,13.0,1.4,3.447,15,0.4207,-1653.413,456.575,4970,262,10.19,36.23,-59.82,59.97,-0.3327,0.2614,1.873382329940796,0.3980970084667206,11.667129516601562,5.014748573303223,0.3473438620567322,12.495232582092285,7.464789867401123,13.907814025878906,5.901681423187256,87.90554809570312,0.1,1.1846363544464111,500000,-1.02,17.61,-57.02,53.22,-1.0253,0.5,-8.150477409362793,0.15452885627746582,5.951100826263428,1.5758635997772217,0.17340107262134552,8.684029579162598,3.434342861175537,7.936097621917725,0.05,29606,10.19079455180952,36.22582702129111,262,18.104981640922396,2.4448614700844415,0.5496444990494238,0.6743306460476355,0.24511258005743397,0.0805567738949304,15.617,4685.203,13.013,16.459,19100,360.0,0.0,0.0,360.069,13.794,0.0383,0.0,0.0,5.393,53.0,0.8224,14.01,0.0539,2.052,0.675,0.244,0.081,13,2
143,BiLevel,12.7,1.2,9.096,15,0.5977,-1739.705,500.248,4969,262,-3.27,39.13,-59.98,59.99,-0.3501,0.2651,1.7881760597229004,0.3997841477394104,11.003499984741211,4.373913764953613,0.4113233685493469,12.068029403686523,9.084866523742676,13.278803825378418,9.702799797058105,72.43377685546875,0.1,1.179396152496338,500000,-2.39,16.85,-53.77,53.58,-2.037,0.5,-8.344659805297852,0.1552257537841797,5.113398551940918,0.7504591941833496,0.17860831320285797,8.878974914550781,19.06785011291504,8.242603302001953,0.05,29868,-3.2661150998427857,39.13239370748235,262,7.311213829015432,-7.838658290160329,0.584716252555451,0.6746507599471907,0.2450461387831392,0.08030310126967018,-3.041,-973.145,12.776,21.872,22230,360.0,0.0,0.0,359.962,13.407,0.0372,0.0,0.0,4.794,53.0,0.7305,14.9,0.0514,1.98,0.674,0.245,0.081,14,1
144,BiLevel,12.9,1.2,8.9,15,0.4758,-1692.637,481.307,4970,262,-0.22,36.58,-59.85,60.0,-0.3406,0.2691,1.4907264709472656,0.3890877068042755,12.429952621459961,5.829821586608887,0.407047301530838,12.20899772644043,13.085543632507324,13.606708526611328,4.116664409637451,58.895599365234375,0.1,1.1740840673446655,500000,-4.45,17.8,-60.62,42.09,-2.1422,0.5,-8.280477523803711,0.15282365679740906,5.430121421813965,1.0828654766082764,0.16171900928020477,8.798020362854004,8.267125129699707,8.27588939666748,0.05,30130,-0.22138974156523014,36.581841071032315,262,7.24741626272076,-6.008357156264155,0.5313467956360869,0.6749786304873391,0.2450266748267033,0.07999469468595762,1.359,407.58,12.629,21.529,22133,360.0,0.0,0.0,360.015,12.718,0.0353,0.0,0.0,4.05,42.0,0.712,15.75,0.0518,1.892,0.675,0.245,0.08,13,2
145,BiLevel,12.9,1.0,3.951,15,0.4372,-1666.848,465.085,4970,262,3.23,36.91,-59.94,59.95,-0.3354,0.2565,1.1383132934570312,0.3329455852508545,14.657110214233398,8.095290184020996,0.3041251301765442,12.115058898925781,12.214513778686523,13.620504379272461,2.0954110622406006,43.89656066894531,0.1,1.1688635349273682,500000,-2.39,17.61,-74.86,55.44,-1.1329,0.5,-8.33845329284668,0.1437516212463379,5.560794830322266,1.2275769710540771,0.14963063597679138,8.842236518859863,2.643571615219116,11.684755325317383,0.05,30392,3.2331006993612714,36.9070683055304,262,17.31867059829988,-2.6544353699997854,0.5412234222250165,0.6743619911957733,0.2457349020691147,0.0799031067351119,10.048,3014.396,12.728,16.679,19562,360.0,0.0,0.0,359.996,12.445,0.0346,0.0,0.0,4.336,55.0,0.7157,16.25,0.0578,1.719,0.678,0.24,0.082,13,2
146,BiLevel,12.3,1.2,3.731,15,0.5367,-1801.664,537.157,4971,262,-3.45,37.95,-60.0,59.99,-0.3624,0.2752,1.4959295988082886,0.39192208647727966,15.991296768188477,9.454557418823242,0.3471619784832001,12.851604461669922,16.673927307128906,14.227153778076172,6.601271629333496,53.25935745239258,0.1,1.1637378931045532,500000,-1.95,17.31,-48.9,37.02,-0.8955,0.5,-8.356951713562012,0.1473183035850525,6.075002670288086,1.757372498512268,0.15998491644859314,8.866583824157715,8.045467376708984,9.180908203125,0.05,30654,-3.4508917837779727,37.94782050692167,262,9.498752078257109,-4.415763958269045,0.5595582554939262,0.6736679905637022,0.24645499284220948,0.07987701659408832,1.156,346.906,12.368,16.098,18867,360.0,0.0,0.0,360.119,12.481,0.0347,0.0,0.0,5.309,37.0,0.5443,16.35,0.0642,1.555,0.68,0.237,0.084,15,0
147,BiLevel,13.6,1.2,5.471,12,0.5519,-1791.122,533.856,4970,262,1.02,37.22,-59.85,59.97,-0.3604,0.289,0.9653754234313965,0.29501813650131226,11.343274116516113,4.837471961975098,0.31471946835517883,12.632134437561035,12.24946403503418,14.234148979187012,2.026010274887085,47.123077392578125,0.1,1.1586112976074219,500000,-3.06,17.24,-51.79,42.36,-1.9638,0.5,-8.483611106872559,0.13849511742591858,6.550996780395508,2.244051694869995,0.1641315370798111,8.979817390441895,12.792937278747559,6.805204391479492,0.05,30916,1.0163939850727168,37.21847394791984,262,6.047528066603762,-1.42171214528774,0.545438075971772,0.6745036923534427,0.24557745697917857,0.07991885066737872,3.492,1047.551,12.548,18.019,20825,360.0,0.0,0.0,378.535,74.141,0.1959,0.0,0.0,1153.832,2515.0,0.4341,16.22,0.0681,1.376,0.68,0.236,0.084,9,3
148,BiLevel,13.0,1.3,5.084,15,0.3993,-1662.162,464.17,4973,262,6.24,37.17,-59.95,59.95,-0.3342,0.2582,1.413964867591858,0.3968241214752197,13.6146240234375,7.13004207611084,0.37502363324165344,12.86040210723877,17.261571884155273,14.211885452270508,5.953914642333984,62.540435791015625,0.1,1.1534655094146729,500000,-0.4,15.83,-58.14,48.83,-1.1878,0.5,-8.55224323272705,0.13361766934394836,5.133477210998535,0.8391313552856445,0.15118278563022614,9.033132553100586,11.130206108093262,7.107202053070068,0.05,31178,6.241520622972135,37.168285418110884,262,8.191877041051262,2.1587544519650312,0.5506396694678313,0.6741281492916947,0.24611708269442165,0.07975476801388359,8.137,2766.712,12.815,17.899,20084,360.0,0.0,0.0,359.938,12.873,0.0358,0.0,0.0,5.073,48.0,0.5265,14.41,0.1172,1.533,0.68,0.237,0.084,14,1
149,BiLevel,12.9,1.4,5.182,14,0.4643,-1766.25,506.197,4970,262,-3.66,38.34,-59.94,59.99,-0.3554,0.2615,1.2647929191589355,0.37071093916893005,15.414944648742676,8.963226318359375,0.32593268156051636,12.746413230895996,9.135987281799316,14.223658561706543,10.140251159667969,67.88565826416016,0.1,1.1483434438705444,500000,-1.87,15.92,-53.51,47.96,-1.7811,0.5,-8.630072593688965,0.13222233951091766,6.327317714691162,2.0449585914611816,0.17996662855148315,9.11973762512207,10.28968334197998,9.047209739685059,0.05,31440,-3.6592427720220186,38.337361896881845,262,7.765921292257936,2.3064295649528503,0.5679999588643865,0.6741443122600069,0.24618635055551097,0.07966933718448209,5.724,1717.175,12.442,17.625,21190,360.0,0.0,0.0,360.085,13.198,0.0367,0.0,0.0,4.828,69.0,0.4721,10.75,0.1291,2.091,0.657,0.266,0.078,11,3
150,BiLevel,13.4,1.4,4.108,15,0.5007,-1651.631,456.412,4970,262,2.93,36.87,-59.97,60.0,-0.3323,0.248,0.9446926712989807,0.31934136152267456,9.514002799987793,3.0906805992126465,0.34138399362564087,12.316778182983398,7.055323123931885,13.549095153808594,5.301105499267578,51.27629089355469,0.1,1.1432832479476929,500000,-1.99,17.71,-61.96,53.27,-1.537,0.5,-8.640751838684082,0.14053940773010254,5.604949951171875,1.3373901844024658,0.19678449630737305,9.140527725219727,2.867415428161621,11.438148498535156,0.05,31702,2.928747429014362,36.868024293618156,262,9.60036297024865,1.8752770771517564,0.538505533313188,0.673546860201912,0.24684552717840297,0.0796076126196851,7.959,2387.606,12.548,16.657,20455,360.0,0.0,0.0,359.996,13.623,0.0378,0.0,0.0,5.156,53.0,0.5551,10.83,0.0774,2.135,0.645,0.279,0.076,12,3
151,BiLevel,14.3,1.1,16.682,11,0.5448,-2029.916,692.92,4971,262,-5.38,37.93,-59.84,59.95,-0.4084,0.3336,1.1969850063323975,0.3846742808818817,12.56161117553711,6.167868137359619,0.3479503095149994,12.596454620361328,12.612337112426758,13.740407943725586,4.165575981140137,54.415626525878906,0.1,1.138305425643921,500000,-3.89,18.64,-60.37,51.76,-4.3341,0.5,-8.568381309509277,0.13949458301067352,5.402373313903809,1.1477937698364258,0.20954947173595428,9.057975769042969,4.123263835906982,21.69881820678711,0.05,31964,-5.376023379757586,37.933944541915984,262,8.763985751098707,-3.6404911684558576,0.5691910200570097,0.6764905258698521,0.2443809460826026,0.07912852804754521,-0.612,-159.083,12.465,29.147,22980,360.0,0.0,0.0,409.358,80.051,0.1956,0.0,0.0,3101.298,6498.0,0.7499,10.37,0.0936,2.228,0.674,0.247,0.08,8,3
152,BiLevel,12.7,1.4,4.78,15,0.6555,-1716.996,478.421,4970,262,-0.71,38.33,-59.95,60.0,-0.3455,0.2512,0.7124002575874329,0.30276280641555786,9.379528045654297,3.019350528717041,0.3318755626678467,13.090140342712402,7.224141597747803,14.82606029510498,3.2777507305145264,43.02278137207031,0.1,1.133406639099121,500000,-0.54,17.31,-58.66,51.6,-1.6755,0.5,-8.83338451385498,0.14051681756973267,5.336000442504883,1.0919344425201416,0.19803549349308014,9.328253746032715,0.8036089539527893,8.457284927368164,0.05,32226,-0.7111194876620407,38.334831475263336,262,2.9224549080196183,-3.4061397100749766,0.567747000828501,0.675951055869526,0.2449273526738833,0.07912159145659066,4.059,1217.623,12.503,17.283,20920,360.0,0.0,0.0,360.0,14.68,0.0408,0.0,0.0,5.298,51.0,0.6673,8.32,0.0874,2.47,0.676,0.244,0.079,12,3
153,BiLevel,12.5,1.2,4.793,14,0.5145,-1810.226,524.02,4971,262,-11.0,37.04,-59.99,59.97,-0.3642,0.2624,0.5775194764137268,0.3320903480052948,12.408961296081543,6.081357479095459,0.2888692021369934,12.011087417602539,14.888280868530273,13.585835456848145,6.736072540283203,41.440799713134766,0.1,1.128480076789856,500000,-1.11,17.35,-62.67,39.13,-1.6953,0.5,-8.85412883758545,0.141306072473526,5.0655903816223145,0.834426760673523,0.19113808870315552,9.351021766662598,2.137352228164673,12.556081771850586,0.05,32488,-10.99649570148953,37.04290083766059,262,-2.208022967137788,-10.079415987039868,0.5743706351940019,0.6758660595781872,0.24504932899278084,0.07908461142903178,-6.843,-2053.033,12.122,16.916,20437,360.0,0.0,0.0,359.988,13.314,0.037,0.0,0.0,5.996,48.0,0.531,7.73,0.0618,2.488,0.676,0.245,0.079,11,3
154,BiLevel,12.9,1.1,4.414,15,0.5579,-1665.496,460.089,4970,262,-1.75,37.53,-59.95,59.99,-0.3351,0.2571,0.6622895002365112,0.33080175518989563,9.297168731689453,2.9985923767089844,0.30638357996940613,12.370088577270508,5.381977081298828,13.614526748657227,3.290058135986328,50.267364501953125,0.1,1.123603343963623,500000,-2.86,17.75,-68.81,46.19,-1.0799,0.5,-8.904067039489746,0.1330457180738449,4.935647010803223,0.7160362005233765,0.149718776345253,9.389900207519531,1.540623664855957,7.6138691902160645,0.05,32750,-1.7524592489731203,37.53219270470261,262,-3.5348106798372774,-5.931197840289066,0.5526259363942341,0.6753029757162766,0.24565441189428674,0.0790426123894366,-2.738,-876.125,12.509,16.924,20288,360.0,0.0,0.0,359.938,12.304,0.0342,0.0,0.0,4.698,46.0,0.5972,8.47,0.0536,2.434,0.676,0.245,0.079,14,1
155,BiLevel,12.5,1.0,5.382,15,0.5855,-1689.611,483.53,4971,262,-2.73,37.94,-60.0,60.0,-0.3399,0.2636,0.5325239300727844,0.31778061389923096,16.118867874145508,9.850507736206055,0.302335262298584,12.870210647583008,15.477543830871582,14.587995529174805,4.241175651550293,60.590213775634766,0.1,1.1187437772750854,500000,-3.07,18.92,-69.51,56.39,-1.2819,0.5,-8.97138500213623,0.14288555085659027,4.838228225708008,0.6272361278533936,0.14991503953933716,9.473469734191895,5.7617106437683105,11.145638465881348,0.05,33012,-2.7265084254227725,37.93899196902671,262,3.926991088923655,-2.119486755446384,0.5590911451561938,0.6749150808287009,0.2461133283772617,0.0789715907940375,1.251,400.244,12.287,17.669,20154,360.0,0.0,0.0,360.077,13.238,0.0368,0.0,0.0,5.13,56.0,0.5875,9.4,0.0515,2.391,0.675,0.246,0.079,14,1
156,BiLevel,12.7,1.2,4.263,14,0.446,-1625.663,441.147,4969,262,0.84,37.58,-59.98,60.0,-0.3272,0.25,0.5300517678260803,0.25951486825942993,9.694991111755371,3.462130069732666,0.26438528299331665,12.346012115478516,13.86450481414795,13.600600242614746,3.008923053741455,35.16611862182617,0.1,1.1138734817504883,500000,-1.14,19.21,-55.89,66.2,-1.5729,0.5,-9.039084434509277,0.13875843584537506,4.865391731262207,0.6673792004585266,0.19383454322814941,9.535701751708984,1.4518814086914062,6.038365840911865,0.05,33274,0.8368292161323314,37.58337647903124,262,10.08006644123479,-1.3836736283804245,0.5505955135194254,0.674762800962705,0.24631376747632883,0.07892343156096615,6.909,2072.801,12.606,16.869,21482,360.0,0.0,0.0,360.031,18.777,0.0522,0.0,0.0,8.248,137.0,0.676,10.14,0.053,2.301,0.675,0.246,0.079,11,3
157,BiLevel,12.8,1.2,3.789,15,0.5586,-1643.036,462.09,4970,262,-4.16,36.51,-59.96,59.99,-0.3306,0.2517,0.49065980315208435,0.2715655565261841,16.673677444458008,10.472538948059082,0.252496600151062,12.369389533996582,19.351776123046875,13.71273422241211,4.6058220863342285,44.640281677246094,0.1,1.1091012954711914,500000,-2.07,17.68,-61.25,48.35,-0.8993,0.5,-9.00927734375,0.14466771483421326,5.609161376953125,1.426464557647705,0.19305111467838287,9.520970344543457,2.771246910095215,15.514832496643066,0.05,33536,-4.1641514932515635,36.50507747353242,262,8.506166868088277,-0.14366135189407792,0.5374211424101974,0.6740936443591503,0.24699509985731052,0.07891125578353918,1.469,440.786,12.252,16.041,19879,360.0,0.0,0.0,359.981,13.256,0.0368,0.0,0.0,4.653,48.0,0.6874,10.95,0.0521,2.219,0.675,0.246,0.079,16,0
158,BiLevel,13.4,1.1,6.368,12,0.4328,-1846.295,621.578,4972,262,-2.32,37.5,-59.99,59.92,-0.3713,0.3174,0.6618662476539612,0.32376784086227417,12.701940536499023,6.52548885345459,0.28032270073890686,12.896078109741211,19.554113388061523,14.312372207641602,5.190406799316406,41.34735107421875,0.1,1.1044330596923828,500000,-2.71,17.83,-60.59,60.97,-2.1313,0.5,-9.132905960083008,0.1400260031223297,6.298557281494141,2.1287825107574463,0.16631968319416046,9.635334968566895,12.739272117614746,7.166361331939697,0.05,33798,-2.3204430598621006,37.49522544434629,262,9.487948498600408,2.439657067625146,0.5521515322278474,0.6751113095143713,0.24603668507850607,0.07885200540712271,6.454,1807.221,12.518,18.886,20970,360.0,0.0,0.0,373.731,72.496,0.194,0.0,0.0,813.176,1893.0,0.6573,11.78,0.0515,2.152,0.674,0.247,0.079,9,3
159,BiLevel,12.8,1.2,3.91,13,0.5548,-1724.227,475.315,4970,262,2.17,38.31,-60.0,59.98,-0.3469,0.2592,0.3307846486568451,0.3496968746185303,8.770696640014648,2.620102882385254,0.35195624828338623,11.921741485595703,5.754696846008301,13.553114891052246,7.117157459259033,62.080204010009766,0.1,1.0998167991638184,500000,-1.8,18.19,-55.02,56.21,-1.5875,0.5,-9.046235084533691,0.14964605867862701,5.4371490478515625,1.2801612615585327,0.20076903700828552,9.561836242675781,15.992938041687012,10.682034492492676,0.05,34060,2.169442463828854,38.31379954061659,262,8.665782523155212,-2.408751514710878,0.565497575001662,0.6752370384938348,0.24584038557343119,0.07892257593273402,5.076,1522.652,12.931,16.841,19825,360.0,0.0,0.0,361.023,49.524,0.1372,0.0,0.0,58.546,337.0,0.5302,12.61,0.0504,2.144,0.675,0.246,0.079,10,3
160,BiLevel,12.9,1.2,7.169,14,0.5841,-1894.676,563.454,4971,262,-12.45,36.84,-60.0,59.97,-0.3811,0.282,0.1455855816602707,0.31921058893203735,8.709931373596191,2.5952157974243164,0.2698405086994171,12.90800952911377,8.832858085632324,14.502552032470703,1.406782865524292,60.93801498413086,0.1,1.0952502489089966,500000,-2.67,15.85,-58.39,46.76,-2.1938,0.5,-9.244670867919922,0.14531616866588593,5.904362201690674,1.757856011390686,0.1544313281774521,9.752010345458984,28.476411819458008,11.508502006530762,0.05,34322,-12.45386433988297,36.840944568607505,262,3.3449818968380747,-12.708447700582052,0.579123289269357,0.6755674770045743,0.2456151208062734,0.07881740218915233,-5.802,-1740.675,12.106,19.275,21026,360.0,0.0,0.0,359.85,12.85,0.0357,0.0,0.0,4.626,46.0,0.6425,13.59,0.0507,2.088,0.675,0.246,0.079,11,3
161,BiLevel,13.1,1.5,3.614,13,0.5029,-1642.02,473.238,4970,262,1.47,36.58,-60.0,59.97,-0.3304,0.264,0.20961549878120422,0.3654574155807495,7.883868217468262,1.7807995080947876,0.42835354804992676,13.028278350830078,6.345498085021973,14.803991317749023,2.742906332015991,73.82284545898438,0.1,1.0907164812088013,500000,-2.57,18.86,-47.41,50.44,-1.5145,0.5,-9.274698257446289,0.13570313155651093,5.051525592803955,0.9156571626663208,0.1706889271736145,9.757898330688477,0.6430453062057495,6.467817783355713,0.05,34584,1.4676499207862006,36.57570566090589,262,3.1666539875692443,-1.6975500301310888,0.5339108615958879,0.6756565422782996,0.24546965416531744,0.07887380355638292,2.965,889.37,12.501,16.115,19460,360.0,0.0,0.0,360.131,36.165,0.1004,0.0,0.0,18.332,173.0,0.7063,14.56,0.0509,2.013,0.676,0.246,0.079,10,3
162,BiLevel,13.6,1.3,5.769,12,0.6503,-1911.933,655.76,4971,262,1.18,36.05,-59.84,59.92,-0.3846,0.3247,-0.051093731075525284,0.3008210062980652,8.822102546691895,2.7623305320739746,0.28159093856811523,12.78395938873291,13.483494758605957,14.660619735717773,2.5434417724609375,47.462608337402344,0.1,1.0862401723861694,500000,-2.26,18.61,-61.52,49.56,-2.0596,0.5,-9.241437911987305,0.13868044316768646,4.880640983581543,0.7567936182022095,0.15946060419082642,9.737225532531738,19.596139907836914,11.935060501098633,0.05,34846,1.1802420492093464,36.04986297936835,262,8.783415928169301,-1.5738331418288383,0.5246440184508029,0.6764645413809114,0.24458036646289508,0.07895509215619359,4.866,1265.114,12.545,18.313,21768,360.0,0.0,0.0,379.685,79.544,0.2095,0.0,0.0,1158.954,2727.0,0.8016,15.44,0.0524,1.884,0.676,0.245,0.079,9,3
163,BiLevel,13.4,1.2,5.891,14,0.568,-1651.781,461.646,4970,262,11.6,35.56,-59.68,59.97,-0.3324,0.2623,0.403938353061676,0.2938518524169922,12.120193481445312,6.093325614929199,0.22821162641048431,13.324530601501465,17.460325241088867,14.570883750915527,1.6413447856903076,31.766691207885742,0.1,1.081835150718689,500000,-2.2,17.54,-50.19,49.88,-1.928,0.5,-9.366308212280273,0.13983669877052307,5.172503471374512,1.0597467422485352,0.18039056658744812,9.86092472076416,11.183109283447266,5.826869964599609,0.05,35108,11.59573601322882,35.55956369114007,262,11.165301977803832,3.3034114376494763,0.5464907138998883,0.6765593947807116,0.2445416673255333,0.07889893789375503,10.342,3309.455,13.278,19.169,21497,360.0,0.0,0.0,360.415,34.988,0.0971,0.0,0.0,12.653,217.0,0.807,16.22,0.0539,1.728,0.678,0.241,0.08,11,3
164,BiLevel,13.1,1.3,4.914,15,0.5952,-1754.627,498.708,4972,262,-3.4,37.02,-59.95,59.99,-0.3529,0.261,0.03129652142524719,0.2699538469314575,12.054065704345703,6.04896879196167,0.3052642345428467,12.830972671508789,20.5261173248291,14.475321769714355,6.599325656890869,66.67749786376953,0.1,1.077415943145752,500000,-4.33,18.36,-63.52,36.87,-1.1526,0.5,-9.64610481262207,0.1389579027891159,5.854637145996094,1.7510846853256226,0.17280003428459167,10.149490356445312,10.377540588378906,5.892333507537842,0.05,35370,-3.396176729858527,37.018765948358435,262,5.6126812687045655,-2.001484133695301,0.5469969825175048,0.6760867085656123,0.24505704297407355,0.07885624846031417,1.162,371.999,12.412,17.326,20457,360.0,0.0,0.0,360.069,12.386,0.0344,0.0,0.0,4.401,36.0,0.5796,16.67,0.0573,1.567,0.682,0.236,0.082,16,0
165,BiLevel,12.5,1.4,4.726,15,0.3433,-1725.875,483.293,4971,262,1.36,39.23,-59.94,59.95,-0.3472,0.2563,-0.14451716840267181,0.26350322365760803,8.072504043579102,2.102752447128296,0.23785097897052765,13.11708927154541,8.633851051330566,14.729942321777344,8.20340633392334,30.049776077270508,0.1,1.0730775594711304,500000,-2.09,16.96,-66.59,38.33,-1.579,0.5,-9.56420612335205,0.13887380063533783,5.332039833068848,1.2397737503051758,0.181550070643425,10.063899993896484,2.7680110931396484,6.269904613494873,0.05,35632,1.3623111727935067,39.23133847239647,262,11.82503614884458,2.4073508069703453,0.5819560616924271,0.6756788686287741,0.24562864177286556,0.07869248959836043,8.742,2622.667,12.681,17.407,20948,360.0,0.0,0.0,360.142,12.067,0.0335,0.0,0.0,4.508,38.0,0.4834,16.15,0.0777,1.466,0.683,0.233,0.084,12,3
166,BiLevel,12.7,1.4,4.244,15,0.5766,-1766.424,509.573,4971,262,-5.77,39.27,-59.97,59.93,-0.3553,0.2641,-0.08186642080545425,0.2209225744009018,9.874946594238281,3.9381110668182373,0.21431490778923035,12.756468772888184,14.000533103942871,14.325666427612305,7.297031879425049,29.6837158203125,0.1,1.068770408630371,500000,-2.72,15.91,-51.03,38.78,-1.0087,0.5,-9.422500610351562,0.14333650469779968,5.065795421600342,0.986288845539093,0.17085719108581543,9.931352615356445,5.167291164398193,12.684250831604004,0.05,35894,-5.766575312588137,39.26882416540615,262,7.220585999059443,-9.765934570212114,0.5934938973615571,0.6750992144051015,0.24622992333029284,0.07867086226460573,-5.046,-1513.911,12.263,16.507,21103,360.0,0.0,0.0,360.058,11.188,0.0311,0.0,0.0,4.004,38.0,0.3607,13.99,0.1013,1.658,0.681,0.237,0.082,15,0
167,BiLevel,13.1,1.3,6.404,12,0.5778,-2008.89,707.159,4970,262,-4.02,37.85,-60.0,60.0,-0.4042,0.3371,-0.043119609355926514,0.22868525981903076,8.520892143249512,2.6125378608703613,0.2352071851491928,13.504117012023926,12.158148765563965,14.936317443847656,4.057205677032471,43.66704177856445,0.1,1.064491629600525,500000,-2.33,17.25,-52.84,49.42,-2.1736,0.5,-9.739666938781738,0.1480010747909546,4.771454334259033,0.6988288760185242,0.20684906840324402,10.254712104797363,0.7079997658729553,8.740556716918945,0.05,36156,-4.023699891707397,37.847572594898644,262,0.8893569618561553,-3.5509804100582487,0.561543661564543,0.6760384160918501,0.24527487184005825,0.07868671206809162,1.748,489.572,12.303,18.707,21124,360.0,0.0,0.0,371.573,84.501,0.2274,0.0,0.0,779.187,1805.0,0.7759,14.82,0.1057,1.467,0.674,0.248,0.079,9,3
168,BiLevel,13.4,1.3,4.197,12,0.4622,-1948.799,677.081,4970,262,-2.57,37.45,-60.0,59.99,-0.3921,0.3256,-0.04305639863014221,0.23703798651695251,8.722679138183594,2.8461387157440186,0.2087368667125702,12.985898971557617,11.031591415405273,14.252069473266602,10.584829330444336,71.30279541015625,0.1,1.060288429260254,500000,-4.52,18.37,-66.24,56.04,-1.7073,0.5,-9.815766334533691,0.1437893807888031,4.699398040771484,0.6359390020370483,0.15829035639762878,10.323171615600586,2.4078474044799805,11.280255317687988,0.05,36418,-2.56755603102806,37.449383084553304,262,1.845627482313859,-18.683338387937923,0.5514687332903373,0.6766196284749189,0.2446405935722725,0.07873977795280865,-8.666,-2599.792,12.3,16.496,19836,360.0,0.0,0.0,372.131,80.628,0.2167,0.0,0.0,774.462,1813.0,0.8834,12.99,0.177,1.885,0.67,0.252,0.078,9,3
169,BiLevel,14.4,1.1,15.627,11,0.4156,-1921.67,635.314,4970,262,-6.88,38.64,-60.0,60.0,-0.3867,0.3281,-0.04752860963344574,0.24021440744400024,9.68143081665039,3.8251583576202393,0.266946405172348,13.1853666305542,12.277315139770508,14.103706359863281,1.6910980939865112,40.97916793823242,0.1,1.0561388731002808,500000,-4.19,16.47,-56.48,46.55,-4.0126,0.5,-9.782829284667969,0.13747011125087738,6.202610015869141,2.1521759033203125,0.16097086668014526,10.278597831726074,4.866471767425537,9.183615684509277,0.05,36680,-6.883771922710301,38.64151691983573,262,3.4408207077729074,-20.805487242497897,0.5849792467452346,0.6792454147199438,0.24248118376266511,0.07827340151739112,-5.343,-1389.255,12.339,27.966,23176,360.0,0.0,0.0,404.523,78.983,0.1952,0.0,0.0,2717.966,5882.0,0.873,13.08,0.1232,2.27,0.598,0.332,0.07,8,3
170,BiLevel,12.8,1.1,5.57,14,0.5873,-1583.018,426.063,4970,262,10.36,36.99,-59.83,59.99,-0.3185,0.253,-0.2224864959716797,0.2478691041469574,8.222270965576172,2.3970441818237305,0.24420946836471558,13.255231857299805,8.611944198608398,14.836963653564453,3.796963691711426,31.930686950683594,0.1,1.0520707368850708,500000,-1.89,17.42,-55.17,52.51,-1.8885,0.5,-9.84917163848877,0.13478292524814606,4.515847206115723,0.47813645005226135,0.17893816530704498,10.342205047607422,5.488511085510254,5.926968574523926,0.05,36942,10.357149593476244,36.99298546045263,262,14.174633700753514,4.653994619846344,0.5660037079900306,0.6792615496910096,0.24249332895686398,0.07824512135212658,15.798,4739.391,13.273,18.843,21369,360.0,0.0,0.0,359.942,21.754,0.0604,0.0,0.0,11.706,210.0,1.0543,15.38,0.0708,1.93,0.656,0.269,0.076,11,3
171,BiLevel,13.2,1.2,8.809,13,0.4602,-1860.196,631.781,4970,262,7.65,38.0,-59.93,59.97,-0.3743,0.3233,-0.050284817814826965,0.2668752372264862,8.710676193237305,2.907456874847412,0.30794113874435425,13.809503555297852,11.462041854858398,15.052364349365234,3.8206703662872314,45.12628173828125,0.1,1.04803466796875,500000,-2.4,16.15,-48.19,46.96,-2.5563,0.5,-9.744586944580078,0.1440436840057373,5.779974460601807,1.7535879611968994,0.16564372181892395,10.261039733886719,9.296836853027344,5.697020053863525,0.05,37204,7.650712485263645,38.00353720018138,262,18.76306229453338,5.549949534002104,0.5751501440112068,0.6802701453666654,0.24167360912751454,0.07805624550582,12.019,3605.662,13.059,21.869,21464,360.0,0.0,0.0,364.519,82.151,0.2254,0.0,0.0,294.561,695.0,0.8824,15.02,0.0894,1.942,0.681,0.24,0.079,10,3
172,BiLevel,12.7,1.3,4.619,15,0.4881,-1735.76,500.475,4969,262,-0.55,39.24,-59.96,59.98,-0.3493,0.2609,-0.126687690615654,0.24672594666481018,11.12062931060791,5.3533735275268555,0.22722668945789337,13.26541805267334,14.595548629760742,14.521986961364746,4.828126430511475,30.194580078125,0.1,1.0440367460250854,500000,-2.88,17.06,-51.27,40.64,-1.6005,0.5,-9.955154418945312,0.14629843831062317,5.1224565505981445,1.1053919792175293,0.16820025444030762,10.47173023223877,18.375776290893555,5.33616828918457,0.05,37466,-0.5522061497314904,39.2363064806983,262,11.398827642516085,-8.631411061161442,0.5854204222611583,0.6797775897563461,0.24224565922825303,0.07797675101540101,0.256,81.847,12.601,17.22,20469,360.0,0.0,0.0,360.0,12.381,0.0344,0.0,0.0,4.389,40.0,0.7438,13.65,0.1023,2.336,0.68,0.241,0.078,12,3
173,BiLevel,12.8,1.3,4.844,13,0.5247,-1734.911,490.584,4970,262,4.34,39.12,-59.91,60.0,-0.3491,0.2571,-0.6288307905197144,0.2546614110469818,6.331914901733398,0.5935404300689697,0.23484273254871368,12.988862991333008,5.87151575088501,14.597312927246094,3.0949838161468506,24.35943603515625,0.1,1.0400478839874268,500000,-5.69,18.38,-53.73,44.44,-1.7679,0.5,-10.166679382324219,0.14623627066612244,5.116979598999023,1.1079213619232178,0.1707950234413147,10.679476737976074,1.490579605102539,8.264213562011719,0.05,37728,4.340234477241229,39.11962237881158,262,5.168646168414699,-0.31800294957662906,0.5859119040339646,0.6800598466458642,0.24194799514310064,0.07799215821103518,6.42,1926.086,13.03,17.874,20600,360.0,0.0,0.0,362.688,65.573,0.1808,0.0,0.0,126.496,563.0,0.6419,13.52,0.0732,2.442,0.677,0.245,0.078,10,3
174,BiLevel,13.4,1.3,5.135,16,0.488,-1605.424,433.607,4971,262,14.47,36.85,-59.92,59.95,-0.323,0.2512,-0.41819775104522705,0.21400995552539825,8.6068754196167,2.9002504348754883,0.20783741772174835,13.422700881958008,12.602774620056152,14.603129386901855,7.1591973304748535,26.4033145904541,0.1,1.0361114740371704,500000,-2.16,16.56,-56.04,43.21,-1.3692,0.5,-10.084619522094727,0.14695917069911957,5.866567611694336,1.8682034015655518,0.165552020072937,10.602787017822266,5.69918966293335,24.533185958862305,0.05,37990,14.467875875975524,36.84991858920822,262,17.255954442212456,5.521270621450324,0.5883973479001486,0.679290535929628,0.24286064958759454,0.07784881448277753,13.561,4610.821,13.549,18.684,20668,360.0,0.0,0.0,359.912,11.382,0.0316,0.0,0.0,4.485,43.0,0.8311,13.95,0.0677,2.381,0.68,0.242,0.078,14,2
175,BiLevel,12.8,1.3,4.482,15,0.599,-1729.21,500.934,4970,262,1.05,38.84,-59.88,59.97,-0.3479,0.2595,-0.6712550520896912,0.22680681943893433,8.075153350830078,2.39054536819458,0.27512386441230774,13.177682876586914,12.982577323913574,14.728407859802246,4.243093967437744,40.89442825317383,0.1,1.0321816205978394,500000,-4.65,17.67,-62.98,58.53,-1.2775,0.5,-9.949260711669922,0.14776375889778137,5.1170573234558105,1.1323378086090088,0.1597650796175003,10.463300704956055,8.314042091369629,10.83208179473877,0.05,38252,1.0477250154296938,38.842908697069795,262,9.36802194777288,-8.131508445033901,0.5767079809933523,0.6787420749991923,0.2434255262424192,0.07783239875838845,-0.641,-205.1,12.732,17.215,19458,360.0,0.0,0.0,359.9,11.512,0.032,0.0,0.0,3.802,58.0,0.665,14.29,0.0609,2.295,0.679,0.243,0.078,13,2
176,BiLevel,13.2,1.3,8.221,15,0.7095,-1538.122,407.437,4970,262,14.84,37.46,-60.0,60.0,-0.3095,0.252,-0.6852871179580688,0.2824934422969818,9.44694709777832,3.7919318675994873,0.24833928048610687,13.238574981689453,16.228342056274414,15.086374282836914,5.6286234855651855,51.03726577758789,0.1,1.0282572507858276,500000,-3.3,15.93,-50.41,58.26,-2.3874,0.5,-10.27907657623291,0.13874155282974243,5.750545024871826,1.7717596292495728,0.16369950771331787,10.784159660339355,6.052987575531006,8.69709300994873,0.05,38514,14.840700116552698,37.46341933675298,262,21.138587690027137,10.554718965448831,0.6037804275333748,0.6788088337854045,0.24347741818042543,0.07771374803417008,22.247,7119.004,13.645,21.866,20715,360.0,0.0,0.0,359.938,12.453,0.0346,0.0,0.0,3.87,58.0,0.9278,14.88,0.0623,2.128,0.679,0.243,0.078,12,3
177,BiLevel,13.9,1.4,8.221,14,0.5749,-1678.201,473.824,4970,262,13.95,38.2,-59.84,60.0,-0.3377,0.2747,-0.580418050289154,0.20498815178871155,7.398838996887207,1.7776800394058228,0.2140481024980545,13.137277603149414,8.175575256347656,14.443428993225098,3.5836362838745117,27.52426528930664,0.1,1.0243542194366455,500000,-3.07,16.98,-66.59,48.92,-2.4057,0.5,-10.36418342590332,0.14711345732212067,4.588571071624756,0.6191734075546265,0.16103045642375946,10.878486633300781,16.752578735351562,6.221034049987793,0.05,38776,13.947853761191444,38.20248064877997,262,28.97282186056438,10.585158192170294,0.6108442495482809,0.6792912480526301,0.2431377448114108,0.07757100713595931,19.714,5914.149,13.562,21.783,22066,360.0,0.0,0.0,360.535,27.379,0.0759,0.0,0.0,22.611,174.0,0.7828,14.92,0.0662,2.037,0.679,0.243,0.078,11,3
178,BiLevel,12.9,1.1,4.86,15,0.5414,-1618.828,436.327,4972,262,3.26,38.53,-59.79,59.95,-0.3256,0.2418,-0.5471533536911011,0.2120225429534912,9.62295913696289,4.032943248748779,0.20429068803787231,13.861321449279785,19.29850196838379,15.267029762268066,6.585409164428711,33.66538619995117,0.1,1.0205323696136475,500000,-4.26,18.18,-73.45,53.82,-1.3408,0.5,-10.310766220092773,0.14178484678268433,5.308475494384766,1.3502624034881592,0.15740028023719788,10.813680648803711,13.813911437988281,13.891353607177734,0.05,39038,3.2602684779949818,38.525732837654125,262,20.853800226199,-2.3397229953816066,0.5715617528613142,0.6788339240623756,0.24365462599362384,0.07751144994400053,7.338,2201.465,12.731,17.591,20330,360.0,0.0,0.0,359.927,11.943,0.0332,0.0,0.0,4.034,53.0,0.8008,14.59,0.0727,2.0,0.679,0.243,0.078,13,2
179,BiLevel,13.1,1.3,5.306,16,0.3974,-1716.839,498.333,4971,262,12.42,38.48,-59.94,59.97,-0.3454,0.2591,-0.38047555088996887,0.20801496505737305,9.40523624420166,3.842960834503174,0.19802391529083252,13.806029319763184,18.352514266967773,14.68807601928711,1.362774133682251,28.028339385986328,0.1,1.016769528388977,500000,-3.29,18.06,-61.81,50.87,-1.2218,0.5,-10.273478507995605,0.14804819226264954,4.765893459320068,0.8189140558242798,0.18795230984687805,10.784202575683594,9.224971771240234,12.314712524414062,0.05,39300,12.422784794156078,38.477324411316474,262,24.969407709962443,4.569883027045351,0.6054644362184938,0.6781450192848106,0.244534348975591,0.07732063173959831,16.69,5674.59,13.512,18.819,20717,360.0,0.0,0.0,359.892,12.81,0.0356,0.0,0.0,4.679,50.0,0.5743,14.87,0.06,1.877,0.679,0.244,0.078,15,1
180,BiLevel,13.0,1.3,6.926,14,0.5033,-1620.978,446.566,4970,262,4.77,40.24,-59.9,59.91,-0.3262,0.2458,-0.37268680334091187,0.1999504566192627,8.035017013549805,2.502911329269409,0.19455115497112274,13.879799842834473,10.586398124694824,14.8790922164917,3.4735589027404785,22.718196868896484,0.1,1.0130033493041992,500000,-2.23,16.58,-58.66,83.72,-2.126,0.5,-10.3640775680542,0.13708382844924927,4.966949939727783,1.0276873111724854,0.15240967273712158,10.854410171508789,0.6501652002334595,11.776308059692383,0.05,39562,4.773623119563734,40.24207339624634,262,20.534919647597953,-1.0635190980999103,0.6065984210815982,0.6784300174726958,0.2443704068854151,0.07719957564188919,8.695,2608.379,12.952,19.878,20682,360.0,0.0,0.0,360.004,14.451,0.0401,0.0,0.0,4.969,83.0,0.6389,15.6,0.0562,1.698,0.678,0.245,0.077,11,3
181,BiLevel,12.9,1.4,4.171,13,0.5677,-1721.792,493.84,4970,262,0.99,40.2,-59.91,59.94,-0.3464,0.2551,-0.7317705750465393,0.256233811378479,8.354870796203613,2.8460428714752197,0.244608074426651,12.92088508605957,11.465682029724121,14.344931602478027,2.2040417194366455,41.559452056884766,0.1,1.009307622909546,500000,-3.09,18.4,-61.92,51.47,-1.6346,0.5,-10.521730422973633,0.1502836048603058,4.933382987976074,1.0035896301269531,0.16548776626586914,11.045092582702637,18.73235321044922,9.947474479675293,0.05,39824,0.9919076964937495,40.204374767459264,262,14.921283120348267,-14.094919440620822,0.5993753299879132,0.6785788373679503,0.24415476041942233,0.07726640221262744,3.264,979.248,12.678,16.849,19194,360.0,0.0,0.0,360.696,41.66,0.1155,0.0,0.0,38.011,233.0,0.472,16.12,0.0547,1.57,0.681,0.24,0.079,10,3
182,BiLevel,13.5,1.3,3.765,15,0.4527,-1559.268,413.447,4969,262,10.49,39.34,-59.76,59.94,-0.3138,0.2439,-0.4808526337146759,0.19694839417934418,9.291996955871582,3.8158504962921143,0.19492091238498688,14.548364639282227,19.363719940185547,15.183576583862305,2.3454911708831787,28.69428062438965,0.1,1.0056090354919434,500000,-3.74,16.56,-63.95,47.52,-1.4123,0.5,-10.587447166442871,0.1477869153022766,4.410138130187988,0.4916910231113434,0.1718416064977646,11.101390838623047,14.687102317810059,6.602721214294434,0.05,40086,10.486750590764354,39.339240195404095,262,19.979085231454754,2.95531776986624,0.6114946758138925,0.6779738154216033,0.2448158369847587,0.07721034759363808,12.746,3823.823,13.213,16.978,20443,360.0,0.0,0.0,359.996,11.131,0.0309,0.0,0.0,3.641,47.0,0.6986,16.97,0.0593,1.271,0.683,0.236,0.081,12,3
183,BiLevel,13.3,1.3,3.61,15,0.5707,-1638.515,449.697,4971,262,12.53,38.09,-59.93,59.95,-0.3296,0.2498,-0.7938137054443359,0.21034927666187286,7.670701026916504,2.218505859375,0.22619181871414185,14.237671852111816,10.083457946777344,15.406478881835938,7.630338668823242,27.025785446166992,0.1,1.0019490718841553,500000,-1.83,17.43,-54.99,48.22,-1.0984,0.5,-10.519208908081055,0.13914158940315247,4.792241096496582,0.8858712911605835,0.15476492047309875,11.010150909423828,11.889037132263184,7.338078498840332,0.05,40348,12.525250819291575,38.090803241935745,262,22.889477323858358,5.785203966027812,0.6000745406936763,0.6773038977561164,0.2454770966380259,0.07721900560585772,15.428,4936.851,13.295,16.905,18935,360.0,0.0,0.0,359.938,14.068,0.0391,0.0,0.0,5.092,48.0,0.6373,16.17,0.1012,1.107,0.687,0.23,0.083,13,2
184,BiLevel,13.9,1.3,19.225,11,0.3386,-2068.225,666.079,4970,262,-7.61,40.32,-59.94,59.98,-0.4161,0.3136,-0.7565205097198486,0.21415579319000244,6.737913131713867,1.3165194988250732,0.20163249969482422,13.771697044372559,8.094610214233398,14.84322738647461,3.4318430423736572,22.34341812133789,0.1,0.9983062744140625,500000,-3.09,18.38,-76.39,48.13,-4.8107,0.5,-10.683194160461426,0.13251104950904846,6.071098327636719,2.1733860969543457,0.1500157117843628,11.180268287658691,0.7309318780899048,8.132181167602539,0.05,40610,-7.614773686813711,40.32247319893719,262,8.761595388776378,-9.952322980918382,0.614324552843192,0.6804536933431015,0.24294523652533337,0.07660107013156521,-5.449,-1416.657,12.264,31.49,23595,360.0,0.0,0.0,411.538,83.341,0.2025,0.0,0.0,3111.153,6728.0,1.1322,15.14,0.182,0.9,0.676,0.247,0.077,8,3
185,BiLevel,13.1,1.3,3.913,14,0.4186,-1580.539,433.009,4970,262,11.82,38.06,-59.81,59.96,-0.318,0.2457,-0.9018640518188477,0.20620697736740112,8.626069068908691,3.2353909015655518,0.1818893551826477,14.197282791137695,14.386280059814453,15.652308464050293,4.550009727478027,23.062911987304688,0.1,0.9947034120559692,500000,-1.84,16.05,-45.54,47.46,-1.6099,0.5,-10.8583345413208,0.14160682260990143,6.38480281829834,2.4947211742401123,0.14933642745018005,11.359475135803223,11.107431411743164,14.076746940612793,0.05,40872,11.817057536488448,38.056678545483415,262,14.688625173505983,-5.149077177988856,0.5926750292702692,0.6802438311025204,0.24319036777818462,0.07656580111929498,9.118,2735.352,13.296,17.209,19951,360.0,0.0,0.0,359.838,18.52,0.0515,0.0,0.0,8.042,98.0,1.0659,10.04,0.3959,1.68,0.597,0.336,0.067,11,3
186,BiLevel,14.3,1.2,11.8,12,0.2346,-1886.322,662.457,4971,262,2.8,39.6,-59.58,59.95,-0.3795,0.335,-0.9589530229568481,0.19437557458877563,9.090278625488281,3.7247824668884277,0.2035929411649704,14.220270156860352,15.954123497009277,15.52580738067627,5.302054405212402,39.82219314575195,0.1,0.9911655187606812,500000,-2.09,16.52,-59.04,57.01,-3.134,0.5,-10.992829322814941,0.15102753043174744,5.3276872634887695,1.4470363855361938,0.18023832142353058,11.514398574829102,11.595948219299316,7.301182746887207,0.05,41134,2.801488139247887,39.60415975744994,262,18.68363411457915,-0.1588504720675316,0.5906835391012685,0.6821512173051039,0.24164553712526698,0.07620324556962904,10.409,2706.356,13.001,24.801,22694,360.0,0.0,0.0,389.092,77.465,0.1991,0.0,0.0,1799.225,3845.0,1.06,13.75,0.1266,2.223,0.476,0.47,0.054,9,3
187,BiLevel,12.7,1.0,4.356,15,0.6895,-1662.755,476.015,4969,262,7.22,39.55,-59.94,59.99,-0.3346,0.2589,-0.8159805536270142,0.20368698239326477,8.059049606323242,2.723453998565674,0.19017207622528076,14.531600952148438,11.801410675048828,15.424838066101074,2.14320707321167,23.98858070373535,0.1,0.9876842498779297,500000,-3.43,17.46,-60.89,41.65,-1.0655,0.5,-10.943243026733398,0.14467351138591766,5.595544338226318,1.7199971675872803,0.1809927225112915,11.44851016998291,0.7975636124610901,13.972865104675293,0.05,41396,7.220517607247968,39.55126683692147,262,19.360801062889788,-0.34735426338095443,0.6013190237161122,0.6815529020672577,0.24220348025636412,0.07624361767637829,12.754,4081.149,12.965,17.322,20698,360.0,0.0,0.0,360.0,12.774,0.0355,0.0,0.0,4.103,41.0,0.8726,14.37,0.0784,2.239,0.655,0.272,0.073,14,1
188,BiLevel,13.1,1.2,6.82,15,0.4912,-1638.612,455.96,4970,262,5.04,39.59,-59.85,59.93,-0.3297,0.2457,-0.882984459400177,0.18239344656467438,7.823951244354248,2.518267869949341,0.17725341022014618,13.66260051727295,12.083446502685547,14.655647277832031,5.258153438568115,22.267295837402344,0.1,0.9842116832733154,500000,-1.11,16.28,-48.98,44.42,-2.0519,0.5,-11.135322570800781,0.1465122401714325,5.144711494445801,1.2794201374053955,0.19383077323436737,11.652471542358398,0.38533756136894226,14.52768325805664,0.05,41658,5.036635718985988,39.59312512424193,262,21.052278143481203,-1.5516992882678382,0.5959912363505662,0.6814436971679666,0.24246787787544183,0.07608842495659163,9.502,3040.538,12.843,19.663,20939,360.0,0.0,0.0,359.927,12.394,0.0344,0.0,0.0,4.966,44.0,0.7812,14.59,0.0684,2.152,0.682,0.242,0.076,12,3
189,BiLevel,13.3,1.1,7.242,15,0.4762,-1671.006,465.335,4970,262,8.62,39.09,-59.87,59.96,-0.3362,0.2545,-1.0754125118255615,0.2269667387008667,8.454870223999023,3.173621654510498,0.2080109417438507,14.096202850341797,16.886802673339844,15.546195030212402,8.5714693069458,26.260042190551758,0.1,0.980776846408844,500000,-1.79,16.93,-66.05,62.16,-2.1348,0.5,-11.009467124938965,0.13793684542179108,4.622337818145752,0.7686470746994019,0.18307830393314362,11.506999015808105,0.9179543852806091,10.272013664245605,0.05,41920,8.623725328659658,39.08904039745526,262,13.613859030486722,-1.409454406562605,0.5984319772946161,0.6814112699983887,0.2426783637152994,0.07591036628631197,5.43,1628.958,13.096,20.338,20881,360.0,0.0,0.0,359.962,13.62,0.0378,0.0,0.0,4.916,62.0,0.6404,15.57,0.0537,2.008,0.681,0.242,0.076,12,3
190,BiLevel,12.9,1.1,7.725,15,0.2615,-1679.819,459.716,4970,262,5.9,38.96,-59.93,59.89,-0.338,0.2429,-0.993987500667572,0.17772383987903595,9.145076751708984,3.8961918354034424,0.16104356944561005,14.504220008850098,20.089582443237305,15.795303344726562,3.0781853199005127,15.913640022277832,0.1,0.97737056016922,500000,-1.5,16.67,-56.39,60.21,-1.6457,0.5,-10.999327659606934,0.14348134398460388,5.5012922286987305,1.6551545858383179,0.2181442230939865,11.509294509887695,3.7902424335479736,10.6666841506958,0.05,42182,5.89922607537299,38.964174202077636,262,14.542030675630821,3.9801754006429726,0.5868447991953581,0.681536091443655,0.2428530847606377,0.07561082379570724,10.616,3184.674,13.046,20.771,21772,360.0,0.0,0.0,359.938,12.577,0.0349,0.0,0.0,4.592,60.0,0.5216,15.67,0.0619,1.882,0.684,0.239,0.078,15,0
191,BiLevel,13.7,1.2,4.928,16,0.5666,-1590.359,382.247,4970,262,22.86,37.17,-59.7,59.97,-0.32,0.2216,-0.9694690704345703,0.1671946495771408,6.220940589904785,0.998421311378479,0.16903768479824066,14.290985107421875,8.194321632385254,15.263620376586914,4.40258264541626,44.89656448364258,0.1,0.974005937576294,500000,-3.28,17.58,-54.62,54.45,-1.1914,0.5,-11.152863502502441,0.13461311161518097,4.418893337249756,0.5800107717514038,0.17648372054100037,11.6477632522583,13.208333969116211,11.111621856689453,0.05,42444,22.86326959615787,37.166408899678906,262,28.265379685477207,20.274067394043268,0.6655091620584053,0.6807301268027962,0.24373809732272675,0.07553177587447689,28.14,9567.515,14.266,19.194,20425,360.0,0.0,0.0,359.996,14.106,0.0392,0.0,0.0,4.603,54.0,0.6262,14.67,0.0889,2.026,0.684,0.238,0.078,15,1
192,BiLevel,12.9,1.3,5.778,15,0.5288,-1713.947,473.124,4970,262,8.95,38.9,-59.87,59.99,-0.3449,0.2545,-0.9500021934509277,0.1714809387922287,6.949431419372559,1.7552242279052734,0.15812614560127258,14.695100784301758,8.478056907653809,15.614850044250488,2.6966395378112793,15.180191040039062,0.1,0.9706873893737793,500000,-3.48,17.48,-60.45,45.69,-1.2999,0.5,-11.285917282104492,0.1449676752090454,4.675811290740967,0.8455546498298645,0.19570976495742798,11.80450439453125,29.805416107177734,10.607839584350586,0.05,42706,8.95247320073771,38.896584677592045,262,18.02745110518054,0.9955356626134169,0.5979745182693257,0.6804398826896686,0.2441190357945281,0.07544108151580328,7.343,2349.895,13.252,19.031,21133,360.0,0.0,0.0,359.962,12.291,0.0341,0.0,0.0,4.359,45.0,0.4788,12.92,0.0887,2.37,0.681,0.244,0.076,15,0
193,BiLevel,14.0,1.2,5.388,15,0.522,-1636.626,449.202,4970,262,11.65,38.98,-59.7,59.98,-0.3293,0.2592,-1.101885199546814,0.24134577810764313,6.674289226531982,1.4977474212646484,0.24384978413581848,14.568262100219727,8.11737060546875,15.447551727294922,2.5791594982147217,42.696533203125,0.1,0.9673876166343689,500000,-5.25,17.42,-75.07,39.75,-1.2703,0.5,-11.356877326965332,0.14455640316009521,5.171082973480225,1.3492432832717896,0.17656423151493073,11.8622465133667,14.834914207458496,11.052776336669922,0.05,42968,11.647831555245299,38.97888446017357,262,19.8960317336415,5.000521566052186,0.6097684859728044,0.6800894165832798,0.2445474947743624,0.07536308864235766,16.83,5048.999,13.401,18.789,20221,360.0,0.0,0.0,359.938,10.684,0.0297,0.0,0.0,3.599,39.0,0.4848,13.62,0.0583,2.287,0.68,0.244,0.075,14,1
194,BiLevel,13.6,1.2,4.759,15,0.442,-1601.26,417.806,4970,262,11.27,39.33,-59.74,59.96,-0.3222,0.2352,-1.1688109636306763,0.1980513632297516,6.412483215332031,1.2681525945663452,0.18767660856246948,14.191959381103516,8.028314590454102,15.404542922973633,7.977712154388428,27.484067916870117,0.1,0.9641291499137878,500000,-5.02,16.36,-60.46,38.25,-1.071,0.5,-11.30660343170166,0.14493592083454132,5.023067474365234,1.2116421461105347,0.16167762875556946,11.81917953491211,5.355548858642578,18.650527954101562,0.05,43230,11.265476347464071,39.332798000209806,262,20.33048127058305,6.725222908509404,0.6142523111812971,0.679665446343823,0.24506271673402322,0.07527183692215368,14.972,5090.486,13.436,18.195,20360,360.0,0.0,0.0,360.0,9.666,0.0269,0.0,0.0,3.027,38.0,0.5651,14.13,0.061,2.153,0.68,0.245,0.075,15,0
195,BiLevel,13.5,1.2,4.228,15,0.615,-1572.312,391.606,4970,262,19.64,38.04,-59.82,59.98,-0.3164,0.2316,-1.0027645826339722,0.1906425803899765,7.269232749938965,2.1524462699890137,0.18087342381477356,14.97799301147461,13.021697998046875,15.72547435760498,8.999724388122559,27.364946365356445,0.1,0.9608943462371826,500000,-4.04,17.02,-49.41,42.06,-1.5524,0.5,-11.4180908203125,0.1418963223695755,5.344341278076172,1.5425182580947876,0.1735864281654358,11.921628952026367,6.359890937805176,19.709800720214844,0.05,43492,19.643798588164586,38.03882464546459,262,26.13102994686679,11.525079897516651,0.6509799616965375,0.6790957508157728,0.2456197180386297,0.07528453114559756,21.221,7214.991,13.893,18.121,19879,360.0,0.0,0.0,359.881,16.427,0.0456,0.0,0.0,4.885,95.0,0.6728,15.51,0.0531,1.946,0.68,0.245,0.075,12,3
196,BiLevel,13.5,1.2,3.943,15,0.6332,-1567.527,402.149,4971,262,16.37,38.21,-59.65,59.94,-0.3153,0.2458,-1.2600659132003784,0.17169606685638428,7.441498756408691,2.351175308227539,0.17742310464382172,14.259096145629883,11.86728572845459,15.313157081604004,0.9793419241905212,20.402332305908203,0.1,0.9576730728149414,500000,-3.05,17.13,-46.84,45.83,-0.9519,0.5,-11.42296314239502,0.13439157605171204,4.928050518035889,1.1346852779388428,0.16516445577144623,11.919600486755371,12.825326919555664,10.555999755859375,0.05,43754,16.369153860019676,38.21026441794075,262,27.87537270180489,4.6936688038863625,0.6294511175546852,0.6784764175501645,0.24620666860119986,0.0753169138486356,17.195,5846.313,13.755,17.698,20471,360.0,0.0,0.0,360.004,12.642,0.0351,0.0,0.0,4.389,45.0,0.7364,16.16,0.0613,1.688,0.681,0.242,0.077,15,0
197,BiLevel,13.4,1.4,4.55,16,0.4748,-1593.123,402.178,4971,262,17.04,38.91,-59.78,59.95,-0.3205,0.2295,-1.2621277570724487,0.17596107721328735,6.685208320617676,1.6197189092636108,0.1869548112154007,15.229192733764648,9.293073654174805,16.33022117614746,1.1308834552764893,29.307819366455078,0.1,0.9544884562492371,500000,-2.82,18.12,-63.23,50.21,-1.0453,0.5,-11.544325828552246,0.1471240371465683,4.427563667297363,0.6412038207054138,0.1642080396413803,12.062506675720215,15.5658597946167,6.086740493774414,0.05,44016,17.042609325722324,38.91429173127794,262,25.379206525946138,2.767133106840284,0.6449593334398709,0.6776688223735492,0.24711942966648784,0.07521174795996283,15.123,5141.808,13.975,18.525,19853,360.0,0.0,0.0,359.777,13.776,0.0383,0.0,0.0,4.935,50.0,0.6956,16.59,0.0668,1.416,0.684,0.238,0.079,16,0
198,BiLevel,13.9,1.2,4.776,15,0.6436,-1585.745,402.341,4971,262,17.07,38.84,-59.65,59.99,-0.319,0.2353,-1.1028114557266235,0.1687134951353073,7.460818290710449,2.4242117404937744,0.16468364000320435,14.775754928588867,13.170117378234863,15.611364364624023,3.6431150436401367,18.424104690551758,0.1,0.9513262510299683,500000,-2.26,18.3,-70.65,49.44,-1.665,0.5,-11.503952026367188,0.1449032425880432,6.081441402435303,2.3053665161132812,0.1604505479335785,12.012051582336426,15.71462345123291,2.2509655952453613,0.05,44278,17.07268925306686,38.83720291122364,262,28.2187432740864,9.390416699334194,0.6449746941091685,0.6771929701277905,0.2475899850038253,0.07521704486838426,19.958,6785.62,13.893,18.67,21519,360.0,0.0,0.0,359.958,14.509,0.0403,0.0,0.0,5.561,53.0,0.6744,14.96,0.1224,1.636,0.685,0.235,0.08,12,3
199,BiLevel,14.0,1.2,4.089,13,0.5134,-1724.379,499.993,4970,262,11.13,39.66,-59.63,60.0,-0.347,0.279,-1.4114010334014893,0.1804627925157547,6.955805778503418,1.94510018825531,0.16414402425289154,14.540653228759766,12.750921249389648,15.600571632385254,8.519303321838379,17.940053939819336,0.1,0.9481745362281799,500000,-4.02,16.68,-51.33,67.87,-1.6514,0.5,-11.575422286987305,0.1450493037700653,6.239182472229004,2.470440626144409,0.16651661694049835,12.080877304077148,1.3561131954193115,13.162493705749512,0.05,44540,11.130773402209687,39.6599116622747,262,25.0019097870902,6.842448726139571,0.6188880427799732,0.6773437877028397,0.2473921457168371,0.07526406658032317,17.114,5134.144,13.429,17.518,20180,360.0,0.0,0.0,373.896,69.441,0.1857,0.0,0.0,940.634,1979.0,0.6854,14.56,0.1048,1.677,0.654,0.273,0.073,10,3
200,BiLevel,13.6,1.2,4.369,16,0.6833,-1613.45,395.336,4971,262,20.13,37.77,-59.86,60.0,-0.3246,0.2267,-1.2096138000488281,0.1972467303276062,8.245750427246094,3.2598137855529785,0.1797071099281311,14.822896003723145,14.14078140258789,15.723514556884766,2.191230535507202,27.990676879882812,0.1,0.9450675249099731,500000,-1.94,19.46,-64.44,68.22,-1.0345,0.5,-11.779739379882812,0.13613569736480713,4.580627918243408,0.8190266489982605,0.14992859959602356,12.27409553527832,7.415699005126953,11.896696090698242,0.05,44802,20.134977680288692,37.77355116593601,262,30.32905357699645,12.425456102270829,0.6504453615560749,0.6764465809027727,0.24828833953952756,0.07526507955769987,23.635,8035.78,14.033,18.402,20179,360.0,0.0,0.0,360.062,14.485,0.0402,0.0,0.0,5.687,68.0,0.6027,10.77,0.1405,2.523,0.672,0.253,0.075,16,0
201,BiLevel,13.8,1.2,4.683,16,0.3913,-1630.843,427.675,4970,262,14.99,39.8,-59.74,59.99,-0.3281,0.2456,-1.3590607643127441,0.20495840907096863,6.157052993774414,1.1986949443817139,0.1713450849056244,14.598516464233398,6.843805313110352,15.69564151763916,1.7095078229904175,24.99432945251465,0.1,0.9419850707054138,500000,0.05,16.57,-58.44,61.03,-1.0344,0.5,-11.817449569702148,0.13573266565799713,5.144026756286621,1.3908699750900269,0.1775459200143814,12.302450180053711,2.3477816581726074,14.186566352844238,0.05,45064,14.987506713563018,39.802153126598824,262,29.22969916666809,4.649048933857365,0.6447689427335251,0.6757081541008285,0.24917474634117184,0.07511709955799961,16.977,5772.012,13.659,18.342,19664,360.0,0.0,0.0,360.023,14.679,0.0408,0.0,0.0,5.443,61.0,0.484,10.14,0.0695,2.722,0.635,0.294,0.071,15,1
202,BiLevel,13.6,1.2,4.146,16,0.4166,-1580.375,401.293,4970,262,13.78,39.87,-59.74,59.99,-0.318,0.2296,-1.4808498620986938,0.20776236057281494,7.09245491027832,2.1564784049987793,0.204249307513237,14.74398422241211,12.532360076904297,15.69035816192627,3.806032180786133,49.2050895690918,0.1,0.9389263987541199,500000,-2.26,16.5,-58.75,41.88,-1.1479,0.5,-11.911357879638672,0.1428687572479248,4.919406890869141,1.1735172271728516,0.18513044714927673,12.421284675598145,23.03159523010254,9.07478141784668,0.05,45326,13.779902136721601,39.872823710627294,262,26.56178809404373,5.675632533274199,0.6396621137037602,0.674878410541682,0.25011916819989644,0.0750024212584216,17.944,6100.981,13.71,17.856,20733,360.0,0.0,0.0,360.027,12.115,0.0337,0.0,0.0,4.389,41.0,0.5547,10.76,0.0582,2.69,0.676,0.249,0.075,14,2
203,BiLevel,13.6,1.4,4.462,15,0.5276,-1590.065,405.745,4970,262,17.72,38.52,-59.53,59.99,-0.3199,0.2349,-1.364042043685913,0.17433211207389832,6.887693405151367,1.97942316532135,0.18837851285934448,15.183746337890625,16.400449752807617,15.827731132507324,4.725886344909668,32.88802719116211,0.1,0.9358713030815125,500000,-2.78,15.95,-44.08,49.72,-1.5849,0.5,-11.776315689086914,0.13925307989120483,4.938867092132568,1.2018018960952759,0.17959564924240112,12.272871017456055,13.149733543395996,14.085567474365234,0.05,45588,17.715026085138305,38.522239123584406,262,30.745370777029734,7.5774630793615385,0.6427858067092702,0.6744091602620099,0.2506245570515777,0.07496628268641231,21.645,7359.36,13.789,18.251,20585,360.0,0.0,0.0,359.962,12.976,0.036,0.0,0.0,4.317,56.0,0.5582,12.16,0.0506,2.632,0.675,0.25,0.075,12,3
204,BiLevel,13.9,1.3,7.202,16,0.5749,-1542.407,370.834,4971,262,21.36,38.54,-59.8,59.99,-0.3103,0.2222,-1.3184069395065308,0.17332425713539124,6.698406219482422,1.814679741859436,0.1972474604845047,15.584250450134277,9.359530448913574,16.38750457763672,8.483943939208984,49.011131286621094,0.1,0.9328558444976807,500000,-2.14,17.83,-58.84,57.3,-1.5864,0.5,-11.78481674194336,0.14098142087459564,5.173499584197998,1.4478583335876465,0.19980131089687347,12.28582763671875,3.427107810974121,7.798370361328125,0.05,45850,21.359186713068738,38.5402357121346,262,30.509071611818904,15.849244867500506,0.6736122938577523,0.6740372345290935,0.25115114246057835,0.07481162301032829,25.248,8584.398,14.339,21.541,21609,360.0,0.0,0.0,360.058,14.927,0.0415,0.0,0.0,4.779,57.0,0.6989,13.41,0.0523,2.484,0.674,0.251,0.075,16,0
205,BiLevel,12.9,1.3,3.861,15,0.4486,-1571.145,417.658,4970,262,7.62,38.86,-59.84,59.91,-0.3161,0.2366,-1.620133399963379,0.1480151265859604,5.926109313964844,1.0724338293075562,0.1516610085964203,14.403313636779785,7.6282243728637695,15.271592140197754,0.5992609858512878,17.657588958740234,0.1,0.92984938621521,500000,-2.8,17.11,-52.68,55.11,-0.8814,0.5,-11.768555641174316,0.13201823830604553,4.154605388641357,0.4358377456665039,0.16563990712165833,12.262567520141602,1.8064392805099487,11.823741912841797,0.05,46112,7.619458518075331,38.862344809574715,262,19.145335866236373,3.6886831098481223,0.592242946567068,0.6735021060000352,0.2517355768792553,0.07476231712070956,9.147,2744.057,12.932,16.793,19871,360.0,0.0,0.0,359.927,14.32,0.0398,0.0,0.0,4.458,55.0,0.6783,14.28,0.0536,2.342,0.674,0.251,0.075,16,0
206,BiLevel,13.7,1.2,3.765,15,0.5358,-1740.761,475.22,4972,262,11.54,38.72,-59.9,59.99,-0.3501,0.2463,-1.5420628786087036,0.1858341246843338,5.577676773071289,0.7493163347244263,0.1648615449666977,15.401968955993652,6.073707580566406,16.18648910522461,2.469304323196411,26.472490310668945,0.1,0.9268683791160583,500000,-0.97,17.34,-62.77,58.77,-0.881,0.5,-11.82286548614502,0.14536574482917786,4.422324180603027,0.7098808288574219,0.1968974471092224,12.329946517944336,4.499658584594727,8.600845336914062,0.05,46374,11.537776375972394,38.72452956374894,262,22.101298517929884,2.7867845660761783,0.605288680732647,0.6729253983729673,0.25231729808075365,0.074757303546279,13.981,4753.417,13.326,17.092,19524,360.0,0.0,0.0,359.969,13.788,0.0383,0.0,0.0,5.309,58.0,0.8571,15.29,0.0542,2.142,0.674,0.252,0.075,15,0
207,BiLevel,14.0,1.2,4.409,16,0.51,-1609.101,389.3,4972,262,22.77,37.86,-59.52,59.99,-0.3236,0.2274,-1.370051383972168,0.16526061296463013,6.138030052185059,1.334903597831726,0.16935870051383972,15.68100357055664,7.843818664550781,16.335220336914062,1.7532622814178467,27.946279525756836,0.1,0.9238939881324768,500000,-2.8,19.2,-56.32,59.75,-1.0076,0.5,-12.098618507385254,0.15015992522239685,4.763969898223877,1.0587164163589478,0.17587700486183167,12.621576309204102,12.569580078125,14.891106605529785,0.05,46636,22.76854887152389,37.86468590567207,262,32.61465931189688,15.750044966998853,0.6800200500585153,0.6721310000526051,0.25318989661236535,0.07467910333502963,27.956,9504.958,14.372,18.781,20453,360.0,0.0,0.0,359.792,14.571,0.0405,0.0,0.0,5.26,59.0,0.6857,15.87,0.0567,1.987,0.674,0.25,0.076,16,0
208,BiLevel,13.1,1.2,4.065,14,0.4381,-1744.099,492.757,4970,262,14.86,39.22,-59.89,59.98,-0.3509,0.2627,-1.5946943759918213,0.18327665328979492,5.746527671813965,0.9693312644958496,0.16264796257019043,15.322920799255371,9.754323959350586,16.040002822875977,1.7132540941238403,31.482912063598633,0.1,0.9209476113319397,500000,-1.44,18.08,-66.93,69.25,-1.5313,0.5,-12.205013275146484,0.14865507185459137,4.971214294433594,1.2733356952667236,0.21793563663959503,12.729074478149414,10.272052764892578,16.297460556030273,0.05,46898,14.855256933522911,39.215503989025414,262,29.743151662851638,8.5874264099096,0.6343028122741814,0.6719786097516955,0.2533659260211999,0.07465546422710458,17.127,5138.099,13.789,17.854,20517,360.0,0.0,0.0,360.038,51.132,0.142,0.0,0.0,41.34,352.0,0.8519,16.2,0.0666,1.797,0.676,0.247,0.077,11,3
209,BiLevel,14.6,1.2,4.124,16,0.5822,-1522.475,349.156,4969,262,23.8,37.21,-59.65,59.99,-0.3064,0.2104,-1.5245654582977295,0.19135113060474396,7.687333106994629,2.9325449466705322,0.19139906764030457,15.444981575012207,14.579413414001465,15.895524978637695,2.337284564971924,28.619140625,0.1,0.9180216193199158,500000,-0.58,17.88,-56.88,61.96,-1.4821,0.5,-11.99917221069336,0.14744406938552856,4.32394552230835,0.6364036798477173,0.18813645839691162,12.517189979553223,12.221189498901367,10.862606048583984,0.05,47160,23.797288080809714,37.21401875170143,262,30.19956988786396,17.98912147471779,0.677379763893512,0.6711220954856149,0.2542560527574771,0.07462185175690818,27.244,9263.014,14.29,18.414,20241,360.0,0.0,0.0,360.012,15.02,0.0417,0.0,0.0,5.714,61.0,0.9769,16.32,0.0773,1.63,0.677,0.244,0.078,13,3
210,BiLevel,15.4,1.3,19.89,11,0.4834,-1844.057,560.881,4970,262,4.13,40.83,-59.93,59.87,-0.371,0.2894,-1.7374802827835083,0.19304826855659485,6.280531883239746,1.554642677307129,0.15573804080486298,15.051063537597656,11.317625045776367,16.126596450805664,2.533055067062378,39.18218994140625,0.1,0.9150994420051575,500000,-3.77,17.69,-61.92,50.26,-4.9788,0.5,-12.226318359375,0.15270355343818665,4.486294746398926,0.8079122304916382,0.1771509051322937,12.754493713378906,6.661706447601318,9.420570373535156,0.05,47422,4.130409262620168,40.82977002060011,262,22.661192215116404,9.504340951693687,0.6188925140474477,0.6741792568460373,0.2517087825835338,0.07411196057042896,11.109,2888.338,13.028,32.918,22482,360.0,0.0,0.0,430.873,73.602,0.1708,0.0,0.0,4508.176,9245.0,1.2552,16.75,0.0792,1.328,0.677,0.244,0.079,8,3
211,BiLevel,14.1,1.1,3.429,16,0.5492,-1639.269,400.49,4972,262,21.47,38.07,-59.66,59.99,-0.3297,0.2296,-1.473786473274231,0.1534195989370346,6.726963520050049,2.025576591491699,0.15993082523345947,15.722929000854492,13.981005668640137,15.932501792907715,9.0258150100708,19.349689483642578,0.1,0.912211000919342,500000,-3.33,17.62,-85.36,49.37,-0.8325,0.5,-12.248790740966797,0.16019828617572784,7.295199394226074,3.622286558151245,0.21151530742645264,12.794775009155273,8.90608024597168,27.74789047241211,0.05,47684,21.474167450770963,38.06536953196478,262,28.463539380776258,16.84210480200617,0.6713241939401613,0.673214361177261,0.25269452805216924,0.07409111077056992,25.324,8610.149,14.256,17.685,19986,360.0,0.0,0.0,359.985,11.487,0.0319,0.0,0.0,4.447,49.0,0.916,15.21,0.1383,1.635,0.682,0.238,0.079,16,0
212,BiLevel,13.3,1.2,9.274,15,0.2954,-1699.251,454.333,4970,262,11.27,41.51,-59.93,59.99,-0.3419,0.247,-1.6693181991577148,0.13297544419765472,5.980695724487305,1.3080456256866455,0.12774954736232758,15.68631362915039,7.270577430725098,16.38622283935547,3.5081465244293213,15.814094543457031,0.1,0.909338116645813,500000,-3.31,17.72,-59.78,64.39,-1.8906,0.5,-12.266363143920898,0.1436728686094284,8.09433364868164,4.428088188171387,0.17520537972450256,12.771596908569336,9.561993598937988,13.040014266967773,0.05,47946,11.274863360884039,41.51441254971123,262,25.239952244570382,4.99026006911146,0.6544273248098066,0.6736141165762424,0.2526077764819179,0.07377810694183973,13.36,4275.296,13.462,22.736,22038,360.0,0.0,0.0,360.0,11.928,0.0331,0.0,0.0,4.519,64.0,0.7843,14.48,0.1204,2.065,0.635,0.296,0.07,14,1
213,BiLevel,14.9,1.3,6.265,12,0.6166,-1899.337,642.231,4970,262,5.95,40.59,-59.94,59.94,-0.3822,0.3212,-1.8703582286834717,0.21924616396427155,6.2266845703125,1.5690301656723022,0.2175024449825287,15.575931549072266,9.636297225952148,16.550437927246094,1.051505446434021,36.98045349121094,0.1,0.9064828157424927,500000,-1.39,17.79,-47.86,48.16,-2.1862,0.5,-12.175616264343262,0.13807161152362823,8.366949081420898,4.709901332855225,0.17391665279865265,12.673255920410156,11.233120918273926,21.44830322265625,0.05,48208,5.950991597675327,40.589902050820726,262,15.499961657273142,-1.1954614835742277,0.6175932736429649,0.6744169991430167,0.25175124888953926,0.07383175196744403,7.793,2026.163,13.125,19.39,22171,360.0,0.0,0.0,398.885,69.748,0.1749,0.0,0.0,2496.779,5118.0,1.1398,15.47,0.0802,1.985,0.653,0.275,0.072,9,3
214,BiLevel,13.9,1.4,6.561,14,0.5015,-1756.372,501.065,4970,262,17.62,39.73,-59.74,60.0,-0.3534,0.2669,-1.4924736022949219,0.19284701347351074,6.744701385498047,2.1125950813293457,0.20559972524642944,15.783697128295898,14.601644515991211,16.066587448120117,2.0215272903442383,27.280912399291992,0.1,0.903658926486969,500000,-2.35,17.97,-57.35,76.07,-2.0541,0.5,-12.627400398254395,0.14419589936733246,4.76777458190918,1.1148337125778198,0.17713645100593567,13.136920928955078,9.547060012817383,10.354345321655273,0.05,48470,17.61862566254216,39.734774337008936,262,28.553856077947113,6.087088272132371,0.6644247082588806,0.6746376746384206,0.2516129182533744,0.07374940710820496,21.491,6877.008,13.92,20.481,21977,360.0,0.0,0.0,361.342,64.036,0.1772,0.0,0.0,168.458,450.0,0.9925,16.03,0.0666,1.826,0.677,0.248,0.075,11,3
215,BiLevel,16.0,1.3,23.264,11,0.5771,-1978.048,628.618,4970,262,5.24,42.65,-59.89,59.92,-0.398,0.3058,-1.7827260494232178,0.19097891449928284,6.520081996917725,1.9127241373062134,0.19970420002937317,16.12477684020996,15.454710960388184,16.620168685913086,4.96795129776001,32.045204162597656,0.1,0.9008681178092957,500000,-2.62,16.95,-52.66,59.91,-5.6971,0.5,-12.559870719909668,0.14973871409893036,5.216281890869141,1.5717623233795166,0.2001025229692459,13.083830833435059,8.476716995239258,6.27598762512207,0.05,48732,5.235257219832008,42.652800074483125,262,28.927809109499577,-5.862006013330661,0.6536510720623143,0.6781326476391188,0.2486928878949891,0.07317446446589206,7.096,1845.013,13.125,36.389,24330,360.0,0.0,0.0,436.95,79.587,0.1821,0.0,0.0,4942.855,10035.0,1.2907,16.65,0.0639,1.592,0.679,0.244,0.077,8,3
216,BiLevel,14.6,1.3,4.658,14,0.5066,-1670.055,462.775,4971,262,23.92,37.87,-59.91,59.99,-0.336,0.2659,-1.9277410507202148,0.17334777116775513,6.1993632316589355,1.617567777633667,0.19654050469398499,16.726102828979492,10.815657615661621,17.093017578125,2.385218381881714,30.928565979003906,0.1,0.8980692028999329,500000,-3.92,16.51,-57.26,41.15,-1.6568,0.5,-12.52570629119873,0.15011003613471985,4.558013916015625,0.9226897954940796,0.1736181080341339,13.053595542907715,1.650254726409912,7.278178691864014,0.05,48994,23.921877328804417,37.87448962676305,262,31.962873664968896,10.892727613135389,0.6917422484825159,0.6780341272990993,0.24880006034497523,0.07316581235592558,25.276,8088.358,14.388,19.046,20119,360.0,0.0,0.0,370.588,63.385,0.171,0.0,0.0,697.851,1467.0,1.0041,16.79,0.0756,1.39,0.686,0.236,0.078,11,3
217,BiLevel,15.3,1.3,20.64,11,0.5759,-1938.546,589.854,4970,262,7.32,41.6,-59.85,59.98,-0.39,0.2934,-2.0622174739837646,0.14332625269889832,5.338119983673096,0.7878454923629761,0.134036123752594,15.794807434082031,8.197421073913574,16.661331176757812,1.2890907526016235,15.690528869628906,0.1,0.8952882289886475,500000,-1.75,18.39,-58.9,49.42,-5.1782,0.5,-12.563475608825684,0.14047737419605255,4.730921268463135,1.1040256023406982,0.17349296808242798,13.062605857849121,1.2808154821395874,6.530911445617676,0.05,49256,7.321558689196375,41.59776295162036,262,21.787683867780782,0.06609196160969014,0.6411564069861942,0.6810776303699096,0.24623163746010632,0.07269073216998398,6.887,1790.601,13.342,33.982,22867,360.0,0.0,0.0,438.827,83.311,0.1898,0.0,0.0,4953.317,10333.0,1.1546,16.81,0.091,1.16,0.686,0.235,0.078,8,3
218,BiLevel,16.2,1.5,35.633,11,0.5639,-2251.22,846.964,4970,262,4.06,42.58,-59.96,59.93,-0.453,0.3544,-1.958706259727478,0.13515028357505798,5.026122093200684,0.4987759590148926,0.1461164504289627,15.164590835571289,5.226268768310547,15.876321792602539,2.8546359539031982,24.82768440246582,0.1,0.8925243616104126,500000,-4.22,17.61,-53.4,43.64,-8.2843,0.5,-12.471874237060547,0.15654250979423523,4.83028507232666,1.212206482887268,0.17928999662399292,13.007386207580566,0.36908388137817383,10.729310989379883,0.05,49518,4.0582042505923415,42.58206665213298,262,14.097469378145117,-3.643379308753892,0.6516467889840661,0.6863837136377601,0.24192456377130206,0.07169172259093787,7.597,1975.242,13.237,48.871,23566,360.0,0.0,0.0,438.681,83.425,0.1902,0.0,0.0,5037.351,10230.0,1.5224,16.33,0.1266,0.982,0.689,0.233,0.078,8,3
219,BiLevel,13.7,1.4,4.196,16,0.4049,-1578.57,398.325,4970,262,15.45,40.45,-59.91,59.99,-0.3176,0.239,-1.9393547773361206,0.15768498182296753,5.719188213348389,1.2175567150115967,0.13897202908992767,16.56447410583496,13.076656341552734,17.020065307617188,6.150002956390381,25.85805320739746,0.1,0.8897786736488342,500000,-1.63,17.36,-61.13,47.58,-1.1463,0.5,-12.741826057434082,0.1501949429512024,4.958672046661377,1.3428889513015747,0.1861717700958252,13.265024185180664,12.332865715026855,17.510515213012695,0.05,49780,15.450953446162238,40.449050162061226,262,21.060860636987183,4.07510982912622,0.6600113012250367,0.6855453333929695,0.24286688127538644,0.07158778533164399,15.667,5326.64,13.841,18.037,19576,360.0,0.0,0.0,359.862,14.204,0.0395,0.0,0.0,5.149,47.0,1.3539,15.64,0.1709,0.789,0.659,0.272,0.069,14,2
220,BiLevel,14.1,1.3,3.642,16,0.4441,-1593.528,404.111,4969,262,16.74,39.24,-59.75,59.99,-0.3207,0.2348,-1.834097981452942,0.14716053009033203,5.9006147384643555,1.4231736660003662,0.14159227907657623,15.393796920776367,9.08716869354248,15.798437118530273,2.129413366317749,20.29865837097168,0.1,0.8870464563369751,500000,-2.97,20.08,-82.72,87.7,-0.8193,0.5,-12.98406982421875,0.15871784090995789,4.738636493682861,1.129310131072998,0.1950361579656601,13.525254249572754,5.0445876121521,14.200335502624512,0.05,50000,16.739378639621126,39.238859842702816,262,24.795488943551714,11.040289927822979,0.6494735741093138,0.6846143225954222,0.2438638857150271,0.07152179168955079,20.547,6985.982,13.83,17.472,20500,360.0,0.0,0.0,360.058,14.962,0.0416,0.0,0.0,5.496,87.0,1.1904,12.25,0.3448,1.059,0.613,0.323,0.064,15,1
221,BiLevel,14.1,1.2,4.173,16,0.5986,-1651.969,434.761,4970,262,16.51,39.57,-59.84,59.99,-0.3324,0.25,-1.9368042945861816,0.15743261575698853,5.866316795349121,1.411855936050415,0.15140515565872192,16.075101852416992,12.036224365234375,16.472299575805664,4.07552433013916,20.656993865966797,0.1,0.8843299746513367,500000,-3.44,15.77,-52.21,37.4,-0.6898,0.5,-12.820381164550781,0.15728232264518738,4.750857830047607,1.1501476764678955,0.1798497587442398,13.35626220703125,1.8264646530151367,10.02957534790039,0.05,50000,16.50900243019509,39.57349383695721,262,28.93673802520099,7.6997953554517355,0.6534010579955707,0.6837201302697989,0.2447721159836238,0.0715077537465773,18.194,6185.888,13.788,17.96,18773,360.0,0.0,0.0,360.073,10.849,0.0301,0.0,0.0,3.737,37.0,0.9753,14.2,0.214,1.123,0.479,0.471,0.05,16,0
222,BiLevel,14.0,1.1,4.255,16,0.4527,-1644.708,405.755,4969,262,18.61,38.71,-59.87,59.99,-0.331,0.2338,-1.923986792564392,0.18073825538158417,6.074395656585693,1.6456544399261475,0.13422109186649323,15.978582382202148,11.774261474609375,16.399917602539062,9.426847457885742,49.28543472290039,0.1,0.8816351294517517,500000,-4.37,17.44,-52.82,67.87,-0.8789,0.5,-12.708935737609863,0.14002493023872375,4.3384552001953125,0.7473970055580139,0.17066587507724762,13.21036148071289,4.302434921264648,4.208935737609863,0.05,50000,18.610407776630925,38.71241037187726,262,24.885462147389585,6.534191755244606,0.655047956310123,0.682893643783995,0.245681316476528,0.07142503973947714,17.838,6064.897,14.031,18.286,19450,360.0,0.0,0.0,359.95,12.148,0.0337,0.0,0.0,3.859,67.0,0.8265,13.32,0.2146,1.403,0.567,0.374,0.059,15,1
223,BiLevel,13.4,1.1,4.479,15,0.5544,-1618.053,414.802,4970,262,11.4,40.11,-59.85,60.0,-0.3256,0.2327,-2.0039916038513184,0.16536547243595123,5.862614154815674,1.4547942876815796,0.16609779000282288,16.518077850341797,13.42737865447998,16.827667236328125,1.6600666046142578,21.76894760131836,0.1,0.878923773765564,500000,-2.01,17.28,-55.69,42.52,-0.8582,0.5,-13.015602111816406,0.14974889159202576,4.831851959228516,1.2426624298095703,0.16888427734375,13.532061576843262,19.571346282958984,22.301515579223633,0.05,50000,11.401707259431047,40.105435849989945,262,21.395255300402642,2.042835734588535,0.627992892628221,0.6824049135965167,0.246179450891577,0.0714156355119063,12.894,4126.078,13.402,17.881,19866,360.0,0.0,0.0,360.042,12.911,0.0359,0.0,0.0,4.985,42.0,0.7555,13.94,0.1415,1.442,0.565,0.375,0.059,16,0
224,BiLevel,13.9,1.5,4.516,16,0.5115,-1610.265,394.974,4970,262,13.77,39.71,-59.91,59.98,-0.324,0.2272,-2.1838855743408203,0.1440727710723877,5.0552544593811035,0.6729127764701843,0.1489972323179245,15.504744529724121,7.169341087341309,15.995766639709473,1.804487943649292,25.657411575317383,0.1,0.8762549161911011,500000,-1.4,16.86,-65.7,47.29,-0.9697,0.5,-12.972164154052734,0.15139293670654297,6.30458927154541,2.720733165740967,0.1757228970527649,13.49361515045166,9.878129959106445,7.362354278564453,0.05,50000,13.774311152626751,39.71327749349656,262,23.938861321148117,7.476099053025246,0.6357355063527417,0.6816092483308044,0.24703957956115027,0.07135117210804541,18.184,6182.533,13.71,18.226,20720,360.0,0.0,0.0,360.05,13.9,0.0386,0.0,0.0,4.775,47.0,0.7065,12.16,0.1589,1.785,0.64,0.293,0.067,16,0
225,BiLevel,14.4,1.5,4.622,16,0.6415,-1653.132,436.409,4970,262,12.0,40.02,-59.87,59.96,-0.3326,0.2402,-2.1435422897338867,0.14073993265628815,5.519291877746582,1.1621595621109009,0.13276025652885437,16.53745460510254,8.285388946533203,17.035350799560547,1.9614428281784058,22.7752685546875,0.1,0.8735962510108948,500000,-3.59,19.05,-72.39,54.54,-1.0494,0.5,-12.91579818725586,0.13410009443759918,6.371731758117676,2.7973780632019043,0.18370211124420166,13.398612976074219,2.42592453956604,26.712413787841797,0.05,50000,11.99973476696947,40.02482427758907,262,9.07384839591227,3.2289009779691695,0.6324353708261022,0.680792893353329,0.24786531769028927,0.07134178895638167,7.403,2517.086,13.603,18.225,19781,360.0,0.0,0.0,359.938,13.107,0.0364,0.0,0.0,4.63,54.0,0.5883,11.87,0.0924,1.759,0.621,0.314,0.065,15,1
226,BiLevel,14.9,1.4,5.166,13,0.5503,-1649.712,438.368,4970,262,15.64,38.73,-59.8,59.96,-0.3319,0.2522,-1.9810110330581665,0.14054228365421295,5.886510848999023,1.5526105165481567,0.13945706188678741,16.74639129638672,11.706319808959961,16.8291072845459,2.071011781692505,20.235902786254883,0.1,0.8709579110145569,500000,-3.33,18.2,-64.22,46.92,-1.8421,0.5,-13.234189987182617,0.14540420472621918,5.5436224937438965,1.9751516580581665,0.1719970852136612,13.740022659301758,11.257485389709473,11.019285202026367,0.05,50000,15.635916426600195,38.72926012241716,262,23.91399825403565,7.7200657173991205,0.630660647678924,0.681078834714353,0.2475451364771067,0.0713760288085403,20.476,6142.828,13.699,18.865,20307,360.0,0.0,0.0,380.673,68.701,0.1805,0.0,0.0,1322.156,2766.0,0.5064,6.36,0.1194,2.311,0.681,0.248,0.071,10,3
227,BiLevel,14.9,1.2,5.419,15,0.5433,-1643.525,419.549,4970,262,16.38,39.09,-59.92,59.95,-0.3307,0.2464,-2.1604416370391846,0.1254538893699646,5.91996955871582,1.6088587045669556,0.13990572094917297,16.670406341552734,13.697864532470703,16.878049850463867,2.649705648422241,25.598230361938477,0.1,0.868339478969574,500000,-2.59,19.48,-62.87,54.93,-1.4366,0.5,-13.173746109008789,0.1411277949810028,4.490999221801758,0.9304871559143066,0.17639368772506714,13.677556037902832,8.002825736999512,5.039823055267334,0.05,50000,16.379868329289394,39.09242728726921,262,31.217599985395612,10.241386980132052,0.6457660160498103,0.6807498875957263,0.24792035675810603,0.07132975564616767,20.668,7027.095,13.753,19.172,21646,360.0,0.0,0.0,360.038,14.509,0.0403,0.0,0.0,5.389,54.0,0.4555,5.97,0.0595,2.315,0.661,0.269,0.069,13,2
228,BiLevel,14.2,1.3,4.912,14,0.6139,-1674.304,454.715,4970,262,13.11,39.76,-59.85,59.99,-0.3369,0.2552,-2.1056461334228516,0.12609387934207916,5.6426262855529785,1.357962965965271,0.11579179763793945,16.37652015686035,11.144124031066895,16.541568756103516,1.007021427154541,9.333227157592773,0.1,0.8657169938087463,500000,-3.1,18.95,-71.33,55.72,-1.7431,0.5,-13.237357139587402,0.1468232423067093,6.117588996887207,2.562032461166382,0.16877669095993042,13.742090225219727,1.093023419380188,13.042231559753418,0.05,50000,13.108579569206137,39.76282692688572,262,28.184146205688773,3.338533160580616,0.6347591082947261,0.6806486291691701,0.24798466214222947,0.07136670868860043,14.931,4479.186,13.504,18.416,19799,360.0,0.0,0.0,360.215,45.28,0.1257,0.0,0.0,28.893,320.0,0.3531,6.61,0.0516,2.313,0.681,0.248,0.071,11,3
229,BiLevel,14.7,1.1,6.38,13,0.5633,-1732.31,483.452,4969,262,13.23,40.44,-59.91,59.97,-0.3486,0.2616,-2.1729228496551514,0.18660670518875122,5.666114807128906,1.4032847881317139,0.13299602270126343,16.351436614990234,18.2363338470459,16.993104934692383,5.595868110656738,27.319528579711914,0.1,0.8631203174591064,500000,-3.8,18.14,-49.91,47.66,-2.093,0.5,-13.138927459716797,0.1599452644586563,6.81197452545166,3.262969970703125,0.20554853975772858,13.676172256469727,19.449186325073242,19.7388973236084,0.05,50000,13.231876274332041,40.43612211150788,262,25.32009959879674,2.6688108224617806,0.6453464473487256,0.6811141012116317,0.24752090772323476,0.0713649910651335,14.868,4460.409,13.559,19.939,21641,360.0,0.0,0.0,379.854,70.216,0.1848,0.0,0.0,1196.863,2676.0,0.3374,7.46,0.0504,2.34,0.681,0.248,0.071,10,3
230,BiLevel,14.9,1.2,4.507,14,0.6082,-1693.9,454.478,4970,262,20.82,39.09,-59.92,59.99,-0.3408,0.2532,-2.221438407897949,0.13027088344097137,5.647922039031982,1.408320426940918,0.12273479253053665,16.805322647094727,15.912435531616211,17.16498374938965,1.4550813436508179,24.140544891357422,0.1,0.8605301380157471,500000,-2.11,19.07,-82.01,48.29,-1.6587,0.5,-13.37061595916748,0.15160870552062988,6.0169477462768555,2.4758591651916504,0.16631698608398438,13.89557933807373,12.550599098205566,13.65305233001709,0.05,50000,20.82487119453054,39.085199773135734,262,24.864146887001237,10.4712612782654,0.6808264851752336,0.6809521404924246,0.24763494050139453,0.07141291900618087,20.712,6627.932,14.162,18.669,19127,360.0,0.0,0.0,362.731,64.9,0.1789,0.0,0.0,125.149,450.0,0.3801,7.46,0.0543,2.282,0.681,0.248,0.071,11,3
231,BiLevel,16.5,1.1,21.148,11,0.7875,-1931.949,585.65,4970,262,5.17,41.02,-59.86,59.96,-0.3887,0.2904,-2.410541296005249,0.13914062082767487,4.754883289337158,0.5391814112663269,0.11890560388565063,16.887054443359375,4.938637733459473,16.921724319458008,1.5724602937698364,16.406906127929688,0.1,0.8579656481742859,500000,-6.36,16.83,-64.82,48.47,-5.3247,0.5,-13.512789726257324,0.15257571637630463,4.947622299194336,1.4129787683486938,0.18379376828670502,14.039155006408691,3.35577392578125,8.546921730041504,0.05,50000,5.17496469421256,41.01545318285579,262,22.318855259293002,2.0910194997724734,0.6269372294609572,0.6838903080012364,0.24506529731761578,0.0710443946811478,9.929,2581.545,13.174,34.322,22999,360.0,0.0,0.0,433.781,81.869,0.1887,0.0,0.0,4664.855,9684.0,0.7452,8.58,0.0519,2.105,0.681,0.248,0.071,8,3
232,BiLevel,14.0,1.1,4.984,16,0.6022,-1633.076,413.202,4971,262,15.44,40.15,-59.89,59.98,-0.3285,0.2359,-2.2526156902313232,0.13953351974487305,5.395346641540527,1.203792929649353,0.11493425071239471,16.42384147644043,11.379127502441406,16.848529815673828,6.024420261383057,27.17123031616211,0.1,0.8554098606109619,500000,-4.0,16.44,-67.65,52.34,-1.1999,0.5,-13.35500717163086,0.15619195997714996,5.403102397918701,1.874877691268921,0.18119081854820251,13.886054992675781,14.564125061035156,12.872331619262695,0.05,50000,15.440528201606268,40.14785497298026,262,25.84115560431229,8.57357932987966,0.655788715927433,0.6831420356689114,0.24585110102783847,0.07100686330325004,19.77,6721.954,13.844,18.828,21244,360.0,0.0,0.0,360.023,11.355,0.0315,0.0,0.0,3.515,52.0,0.6989,9.73,0.05,2.035,0.684,0.245,0.071,15,1
233,BiLevel,14.1,1.3,4.226,15,0.5535,-1686.256,464.084,4970,262,1.17,40.32,-59.94,59.99,-0.3393,0.2486,-2.3276093006134033,0.1437458097934723,5.144399166107178,0.9733587503433228,0.13686338067054749,17.296199798583984,10.52472972869873,17.066814422607422,1.0984737873077393,20.171268463134766,0.1,0.8528591394424438,500000,-1.75,18.2,-61.91,69.14,-0.984,0.5,-13.455296516418457,0.14671394228935242,4.340068817138672,0.8181778788566589,0.17554646730422974,13.97043228149414,12.932950973510742,10.54532241821289,0.05,50000,1.1667753775740863,40.32360007211543,262,16.328030186577845,-5.0593106688637475,0.6018568330306405,0.6826248446693836,0.2463677638482739,0.07100739148234259,3.966,1348.363,12.767,16.992,21140,360.0,0.0,0.0,360.0,14.389,0.04,0.0,0.0,5.088,69.0,0.5397,10.65,0.05,2.031,0.683,0.246,0.071,16,0
234,BiLevel,13.5,1.2,6.322,15,0.4572,-1680.52,432.718,4969,262,9.98,40.85,-59.94,59.96,-0.3382,0.236,-2.6174519062042236,0.168834388256073,4.827253818511963,0.6823272109031677,0.1110016405582428,15.924201965332031,7.675985336303711,16.55088233947754,2.9473891258239746,25.42729377746582,0.1,0.8503276109695435,500000,-2.24,15.38,-49.1,61.57,-1.392,0.5,-13.527054786682129,0.14545351266860962,5.673412322998047,2.1587038040161133,0.1730428785085678,14.03836441040039,13.845663070678711,7.223708629608154,0.05,50000,9.976904150543888,40.84624032285265,262,20.375680154405142,1.927452393581993,0.6381950980894602,0.6824574072963835,0.24664747537822868,0.07089511732538777,12.971,4410.056,13.528,19.849,21461,360.0,0.0,0.0,360.046,12.275,0.0341,0.0,0.0,4.057,61.0,0.4381,11.47,0.05,2.058,0.683,0.246,0.071,15,0
235,BiLevel,16.8,1.6,28.121,11,0.4629,-2128.606,664.659,4970,262,5.68,42.38,-59.93,59.97,-0.4283,0.2929,-2.4246058464050293,0.1383141279220581,5.253446102142334,1.12649667263031,0.15919238328933716,17.718429565429688,12.21417236328125,17.84687614440918,1.7492142915725708,30.972816467285156,0.1,0.8478066325187683,500000,-1.56,17.97,-70.19,40.66,-6.6882,0.5,-13.671329498291016,0.15008796751499176,4.16975212097168,0.6597464680671692,0.17486123740673065,14.1988525390625,5.437281131744385,10.057884216308594,0.05,50000,5.676247983302929,42.37505344703145,262,20.25411657142012,-10.553743671116075,0.6535749503814233,0.6864908244340392,0.24334621406723758,0.07016296149872328,2.536,659.397,13.28,41.401,24658,360.0,0.0,0.0,441.735,95.482,0.2162,0.0,0.0,5135.374,10629.0,1.0052,12.9,0.05,1.899,0.682,0.247,0.071,8,3
236,BiLevel,14.0,1.3,5.994,15,0.636,-1805.96,492.831,4969,262,6.41,40.62,-59.92,59.94,-0.3634,0.2483,-2.443084716796875,0.1355726718902588,5.2201762199401855,1.1195857524871826,0.12111523747444153,17.270843505859375,11.342302322387695,17.12709617614746,3.612028121948242,13.943312644958496,0.1,0.8453126549720764,500000,-2.67,18.72,-56.43,54.83,-1.9159,0.5,-13.637112617492676,0.147898867726326,5.069561958312988,1.5646644830703735,0.17414738237857819,14.151087760925293,9.390690803527832,18.142545700073242,0.05,50000,6.411494102375498,40.615511852227066,262,12.089706112522826,-6.982590420152012,0.6183422296580324,0.6861989734373102,0.24365685607063967,0.07014417049205006,4.691,1501.15,13.292,19.286,21682,360.0,0.0,0.0,360.027,14.021,0.0389,0.0,0.0,5.225,54.0,0.8064,13.93,0.05,1.862,0.686,0.243,0.07,12,3
237,BiLevel,13.9,1.2,9.267,15,0.4704,-1692.771,447.182,4971,262,6.31,40.59,-59.9,59.93,-0.3405,0.2426,-2.48390531539917,0.11252758651971817,4.53387451171875,0.4569641053676605,0.1153225377202034,17.081890106201172,5.087538242340088,17.065845489501953,2.8172218799591064,12.121813774108887,0.1,0.8428230285644531,500000,-2.49,15.48,-56.93,50.72,-2.555,0.5,-13.848565101623535,0.14350850880146027,4.914483070373535,1.4149060249328613,0.1854700744152069,14.353904724121094,4.028600215911865,25.824432373046875,0.05,50000,6.314603458998942,40.59470078194248,262,13.984238651561503,3.731643466416158,0.6189816279873723,0.6864472507309847,0.24360798797568933,0.06994476129332594,12.373,3711.797,13.304,22.571,21048,360.0,0.0,0.0,359.942,10.926,0.0304,0.0,0.0,3.882,50.0,0.6734,14.86,0.05,1.857,0.686,0.244,0.07,12,3
238,BiLevel,13.7,1.2,5.486,13,0.679,-1941.114,548.594,4969,262,3.68,41.0,-59.9,59.92,-0.3906,0.2616,-2.586146354675293,0.11504696309566498,5.11030912399292,1.0560561418533325,0.11807757616043091,17.943191528320312,10.604718208312988,17.792076110839844,1.7840520143508911,20.381921768188477,0.1,0.8403443694114685,500000,-2.29,16.97,-59.4,49.63,-1.9299,0.5,-13.94223403930664,0.1518857479095459,4.794194221496582,1.2994643449783325,0.18184185028076172,14.462931632995605,3.0791702270507812,15.189157485961914,0.05,50000,3.6762788105013087,41.00003637758725,262,13.809180054852837,2.202915376993386,0.6225095574838815,0.6867149584239816,0.24325639170475125,0.07002864987126729,8.369,2510.568,13.071,18.557,21464,360.0,0.0,0.0,363.523,90.204,0.2481,0.0,0.0,202.939,603.0,0.8169,15.91,0.0501,1.807,0.686,0.244,0.07,10,3
239,BiLevel,14.2,1.2,4.45,15,0.6647,-1589.537,385.701,4971,262,13.86,39.5,-59.79,59.99,-0.3198,0.2298,-2.596320867538452,0.13389265537261963,4.8641157150268555,0.8289550542831421,0.15554453432559967,16.733930587768555,13.135875701904297,17.062515258789062,0.9040731191635132,23.65775489807129,0.1,0.8378828763961792,500000,-3.19,17.1,-59.25,44.05,-1.1179,0.5,-13.726542472839355,0.15394380688667297,4.498022556304932,1.0127098560333252,0.18181061744689941,14.246668815612793,1.7513705492019653,8.5397367477417,0.05,50000,13.859523288952083,39.50026298118866,262,23.5925076079996,5.822166572824905,0.634122785802916,0.6861867447777856,0.24373922465563075,0.07007403056658362,16.533,5621.063,13.726,18.177,20170,360.0,0.0,0.0,360.0,12.569,0.0349,0.0,0.0,4.26,44.0,0.8842,16.8,0.0524,1.661,0.691,0.237,0.073,14,1
240,BiLevel,14.5,1.4,4.868,15,0.5483,-1682.407,421.892,4970,262,14.07,39.94,-59.79,59.98,-0.3385,0.237,-2.6447553634643555,0.16632473468780518,4.813643455505371,0.8015410304069519,0.15484966337680817,17.2586612701416,13.216543197631836,17.151063919067383,1.1884809732437134,20.708251953125,0.1,0.8354259133338928,500000,-1.93,16.99,-54.52,57.7,-1.6564,0.5,-13.850923538208008,0.14060117304325104,4.375754356384277,0.8970004916191101,0.1663985252380371,14.351323127746582,7.427490711212158,3.8951804637908936,0.05,50000,14.065845211921353,39.93816380149463,262,26.035801408479085,11.497013030554118,0.6448180571195418,0.6857609653056682,0.2441844673681365,0.07005456732619529,18.971,6450.044,13.77,18.638,19792,360.0,0.0,0.0,360.031,14.39,0.04,0.0,0.0,4.672,57.0,0.7409,16.4,0.0808,1.595,0.694,0.231,0.075,12,3
241,BiLevel,15.6,1.4,14.824,13,0.3851,-1684.939,434.684,4970,262,14.47,40.52,-59.83,59.95,-0.339,0.2469,-2.678178548812866,0.13523966073989868,4.42718505859375,0.4402462840080261,0.12675943970680237,17.221288681030273,6.757692337036133,17.443342208862305,1.3098196983337402,25.008466720581055,0.1,0.8329863548278809,500000,-5.94,17.84,-73.16,46.19,-3.7944,0.5,-14.056225776672363,0.14848166704177856,8.55404281616211,5.079565048217773,0.1787298321723938,14.5631103515625,10.66545581817627,18.096342086791992,0.05,50000,14.472628029563298,40.524088319022205,262,27.182516030575094,10.951626682908913,0.6573259635594968,0.6874911565070104,0.24280440318722707,0.06970444030576259,21.056,6316.861,13.858,28.682,22055,360.0,0.0,0.0,383.335,79.032,0.2062,0.0,0.0,1457.431,3034.0,0.6287,15.93,0.0906,1.608,0.692,0.234,0.074,10,3
242,BiLevel,14.1,1.3,3.935,14,0.4814,-1662.115,445.204,4970,262,2.13,39.91,-59.82,59.89,-0.3344,0.2417,-2.6959502696990967,0.11068613082170486,4.771834373474121,0.8064745664596558,0.13461293280124664,17.434165954589844,11.00141429901123,17.113780975341797,3.3916032314300537,20.235807418823242,0.1,0.8305520415306091,500000,-1.87,17.58,-57.52,48.29,-1.5003,0.5,-14.082181930541992,0.1487501710653305,4.279044151306152,0.8065349459648132,0.19716282188892365,14.597356796264648,7.790740489959717,13.481330871582031,0.05,50000,2.1275914303208863,39.905301069883684,262,21.14006993362778,-1.3781751020958546,0.5989090905750061,0.6872681178821407,0.24301146926632886,0.06972041285153043,5.297,1589.219,12.808,16.743,19910,360.0,0.0,0.0,360.112,19.792,0.055,0.0,0.0,5.989,160.0,0.589,15.36,0.0955,1.668,0.692,0.236,0.072,11,3
243,BiLevel,14.0,1.4,10.227,13,0.5192,-1818.939,491.655,4971,262,2.4,41.87,-59.97,59.97,-0.3659,0.2547,-2.7841484546661377,0.12039569765329361,4.383091449737549,0.4404805302619934,0.12948060035705566,17.515342712402344,5.527037620544434,17.48985481262207,3.437260627746582,14.613579750061035,0.1,0.8281217217445374,500000,-3.13,17.62,-50.8,60.98,-2.8728,0.5,-14.318843841552734,0.15370026230812073,4.516103744506836,1.046600580215454,0.19647806882858276,14.841811180114746,1.7698160409927368,12.892827033996582,0.05,50000,2.3992472814024692,41.874247106430616,262,15.241582514894635,0.5373681529572133,0.6340467835813737,0.6882725214704771,0.24214682809852106,0.06958065043100178,8.246,2473.795,13.099,23.326,22411,360.0,0.0,0.0,363.631,76.986,0.2117,0.0,0.0,249.645,579.0,0.599,15.41,0.0867,1.571,0.689,0.24,0.071,10,3
244,BiLevel,14.8,1.7,6.068,16,0.5284,-1675.646,428.615,4970,262,4.45,40.66,-59.94,59.86,-0.3372,0.2412,-2.854844331741333,0.13024109601974487,4.73966646194458,0.8209728002548218,0.11703423410654068,17.591367721557617,11.221195220947266,17.55872344970703,0.6794548630714417,16.314197540283203,0.1,0.8257113695144653,500000,-2.77,17.62,-54.05,53.47,-1.8651,0.5,-14.016422271728516,0.15504011511802673,4.875973701477051,1.4168955087661743,0.17643819749355316,14.534261703491211,1.4474470615386963,9.617154121398926,0.05,50000,4.448708662628693,40.65936006556346,262,12.849732322912468,4.065669805752603,0.6165926673702617,0.6877016374018537,0.24281506203842626,0.06948330055971998,9.599,3071.779,13.121,19.189,21569,360.0,0.0,0.0,359.996,12.312,0.0342,0.0,0.0,4.58,53.0,0.554,13.91,0.1106,1.772,0.69,0.239,0.071,13,3
245,BiLevel,24.0,1.8,21.972,11,0.4378,-1839.247,537.193,4970,262,1.7,42.78,-59.88,59.9,-0.3701,0.2733,-2.8185014724731445,0.12879852950572968,4.634403228759766,0.7370559573173523,0.12471050024032593,17.41241455078125,6.505692481994629,17.244564056396484,2.5699195861816406,15.384259223937988,0.1,0.8233104944229126,500000,-1.92,18.62,-59.39,64.39,-5.4109,0.5,-14.108810424804688,0.1530587077140808,5.4384870529174805,1.9851338863372803,0.23827797174453735,14.626161575317383,3.032546043395996,20.974170684814453,0.05,50000,1.7044989779411668,42.77877626021435,262,16.228410151757693,-10.60355823416459,0.6543583695981506,0.6907343958442502,0.2402997217485106,0.06896588240723915,1.787,464.499,13.188,35.16,23908,360.0,0.0,0.0,429.75,79.664,0.1854,0.0,0.0,4480.324,9080.0,0.6261,13.37,0.101,1.843,0.677,0.255,0.068,8,3
246,BiLevel,22.0,2.0,5.956,13,0.4596,-1712.831,452.625,4970,262,10.51,40.92,-59.91,59.84,-0.3446,0.2568,-2.873121738433838,0.13322916626930237,4.689059257507324,0.8146016001701355,0.11984632909297943,17.644500732421875,11.291446685791016,17.728788375854492,7.358123779296875,18.400239944458008,0.1,0.8209400177001953,500000,-2.63,16.92,-49.43,59.33,-1.9792,0.5,-14.38715934753418,0.15527066588401794,7.568751335144043,4.119165897369385,0.19449187815189362,14.911994934082031,3.9809627532958984,11.516681671142578,0.05,50000,10.512624600398123,40.920021123016745,262,18.945905298935735,-1.77889056441031,0.6424673856140884,0.691122778220368,0.2399354770941889,0.06894174468544315,11.935,3580.46,13.522,19.478,21702,360.0,0.0,0.0,372.554,79.289,0.2128,0.0,0.0,827.55,1656.0,0.5069,10.45,0.1068,2.271,0.69,0.241,0.069,10,3
247,BiLevel,25.1,1.8,5.803,14,0.5684,-1768.96,481.353,4970,262,13.03,40.64,-59.97,59.95,-0.3559,0.2614,-2.9542622566223145,0.11895328760147095,4.589713096618652,0.7357190847396851,0.13716089725494385,17.267417907714844,11.961052894592285,17.325782775878906,1.4007107019424438,19.48039436340332,0.1,0.8185698986053467,500000,-1.39,16.5,-47.47,46.76,-1.9152,0.5,-14.651668548583984,0.1618146300315857,4.341825485229492,0.8971125483512878,0.1970198005437851,15.186727523803711,8.5517578125,10.651358604431152,0.05,50000,13.031606258639702,40.63849745560638,262,23.79112336635589,7.854574888317208,0.6512188887817711,0.6911307956182074,0.2399315135784125,0.06893769080338019,16.149,5167.746,13.931,19.734,21200,360.0,0.0,0.0,361.281,56.373,0.156,0.0,0.0,43.061,347.0,0.4272,8.24,0.077,2.505,0.684,0.248,0.068,11,3
248,BiLevel,40.1,10.5,7.707,13,0.3409,-1765.286,461.496,4970,262,13.09,41.32,-59.94,59.95,-0.3552,0.2529,-2.826188564300537,0.11294430494308472,4.417714595794678,0.5875064134597778,0.11766739189624786,17.580848693847656,7.225129127502441,17.53007698059082,2.1391971111297607,14.161162376403809,0.1,0.8162086606025696,500000,-4.36,16.98,-56.61,41.55,-2.3163,0.5,-14.558514595031738,0.167363703250885,10.148975372314453,6.7097930908203125,0.20282016694545746,15.099479675292969,8.801980972290039,23.964380264282227,0.05,50000,13.093574278921608,41.323652110339836,262,26.664167657337693,16.589993000657934,0.6643529622132822,0.6918049187204318,0.23938854200099743,0.06880653927857075,23.759,7127.692,13.732,21.439,21922,360.0,0.0,0.0,379.604,82.489,0.2173,0.0,0.0,1338.065,2572.0,0.3581,6.77,0.0635,2.59,0.691,0.24,0.069,10,3
249,BiLevel,52.3,13.9,6.436,14,0.4604,-1636.404,401.197,4969,262,15.05,39.62,-59.8,59.92,-0.3293,0.2405,-2.6968984603881836,0.11171374469995499,4.375873565673828,0.5676749348640442,0.11882159113883972,18.72340965270996,9.429502487182617,18.148944854736328,4.9466962814331055,18.931467056274414,0.1,0.8138495087623596,500000,-4.01,16.93,-53.49,47.54,-2.0183,0.5,-14.36423110961914,0.1625983715057373,4.293039798736572,0.8613746762275696,0.1895526945590973,14.88648796081543,14.109892845153809,12.922172546386719,0.05,50000,15.045940964064576,39.61627077851894,262,26.61192427277565,12.072411542189748,0.6441091621375442,0.6919352579137805,0.23932848944362875,0.06873625264259063,19.682,6691.951,13.942,20.378,21209,360.0,0.0,0.0,360.823,50.874,0.141,0.0,0.0,62.248,421.0,0.5302,7.14,0.0555,2.568,0.692,0.239,0.069,11,3
250,BiLevel,45.4,13.1,3.414,14,0.5997,-1790.073,504.232,4970,262,-10.74,38.1,-59.95,59.94,-0.3602,0.2495,-2.929272174835205,0.1266411393880844,4.433877944946289,0.6449528932571411,0.13928180932998657,17.657764434814453,11.714827537536621,17.49074935913086,0.6755802631378174,20.180946350097656,0.1,0.8115056753158569,500000,-0.79,18.15,-54.97,61.07,-0.8877,0.5,-14.42441463470459,0.1496850550174713,3.835846424102783,0.4139486253261566,0.16260956227779388,14.929047584533691,17.824214935302734,4.284193992614746,0.05,50000,-10.743866001978008,38.0962723110752,262,9.756999033375788,-8.228537753145945,0.5881686668911416,0.6915895320593844,0.23958799466251546,0.06882247327810005,-6.58,-1973.959,12.027,15.442,18221,360.0,0.0,0.0,360.115,15.583,0.0433,0.0,0.0,5.767,61.0,0.5228,8.14,0.0512,2.543,0.692,0.239,0.069,13,1
251,BiLevel,42.2,13.0,3.958,14,0.4317,-1787.334,485.016,4970,262,5.25,40.42,-59.93,59.94,-0.3596,0.253,-3.0166091918945312,0.11956482380628586,4.47084903717041,0.7048290371894836,0.1323939561843872,18.059152603149414,13.519876480102539,17.810636520385742,2.5907394886016846,18.29507064819336,0.1,0.8091785311698914,500000,-3.96,16.73,-45.48,64.21,-1.4984,0.5,-14.508560180664062,0.15696129202842712,4.17071008682251,0.750937819480896,0.18640993535518646,15.026418685913086,7.235928058624268,10.991010665893555,0.05,50000,5.248072807687959,40.42446122670359,262,11.045628339679618,-4.206407239876295,0.6140954235808044,0.6913766083387302,0.2398046195774109,0.06881877208385892,6.511,2083.567,13.007,16.965,19892,360.0,0.0,0.0,360.015,26.89,0.0747,0.0,0.0,10.195,168.0,0.5006,8.94,0.0514,2.503,0.692,0.24,0.069,11,3
252,BiLevel,42.0,13.9,4.471,14,0.5774,-1762.635,474.529,4971,262,5.06,40.3,-59.99,59.81,-0.3546,0.2566,-3.0736947059631348,0.1325134038925171,4.216741561889648,0.47331076860427856,0.11529658734798431,18.02105712890625,6.750626564025879,17.777204513549805,5.293476104736328,13.67696475982666,0.1,0.8068645596504211,500000,-2.01,16.41,-56.92,48.29,-1.6352,0.5,-14.746211051940918,0.14612539112567902,4.295135021209717,0.8813647031784058,0.1629488468170166,15.236037254333496,1.081158995628357,4.852800369262695,0.05,50000,5.063533655387089,40.29947552770914,262,16.103083746370515,2.1418635016993472,0.6110949292382347,0.6911914321179219,0.23994728313365218,0.06886128474842591,9.679,2903.787,13.02,17.491,18944,360.0,0.0,0.0,359.946,27.704,0.077,0.0,0.0,12.332,196.0,0.4038,9.51,0.0516,2.473,0.691,0.24,0.069,11,3
253,BiLevel,43.4,15.6,5.132,13,0.5262,-1900.01,551.974,4970,262,0.19,39.72,-59.86,59.92,-0.3823,0.2644,-3.0020570755004883,0.11310697346925735,4.305447578430176,0.5834718346595764,0.1234048530459404,17.911174774169922,13.025370597839355,17.639963150024414,2.822526216506958,20.068729400634766,0.1,0.8045480847358704,500000,-4.21,16.68,-51.7,42.03,-1.8206,0.5,-14.559453964233398,0.15321896970272064,4.420248985290527,1.0120149850845337,0.17680318653583527,15.066961288452148,0.8247734904289246,9.936047554016113,0.05,50000,0.18802064740187086,39.72413016780959,262,9.740173249495657,2.4682697072625155,0.5953335503423235,0.6914349726793827,0.23967260667377688,0.06889242064684058,5.989,1796.812,12.786,17.918,20414,360.0,0.0,0.0,362.096,69.313,0.1914,0.0,0.0,81.492,529.0,0.7113,10.76,0.0508,2.369,0.691,0.24,0.069,10,3
254,BiLevel,43.7,8.7,4.815,15,0.5634,-1732.814,481.768,4970,262,-2.66,39.9,-59.95,59.63,-0.3487,0.2524,-3.085536003112793,0.09769344329833984,4.3989105224609375,0.7017009854316711,0.09827002882957458,18.76430320739746,10.316740036010742,18.367361068725586,3.994302988052368,10.143617630004883,0.1,0.8022394180297852,500000,-3.16,16.21,-48.88,46.6,-1.6546,0.5,-14.780966758728027,0.16320079565048218,4.5392165184021,1.1346018314361572,0.18459787964820862,15.30176067352295,22.396099090576172,9.931795120239258,0.05,50000,-2.6631503683591724,39.90162472971623,262,11.13148067687687,-8.583481638368806,0.5997731419904999,0.690986532771336,0.24012737648631458,0.0688860907423493,1.383,414.97,12.68,17.495,20614,360.0,0.0,0.0,360.027,11.961,0.0332,0.0,0.0,4.237,46.0,0.5816,11.77,0.0501,2.351,0.691,0.24,0.069,12,3
255,BiLevel,42.8,11.7,3.815,15,0.3776,-1679.243,440.107,4970,262,11.12,41.4,-59.86,59.97,-0.3379,0.254,-3.2030587196350098,0.0977911651134491,4.130579948425293,0.45574498176574707,0.09682944416999817,18.149263381958008,8.335014343261719,17.962236404418945,2.202843427658081,10.208259582519531,0.1,0.7999391555786133,500000,-3.65,19.14,-75.95,57.16,-1.4092,0.5,-14.753301620483398,0.17280077934265137,6.04754114151001,2.6500813961029053,0.18657992780208588,15.303709983825684,0.7157951593399048,31.621950149536133,0.05,50000,11.119525657671128,41.398742669422155,262,17.21476904969466,6.293913719528599,0.6544325963307345,0.690457896260581,0.240709967360952,0.06883213637846693,14.524,4938.171,13.545,17.36,19675,360.0,0.0,0.0,360.077,13.943,0.0387,0.0,0.0,4.996,57.0,0.6439,12.79,0.0505,2.29,0.691,0.24,0.069,12,3
256,BiLevel,47.2,14.6,3.92,15,0.5285,-1755.012,469.512,4970,262,-2.04,40.58,-59.93,59.84,-0.3531,0.2423,-3.1629462242126465,0.10276477783918381,4.079047679901123,0.42277270555496216,0.12260591238737106,17.850446701049805,6.334744453430176,17.463298797607422,4.9981184005737305,14.530438423156738,0.1,0.7976575493812561,500000,-3.26,19.62,-70.81,43.49,-0.9728,0.5,-14.962371826171875,0.15563619136810303,4.362728595733643,0.9688412547111511,0.18699124455451965,15.460731506347656,10.80608081817627,9.528953552246094,0.05,50000,-2.04336559874356,40.57524129778998,262,14.73665026049865,-2.223568478383516,0.6125830201479291,0.6898996130415085,0.24126105029884104,0.06883933665965042,5.799,1971.638,12.665,16.585,19232,360.0,0.0,0.0,360.015,14.9,0.0414,0.0,0.0,5.42,43.0,0.4644,13.48,0.051,2.262,0.69,0.241,0.069,14,1
257,BiLevel,48.2,14.8,4.718,14,0.5351,-1782.743,481.089,4969,262,-2.86,40.55,-59.9,59.92,-0.3588,0.2483,-3.1567227840423584,0.132252499461174,4.036975383758545,0.4034962058067322,0.10659769922494888,18.521228790283203,7.290136337280273,18.56255340576172,1.5553549528121948,16.041454315185547,0.1,0.7953780889511108,500000,-1.58,16.72,-63.18,48.94,-1.6792,0.5,-14.943523406982422,0.17644768953323364,5.195890426635742,1.808020830154419,0.19275672733783722,15.482864379882812,10.192892074584961,28.430234909057617,0.05,50000,-2.860346533289874,40.55115877707298,262,7.82440003254696,-2.1657767277014885,0.6129777709281584,0.6897694391366683,0.24137494296775305,0.06885561789557867,1.896,568.95,12.807,17.525,20837,360.0,0.0,0.0,360.035,20.141,0.0559,0.0,0.0,7.111,119.0,0.4306,14.22,0.0506,2.249,0.69,0.241,0.069,11,3
258,BiLevel,48.0,8.1,4.383,15,0.5367,-1813.566,519.294,4970,262,-13.98,37.26,-59.95,59.65,-0.3649,0.2575,-3.153735637664795,0.1462043821811676,4.088829517364502,0.4716171324253082,0.15884354710578918,18.15230941772461,12.639739036560059,17.886228561401367,4.179785251617432,23.767688751220703,0.1,0.7931122183799744,500000,-4.25,17.48,-79.35,57.66,-1.0178,0.5,-15.094398498535156,0.1664467602968216,5.301591873168945,1.920381784439087,0.1823955774307251,15.614297866821289,1.0416100025177002,10.067155838012695,0.05,50000,-13.982235702009538,37.257749907571515,262,-3.4809615171269366,-14.387748301029205,0.5942877764300055,0.6892786848379917,0.2418696130077512,0.06885170215425711,-9.791,-2937.255,11.928,16.31,20452,360.0,0.0,0.0,360.065,12.091,0.0336,0.0,0.0,4.111,57.0,0.5026,15.11,0.051,2.191,0.69,0.241,0.069,15,0
259,BiLevel,43.8,18.9,7.292,16,0.5586,-1917.667,531.388,4971,262,-8.42,39.46,-59.92,59.76,-0.3858,0.2528,-3.317384719848633,0.12271676957607269,3.938204765319824,0.3461989462375641,0.12283704429864883,17.674537658691406,5.7920660972595215,17.774417877197266,4.601536750793457,21.684080123901367,0.1,0.7908598780632019,500000,-4.6,16.24,-48.8,53.76,-1.6248,0.5,-15.057003021240234,0.15309403836727142,5.161224842071533,1.7837049961090088,0.17794811725616455,15.56286334991455,4.17064905166626,9.440553665161133,0.05,50000,-8.415158043030047,39.461259667512834,262,0.0015429056396611073,-13.34674557572917,0.6039072273152994,0.6888820524117573,0.24238271444985107,0.0687352331383917,-5.802,-1856.543,12.516,19.808,21190,360.0,0.0,0.0,359.912,10.373,0.0288,0.0,0.0,3.416,53.0,0.8353,16.13,0.0563,1.948,0.69,0.241,0.069,16,0
260,BiLevel,44.7,15.0,7.307,15,0.5974,-1826.536,503.485,4971,262,-6.3,39.52,-59.95,59.9,-0.3674,0.2448,-3.314359664916992,0.1067560464143753,3.891091823577881,0.322022944688797,0.10804472118616104,18.88968849182129,5.709754943847656,18.407264709472656,2.6669464111328125,11.760993957519531,0.1,0.7886130809783936,500000,-2.87,18.6,-54.29,51.78,-2.1769,0.5,-15.22761058807373,0.16572287678718567,4.654046535491943,1.2817144393920898,0.2010556161403656,15.754343032836914,1.8205689191818237,9.811408996582031,0.05,50000,-6.29523186476984,39.52008446579486,262,2.532416003667995,-2.646963708651694,0.6015334306981807,0.6887895469325618,0.24254396353055008,0.06866648953688818,3.552,1207.792,12.633,19.94,20521,360.0,0.0,0.0,359.869,14.612,0.0406,0.0,0.0,5.126,51.0,0.7454,16.08,0.072,1.851,0.694,0.234,0.072,12,3
261,BiLevel,49.7,9.2,4.034,16,0.5298,-1811.967,466.997,4971,262,11.11,39.77,-59.79,59.97,-0.3645,0.2405,-3.262115001678467,0.09918254613876343,3.9998397827148438,0.4521685242652893,0.1020369753241539,19.066322326660156,11.156105041503906,18.480098724365234,2.6667087078094482,12.822813987731934,0.1,0.7863861918449402,500000,-4.33,16.73,-67.72,45.12,-1.1546,0.5,-15.305673599243164,0.15224407613277435,5.07021427154541,1.7027870416641235,0.18392838537693024,15.811983108520508,8.505045890808105,22.033472061157227,0.05,50000,11.105185713730656,39.766926553899154,262,15.741568819707947,8.804399041596213,0.6240575465355968,0.6879479158662852,0.2434119042315456,0.06864017990216925,13.716,4663.427,13.554,17.589,19484,360.0,0.0,0.0,359.981,9.858,0.0274,0.0,0.0,3.977,45.0,0.6245,15.76,0.0798,1.859,0.694,0.235,0.072,14,2
262,BiLevel,47.6,16.1,5.05,14,0.5421,-1771.38,483.43,4971,262,-2.07,40.2,-59.94,59.85,-0.3563,0.2508,-3.2907183170318604,0.15800493955612183,3.876877784729004,0.34506648778915405,0.15111315250396729,18.197120666503906,5.770267963409424,18.18559455871582,5.735103607177734,21.88538932800293,0.1,0.7841663360595703,500000,-4.61,16.86,-55.54,50.91,-1.7463,0.5,-15.355003356933594,0.17438437044620514,5.182328701019287,1.8194198608398438,0.2010938823223114,15.903609275817871,3.869112253189087,24.123050689697266,0.05,50000,-2.0719704139446367,40.19836906836347,262,4.779413974049844,-0.9578507120672025,0.6034067986983545,0.6878699402375291,0.24348041581558033,0.06864964394689045,0.967,290.046,12.793,17.843,21000,360.0,0.0,0.0,360.027,21.385,0.0594,0.0,0.0,7.229,163.0,0.483,15.22,0.0783,1.896,0.691,0.238,0.071,11,3
263,BiLevel,54.1,11.3,4.179,15,0.6817,-1769.732,449.656,4971,262,12.02,40.97,-59.88,59.95,-0.356,0.2422,-3.4989166259765625,0.1276649683713913,3.817455291748047,0.3085296154022217,0.12343601882457733,18.31777572631836,3.1429121494293213,18.229511260986328,2.3960461616516113,19.173582077026367,0.1,0.7819493412971497,500000,-4.46,18.11,-55.5,59.72,-1.5496,0.5,-15.31768798828125,0.17156971991062164,4.782614707946777,1.4267979860305786,0.1968272179365158,15.856134414672852,9.031893730163574,22.504735946655273,0.05,50000,12.018799433179291,40.97081405650595,262,14.68388934872652,9.90409819044565,0.6489573743083303,0.6873179393384191,0.24396856183447857,0.06871349882710225,14.545,4945.179,13.659,17.838,19953,360.0,0.0,0.0,359.9,16.821,0.0467,0.0,0.0,5.153,93.0,0.516,14.8,0.0804,1.927,0.689,0.242,0.069,12,3
264,BiLevel,44.2,7.5,8.443,15,0.5449,-1862.326,508.669,4970,262,-1.9,40.98,-59.99,59.9,-0.3747,0.2473,-3.5518078804016113,0.13124293088912964,3.8946261405944824,0.40377506613731384,0.15171214938163757,18.916913986206055,5.398622989654541,18.479736328125,2.0381500720977783,20.644590377807617,0.1,0.7797399163246155,500000,-2.49,17.19,-54.4,54.85,-1.8533,0.5,-15.008570671081543,0.1587536633014679,4.238147258758545,0.8872547149658203,0.18125320971012115,15.528094291687012,4.679666042327881,16.97464370727539,0.05,50000,-1.8983962905403953,40.979474010038,262,14.585584382948124,-0.8739794782117792,0.619522127873033,0.6874091059095497,0.24400223100450352,0.0685886630859468,5.503,1760.98,12.929,21.373,20529,360.0,0.0,0.0,360.108,13.99,0.0388,0.0,0.0,4.504,54.0,0.6617,15.25,0.0795,1.8,0.687,0.244,0.069,15,0
265,BiLevel,47.7,21.1,3.905,16,0.5636,-1669.326,400.054,4971,262,21.24,38.73,-59.93,59.98,-0.3358,0.2325,-3.5452775955200195,0.1709684431552887,3.8770148754119873,0.4097481667995453,0.11511680483818054,18.787174224853516,8.01058578491211,18.365333557128906,2.714587450027466,25.951887130737305,0.1,0.7775416970252991,500000,-1.41,15.37,-41.22,60.5,-1.1313,0.5,-15.202186584472656,0.17333878576755524,4.903645992279053,1.5561777353286743,0.2099042534828186,15.74559497833252,4.909829616546631,23.71902847290039,0.05,50000,21.242439971322852,38.73038975239271,262,23.794185895041416,11.12329060027474,0.6797348790866153,0.6865514895919669,0.24486756942593765,0.06858094098209534,21.871,7436.202,14.186,18.091,20310,360.0,0.0,0.0,360.054,13.457,0.0374,0.0,0.0,4.336,60.0,0.8855,15.36,0.1013,1.723,0.688,0.242,0.069,14,2
266,BiLevel,41.1,17.2,3.986,14,0.4565,-1808.923,487.45,4970,262,-3.01,39.57,-59.97,59.97,-0.364,0.2478,-3.48372483253479,0.10548219829797745,3.6853039264678955,0.23989379405975342,0.1058511734008789,17.679136276245117,3.904728412628174,17.367029190063477,1.4306583404541016,14.321966171264648,0.1,0.7753506898880005,500000,-3.34,17.44,-63.53,58.38,-1.5179,0.5,-15.436700820922852,0.15413618087768555,3.8731279373168945,0.5283620953559875,0.17631128430366516,15.92783260345459,7.613540172576904,15.69135570526123,0.05,50000,-3.0054874765681068,39.5655972793401,262,4.766495609557943,-4.90091183969849,0.5917772325956856,0.6863562594026756,0.24505627523427867,0.06858746536304572,-2.273,-727.433,12.483,16.469,20080,360.0,0.0,0.0,359.923,15.046,0.0418,0.0,0.0,5.214,81.0,0.7353,14.17,0.1167,2.079,0.685,0.246,0.068,11,3
267,BiLevel,55.1,13.2,16.105,11,0.5273,-1915.956,564.826,4972,262,8.35,42.35,-59.91,59.96,-0.3853,0.27,-3.5239064693450928,0.11382613331079483,3.760756731033325,0.3366847038269043,0.107620470225811,18.398571014404297,12.456802368164062,18.141311645507812,1.3017380237579346,17.937376022338867,0.1,0.7731698155403137,500000,-2.27,17.01,-50.3,40.85,-4.2297,0.5,-15.300687789916992,0.16194958984851837,4.71039342880249,1.3723093271255493,0.18115001916885376,15.81008529663086,3.3325936794281006,9.907363891601562,0.05,50000,8.345147770236839,42.34926193251406,262,14.696011046006493,-4.236564145276421,0.6613107603880662,0.6884375575055383,0.243247259670877,0.06831518282358477,12.142,3156.911,13.475,29.579,23174,360.0,0.0,0.0,443.754,89.615,0.2019,0.0,0.0,5290.935,10974.0,0.9709,14.25,0.1031,2.287,0.669,0.264,0.067,8,3
268,BiLevel,41.2,10.7,4.9,12,0.5395,-2333.276,801.568,4971,262,-18.46,36.97,-59.98,59.95,-0.4694,0.3141,-3.716254472732544,0.12227459251880646,3.6774487495422363,0.27375584840774536,0.10815514624118805,18.194984436035156,5.639439582824707,18.210538864135742,2.1932058334350586,15.793218612670898,0.1,0.7709860801696777,500000,-2.5,16.92,-65.14,48.04,-1.8577,0.5,-15.453396797180176,0.16511277854442596,4.654232978820801,1.3156458139419556,0.18673504889011383,15.969043731689453,13.713703155517578,34.6939811706543,0.05,50000,-18.455154416271437,36.972863779384774,262,-3.1055687477714122,-20.563242078141162,0.6192598598435887,0.6889528942227076,0.24265704575394786,0.06839006002334456,-17.495,-5248.509,11.828,16.728,20659,360.0,0.0,0.0,361.223,87.773,0.243,0.0,0.0,118.851,652.0,1.5306,15.5,0.0804,2.033,0.685,0.247,0.068,9,3
269,BiLevel,47.6,14.4,5.227,15,0.5641,-1897.478,514.798,4971,262,2.75,40.23,-59.81,59.84,-0.3817,0.2477,-3.618039608001709,0.13302090764045715,3.7073636054992676,0.32166600227355957,0.13139937818050385,18.776309967041016,6.312833309173584,18.160449981689453,2.981081485748291,22.43280601501465,0.1,0.7688117623329163,500000,-2.62,17.24,-56.82,52.27,-1.202,0.5,-15.66268539428711,0.17477953433990479,4.522258281707764,1.188940405845642,0.239834725856781,16.197261810302734,5.624576568603516,25.6053524017334,0.05,50000,2.745543064373455,40.22657147947216,262,5.34124266348387,-1.8592887831361673,0.6054989007871735,0.688583942810347,0.24304252861027908,0.06837352857937394,6.404,2049.337,12.961,18.188,20567,360.0,0.0,0.0,359.973,13.106,0.0364,0.0,0.0,4.683,52.0,1.153,15.69,0.0793,1.956,0.691,0.239,0.07,15,0
270,BiLevel,45.9,17.3,9.485,13,0.4394,-2019.681,586.365,4971,262,2.03,40.47,-59.88,59.95,-0.4063,0.2617,-3.687559127807617,0.11945486813783646,3.7061550617218018,0.34005096554756165,0.12460349500179291,19.567989349365234,7.216209411621094,18.77257537841797,2.1932554244995117,18.944629669189453,0.1,0.7666504979133606,500000,-4.15,17.88,-78.21,43.75,-2.7035,0.5,-15.692789077758789,0.19336175918579102,7.379080295562744,4.051327705383301,0.21220214664936066,16.248918533325195,0.7316491007804871,13.696834564208984,0.05,50000,2.0298809534187194,40.468115247449134,262,6.778478760782042,-2.836414113797639,0.609505355949304,0.6894541475608854,0.24230869407058991,0.06823715836852487,4.866,1459.874,13.003,22.489,21740,360.0,0.0,0.0,361.731,81.155,0.2244,0.0,0.0,159.779,731.0,1.0853,15.64,0.0821,1.934,0.692,0.238,0.07,10,3
271,BiLevel,45.7,10.4,5.329,12,0.4471,-2214.966,691.542,4970,262,-6.99,39.82,-59.95,59.84,-0.4457,0.2813,-3.850153923034668,0.12339477241039276,3.6788036823272705,0.33410534262657166,0.11656150221824646,18.935134887695312,7.323952674865723,18.615930557250977,5.371360778808594,28.785764694213867,0.1,0.7644988894462585,500000,-1.95,15.92,-52.07,46.8,-1.9136,0.5,-15.797256469726562,0.17486397922039032,7.155581474304199,3.8352599143981934,0.19947966933250427,16.319026947021484,11.398534774780273,6.220724582672119,0.05,50000,-6.986229530203211,39.82401583858441,262,-3.536955783555382,-9.335916401210584,0.6072642094757486,0.6900518726927347,0.24168746472226038,0.06826066258500481,-8.231,-2469.338,12.266,17.595,19861,360.0,0.0,0.0,371.219,111.647,0.3008,0.0,0.0,833.969,1608.0,1.272,15.52,0.0852,1.932,0.692,0.238,0.07,9,3
272,BiLevel,46.6,11.0,5.734,16,0.4122,-1806.537,453.191,4970,262,15.41,39.21,-59.76,59.94,-0.3635,0.2341,-3.693014144897461,0.11655469983816147,3.623988151550293,0.30126747488975525,0.09565723687410355,18.99274253845215,9.95556354522705,18.54657745361328,2.8570220470428467,17.07947540283203,0.1,0.7623646259307861,500000,-0.45,18.73,-62.88,60.21,-1.7713,0.5,-15.551321983337402,0.16815796494483948,4.5557074546813965,1.2415831089019775,0.18389543890953064,16.057594299316406,5.725152015686035,16.27841567993164,0.05,50000,15.413672566787158,39.206404262154244,262,19.34707352362181,7.624878354762731,0.6403463417274885,0.6894910657987557,0.2423723038252226,0.0681366303760216,18.232,6198.949,13.985,19.719,20859,360.0,0.0,0.0,359.942,15.621,0.0434,0.0,0.0,6.408,60.0,1.0409,16.45,0.0622,1.712,0.692,0.238,0.07,13,3
273,BiLevel,45.6,15.2,4.913,15,0.4176,-2037.396,582.695,4972,262,-10.42,38.27,-59.94,59.69,-0.4098,0.2546,-3.7870712280273438,0.11510692536830902,3.618434429168701,0.3130837380886078,0.1152745708823204,18.315446853637695,4.155981063842773,18.033180236816406,1.475301742553711,17.806961059570312,0.1,0.76022869348526,500000,-2.53,16.01,-45.54,41.77,-1.1659,0.5,-15.807350158691406,0.18422675132751465,5.246035575866699,1.9333537817001343,0.1973564326763153,16.33089828491211,7.311408996582031,19.625579833984375,0.05,50000,-10.417648694586617,38.266096174094756,262,1.245260186571823,-14.406327362750707,0.591799154416717,0.6891239673570024,0.24280566742725132,0.06807036521574626,-11.683,-3738.589,12.218,17.131,20197,360.0,0.0,0.0,360.054,13.284,0.0369,0.0,0.0,4.771,41.0,0.9535,16.52,0.0748,1.547,0.696,0.232,0.072,14,1
274,BiLevel,45.7,14.4,4.195,13,0.5947,-2113.586,640.885,4970,262,-8.6,38.7,-59.93,59.57,-0.4253,0.2658,-3.8192100524902344,0.0986751988530159,3.5590739250183105,0.2744410037994385,0.10393880307674408,18.565990447998047,5.241329193115234,18.03377342224121,0.8523600697517395,14.960718154907227,0.1,0.7580970525741577,500000,-3.56,17.46,-52.57,44.82,-1.6306,0.5,-15.590024948120117,0.18398450314998627,4.363918304443359,1.0548375844955444,0.18551521003246307,16.108226776123047,8.199496269226074,24.29783058166504,0.05,50000,-8.60134239978751,38.697503481462476,262,-5.266823692462946,-10.431573979948698,0.5925820966528413,0.6892144841755077,0.24262659939848732,0.06815891642600501,-6.8,-2040.078,12.337,16.531,20598,360.0,0.0,0.0,359.985,55.367,0.1538,0.0,0.0,28.84,293.0,0.9889,16.92,0.0756,1.275,0.696,0.232,0.072,10,3
275,BiLevel,41.8,19.3,4.583,13,0.5845,-2026.783,606.165,4970,262,-9.31,38.06,-59.83,59.69,-0.4078,0.2708,-3.8687326908111572,0.10128535330295563,3.5265495777130127,0.26234278082847595,0.0958084985613823,19.024545669555664,8.122697830200195,18.572362899780273,4.4301934242248535,10.730225563049316,0.1,0.7559816241264343,500000,-3.12,14.66,-48.92,40.26,-1.7058,0.5,-15.816449165344238,0.18527165055274963,5.63926362991333,2.338142156600952,0.20089484751224518,16.334552764892578,1.0658854246139526,13.231754302978516,0.05,50000,-9.310005393236786,38.06237418112666,262,-7.063504953839276,-12.941754980463731,0.5839111906067256,0.6893608921565677,0.24240789065082663,0.06823121719260568,-8.525,-2557.404,12.162,16.746,20388,360.0,0.0,0.0,360.038,56.845,0.1579,0.0,0.0,25.63,327.0,0.8515,15.9,0.1236,1.345,0.698,0.229,0.074,10,3
276,BiLevel,47.7,15.5,13.218,14,0.3266,-1835.914,509.95,4971,262,-10.89,37.81,-59.91,59.65,-0.3693,0.247,-3.9767966270446777,0.1151113286614418,3.5881259441375732,0.3406245708465576,0.1140289381146431,19.828678131103516,6.408000946044922,19.437055587768555,1.0421781539916992,19.005136489868164,0.1,0.7538690567016602,500000,-0.64,16.72,-59.63,55.2,-3.362,0.5,-15.75143814086914,0.18625526130199432,4.4754486083984375,1.176929235458374,0.19523635506629944,16.269468307495117,2.8899874687194824,21.151508331298828,0.05,50000,-10.887234362219038,37.81205673784776,262,-9.513970085860866,-14.826966000858107,0.58757327577069,0.6904567132209276,0.2416335441833024,0.06790974259577007,-11.901,-3808.414,12.23,25.447,22847,360.0,0.0,0.0,360.096,14.029,0.039,0.0,0.0,6.023,64.0,0.7703,14.77,0.1419,1.681,0.665,0.269,0.066,11,3
277,BiLevel,47.7,13.6,16.668,11,0.3452,-1951.658,591.591,4971,262,0.35,40.57,-59.93,59.93,-0.3926,0.284,-4.00972843170166,0.10217029601335526,3.521721601486206,0.29457569122314453,0.10696372389793396,19.890676498413086,6.377460479736328,19.24330711364746,2.000213146209717,12.98224925994873,0.1,0.7517666220664978,500000,-4.59,16.74,-53.48,45.75,-4.2779,0.5,-16.20866584777832,0.18437373638153076,10.100605010986328,6.806760311126709,0.20343317091464996,16.712453842163086,6.133825778961182,34.11501693725586,0.05,50000,0.35409962443896786,40.566803062646805,262,4.308782330625935,-5.754049005633907,0.6074497161104009,0.6926089713749308,0.23983560841354076,0.0675554202115283,6.023,1565.956,12.99,29.659,22038,360.0,0.0,0.0,423.304,95.67,0.226,0.0,0.0,3996.779,8249.0,0.5801,14.41,0.0949,1.806,0.647,0.289,0.064,8,3
278,BiLevel,44.1,12.7,6.342,16,0.6347,-1876.163,518.52,4970,262,-2.91,38.65,-59.98,59.8,-0.3775,0.2468,-3.982042074203491,0.1040787547826767,3.4245893955230713,0.21828384697437286,0.09349077939987183,19.925573348999023,8.636577606201172,18.962154388427734,1.248707890510559,11.601938247680664,0.1,0.7496757507324219,500000,-3.37,17.46,-43.39,49.08,-1.652,0.5,-16.072250366210938,0.1777150183916092,4.4801764488220215,1.1907488107681274,0.17916493117809296,16.55268669128418,7.32199239730835,20.83250617980957,0.05,50000,-2.913219407687275,38.652994542453214,262,3.280254187905475,-4.1806260543630325,0.5768802044946403,0.69205616349218,0.24043525880204494,0.06750857770577513,0.277,88.742,12.549,18.891,21010,360.0,0.0,0.0,360.0,13.629,0.0379,0.0,0.0,5.286,49.0,0.5078,15.49,0.0601,1.591,0.693,0.24,0.068,14,2
279,BiLevel,43.7,14.5,5.527,13,0.5913,-1869.875,499.172,4972,262,4.54,38.86,-59.85,59.8,-0.3761,0.2435,-4.17332124710083,0.08891801536083221,3.573740005493164,0.38628754019737244,0.09252706170082092,18.767078399658203,5.815550327301025,18.423725128173828,8.20706558227539,13.752584457397461,0.1,0.7475905418395996,500000,-5.17,16.59,-52.84,61.18,-1.9129,0.5,-15.810309410095215,0.18230149149894714,4.129252910614014,0.8438960909843445,0.1906988024711609,16.296810150146484,2.4409122467041016,9.127717018127441,0.05,50000,4.535013151757437,38.86497267505501,262,7.864341516439852,2.437140660380063,0.583228766628077,0.6923195210456278,0.24012338257835272,0.06755709637601948,6.923,2077.002,13.054,18.581,20205,360.0,0.0,0.0,362.573,72.293,0.1994,0.0,0.0,162.58,675.0,0.465,15.07,0.0768,1.418,0.694,0.237,0.069,10,3
280,BiLevel,55.6,12.8,28.341,12,0.7542,-1916.918,582.001,4970,262,19.2,38.91,-59.85,59.96,-0.3857,0.2916,-4.00107479095459,0.13174623250961304,3.4999845027923584,0.3266812562942505,0.14504030346870422,19.45064926147461,5.241453170776367,18.581790924072266,4.362917423248291,23.426645278930664,0.1,0.7455100417137146,500000,-8.39,16.65,-60.29,36.79,-6.7611,0.5,-16.224628448486328,0.2033289670944214,8.900619506835938,5.621457099914551,0.19660356640815735,16.752534866333008,4.462784767150879,5.428524494171143,0.05,50000,19.19633746478309,38.91378398678959,262,20.66144044273778,3.500143306192599,0.6659407304314011,0.6958729100369603,0.2370950589189522,0.06703203104408759,16.192,4533.872,14.236,42.577,24385,360.0,0.0,0.0,424.477,103.942,0.2449,0.0,0.0,4060.393,8452.0,0.3692,11.31,0.1147,1.709,0.693,0.24,0.068,9,3
281,BiLevel,55.9,13.3,17.618,11,0.3924,-1958.019,592.381,4970,262,3.1,39.78,-59.88,59.89,-0.394,0.2823,-4.188042163848877,0.12487149238586426,3.586087703704834,0.432932049036026,0.12310528755187988,19.869304656982422,6.000524997711182,19.202089309692383,4.587486743927002,23.326557159423828,0.1,0.743445873260498,500000,-7.78,21.0,-60.27,62.82,-4.531,0.5,-16.476985931396484,0.21660423278808594,4.909436225891113,1.6355829238891602,0.21549741923809052,17.0334529876709,3.2700560092926025,15.395343780517578,0.05,50000,3.1039477772590978,39.78394082677285,262,15.504460594724668,-0.34518049798513706,0.5992084360569133,0.698090710911534,0.23523265366799492,0.06667663542047093,4.305,1119.379,13.041,30.659,22989,360.0,0.0,0.0,425.654,101.963,0.2395,0.0,0.0,4142.63,8615.0,0.4029,5.25,0.1098,2.174,0.68,0.254,0.066,8,3
282,BiLevel,43.1,17.0,4.447,15,0.5634,-1917.831,527.41,4971,262,-2.47,38.3,-59.97,59.76,-0.3858,0.2524,-4.2418084144592285,0.10827921330928802,3.4961001873016357,0.3626406490802765,0.10849618911743164,19.593536376953125,7.623889446258545,18.948793411254883,3.2101964950561523,11.451139450073242,0.1,0.7413919568061829,500000,-6.65,19.54,-49.1,64.76,-1.0815,0.5,-15.949386596679688,0.2079542875289917,6.522486209869385,3.250002384185791,0.1890791654586792,16.469921112060547,0.2805803716182709,22.2132568359375,0.05,50000,-2.471561297809537,38.29549967000335,262,5.8227000219649385,-6.124285417324619,0.5688256562134165,0.6975890998090826,0.23572145081388907,0.06668944937702843,-0.934,-299.014,12.602,17.049,20092,360.0,0.0,0.0,359.923,15.01,0.0417,0.0,0.0,5.179,64.0,0.2977,4.13,0.0584,2.166,0.688,0.247,0.066,14,1
283,BiLevel,56.5,15.6,21.07,11,0.4921,-2061.248,634.237,4969,262,3.26,40.42,-59.96,59.7,-0.4148,0.2855,-4.283303737640381,0.10617896914482117,3.4878296852111816,0.3730601370334625,0.11897768080234528,18.12647247314453,8.256450653076172,17.929763793945312,1.1579203605651855,16.603137969970703,0.1,0.7393341064453125,500000,-4.56,17.72,-66.82,57.41,-5.3035,0.5,-16.266855239868164,0.19722434878349304,5.383238792419434,2.1151442527770996,0.2070292979478836,16.773958206176758,3.4619297981262207,13.569465637207031,0.05,50000,3.2556034325683685,40.424555842869566,262,11.403047981073982,-4.809308772102783,0.6119476294866913,0.70020919749735,0.2335124353495556,0.06627836715309447,9.248,2404.41,13.188,34.258,22868,360.0,0.0,0.0,424.685,112.494,0.2649,0.0,0.0,4223.324,8439.0,0.5229,5.16,0.0508,2.179,0.698,0.236,0.067,8,3
284,BiLevel,43.7,19.7,3.84,15,0.5923,-2013.508,587.882,4970,262,-11.83,36.39,-59.95,59.47,-0.4051,0.2599,-4.2722578048706055,0.10128092765808105,3.3866472244262695,0.2904837727546692,0.1157289445400238,19.21955108642578,7.697688102722168,18.694509506225586,5.101978778839111,17.32599449157715,0.1,0.7372876405715942,500000,-5.61,18.14,-62.59,47.15,-0.9744,0.5,-16.367156982421875,0.20073336362838745,5.3602471351623535,2.0969178676605225,0.21127985417842865,16.87059211730957,0.39472219347953796,10.70839786529541,0.05,50000,-11.83157790832304,36.391300165032156,262,-1.0563908768327601,-11.449202239356541,0.5667243021092411,0.6996122524900911,0.23406575019843395,0.06632199731147508,-12.244,-3673.122,11.967,15.807,19691,360.0,0.0,0.0,359.988,13.447,0.0374,0.0,0.0,4.641,47.0,0.5461,6.27,0.0501,2.188,0.7,0.234,0.066,14,1
285,BiLevel,46.5,14.4,5.124,15,0.4894,-2011.993,575.016,4971,262,-6.35,37.37,-59.94,59.67,-0.4047,0.2629,-4.399733066558838,0.13033632934093475,3.434654474258423,0.3550259470939636,0.13340863585472107,19.091712951660156,5.599198818206787,18.747194290161133,1.6908150911331177,18.853343963623047,0.1,0.7352494597434998,500000,-3.89,17.46,-71.31,43.84,-1.1727,0.5,-16.37827491760254,0.19232690334320068,4.508610725402832,1.2462059259414673,0.1989300698041916,16.862964630126953,1.245962381362915,20.40738868713379,0.05,50000,-6.35272105103664,37.371864604023976,262,-5.186225446274406,-7.798226896046023,0.5600617095673739,0.6992185817149554,0.23449510614216446,0.06628631214288015,-3.591,-1077.336,12.415,17.539,20431,360.0,0.0,0.0,359.942,11.358,0.0316,0.0,0.0,4.802,43.0,0.546,7.32,0.05,2.19,0.7,0.234,0.066,15,0
286,BiLevel,39.1,17.8,3.794,15,0.6798,-2004.907,576.091,4971,262,-0.32,37.22,-59.81,59.68,-0.4033,0.2616,-4.432513236999512,0.10521490126848221,3.4161813259124756,0.35792961716651917,0.1006014496088028,18.737443923950195,5.579096794128418,18.38216781616211,2.026762008666992,11.791247367858887,0.1,0.7332228422164917,500000,-6.03,17.66,-53.8,48.59,-0.9309,0.5,-16.546409606933594,0.20899930596351624,4.606700897216797,1.3479934930801392,0.19725294411182404,17.068775177001953,2.388643264770508,13.29948616027832,0.05,50000,-0.3167432826630632,37.21522401843655,262,0.21682040134542885,-2.0152911314642745,0.5502953064278512,0.6985947393261769,0.23503861226487527,0.06636664840894774,-0.42,-134.413,12.607,16.401,19184,360.0,0.0,0.0,360.0,12.207,0.0339,0.0,0.0,4.08,48.0,0.5179,8.31,0.05,2.198,0.699,0.234,0.066,16,0
287,BiLevel,47.2,14.5,3.9,15,0.4612,-1944.631,565.027,4969,262,-8.4,35.59,-59.85,59.6,-0.3914,0.2625,-4.377674102783203,0.11357863992452621,3.3827621936798096,0.3420838415622711,0.10731352120637894,19.351015090942383,6.081026554107666,19.00229835510254,1.7341662645339966,16.758058547973633,0.1,0.7312071919441223,500000,-5.04,16.61,-67.5,40.49,-0.9093,0.5,-16.8132381439209,0.19626380503177643,4.326737403869629,1.0731632709503174,0.19977837800979614,17.31256103515625,0.56093430519104,9.342085838317871,0.05,50000,-8.403549864776485,35.59172237379962,262,-1.2677804541430973,-7.645277361493362,0.5382142794349333,0.6980547112625934,0.23559054253747558,0.06635474619993097,-5.191,-1557.446,12.113,16.014,18580,360.0,0.0,0.0,360.035,10.052,0.0279,0.0,0.0,4.153,40.0,0.4203,9.16,0.05,2.23,0.699,0.235,0.066,15,0
288,BiLevel,42.5,16.0,5.185,16,0.4891,-1954.666,569.375,4970,262,-3.91,37.14,-59.96,59.83,-0.3933,0.2643,-4.464747428894043,0.10978604853153229,3.486379623413086,0.46370190382003784,0.10402756184339523,19.451316833496094,6.3165283203125,18.91873550415039,2.770665407180786,14.198723793029785,0.1,0.7291936874389648,500000,-7.01,17.73,-52.43,45.36,-1.1833,0.5,-16.62324333190918,0.18139727413654327,5.10224723815918,1.8514735698699951,0.1967111974954605,17.081836700439453,1.5152431726455688,34.13886642456055,0.05,50000,-3.9149126714496485,37.1360856878679,262,3.0764729647259967,-6.735051781527306,0.5506418460170038,0.6973753261753772,0.2363361575188596,0.06628851630576309,1.9,608.02,12.356,17.541,19757,360.0,0.0,0.0,360.0,12.169,0.0338,0.0,0.0,4.084,45.0,0.3181,9.89,0.05,2.282,0.698,0.236,0.066,16,0
289,BiLevel,47.4,20.4,5.695,15,0.549,-1791.767,491.683,4970,262,-3.22,36.44,-59.9,59.69,-0.3605,0.2468,-4.40679931640625,0.12165247648954391,3.4470598697662354,0.4406887888908386,0.12241123616695404,19.71004867553711,8.105591773986816,18.931598663330078,5.852929592132568,23.948904037475586,0.1,0.7271928787231445,500000,-3.94,18.28,-56.21,61.97,-1.5188,0.5,-16.54657554626465,0.18769162893295288,4.960299015045166,1.711148977279663,0.21098603308200836,17.02242088317871,2.250830888748169,26.53373908996582,0.05,50000,-3.2195891751898396,36.43645830626337,262,-1.4001497369063531,-6.0971745114577445,0.5376106106351832,0.6970503587798462,0.23668871348528964,0.06626092773486429,-3.803,-1217.058,12.459,18.154,20606,360.0,0.0,0.0,360.073,14.661,0.0407,0.0,0.0,5.237,61.0,0.6546,11.18,0.05,2.221,0.697,0.236,0.066,13,2
290,BiLevel,40.8,15.1,3.867,15,0.4229,-1774.855,462.031,4969,262,9.12,36.22,-59.79,59.93,-0.3572,0.2419,-4.551438808441162,0.11037997156381607,3.412632942199707,0.42136669158935547,0.1448357105255127,19.741806030273438,5.7416863441467285,18.954219818115234,1.4936057329177856,27.885860443115234,0.1,0.7251887917518616,500000,-3.3,18.85,-50.72,48.06,-1.4253,0.5,-15.662161827087402,0.20836980640888214,4.462523460388184,1.2175681591033936,0.21405012905597687,16.172908782958984,7.378729820251465,31.95405387878418,0.05,50000,9.116313618470436,36.21871980379525,262,9.116850815242842,7.251746651294985,0.5498290181807717,0.6965258246840202,0.23723921091109826,0.06623496440488146,12.231,3913.786,13.152,17.019,19665,360.0,0.0,0.0,360.0,16.745,0.0465,0.0,0.0,6.015,54.0,0.8691,12.48,0.05,2.124,0.697,0.237,0.066,12,3
291,BiLevel,46.6,14.7,5.562,14,0.5562,-1874.311,527.341,4970,262,-2.83,36.55,-59.94,59.45,-0.3771,0.2485,-4.586169719696045,0.11195394396781921,3.291508674621582,0.3199363946914673,0.12114905565977097,19.825817108154297,4.066832542419434,19.047800064086914,2.719313144683838,20.497453689575195,0.09956704080104828,0.7231947779655457,500000,-7.53,17.43,-63.3,45.36,-1.855,0.5,-16.65074348449707,0.21557414531707764,5.190956115722656,1.952078104019165,0.2338825762271881,17.1760196685791,3.022852897644043,25.035707473754883,0.05,50000,-2.834191910977245,36.546391332805975,262,7.808768165425252,-6.762341539483321,0.541438044812789,0.6964858945665335,0.23727114403781446,0.06624296139565194,-0.558,-167.391,12.479,18.04,21115,360.0,0.0,0.0,360.058,14.768,0.041,0.0,0.0,4.66,89.0,0.7347,13.5,0.0501,2.092,0.697,0.237,0.066,11,3
292,BiLevel,46.7,9.7,4.176,13,0.3405,-2059.467,617.309,4971,262,-15.19,36.0,-59.96,59.42,-0.4143,0.2708,-4.615992546081543,0.09973352402448654,3.3118600845336914,0.35975974798202515,0.10117331147193909,20.6513614654541,3.7489230632781982,19.60179901123047,2.198333263397217,19.39423370361328,0.09858441352844238,0.721207320690155,500000,-4.64,18.0,-63.49,52.45,-1.5808,0.5,-16.746707916259766,0.2335127890110016,7.974417209625244,4.7351226806640625,0.24965715408325195,17.307119369506836,1.7101367712020874,9.56298828125,0.05,50000,-15.186055212007924,35.99933130710799,262,-10.711329632997515,-14.294582622772765,0.5809174866289031,0.6966295678530057,0.23713818381630591,0.06623224833068844,-13.136,-3940.82,11.934,16.109,20511,360.0,0.0,0.0,359.954,43.141,0.1199,0.0,0.0,17.13,305.0,0.8759,14.59,0.0502,2.029,0.696,0.237,0.066,10,3
293,BiLevel,49.1,17.1,12.268,11,0.4418,-2252.284,756.961,4972,262,-13.23,36.94,-59.91,59.8,-0.453,0.3063,-4.659061431884766,0.10132870078086853,3.39351224899292,0.4576644003391266,0.11045858263969421,19.064624786376953,9.782293319702148,18.604764938354492,3.9408295154571533,18.52123260498047,0.09761586785316467,0.7192347049713135,500000,-4.52,16.07,-51.25,54.23,-3.4521,0.5,-16.756908416748047,0.2094452679157257,4.884069442749023,1.645506501197815,0.2108982354402542,17.263423919677734,2.6841957569122314,33.98918914794922,0.05,50000,-13.226324533731232,36.94147284162264,262,-10.266998157375737,-16.200300095818545,0.584452067210522,0.6980927257255861,0.23584647046743112,0.0660608038069827,-11.115,-2889.916,12.06,24.329,22063,360.0,0.0,0.0,393.554,107.685,0.2736,0.0,0.0,2175.347,4456.0,1.2508,15.69,0.0506,1.921,0.697,0.237,0.066,8,3
294,BiLevel,40.2,18.0,4.713,15,0.6066,-1739.152,472.097,4970,262,-1.12,37.06,-59.96,59.71,-0.3499,0.2361,-4.702102184295654,0.1306072473526001,3.339019536972046,0.4184485971927643,0.13202691078186035,20.407283782958984,7.887359142303467,19.78209114074707,0.7040964961051941,28.15830421447754,0.09664125740528107,0.7172662615776062,500000,-4.71,18.16,-45.9,62.22,-1.1645,0.5,-16.93079376220703,0.19177770614624023,4.85856294631958,1.6278059482574463,0.19773386418819427,17.40467643737793,2.8966729640960693,11.274852752685547,0.05,50000,-1.1226056084711427,37.06251385342049,262,0.9625376149227742,-6.235584984758967,0.5450426048729325,0.6976228631951549,0.23629189149481752,0.06608524531002755,1.821,582.747,12.478,17.191,21150,360.0,0.0,0.0,360.042,13.375,0.0371,0.0,0.0,4.924,62.0,1.2985,16.51,0.0543,1.737,0.701,0.231,0.068,14,1
295,BiLevel,55.2,8.4,27.237,11,0.5486,-1991.063,644.08,4971,262,-1.51,38.49,-59.78,59.64,-0.4005,0.3014,-4.745532989501953,0.11447416245937347,3.204533576965332,0.3014441132545471,0.12853428721427917,21.000335693359375,4.110764980316162,20.008153915405273,2.635066509246826,21.454355239868164,0.09566061198711395,0.7153017520904541,500000,-5.17,17.99,-68.44,45.49,-6.63,0.5,-16.835689544677734,0.2028467357158661,8.12569522857666,4.8966779708862305,0.2131269872188568,17.329971313476562,3.213956832885742,18.249568939208984,0.05,50000,-1.512147946642186,38.48994481330125,262,0.6216539146084534,-2.060159277249324,0.5730363975236215,0.7009586276971607,0.2335030822446917,0.06553829005814761,-1.292,-335.804,12.685,39.923,23149,360.0,0.0,0.0,415.696,95.828,0.2305,0.0,0.0,3673.145,7320.0,1.0064,16.8,0.0662,1.524,0.704,0.226,0.07,8,3
296,BiLevel,47.3,16.3,7.768,12,0.4734,-1965.942,591.75,4969,262,-2.53,37.98,-59.78,59.85,-0.3956,0.2694,-4.8495259284973145,0.12425216287374496,3.399449110031128,0.5084989070892334,0.15787526965141296,20.48505210876465,11.05537223815918,19.968809127807617,5.9627251625061035,27.05512809753418,0.09478076547384262,0.7133426070213318,500000,-2.43,19.86,-54.35,48.17,-2.4141,0.5,-17.256502151489258,0.2069508582353592,9.301447868347168,6.0756988525390625,0.19576650857925415,17.754756927490234,3.4823548793792725,9.522411346435547,0.05,50000,-2.533264406131868,37.98101943972639,262,0.0006802220093575561,0.6352446118467728,0.564580087312634,0.7018125743792822,0.23267776499668427,0.06550966062403368,-0.324,-97.32,12.542,20.31,21704,360.0,0.0,0.0,375.062,99.202,0.2645,0.0,0.0,884.588,1981.0,0.7463,16.13,0.0955,1.557,0.709,0.221,0.071,9,3
297,BiLevel,48.1,14.6,10.837,16,0.5396,-1801.75,483.271,4972,262,8.11,36.97,-59.84,59.92,-0.3624,0.246,-4.790002822875977,0.15117575228214264,3.2881579399108887,0.4153362214565277,0.15134881436824799,19.641813278198242,3.3299014568328857,19.064105987548828,2.5971179008483887,22.89203453063965,0.09386052936315536,0.7113932371139526,500000,-7.36,17.12,-73.8,46.23,-2.4083,0.5,-16.99271583557129,0.21223494410514832,8.545064926147461,5.324162483215332,0.2379273623228073,17.50068473815918,2.149082660675049,8.041388511657715,0.05,50000,8.108588017812126,36.965638912404025,262,12.351664994892321,4.383633480573955,0.5592310338178741,0.7018320162678462,0.23285810016310046,0.06530988356905335,11.661,3964.884,13.389,24.227,21787,360.0,0.0,0.0,360.081,10.931,0.0304,0.0,0.0,3.79,46.0,0.8278,16.4,0.0898,1.415,0.707,0.225,0.069,16,0
298,BiLevel,46.6,20.6,14.645,12,0.4914,-1813.336,513.788,4971,262,0.44,37.42,-59.83,59.93,-0.3648,0.2631,-4.937544822692871,0.18554995954036713,3.2369086742401123,0.376803994178772,0.18669666349887848,20.2921199798584,4.444649696350098,19.57054328918457,4.798572540283203,33.84412384033203,0.0929502472281456,0.7094427347183228,500000,-8.06,17.33,-68.19,64.37,-3.8805,0.5,-17.07549285888672,0.20376478135585785,4.685716152191162,1.4682295322418213,0.22260750830173492,17.566179275512695,1.7344988584518433,28.17529296875,0.05,50000,0.4401238531614664,37.420652460712894,262,12.12798781771409,0.9428413133872185,0.5529042365715243,0.703547385772422,0.23135477716453584,0.06509783706304213,2.534,709.628,12.78,27.425,22245,360.0,0.0,0.0,381.054,86.937,0.2281,0.0,0.0,1304.057,2796.0,0.8335,16.71,0.09,1.153,0.708,0.223,0.069,9,3
299,BiLevel,39.5,9.0,4.683,12,0.4459,-2428.305,842.054,4970,262,-20.63,35.22,-59.98,59.82,-0.4886,0.3046,-4.709960460662842,0.10762164741754532,3.115868091583252,0.27744343876838684,0.14172418415546417,19.78973960876465,2.9898786544799805,18.967769622802734,1.37266206741333,26.315948486328125,0.09206781536340714,0.7075023651123047,500000,-5.86,17.47,-48.71,54.43,-1.7503,0.5,-17.427875518798828,0.21207889914512634,6.655723571777344,3.4410221576690674,0.22948108613491058,17.94432830810547,0.2681819498538971,9.607769966125488,0.05,50000,-20.632253795871943,35.22483894717258,262,-15.510501501748436,-16.313289718271086,0.6145614053106555,0.7040075681379221,0.2308465897679152,0.06514584209416258,-19.392,-5817.687,11.639,16.322,20421,360.0,0.0,0.0,361.027,92.653,0.2566,0.0,0.0,108.374,806.0,1.3089,16.03,0.1423,0.999,0.711,0.22,0.07,9,3
