{
  "source": "synthetic_order_book_seed7",
  "summary": [
    {
      "freq_method": "ema",
      "bars": 719,
      "total_return": 0.0005439214105484869,
      "sharpe": 220.02620086185462,
      "max_drawdown": 0.00015434047895113157,
      "turnover": 0.4540836466403658,
      "promotion_count": 0,
      "avg_spread_bps": 1.0174919489274494,
      "avg_abs_imbalance": 0.3549414876926022,
      "avg_depth": 1999.305542743564
    },
    {
      "freq_method": "state_space",
      "bars": 719,
      "total_return": 0.004013633080598655,
      "sharpe": 299.98514437138755,
      "max_drawdown": 0.0005714059290946594,
      "turnover": 11.463666897405908,
      "promotion_count": 0,
      "avg_spread_bps": 1.0174919489274494,
      "avg_abs_imbalance": 0.3549414876926022,
      "avg_depth": 1999.305542743564
    },
    {
      "freq_method": "adaptive_wavelet",
      "bars": 719,
      "total_return": 0.0005924622106816546,
      "sharpe": 220.822815132606,
      "max_drawdown": 0.00017141104119788864,
      "turnover": 0.4544733108094834,
      "promotion_count": 0,
      "avg_spread_bps": 1.0174919489274494,
      "avg_abs_imbalance": 0.3549414876926022,
      "avg_depth": 1999.305542743564
    },
    {
      "freq_method": "neural_state_space",
      "bars": 719,
      "total_return": 0.0006037137568075668,
      "sharpe": 220.4774420749923,
      "max_drawdown": 0.00017304294511655272,
      "turnover": 0.4663351373878274,
      "promotion_count": 0,
      "avg_spread_bps": 1.0174919489274494,
      "avg_abs_imbalance": 0.3549414876926022,
      "avg_depth": 1999.305542743564
    }
  ]
}