environment,optimizer_seed,arm,disturbance_mode,seed,normalized_episode_return,LowerLFDriftAbs,RawLowerLFDriftAbs,LatentLowerLFDriftAbs,UpperHFPowerAbs,LatentUpperHFPowerAbs
HalfCheetah-v5,3493980176,worst_mode_trainreplay,high_frequency,98480853,0.004220107231381553,0.08806758688251386,0.08806758688251386,0.12905440821501582,0.11987502982655263,0.1240992699657447
HalfCheetah-v5,3493980176,worst_mode_trainreplay,high_frequency,324724199,-0.035160123700250616,0.11115733976436162,0.11115733976436162,0.09549341391847635,0.0269444720484676,0.016325724663925078
HalfCheetah-v5,3493980176,worst_mode_trainreplay,high_frequency,1045477827,0.009318984253128142,0.0886836852248886,0.0886836852248886,0.1109246110000536,0.14253026512378508,0.14277926045768177
HalfCheetah-v5,3493980176,worst_mode_trainreplay,high_frequency,1767642859,0.010932885563742308,0.13969134952929088,0.13969134952929088,0.10565318113234229,-0.04018930468208651,-0.07515895647785484
HalfCheetah-v5,3493980176,worst_mode_trainreplay,high_frequency,2994879384,0.020909619413721384,0.046286448277593775,0.046286448277593775,0.10142057875943412,0.09872432890012815,0.11598750082332651
HalfCheetah-v5,3493980176,worst_mode_trainreplay,high_frequency,3308987476,-0.03489871358616117,0.06978610949897944,0.06978610949897944,0.10998641997547401,-0.0466952592386172,-0.048367214936249965
HalfCheetah-v5,3493980176,worst_mode_trainreplay,high_frequency,4010771860,0.03895853979140807,0.04493362618110809,0.04493362618110809,0.104579101392375,0.15603078349493005,0.16747087479360637
HalfCheetah-v5,3493980176,worst_mode_trainreplay,high_frequency,4218259887,-0.03952544602836683,0.03141157774148103,0.03141157774148103,0.07902768330335494,0.1890591445286401,0.20559626620249116
HalfCheetah-v5,3493980176,worst_mode_trainreplay,low_frequency,98480853,-0.7655306006969268,-0.13791104719653652,-0.13791104719653652,-0.37026507552541854,0.7270287029042583,0.760638846781672
HalfCheetah-v5,3493980176,worst_mode_trainreplay,low_frequency,324724199,0.04714907000439708,0.07382330967616217,0.07382330967616217,0.10512520647696426,0.12675685729488734,0.13712460686673988
HalfCheetah-v5,3493980176,worst_mode_trainreplay,low_frequency,1045477827,-0.0068592645610268555,0.10881176388873184,0.10881176388873184,0.1400988224704636,0.1737799932744329,0.181063972480248
HalfCheetah-v5,3493980176,worst_mode_trainreplay,low_frequency,1767642859,0.15477181991727956,0.2120049413648226,0.2120049413648226,0.17650507309944394,0.08713977285264345,0.07516901296822193
HalfCheetah-v5,3493980176,worst_mode_trainreplay,low_frequency,2994879384,-0.0710662813389395,0.03250217925176265,0.03250217925176265,0.10080575820078325,0.20191725557805576,0.2125278179481417
HalfCheetah-v5,3493980176,worst_mode_trainreplay,low_frequency,3308987476,-0.0882184830593784,0.020126648183409975,0.020126648183409975,0.2001085848506201,0.13799432704181927,0.16733237231007012
HalfCheetah-v5,3493980176,worst_mode_trainreplay,low_frequency,4010771860,0.02948395220513995,0.1589061832343538,0.1589061832343538,0.20038595376578142,0.0876348483293654,0.08962004431538449
HalfCheetah-v5,3493980176,worst_mode_trainreplay,low_frequency,4218259887,-0.04513126790245722,0.0744181884591662,0.0744181884591662,0.05727527541318207,0.019653329382189628,0.016470325634130905
HalfCheetah-v5,3493980176,worst_mode_trainreplay,mixed,98480853,24.007046960122153,0.38905456696001245,0.38905456696001245,0.7566855603646998,-0.11607569811213758,-0.10112589396155432
HalfCheetah-v5,3493980176,worst_mode_trainreplay,mixed,324724199,-0.08152700095658032,-0.023470565938592227,-0.023470565938592227,0.060058130838870634,-0.06639749082698786,-0.05715647138048368
HalfCheetah-v5,3493980176,worst_mode_trainreplay,mixed,1045477827,0.038511488414981615,0.06771145408926427,0.06771145408926427,0.10904641311407094,0.021166249271686404,0.005670752946296027
HalfCheetah-v5,3493980176,worst_mode_trainreplay,mixed,1767642859,-0.015114869353775073,-0.04388675196729668,-0.04388675196729668,0.061712504102036644,-0.09997251521159646,-0.08557974030862422
HalfCheetah-v5,3493980176,worst_mode_trainreplay,mixed,2994879384,0.13693299026082145,-0.038679270177955846,-0.038679270177955846,-0.03421300171491254,0.07998176228840152,0.09939262808569874
HalfCheetah-v5,3493980176,worst_mode_trainreplay,mixed,3308987476,-0.021922133409024932,0.004947998295071783,0.004947998295071783,0.1037414755364149,0.0878963905358266,0.10184835079967575
HalfCheetah-v5,3493980176,worst_mode_trainreplay,mixed,4010771860,-0.0163898763767966,0.06537357012830478,0.06537357012830478,0.09730694598813223,0.08211901990732744,0.09559463316987267
HalfCheetah-v5,3493980176,worst_mode_trainreplay,mixed,4218259887,-0.1333910650871625,0.00662513695727102,0.00662513695727102,-0.007280556283730549,-0.07768821093116057,-0.08439133735544412
HalfCheetah-v5,3493980176,worst_mode_trainreplay,ood_chirp,98480853,0.019202268951674952,0.10294583651511147,0.10294583651511147,0.12640384232182425,-0.02190409890719399,-0.024563757683927934
HalfCheetah-v5,3493980176,worst_mode_trainreplay,ood_chirp,324724199,0.06289008238388567,0.03483203935942678,0.03483203935942678,0.09100529045499255,0.02450585647389177,0.01189512757488323
HalfCheetah-v5,3493980176,worst_mode_trainreplay,ood_chirp,1045477827,-0.9920700690871591,0.13534920131165848,0.13534920131165848,-0.3365517541078018,1.951053509571867,1.9919886057893508
HalfCheetah-v5,3493980176,worst_mode_trainreplay,ood_chirp,1767642859,-0.04497960195159728,0.1522060189651871,0.1522060189651871,0.21315068183932345,-0.021596279269631986,-0.024250414187717135
HalfCheetah-v5,3493980176,worst_mode_trainreplay,ood_chirp,2994879384,0.03420489149616288,0.1256790248884267,0.1256790248884267,0.19060130010685236,0.007302078940933892,0.01937644308424025
HalfCheetah-v5,3493980176,worst_mode_trainreplay,ood_chirp,3308987476,0.04323744098064858,0.13148671074347426,0.13148671074347426,0.1722169382807093,0.05401506939414136,0.049579286147591876
HalfCheetah-v5,3493980176,worst_mode_trainreplay,ood_chirp,4010771860,0.1189646935900447,0.09122204565019994,0.09122204565019994,0.1012956283642366,0.17388722627029746,0.17509995383958613
HalfCheetah-v5,3493980176,worst_mode_trainreplay,ood_chirp,4218259887,0.050914301480637435,0.17114140711217615,0.17114140711217615,0.17121684725169758,0.037250337823477316,0.02722189177522336
HalfCheetah-v5,3493980176,worst_mode_trainreplay,standard,98480853,0.04925887976628821,0.2147365293624495,0.2147365293624495,0.22075434870077254,0.05541368720697142,0.049031157436733794
HalfCheetah-v5,3493980176,worst_mode_trainreplay,standard,324724199,0.06257359729842456,0.12284304130346131,0.12284304130346131,0.10235284475697386,0.018787819218931093,0.016750673141962543
HalfCheetah-v5,3493980176,worst_mode_trainreplay,standard,1045477827,0.07605403053398886,0.16995952195992367,0.16995952195992367,0.12538204103981024,0.20707092874611913,0.2069840645706423
HalfCheetah-v5,3493980176,worst_mode_trainreplay,standard,1767642859,0.0804161462465045,0.20876893308916078,0.20876893308916078,0.2234801139480418,0.21552604660782304,0.21662586795318883
HalfCheetah-v5,3493980176,worst_mode_trainreplay,standard,2994879384,0.027242181733482817,0.16135339399463583,0.16135339399463583,0.14557651928375945,-0.05569763797501015,-0.06370157127038613
HalfCheetah-v5,3493980176,worst_mode_trainreplay,standard,3308987476,-0.013901008503433312,0.12431794200430143,0.12431794200430143,0.21107523098771824,0.18272195950626294,0.1948721805334864
HalfCheetah-v5,3493980176,worst_mode_trainreplay,standard,4010771860,0.1210214373386397,0.1600638439759772,0.1600638439759772,0.15027305245164055,0.2975146723732473,0.2999794637378527
HalfCheetah-v5,3493980176,worst_mode_trainreplay,standard,4218259887,0.05384613785262276,0.16325408610441658,0.16325408610441658,0.19750497479386991,-0.010318241718986656,-0.0205701301839199
HalfCheetah-v5,3493980176,l2_mode_trainreplay,high_frequency,98480853,0.05630303162354818,0.10623920050931293,0.10623920050931293,0.16766684226589892,0.07613937870795026,0.08199781387008924
HalfCheetah-v5,3493980176,l2_mode_trainreplay,high_frequency,324724199,-0.9531712468702213,-0.39378299686732965,-0.39378299686732965,-0.6351317324335438,0.14972295352618625,0.16874161377538
HalfCheetah-v5,3493980176,l2_mode_trainreplay,high_frequency,1045477827,0.009655428016325695,-0.000637760433598081,-0.000637760433598081,0.08729350977789524,0.24898276309006026,0.2663879391829122
HalfCheetah-v5,3493980176,l2_mode_trainreplay,high_frequency,1767642859,0.1432526812749858,0.01989320407112779,0.01989320407112779,0.051026760189700586,-0.007971911472975915,-0.013130544795603714
HalfCheetah-v5,3493980176,l2_mode_trainreplay,high_frequency,2994879384,0.02927215642187587,0.06209558919109975,0.06209558919109975,0.06843719377497239,0.09227823166154783,0.09846463099071985
HalfCheetah-v5,3493980176,l2_mode_trainreplay,high_frequency,3308987476,-0.030754139685835038,0.043917930910092884,0.043917930910092884,0.10613987032018879,0.013250623735068226,0.019406510835815002
HalfCheetah-v5,3493980176,l2_mode_trainreplay,high_frequency,4010771860,0.08699597425279057,0.02587196702387798,0.02587196702387798,0.09497039870291832,0.15912568374717637,0.1675657064545698
HalfCheetah-v5,3493980176,l2_mode_trainreplay,high_frequency,4218259887,-0.028910882516914028,0.017958612366379054,0.017958612366379054,0.08593735961822539,0.1698104003783239,0.19155630081328626
HalfCheetah-v5,3493980176,l2_mode_trainreplay,low_frequency,98480853,0.013923458083779514,0.03467540315094594,0.03467540315094594,0.10026406034156868,0.00033081497885058573,0.00930487358809351
HalfCheetah-v5,3493980176,l2_mode_trainreplay,low_frequency,324724199,0.10869324545696453,0.13159111088794173,0.13159111088794173,0.14694995172516256,0.1447433735901614,0.15642805212051225
HalfCheetah-v5,3493980176,l2_mode_trainreplay,low_frequency,1045477827,-0.3505488087532781,-0.014104471926711725,-0.014104471926711725,-0.11728007434940739,0.5196703568683174,0.5364498211766022
HalfCheetah-v5,3493980176,l2_mode_trainreplay,low_frequency,1767642859,-0.62467497927834,-0.0885689756066805,-0.0885689756066805,-0.30896268250393694,0.5367311109507017,0.5434704946921969
HalfCheetah-v5,3493980176,l2_mode_trainreplay,low_frequency,2994879384,-0.7245254224417503,-0.1003869952599553,-0.1003869952599553,-0.27686746546874025,0.7224367323939856,0.7458919280264056
HalfCheetah-v5,3493980176,l2_mode_trainreplay,low_frequency,3308987476,-0.0907053195827775,0.12477355520586368,0.12477355520586368,0.2017934019324245,0.19433409456796313,0.208897279640113
HalfCheetah-v5,3493980176,l2_mode_trainreplay,low_frequency,4010771860,0.013083839748838253,0.07998796061282122,0.07998796061282122,0.05400161723469805,0.04694130270427428,0.042832219403104194
HalfCheetah-v5,3493980176,l2_mode_trainreplay,low_frequency,4218259887,-0.033269111164097205,-0.022908731688691484,-0.022908731688691484,0.01690133807061329,0.07179423065049008,0.08490238746537285
HalfCheetah-v5,3493980176,l2_mode_trainreplay,mixed,98480853,23.85319629081479,0.4245156350184863,0.4245156350184863,0.7420005822709197,0.0038224930617856787,0.015112246225108324
HalfCheetah-v5,3493980176,l2_mode_trainreplay,mixed,324724199,-0.015381494119570393,-0.006134813216865185,-0.006134813216865185,0.07320803902498159,0.060618142490855044,0.07036122166083844
HalfCheetah-v5,3493980176,l2_mode_trainreplay,mixed,1045477827,-0.027754113428726267,-0.01668453246456499,-0.01668453246456499,0.056492276046201065,-0.060633559328467174,-0.05273838132781789
HalfCheetah-v5,3493980176,l2_mode_trainreplay,mixed,1767642859,-0.007154215572769937,0.025283553957740085,0.025283553957740085,0.09169588031549532,0.11394515817522771,0.1265444537718545
HalfCheetah-v5,3493980176,l2_mode_trainreplay,mixed,2994879384,0.08905567025579669,-0.042876857266851844,-0.042876857266851844,-0.029129983100511687,0.04730688483136098,0.040809017712557946
HalfCheetah-v5,3493980176,l2_mode_trainreplay,mixed,3308987476,-0.0303759195860991,0.030152743851652418,0.030152743851652418,0.08359779526118039,0.05146978437321453,0.04837546926341759
HalfCheetah-v5,3493980176,l2_mode_trainreplay,mixed,4010771860,0.05707450523850544,0.07819300781759882,0.07819300781759882,0.09761333732900673,0.23481213528062758,0.2463242019781872
HalfCheetah-v5,3493980176,l2_mode_trainreplay,mixed,4218259887,-1.015906532680058,-0.24209030931555758,-0.24209030931555758,-0.3861608624095348,0.13305253401784448,0.15702945099977572
HalfCheetah-v5,3493980176,l2_mode_trainreplay,ood_chirp,98480853,-0.014080098095674818,0.08337251421617096,0.08337251421617096,0.15208347565553573,0.11216112204906649,0.12814790793098463
HalfCheetah-v5,3493980176,l2_mode_trainreplay,ood_chirp,324724199,-0.01628620390130078,0.002986930077090683,0.002986930077090683,0.041011328372145946,0.19257169584066078,0.1944444843491054
HalfCheetah-v5,3493980176,l2_mode_trainreplay,ood_chirp,1045477827,-0.03718614441373389,0.02617044069717452,0.02617044069717452,0.08083298123021761,0.1339749224562424,0.139318257919725
HalfCheetah-v5,3493980176,l2_mode_trainreplay,ood_chirp,1767642859,-0.586607683692904,-0.05910153955598955,-0.05910153955598955,-0.12469637672008603,0.3950379766296917,0.41087569694928516
HalfCheetah-v5,3493980176,l2_mode_trainreplay,ood_chirp,2994879384,0.09420461786798581,0.15837174976957755,0.15837174976957755,0.11216352238204395,-0.06805983832908619,-0.07817785983156261
HalfCheetah-v5,3493980176,l2_mode_trainreplay,ood_chirp,3308987476,0.04961942483529991,-0.01840626957160812,-0.01840626957160812,0.0008917162976259719,0.06555053232938599,0.06482334936207224
HalfCheetah-v5,3493980176,l2_mode_trainreplay,ood_chirp,4010771860,0.013512621928749517,0.013249129346214339,0.013249129346214339,0.08382446234338925,0.11045070029703605,0.12642373974838889
HalfCheetah-v5,3493980176,l2_mode_trainreplay,ood_chirp,4218259887,-0.0426216929851197,0.09274841785731959,0.09274841785731959,0.12077236042800261,0.28277938060078733,0.29087838122625304
HalfCheetah-v5,3493980176,l2_mode_trainreplay,standard,98480853,-0.0147717435478686,0.0447677953550192,0.0447677953550192,0.06575812280712463,0.004993590005571712,0.0010436937282218932
HalfCheetah-v5,3493980176,l2_mode_trainreplay,standard,324724199,-0.018024439129791577,0.007965652962473854,0.007965652962473854,0.027084216750863553,0.007345838808680747,0.011634614218721154
HalfCheetah-v5,3493980176,l2_mode_trainreplay,standard,1045477827,0.003966405793525006,0.08485959289662923,0.08485959289662923,0.09638442321238708,0.017301221299132783,0.016597211094648946
HalfCheetah-v5,3493980176,l2_mode_trainreplay,standard,1767642859,0.03809099670116481,0.1422871840180302,0.1422871840180302,0.1694675128720518,0.16797844768919085,0.1708878426117919
HalfCheetah-v5,3493980176,l2_mode_trainreplay,standard,2994879384,-0.064372656925145,0.07041119791109611,0.07041119791109611,0.10473065826587014,0.01175704050760988,0.016997346496760192
HalfCheetah-v5,3493980176,l2_mode_trainreplay,standard,3308987476,-0.045587474492320645,0.029849307887462827,0.029849307887462827,0.11861992298388291,0.1755497236943139,0.19366770689624843
HalfCheetah-v5,3493980176,l2_mode_trainreplay,standard,4010771860,0.10233264471337825,0.1582939318244985,0.1582939318244985,0.09043406662138866,0.26028627346977745,0.2643291518222411
HalfCheetah-v5,3493980176,l2_mode_trainreplay,standard,4218259887,0.0017963168622452,0.11412654548992321,0.11412654548992321,0.1775812207210604,0.08625435781195093,0.09066205096935755
HalfCheetah-v5,3493980176,l2_path_trainreplay,high_frequency,98480853,0.0,0.0,0.0,0.0,0.0,0.0
HalfCheetah-v5,3493980176,l2_path_trainreplay,high_frequency,324724199,0.0,0.0,0.0,0.0,0.0,0.0
HalfCheetah-v5,3493980176,l2_path_trainreplay,high_frequency,1045477827,0.0,0.0,0.0,0.0,0.0,0.0
HalfCheetah-v5,3493980176,l2_path_trainreplay,high_frequency,1767642859,0.0,0.0,0.0,0.0,0.0,0.0
HalfCheetah-v5,3493980176,l2_path_trainreplay,high_frequency,2994879384,0.0,0.0,0.0,0.0,0.0,0.0
HalfCheetah-v5,3493980176,l2_path_trainreplay,high_frequency,3308987476,0.0,0.0,0.0,0.0,0.0,0.0
HalfCheetah-v5,3493980176,l2_path_trainreplay,high_frequency,4010771860,0.0,0.0,0.0,0.0,0.0,0.0
HalfCheetah-v5,3493980176,l2_path_trainreplay,high_frequency,4218259887,0.0,0.0,0.0,0.0,0.0,0.0
HalfCheetah-v5,3493980176,l2_path_trainreplay,low_frequency,98480853,0.0,0.0,0.0,0.0,0.0,0.0
HalfCheetah-v5,3493980176,l2_path_trainreplay,low_frequency,324724199,0.0,0.0,0.0,0.0,0.0,0.0
HalfCheetah-v5,3493980176,l2_path_trainreplay,low_frequency,1045477827,0.0,0.0,0.0,0.0,0.0,0.0
HalfCheetah-v5,3493980176,l2_path_trainreplay,low_frequency,1767642859,0.0,0.0,0.0,0.0,0.0,0.0
HalfCheetah-v5,3493980176,l2_path_trainreplay,low_frequency,2994879384,0.0,0.0,0.0,0.0,0.0,0.0
HalfCheetah-v5,3493980176,l2_path_trainreplay,low_frequency,3308987476,0.0,0.0,0.0,0.0,0.0,0.0
HalfCheetah-v5,3493980176,l2_path_trainreplay,low_frequency,4010771860,0.0,0.0,0.0,0.0,0.0,0.0
HalfCheetah-v5,3493980176,l2_path_trainreplay,low_frequency,4218259887,0.0,0.0,0.0,0.0,0.0,0.0
HalfCheetah-v5,3493980176,l2_path_trainreplay,mixed,98480853,0.0,0.0,0.0,0.0,0.0,0.0
HalfCheetah-v5,3493980176,l2_path_trainreplay,mixed,324724199,0.0,0.0,0.0,0.0,0.0,0.0
HalfCheetah-v5,3493980176,l2_path_trainreplay,mixed,1045477827,0.0,0.0,0.0,0.0,0.0,0.0
HalfCheetah-v5,3493980176,l2_path_trainreplay,mixed,1767642859,0.0,0.0,0.0,0.0,0.0,0.0
HalfCheetah-v5,3493980176,l2_path_trainreplay,mixed,2994879384,0.0,0.0,0.0,0.0,0.0,0.0
HalfCheetah-v5,3493980176,l2_path_trainreplay,mixed,3308987476,0.0,0.0,0.0,0.0,0.0,0.0
HalfCheetah-v5,3493980176,l2_path_trainreplay,mixed,4010771860,0.0,0.0,0.0,0.0,0.0,0.0
HalfCheetah-v5,3493980176,l2_path_trainreplay,mixed,4218259887,0.0,0.0,0.0,0.0,0.0,0.0
HalfCheetah-v5,3493980176,l2_path_trainreplay,ood_chirp,98480853,0.0,0.0,0.0,0.0,0.0,0.0
HalfCheetah-v5,3493980176,l2_path_trainreplay,ood_chirp,324724199,0.0,0.0,0.0,0.0,0.0,0.0
HalfCheetah-v5,3493980176,l2_path_trainreplay,ood_chirp,1045477827,0.0,0.0,0.0,0.0,0.0,0.0
HalfCheetah-v5,3493980176,l2_path_trainreplay,ood_chirp,1767642859,0.0,0.0,0.0,0.0,0.0,0.0
HalfCheetah-v5,3493980176,l2_path_trainreplay,ood_chirp,2994879384,0.0,0.0,0.0,0.0,0.0,0.0
HalfCheetah-v5,3493980176,l2_path_trainreplay,ood_chirp,3308987476,0.0,0.0,0.0,0.0,0.0,0.0
HalfCheetah-v5,3493980176,l2_path_trainreplay,ood_chirp,4010771860,0.0,0.0,0.0,0.0,0.0,0.0
HalfCheetah-v5,3493980176,l2_path_trainreplay,ood_chirp,4218259887,0.0,0.0,0.0,0.0,0.0,0.0
HalfCheetah-v5,3493980176,l2_path_trainreplay,standard,98480853,0.0,0.0,0.0,0.0,0.0,0.0
HalfCheetah-v5,3493980176,l2_path_trainreplay,standard,324724199,0.0,0.0,0.0,0.0,0.0,0.0
HalfCheetah-v5,3493980176,l2_path_trainreplay,standard,1045477827,0.0,0.0,0.0,0.0,0.0,0.0
HalfCheetah-v5,3493980176,l2_path_trainreplay,standard,1767642859,0.0,0.0,0.0,0.0,0.0,0.0
HalfCheetah-v5,3493980176,l2_path_trainreplay,standard,2994879384,0.0,0.0,0.0,0.0,0.0,0.0
HalfCheetah-v5,3493980176,l2_path_trainreplay,standard,3308987476,0.0,0.0,0.0,0.0,0.0,0.0
HalfCheetah-v5,3493980176,l2_path_trainreplay,standard,4010771860,0.0,0.0,0.0,0.0,0.0,0.0
HalfCheetah-v5,3493980176,l2_path_trainreplay,standard,4218259887,0.0,0.0,0.0,0.0,0.0,0.0
HalfCheetah-v5,3493980176,l2_path_freeze_trainreplay,high_frequency,98480853,0.0,0.0,0.0,0.0,0.0,0.0
HalfCheetah-v5,3493980176,l2_path_freeze_trainreplay,high_frequency,324724199,0.0,0.0,0.0,0.0,0.0,0.0
HalfCheetah-v5,3493980176,l2_path_freeze_trainreplay,high_frequency,1045477827,0.0,0.0,0.0,0.0,0.0,0.0
HalfCheetah-v5,3493980176,l2_path_freeze_trainreplay,high_frequency,1767642859,0.0,0.0,0.0,0.0,0.0,0.0
HalfCheetah-v5,3493980176,l2_path_freeze_trainreplay,high_frequency,2994879384,0.0,0.0,0.0,0.0,0.0,0.0
HalfCheetah-v5,3493980176,l2_path_freeze_trainreplay,high_frequency,3308987476,0.0,0.0,0.0,0.0,0.0,0.0
HalfCheetah-v5,3493980176,l2_path_freeze_trainreplay,high_frequency,4010771860,0.0,0.0,0.0,0.0,0.0,0.0
HalfCheetah-v5,3493980176,l2_path_freeze_trainreplay,high_frequency,4218259887,0.0,0.0,0.0,0.0,0.0,0.0
HalfCheetah-v5,3493980176,l2_path_freeze_trainreplay,low_frequency,98480853,0.0,0.0,0.0,0.0,0.0,0.0
HalfCheetah-v5,3493980176,l2_path_freeze_trainreplay,low_frequency,324724199,0.0,0.0,0.0,0.0,0.0,0.0
HalfCheetah-v5,3493980176,l2_path_freeze_trainreplay,low_frequency,1045477827,0.0,0.0,0.0,0.0,0.0,0.0
HalfCheetah-v5,3493980176,l2_path_freeze_trainreplay,low_frequency,1767642859,0.0,0.0,0.0,0.0,0.0,0.0
HalfCheetah-v5,3493980176,l2_path_freeze_trainreplay,low_frequency,2994879384,0.0,0.0,0.0,0.0,0.0,0.0
HalfCheetah-v5,3493980176,l2_path_freeze_trainreplay,low_frequency,3308987476,0.0,0.0,0.0,0.0,0.0,0.0
HalfCheetah-v5,3493980176,l2_path_freeze_trainreplay,low_frequency,4010771860,0.0,0.0,0.0,0.0,0.0,0.0
HalfCheetah-v5,3493980176,l2_path_freeze_trainreplay,low_frequency,4218259887,0.0,0.0,0.0,0.0,0.0,0.0
HalfCheetah-v5,3493980176,l2_path_freeze_trainreplay,mixed,98480853,0.0,0.0,0.0,0.0,0.0,0.0
HalfCheetah-v5,3493980176,l2_path_freeze_trainreplay,mixed,324724199,0.0,0.0,0.0,0.0,0.0,0.0
HalfCheetah-v5,3493980176,l2_path_freeze_trainreplay,mixed,1045477827,0.0,0.0,0.0,0.0,0.0,0.0
HalfCheetah-v5,3493980176,l2_path_freeze_trainreplay,mixed,1767642859,0.0,0.0,0.0,0.0,0.0,0.0
HalfCheetah-v5,3493980176,l2_path_freeze_trainreplay,mixed,2994879384,0.0,0.0,0.0,0.0,0.0,0.0
HalfCheetah-v5,3493980176,l2_path_freeze_trainreplay,mixed,3308987476,0.0,0.0,0.0,0.0,0.0,0.0
HalfCheetah-v5,3493980176,l2_path_freeze_trainreplay,mixed,4010771860,0.0,0.0,0.0,0.0,0.0,0.0
HalfCheetah-v5,3493980176,l2_path_freeze_trainreplay,mixed,4218259887,0.0,0.0,0.0,0.0,0.0,0.0
HalfCheetah-v5,3493980176,l2_path_freeze_trainreplay,ood_chirp,98480853,0.0,0.0,0.0,0.0,0.0,0.0
HalfCheetah-v5,3493980176,l2_path_freeze_trainreplay,ood_chirp,324724199,0.0,0.0,0.0,0.0,0.0,0.0
HalfCheetah-v5,3493980176,l2_path_freeze_trainreplay,ood_chirp,1045477827,0.0,0.0,0.0,0.0,0.0,0.0
HalfCheetah-v5,3493980176,l2_path_freeze_trainreplay,ood_chirp,1767642859,0.0,0.0,0.0,0.0,0.0,0.0
HalfCheetah-v5,3493980176,l2_path_freeze_trainreplay,ood_chirp,2994879384,0.0,0.0,0.0,0.0,0.0,0.0
HalfCheetah-v5,3493980176,l2_path_freeze_trainreplay,ood_chirp,3308987476,0.0,0.0,0.0,0.0,0.0,0.0
HalfCheetah-v5,3493980176,l2_path_freeze_trainreplay,ood_chirp,4010771860,0.0,0.0,0.0,0.0,0.0,0.0
HalfCheetah-v5,3493980176,l2_path_freeze_trainreplay,ood_chirp,4218259887,0.0,0.0,0.0,0.0,0.0,0.0
HalfCheetah-v5,3493980176,l2_path_freeze_trainreplay,standard,98480853,0.0,0.0,0.0,0.0,0.0,0.0
HalfCheetah-v5,3493980176,l2_path_freeze_trainreplay,standard,324724199,0.0,0.0,0.0,0.0,0.0,0.0
HalfCheetah-v5,3493980176,l2_path_freeze_trainreplay,standard,1045477827,0.0,0.0,0.0,0.0,0.0,0.0
HalfCheetah-v5,3493980176,l2_path_freeze_trainreplay,standard,1767642859,0.0,0.0,0.0,0.0,0.0,0.0
HalfCheetah-v5,3493980176,l2_path_freeze_trainreplay,standard,2994879384,0.0,0.0,0.0,0.0,0.0,0.0
HalfCheetah-v5,3493980176,l2_path_freeze_trainreplay,standard,3308987476,0.0,0.0,0.0,0.0,0.0,0.0
HalfCheetah-v5,3493980176,l2_path_freeze_trainreplay,standard,4010771860,0.0,0.0,0.0,0.0,0.0,0.0
HalfCheetah-v5,3493980176,l2_path_freeze_trainreplay,standard,4218259887,0.0,0.0,0.0,0.0,0.0,0.0
HalfCheetah-v5,3493980176,l2_path_freeze_crossreplay,high_frequency,98480853,0.0,0.0,0.0,0.0,0.0,0.0
HalfCheetah-v5,3493980176,l2_path_freeze_crossreplay,high_frequency,324724199,0.0,0.0,0.0,0.0,0.0,0.0
HalfCheetah-v5,3493980176,l2_path_freeze_crossreplay,high_frequency,1045477827,0.0,0.0,0.0,0.0,0.0,0.0
HalfCheetah-v5,3493980176,l2_path_freeze_crossreplay,high_frequency,1767642859,0.0,0.0,0.0,0.0,0.0,0.0
HalfCheetah-v5,3493980176,l2_path_freeze_crossreplay,high_frequency,2994879384,0.0,0.0,0.0,0.0,0.0,0.0
HalfCheetah-v5,3493980176,l2_path_freeze_crossreplay,high_frequency,3308987476,0.0,0.0,0.0,0.0,0.0,0.0
HalfCheetah-v5,3493980176,l2_path_freeze_crossreplay,high_frequency,4010771860,0.0,0.0,0.0,0.0,0.0,0.0
HalfCheetah-v5,3493980176,l2_path_freeze_crossreplay,high_frequency,4218259887,0.0,0.0,0.0,0.0,0.0,0.0
HalfCheetah-v5,3493980176,l2_path_freeze_crossreplay,low_frequency,98480853,0.0,0.0,0.0,0.0,0.0,0.0
HalfCheetah-v5,3493980176,l2_path_freeze_crossreplay,low_frequency,324724199,0.0,0.0,0.0,0.0,0.0,0.0
HalfCheetah-v5,3493980176,l2_path_freeze_crossreplay,low_frequency,1045477827,0.0,0.0,0.0,0.0,0.0,0.0
HalfCheetah-v5,3493980176,l2_path_freeze_crossreplay,low_frequency,1767642859,0.0,0.0,0.0,0.0,0.0,0.0
HalfCheetah-v5,3493980176,l2_path_freeze_crossreplay,low_frequency,2994879384,0.0,0.0,0.0,0.0,0.0,0.0
HalfCheetah-v5,3493980176,l2_path_freeze_crossreplay,low_frequency,3308987476,0.0,0.0,0.0,0.0,0.0,0.0
HalfCheetah-v5,3493980176,l2_path_freeze_crossreplay,low_frequency,4010771860,0.0,0.0,0.0,0.0,0.0,0.0
HalfCheetah-v5,3493980176,l2_path_freeze_crossreplay,low_frequency,4218259887,0.0,0.0,0.0,0.0,0.0,0.0
HalfCheetah-v5,3493980176,l2_path_freeze_crossreplay,mixed,98480853,0.0,0.0,0.0,0.0,0.0,0.0
HalfCheetah-v5,3493980176,l2_path_freeze_crossreplay,mixed,324724199,0.0,0.0,0.0,0.0,0.0,0.0
HalfCheetah-v5,3493980176,l2_path_freeze_crossreplay,mixed,1045477827,0.0,0.0,0.0,0.0,0.0,0.0
HalfCheetah-v5,3493980176,l2_path_freeze_crossreplay,mixed,1767642859,0.0,0.0,0.0,0.0,0.0,0.0
HalfCheetah-v5,3493980176,l2_path_freeze_crossreplay,mixed,2994879384,0.0,0.0,0.0,0.0,0.0,0.0
HalfCheetah-v5,3493980176,l2_path_freeze_crossreplay,mixed,3308987476,0.0,0.0,0.0,0.0,0.0,0.0
HalfCheetah-v5,3493980176,l2_path_freeze_crossreplay,mixed,4010771860,0.0,0.0,0.0,0.0,0.0,0.0
HalfCheetah-v5,3493980176,l2_path_freeze_crossreplay,mixed,4218259887,0.0,0.0,0.0,0.0,0.0,0.0
HalfCheetah-v5,3493980176,l2_path_freeze_crossreplay,ood_chirp,98480853,0.0,0.0,0.0,0.0,0.0,0.0
HalfCheetah-v5,3493980176,l2_path_freeze_crossreplay,ood_chirp,324724199,0.0,0.0,0.0,0.0,0.0,0.0
HalfCheetah-v5,3493980176,l2_path_freeze_crossreplay,ood_chirp,1045477827,0.0,0.0,0.0,0.0,0.0,0.0
HalfCheetah-v5,3493980176,l2_path_freeze_crossreplay,ood_chirp,1767642859,0.0,0.0,0.0,0.0,0.0,0.0
HalfCheetah-v5,3493980176,l2_path_freeze_crossreplay,ood_chirp,2994879384,0.0,0.0,0.0,0.0,0.0,0.0
HalfCheetah-v5,3493980176,l2_path_freeze_crossreplay,ood_chirp,3308987476,0.0,0.0,0.0,0.0,0.0,0.0
HalfCheetah-v5,3493980176,l2_path_freeze_crossreplay,ood_chirp,4010771860,0.0,0.0,0.0,0.0,0.0,0.0
HalfCheetah-v5,3493980176,l2_path_freeze_crossreplay,ood_chirp,4218259887,0.0,0.0,0.0,0.0,0.0,0.0
HalfCheetah-v5,3493980176,l2_path_freeze_crossreplay,standard,98480853,0.0,0.0,0.0,0.0,0.0,0.0
HalfCheetah-v5,3493980176,l2_path_freeze_crossreplay,standard,324724199,0.0,0.0,0.0,0.0,0.0,0.0
HalfCheetah-v5,3493980176,l2_path_freeze_crossreplay,standard,1045477827,0.0,0.0,0.0,0.0,0.0,0.0
HalfCheetah-v5,3493980176,l2_path_freeze_crossreplay,standard,1767642859,0.0,0.0,0.0,0.0,0.0,0.0
HalfCheetah-v5,3493980176,l2_path_freeze_crossreplay,standard,2994879384,0.0,0.0,0.0,0.0,0.0,0.0
HalfCheetah-v5,3493980176,l2_path_freeze_crossreplay,standard,3308987476,0.0,0.0,0.0,0.0,0.0,0.0
HalfCheetah-v5,3493980176,l2_path_freeze_crossreplay,standard,4010771860,0.0,0.0,0.0,0.0,0.0,0.0
HalfCheetah-v5,3493980176,l2_path_freeze_crossreplay,standard,4218259887,0.0,0.0,0.0,0.0,0.0,0.0
HalfCheetah-v5,4020259488,worst_mode_trainreplay,high_frequency,98480853,0.0,0.0,0.0,0.0,0.0,0.0
HalfCheetah-v5,4020259488,worst_mode_trainreplay,high_frequency,324724199,0.0,0.0,0.0,0.0,0.0,0.0
HalfCheetah-v5,4020259488,worst_mode_trainreplay,high_frequency,1045477827,0.0,0.0,0.0,0.0,0.0,0.0
HalfCheetah-v5,4020259488,worst_mode_trainreplay,high_frequency,1767642859,0.0,0.0,0.0,0.0,0.0,0.0
HalfCheetah-v5,4020259488,worst_mode_trainreplay,high_frequency,2994879384,0.0,0.0,0.0,0.0,0.0,0.0
HalfCheetah-v5,4020259488,worst_mode_trainreplay,high_frequency,3308987476,0.0,0.0,0.0,0.0,0.0,0.0
HalfCheetah-v5,4020259488,worst_mode_trainreplay,high_frequency,4010771860,0.0,0.0,0.0,0.0,0.0,0.0
HalfCheetah-v5,4020259488,worst_mode_trainreplay,high_frequency,4218259887,0.0,0.0,0.0,0.0,0.0,0.0
HalfCheetah-v5,4020259488,worst_mode_trainreplay,low_frequency,98480853,0.0,0.0,0.0,0.0,0.0,0.0
HalfCheetah-v5,4020259488,worst_mode_trainreplay,low_frequency,324724199,0.0,0.0,0.0,0.0,0.0,0.0
HalfCheetah-v5,4020259488,worst_mode_trainreplay,low_frequency,1045477827,0.0,0.0,0.0,0.0,0.0,0.0
HalfCheetah-v5,4020259488,worst_mode_trainreplay,low_frequency,1767642859,0.0,0.0,0.0,0.0,0.0,0.0
HalfCheetah-v5,4020259488,worst_mode_trainreplay,low_frequency,2994879384,0.0,0.0,0.0,0.0,0.0,0.0
HalfCheetah-v5,4020259488,worst_mode_trainreplay,low_frequency,3308987476,0.0,0.0,0.0,0.0,0.0,0.0
HalfCheetah-v5,4020259488,worst_mode_trainreplay,low_frequency,4010771860,0.0,0.0,0.0,0.0,0.0,0.0
HalfCheetah-v5,4020259488,worst_mode_trainreplay,low_frequency,4218259887,0.0,0.0,0.0,0.0,0.0,0.0
HalfCheetah-v5,4020259488,worst_mode_trainreplay,mixed,98480853,0.0,0.0,0.0,0.0,0.0,0.0
HalfCheetah-v5,4020259488,worst_mode_trainreplay,mixed,324724199,0.0,0.0,0.0,0.0,0.0,0.0
HalfCheetah-v5,4020259488,worst_mode_trainreplay,mixed,1045477827,0.0,0.0,0.0,0.0,0.0,0.0
HalfCheetah-v5,4020259488,worst_mode_trainreplay,mixed,1767642859,0.0,0.0,0.0,0.0,0.0,0.0
HalfCheetah-v5,4020259488,worst_mode_trainreplay,mixed,2994879384,0.0,0.0,0.0,0.0,0.0,0.0
HalfCheetah-v5,4020259488,worst_mode_trainreplay,mixed,3308987476,0.0,0.0,0.0,0.0,0.0,0.0
HalfCheetah-v5,4020259488,worst_mode_trainreplay,mixed,4010771860,0.0,0.0,0.0,0.0,0.0,0.0
HalfCheetah-v5,4020259488,worst_mode_trainreplay,mixed,4218259887,0.0,0.0,0.0,0.0,0.0,0.0
HalfCheetah-v5,4020259488,worst_mode_trainreplay,ood_chirp,98480853,0.0,0.0,0.0,0.0,0.0,0.0
HalfCheetah-v5,4020259488,worst_mode_trainreplay,ood_chirp,324724199,0.0,0.0,0.0,0.0,0.0,0.0
HalfCheetah-v5,4020259488,worst_mode_trainreplay,ood_chirp,1045477827,0.0,0.0,0.0,0.0,0.0,0.0
HalfCheetah-v5,4020259488,worst_mode_trainreplay,ood_chirp,1767642859,0.0,0.0,0.0,0.0,0.0,0.0
HalfCheetah-v5,4020259488,worst_mode_trainreplay,ood_chirp,2994879384,0.0,0.0,0.0,0.0,0.0,0.0
HalfCheetah-v5,4020259488,worst_mode_trainreplay,ood_chirp,3308987476,0.0,0.0,0.0,0.0,0.0,0.0
HalfCheetah-v5,4020259488,worst_mode_trainreplay,ood_chirp,4010771860,0.0,0.0,0.0,0.0,0.0,0.0
HalfCheetah-v5,4020259488,worst_mode_trainreplay,ood_chirp,4218259887,0.0,0.0,0.0,0.0,0.0,0.0
HalfCheetah-v5,4020259488,worst_mode_trainreplay,standard,98480853,0.0,0.0,0.0,0.0,0.0,0.0
HalfCheetah-v5,4020259488,worst_mode_trainreplay,standard,324724199,0.0,0.0,0.0,0.0,0.0,0.0
HalfCheetah-v5,4020259488,worst_mode_trainreplay,standard,1045477827,0.0,0.0,0.0,0.0,0.0,0.0
HalfCheetah-v5,4020259488,worst_mode_trainreplay,standard,1767642859,0.0,0.0,0.0,0.0,0.0,0.0
HalfCheetah-v5,4020259488,worst_mode_trainreplay,standard,2994879384,0.0,0.0,0.0,0.0,0.0,0.0
HalfCheetah-v5,4020259488,worst_mode_trainreplay,standard,3308987476,0.0,0.0,0.0,0.0,0.0,0.0
HalfCheetah-v5,4020259488,worst_mode_trainreplay,standard,4010771860,0.0,0.0,0.0,0.0,0.0,0.0
HalfCheetah-v5,4020259488,worst_mode_trainreplay,standard,4218259887,0.0,0.0,0.0,0.0,0.0,0.0
HalfCheetah-v5,4020259488,l2_mode_trainreplay,high_frequency,98480853,0.0,0.0,0.0,0.0,0.0,0.0
HalfCheetah-v5,4020259488,l2_mode_trainreplay,high_frequency,324724199,0.0,0.0,0.0,0.0,0.0,0.0
HalfCheetah-v5,4020259488,l2_mode_trainreplay,high_frequency,1045477827,0.0,0.0,0.0,0.0,0.0,0.0
HalfCheetah-v5,4020259488,l2_mode_trainreplay,high_frequency,1767642859,0.0,0.0,0.0,0.0,0.0,0.0
HalfCheetah-v5,4020259488,l2_mode_trainreplay,high_frequency,2994879384,0.0,0.0,0.0,0.0,0.0,0.0
HalfCheetah-v5,4020259488,l2_mode_trainreplay,high_frequency,3308987476,0.0,0.0,0.0,0.0,0.0,0.0
HalfCheetah-v5,4020259488,l2_mode_trainreplay,high_frequency,4010771860,0.0,0.0,0.0,0.0,0.0,0.0
HalfCheetah-v5,4020259488,l2_mode_trainreplay,high_frequency,4218259887,0.0,0.0,0.0,0.0,0.0,0.0
HalfCheetah-v5,4020259488,l2_mode_trainreplay,low_frequency,98480853,0.0,0.0,0.0,0.0,0.0,0.0
HalfCheetah-v5,4020259488,l2_mode_trainreplay,low_frequency,324724199,0.0,0.0,0.0,0.0,0.0,0.0
HalfCheetah-v5,4020259488,l2_mode_trainreplay,low_frequency,1045477827,0.0,0.0,0.0,0.0,0.0,0.0
HalfCheetah-v5,4020259488,l2_mode_trainreplay,low_frequency,1767642859,0.0,0.0,0.0,0.0,0.0,0.0
HalfCheetah-v5,4020259488,l2_mode_trainreplay,low_frequency,2994879384,0.0,0.0,0.0,0.0,0.0,0.0
HalfCheetah-v5,4020259488,l2_mode_trainreplay,low_frequency,3308987476,0.0,0.0,0.0,0.0,0.0,0.0
HalfCheetah-v5,4020259488,l2_mode_trainreplay,low_frequency,4010771860,0.0,0.0,0.0,0.0,0.0,0.0
HalfCheetah-v5,4020259488,l2_mode_trainreplay,low_frequency,4218259887,0.0,0.0,0.0,0.0,0.0,0.0
HalfCheetah-v5,4020259488,l2_mode_trainreplay,mixed,98480853,0.0,0.0,0.0,0.0,0.0,0.0
HalfCheetah-v5,4020259488,l2_mode_trainreplay,mixed,324724199,0.0,0.0,0.0,0.0,0.0,0.0
HalfCheetah-v5,4020259488,l2_mode_trainreplay,mixed,1045477827,0.0,0.0,0.0,0.0,0.0,0.0
HalfCheetah-v5,4020259488,l2_mode_trainreplay,mixed,1767642859,0.0,0.0,0.0,0.0,0.0,0.0
HalfCheetah-v5,4020259488,l2_mode_trainreplay,mixed,2994879384,0.0,0.0,0.0,0.0,0.0,0.0
HalfCheetah-v5,4020259488,l2_mode_trainreplay,mixed,3308987476,0.0,0.0,0.0,0.0,0.0,0.0
HalfCheetah-v5,4020259488,l2_mode_trainreplay,mixed,4010771860,0.0,0.0,0.0,0.0,0.0,0.0
HalfCheetah-v5,4020259488,l2_mode_trainreplay,mixed,4218259887,0.0,0.0,0.0,0.0,0.0,0.0
HalfCheetah-v5,4020259488,l2_mode_trainreplay,ood_chirp,98480853,0.0,0.0,0.0,0.0,0.0,0.0
HalfCheetah-v5,4020259488,l2_mode_trainreplay,ood_chirp,324724199,0.0,0.0,0.0,0.0,0.0,0.0
HalfCheetah-v5,4020259488,l2_mode_trainreplay,ood_chirp,1045477827,0.0,0.0,0.0,0.0,0.0,0.0
HalfCheetah-v5,4020259488,l2_mode_trainreplay,ood_chirp,1767642859,0.0,0.0,0.0,0.0,0.0,0.0
HalfCheetah-v5,4020259488,l2_mode_trainreplay,ood_chirp,2994879384,0.0,0.0,0.0,0.0,0.0,0.0
HalfCheetah-v5,4020259488,l2_mode_trainreplay,ood_chirp,3308987476,0.0,0.0,0.0,0.0,0.0,0.0
HalfCheetah-v5,4020259488,l2_mode_trainreplay,ood_chirp,4010771860,0.0,0.0,0.0,0.0,0.0,0.0
HalfCheetah-v5,4020259488,l2_mode_trainreplay,ood_chirp,4218259887,0.0,0.0,0.0,0.0,0.0,0.0
HalfCheetah-v5,4020259488,l2_mode_trainreplay,standard,98480853,0.0,0.0,0.0,0.0,0.0,0.0
HalfCheetah-v5,4020259488,l2_mode_trainreplay,standard,324724199,0.0,0.0,0.0,0.0,0.0,0.0
HalfCheetah-v5,4020259488,l2_mode_trainreplay,standard,1045477827,0.0,0.0,0.0,0.0,0.0,0.0
HalfCheetah-v5,4020259488,l2_mode_trainreplay,standard,1767642859,0.0,0.0,0.0,0.0,0.0,0.0
HalfCheetah-v5,4020259488,l2_mode_trainreplay,standard,2994879384,0.0,0.0,0.0,0.0,0.0,0.0
HalfCheetah-v5,4020259488,l2_mode_trainreplay,standard,3308987476,0.0,0.0,0.0,0.0,0.0,0.0
HalfCheetah-v5,4020259488,l2_mode_trainreplay,standard,4010771860,0.0,0.0,0.0,0.0,0.0,0.0
HalfCheetah-v5,4020259488,l2_mode_trainreplay,standard,4218259887,0.0,0.0,0.0,0.0,0.0,0.0
HalfCheetah-v5,4020259488,l2_path_trainreplay,high_frequency,98480853,0.0,0.0,0.0,0.0,0.0,0.0
HalfCheetah-v5,4020259488,l2_path_trainreplay,high_frequency,324724199,0.0,0.0,0.0,0.0,0.0,0.0
HalfCheetah-v5,4020259488,l2_path_trainreplay,high_frequency,1045477827,0.0,0.0,0.0,0.0,0.0,0.0
HalfCheetah-v5,4020259488,l2_path_trainreplay,high_frequency,1767642859,0.0,0.0,0.0,0.0,0.0,0.0
HalfCheetah-v5,4020259488,l2_path_trainreplay,high_frequency,2994879384,0.0,0.0,0.0,0.0,0.0,0.0
HalfCheetah-v5,4020259488,l2_path_trainreplay,high_frequency,3308987476,0.0,0.0,0.0,0.0,0.0,0.0
HalfCheetah-v5,4020259488,l2_path_trainreplay,high_frequency,4010771860,0.0,0.0,0.0,0.0,0.0,0.0
HalfCheetah-v5,4020259488,l2_path_trainreplay,high_frequency,4218259887,0.0,0.0,0.0,0.0,0.0,0.0
HalfCheetah-v5,4020259488,l2_path_trainreplay,low_frequency,98480853,0.0,0.0,0.0,0.0,0.0,0.0
HalfCheetah-v5,4020259488,l2_path_trainreplay,low_frequency,324724199,0.0,0.0,0.0,0.0,0.0,0.0
HalfCheetah-v5,4020259488,l2_path_trainreplay,low_frequency,1045477827,0.0,0.0,0.0,0.0,0.0,0.0
HalfCheetah-v5,4020259488,l2_path_trainreplay,low_frequency,1767642859,0.0,0.0,0.0,0.0,0.0,0.0
HalfCheetah-v5,4020259488,l2_path_trainreplay,low_frequency,2994879384,0.0,0.0,0.0,0.0,0.0,0.0
HalfCheetah-v5,4020259488,l2_path_trainreplay,low_frequency,3308987476,0.0,0.0,0.0,0.0,0.0,0.0
HalfCheetah-v5,4020259488,l2_path_trainreplay,low_frequency,4010771860,0.0,0.0,0.0,0.0,0.0,0.0
HalfCheetah-v5,4020259488,l2_path_trainreplay,low_frequency,4218259887,0.0,0.0,0.0,0.0,0.0,0.0
HalfCheetah-v5,4020259488,l2_path_trainreplay,mixed,98480853,0.0,0.0,0.0,0.0,0.0,0.0
HalfCheetah-v5,4020259488,l2_path_trainreplay,mixed,324724199,0.0,0.0,0.0,0.0,0.0,0.0
HalfCheetah-v5,4020259488,l2_path_trainreplay,mixed,1045477827,0.0,0.0,0.0,0.0,0.0,0.0
HalfCheetah-v5,4020259488,l2_path_trainreplay,mixed,1767642859,0.0,0.0,0.0,0.0,0.0,0.0
HalfCheetah-v5,4020259488,l2_path_trainreplay,mixed,2994879384,0.0,0.0,0.0,0.0,0.0,0.0
HalfCheetah-v5,4020259488,l2_path_trainreplay,mixed,3308987476,0.0,0.0,0.0,0.0,0.0,0.0
HalfCheetah-v5,4020259488,l2_path_trainreplay,mixed,4010771860,0.0,0.0,0.0,0.0,0.0,0.0
HalfCheetah-v5,4020259488,l2_path_trainreplay,mixed,4218259887,0.0,0.0,0.0,0.0,0.0,0.0
HalfCheetah-v5,4020259488,l2_path_trainreplay,ood_chirp,98480853,0.0,0.0,0.0,0.0,0.0,0.0
HalfCheetah-v5,4020259488,l2_path_trainreplay,ood_chirp,324724199,0.0,0.0,0.0,0.0,0.0,0.0
HalfCheetah-v5,4020259488,l2_path_trainreplay,ood_chirp,1045477827,0.0,0.0,0.0,0.0,0.0,0.0
HalfCheetah-v5,4020259488,l2_path_trainreplay,ood_chirp,1767642859,0.0,0.0,0.0,0.0,0.0,0.0
HalfCheetah-v5,4020259488,l2_path_trainreplay,ood_chirp,2994879384,0.0,0.0,0.0,0.0,0.0,0.0
HalfCheetah-v5,4020259488,l2_path_trainreplay,ood_chirp,3308987476,0.0,0.0,0.0,0.0,0.0,0.0
HalfCheetah-v5,4020259488,l2_path_trainreplay,ood_chirp,4010771860,0.0,0.0,0.0,0.0,0.0,0.0
HalfCheetah-v5,4020259488,l2_path_trainreplay,ood_chirp,4218259887,0.0,0.0,0.0,0.0,0.0,0.0
HalfCheetah-v5,4020259488,l2_path_trainreplay,standard,98480853,0.0,0.0,0.0,0.0,0.0,0.0
HalfCheetah-v5,4020259488,l2_path_trainreplay,standard,324724199,0.0,0.0,0.0,0.0,0.0,0.0
HalfCheetah-v5,4020259488,l2_path_trainreplay,standard,1045477827,0.0,0.0,0.0,0.0,0.0,0.0
HalfCheetah-v5,4020259488,l2_path_trainreplay,standard,1767642859,0.0,0.0,0.0,0.0,0.0,0.0
HalfCheetah-v5,4020259488,l2_path_trainreplay,standard,2994879384,0.0,0.0,0.0,0.0,0.0,0.0
HalfCheetah-v5,4020259488,l2_path_trainreplay,standard,3308987476,0.0,0.0,0.0,0.0,0.0,0.0
HalfCheetah-v5,4020259488,l2_path_trainreplay,standard,4010771860,0.0,0.0,0.0,0.0,0.0,0.0
HalfCheetah-v5,4020259488,l2_path_trainreplay,standard,4218259887,0.0,0.0,0.0,0.0,0.0,0.0
HalfCheetah-v5,4020259488,l2_path_freeze_trainreplay,high_frequency,98480853,0.0,0.0,0.0,0.0,0.0,0.0
HalfCheetah-v5,4020259488,l2_path_freeze_trainreplay,high_frequency,324724199,0.0,0.0,0.0,0.0,0.0,0.0
HalfCheetah-v5,4020259488,l2_path_freeze_trainreplay,high_frequency,1045477827,0.0,0.0,0.0,0.0,0.0,0.0
HalfCheetah-v5,4020259488,l2_path_freeze_trainreplay,high_frequency,1767642859,0.0,0.0,0.0,0.0,0.0,0.0
HalfCheetah-v5,4020259488,l2_path_freeze_trainreplay,high_frequency,2994879384,0.0,0.0,0.0,0.0,0.0,0.0
HalfCheetah-v5,4020259488,l2_path_freeze_trainreplay,high_frequency,3308987476,0.0,0.0,0.0,0.0,0.0,0.0
HalfCheetah-v5,4020259488,l2_path_freeze_trainreplay,high_frequency,4010771860,0.0,0.0,0.0,0.0,0.0,0.0
HalfCheetah-v5,4020259488,l2_path_freeze_trainreplay,high_frequency,4218259887,0.0,0.0,0.0,0.0,0.0,0.0
HalfCheetah-v5,4020259488,l2_path_freeze_trainreplay,low_frequency,98480853,0.0,0.0,0.0,0.0,0.0,0.0
HalfCheetah-v5,4020259488,l2_path_freeze_trainreplay,low_frequency,324724199,0.0,0.0,0.0,0.0,0.0,0.0
HalfCheetah-v5,4020259488,l2_path_freeze_trainreplay,low_frequency,1045477827,0.0,0.0,0.0,0.0,0.0,0.0
HalfCheetah-v5,4020259488,l2_path_freeze_trainreplay,low_frequency,1767642859,0.0,0.0,0.0,0.0,0.0,0.0
HalfCheetah-v5,4020259488,l2_path_freeze_trainreplay,low_frequency,2994879384,0.0,0.0,0.0,0.0,0.0,0.0
HalfCheetah-v5,4020259488,l2_path_freeze_trainreplay,low_frequency,3308987476,0.0,0.0,0.0,0.0,0.0,0.0
HalfCheetah-v5,4020259488,l2_path_freeze_trainreplay,low_frequency,4010771860,0.0,0.0,0.0,0.0,0.0,0.0
HalfCheetah-v5,4020259488,l2_path_freeze_trainreplay,low_frequency,4218259887,0.0,0.0,0.0,0.0,0.0,0.0
HalfCheetah-v5,4020259488,l2_path_freeze_trainreplay,mixed,98480853,0.0,0.0,0.0,0.0,0.0,0.0
HalfCheetah-v5,4020259488,l2_path_freeze_trainreplay,mixed,324724199,0.0,0.0,0.0,0.0,0.0,0.0
HalfCheetah-v5,4020259488,l2_path_freeze_trainreplay,mixed,1045477827,0.0,0.0,0.0,0.0,0.0,0.0
HalfCheetah-v5,4020259488,l2_path_freeze_trainreplay,mixed,1767642859,0.0,0.0,0.0,0.0,0.0,0.0
HalfCheetah-v5,4020259488,l2_path_freeze_trainreplay,mixed,2994879384,0.0,0.0,0.0,0.0,0.0,0.0
HalfCheetah-v5,4020259488,l2_path_freeze_trainreplay,mixed,3308987476,0.0,0.0,0.0,0.0,0.0,0.0
HalfCheetah-v5,4020259488,l2_path_freeze_trainreplay,mixed,4010771860,0.0,0.0,0.0,0.0,0.0,0.0
HalfCheetah-v5,4020259488,l2_path_freeze_trainreplay,mixed,4218259887,0.0,0.0,0.0,0.0,0.0,0.0
HalfCheetah-v5,4020259488,l2_path_freeze_trainreplay,ood_chirp,98480853,0.0,0.0,0.0,0.0,0.0,0.0
HalfCheetah-v5,4020259488,l2_path_freeze_trainreplay,ood_chirp,324724199,0.0,0.0,0.0,0.0,0.0,0.0
HalfCheetah-v5,4020259488,l2_path_freeze_trainreplay,ood_chirp,1045477827,0.0,0.0,0.0,0.0,0.0,0.0
HalfCheetah-v5,4020259488,l2_path_freeze_trainreplay,ood_chirp,1767642859,0.0,0.0,0.0,0.0,0.0,0.0
HalfCheetah-v5,4020259488,l2_path_freeze_trainreplay,ood_chirp,2994879384,0.0,0.0,0.0,0.0,0.0,0.0
HalfCheetah-v5,4020259488,l2_path_freeze_trainreplay,ood_chirp,3308987476,0.0,0.0,0.0,0.0,0.0,0.0
HalfCheetah-v5,4020259488,l2_path_freeze_trainreplay,ood_chirp,4010771860,0.0,0.0,0.0,0.0,0.0,0.0
HalfCheetah-v5,4020259488,l2_path_freeze_trainreplay,ood_chirp,4218259887,0.0,0.0,0.0,0.0,0.0,0.0
HalfCheetah-v5,4020259488,l2_path_freeze_trainreplay,standard,98480853,0.0,0.0,0.0,0.0,0.0,0.0
HalfCheetah-v5,4020259488,l2_path_freeze_trainreplay,standard,324724199,0.0,0.0,0.0,0.0,0.0,0.0
HalfCheetah-v5,4020259488,l2_path_freeze_trainreplay,standard,1045477827,0.0,0.0,0.0,0.0,0.0,0.0
HalfCheetah-v5,4020259488,l2_path_freeze_trainreplay,standard,1767642859,0.0,0.0,0.0,0.0,0.0,0.0
HalfCheetah-v5,4020259488,l2_path_freeze_trainreplay,standard,2994879384,0.0,0.0,0.0,0.0,0.0,0.0
HalfCheetah-v5,4020259488,l2_path_freeze_trainreplay,standard,3308987476,0.0,0.0,0.0,0.0,0.0,0.0
HalfCheetah-v5,4020259488,l2_path_freeze_trainreplay,standard,4010771860,0.0,0.0,0.0,0.0,0.0,0.0
HalfCheetah-v5,4020259488,l2_path_freeze_trainreplay,standard,4218259887,0.0,0.0,0.0,0.0,0.0,0.0
HalfCheetah-v5,4020259488,l2_path_freeze_crossreplay,high_frequency,98480853,0.0,0.0,0.0,0.0,0.0,0.0
HalfCheetah-v5,4020259488,l2_path_freeze_crossreplay,high_frequency,324724199,0.0,0.0,0.0,0.0,0.0,0.0
HalfCheetah-v5,4020259488,l2_path_freeze_crossreplay,high_frequency,1045477827,0.0,0.0,0.0,0.0,0.0,0.0
HalfCheetah-v5,4020259488,l2_path_freeze_crossreplay,high_frequency,1767642859,0.0,0.0,0.0,0.0,0.0,0.0
HalfCheetah-v5,4020259488,l2_path_freeze_crossreplay,high_frequency,2994879384,0.0,0.0,0.0,0.0,0.0,0.0
HalfCheetah-v5,4020259488,l2_path_freeze_crossreplay,high_frequency,3308987476,0.0,0.0,0.0,0.0,0.0,0.0
HalfCheetah-v5,4020259488,l2_path_freeze_crossreplay,high_frequency,4010771860,0.0,0.0,0.0,0.0,0.0,0.0
HalfCheetah-v5,4020259488,l2_path_freeze_crossreplay,high_frequency,4218259887,0.0,0.0,0.0,0.0,0.0,0.0
HalfCheetah-v5,4020259488,l2_path_freeze_crossreplay,low_frequency,98480853,0.0,0.0,0.0,0.0,0.0,0.0
HalfCheetah-v5,4020259488,l2_path_freeze_crossreplay,low_frequency,324724199,0.0,0.0,0.0,0.0,0.0,0.0
HalfCheetah-v5,4020259488,l2_path_freeze_crossreplay,low_frequency,1045477827,0.0,0.0,0.0,0.0,0.0,0.0
HalfCheetah-v5,4020259488,l2_path_freeze_crossreplay,low_frequency,1767642859,0.0,0.0,0.0,0.0,0.0,0.0
HalfCheetah-v5,4020259488,l2_path_freeze_crossreplay,low_frequency,2994879384,0.0,0.0,0.0,0.0,0.0,0.0
HalfCheetah-v5,4020259488,l2_path_freeze_crossreplay,low_frequency,3308987476,0.0,0.0,0.0,0.0,0.0,0.0
HalfCheetah-v5,4020259488,l2_path_freeze_crossreplay,low_frequency,4010771860,0.0,0.0,0.0,0.0,0.0,0.0
HalfCheetah-v5,4020259488,l2_path_freeze_crossreplay,low_frequency,4218259887,0.0,0.0,0.0,0.0,0.0,0.0
HalfCheetah-v5,4020259488,l2_path_freeze_crossreplay,mixed,98480853,0.0,0.0,0.0,0.0,0.0,0.0
HalfCheetah-v5,4020259488,l2_path_freeze_crossreplay,mixed,324724199,0.0,0.0,0.0,0.0,0.0,0.0
HalfCheetah-v5,4020259488,l2_path_freeze_crossreplay,mixed,1045477827,0.0,0.0,0.0,0.0,0.0,0.0
HalfCheetah-v5,4020259488,l2_path_freeze_crossreplay,mixed,1767642859,0.0,0.0,0.0,0.0,0.0,0.0
HalfCheetah-v5,4020259488,l2_path_freeze_crossreplay,mixed,2994879384,0.0,0.0,0.0,0.0,0.0,0.0
HalfCheetah-v5,4020259488,l2_path_freeze_crossreplay,mixed,3308987476,0.0,0.0,0.0,0.0,0.0,0.0
HalfCheetah-v5,4020259488,l2_path_freeze_crossreplay,mixed,4010771860,0.0,0.0,0.0,0.0,0.0,0.0
HalfCheetah-v5,4020259488,l2_path_freeze_crossreplay,mixed,4218259887,0.0,0.0,0.0,0.0,0.0,0.0
HalfCheetah-v5,4020259488,l2_path_freeze_crossreplay,ood_chirp,98480853,0.0,0.0,0.0,0.0,0.0,0.0
HalfCheetah-v5,4020259488,l2_path_freeze_crossreplay,ood_chirp,324724199,0.0,0.0,0.0,0.0,0.0,0.0
HalfCheetah-v5,4020259488,l2_path_freeze_crossreplay,ood_chirp,1045477827,0.0,0.0,0.0,0.0,0.0,0.0
HalfCheetah-v5,4020259488,l2_path_freeze_crossreplay,ood_chirp,1767642859,0.0,0.0,0.0,0.0,0.0,0.0
HalfCheetah-v5,4020259488,l2_path_freeze_crossreplay,ood_chirp,2994879384,0.0,0.0,0.0,0.0,0.0,0.0
HalfCheetah-v5,4020259488,l2_path_freeze_crossreplay,ood_chirp,3308987476,0.0,0.0,0.0,0.0,0.0,0.0
HalfCheetah-v5,4020259488,l2_path_freeze_crossreplay,ood_chirp,4010771860,0.0,0.0,0.0,0.0,0.0,0.0
HalfCheetah-v5,4020259488,l2_path_freeze_crossreplay,ood_chirp,4218259887,0.0,0.0,0.0,0.0,0.0,0.0
HalfCheetah-v5,4020259488,l2_path_freeze_crossreplay,standard,98480853,0.0,0.0,0.0,0.0,0.0,0.0
HalfCheetah-v5,4020259488,l2_path_freeze_crossreplay,standard,324724199,0.0,0.0,0.0,0.0,0.0,0.0
HalfCheetah-v5,4020259488,l2_path_freeze_crossreplay,standard,1045477827,0.0,0.0,0.0,0.0,0.0,0.0
HalfCheetah-v5,4020259488,l2_path_freeze_crossreplay,standard,1767642859,0.0,0.0,0.0,0.0,0.0,0.0
HalfCheetah-v5,4020259488,l2_path_freeze_crossreplay,standard,2994879384,0.0,0.0,0.0,0.0,0.0,0.0
HalfCheetah-v5,4020259488,l2_path_freeze_crossreplay,standard,3308987476,0.0,0.0,0.0,0.0,0.0,0.0
HalfCheetah-v5,4020259488,l2_path_freeze_crossreplay,standard,4010771860,0.0,0.0,0.0,0.0,0.0,0.0
HalfCheetah-v5,4020259488,l2_path_freeze_crossreplay,standard,4218259887,0.0,0.0,0.0,0.0,0.0,0.0
HalfCheetah-v5,583213049,worst_mode_trainreplay,high_frequency,98480853,0.0,0.0,0.0,0.0,0.0,0.0
HalfCheetah-v5,583213049,worst_mode_trainreplay,high_frequency,324724199,0.0,0.0,0.0,0.0,0.0,0.0
HalfCheetah-v5,583213049,worst_mode_trainreplay,high_frequency,1045477827,0.0,0.0,0.0,0.0,0.0,0.0
HalfCheetah-v5,583213049,worst_mode_trainreplay,high_frequency,1767642859,0.0,0.0,0.0,0.0,0.0,0.0
HalfCheetah-v5,583213049,worst_mode_trainreplay,high_frequency,2994879384,0.0,0.0,0.0,0.0,0.0,0.0
HalfCheetah-v5,583213049,worst_mode_trainreplay,high_frequency,3308987476,0.0,0.0,0.0,0.0,0.0,0.0
HalfCheetah-v5,583213049,worst_mode_trainreplay,high_frequency,4010771860,0.0,0.0,0.0,0.0,0.0,0.0
HalfCheetah-v5,583213049,worst_mode_trainreplay,high_frequency,4218259887,0.0,0.0,0.0,0.0,0.0,0.0
HalfCheetah-v5,583213049,worst_mode_trainreplay,low_frequency,98480853,0.0,0.0,0.0,0.0,0.0,0.0
HalfCheetah-v5,583213049,worst_mode_trainreplay,low_frequency,324724199,0.0,0.0,0.0,0.0,0.0,0.0
HalfCheetah-v5,583213049,worst_mode_trainreplay,low_frequency,1045477827,0.0,0.0,0.0,0.0,0.0,0.0
HalfCheetah-v5,583213049,worst_mode_trainreplay,low_frequency,1767642859,0.0,0.0,0.0,0.0,0.0,0.0
HalfCheetah-v5,583213049,worst_mode_trainreplay,low_frequency,2994879384,0.0,0.0,0.0,0.0,0.0,0.0
HalfCheetah-v5,583213049,worst_mode_trainreplay,low_frequency,3308987476,0.0,0.0,0.0,0.0,0.0,0.0
HalfCheetah-v5,583213049,worst_mode_trainreplay,low_frequency,4010771860,0.0,0.0,0.0,0.0,0.0,0.0
HalfCheetah-v5,583213049,worst_mode_trainreplay,low_frequency,4218259887,0.0,0.0,0.0,0.0,0.0,0.0
HalfCheetah-v5,583213049,worst_mode_trainreplay,mixed,98480853,0.0,0.0,0.0,0.0,0.0,0.0
HalfCheetah-v5,583213049,worst_mode_trainreplay,mixed,324724199,0.0,0.0,0.0,0.0,0.0,0.0
HalfCheetah-v5,583213049,worst_mode_trainreplay,mixed,1045477827,0.0,0.0,0.0,0.0,0.0,0.0
HalfCheetah-v5,583213049,worst_mode_trainreplay,mixed,1767642859,0.0,0.0,0.0,0.0,0.0,0.0
HalfCheetah-v5,583213049,worst_mode_trainreplay,mixed,2994879384,0.0,0.0,0.0,0.0,0.0,0.0
HalfCheetah-v5,583213049,worst_mode_trainreplay,mixed,3308987476,0.0,0.0,0.0,0.0,0.0,0.0
HalfCheetah-v5,583213049,worst_mode_trainreplay,mixed,4010771860,0.0,0.0,0.0,0.0,0.0,0.0
HalfCheetah-v5,583213049,worst_mode_trainreplay,mixed,4218259887,0.0,0.0,0.0,0.0,0.0,0.0
HalfCheetah-v5,583213049,worst_mode_trainreplay,ood_chirp,98480853,0.0,0.0,0.0,0.0,0.0,0.0
HalfCheetah-v5,583213049,worst_mode_trainreplay,ood_chirp,324724199,0.0,0.0,0.0,0.0,0.0,0.0
HalfCheetah-v5,583213049,worst_mode_trainreplay,ood_chirp,1045477827,0.0,0.0,0.0,0.0,0.0,0.0
HalfCheetah-v5,583213049,worst_mode_trainreplay,ood_chirp,1767642859,0.0,0.0,0.0,0.0,0.0,0.0
HalfCheetah-v5,583213049,worst_mode_trainreplay,ood_chirp,2994879384,0.0,0.0,0.0,0.0,0.0,0.0
HalfCheetah-v5,583213049,worst_mode_trainreplay,ood_chirp,3308987476,0.0,0.0,0.0,0.0,0.0,0.0
HalfCheetah-v5,583213049,worst_mode_trainreplay,ood_chirp,4010771860,0.0,0.0,0.0,0.0,0.0,0.0
HalfCheetah-v5,583213049,worst_mode_trainreplay,ood_chirp,4218259887,0.0,0.0,0.0,0.0,0.0,0.0
HalfCheetah-v5,583213049,worst_mode_trainreplay,standard,98480853,0.0,0.0,0.0,0.0,0.0,0.0
HalfCheetah-v5,583213049,worst_mode_trainreplay,standard,324724199,0.0,0.0,0.0,0.0,0.0,0.0
HalfCheetah-v5,583213049,worst_mode_trainreplay,standard,1045477827,0.0,0.0,0.0,0.0,0.0,0.0
HalfCheetah-v5,583213049,worst_mode_trainreplay,standard,1767642859,0.0,0.0,0.0,0.0,0.0,0.0
HalfCheetah-v5,583213049,worst_mode_trainreplay,standard,2994879384,0.0,0.0,0.0,0.0,0.0,0.0
HalfCheetah-v5,583213049,worst_mode_trainreplay,standard,3308987476,0.0,0.0,0.0,0.0,0.0,0.0
HalfCheetah-v5,583213049,worst_mode_trainreplay,standard,4010771860,0.0,0.0,0.0,0.0,0.0,0.0
HalfCheetah-v5,583213049,worst_mode_trainreplay,standard,4218259887,0.0,0.0,0.0,0.0,0.0,0.0
HalfCheetah-v5,583213049,l2_mode_trainreplay,high_frequency,98480853,0.0,0.0,0.0,0.0,0.0,0.0
HalfCheetah-v5,583213049,l2_mode_trainreplay,high_frequency,324724199,0.0,0.0,0.0,0.0,0.0,0.0
HalfCheetah-v5,583213049,l2_mode_trainreplay,high_frequency,1045477827,0.0,0.0,0.0,0.0,0.0,0.0
HalfCheetah-v5,583213049,l2_mode_trainreplay,high_frequency,1767642859,0.0,0.0,0.0,0.0,0.0,0.0
HalfCheetah-v5,583213049,l2_mode_trainreplay,high_frequency,2994879384,0.0,0.0,0.0,0.0,0.0,0.0
HalfCheetah-v5,583213049,l2_mode_trainreplay,high_frequency,3308987476,0.0,0.0,0.0,0.0,0.0,0.0
HalfCheetah-v5,583213049,l2_mode_trainreplay,high_frequency,4010771860,0.0,0.0,0.0,0.0,0.0,0.0
HalfCheetah-v5,583213049,l2_mode_trainreplay,high_frequency,4218259887,0.0,0.0,0.0,0.0,0.0,0.0
HalfCheetah-v5,583213049,l2_mode_trainreplay,low_frequency,98480853,0.0,0.0,0.0,0.0,0.0,0.0
HalfCheetah-v5,583213049,l2_mode_trainreplay,low_frequency,324724199,0.0,0.0,0.0,0.0,0.0,0.0
HalfCheetah-v5,583213049,l2_mode_trainreplay,low_frequency,1045477827,0.0,0.0,0.0,0.0,0.0,0.0
HalfCheetah-v5,583213049,l2_mode_trainreplay,low_frequency,1767642859,0.0,0.0,0.0,0.0,0.0,0.0
HalfCheetah-v5,583213049,l2_mode_trainreplay,low_frequency,2994879384,0.0,0.0,0.0,0.0,0.0,0.0
HalfCheetah-v5,583213049,l2_mode_trainreplay,low_frequency,3308987476,0.0,0.0,0.0,0.0,0.0,0.0
HalfCheetah-v5,583213049,l2_mode_trainreplay,low_frequency,4010771860,0.0,0.0,0.0,0.0,0.0,0.0
HalfCheetah-v5,583213049,l2_mode_trainreplay,low_frequency,4218259887,0.0,0.0,0.0,0.0,0.0,0.0
HalfCheetah-v5,583213049,l2_mode_trainreplay,mixed,98480853,0.0,0.0,0.0,0.0,0.0,0.0
HalfCheetah-v5,583213049,l2_mode_trainreplay,mixed,324724199,0.0,0.0,0.0,0.0,0.0,0.0
HalfCheetah-v5,583213049,l2_mode_trainreplay,mixed,1045477827,0.0,0.0,0.0,0.0,0.0,0.0
HalfCheetah-v5,583213049,l2_mode_trainreplay,mixed,1767642859,0.0,0.0,0.0,0.0,0.0,0.0
HalfCheetah-v5,583213049,l2_mode_trainreplay,mixed,2994879384,0.0,0.0,0.0,0.0,0.0,0.0
HalfCheetah-v5,583213049,l2_mode_trainreplay,mixed,3308987476,0.0,0.0,0.0,0.0,0.0,0.0
HalfCheetah-v5,583213049,l2_mode_trainreplay,mixed,4010771860,0.0,0.0,0.0,0.0,0.0,0.0
HalfCheetah-v5,583213049,l2_mode_trainreplay,mixed,4218259887,0.0,0.0,0.0,0.0,0.0,0.0
HalfCheetah-v5,583213049,l2_mode_trainreplay,ood_chirp,98480853,0.0,0.0,0.0,0.0,0.0,0.0
HalfCheetah-v5,583213049,l2_mode_trainreplay,ood_chirp,324724199,0.0,0.0,0.0,0.0,0.0,0.0
HalfCheetah-v5,583213049,l2_mode_trainreplay,ood_chirp,1045477827,0.0,0.0,0.0,0.0,0.0,0.0
HalfCheetah-v5,583213049,l2_mode_trainreplay,ood_chirp,1767642859,0.0,0.0,0.0,0.0,0.0,0.0
HalfCheetah-v5,583213049,l2_mode_trainreplay,ood_chirp,2994879384,0.0,0.0,0.0,0.0,0.0,0.0
HalfCheetah-v5,583213049,l2_mode_trainreplay,ood_chirp,3308987476,0.0,0.0,0.0,0.0,0.0,0.0
HalfCheetah-v5,583213049,l2_mode_trainreplay,ood_chirp,4010771860,0.0,0.0,0.0,0.0,0.0,0.0
HalfCheetah-v5,583213049,l2_mode_trainreplay,ood_chirp,4218259887,0.0,0.0,0.0,0.0,0.0,0.0
HalfCheetah-v5,583213049,l2_mode_trainreplay,standard,98480853,0.0,0.0,0.0,0.0,0.0,0.0
HalfCheetah-v5,583213049,l2_mode_trainreplay,standard,324724199,0.0,0.0,0.0,0.0,0.0,0.0
HalfCheetah-v5,583213049,l2_mode_trainreplay,standard,1045477827,0.0,0.0,0.0,0.0,0.0,0.0
HalfCheetah-v5,583213049,l2_mode_trainreplay,standard,1767642859,0.0,0.0,0.0,0.0,0.0,0.0
HalfCheetah-v5,583213049,l2_mode_trainreplay,standard,2994879384,0.0,0.0,0.0,0.0,0.0,0.0
HalfCheetah-v5,583213049,l2_mode_trainreplay,standard,3308987476,0.0,0.0,0.0,0.0,0.0,0.0
HalfCheetah-v5,583213049,l2_mode_trainreplay,standard,4010771860,0.0,0.0,0.0,0.0,0.0,0.0
HalfCheetah-v5,583213049,l2_mode_trainreplay,standard,4218259887,0.0,0.0,0.0,0.0,0.0,0.0
HalfCheetah-v5,583213049,l2_path_trainreplay,high_frequency,98480853,0.0,0.0,0.0,0.0,0.0,0.0
HalfCheetah-v5,583213049,l2_path_trainreplay,high_frequency,324724199,0.0,0.0,0.0,0.0,0.0,0.0
HalfCheetah-v5,583213049,l2_path_trainreplay,high_frequency,1045477827,0.0,0.0,0.0,0.0,0.0,0.0
HalfCheetah-v5,583213049,l2_path_trainreplay,high_frequency,1767642859,0.0,0.0,0.0,0.0,0.0,0.0
HalfCheetah-v5,583213049,l2_path_trainreplay,high_frequency,2994879384,0.0,0.0,0.0,0.0,0.0,0.0
HalfCheetah-v5,583213049,l2_path_trainreplay,high_frequency,3308987476,0.0,0.0,0.0,0.0,0.0,0.0
HalfCheetah-v5,583213049,l2_path_trainreplay,high_frequency,4010771860,0.0,0.0,0.0,0.0,0.0,0.0
HalfCheetah-v5,583213049,l2_path_trainreplay,high_frequency,4218259887,0.0,0.0,0.0,0.0,0.0,0.0
HalfCheetah-v5,583213049,l2_path_trainreplay,low_frequency,98480853,0.0,0.0,0.0,0.0,0.0,0.0
HalfCheetah-v5,583213049,l2_path_trainreplay,low_frequency,324724199,0.0,0.0,0.0,0.0,0.0,0.0
HalfCheetah-v5,583213049,l2_path_trainreplay,low_frequency,1045477827,0.0,0.0,0.0,0.0,0.0,0.0
HalfCheetah-v5,583213049,l2_path_trainreplay,low_frequency,1767642859,0.0,0.0,0.0,0.0,0.0,0.0
HalfCheetah-v5,583213049,l2_path_trainreplay,low_frequency,2994879384,0.0,0.0,0.0,0.0,0.0,0.0
HalfCheetah-v5,583213049,l2_path_trainreplay,low_frequency,3308987476,0.0,0.0,0.0,0.0,0.0,0.0
HalfCheetah-v5,583213049,l2_path_trainreplay,low_frequency,4010771860,0.0,0.0,0.0,0.0,0.0,0.0
HalfCheetah-v5,583213049,l2_path_trainreplay,low_frequency,4218259887,0.0,0.0,0.0,0.0,0.0,0.0
HalfCheetah-v5,583213049,l2_path_trainreplay,mixed,98480853,0.0,0.0,0.0,0.0,0.0,0.0
HalfCheetah-v5,583213049,l2_path_trainreplay,mixed,324724199,0.0,0.0,0.0,0.0,0.0,0.0
HalfCheetah-v5,583213049,l2_path_trainreplay,mixed,1045477827,0.0,0.0,0.0,0.0,0.0,0.0
HalfCheetah-v5,583213049,l2_path_trainreplay,mixed,1767642859,0.0,0.0,0.0,0.0,0.0,0.0
HalfCheetah-v5,583213049,l2_path_trainreplay,mixed,2994879384,0.0,0.0,0.0,0.0,0.0,0.0
HalfCheetah-v5,583213049,l2_path_trainreplay,mixed,3308987476,0.0,0.0,0.0,0.0,0.0,0.0
HalfCheetah-v5,583213049,l2_path_trainreplay,mixed,4010771860,0.0,0.0,0.0,0.0,0.0,0.0
HalfCheetah-v5,583213049,l2_path_trainreplay,mixed,4218259887,0.0,0.0,0.0,0.0,0.0,0.0
HalfCheetah-v5,583213049,l2_path_trainreplay,ood_chirp,98480853,0.0,0.0,0.0,0.0,0.0,0.0
HalfCheetah-v5,583213049,l2_path_trainreplay,ood_chirp,324724199,0.0,0.0,0.0,0.0,0.0,0.0
HalfCheetah-v5,583213049,l2_path_trainreplay,ood_chirp,1045477827,0.0,0.0,0.0,0.0,0.0,0.0
HalfCheetah-v5,583213049,l2_path_trainreplay,ood_chirp,1767642859,0.0,0.0,0.0,0.0,0.0,0.0
HalfCheetah-v5,583213049,l2_path_trainreplay,ood_chirp,2994879384,0.0,0.0,0.0,0.0,0.0,0.0
HalfCheetah-v5,583213049,l2_path_trainreplay,ood_chirp,3308987476,0.0,0.0,0.0,0.0,0.0,0.0
HalfCheetah-v5,583213049,l2_path_trainreplay,ood_chirp,4010771860,0.0,0.0,0.0,0.0,0.0,0.0
HalfCheetah-v5,583213049,l2_path_trainreplay,ood_chirp,4218259887,0.0,0.0,0.0,0.0,0.0,0.0
HalfCheetah-v5,583213049,l2_path_trainreplay,standard,98480853,0.0,0.0,0.0,0.0,0.0,0.0
HalfCheetah-v5,583213049,l2_path_trainreplay,standard,324724199,0.0,0.0,0.0,0.0,0.0,0.0
HalfCheetah-v5,583213049,l2_path_trainreplay,standard,1045477827,0.0,0.0,0.0,0.0,0.0,0.0
HalfCheetah-v5,583213049,l2_path_trainreplay,standard,1767642859,0.0,0.0,0.0,0.0,0.0,0.0
HalfCheetah-v5,583213049,l2_path_trainreplay,standard,2994879384,0.0,0.0,0.0,0.0,0.0,0.0
HalfCheetah-v5,583213049,l2_path_trainreplay,standard,3308987476,0.0,0.0,0.0,0.0,0.0,0.0
HalfCheetah-v5,583213049,l2_path_trainreplay,standard,4010771860,0.0,0.0,0.0,0.0,0.0,0.0
HalfCheetah-v5,583213049,l2_path_trainreplay,standard,4218259887,0.0,0.0,0.0,0.0,0.0,0.0
HalfCheetah-v5,583213049,l2_path_freeze_trainreplay,high_frequency,98480853,0.0,0.0,0.0,0.0,0.0,0.0
HalfCheetah-v5,583213049,l2_path_freeze_trainreplay,high_frequency,324724199,0.0,0.0,0.0,0.0,0.0,0.0
HalfCheetah-v5,583213049,l2_path_freeze_trainreplay,high_frequency,1045477827,0.0,0.0,0.0,0.0,0.0,0.0
HalfCheetah-v5,583213049,l2_path_freeze_trainreplay,high_frequency,1767642859,0.0,0.0,0.0,0.0,0.0,0.0
HalfCheetah-v5,583213049,l2_path_freeze_trainreplay,high_frequency,2994879384,0.0,0.0,0.0,0.0,0.0,0.0
HalfCheetah-v5,583213049,l2_path_freeze_trainreplay,high_frequency,3308987476,0.0,0.0,0.0,0.0,0.0,0.0
HalfCheetah-v5,583213049,l2_path_freeze_trainreplay,high_frequency,4010771860,0.0,0.0,0.0,0.0,0.0,0.0
HalfCheetah-v5,583213049,l2_path_freeze_trainreplay,high_frequency,4218259887,0.0,0.0,0.0,0.0,0.0,0.0
HalfCheetah-v5,583213049,l2_path_freeze_trainreplay,low_frequency,98480853,0.0,0.0,0.0,0.0,0.0,0.0
HalfCheetah-v5,583213049,l2_path_freeze_trainreplay,low_frequency,324724199,0.0,0.0,0.0,0.0,0.0,0.0
HalfCheetah-v5,583213049,l2_path_freeze_trainreplay,low_frequency,1045477827,0.0,0.0,0.0,0.0,0.0,0.0
HalfCheetah-v5,583213049,l2_path_freeze_trainreplay,low_frequency,1767642859,0.0,0.0,0.0,0.0,0.0,0.0
HalfCheetah-v5,583213049,l2_path_freeze_trainreplay,low_frequency,2994879384,0.0,0.0,0.0,0.0,0.0,0.0
HalfCheetah-v5,583213049,l2_path_freeze_trainreplay,low_frequency,3308987476,0.0,0.0,0.0,0.0,0.0,0.0
HalfCheetah-v5,583213049,l2_path_freeze_trainreplay,low_frequency,4010771860,0.0,0.0,0.0,0.0,0.0,0.0
HalfCheetah-v5,583213049,l2_path_freeze_trainreplay,low_frequency,4218259887,0.0,0.0,0.0,0.0,0.0,0.0
HalfCheetah-v5,583213049,l2_path_freeze_trainreplay,mixed,98480853,0.0,0.0,0.0,0.0,0.0,0.0
HalfCheetah-v5,583213049,l2_path_freeze_trainreplay,mixed,324724199,0.0,0.0,0.0,0.0,0.0,0.0
HalfCheetah-v5,583213049,l2_path_freeze_trainreplay,mixed,1045477827,0.0,0.0,0.0,0.0,0.0,0.0
HalfCheetah-v5,583213049,l2_path_freeze_trainreplay,mixed,1767642859,0.0,0.0,0.0,0.0,0.0,0.0
HalfCheetah-v5,583213049,l2_path_freeze_trainreplay,mixed,2994879384,0.0,0.0,0.0,0.0,0.0,0.0
HalfCheetah-v5,583213049,l2_path_freeze_trainreplay,mixed,3308987476,0.0,0.0,0.0,0.0,0.0,0.0
HalfCheetah-v5,583213049,l2_path_freeze_trainreplay,mixed,4010771860,0.0,0.0,0.0,0.0,0.0,0.0
HalfCheetah-v5,583213049,l2_path_freeze_trainreplay,mixed,4218259887,0.0,0.0,0.0,0.0,0.0,0.0
HalfCheetah-v5,583213049,l2_path_freeze_trainreplay,ood_chirp,98480853,0.0,0.0,0.0,0.0,0.0,0.0
HalfCheetah-v5,583213049,l2_path_freeze_trainreplay,ood_chirp,324724199,0.0,0.0,0.0,0.0,0.0,0.0
HalfCheetah-v5,583213049,l2_path_freeze_trainreplay,ood_chirp,1045477827,0.0,0.0,0.0,0.0,0.0,0.0
HalfCheetah-v5,583213049,l2_path_freeze_trainreplay,ood_chirp,1767642859,0.0,0.0,0.0,0.0,0.0,0.0
HalfCheetah-v5,583213049,l2_path_freeze_trainreplay,ood_chirp,2994879384,0.0,0.0,0.0,0.0,0.0,0.0
HalfCheetah-v5,583213049,l2_path_freeze_trainreplay,ood_chirp,3308987476,0.0,0.0,0.0,0.0,0.0,0.0
HalfCheetah-v5,583213049,l2_path_freeze_trainreplay,ood_chirp,4010771860,0.0,0.0,0.0,0.0,0.0,0.0
HalfCheetah-v5,583213049,l2_path_freeze_trainreplay,ood_chirp,4218259887,0.0,0.0,0.0,0.0,0.0,0.0
HalfCheetah-v5,583213049,l2_path_freeze_trainreplay,standard,98480853,0.0,0.0,0.0,0.0,0.0,0.0
HalfCheetah-v5,583213049,l2_path_freeze_trainreplay,standard,324724199,0.0,0.0,0.0,0.0,0.0,0.0
HalfCheetah-v5,583213049,l2_path_freeze_trainreplay,standard,1045477827,0.0,0.0,0.0,0.0,0.0,0.0
HalfCheetah-v5,583213049,l2_path_freeze_trainreplay,standard,1767642859,0.0,0.0,0.0,0.0,0.0,0.0
HalfCheetah-v5,583213049,l2_path_freeze_trainreplay,standard,2994879384,0.0,0.0,0.0,0.0,0.0,0.0
HalfCheetah-v5,583213049,l2_path_freeze_trainreplay,standard,3308987476,0.0,0.0,0.0,0.0,0.0,0.0
HalfCheetah-v5,583213049,l2_path_freeze_trainreplay,standard,4010771860,0.0,0.0,0.0,0.0,0.0,0.0
HalfCheetah-v5,583213049,l2_path_freeze_trainreplay,standard,4218259887,0.0,0.0,0.0,0.0,0.0,0.0
HalfCheetah-v5,583213049,l2_path_freeze_crossreplay,high_frequency,98480853,0.0,0.0,0.0,0.0,0.0,0.0
HalfCheetah-v5,583213049,l2_path_freeze_crossreplay,high_frequency,324724199,0.0,0.0,0.0,0.0,0.0,0.0
HalfCheetah-v5,583213049,l2_path_freeze_crossreplay,high_frequency,1045477827,0.0,0.0,0.0,0.0,0.0,0.0
HalfCheetah-v5,583213049,l2_path_freeze_crossreplay,high_frequency,1767642859,0.0,0.0,0.0,0.0,0.0,0.0
HalfCheetah-v5,583213049,l2_path_freeze_crossreplay,high_frequency,2994879384,0.0,0.0,0.0,0.0,0.0,0.0
HalfCheetah-v5,583213049,l2_path_freeze_crossreplay,high_frequency,3308987476,0.0,0.0,0.0,0.0,0.0,0.0
HalfCheetah-v5,583213049,l2_path_freeze_crossreplay,high_frequency,4010771860,0.0,0.0,0.0,0.0,0.0,0.0
HalfCheetah-v5,583213049,l2_path_freeze_crossreplay,high_frequency,4218259887,0.0,0.0,0.0,0.0,0.0,0.0
HalfCheetah-v5,583213049,l2_path_freeze_crossreplay,low_frequency,98480853,0.0,0.0,0.0,0.0,0.0,0.0
HalfCheetah-v5,583213049,l2_path_freeze_crossreplay,low_frequency,324724199,0.0,0.0,0.0,0.0,0.0,0.0
HalfCheetah-v5,583213049,l2_path_freeze_crossreplay,low_frequency,1045477827,0.0,0.0,0.0,0.0,0.0,0.0
HalfCheetah-v5,583213049,l2_path_freeze_crossreplay,low_frequency,1767642859,0.0,0.0,0.0,0.0,0.0,0.0
HalfCheetah-v5,583213049,l2_path_freeze_crossreplay,low_frequency,2994879384,0.0,0.0,0.0,0.0,0.0,0.0
HalfCheetah-v5,583213049,l2_path_freeze_crossreplay,low_frequency,3308987476,0.0,0.0,0.0,0.0,0.0,0.0
HalfCheetah-v5,583213049,l2_path_freeze_crossreplay,low_frequency,4010771860,0.0,0.0,0.0,0.0,0.0,0.0
HalfCheetah-v5,583213049,l2_path_freeze_crossreplay,low_frequency,4218259887,0.0,0.0,0.0,0.0,0.0,0.0
HalfCheetah-v5,583213049,l2_path_freeze_crossreplay,mixed,98480853,0.0,0.0,0.0,0.0,0.0,0.0
HalfCheetah-v5,583213049,l2_path_freeze_crossreplay,mixed,324724199,0.0,0.0,0.0,0.0,0.0,0.0
HalfCheetah-v5,583213049,l2_path_freeze_crossreplay,mixed,1045477827,0.0,0.0,0.0,0.0,0.0,0.0
HalfCheetah-v5,583213049,l2_path_freeze_crossreplay,mixed,1767642859,0.0,0.0,0.0,0.0,0.0,0.0
HalfCheetah-v5,583213049,l2_path_freeze_crossreplay,mixed,2994879384,0.0,0.0,0.0,0.0,0.0,0.0
HalfCheetah-v5,583213049,l2_path_freeze_crossreplay,mixed,3308987476,0.0,0.0,0.0,0.0,0.0,0.0
HalfCheetah-v5,583213049,l2_path_freeze_crossreplay,mixed,4010771860,0.0,0.0,0.0,0.0,0.0,0.0
HalfCheetah-v5,583213049,l2_path_freeze_crossreplay,mixed,4218259887,0.0,0.0,0.0,0.0,0.0,0.0
HalfCheetah-v5,583213049,l2_path_freeze_crossreplay,ood_chirp,98480853,0.0,0.0,0.0,0.0,0.0,0.0
HalfCheetah-v5,583213049,l2_path_freeze_crossreplay,ood_chirp,324724199,0.0,0.0,0.0,0.0,0.0,0.0
HalfCheetah-v5,583213049,l2_path_freeze_crossreplay,ood_chirp,1045477827,0.0,0.0,0.0,0.0,0.0,0.0
HalfCheetah-v5,583213049,l2_path_freeze_crossreplay,ood_chirp,1767642859,0.0,0.0,0.0,0.0,0.0,0.0
HalfCheetah-v5,583213049,l2_path_freeze_crossreplay,ood_chirp,2994879384,0.0,0.0,0.0,0.0,0.0,0.0
HalfCheetah-v5,583213049,l2_path_freeze_crossreplay,ood_chirp,3308987476,0.0,0.0,0.0,0.0,0.0,0.0
HalfCheetah-v5,583213049,l2_path_freeze_crossreplay,ood_chirp,4010771860,0.0,0.0,0.0,0.0,0.0,0.0
HalfCheetah-v5,583213049,l2_path_freeze_crossreplay,ood_chirp,4218259887,0.0,0.0,0.0,0.0,0.0,0.0
HalfCheetah-v5,583213049,l2_path_freeze_crossreplay,standard,98480853,0.0,0.0,0.0,0.0,0.0,0.0
HalfCheetah-v5,583213049,l2_path_freeze_crossreplay,standard,324724199,0.0,0.0,0.0,0.0,0.0,0.0
HalfCheetah-v5,583213049,l2_path_freeze_crossreplay,standard,1045477827,0.0,0.0,0.0,0.0,0.0,0.0
HalfCheetah-v5,583213049,l2_path_freeze_crossreplay,standard,1767642859,0.0,0.0,0.0,0.0,0.0,0.0
HalfCheetah-v5,583213049,l2_path_freeze_crossreplay,standard,2994879384,0.0,0.0,0.0,0.0,0.0,0.0
HalfCheetah-v5,583213049,l2_path_freeze_crossreplay,standard,3308987476,0.0,0.0,0.0,0.0,0.0,0.0
HalfCheetah-v5,583213049,l2_path_freeze_crossreplay,standard,4010771860,0.0,0.0,0.0,0.0,0.0,0.0
HalfCheetah-v5,583213049,l2_path_freeze_crossreplay,standard,4218259887,0.0,0.0,0.0,0.0,0.0,0.0
Hopper-v5,3493980176,worst_mode_trainreplay,high_frequency,98480853,-0.021098549579514684,0.5848428504667252,0.5848428504667252,0.46024124557009416,0.1158231437348716,0.08061908195334751
Hopper-v5,3493980176,worst_mode_trainreplay,high_frequency,324724199,0.0063856597926080895,0.5755476374716396,0.5755476374716396,0.45086295884888544,0.14790348930745917,0.11506074407836342
Hopper-v5,3493980176,worst_mode_trainreplay,high_frequency,1045477827,-0.005789071833462737,0.5663215902462394,0.5663215902462394,0.43590084837133186,0.17677337539219942,0.1516245178893776
Hopper-v5,3493980176,worst_mode_trainreplay,high_frequency,1767642859,-0.014323414779022223,0.5863780105525325,0.5863780105525325,0.4526434697072532,0.14927041354662846,0.12337681272310007
Hopper-v5,3493980176,worst_mode_trainreplay,high_frequency,2994879384,-0.010808743132035954,0.5787086508250663,0.5787086508250663,0.4465307973567516,0.17260289878797114,0.14648079038743628
Hopper-v5,3493980176,worst_mode_trainreplay,high_frequency,3308987476,-0.005920795520063238,0.5376143266988969,0.5376143266988969,0.42250484387895837,0.10440083486991034,0.07477628796387008
Hopper-v5,3493980176,worst_mode_trainreplay,high_frequency,4010771860,-0.009265123968910464,0.5544856530662255,0.5544856530662255,0.4441052908759932,0.1551447417345176,0.13315595038686123
Hopper-v5,3493980176,worst_mode_trainreplay,high_frequency,4218259887,-0.008318874891249167,0.5649117602456066,0.5649117602456066,0.45508212108755103,0.15523410903097182,0.13140799102604137
Hopper-v5,3493980176,worst_mode_trainreplay,low_frequency,98480853,-0.01792625272371487,0.5873625391382455,0.5873625391382455,0.44882269912324113,0.09758837023316455,0.06691554879233431
Hopper-v5,3493980176,worst_mode_trainreplay,low_frequency,324724199,-0.007321142330683408,0.5225044904798282,0.5225044904798282,0.4145082439548997,0.08524592949589052,0.05389945430417598
Hopper-v5,3493980176,worst_mode_trainreplay,low_frequency,1045477827,-0.00805903920955118,0.5819797835767291,0.5819797835767291,0.4509843098052086,0.24830731402432168,0.24068601907546502
Hopper-v5,3493980176,worst_mode_trainreplay,low_frequency,1767642859,-0.01225676919615648,0.6421390510909557,0.6421390510909557,0.464886436949859,0.14160387915475428,0.11520243437246581
Hopper-v5,3493980176,worst_mode_trainreplay,low_frequency,2994879384,-0.006847086219781416,0.4973250080462882,0.4973250080462882,0.3984969106255373,0.23557158190464692,0.2204189816345085
Hopper-v5,3493980176,worst_mode_trainreplay,low_frequency,3308987476,0.1784082662944119,0.47707855861576604,0.47707855861576604,0.365884068280086,0.2636808776087557,0.26689530006731976
Hopper-v5,3493980176,worst_mode_trainreplay,low_frequency,4010771860,0.0008815984527421818,0.5224021148395673,0.5224021148395673,0.42312108570985724,0.14956205563407754,0.13178160689773244
Hopper-v5,3493980176,worst_mode_trainreplay,low_frequency,4218259887,0.25756657995193216,0.5252931018376961,0.5252931018376961,0.39843471818096804,0.39802603682440074,0.38543143757722903
Hopper-v5,3493980176,worst_mode_trainreplay,mixed,98480853,-0.00013449626112609303,0.5801118696905943,0.5801118696905943,0.44640541117695726,0.07968406506168474,0.04546213626694336
Hopper-v5,3493980176,worst_mode_trainreplay,mixed,324724199,-0.028587515221963872,0.5327789536933459,0.5327789536933459,0.4235525522311043,0.03211910582270503,-0.013060491819603191
Hopper-v5,3493980176,worst_mode_trainreplay,mixed,1045477827,-0.006272870694322375,0.5759707639382892,0.5759707639382892,0.4521396375644505,0.26308996398269857,0.25635675508944195
Hopper-v5,3493980176,worst_mode_trainreplay,mixed,1767642859,-0.0063368423894719726,0.6474129104735776,0.6474129104735776,0.4665099811114902,0.1687910245425689,0.1463696589070615
Hopper-v5,3493980176,worst_mode_trainreplay,mixed,2994879384,-0.003393720796243364,0.5074757305526489,0.5074757305526489,0.40210262365456195,0.23240900879384047,0.2160823885855795
Hopper-v5,3493980176,worst_mode_trainreplay,mixed,3308987476,0.274021113395579,0.4766539885909912,0.4766539885909912,0.35428271603431183,0.3237323144629828,0.33553302190170997
Hopper-v5,3493980176,worst_mode_trainreplay,mixed,4010771860,-0.00359716657050294,0.5163579775959294,0.5163579775959294,0.41902388933262524,0.1762389067015734,0.16153783492672816
Hopper-v5,3493980176,worst_mode_trainreplay,mixed,4218259887,0.23926999176377625,0.5040682302699062,0.5040682302699062,0.38662464719988576,0.3644297651678888,0.34853926893370707
Hopper-v5,3493980176,worst_mode_trainreplay,ood_chirp,98480853,-0.002641133840061609,0.6537545184742215,0.6537545184742215,0.4828966998407844,0.08582458361020244,0.04066377235203023
Hopper-v5,3493980176,worst_mode_trainreplay,ood_chirp,324724199,0.2121834222790878,0.5143346595772316,0.5143346595772316,0.3809512182383119,0.20928371226295464,0.1846199532857528
Hopper-v5,3493980176,worst_mode_trainreplay,ood_chirp,1045477827,-0.019998245710078875,0.6260031123258663,0.6260031123258663,0.45465696192801913,0.1702243523236793,0.13552089161867115
Hopper-v5,3493980176,worst_mode_trainreplay,ood_chirp,1767642859,-0.004197571010785101,0.599355369275109,0.599355369275109,0.4562058029097135,0.1475843117360006,0.11848768853618413
Hopper-v5,3493980176,worst_mode_trainreplay,ood_chirp,2994879384,-0.0006631690071880306,0.5611714193273116,0.5611714193273116,0.4133813902520447,0.23000870567489134,0.20977117387724786
Hopper-v5,3493980176,worst_mode_trainreplay,ood_chirp,3308987476,0.0674556353355727,0.45714451225631525,0.45714451225631525,0.38138874660492617,0.24554618297551062,0.260634333148038
Hopper-v5,3493980176,worst_mode_trainreplay,ood_chirp,4010771860,-0.003284912962130224,0.5937097029635449,0.5937097029635449,0.4483724372487108,0.11170311208904035,0.08207070790046908
Hopper-v5,3493980176,worst_mode_trainreplay,ood_chirp,4218259887,0.03276736411920247,0.47581541024058,0.47581541024058,0.40834554829291064,0.25005294005230955,0.23372608948927814
Hopper-v5,3493980176,worst_mode_trainreplay,standard,98480853,-0.012717824849504407,0.5790021903449988,0.5790021903449988,0.4573654213837171,0.1236037927136869,0.08832719072709028
Hopper-v5,3493980176,worst_mode_trainreplay,standard,324724199,-0.010096247612099235,0.5661984032356292,0.5661984032356292,0.44039071978825683,0.13845903599367324,0.10657651604846419
Hopper-v5,3493980176,worst_mode_trainreplay,standard,1045477827,-0.017920738409548487,0.5790803653864078,0.5790803653864078,0.4468379851782695,0.12527442299446612,0.09095390914573091
Hopper-v5,3493980176,worst_mode_trainreplay,standard,1767642859,-0.008344618141670907,0.5621040299281901,0.5621040299281901,0.43975540162929855,0.16128780487236796,0.13920429160018583
Hopper-v5,3493980176,worst_mode_trainreplay,standard,2994879384,-0.002320167080834058,0.5737686582239679,0.5737686582239679,0.4424899763248271,0.13072993611999778,0.09738029970509256
Hopper-v5,3493980176,worst_mode_trainreplay,standard,3308987476,-0.007535415725952604,0.5422543339113014,0.5422543339113014,0.4228060033740332,0.10847566684077792,0.0797858602971219
Hopper-v5,3493980176,worst_mode_trainreplay,standard,4010771860,0.002081670381360999,0.5659787289918105,0.5659787289918105,0.4502412109852602,0.18309654693256347,0.16334056369459346
Hopper-v5,3493980176,worst_mode_trainreplay,standard,4218259887,-0.009543214424425036,0.5679846463770233,0.5679846463770233,0.4549379067141875,0.13211930814916148,0.10419346763124225
Hopper-v5,3493980176,l2_mode_trainreplay,high_frequency,98480853,-0.015830708413581043,0.5937485377473529,0.5937485377473529,0.49820441425182305,0.05488701018891191,0.04552543556352189
Hopper-v5,3493980176,l2_mode_trainreplay,high_frequency,324724199,0.011372717587525354,0.583112930432407,0.583112930432407,0.491046832967185,0.08874469579894567,0.08702281439980648
Hopper-v5,3493980176,l2_mode_trainreplay,high_frequency,1045477827,-0.0018073456432939612,0.5809458456912101,0.5809458456912101,0.4857517845393768,0.09553487082115193,0.09263954700964146
Hopper-v5,3493980176,l2_mode_trainreplay,high_frequency,1767642859,-0.006956181447935865,0.5782093962488273,0.5782093962488273,0.48462797693375353,0.09528175764267807,0.09868122836683736
Hopper-v5,3493980176,l2_mode_trainreplay,high_frequency,2994879384,0.00229889376268716,0.5866352012220144,0.5866352012220144,0.48878471179127564,0.07626576663533907,0.06798349197630829
Hopper-v5,3493980176,l2_mode_trainreplay,high_frequency,3308987476,-0.001625723191522681,0.5217282867744051,0.5217282867744051,0.45355212753982405,0.041588017816929404,0.04381222740208798
Hopper-v5,3493980176,l2_mode_trainreplay,high_frequency,4010771860,0.012507463063406657,0.5538518308859273,0.5538518308859273,0.4770760758481976,0.09859522234575119,0.10815221367959893
Hopper-v5,3493980176,l2_mode_trainreplay,high_frequency,4218259887,-0.004441705417607812,0.5571968322019845,0.5571968322019845,0.4848460049387625,0.09609928149974425,0.10155336409245434
Hopper-v5,3493980176,l2_mode_trainreplay,low_frequency,98480853,-0.0018772203695864448,0.6023025487827939,0.6023025487827939,0.49008090711403424,0.08589003024206952,0.09358434787315287
Hopper-v5,3493980176,l2_mode_trainreplay,low_frequency,324724199,0.01183743565100642,0.5177894648972842,0.5177894648972842,0.46733556844414353,0.0600592611881373,0.07344755847814742
Hopper-v5,3493980176,l2_mode_trainreplay,low_frequency,1045477827,-0.0010616709347605366,0.6219593499204099,0.6219593499204099,0.5147420586312574,0.3049979435165252,0.36960297585253954
Hopper-v5,3493980176,l2_mode_trainreplay,low_frequency,1767642859,-0.005448888331291726,0.5921610531267341,0.5921610531267341,0.4859428873857031,0.07411922147458622,0.07814492423017033
Hopper-v5,3493980176,l2_mode_trainreplay,low_frequency,2994879384,0.002725073100159115,0.5331534689505321,0.5331534689505321,0.4410871004340974,0.15430953385597848,0.15528757233290752
Hopper-v5,3493980176,l2_mode_trainreplay,low_frequency,3308987476,0.20297061484877352,0.477012286421022,0.477012286421022,0.41591781809276057,0.27737084515260657,0.3452202463239694
Hopper-v5,3493980176,l2_mode_trainreplay,low_frequency,4010771860,0.009235411248894772,0.5233403027461154,0.5233403027461154,0.43671874652407494,0.09460470590519321,0.10618927789234402
Hopper-v5,3493980176,l2_mode_trainreplay,low_frequency,4218259887,0.2673064298531512,0.5452329447624372,0.5452329447624372,0.4536458907013036,0.296573675525619,0.3062436229343696
Hopper-v5,3493980176,l2_mode_trainreplay,mixed,98480853,0.010062368312473115,0.6027556520452465,0.6027556520452465,0.48816949228515105,0.06992036731554577,0.07292193655400388
Hopper-v5,3493980176,l2_mode_trainreplay,mixed,324724199,-0.009685484784381778,0.519378245573036,0.519378245573036,0.46879346526157506,0.003108422871596571,0.008150594091115184
Hopper-v5,3493980176,l2_mode_trainreplay,mixed,1045477827,-0.0006127581390480249,0.6255890617124057,0.6255890617124057,0.5177742609230582,0.38194830035367366,0.4619277177767762
Hopper-v5,3493980176,l2_mode_trainreplay,mixed,1767642859,0.005410142529123928,0.6009300251619416,0.6009300251619416,0.4910442697245359,0.09597819603350623,0.10319087325164292
Hopper-v5,3493980176,l2_mode_trainreplay,mixed,2994879384,0.0041902012615275324,0.5434787287503166,0.5434787287503166,0.44416654999337596,0.15234210291889544,0.15059210818237834
Hopper-v5,3493980176,l2_mode_trainreplay,mixed,3308987476,0.2799442828464033,0.4625162168631818,0.4625162168631818,0.393273563957629,0.308465854104933,0.377306044021163
Hopper-v5,3493980176,l2_mode_trainreplay,mixed,4010771860,0.0014604694026832228,0.5172022348411994,0.5172022348411994,0.4317914816644987,0.12195953687068976,0.13860767864110998
Hopper-v5,3493980176,l2_mode_trainreplay,mixed,4218259887,0.26038510343635507,0.5346681422852267,0.5346681422852267,0.4488501239641555,0.28981591178063015,0.2974791479787586
Hopper-v5,3493980176,l2_mode_trainreplay,ood_chirp,98480853,0.0020876208438504024,0.637667534492502,0.637667534492502,0.513881672026428,0.06226227510822791,0.056656645942137276
Hopper-v5,3493980176,l2_mode_trainreplay,ood_chirp,324724199,0.21385229997383542,0.5248655634791142,0.5248655634791142,0.43295186915132916,0.2045081871613698,0.2286594575762786
Hopper-v5,3493980176,l2_mode_trainreplay,ood_chirp,1045477827,0.00041617946822856386,0.6434724022497877,0.6434724022497877,0.5170649443922487,0.30811778644254767,0.3655533015675833
Hopper-v5,3493980176,l2_mode_trainreplay,ood_chirp,1767642859,0.007124703070633901,0.5651202134686348,0.5651202134686348,0.4864091532276193,0.07129159991188024,0.07162692356199359
Hopper-v5,3493980176,l2_mode_trainreplay,ood_chirp,2994879384,0.01942107233435193,0.5781205925273661,0.5781205925273661,0.4528907013047905,0.15551841901704322,0.15571840206242904
Hopper-v5,3493980176,l2_mode_trainreplay,ood_chirp,3308987476,0.07242667013931778,0.4623163647068691,0.4623163647068691,0.4276903692303117,0.24113767040019915,0.315675516831622
Hopper-v5,3493980176,l2_mode_trainreplay,ood_chirp,4010771860,0.002850122224768824,0.5665838400117238,0.5665838400117238,0.45757411513101565,0.06095014039757272,0.06576756031164144
Hopper-v5,3493980176,l2_mode_trainreplay,ood_chirp,4218259887,0.042158253491097135,0.5016152504155428,0.5016152504155428,0.4587058468494846,0.1584861178636369,0.16376847170591255
Hopper-v5,3493980176,l2_mode_trainreplay,standard,98480853,-0.006310320129487293,0.5855961500916953,0.5855961500916953,0.4940532865168682,0.0622497347812386,0.05349197964432802
Hopper-v5,3493980176,l2_mode_trainreplay,standard,324724199,0.010132256329552763,0.5831995275205609,0.5831995275205609,0.4901205141896899,0.0903041584240465,0.08770041442865673
Hopper-v5,3493980176,l2_mode_trainreplay,standard,1045477827,-0.015268488083705102,0.5899603420476388,0.5899603420476388,0.49235004171505864,0.06955178560967701,0.06052852602007033
Hopper-v5,3493980176,l2_mode_trainreplay,standard,1767642859,-0.012389520553027255,0.5661783639860354,0.5661783639860354,0.4822884708548278,0.056231284209606686,0.05349819757344227
Hopper-v5,3493980176,l2_mode_trainreplay,standard,2994879384,0.004704988933797542,0.589261627885846,0.589261627885846,0.4907930070262271,0.07539443319788507,0.06657078270502768
Hopper-v5,3493980176,l2_mode_trainreplay,standard,3308987476,-0.0026930468206671993,0.5287033413100911,0.5287033413100911,0.4536951043553586,0.0482167215623652,0.051967860869751546
Hopper-v5,3493980176,l2_mode_trainreplay,standard,4010771860,-0.004186391095802015,0.5454152857252563,0.5454152857252563,0.46851037094806264,0.10639026212386192,0.1168128409982971
Hopper-v5,3493980176,l2_mode_trainreplay,standard,4218259887,-0.002360256355739197,0.5678748886528086,0.5678748886528086,0.490153465385971,0.07131511502383243,0.07246216468971821
Hopper-v5,3493980176,l2_path_trainreplay,high_frequency,98480853,-0.017929287219042585,0.36560699667631363,0.36560699667631363,0.30262043325370186,0.07010796719058902,0.060927245480060316
Hopper-v5,3493980176,l2_path_trainreplay,high_frequency,324724199,0.013092868664995157,0.3636492720098297,0.3636492720098297,0.3001721738731038,0.11648559094322257,0.1158952027698167
Hopper-v5,3493980176,l2_path_trainreplay,high_frequency,1045477827,-0.008705629362337602,0.360721634019863,0.360721634019863,0.29877916291105056,0.11579392691216908,0.11374668945934283
Hopper-v5,3493980176,l2_path_trainreplay,high_frequency,1767642859,-0.008549727820592178,0.36386591145669317,0.36386591145669317,0.3061208305216969,0.11605056604599633,0.1172887330151936
Hopper-v5,3493980176,l2_path_trainreplay,high_frequency,2994879384,-0.00878410390091416,0.3676645823725884,0.3676645823725884,0.30422275712346447,0.11686674569531716,0.1119148355661311
Hopper-v5,3493980176,l2_path_trainreplay,high_frequency,3308987476,-0.010802266330229725,0.33591316570024093,0.33591316570024093,0.2891865359725648,0.10030956598410058,0.10442652680885896
Hopper-v5,3493980176,l2_path_trainreplay,high_frequency,4010771860,0.005600803606303953,0.36076023831618403,0.36076023831618403,0.3079811004674981,0.12624862059469638,0.13156101920513544
Hopper-v5,3493980176,l2_path_trainreplay,high_frequency,4218259887,-0.008864253661265706,0.3542232861590195,0.3542232861590195,0.3021005739461847,0.10413343074889256,0.10523677408784732
Hopper-v5,3493980176,l2_path_trainreplay,low_frequency,98480853,-0.011588340919855986,0.35087414975258474,0.35087414975258474,0.291940115555232,0.19453932504515664,0.21480816161807148
Hopper-v5,3493980176,l2_path_trainreplay,low_frequency,324724199,0.0008758625467608096,0.3150119922856259,0.3150119922856259,0.2722746648772915,0.15915867766086378,0.1857107589942264
Hopper-v5,3493980176,l2_path_trainreplay,low_frequency,1045477827,-0.002705839572295197,0.35835534304239075,0.35835534304239075,0.30524247672643134,0.2673034948397278,0.312087496543224
Hopper-v5,3493980176,l2_path_trainreplay,low_frequency,1767642859,0.00043692190677418287,0.36046862745373415,0.36046862745373415,0.2988412099897113,0.09006969959299337,0.08897362942482819
Hopper-v5,3493980176,l2_path_trainreplay,low_frequency,2994879384,-0.005062785262992786,0.32274714291429074,0.32274714291429074,0.26866434977081377,0.15104041605619603,0.14818704951301423
Hopper-v5,3493980176,l2_path_trainreplay,low_frequency,3308987476,0.18371777661913927,0.31849801653796517,0.31849801653796517,0.254738691830358,0.31503909271048786,0.35504491990860093
Hopper-v5,3493980176,l2_path_trainreplay,low_frequency,4010771860,0.0013179621387326976,0.33343611784155847,0.33343611784155847,0.283111596592041,0.1307283169711481,0.14016858400973345
Hopper-v5,3493980176,l2_path_trainreplay,low_frequency,4218259887,0.24758619800748086,0.36344847724045076,0.36344847724045076,0.26786499459496543,0.28118519240886597,0.28116350292017683
Hopper-v5,3493980176,l2_path_trainreplay,mixed,98480853,0.009702788139773438,0.3521018493891366,0.3521018493891366,0.2913074562368389,0.11814047337994325,0.12422044697393993
Hopper-v5,3493980176,l2_path_trainreplay,mixed,324724199,-0.015438777280436737,0.31523673701709665,0.31523673701709665,0.2740698311573725,0.1008419420674404,0.11246017385095813
Hopper-v5,3493980176,l2_path_trainreplay,mixed,1045477827,-0.0022866062010200206,0.36759409135843646,0.36759409135843646,0.3119975642123833,0.3517203821670775,0.4104468671582794
Hopper-v5,3493980176,l2_path_trainreplay,mixed,1767642859,-0.003987481214990455,0.360834939907896,0.360834939907896,0.2985482001323239,0.10508097328791112,0.10615217693592312
Hopper-v5,3493980176,l2_path_trainreplay,mixed,2994879384,-0.005115619945859914,0.3250892052290422,0.3250892052290422,0.26688564838659573,0.14801533873787112,0.1441385743579698
Hopper-v5,3493980176,l2_path_trainreplay,mixed,3308987476,0.2798234430987732,0.32872420996422885,0.32872420996422885,0.2474613963506751,0.34709352957321293,0.3842047403487289
Hopper-v5,3493980176,l2_path_trainreplay,mixed,4010771860,0.009668634287889019,0.3256033408604672,0.3256033408604672,0.27858972065257076,0.13274290961051458,0.14317020299280564
Hopper-v5,3493980176,l2_path_trainreplay,mixed,4218259887,0.2478310911024048,0.35559428782856023,0.35559428782856023,0.26401537811164133,0.2728852336921745,0.27237811868070383
Hopper-v5,3493980176,l2_path_trainreplay,ood_chirp,98480853,-0.007446908899007769,0.36861563867093533,0.36861563867093533,0.30157428522177565,0.1333843861628225,0.1385385369355593
Hopper-v5,3493980176,l2_path_trainreplay,ood_chirp,324724199,0.22982923181872053,0.3511109928107606,0.3511109928107606,0.2550658419553858,0.26330708482868365,0.27193462629294135
Hopper-v5,3493980176,l2_path_trainreplay,ood_chirp,1045477827,-0.002193576536785822,0.36200179779578584,0.36200179779578584,0.30322972945673593,0.2781500188513566,0.3178066729674483
Hopper-v5,3493980176,l2_path_trainreplay,ood_chirp,1767642859,0.007701533763215776,0.35994394954861225,0.35994394954861225,0.3015758035124911,0.11350493296166549,0.11272574976253269
Hopper-v5,3493980176,l2_path_trainreplay,ood_chirp,2994879384,0.011250404058777879,0.3453010706128688,0.3453010706128688,0.272981849529067,0.155554326304366,0.1510805552990089
Hopper-v5,3493980176,l2_path_trainreplay,ood_chirp,3308987476,0.07911681774834717,0.3053801496749473,0.3053801496749473,0.2695237173525916,0.3218603111102867,0.3836285124567411
Hopper-v5,3493980176,l2_path_trainreplay,ood_chirp,4010771860,0.008247589543853929,0.35126353989607806,0.35126353989607806,0.2900742176637417,0.12008009584301493,0.12625794557415734
Hopper-v5,3493980176,l2_path_trainreplay,ood_chirp,4218259887,0.047793389246238153,0.3264610536680873,0.3264610536680873,0.279947262445433,0.15755919255686057,0.1558467244045943
Hopper-v5,3493980176,l2_path_trainreplay,standard,98480853,-0.011400729395074269,0.3650135329541279,0.3650135329541279,0.30423452272976526,0.06058420871178421,0.047692808616785785
Hopper-v5,3493980176,l2_path_trainreplay,standard,324724199,0.0065784948837149405,0.3677556069937515,0.3677556069937515,0.30310321490565023,0.09153833014621583,0.08445155748220654
Hopper-v5,3493980176,l2_path_trainreplay,standard,1045477827,-0.004823973203651502,0.3655902053099211,0.3655902053099211,0.30244667173470885,0.07407081830303408,0.06392407620459391
Hopper-v5,3493980176,l2_path_trainreplay,standard,1767642859,-0.006072204076121079,0.3519074787447957,0.3519074787447957,0.2981521422827525,0.10549762808822064,0.1065966185095017
Hopper-v5,3493980176,l2_path_trainreplay,standard,2994879384,0.006406017473189794,0.3704064064232743,0.3704064064232743,0.30372841587395427,0.12314333909158308,0.12057573241796263
Hopper-v5,3493980176,l2_path_trainreplay,standard,3308987476,-0.010983246159798163,0.3384407737920492,0.3384407737920492,0.29012447526044366,0.10214495294782622,0.10795700662640394
Hopper-v5,3493980176,l2_path_trainreplay,standard,4010771860,0.005333196106498842,0.3583004961845181,0.3583004961845181,0.30406236799382513,0.12149999187861676,0.12549113412860782
Hopper-v5,3493980176,l2_path_trainreplay,standard,4218259887,-0.005728566649302041,0.35315457065888334,0.35315457065888334,0.30047410536609914,0.10617774981209671,0.1078934056783661
Hopper-v5,3493980176,l2_path_freeze_trainreplay,high_frequency,98480853,0.0,0.0,0.0,0.0,0.0,0.0
Hopper-v5,3493980176,l2_path_freeze_trainreplay,high_frequency,324724199,0.0,0.0,0.0,0.0,0.0,0.0
Hopper-v5,3493980176,l2_path_freeze_trainreplay,high_frequency,1045477827,0.0,0.0,0.0,0.0,0.0,0.0
Hopper-v5,3493980176,l2_path_freeze_trainreplay,high_frequency,1767642859,0.0,0.0,0.0,0.0,0.0,0.0
Hopper-v5,3493980176,l2_path_freeze_trainreplay,high_frequency,2994879384,0.0,0.0,0.0,0.0,0.0,0.0
Hopper-v5,3493980176,l2_path_freeze_trainreplay,high_frequency,3308987476,0.0,0.0,0.0,0.0,0.0,0.0
Hopper-v5,3493980176,l2_path_freeze_trainreplay,high_frequency,4010771860,0.0,0.0,0.0,0.0,0.0,0.0
Hopper-v5,3493980176,l2_path_freeze_trainreplay,high_frequency,4218259887,0.0,0.0,0.0,0.0,0.0,0.0
Hopper-v5,3493980176,l2_path_freeze_trainreplay,low_frequency,98480853,0.0,0.0,0.0,0.0,0.0,0.0
Hopper-v5,3493980176,l2_path_freeze_trainreplay,low_frequency,324724199,0.0,0.0,0.0,0.0,0.0,0.0
Hopper-v5,3493980176,l2_path_freeze_trainreplay,low_frequency,1045477827,0.0,0.0,0.0,0.0,0.0,0.0
Hopper-v5,3493980176,l2_path_freeze_trainreplay,low_frequency,1767642859,0.0,0.0,0.0,0.0,0.0,0.0
Hopper-v5,3493980176,l2_path_freeze_trainreplay,low_frequency,2994879384,0.0,0.0,0.0,0.0,0.0,0.0
Hopper-v5,3493980176,l2_path_freeze_trainreplay,low_frequency,3308987476,0.0,0.0,0.0,0.0,0.0,0.0
Hopper-v5,3493980176,l2_path_freeze_trainreplay,low_frequency,4010771860,0.0,0.0,0.0,0.0,0.0,0.0
Hopper-v5,3493980176,l2_path_freeze_trainreplay,low_frequency,4218259887,0.0,0.0,0.0,0.0,0.0,0.0
Hopper-v5,3493980176,l2_path_freeze_trainreplay,mixed,98480853,0.0,0.0,0.0,0.0,0.0,0.0
Hopper-v5,3493980176,l2_path_freeze_trainreplay,mixed,324724199,0.0,0.0,0.0,0.0,0.0,0.0
Hopper-v5,3493980176,l2_path_freeze_trainreplay,mixed,1045477827,0.0,0.0,0.0,0.0,0.0,0.0
Hopper-v5,3493980176,l2_path_freeze_trainreplay,mixed,1767642859,0.0,0.0,0.0,0.0,0.0,0.0
Hopper-v5,3493980176,l2_path_freeze_trainreplay,mixed,2994879384,0.0,0.0,0.0,0.0,0.0,0.0
Hopper-v5,3493980176,l2_path_freeze_trainreplay,mixed,3308987476,0.0,0.0,0.0,0.0,0.0,0.0
Hopper-v5,3493980176,l2_path_freeze_trainreplay,mixed,4010771860,0.0,0.0,0.0,0.0,0.0,0.0
Hopper-v5,3493980176,l2_path_freeze_trainreplay,mixed,4218259887,0.0,0.0,0.0,0.0,0.0,0.0
Hopper-v5,3493980176,l2_path_freeze_trainreplay,ood_chirp,98480853,0.0,0.0,0.0,0.0,0.0,0.0
Hopper-v5,3493980176,l2_path_freeze_trainreplay,ood_chirp,324724199,0.0,0.0,0.0,0.0,0.0,0.0
Hopper-v5,3493980176,l2_path_freeze_trainreplay,ood_chirp,1045477827,0.0,0.0,0.0,0.0,0.0,0.0
Hopper-v5,3493980176,l2_path_freeze_trainreplay,ood_chirp,1767642859,0.0,0.0,0.0,0.0,0.0,0.0
Hopper-v5,3493980176,l2_path_freeze_trainreplay,ood_chirp,2994879384,0.0,0.0,0.0,0.0,0.0,0.0
Hopper-v5,3493980176,l2_path_freeze_trainreplay,ood_chirp,3308987476,0.0,0.0,0.0,0.0,0.0,0.0
Hopper-v5,3493980176,l2_path_freeze_trainreplay,ood_chirp,4010771860,0.0,0.0,0.0,0.0,0.0,0.0
Hopper-v5,3493980176,l2_path_freeze_trainreplay,ood_chirp,4218259887,0.0,0.0,0.0,0.0,0.0,0.0
Hopper-v5,3493980176,l2_path_freeze_trainreplay,standard,98480853,0.0,0.0,0.0,0.0,0.0,0.0
Hopper-v5,3493980176,l2_path_freeze_trainreplay,standard,324724199,0.0,0.0,0.0,0.0,0.0,0.0
Hopper-v5,3493980176,l2_path_freeze_trainreplay,standard,1045477827,0.0,0.0,0.0,0.0,0.0,0.0
Hopper-v5,3493980176,l2_path_freeze_trainreplay,standard,1767642859,0.0,0.0,0.0,0.0,0.0,0.0
Hopper-v5,3493980176,l2_path_freeze_trainreplay,standard,2994879384,0.0,0.0,0.0,0.0,0.0,0.0
Hopper-v5,3493980176,l2_path_freeze_trainreplay,standard,3308987476,0.0,0.0,0.0,0.0,0.0,0.0
Hopper-v5,3493980176,l2_path_freeze_trainreplay,standard,4010771860,0.0,0.0,0.0,0.0,0.0,0.0
Hopper-v5,3493980176,l2_path_freeze_trainreplay,standard,4218259887,0.0,0.0,0.0,0.0,0.0,0.0
Hopper-v5,3493980176,l2_path_freeze_crossreplay,high_frequency,98480853,0.0,0.0,0.0,0.0,0.0,0.0
Hopper-v5,3493980176,l2_path_freeze_crossreplay,high_frequency,324724199,0.0,0.0,0.0,0.0,0.0,0.0
Hopper-v5,3493980176,l2_path_freeze_crossreplay,high_frequency,1045477827,0.0,0.0,0.0,0.0,0.0,0.0
Hopper-v5,3493980176,l2_path_freeze_crossreplay,high_frequency,1767642859,0.0,0.0,0.0,0.0,0.0,0.0
Hopper-v5,3493980176,l2_path_freeze_crossreplay,high_frequency,2994879384,0.0,0.0,0.0,0.0,0.0,0.0
Hopper-v5,3493980176,l2_path_freeze_crossreplay,high_frequency,3308987476,0.0,0.0,0.0,0.0,0.0,0.0
Hopper-v5,3493980176,l2_path_freeze_crossreplay,high_frequency,4010771860,0.0,0.0,0.0,0.0,0.0,0.0
Hopper-v5,3493980176,l2_path_freeze_crossreplay,high_frequency,4218259887,0.0,0.0,0.0,0.0,0.0,0.0
Hopper-v5,3493980176,l2_path_freeze_crossreplay,low_frequency,98480853,0.0,0.0,0.0,0.0,0.0,0.0
Hopper-v5,3493980176,l2_path_freeze_crossreplay,low_frequency,324724199,0.0,0.0,0.0,0.0,0.0,0.0
Hopper-v5,3493980176,l2_path_freeze_crossreplay,low_frequency,1045477827,0.0,0.0,0.0,0.0,0.0,0.0
Hopper-v5,3493980176,l2_path_freeze_crossreplay,low_frequency,1767642859,0.0,0.0,0.0,0.0,0.0,0.0
Hopper-v5,3493980176,l2_path_freeze_crossreplay,low_frequency,2994879384,0.0,0.0,0.0,0.0,0.0,0.0
Hopper-v5,3493980176,l2_path_freeze_crossreplay,low_frequency,3308987476,0.0,0.0,0.0,0.0,0.0,0.0
Hopper-v5,3493980176,l2_path_freeze_crossreplay,low_frequency,4010771860,0.0,0.0,0.0,0.0,0.0,0.0
Hopper-v5,3493980176,l2_path_freeze_crossreplay,low_frequency,4218259887,0.0,0.0,0.0,0.0,0.0,0.0
Hopper-v5,3493980176,l2_path_freeze_crossreplay,mixed,98480853,0.0,0.0,0.0,0.0,0.0,0.0
Hopper-v5,3493980176,l2_path_freeze_crossreplay,mixed,324724199,0.0,0.0,0.0,0.0,0.0,0.0
Hopper-v5,3493980176,l2_path_freeze_crossreplay,mixed,1045477827,0.0,0.0,0.0,0.0,0.0,0.0
Hopper-v5,3493980176,l2_path_freeze_crossreplay,mixed,1767642859,0.0,0.0,0.0,0.0,0.0,0.0
Hopper-v5,3493980176,l2_path_freeze_crossreplay,mixed,2994879384,0.0,0.0,0.0,0.0,0.0,0.0
Hopper-v5,3493980176,l2_path_freeze_crossreplay,mixed,3308987476,0.0,0.0,0.0,0.0,0.0,0.0
Hopper-v5,3493980176,l2_path_freeze_crossreplay,mixed,4010771860,0.0,0.0,0.0,0.0,0.0,0.0
Hopper-v5,3493980176,l2_path_freeze_crossreplay,mixed,4218259887,0.0,0.0,0.0,0.0,0.0,0.0
Hopper-v5,3493980176,l2_path_freeze_crossreplay,ood_chirp,98480853,0.0,0.0,0.0,0.0,0.0,0.0
Hopper-v5,3493980176,l2_path_freeze_crossreplay,ood_chirp,324724199,0.0,0.0,0.0,0.0,0.0,0.0
Hopper-v5,3493980176,l2_path_freeze_crossreplay,ood_chirp,1045477827,0.0,0.0,0.0,0.0,0.0,0.0
Hopper-v5,3493980176,l2_path_freeze_crossreplay,ood_chirp,1767642859,0.0,0.0,0.0,0.0,0.0,0.0
Hopper-v5,3493980176,l2_path_freeze_crossreplay,ood_chirp,2994879384,0.0,0.0,0.0,0.0,0.0,0.0
Hopper-v5,3493980176,l2_path_freeze_crossreplay,ood_chirp,3308987476,0.0,0.0,0.0,0.0,0.0,0.0
Hopper-v5,3493980176,l2_path_freeze_crossreplay,ood_chirp,4010771860,0.0,0.0,0.0,0.0,0.0,0.0
Hopper-v5,3493980176,l2_path_freeze_crossreplay,ood_chirp,4218259887,0.0,0.0,0.0,0.0,0.0,0.0
Hopper-v5,3493980176,l2_path_freeze_crossreplay,standard,98480853,0.0,0.0,0.0,0.0,0.0,0.0
Hopper-v5,3493980176,l2_path_freeze_crossreplay,standard,324724199,0.0,0.0,0.0,0.0,0.0,0.0
Hopper-v5,3493980176,l2_path_freeze_crossreplay,standard,1045477827,0.0,0.0,0.0,0.0,0.0,0.0
Hopper-v5,3493980176,l2_path_freeze_crossreplay,standard,1767642859,0.0,0.0,0.0,0.0,0.0,0.0
Hopper-v5,3493980176,l2_path_freeze_crossreplay,standard,2994879384,0.0,0.0,0.0,0.0,0.0,0.0
Hopper-v5,3493980176,l2_path_freeze_crossreplay,standard,3308987476,0.0,0.0,0.0,0.0,0.0,0.0
Hopper-v5,3493980176,l2_path_freeze_crossreplay,standard,4010771860,0.0,0.0,0.0,0.0,0.0,0.0
Hopper-v5,3493980176,l2_path_freeze_crossreplay,standard,4218259887,0.0,0.0,0.0,0.0,0.0,0.0
Hopper-v5,4020259488,worst_mode_trainreplay,high_frequency,98480853,0.0032488078676608657,0.07421090134969714,0.07421090134969714,0.09385648551436804,0.057572029715106,0.06023692466924314
Hopper-v5,4020259488,worst_mode_trainreplay,high_frequency,324724199,-0.015750912400268182,0.06429976402150503,0.06429976402150503,0.08508303398174723,0.04723808552549724,0.049726120942642685
Hopper-v5,4020259488,worst_mode_trainreplay,high_frequency,1045477827,0.0003898693371479874,0.07114800275143547,0.07114800275143547,0.08508741775495972,0.05926630097603572,0.061978118684560525
Hopper-v5,4020259488,worst_mode_trainreplay,high_frequency,1767642859,0.00020541187381342831,0.06738180011037449,0.06738180011037449,0.0804924811639234,0.05860235436017344,0.061904789650170995
Hopper-v5,4020259488,worst_mode_trainreplay,high_frequency,2994879384,0.0007427812698753024,0.06812426923050499,0.06812426923050499,0.080174322657653,0.058011131037578205,0.06073338051659109
Hopper-v5,4020259488,worst_mode_trainreplay,high_frequency,3308987476,-0.0012988278767704425,0.062459890939215286,0.062459890939215286,0.07865107822157111,0.03390018586348527,0.03465294983026876
Hopper-v5,4020259488,worst_mode_trainreplay,high_frequency,4010771860,0.0007601616460161061,0.06731948995127116,0.06731948995127116,0.08075792036358317,0.05798064817905242,0.06159227460923183
Hopper-v5,4020259488,worst_mode_trainreplay,high_frequency,4218259887,-0.002633636218248856,0.0673287068441899,0.0673287068441899,0.08313395472649092,0.050551781619496194,0.05297685316749602
Hopper-v5,4020259488,worst_mode_trainreplay,low_frequency,98480853,0.0012746982355389062,0.06170646409507464,0.06170646409507464,0.07438798506349084,0.056449178673615145,0.0587345849954475
Hopper-v5,4020259488,worst_mode_trainreplay,low_frequency,324724199,-0.0021742706927053994,0.06985309008132244,0.06985309008132244,0.0898659395361548,0.019124006366747985,0.018823407283281333
Hopper-v5,4020259488,worst_mode_trainreplay,low_frequency,1045477827,0.010271578047876392,0.05269408800733235,0.05269408800733235,0.061690846299999526,-0.04221440626122698,-0.04968485325345515
Hopper-v5,4020259488,worst_mode_trainreplay,low_frequency,1767642859,0.001177656078606585,0.05568667054242898,0.05568667054242898,0.07672520402442658,0.05422169495575574,0.05771424067221066
Hopper-v5,4020259488,worst_mode_trainreplay,low_frequency,2994879384,0.0006097660995173887,0.06800641372821355,0.06800641372821355,0.07797868261828311,0.06135395378204977,0.06273660657595306
Hopper-v5,4020259488,worst_mode_trainreplay,low_frequency,3308987476,-0.0005337363410167745,0.06531332502112068,0.06531332502112068,0.07974039516411215,0.048896987493096705,0.052992740526663355
Hopper-v5,4020259488,worst_mode_trainreplay,low_frequency,4010771860,0.0010212351486552484,0.05897926752034529,0.05897926752034529,0.06693350178775742,0.058073021897295636,0.06024934179952358
Hopper-v5,4020259488,worst_mode_trainreplay,low_frequency,4218259887,-0.00038664620082381747,0.07378090620736961,0.07378090620736961,0.08933117713140107,0.05930508946334621,0.0614236955992197
Hopper-v5,4020259488,worst_mode_trainreplay,mixed,98480853,0.0012471406301022474,0.05936156885077613,0.05936156885077613,0.07095296388062482,0.054912665998735205,0.057287829870012436
Hopper-v5,4020259488,worst_mode_trainreplay,mixed,324724199,-4.7016257992654216e-05,0.06820242501071372,0.06820242501071372,0.08636236616625356,0.055561107559897176,0.05972451477168745
Hopper-v5,4020259488,worst_mode_trainreplay,mixed,1045477827,-0.013713155364743114,0.04804714145663119,0.04804714145663119,0.06105806164945098,0.03980142817943081,0.042130687861826686
Hopper-v5,4020259488,worst_mode_trainreplay,mixed,1767642859,0.0015028501806750468,0.0601238766940954,0.0601238766940954,0.07716069699218879,0.05886181402687392,0.06126868364447636
Hopper-v5,4020259488,worst_mode_trainreplay,mixed,2994879384,0.0012776748385246155,0.06824210407197537,0.06824210407197537,0.08006846656919686,0.06113371875044462,0.06199081792865064
Hopper-v5,4020259488,worst_mode_trainreplay,mixed,3308987476,-0.0007759302667206468,0.06560861323194525,0.06560861323194525,0.0800181043820046,0.05256569353875626,0.05678406308728857
Hopper-v5,4020259488,worst_mode_trainreplay,mixed,4010771860,0.001153755933104229,0.058860598430702175,0.058860598430702175,0.0670889787978703,0.05895566529177142,0.06120395771412432
Hopper-v5,4020259488,worst_mode_trainreplay,mixed,4218259887,-0.000489154824460867,0.07443748949189923,0.07443748949189923,0.09087717762281726,0.059110907866879135,0.060555518131674056
Hopper-v5,4020259488,worst_mode_trainreplay,ood_chirp,98480853,0.0013572812087597607,0.06349443912744035,0.06349443912744035,0.07827407063541313,0.056943409162479704,0.05951737615327931
Hopper-v5,4020259488,worst_mode_trainreplay,ood_chirp,324724199,-0.0016399956812088595,0.07063708644860227,0.07063708644860227,0.08600684314336801,0.055599359805530116,0.058801635999747685
Hopper-v5,4020259488,worst_mode_trainreplay,ood_chirp,1045477827,0.0010790312867348599,0.05439827168129537,0.05439827168129537,0.062249523880622395,0.05171459186615813,0.05375752619689151
Hopper-v5,4020259488,worst_mode_trainreplay,ood_chirp,1767642859,0.0007790829806761314,0.0696974828537505,0.0696974828537505,0.08879564526359013,0.05809719283485431,0.0606911205964259
Hopper-v5,4020259488,worst_mode_trainreplay,ood_chirp,2994879384,1.5460234644028814e-05,0.06282521632235871,0.06282521632235871,0.07608173245276684,0.05907104125649589,0.06118704740687309
Hopper-v5,4020259488,worst_mode_trainreplay,ood_chirp,3308987476,-0.0009633886122034928,0.06581426752514975,0.06581426752514975,0.07849807009171694,0.052442355690540954,0.05656114279213573
Hopper-v5,4020259488,worst_mode_trainreplay,ood_chirp,4010771860,0.0010537128590694513,0.057812928351540144,0.057812928351540144,0.06701313792763476,0.0577863366507103,0.060016583839485924
Hopper-v5,4020259488,worst_mode_trainreplay,ood_chirp,4218259887,-0.0004262771009474957,0.0704666541151358,0.0704666541151358,0.08697603715119587,0.057502904577373455,0.06005590314753208
Hopper-v5,4020259488,worst_mode_trainreplay,standard,98480853,-0.0052500020211331735,0.06182857788246624,0.06182857788246624,0.07623505797173481,0.05089534551136917,0.0534939694657416
Hopper-v5,4020259488,worst_mode_trainreplay,standard,324724199,0.00036864407841413917,0.067290740709599,0.067290740709599,0.07950685516199334,0.05765141004888332,0.0611576394028535
Hopper-v5,4020259488,worst_mode_trainreplay,standard,1045477827,-0.002522356281262865,0.06878362803153196,0.06878362803153196,0.08365178111961481,0.05113292934715625,0.05333178216321315
Hopper-v5,4020259488,worst_mode_trainreplay,standard,1767642859,0.000493655019583056,0.07089524918658534,0.07089524918658534,0.087430922089739,0.05848151300690431,0.0615061254480842
Hopper-v5,4020259488,worst_mode_trainreplay,standard,2994879384,-0.00016983660820107813,0.0703879326398865,0.0703879326398865,0.08365787074136558,0.058733905163651005,0.06162713953438713
Hopper-v5,4020259488,worst_mode_trainreplay,standard,3308987476,-0.0015422520648085724,0.06350177276484618,0.06350177276484618,0.07760472548223454,0.03165694869818786,0.031916774923839625
Hopper-v5,4020259488,worst_mode_trainreplay,standard,4010771860,0.0012775136505582465,0.06596472978026104,0.06596472978026104,0.07898956125873985,0.05666225561227701,0.06014822965093282
Hopper-v5,4020259488,worst_mode_trainreplay,standard,4218259887,0.0009621742847582478,0.0698202818617762,0.0698202818617762,0.08606298207102385,0.05815459181267542,0.06119102639022301
Hopper-v5,4020259488,l2_mode_trainreplay,high_frequency,98480853,0.007048968229583078,0.11307674707508347,0.11307674707508347,0.14858924926293163,0.07390706807716878,0.07629132522017487
Hopper-v5,4020259488,l2_mode_trainreplay,high_frequency,324724199,0.007013830716519679,0.10858086464766352,0.10858086464766352,0.1394410702078932,0.0662729967198766,0.06719905825881488
Hopper-v5,4020259488,l2_mode_trainreplay,high_frequency,1045477827,0.009934600530431843,0.10509062762738973,0.10509062762738973,0.1349166963007471,0.07066365293297393,0.07301170871530589
Hopper-v5,4020259488,l2_mode_trainreplay,high_frequency,1767642859,0.008086618183441486,0.10516811153140343,0.10516811153140343,0.13025980089061306,0.06600171132874243,0.067536113535184
Hopper-v5,4020259488,l2_mode_trainreplay,high_frequency,2994879384,0.007261419390086199,0.10653922246522403,0.10653922246522403,0.13226848720027407,0.06621982454134732,0.06718949046285289
Hopper-v5,4020259488,l2_mode_trainreplay,high_frequency,3308987476,0.0004430774465417958,0.09388088683523942,0.09388088683523942,0.12232193122511903,0.013018357009054559,0.005842119771046498
Hopper-v5,4020259488,l2_mode_trainreplay,high_frequency,4010771860,0.011149787038517656,0.10318066636829322,0.10318066636829322,0.13045538250907476,0.07170811138652788,0.07472389099591785
Hopper-v5,4020259488,l2_mode_trainreplay,high_frequency,4218259887,0.00730382009021579,0.09999908035749613,0.09999908035749613,0.1311952581521013,0.060870172765506415,0.0635804534304927
Hopper-v5,4020259488,l2_mode_trainreplay,low_frequency,98480853,0.004576893247350044,0.10147090017731204,0.10147090017731204,0.12257187704412856,0.015763424541703038,0.012626283196547383
Hopper-v5,4020259488,l2_mode_trainreplay,low_frequency,324724199,0.0160364609963091,0.08634611575712138,0.08634611575712138,0.12631869826496273,-0.013650943379020333,-0.01927603932406488
Hopper-v5,4020259488,l2_mode_trainreplay,low_frequency,1045477827,0.0036441696575906933,0.08035921449920785,0.08035921449920785,0.10204383087378704,-0.054242863416968864,-0.06219090488333186
Hopper-v5,4020259488,l2_mode_trainreplay,low_frequency,1767642859,0.009430657194976,0.09312511837404878,0.09312511837404878,0.1272540063280471,0.06906574359159945,0.07380426870335774
Hopper-v5,4020259488,l2_mode_trainreplay,low_frequency,2994879384,0.0035414871680507338,0.10431047770101105,0.10431047770101105,0.12549382317329255,0.0783696582040039,0.08123910935442478
Hopper-v5,4020259488,l2_mode_trainreplay,low_frequency,3308987476,0.00033116715945410725,0.07802875671113119,0.07802875671113119,0.11205468172297578,-0.08640357578780204,-0.09992457592037747
Hopper-v5,4020259488,l2_mode_trainreplay,low_frequency,4010771860,0.0054733497128761415,0.0961393556638531,0.0961393556638531,0.11559740596347745,0.06602530001487196,0.06965590921891332
Hopper-v5,4020259488,l2_mode_trainreplay,low_frequency,4218259887,-1.804547480662733e-05,0.08534894984286523,0.08534894984286523,0.12443745873795171,0.0811485351494634,0.0855294514035931
Hopper-v5,4020259488,l2_mode_trainreplay,mixed,98480853,-0.00011018402405910535,0.09622490832806428,0.09622490832806428,0.1143287429076316,-0.008837399824184213,-0.0135403616896037
Hopper-v5,4020259488,l2_mode_trainreplay,mixed,324724199,0.0030308092945424466,0.09129809061180119,0.09129809061180119,0.13079967211292842,0.03525580523464266,0.03458112292973604
Hopper-v5,4020259488,l2_mode_trainreplay,mixed,1045477827,-0.013056293218428713,0.06942998762331799,0.06942998762331799,0.09784568044349076,-0.05735106401304416,-0.06525898125108769
Hopper-v5,4020259488,l2_mode_trainreplay,mixed,1767642859,0.009434902535679331,0.09203591182805314,0.09203591182805314,0.1258290999927554,0.06995289664888303,0.07440295907239944
Hopper-v5,4020259488,l2_mode_trainreplay,mixed,2994879384,0.0034440348923542026,0.10657057759689027,0.10657057759689027,0.12881667164577346,0.07885320683075552,0.0810384003327952
Hopper-v5,4020259488,l2_mode_trainreplay,mixed,3308987476,0.0013243168317945517,0.0783862911196747,0.0783862911196747,0.11149093066486719,-0.03778389076165385,-0.04723822935064006
Hopper-v5,4020259488,l2_mode_trainreplay,mixed,4010771860,0.012826518242989316,0.09459505730590038,0.09459505730590038,0.113286602605985,0.06924084786393377,0.07328942945330032
Hopper-v5,4020259488,l2_mode_trainreplay,mixed,4218259887,0.0008179680249038354,0.09221862812837321,0.09221862812837321,0.130970684013104,0.07960493872039616,0.08360393145336792
Hopper-v5,4020259488,l2_mode_trainreplay,ood_chirp,98480853,0.010530558486632025,0.10380110960060662,0.10380110960060662,0.12961337691416755,0.037748332024863746,0.03484480239722497
Hopper-v5,4020259488,l2_mode_trainreplay,ood_chirp,324724199,0.002194615963631154,0.08731831191487978,0.08731831191487978,0.12411460564541424,0.04023612231661596,0.040996564326160376
Hopper-v5,4020259488,l2_mode_trainreplay,ood_chirp,1045477827,0.009935634652616184,0.08238603621077698,0.08238603621077698,0.10132805810321531,-0.0034780687957246385,-0.005375170634805398
Hopper-v5,4020259488,l2_mode_trainreplay,ood_chirp,1767642859,0.007354515498883429,0.0968404819365424,0.0968404819365424,0.13276105635745952,0.07304743278230659,0.0765480745034914
Hopper-v5,4020259488,l2_mode_trainreplay,ood_chirp,2994879384,0.0028934130142311623,0.1010823246579025,0.1010823246579025,0.12211424652221993,0.07851849145453792,0.08165191802667553
Hopper-v5,4020259488,l2_mode_trainreplay,ood_chirp,3308987476,0.0029662487955626283,0.08659112776729236,0.08659112776729236,0.11513787144626064,-0.03745665794952771,-0.045588927236338284
Hopper-v5,4020259488,l2_mode_trainreplay,ood_chirp,4010771860,0.006488323065727729,0.0879701284790395,0.0879701284790395,0.11034578967197536,0.03603927481297779,0.037346906830455044
Hopper-v5,4020259488,l2_mode_trainreplay,ood_chirp,4218259887,0.0012056751276122227,0.09796469925067663,0.09796469925067663,0.13444776591134758,0.07810413330538786,0.08227747619620294
Hopper-v5,4020259488,l2_mode_trainreplay,standard,98480853,0.004269792184962262,0.0963893435851992,0.0963893435851992,0.12772013964303716,0.062251605125040334,0.06473129525703479
Hopper-v5,4020259488,l2_mode_trainreplay,standard,324724199,0.007900417016210042,0.10339659693056613,0.10339659693056613,0.13124138977896083,0.06573218013761563,0.06724084794310732
Hopper-v5,4020259488,l2_mode_trainreplay,standard,1045477827,0.007490038951614319,0.1033500498830998,0.1033500498830998,0.134064440725666,0.061541205591094786,0.06369236815538652
Hopper-v5,4020259488,l2_mode_trainreplay,standard,1767642859,0.008012278930901413,0.106440892470782,0.106440892470782,0.13351942144047715,0.06523418722995349,0.06675874144235744
Hopper-v5,4020259488,l2_mode_trainreplay,standard,2994879384,0.008206083269287824,0.10177664621355158,0.10177664621355158,0.13128718667278305,0.06040195610680819,0.0627660994956402
Hopper-v5,4020259488,l2_mode_trainreplay,standard,3308987476,0.00032734707974985106,0.09678868020023648,0.09678868020023648,0.12255511011465618,0.009816983483838412,0.002297715914106648
Hopper-v5,4020259488,l2_mode_trainreplay,standard,4010771860,0.00804079178337157,0.10104246096302617,0.10104246096302617,0.1310258079497443,0.06962759952652833,0.07335263568667093
Hopper-v5,4020259488,l2_mode_trainreplay,standard,4218259887,0.01073943721351001,0.1015278522760048,0.1015278522760048,0.13171698913763746,0.0687121007592126,0.07194113746702605
Hopper-v5,4020259488,l2_path_trainreplay,high_frequency,98480853,0.0,0.0,0.0,0.0,0.0,0.0
Hopper-v5,4020259488,l2_path_trainreplay,high_frequency,324724199,0.0,0.0,0.0,0.0,0.0,0.0
Hopper-v5,4020259488,l2_path_trainreplay,high_frequency,1045477827,0.0,0.0,0.0,0.0,0.0,0.0
Hopper-v5,4020259488,l2_path_trainreplay,high_frequency,1767642859,0.0,0.0,0.0,0.0,0.0,0.0
Hopper-v5,4020259488,l2_path_trainreplay,high_frequency,2994879384,0.0,0.0,0.0,0.0,0.0,0.0
Hopper-v5,4020259488,l2_path_trainreplay,high_frequency,3308987476,0.0,0.0,0.0,0.0,0.0,0.0
Hopper-v5,4020259488,l2_path_trainreplay,high_frequency,4010771860,0.0,0.0,0.0,0.0,0.0,0.0
Hopper-v5,4020259488,l2_path_trainreplay,high_frequency,4218259887,0.0,0.0,0.0,0.0,0.0,0.0
Hopper-v5,4020259488,l2_path_trainreplay,low_frequency,98480853,0.0,0.0,0.0,0.0,0.0,0.0
Hopper-v5,4020259488,l2_path_trainreplay,low_frequency,324724199,0.0,0.0,0.0,0.0,0.0,0.0
Hopper-v5,4020259488,l2_path_trainreplay,low_frequency,1045477827,0.0,0.0,0.0,0.0,0.0,0.0
Hopper-v5,4020259488,l2_path_trainreplay,low_frequency,1767642859,0.0,0.0,0.0,0.0,0.0,0.0
Hopper-v5,4020259488,l2_path_trainreplay,low_frequency,2994879384,0.0,0.0,0.0,0.0,0.0,0.0
Hopper-v5,4020259488,l2_path_trainreplay,low_frequency,3308987476,0.0,0.0,0.0,0.0,0.0,0.0
Hopper-v5,4020259488,l2_path_trainreplay,low_frequency,4010771860,0.0,0.0,0.0,0.0,0.0,0.0
Hopper-v5,4020259488,l2_path_trainreplay,low_frequency,4218259887,0.0,0.0,0.0,0.0,0.0,0.0
Hopper-v5,4020259488,l2_path_trainreplay,mixed,98480853,0.0,0.0,0.0,0.0,0.0,0.0
Hopper-v5,4020259488,l2_path_trainreplay,mixed,324724199,0.0,0.0,0.0,0.0,0.0,0.0
Hopper-v5,4020259488,l2_path_trainreplay,mixed,1045477827,0.0,0.0,0.0,0.0,0.0,0.0
Hopper-v5,4020259488,l2_path_trainreplay,mixed,1767642859,0.0,0.0,0.0,0.0,0.0,0.0
Hopper-v5,4020259488,l2_path_trainreplay,mixed,2994879384,0.0,0.0,0.0,0.0,0.0,0.0
Hopper-v5,4020259488,l2_path_trainreplay,mixed,3308987476,0.0,0.0,0.0,0.0,0.0,0.0
Hopper-v5,4020259488,l2_path_trainreplay,mixed,4010771860,0.0,0.0,0.0,0.0,0.0,0.0
Hopper-v5,4020259488,l2_path_trainreplay,mixed,4218259887,0.0,0.0,0.0,0.0,0.0,0.0
Hopper-v5,4020259488,l2_path_trainreplay,ood_chirp,98480853,0.0,0.0,0.0,0.0,0.0,0.0
Hopper-v5,4020259488,l2_path_trainreplay,ood_chirp,324724199,0.0,0.0,0.0,0.0,0.0,0.0
Hopper-v5,4020259488,l2_path_trainreplay,ood_chirp,1045477827,0.0,0.0,0.0,0.0,0.0,0.0
Hopper-v5,4020259488,l2_path_trainreplay,ood_chirp,1767642859,0.0,0.0,0.0,0.0,0.0,0.0
Hopper-v5,4020259488,l2_path_trainreplay,ood_chirp,2994879384,0.0,0.0,0.0,0.0,0.0,0.0
Hopper-v5,4020259488,l2_path_trainreplay,ood_chirp,3308987476,0.0,0.0,0.0,0.0,0.0,0.0
Hopper-v5,4020259488,l2_path_trainreplay,ood_chirp,4010771860,0.0,0.0,0.0,0.0,0.0,0.0
Hopper-v5,4020259488,l2_path_trainreplay,ood_chirp,4218259887,0.0,0.0,0.0,0.0,0.0,0.0
Hopper-v5,4020259488,l2_path_trainreplay,standard,98480853,0.0,0.0,0.0,0.0,0.0,0.0
Hopper-v5,4020259488,l2_path_trainreplay,standard,324724199,0.0,0.0,0.0,0.0,0.0,0.0
Hopper-v5,4020259488,l2_path_trainreplay,standard,1045477827,0.0,0.0,0.0,0.0,0.0,0.0
Hopper-v5,4020259488,l2_path_trainreplay,standard,1767642859,0.0,0.0,0.0,0.0,0.0,0.0
Hopper-v5,4020259488,l2_path_trainreplay,standard,2994879384,0.0,0.0,0.0,0.0,0.0,0.0
Hopper-v5,4020259488,l2_path_trainreplay,standard,3308987476,0.0,0.0,0.0,0.0,0.0,0.0
Hopper-v5,4020259488,l2_path_trainreplay,standard,4010771860,0.0,0.0,0.0,0.0,0.0,0.0
Hopper-v5,4020259488,l2_path_trainreplay,standard,4218259887,0.0,0.0,0.0,0.0,0.0,0.0
Hopper-v5,4020259488,l2_path_freeze_trainreplay,high_frequency,98480853,0.0,0.0,0.0,0.0,0.0,0.0
Hopper-v5,4020259488,l2_path_freeze_trainreplay,high_frequency,324724199,0.0,0.0,0.0,0.0,0.0,0.0
Hopper-v5,4020259488,l2_path_freeze_trainreplay,high_frequency,1045477827,0.0,0.0,0.0,0.0,0.0,0.0
Hopper-v5,4020259488,l2_path_freeze_trainreplay,high_frequency,1767642859,0.0,0.0,0.0,0.0,0.0,0.0
Hopper-v5,4020259488,l2_path_freeze_trainreplay,high_frequency,2994879384,0.0,0.0,0.0,0.0,0.0,0.0
Hopper-v5,4020259488,l2_path_freeze_trainreplay,high_frequency,3308987476,0.0,0.0,0.0,0.0,0.0,0.0
Hopper-v5,4020259488,l2_path_freeze_trainreplay,high_frequency,4010771860,0.0,0.0,0.0,0.0,0.0,0.0
Hopper-v5,4020259488,l2_path_freeze_trainreplay,high_frequency,4218259887,0.0,0.0,0.0,0.0,0.0,0.0
Hopper-v5,4020259488,l2_path_freeze_trainreplay,low_frequency,98480853,0.0,0.0,0.0,0.0,0.0,0.0
Hopper-v5,4020259488,l2_path_freeze_trainreplay,low_frequency,324724199,0.0,0.0,0.0,0.0,0.0,0.0
Hopper-v5,4020259488,l2_path_freeze_trainreplay,low_frequency,1045477827,0.0,0.0,0.0,0.0,0.0,0.0
Hopper-v5,4020259488,l2_path_freeze_trainreplay,low_frequency,1767642859,0.0,0.0,0.0,0.0,0.0,0.0
Hopper-v5,4020259488,l2_path_freeze_trainreplay,low_frequency,2994879384,0.0,0.0,0.0,0.0,0.0,0.0
Hopper-v5,4020259488,l2_path_freeze_trainreplay,low_frequency,3308987476,0.0,0.0,0.0,0.0,0.0,0.0
Hopper-v5,4020259488,l2_path_freeze_trainreplay,low_frequency,4010771860,0.0,0.0,0.0,0.0,0.0,0.0
Hopper-v5,4020259488,l2_path_freeze_trainreplay,low_frequency,4218259887,0.0,0.0,0.0,0.0,0.0,0.0
Hopper-v5,4020259488,l2_path_freeze_trainreplay,mixed,98480853,0.0,0.0,0.0,0.0,0.0,0.0
Hopper-v5,4020259488,l2_path_freeze_trainreplay,mixed,324724199,0.0,0.0,0.0,0.0,0.0,0.0
Hopper-v5,4020259488,l2_path_freeze_trainreplay,mixed,1045477827,0.0,0.0,0.0,0.0,0.0,0.0
Hopper-v5,4020259488,l2_path_freeze_trainreplay,mixed,1767642859,0.0,0.0,0.0,0.0,0.0,0.0
Hopper-v5,4020259488,l2_path_freeze_trainreplay,mixed,2994879384,0.0,0.0,0.0,0.0,0.0,0.0
Hopper-v5,4020259488,l2_path_freeze_trainreplay,mixed,3308987476,0.0,0.0,0.0,0.0,0.0,0.0
Hopper-v5,4020259488,l2_path_freeze_trainreplay,mixed,4010771860,0.0,0.0,0.0,0.0,0.0,0.0
Hopper-v5,4020259488,l2_path_freeze_trainreplay,mixed,4218259887,0.0,0.0,0.0,0.0,0.0,0.0
Hopper-v5,4020259488,l2_path_freeze_trainreplay,ood_chirp,98480853,0.0,0.0,0.0,0.0,0.0,0.0
Hopper-v5,4020259488,l2_path_freeze_trainreplay,ood_chirp,324724199,0.0,0.0,0.0,0.0,0.0,0.0
Hopper-v5,4020259488,l2_path_freeze_trainreplay,ood_chirp,1045477827,0.0,0.0,0.0,0.0,0.0,0.0
Hopper-v5,4020259488,l2_path_freeze_trainreplay,ood_chirp,1767642859,0.0,0.0,0.0,0.0,0.0,0.0
Hopper-v5,4020259488,l2_path_freeze_trainreplay,ood_chirp,2994879384,0.0,0.0,0.0,0.0,0.0,0.0
Hopper-v5,4020259488,l2_path_freeze_trainreplay,ood_chirp,3308987476,0.0,0.0,0.0,0.0,0.0,0.0
Hopper-v5,4020259488,l2_path_freeze_trainreplay,ood_chirp,4010771860,0.0,0.0,0.0,0.0,0.0,0.0
Hopper-v5,4020259488,l2_path_freeze_trainreplay,ood_chirp,4218259887,0.0,0.0,0.0,0.0,0.0,0.0
Hopper-v5,4020259488,l2_path_freeze_trainreplay,standard,98480853,0.0,0.0,0.0,0.0,0.0,0.0
Hopper-v5,4020259488,l2_path_freeze_trainreplay,standard,324724199,0.0,0.0,0.0,0.0,0.0,0.0
Hopper-v5,4020259488,l2_path_freeze_trainreplay,standard,1045477827,0.0,0.0,0.0,0.0,0.0,0.0
Hopper-v5,4020259488,l2_path_freeze_trainreplay,standard,1767642859,0.0,0.0,0.0,0.0,0.0,0.0
Hopper-v5,4020259488,l2_path_freeze_trainreplay,standard,2994879384,0.0,0.0,0.0,0.0,0.0,0.0
Hopper-v5,4020259488,l2_path_freeze_trainreplay,standard,3308987476,0.0,0.0,0.0,0.0,0.0,0.0
Hopper-v5,4020259488,l2_path_freeze_trainreplay,standard,4010771860,0.0,0.0,0.0,0.0,0.0,0.0
Hopper-v5,4020259488,l2_path_freeze_trainreplay,standard,4218259887,0.0,0.0,0.0,0.0,0.0,0.0
Hopper-v5,4020259488,l2_path_freeze_crossreplay,high_frequency,98480853,0.0,0.0,0.0,0.0,0.0,0.0
Hopper-v5,4020259488,l2_path_freeze_crossreplay,high_frequency,324724199,0.0,0.0,0.0,0.0,0.0,0.0
Hopper-v5,4020259488,l2_path_freeze_crossreplay,high_frequency,1045477827,0.0,0.0,0.0,0.0,0.0,0.0
Hopper-v5,4020259488,l2_path_freeze_crossreplay,high_frequency,1767642859,0.0,0.0,0.0,0.0,0.0,0.0
Hopper-v5,4020259488,l2_path_freeze_crossreplay,high_frequency,2994879384,0.0,0.0,0.0,0.0,0.0,0.0
Hopper-v5,4020259488,l2_path_freeze_crossreplay,high_frequency,3308987476,0.0,0.0,0.0,0.0,0.0,0.0
Hopper-v5,4020259488,l2_path_freeze_crossreplay,high_frequency,4010771860,0.0,0.0,0.0,0.0,0.0,0.0
Hopper-v5,4020259488,l2_path_freeze_crossreplay,high_frequency,4218259887,0.0,0.0,0.0,0.0,0.0,0.0
Hopper-v5,4020259488,l2_path_freeze_crossreplay,low_frequency,98480853,0.0,0.0,0.0,0.0,0.0,0.0
Hopper-v5,4020259488,l2_path_freeze_crossreplay,low_frequency,324724199,0.0,0.0,0.0,0.0,0.0,0.0
Hopper-v5,4020259488,l2_path_freeze_crossreplay,low_frequency,1045477827,0.0,0.0,0.0,0.0,0.0,0.0
Hopper-v5,4020259488,l2_path_freeze_crossreplay,low_frequency,1767642859,0.0,0.0,0.0,0.0,0.0,0.0
Hopper-v5,4020259488,l2_path_freeze_crossreplay,low_frequency,2994879384,0.0,0.0,0.0,0.0,0.0,0.0
Hopper-v5,4020259488,l2_path_freeze_crossreplay,low_frequency,3308987476,0.0,0.0,0.0,0.0,0.0,0.0
Hopper-v5,4020259488,l2_path_freeze_crossreplay,low_frequency,4010771860,0.0,0.0,0.0,0.0,0.0,0.0
Hopper-v5,4020259488,l2_path_freeze_crossreplay,low_frequency,4218259887,0.0,0.0,0.0,0.0,0.0,0.0
Hopper-v5,4020259488,l2_path_freeze_crossreplay,mixed,98480853,0.0,0.0,0.0,0.0,0.0,0.0
Hopper-v5,4020259488,l2_path_freeze_crossreplay,mixed,324724199,0.0,0.0,0.0,0.0,0.0,0.0
Hopper-v5,4020259488,l2_path_freeze_crossreplay,mixed,1045477827,0.0,0.0,0.0,0.0,0.0,0.0
Hopper-v5,4020259488,l2_path_freeze_crossreplay,mixed,1767642859,0.0,0.0,0.0,0.0,0.0,0.0
Hopper-v5,4020259488,l2_path_freeze_crossreplay,mixed,2994879384,0.0,0.0,0.0,0.0,0.0,0.0
Hopper-v5,4020259488,l2_path_freeze_crossreplay,mixed,3308987476,0.0,0.0,0.0,0.0,0.0,0.0
Hopper-v5,4020259488,l2_path_freeze_crossreplay,mixed,4010771860,0.0,0.0,0.0,0.0,0.0,0.0
Hopper-v5,4020259488,l2_path_freeze_crossreplay,mixed,4218259887,0.0,0.0,0.0,0.0,0.0,0.0
Hopper-v5,4020259488,l2_path_freeze_crossreplay,ood_chirp,98480853,0.0,0.0,0.0,0.0,0.0,0.0
Hopper-v5,4020259488,l2_path_freeze_crossreplay,ood_chirp,324724199,0.0,0.0,0.0,0.0,0.0,0.0
Hopper-v5,4020259488,l2_path_freeze_crossreplay,ood_chirp,1045477827,0.0,0.0,0.0,0.0,0.0,0.0
Hopper-v5,4020259488,l2_path_freeze_crossreplay,ood_chirp,1767642859,0.0,0.0,0.0,0.0,0.0,0.0
Hopper-v5,4020259488,l2_path_freeze_crossreplay,ood_chirp,2994879384,0.0,0.0,0.0,0.0,0.0,0.0
Hopper-v5,4020259488,l2_path_freeze_crossreplay,ood_chirp,3308987476,0.0,0.0,0.0,0.0,0.0,0.0
Hopper-v5,4020259488,l2_path_freeze_crossreplay,ood_chirp,4010771860,0.0,0.0,0.0,0.0,0.0,0.0
Hopper-v5,4020259488,l2_path_freeze_crossreplay,ood_chirp,4218259887,0.0,0.0,0.0,0.0,0.0,0.0
Hopper-v5,4020259488,l2_path_freeze_crossreplay,standard,98480853,0.0,0.0,0.0,0.0,0.0,0.0
Hopper-v5,4020259488,l2_path_freeze_crossreplay,standard,324724199,0.0,0.0,0.0,0.0,0.0,0.0
Hopper-v5,4020259488,l2_path_freeze_crossreplay,standard,1045477827,0.0,0.0,0.0,0.0,0.0,0.0
Hopper-v5,4020259488,l2_path_freeze_crossreplay,standard,1767642859,0.0,0.0,0.0,0.0,0.0,0.0
Hopper-v5,4020259488,l2_path_freeze_crossreplay,standard,2994879384,0.0,0.0,0.0,0.0,0.0,0.0
Hopper-v5,4020259488,l2_path_freeze_crossreplay,standard,3308987476,0.0,0.0,0.0,0.0,0.0,0.0
Hopper-v5,4020259488,l2_path_freeze_crossreplay,standard,4010771860,0.0,0.0,0.0,0.0,0.0,0.0
Hopper-v5,4020259488,l2_path_freeze_crossreplay,standard,4218259887,0.0,0.0,0.0,0.0,0.0,0.0
Hopper-v5,583213049,worst_mode_trainreplay,high_frequency,98480853,0.008267420669049614,0.07462953940815584,0.07462953940815584,0.07170464565913645,-0.02960127247409118,-0.05420000838131022
Hopper-v5,583213049,worst_mode_trainreplay,high_frequency,324724199,0.0073355774482048485,0.07535385772356158,0.07535385772356158,0.0731183616593985,-0.016146935221658935,-0.04087146057550114
Hopper-v5,583213049,worst_mode_trainreplay,high_frequency,1045477827,0.009537900674450364,0.06843333937504636,0.06843333937504636,0.07120435536290899,0.0020099461957860222,-0.013658289946539181
Hopper-v5,583213049,worst_mode_trainreplay,high_frequency,1767642859,0.013370750865013454,0.07905138330116149,0.07905138330116149,0.07690856142871509,-0.03640054352916538,-0.06044885203381004
Hopper-v5,583213049,worst_mode_trainreplay,high_frequency,2994879384,0.009038473165514605,0.0805158432489406,0.0805158432489406,0.07984754615337315,-0.04364734753457245,-0.0622189130359715
Hopper-v5,583213049,worst_mode_trainreplay,high_frequency,3308987476,0.010434234264478464,0.09820719197768918,0.09820719197768918,0.08815371689523513,-0.05628870875397425,-0.08961028083089496
Hopper-v5,583213049,worst_mode_trainreplay,high_frequency,4010771860,0.022869753476004142,0.07993993096944799,0.07993993096944799,0.0683824681996613,0.014677635790287078,-0.008194970673103449
Hopper-v5,583213049,worst_mode_trainreplay,high_frequency,4218259887,0.020016453214317494,0.08010594718155498,0.08010594718155498,0.07462563258388205,-0.06027567109808586,-0.08178373199565195
Hopper-v5,583213049,worst_mode_trainreplay,low_frequency,98480853,0.026950235819057027,0.02352291944269922,0.02352291944269922,0.022814822189554315,0.008594212532726941,-0.012758960732342547
Hopper-v5,583213049,worst_mode_trainreplay,low_frequency,324724199,0.011482714568298713,0.07892717843245647,0.07892717843245647,0.08791914450942624,-0.21582246771069422,-0.23871654341597748
Hopper-v5,583213049,worst_mode_trainreplay,low_frequency,1045477827,-0.0018706662673951674,0.08251759081743323,0.08251759081743323,0.08572251418184784,-0.1291300938947432,-0.186460049746557
Hopper-v5,583213049,worst_mode_trainreplay,low_frequency,1767642859,0.004084472672846963,0.04365522555380257,0.04365522555380257,0.05008978339753121,0.00426393924828093,-0.022867583412541713
Hopper-v5,583213049,worst_mode_trainreplay,low_frequency,2994879384,0.022937130227265286,0.0522523418008854,0.0522523418008854,0.048976585997467764,0.18046847493510051,0.1690923338852463
Hopper-v5,583213049,worst_mode_trainreplay,low_frequency,3308987476,0.015042812474312276,0.09410879298327088,0.09410879298327088,0.1139371218730367,-0.36958585587146164,-0.4068866755465274
Hopper-v5,583213049,worst_mode_trainreplay,low_frequency,4010771860,-0.0021742924420582385,0.06715430933484832,0.06715430933484832,0.066900014985965,-0.0383343187083647,-0.06796544320405677
Hopper-v5,583213049,worst_mode_trainreplay,low_frequency,4218259887,0.004739154987464727,0.08731704272781918,0.08731704272781918,0.0730251731691033,0.15450166078521496,0.14311970491230686
Hopper-v5,583213049,worst_mode_trainreplay,mixed,98480853,0.02064127756835151,0.02063093894136776,0.02063093894136776,0.025173786741694227,-0.08269580899815213,-0.11240376434548426
Hopper-v5,583213049,worst_mode_trainreplay,mixed,324724199,0.014287875599573794,0.04775609968930319,0.04775609968930319,0.08059586289504789,-0.2755668853688451,-0.2916466585935767
Hopper-v5,583213049,worst_mode_trainreplay,mixed,1045477827,-0.0007325623174139353,0.081033458083728,0.081033458083728,0.08410010512595063,-0.1232874130617427,-0.18135938696488166
Hopper-v5,583213049,worst_mode_trainreplay,mixed,1767642859,0.003837870594582925,0.04028079524864174,0.04028079524864174,0.048909174386802215,-0.0328460906163675,-0.06105719459941921
Hopper-v5,583213049,worst_mode_trainreplay,mixed,2994879384,0.021038512930463417,0.05336492860554645,0.05336492860554645,0.05074614044305592,0.16947465348277638,0.15852972847947347
Hopper-v5,583213049,worst_mode_trainreplay,mixed,3308987476,0.01946736555448963,0.1016773240039589,0.1016773240039589,0.11096543515168043,-0.2700582988764172,-0.303579248995795
Hopper-v5,583213049,worst_mode_trainreplay,mixed,4010771860,-0.0023428215525541597,0.06667595139604994,0.06667595139604994,0.06580911351475795,-0.02560756770820062,-0.05534714273208524
Hopper-v5,583213049,worst_mode_trainreplay,mixed,4218259887,0.010542938734845294,0.09709102959681437,0.09709102959681437,0.07636190867922703,0.1477685736946528,0.1323791381330304
Hopper-v5,583213049,worst_mode_trainreplay,ood_chirp,98480853,0.03108056721048515,0.04291938328268534,0.04291938328268534,0.04028511533417058,-0.14344432856538927,-0.18066054342788618
Hopper-v5,583213049,worst_mode_trainreplay,ood_chirp,324724199,0.020388563257300804,0.10343981543913516,0.10343981543913516,0.09693320222816237,-0.13143870919293424,-0.15204183486930656
Hopper-v5,583213049,worst_mode_trainreplay,ood_chirp,1045477827,-0.002196085579061116,0.05597043889355894,0.05597043889355894,0.07017307402954281,-0.11775329172615613,-0.16158914753825607
Hopper-v5,583213049,worst_mode_trainreplay,ood_chirp,1767642859,0.011769714280385514,0.06456220454739697,0.06456220454739697,0.06490848220381866,0.03472186130011144,0.016650756408729834
Hopper-v5,583213049,worst_mode_trainreplay,ood_chirp,2994879384,0.010162168487193942,0.031894367132728224,0.031894367132728224,0.04028040887364672,0.15496996641369737,0.1461970534992211
Hopper-v5,583213049,worst_mode_trainreplay,ood_chirp,3308987476,0.025046667365837376,0.1331471269086092,0.1331471269086092,0.10859450373389062,-0.15578993849548045,-0.19667241877943986
Hopper-v5,583213049,worst_mode_trainreplay,ood_chirp,4010771860,-0.0005118593900782904,0.05909336979074421,0.05909336979074421,0.06494740251914267,-0.08456945181903704,-0.1238133529921971
Hopper-v5,583213049,worst_mode_trainreplay,ood_chirp,4218259887,0.009168039407265748,0.09112525685968062,0.09112525685968062,0.07831538366560996,0.07902300642439058,0.07124669031188223
Hopper-v5,583213049,worst_mode_trainreplay,standard,98480853,0.003936904598730907,0.08213095250025906,0.08213095250025906,0.08221796201292161,-0.1584582041706193,-0.1897542996806043
Hopper-v5,583213049,worst_mode_trainreplay,standard,324724199,0.011726381763477971,0.08990158093326571,0.08990158093326571,0.08078630355367586,-0.07843438556667429,-0.11085672560806385
Hopper-v5,583213049,worst_mode_trainreplay,standard,1045477827,0.008108759271216858,0.07609770838944692,0.07609770838944692,0.077170033108092,-0.0404727024629414,-0.05914892567488674
Hopper-v5,583213049,worst_mode_trainreplay,standard,1767642859,0.00712705593530127,0.08039863171029149,0.08039863171029149,0.08003075138632605,-0.03581467184704504,-0.05599699474274803
Hopper-v5,583213049,worst_mode_trainreplay,standard,2994879384,0.01803333225863355,0.08122973398743491,0.08122973398743491,0.07968316313007988,-0.15046997803989456,-0.17621257229670143
Hopper-v5,583213049,worst_mode_trainreplay,standard,3308987476,0.006687236655563372,0.10956892173118032,0.10956892173118032,0.09492852290159128,-0.1232343952408126,-0.17061557109857928
Hopper-v5,583213049,worst_mode_trainreplay,standard,4010771860,0.02294239755441645,0.08189861222524866,0.08189861222524866,0.07350481353004552,-0.06314828649372276,-0.0902396126549261
Hopper-v5,583213049,worst_mode_trainreplay,standard,4218259887,0.008035395249110226,0.07985672415041438,0.07985672415041438,0.0750425866050329,-0.031607139910681786,-0.0557045265104885
Hopper-v5,583213049,l2_mode_trainreplay,high_frequency,98480853,0.0053471689880081425,0.17506450103456533,0.17506450103456533,0.21958327851316442,-0.17700300487154327,-0.1848908817123978
Hopper-v5,583213049,l2_mode_trainreplay,high_frequency,324724199,0.003972691339082823,0.17285206605100525,0.17285206605100525,0.21636380569097097,-0.1263285155109348,-0.13311073723181993
Hopper-v5,583213049,l2_mode_trainreplay,high_frequency,1045477827,0.0062240493436442335,0.1716588370943262,0.1716588370943262,0.2137546204527616,-0.07790695908817319,-0.08013204446164934
Hopper-v5,583213049,l2_mode_trainreplay,high_frequency,1767642859,0.0083340156166476,0.17598254179348854,0.17598254179348854,0.22295416327207532,-0.23674482119733128,-0.24680907530990814
Hopper-v5,583213049,l2_mode_trainreplay,high_frequency,2994879384,0.006901142616937877,0.17865116501842293,0.17865116501842293,0.2210316922656863,-0.1802780164856659,-0.18800846897367404
Hopper-v5,583213049,l2_mode_trainreplay,high_frequency,3308987476,-0.002353926273440791,0.174180888812381,0.174180888812381,0.21923515501815372,-0.24768436129986776,-0.2619747000175577
Hopper-v5,583213049,l2_mode_trainreplay,high_frequency,4010771860,0.007555250844407138,0.16815487909818666,0.16815487909818666,0.21438458121316775,-0.09729075920928644,-0.10041882118454533
Hopper-v5,583213049,l2_mode_trainreplay,high_frequency,4218259887,0.006923797773008332,0.1732450198850475,0.1732450198850475,0.2206959471127414,-0.15363515218620863,-0.15873547061388227
Hopper-v5,583213049,l2_mode_trainreplay,low_frequency,98480853,0.013282356677353037,0.13759756709637352,0.13759756709637352,0.1790280272667038,-0.22288668026079475,-0.23385653777000698
Hopper-v5,583213049,l2_mode_trainreplay,low_frequency,324724199,-0.0008069487771440973,0.18340072340497857,0.18340072340497857,0.24157054431628164,-0.2755786896211957,-0.2885696856352238
Hopper-v5,583213049,l2_mode_trainreplay,low_frequency,1045477827,-0.006352864918125336,0.16287167604077787,0.16287167604077787,0.1997540351288414,-0.18175402960382495,-0.20274210838155807
Hopper-v5,583213049,l2_mode_trainreplay,low_frequency,1767642859,0.0006889964118724699,0.14220183230353736,0.14220183230353736,0.19546770756879975,-0.06769616162680642,-0.07334864055841697
Hopper-v5,583213049,l2_mode_trainreplay,low_frequency,2994879384,0.020533022781373426,0.15322109138235054,0.15322109138235054,0.18230940283396466,0.05479111122730091,0.05731117321969328
Hopper-v5,583213049,l2_mode_trainreplay,low_frequency,3308987476,0.003253510122693246,0.16860926352170275,0.16860926352170275,0.22751128717992297,-0.2657148069114966,-0.2896628334879224
Hopper-v5,583213049,l2_mode_trainreplay,low_frequency,4010771860,-0.005750652332470751,0.15154061197113208,0.15154061197113208,0.1991862038005782,-0.21702274902181462,-0.2303678551382391
Hopper-v5,583213049,l2_mode_trainreplay,low_frequency,4218259887,0.0007727394920004623,0.15731000967055728,0.15731000967055728,0.21484643725821187,0.07140814069759703,0.084483279953671
Hopper-v5,583213049,l2_mode_trainreplay,mixed,98480853,0.01013014129211799,0.1334374553343726,0.1334374553343726,0.18026506532483533,-0.3440445708552546,-0.3651658046546306
Hopper-v5,583213049,l2_mode_trainreplay,mixed,324724199,0.006841122797160708,0.17543182513695957,0.17543182513695957,0.2299140767807177,-0.17529944761049765,-0.18302387247871355
Hopper-v5,583213049,l2_mode_trainreplay,mixed,1045477827,-0.01454506163862998,0.15306853292727252,0.15306853292727252,0.19544218250075046,-0.2611386461841957,-0.29365981805375313
Hopper-v5,583213049,l2_mode_trainreplay,mixed,1767642859,0.0006351822401136548,0.1403592202054186,0.1403592202054186,0.1944012007321576,-0.09700494937656148,-0.10229404521701643
Hopper-v5,583213049,l2_mode_trainreplay,mixed,2994879384,0.02136009035014092,0.15529893579894546,0.15529893579894546,0.18277869018165324,0.06017551963751355,0.06233480086817414
Hopper-v5,583213049,l2_mode_trainreplay,mixed,3308987476,0.0037669521533198265,0.17325600749495812,0.17325600749495812,0.22767373487520892,-0.26462882897885015,-0.2912925733042915
Hopper-v5,583213049,l2_mode_trainreplay,mixed,4010771860,-0.008176396651953638,0.14942721006390638,0.14942721006390638,0.19838554682444712,-0.20817475414572215,-0.22285835477029375
Hopper-v5,583213049,l2_mode_trainreplay,mixed,4218259887,0.00268922789129504,0.15964604102155922,0.15964604102155922,0.21471830129386402,0.06545738668797639,0.0761736930460153
Hopper-v5,583213049,l2_mode_trainreplay,ood_chirp,98480853,0.005165498869000748,0.16972134910034525,0.16972134910034525,0.207489368200822,-0.2681279236724374,-0.287554180661859
Hopper-v5,583213049,l2_mode_trainreplay,ood_chirp,324724199,0.0025585114226936443,0.16959968840551665,0.16959968840551665,0.22953648604384314,-0.2160621645209871,-0.22496360546759656
Hopper-v5,583213049,l2_mode_trainreplay,ood_chirp,1045477827,0.004055392561549777,0.150025442094359,0.150025442094359,0.18592640937936658,-0.22846576307962368,-0.24973964479016206
Hopper-v5,583213049,l2_mode_trainreplay,ood_chirp,1767642859,0.007948577751296556,0.15634832595864653,0.15634832595864653,0.21252296721016722,-0.03806664869189173,-0.03617827270363603
Hopper-v5,583213049,l2_mode_trainreplay,ood_chirp,2994879384,0.0032734259497473966,0.1400199008242162,0.1400199008242162,0.18467647805371662,0.055284400992328495,0.0639596504118361
Hopper-v5,583213049,l2_mode_trainreplay,ood_chirp,3308987476,0.01186928374460214,0.18832801009916747,0.18832801009916747,0.22346213576210466,-0.18297483905015785,-0.20070022698576917
Hopper-v5,583213049,l2_mode_trainreplay,ood_chirp,4010771860,-0.006591936476954249,0.1543856731842621,0.1543856731842621,0.20191095328678607,-0.23222981757209205,-0.2589568939978202
Hopper-v5,583213049,l2_mode_trainreplay,ood_chirp,4218259887,0.0053582557500855225,0.1691507967303216,0.1691507967303216,0.22177001192158588,0.005207751029601664,0.01771892949374131
Hopper-v5,583213049,l2_mode_trainreplay,standard,98480853,0.0010590700842102426,0.17886928011764563,0.17886928011764563,0.22495068886167782,-0.2760362438765967,-0.2926792625534955
Hopper-v5,583213049,l2_mode_trainreplay,standard,324724199,0.004887868955878701,0.18019212764383402,0.18019212764383402,0.22062807431159406,-0.2186135870530628,-0.23381746663066139
Hopper-v5,583213049,l2_mode_trainreplay,standard,1045477827,0.008390415153674096,0.17713282746148623,0.17713282746148623,0.2193558285273218,-0.16184559227668602,-0.1693926276456913
Hopper-v5,583213049,l2_mode_trainreplay,standard,1767642859,0.004829437449019059,0.17182322632838845,0.17182322632838845,0.21832760820752706,-0.15566385381148498,-0.1615014829530611
Hopper-v5,583213049,l2_mode_trainreplay,standard,2994879384,-0.003899188639719547,0.18084388086238623,0.18084388086238623,0.2281162016285897,-0.28056675344471455,-0.29316146483720823
Hopper-v5,583213049,l2_mode_trainreplay,standard,3308987476,0.00010873571759714376,0.17869959268321595,0.17869959268321595,0.21972179698943747,-0.26898780072127104,-0.2942620354966776
Hopper-v5,583213049,l2_mode_trainreplay,standard,4010771860,0.0038356143400803617,0.17194780634750909,0.17194780634750909,0.22009227135363543,-0.1694368609498958,-0.17575880050880333
Hopper-v5,583213049,l2_mode_trainreplay,standard,4218259887,0.006529725813813946,0.1727722306943148,0.1727722306943148,0.2183584628724111,-0.15218039065682748,-0.15827566584195157
Hopper-v5,583213049,l2_path_trainreplay,high_frequency,98480853,0.017800028733479377,0.46536837863978064,0.46536837863978064,0.42362313209658137,0.12667768743912053,0.13589418178400112
Hopper-v5,583213049,l2_path_trainreplay,high_frequency,324724199,0.004076717251814711,0.4450547174931325,0.4450547174931325,0.41032555369506474,0.1482065970834586,0.1657360120581615
Hopper-v5,583213049,l2_path_trainreplay,high_frequency,1045477827,0.021131951883317124,0.4492140731692134,0.4492140731692134,0.41869831991388234,0.2062935847684099,0.23083009562083642
Hopper-v5,583213049,l2_path_trainreplay,high_frequency,1767642859,0.019230281729951334,0.4527805563168108,0.4527805563168108,0.41089003599058205,0.12058108849273047,0.13975629985395266
Hopper-v5,583213049,l2_path_trainreplay,high_frequency,2994879384,0.01693231572952679,0.4722484891248387,0.4722484891248387,0.43454875835122186,0.11545113994738686,0.1335811666627445
Hopper-v5,583213049,l2_path_trainreplay,high_frequency,3308987476,0.02202852780606499,0.445834357700622,0.445834357700622,0.40100455118302386,0.01771704356483904,0.028524119100808532
Hopper-v5,583213049,l2_path_trainreplay,high_frequency,4010771860,0.011691906328571415,0.4510917255630486,0.4510917255630486,0.4035543149422287,0.1579335928849448,0.16725697757069533
Hopper-v5,583213049,l2_path_trainreplay,high_frequency,4218259887,0.017857097297584838,0.4742066478075477,0.4742066478075477,0.42482164017898394,0.13542370673771667,0.14710836572693967
Hopper-v5,583213049,l2_path_trainreplay,low_frequency,98480853,0.028154728664129436,0.33284212114737144,0.33284212114737144,0.3071073984880538,0.15119616500566552,0.16836478569545227
Hopper-v5,583213049,l2_path_trainreplay,low_frequency,324724199,0.016146695197630012,0.47964077496767044,0.47964077496767044,0.4973649483066777,-0.2323368277153613,-0.22612878365968592
Hopper-v5,583213049,l2_path_trainreplay,low_frequency,1045477827,-0.004887056775865852,0.3495304093516795,0.3495304093516795,0.32408047672839846,-0.14679740444145886,-0.17703250430876324
Hopper-v5,583213049,l2_path_trainreplay,low_frequency,1767642859,0.005012249112419041,0.33563122652036986,0.33563122652036986,0.3487119916375654,0.19534839489998299,0.21029832460076428
Hopper-v5,583213049,l2_path_trainreplay,low_frequency,2994879384,0.025113753295706,0.3407619477321323,0.3407619477321323,0.31432313383454136,0.41008053090516167,0.4429665860052286
Hopper-v5,583213049,l2_path_trainreplay,low_frequency,3308987476,0.025898047483492618,0.523191305651615,0.523191305651615,0.5063490600083116,-0.17030158356668793,-0.16672068593194952
Hopper-v5,583213049,l2_path_trainreplay,low_frequency,4010771860,-0.002611489393418902,0.32128168959815173,0.32128168959815173,0.28045226543178303,0.10904996174106599,0.12118665980797161
Hopper-v5,583213049,l2_path_trainreplay,low_frequency,4218259887,0.0033117918252009372,0.5289437438966897,0.5289437438966897,0.4956304793979843,0.4102279545069807,0.44387644985274516
Hopper-v5,583213049,l2_path_trainreplay,mixed,98480853,0.022065079831353696,0.3258205672057837,0.3258205672057837,0.308948649804344,0.04352998585404195,0.053051358215371366
Hopper-v5,583213049,l2_path_trainreplay,mixed,324724199,0.0168221121369437,0.45411329793919636,0.45411329793919636,0.4863513575645954,-0.18621666471893542,-0.17776030678133026
Hopper-v5,583213049,l2_path_trainreplay,mixed,1045477827,-0.00434507308126632,0.3435458455903422,0.3435458455903422,0.32145099981562436,-0.15078165192782017,-0.1786221543002228
Hopper-v5,583213049,l2_path_trainreplay,mixed,1767642859,0.004717942905538249,0.3302389947760365,0.3302389947760365,0.34445426677937924,0.18343762257180035,0.2015167726105557
Hopper-v5,583213049,l2_path_trainreplay,mixed,2994879384,0.009585145938846682,0.3252906568582613,0.3252906568582613,0.3018818275989377,0.4053308580254456,0.4378805245801169
Hopper-v5,583213049,l2_path_trainreplay,mixed,3308987476,0.02825042537913741,0.5316700314475784,0.5316700314475784,0.5067424299106235,-0.14201438213999268,-0.13722517750367974
Hopper-v5,583213049,l2_path_trainreplay,mixed,4010771860,-0.0026656720350965507,0.32626517731663646,0.32626517731663646,0.2867298166908091,0.12550188382150387,0.13396180922672335
Hopper-v5,583213049,l2_path_trainreplay,mixed,4218259887,0.008692345652947638,0.5478657159876672,0.5478657159876672,0.5069239565845959,0.3984388052553303,0.42617756652055794
Hopper-v5,583213049,l2_path_trainreplay,ood_chirp,98480853,0.0296629295196734,0.3811293431077578,0.3811293431077578,0.3513556996886622,-0.006903347115921299,-0.011370317225605027
Hopper-v5,583213049,l2_path_trainreplay,ood_chirp,324724199,0.025400031871089582,0.6086940606804068,0.6086940606804068,0.5719650082018825,-0.10759108538285654,-0.10126953763419506
Hopper-v5,583213049,l2_path_trainreplay,ood_chirp,1045477827,-0.004813387869668727,0.3132871103431686,0.3132871103431686,0.29836178762710674,-0.09084926506817487,-0.09648832077888962
Hopper-v5,583213049,l2_path_trainreplay,ood_chirp,1767642859,0.011264895763043759,0.4292218013871847,0.4292218013871847,0.4264689038680933,0.2382605751008297,0.2664109340731903
Hopper-v5,583213049,l2_path_trainreplay,ood_chirp,2994879384,0.010029135755648386,0.30108308788767196,0.30108308788767196,0.28418703417461244,0.4161260109034432,0.4511536226003721
Hopper-v5,583213049,l2_path_trainreplay,ood_chirp,3308987476,0.021749973604485332,0.5914301764298068,0.5914301764298068,0.5246068788251329,-0.15255977750626148,-0.1535122427388266
Hopper-v5,583213049,l2_path_trainreplay,ood_chirp,4010771860,0.005799454660808715,0.3240190702864459,0.3240190702864459,0.2839456175467039,0.012070076789277275,0.0020833603229268795
Hopper-v5,583213049,l2_path_trainreplay,ood_chirp,4218259887,0.008048164296911556,0.5150685631436452,0.5150685631436452,0.464509426154048,0.31425016151942853,0.34882112074785554
Hopper-v5,583213049,l2_path_trainreplay,standard,98480853,0.015794060339789404,0.4658285856591694,0.4658285856591694,0.4223613819836166,0.02593341888765725,0.030552908997801245
Hopper-v5,583213049,l2_path_trainreplay,standard,324724199,0.009559677577456894,0.4606420710522519,0.4606420710522519,0.4177832896566263,0.060213247452085686,0.06811587755863936
Hopper-v5,583213049,l2_path_trainreplay,standard,1045477827,0.005839655008688473,0.46272880305458314,0.46272880305458314,0.43252972113051824,0.135677745792917,0.1553054818017725
Hopper-v5,583213049,l2_path_trainreplay,standard,1767642859,0.023048889811446552,0.45308175224660147,0.45308175224660147,0.41264392128150734,0.14839419668784432,0.16811970694325748
Hopper-v5,583213049,l2_path_trainreplay,standard,2994879384,0.01499250433910373,0.4613662077623635,0.4613662077623635,0.42792913364165863,0.02500719558636582,0.03706167979006843
Hopper-v5,583213049,l2_path_trainreplay,standard,3308987476,0.012069920133604813,0.44454296823046485,0.44454296823046485,0.40106769633145456,-0.003587756653007192,-0.002061399324004125
Hopper-v5,583213049,l2_path_trainreplay,standard,4010771860,0.020450993103963252,0.45497461497192165,0.45497461497192165,0.4019993901507684,0.12586720858521935,0.1365168456795861
Hopper-v5,583213049,l2_path_trainreplay,standard,4218259887,0.021384862407980744,0.45964604322161795,0.45964604322161795,0.41201104631160296,0.11883214802271734,0.12928314901255594
Hopper-v5,583213049,l2_path_freeze_trainreplay,high_frequency,98480853,0.022904009052074837,-0.08986023952942601,-0.08986023952942601,-0.08411411419878953,-0.2837504423870116,-0.2982738087050517
Hopper-v5,583213049,l2_path_freeze_trainreplay,high_frequency,324724199,0.023039598476141936,-0.09700458233249018,-0.09700458233249018,-0.09041131842015114,-0.2189796004540803,-0.23032589500412795
Hopper-v5,583213049,l2_path_freeze_trainreplay,high_frequency,1045477827,0.024387042703034167,-0.09934876070540008,-0.09934876070540008,-0.09087992052384376,-0.18831026887240046,-0.19523220009594494
Hopper-v5,583213049,l2_path_freeze_trainreplay,high_frequency,1767642859,0.028381955129257584,-0.08749399885950222,-0.08749399885950222,-0.08517053742995949,-0.29684954739085656,-0.3140832143017356
Hopper-v5,583213049,l2_path_freeze_trainreplay,high_frequency,2994879384,0.026826547665857844,-0.08257243045938176,-0.08257243045938176,-0.08053440740361482,-0.2860703170659465,-0.2989284007621165
Hopper-v5,583213049,l2_path_freeze_trainreplay,high_frequency,3308987476,0.02413012456385011,-0.0846775912456303,-0.0846775912456303,-0.08077366909217554,-0.3579118252021364,-0.37719628971229735
Hopper-v5,583213049,l2_path_freeze_trainreplay,high_frequency,4010771860,0.02086046711809557,-0.09985620008191048,-0.09985620008191048,-0.09282062786437177,-0.20578684220792334,-0.21880410088746094
Hopper-v5,583213049,l2_path_freeze_trainreplay,high_frequency,4218259887,0.02164310987101529,-0.09494936623219184,-0.09494936623219184,-0.08625681473319712,-0.26961559682930686,-0.2811555807903877
Hopper-v5,583213049,l2_path_freeze_trainreplay,low_frequency,98480853,0.0452030762137174,-0.10520980974443975,-0.10520980974443975,-0.12429703712516503,-0.19440201674299337,-0.20782651466102972
Hopper-v5,583213049,l2_path_freeze_trainreplay,low_frequency,324724199,0.004886472022263541,-0.1265900851556653,-0.1265900851556653,-0.06993246414352264,-0.39739950302809773,-0.4109536232658728
Hopper-v5,583213049,l2_path_freeze_trainreplay,low_frequency,1045477827,-0.0034854102720390293,-0.09460837427046148,-0.09460837427046148,-0.09920342585103867,-0.25762036382209696,-0.31090698795479077
Hopper-v5,583213049,l2_path_freeze_trainreplay,low_frequency,1767642859,0.0027256936184303646,-0.08241504208718733,-0.08241504208718733,-0.06901926275958467,-0.22805491228249666,-0.2465786420441211
Hopper-v5,583213049,l2_path_freeze_trainreplay,low_frequency,2994879384,0.02319014250699888,-0.06411803270328736,-0.06411803270328736,-0.079696517230428,-0.18946973598930367,-0.19311102217230955
Hopper-v5,583213049,l2_path_freeze_trainreplay,low_frequency,3308987476,0.0224946856712711,-0.09899284667714932,-0.09899284667714932,-0.07553567638163185,-0.2704205972663347,-0.2873090041881739
Hopper-v5,583213049,l2_path_freeze_trainreplay,low_frequency,4010771860,-0.0028606155477931255,-0.08580104223633589,-0.08580104223633589,-0.09118862628084153,-0.2806821389366334,-0.32234849181245073
Hopper-v5,583213049,l2_path_freeze_trainreplay,low_frequency,4218259887,0.005987766846765517,-0.0858638982801422,-0.0858638982801422,-0.05877666216606164,-0.18092428187743925,-0.18358326147136808
Hopper-v5,583213049,l2_path_freeze_trainreplay,mixed,98480853,0.04041023715721246,-0.10639792320694073,-0.10639792320694073,-0.11998468003511922,-0.3174592445425325,-0.3397659128170933
Hopper-v5,583213049,l2_path_freeze_trainreplay,mixed,324724199,0.00786235158435563,-0.14151923899504024,-0.14151923899504024,-0.08170359295460682,-0.2667624652996345,-0.2696022602507488
Hopper-v5,583213049,l2_path_freeze_trainreplay,mixed,1045477827,-0.0009567212493327624,-0.09533800548826415,-0.09533800548826415,-0.09943688624718218,-0.28589880559500935,-0.33802315439499664
Hopper-v5,583213049,l2_path_freeze_trainreplay,mixed,1767642859,0.0014893388119634075,-0.08380168875493314,-0.08380168875493314,-0.06848650533924665,-0.2638466231989528,-0.2806738330234803
Hopper-v5,583213049,l2_path_freeze_trainreplay,mixed,2994879384,0.02425489613374906,-0.0638158818160426,-0.0638158818160426,-0.07978952781186725,-0.1862325329670193,-0.18920459686487404
Hopper-v5,583213049,l2_path_freeze_trainreplay,mixed,3308987476,0.023580849202429154,-0.09698368789815037,-0.09698368789815037,-0.0754785005088497,-0.2790127360818415,-0.2972946427052162
Hopper-v5,583213049,l2_path_freeze_trainreplay,mixed,4010771860,-0.00410396442835401,-0.08509442295749742,-0.08509442295749742,-0.08981760652682737,-0.2859345275291018,-0.3268126101723154
Hopper-v5,583213049,l2_path_freeze_trainreplay,mixed,4218259887,0.01046342476442849,-0.07767833883517154,-0.07767833883517154,-0.05970255790376268,-0.1660156121446489,-0.17081316069757857
Hopper-v5,583213049,l2_path_freeze_trainreplay,ood_chirp,98480853,0.03897549584968564,-0.09410340910352018,-0.09410340910352018,-0.10597708513436324,-0.3479772748250359,-0.3728293172896633
Hopper-v5,583213049,l2_path_freeze_trainreplay,ood_chirp,324724199,0.03788774730713065,-0.07268899380391304,-0.07268899380391304,-0.06623351761466688,-0.18861206380629789,-0.1984767562083084
Hopper-v5,583213049,l2_path_freeze_trainreplay,ood_chirp,1045477827,-0.004800576108623152,-0.10324010687132991,-0.10324010687132991,-0.10168905321464747,-0.24414959595851915,-0.289546924278417
Hopper-v5,583213049,l2_path_freeze_trainreplay,ood_chirp,1767642859,0.012100762946590491,-0.0904485085262174,-0.0904485085262174,-0.06530466784506031,-0.2155418428890298,-0.2262188636565988
Hopper-v5,583213049,l2_path_freeze_trainreplay,ood_chirp,2994879384,0.009140627377627625,-0.09337058607165476,-0.09337058607165476,-0.09098796880204113,-0.18245538847029147,-0.19107948909618885
Hopper-v5,583213049,l2_path_freeze_trainreplay,ood_chirp,3308987476,0.03134535792926652,-0.0549574114621877,-0.0549574114621877,-0.07144568502820925,-0.23919201458033287,-0.266151548530639
Hopper-v5,583213049,l2_path_freeze_trainreplay,ood_chirp,4010771860,-0.0009941268657864054,-0.09170889116496632,-0.09170889116496632,-0.08783665211865278,-0.3274004437947344,-0.36769676153173125
Hopper-v5,583213049,l2_path_freeze_trainreplay,ood_chirp,4218259887,0.009165861434381719,-0.08725181237351509,-0.08725181237351509,-0.06453648698803888,-0.2622302410281627,-0.26612802025443044
Hopper-v5,583213049,l2_path_freeze_trainreplay,standard,98480853,0.02121967549834449,-0.08652285285488016,-0.08652285285488016,-0.07949118792849873,-0.3761372120182234,-0.39797913800321116
Hopper-v5,583213049,l2_path_freeze_trainreplay,standard,324724199,0.015288507773266034,-0.07850063431501389,-0.07850063431501389,-0.07540582842853129,-0.30807959419964254,-0.32780883036800895
Hopper-v5,583213049,l2_path_freeze_trainreplay,standard,1045477827,0.022502433261333953,-0.08790127231811576,-0.08790127231811576,-0.08454924975015003,-0.25932997798597707,-0.2717612224782348
Hopper-v5,583213049,l2_path_freeze_trainreplay,standard,1767642859,0.02028979157961203,-0.09361407485634271,-0.09361407485634271,-0.08829130691204705,-0.2579125702183691,-0.27095132792791166
Hopper-v5,583213049,l2_path_freeze_trainreplay,standard,2994879384,0.03312174281382253,-0.08511907869786985,-0.08511907869786985,-0.08355902566926532,-0.3675060888653082,-0.3866502765854689
Hopper-v5,583213049,l2_path_freeze_trainreplay,standard,3308987476,0.011727145696267935,-0.07494142357008667,-0.07494142357008667,-0.0759021076456029,-0.3560227573158207,-0.3882897492439469
Hopper-v5,583213049,l2_path_freeze_trainreplay,standard,4010771860,0.02356242233797468,-0.09969695436558978,-0.09969695436558978,-0.08854716265015715,-0.2868066545288607,-0.2997040312822038
Hopper-v5,583213049,l2_path_freeze_trainreplay,standard,4218259887,0.023007774468773844,-0.09403989313098697,-0.09403989313098697,-0.08760118681078358,-0.2593586919166565,-0.27179567026978513
Hopper-v5,583213049,l2_path_freeze_crossreplay,high_frequency,98480853,0.016829738586359458,-0.005550667774351894,-0.005550667774351894,0.024018744996321777,-0.30272871341753466,-0.3173154105529236
Hopper-v5,583213049,l2_path_freeze_crossreplay,high_frequency,324724199,0.02568991845729049,-0.007730999646351777,-0.007730999646351777,0.016151876349516255,-0.18831081773870642,-0.19877133560770513
Hopper-v5,583213049,l2_path_freeze_crossreplay,high_frequency,1045477827,0.01991348714871506,-0.014244242400012087,-0.014244242400012087,0.014686659831591653,-0.17632967127965785,-0.18147932186721197
Hopper-v5,583213049,l2_path_freeze_crossreplay,high_frequency,1767642859,0.017290959670761278,-0.004398291886071658,-0.004398291886071658,0.02354199033918441,-0.34035159090438066,-0.35689594871222957
Hopper-v5,583213049,l2_path_freeze_crossreplay,high_frequency,2994879384,0.011263704029217104,0.0068073804281044495,0.0068073804281044495,0.03187430604963569,-0.26891324372772596,-0.2801778723749248
Hopper-v5,583213049,l2_path_freeze_crossreplay,high_frequency,3308987476,0.022633983067561595,0.0014663928210026627,0.0014663928210026627,0.024012303720505498,-0.32339446727741955,-0.3409527853216266
Hopper-v5,583213049,l2_path_freeze_crossreplay,high_frequency,4010771860,0.015606598772615252,-0.016126897892219688,-0.016126897892219688,0.013761281843084169,-0.19514912812937726,-0.20542633949767014
Hopper-v5,583213049,l2_path_freeze_crossreplay,high_frequency,4218259887,0.016611760760900034,-0.00922543545439296,-0.00922543545439296,0.020913735915545087,-0.25650246643939,-0.2658114878456476
Hopper-v5,583213049,l2_path_freeze_crossreplay,low_frequency,98480853,0.03561342028785848,-0.032528799342698714,-0.032528799342698714,-0.02884260783800322,-0.1911205106056221,-0.20425159329666953
Hopper-v5,583213049,l2_path_freeze_crossreplay,low_frequency,324724199,0.01632369385508872,-0.03361189610097308,-0.03361189610097308,0.0335307090479487,-0.3545241243556571,-0.36909570230501826
Hopper-v5,583213049,l2_path_freeze_crossreplay,low_frequency,1045477827,0.002500224230535348,-0.008450306801436847,-0.008450306801436847,0.0005681306520713734,-0.2185359779025536,-0.26443212057184445
Hopper-v5,583213049,l2_path_freeze_crossreplay,low_frequency,1767642859,0.012130737977675101,-0.026058062492378988,-0.026058062492378988,0.012710586990022298,-0.15591771120155648,-0.17138180948297188
Hopper-v5,583213049,l2_path_freeze_crossreplay,low_frequency,2994879384,0.021230862533611363,0.019062832156730845,0.019062832156730845,0.02043606851026531,-0.13383004481318808,-0.1351972515965592
Hopper-v5,583213049,l2_path_freeze_crossreplay,low_frequency,3308987476,0.02343091840490536,-0.017787929661802912,-0.017787929661802912,0.02742820528375921,-0.25750199209762537,-0.27385532189123746
Hopper-v5,583213049,l2_path_freeze_crossreplay,low_frequency,4010771860,0.007492507869257358,-0.004172933563333021,-0.004172933563333021,0.006477207373587427,-0.24579576770374353,-0.2836451701795164
Hopper-v5,583213049,l2_path_freeze_crossreplay,low_frequency,4218259887,0.01351307267758683,-0.006738163556417138,-0.006738163556417138,0.03784687120908446,-0.0873303348198101,-0.08619042019301379
Hopper-v5,583213049,l2_path_freeze_crossreplay,mixed,98480853,0.028687381367623586,-0.034651861255658514,-0.034651861255658514,-0.024871209198913665,-0.3118102804335331,-0.3334046141606076
Hopper-v5,583213049,l2_path_freeze_crossreplay,mixed,324724199,0.00657113271143541,-0.05421006372712915,-0.05421006372712915,0.02496070500308261,-0.23916258547960728,-0.24336115319007484
Hopper-v5,583213049,l2_path_freeze_crossreplay,mixed,1045477827,-0.012292898942839326,-0.01099908444264857,-0.01099908444264857,0.004691450941459486,-0.2543133159364947,-0.30194984693865456
Hopper-v5,583213049,l2_path_freeze_crossreplay,mixed,1767642859,0.012921857678233648,-0.025531059259643652,-0.025531059259643652,0.014272951600502536,-0.19346849153250542,-0.2078752569219954
Hopper-v5,583213049,l2_path_freeze_crossreplay,mixed,2994879384,0.028272270360796027,0.021135464814766417,0.021135464814766417,0.019977857479527,-0.12230270557501566,-0.1263887237536782
Hopper-v5,583213049,l2_path_freeze_crossreplay,mixed,3308987476,0.010170600373400677,-0.015996513947394368,-0.015996513947394368,0.03280302912083104,-0.2799058755164034,-0.29858554287651273
Hopper-v5,583213049,l2_path_freeze_crossreplay,mixed,4010771860,0.006173538100754007,-0.0019116235643439913,-0.0019116235643439913,0.009176547708941276,-0.2498775053738253,-0.2872085929055367
Hopper-v5,583213049,l2_path_freeze_crossreplay,mixed,4218259887,0.01689735640255929,-0.0015076930386690363,-0.0015076930386690363,0.03684138821193575,-0.08482864352298053,-0.0857464389375271
Hopper-v5,583213049,l2_path_freeze_crossreplay,ood_chirp,98480853,0.0272727881361083,-0.016678079676343233,-0.016678079676343233,-0.004421373351170701,-0.34781260943699827,-0.37135755208368526
Hopper-v5,583213049,l2_path_freeze_crossreplay,ood_chirp,324724199,0.032131826423045,0.007277979810301809,0.007277979810301809,0.03694553611921995,-0.21431252202285547,-0.2239110356167502
Hopper-v5,583213049,l2_path_freeze_crossreplay,ood_chirp,1045477827,0.0025097606632681698,-0.02355818219756201,-0.02355818219756201,-0.006168751629923663,-0.20629717596148273,-0.24061479250233553
Hopper-v5,583213049,l2_path_freeze_crossreplay,ood_chirp,1767642859,-0.0005860505014134022,-0.018941925278033157,-0.018941925278033157,0.0370662721856947,-0.17198789382929505,-0.1781025762644613
Hopper-v5,583213049,l2_path_freeze_crossreplay,ood_chirp,2994879384,0.013008605785557917,-0.020121096233444952,-0.020121096233444952,-0.0014644721425207568,-0.10636155183688854,-0.11219687967987158
Hopper-v5,583213049,l2_path_freeze_crossreplay,ood_chirp,3308987476,0.021437871775090794,0.023174510479537353,0.023174510479537353,0.030696507392662168,-0.23856260021977116,-0.2633084337875971
Hopper-v5,583213049,l2_path_freeze_crossreplay,ood_chirp,4010771860,-0.014496459408611006,-0.006356195458410403,-0.006356195458410403,0.02049176287320964,-0.3545356338839312,-0.39685319785672624
Hopper-v5,583213049,l2_path_freeze_crossreplay,ood_chirp,4218259887,0.0023256864075816724,-0.004805602172993366,-0.004805602172993366,0.0400632849486618,-0.16813827290336703,-0.1662834598703092
Hopper-v5,583213049,l2_path_freeze_crossreplay,standard,98480853,0.020244967331814582,0.0017389464000347689,0.0017389464000347689,0.02668482437208459,-0.34299719208480384,-0.36280622084043945
Hopper-v5,583213049,l2_path_freeze_crossreplay,standard,324724199,0.0076143698527970415,0.008805798342077854,0.008805798342077854,0.03360081154016642,-0.33006404653847776,-0.3502031657600223
Hopper-v5,583213049,l2_path_freeze_crossreplay,standard,1045477827,0.027280141424485996,0.00024323050787734314,0.00024323050787734314,0.020850461607374082,-0.22693959854939005,-0.23830095373692017
Hopper-v5,583213049,l2_path_freeze_crossreplay,standard,1767642859,0.02376736876781919,-0.00828629952248477,-0.00828629952248477,0.016620281592112367,-0.22287694344508574,-0.23325839862474657
Hopper-v5,583213049,l2_path_freeze_crossreplay,standard,2994879384,0.03005232591717632,0.002651351837992019,0.002651351837992019,0.021708926877966637,-0.32985234570394273,-0.34643700670539707
Hopper-v5,583213049,l2_path_freeze_crossreplay,standard,3308987476,0.007021466813599931,0.010077787623732523,0.010077787623732523,0.03184074985994734,-0.38032078296219013,-0.4143256783675911
Hopper-v5,583213049,l2_path_freeze_crossreplay,standard,4010771860,0.018193773875176976,-0.01545961630148339,-0.01545961630148339,0.018367682307838445,-0.27601166432792157,-0.2871409517889695
Hopper-v5,583213049,l2_path_freeze_crossreplay,standard,4218259887,0.018011119407755825,-0.01042447122924625,-0.01042447122924625,0.02073735841377278,-0.27673804929873247,-0.2893937573026835
Walker2d-v5,3493980176,worst_mode_trainreplay,high_frequency,98480853,0.0038248989105998253,0.11286940485552675,0.11286940485552675,0.11406915438607815,0.07379406579274106,0.08535917878508648
Walker2d-v5,3493980176,worst_mode_trainreplay,high_frequency,324724199,0.0003928928358676071,0.11049336656771046,0.11049336656771046,0.11136369784333691,0.0812168271380421,0.09341674280916408
Walker2d-v5,3493980176,worst_mode_trainreplay,high_frequency,1045477827,-0.018326414614803565,0.10449771584225166,0.10449771584225166,0.10680446681304032,0.09155945136836177,0.10024658109920526
Walker2d-v5,3493980176,worst_mode_trainreplay,high_frequency,1767642859,-0.02854293849910363,0.12927643918034573,0.12927643918034573,0.13334109981140063,-0.04431324641749078,-0.13983303994017696
Walker2d-v5,3493980176,worst_mode_trainreplay,high_frequency,2994879384,-0.0009166454166441145,0.11300672607281628,0.11300672607281628,0.1143737989973867,0.06588183394295814,0.0638479125422662
Walker2d-v5,3493980176,worst_mode_trainreplay,high_frequency,3308987476,0.004603640224163323,0.11389510767972169,0.11389510767972169,0.11493876527202312,0.08702604497593641,0.08868022467458245
Walker2d-v5,3493980176,worst_mode_trainreplay,high_frequency,4010771860,0.003331089978357739,0.11124133466936201,0.11124133466936201,0.11189674304696648,0.10312396827855508,0.11727979499795527
Walker2d-v5,3493980176,worst_mode_trainreplay,high_frequency,4218259887,-0.002105541272849157,0.11209904791197735,0.11209904791197735,0.1134823122555256,0.06763225080792186,0.05976442199154232
Walker2d-v5,3493980176,worst_mode_trainreplay,low_frequency,98480853,0.004275859348091094,0.11599943248891649,0.11599943248891649,0.11700315330039585,0.04683519922361363,0.04401046323381438
Walker2d-v5,3493980176,worst_mode_trainreplay,low_frequency,324724199,0.007271505496850217,0.11208723255395388,0.11208723255395388,0.11257917984622166,0.1113953988199299,0.11452448217850396
Walker2d-v5,3493980176,worst_mode_trainreplay,low_frequency,1045477827,0.0008344658803911036,0.11039138994075384,0.11039138994075384,0.11122819494689752,0.10048400674834161,0.10493160424416371
Walker2d-v5,3493980176,worst_mode_trainreplay,low_frequency,1767642859,-0.0027409187326125186,0.11144115382155957,0.11144115382155957,0.11295116789082921,0.07861923907347268,0.07959318809784936
Walker2d-v5,3493980176,worst_mode_trainreplay,low_frequency,2994879384,-0.00034657861138570877,0.1138336463810761,0.1138336463810761,0.11549989587726837,0.0667584501541976,0.0649056408598764
Walker2d-v5,3493980176,worst_mode_trainreplay,low_frequency,3308987476,-0.0003204963565985619,0.11064914743551053,0.11064914743551053,0.11130864904830565,0.10616714833395838,0.11038907641808522
Walker2d-v5,3493980176,worst_mode_trainreplay,low_frequency,4010771860,0.004044376032480833,0.10533533059149791,0.10533533059149791,0.10640215728898819,0.0914176691775408,0.09744223249744022
Walker2d-v5,3493980176,worst_mode_trainreplay,low_frequency,4218259887,-0.0017394617325873515,0.1135809501564965,0.1135809501564965,0.11530726514445859,0.06752476162675156,0.06313402560657654
Walker2d-v5,3493980176,worst_mode_trainreplay,mixed,98480853,1.2808784551092094,0.4953390224994257,0.4953390224994257,0.4510015454358855,-0.7068206804532151,-0.7629065888738626
Walker2d-v5,3493980176,worst_mode_trainreplay,mixed,324724199,0.009856481375468521,0.10883740012838512,0.10883740012838512,0.10860724033426579,0.1371449652015954,0.2592694384309464
Walker2d-v5,3493980176,worst_mode_trainreplay,mixed,1045477827,0.0011845168609373054,0.11072167001112214,0.11072167001112214,0.11163295708545061,-0.013599599082058584,-0.08141418596548823
Walker2d-v5,3493980176,worst_mode_trainreplay,mixed,1767642859,-0.0033954815736869084,0.11077732760681237,0.11077732760681237,0.11223868114034206,0.07205981425966422,0.06452613923112317
Walker2d-v5,3493980176,worst_mode_trainreplay,mixed,2994879384,0.00011558086990112833,0.11421003280190395,0.11421003280190395,0.11590555308309146,0.0657496573336194,0.06385914717839289
Walker2d-v5,3493980176,worst_mode_trainreplay,mixed,3308987476,0.006751421892689478,0.1123705624779068,0.1123705624779068,0.11318679535514801,-0.11551228872659766,-0.3133407920404571
Walker2d-v5,3493980176,worst_mode_trainreplay,mixed,4010771860,-0.01338581945766714,0.103995705660907,0.103995705660907,0.10589426069123276,0.08529015420883101,0.08731574222617035
Walker2d-v5,3493980176,worst_mode_trainreplay,mixed,4218259887,-0.0027787770832834314,0.11233372925897248,0.11233372925897248,0.1136986316689517,0.0756225805957529,0.0746581400298236
Walker2d-v5,3493980176,worst_mode_trainreplay,ood_chirp,98480853,0.8949589075337226,0.3921877777369147,0.3921877777369147,0.34892359876128276,-0.6216956475917934,-0.6809015321832835
Walker2d-v5,3493980176,worst_mode_trainreplay,ood_chirp,324724199,-0.1196535722021379,0.16203890021481798,0.16203890021481798,0.1714730564951878,-0.10392095003104945,-0.10321465567588722
Walker2d-v5,3493980176,worst_mode_trainreplay,ood_chirp,1045477827,0.009891957989797542,0.11352691766666896,0.11352691766666896,0.11463320947531092,0.09514247929157346,0.1005297734835701
Walker2d-v5,3493980176,worst_mode_trainreplay,ood_chirp,1767642859,-0.00286551080835098,0.11097366071395513,0.11097366071395513,0.11251676614181955,0.1175281338750294,0.13765338739470998
Walker2d-v5,3493980176,worst_mode_trainreplay,ood_chirp,2994879384,0.00045778088013437144,0.11493517802210981,0.11493517802210981,0.11680868538988336,0.06372516066748651,0.061587980619608726
Walker2d-v5,3493980176,worst_mode_trainreplay,ood_chirp,3308987476,0.0036576662712732707,0.11297874802622979,0.11297874802622979,0.11401482930110309,0.09667500909128227,0.13017801538661805
Walker2d-v5,3493980176,worst_mode_trainreplay,ood_chirp,4010771860,0.007305682245178556,0.10565093897256603,0.10565093897256603,0.10688664646292032,0.08086069477214464,0.07452497576932737
Walker2d-v5,3493980176,worst_mode_trainreplay,ood_chirp,4218259887,-0.002195955499570336,0.11289401057722917,0.11289401057722917,0.11459105929389368,0.07451694407658446,0.07434450061091886
Walker2d-v5,3493980176,worst_mode_trainreplay,standard,98480853,0.005188558700119207,0.11386582846406408,0.11386582846406408,0.11524635536397262,0.08085055763615964,0.08410824328389009
Walker2d-v5,3493980176,worst_mode_trainreplay,standard,324724199,-0.0029028549255693233,0.11149968236171594,0.11149968236171594,0.1125055363094115,0.07355848679681777,0.07298556860511472
Walker2d-v5,3493980176,worst_mode_trainreplay,standard,1045477827,0.017843719134276688,0.1077149040112073,0.1077149040112073,0.10745380683570807,0.22038088980972803,0.2614163270254526
Walker2d-v5,3493980176,worst_mode_trainreplay,standard,1767642859,-0.0010587112879144045,0.11273255742840851,0.11273255742840851,0.11421680550586663,0.08861845705375153,0.09603425329497715
Walker2d-v5,3493980176,worst_mode_trainreplay,standard,2994879384,-0.004799025012425164,0.11030024024072996,0.11030024024072996,0.1110302316075118,0.08234046700031308,0.08290534232748717
Walker2d-v5,3493980176,worst_mode_trainreplay,standard,3308987476,0.004964052786793331,0.11424477719498793,0.11424477719498793,0.11529763380838677,0.08705691532941469,0.11943142764803347
Walker2d-v5,3493980176,worst_mode_trainreplay,standard,4010771860,0.007267754075482813,0.1110108109709115,0.1110108109709115,0.11142805855014254,0.1263989302382109,0.13836095414108585
Walker2d-v5,3493980176,worst_mode_trainreplay,standard,4218259887,-0.0028318995348727526,0.11162744263431783,0.11162744263431783,0.1128835979571054,0.09302098593423809,0.10141541037494227
Walker2d-v5,3493980176,l2_mode_trainreplay,high_frequency,98480853,0.0,0.0,0.0,0.0,0.0,0.0
Walker2d-v5,3493980176,l2_mode_trainreplay,high_frequency,324724199,0.0,0.0,0.0,0.0,0.0,0.0
Walker2d-v5,3493980176,l2_mode_trainreplay,high_frequency,1045477827,0.0,0.0,0.0,0.0,0.0,0.0
Walker2d-v5,3493980176,l2_mode_trainreplay,high_frequency,1767642859,0.0,0.0,0.0,0.0,0.0,0.0
Walker2d-v5,3493980176,l2_mode_trainreplay,high_frequency,2994879384,0.0,0.0,0.0,0.0,0.0,0.0
Walker2d-v5,3493980176,l2_mode_trainreplay,high_frequency,3308987476,0.0,0.0,0.0,0.0,0.0,0.0
Walker2d-v5,3493980176,l2_mode_trainreplay,high_frequency,4010771860,0.0,0.0,0.0,0.0,0.0,0.0
Walker2d-v5,3493980176,l2_mode_trainreplay,high_frequency,4218259887,0.0,0.0,0.0,0.0,0.0,0.0
Walker2d-v5,3493980176,l2_mode_trainreplay,low_frequency,98480853,0.0,0.0,0.0,0.0,0.0,0.0
Walker2d-v5,3493980176,l2_mode_trainreplay,low_frequency,324724199,0.0,0.0,0.0,0.0,0.0,0.0
Walker2d-v5,3493980176,l2_mode_trainreplay,low_frequency,1045477827,0.0,0.0,0.0,0.0,0.0,0.0
Walker2d-v5,3493980176,l2_mode_trainreplay,low_frequency,1767642859,0.0,0.0,0.0,0.0,0.0,0.0
Walker2d-v5,3493980176,l2_mode_trainreplay,low_frequency,2994879384,0.0,0.0,0.0,0.0,0.0,0.0
Walker2d-v5,3493980176,l2_mode_trainreplay,low_frequency,3308987476,0.0,0.0,0.0,0.0,0.0,0.0
Walker2d-v5,3493980176,l2_mode_trainreplay,low_frequency,4010771860,0.0,0.0,0.0,0.0,0.0,0.0
Walker2d-v5,3493980176,l2_mode_trainreplay,low_frequency,4218259887,0.0,0.0,0.0,0.0,0.0,0.0
Walker2d-v5,3493980176,l2_mode_trainreplay,mixed,98480853,0.0,0.0,0.0,0.0,0.0,0.0
Walker2d-v5,3493980176,l2_mode_trainreplay,mixed,324724199,0.0,0.0,0.0,0.0,0.0,0.0
Walker2d-v5,3493980176,l2_mode_trainreplay,mixed,1045477827,0.0,0.0,0.0,0.0,0.0,0.0
Walker2d-v5,3493980176,l2_mode_trainreplay,mixed,1767642859,0.0,0.0,0.0,0.0,0.0,0.0
Walker2d-v5,3493980176,l2_mode_trainreplay,mixed,2994879384,0.0,0.0,0.0,0.0,0.0,0.0
Walker2d-v5,3493980176,l2_mode_trainreplay,mixed,3308987476,0.0,0.0,0.0,0.0,0.0,0.0
Walker2d-v5,3493980176,l2_mode_trainreplay,mixed,4010771860,0.0,0.0,0.0,0.0,0.0,0.0
Walker2d-v5,3493980176,l2_mode_trainreplay,mixed,4218259887,0.0,0.0,0.0,0.0,0.0,0.0
Walker2d-v5,3493980176,l2_mode_trainreplay,ood_chirp,98480853,0.0,0.0,0.0,0.0,0.0,0.0
Walker2d-v5,3493980176,l2_mode_trainreplay,ood_chirp,324724199,0.0,0.0,0.0,0.0,0.0,0.0
Walker2d-v5,3493980176,l2_mode_trainreplay,ood_chirp,1045477827,0.0,0.0,0.0,0.0,0.0,0.0
Walker2d-v5,3493980176,l2_mode_trainreplay,ood_chirp,1767642859,0.0,0.0,0.0,0.0,0.0,0.0
Walker2d-v5,3493980176,l2_mode_trainreplay,ood_chirp,2994879384,0.0,0.0,0.0,0.0,0.0,0.0
Walker2d-v5,3493980176,l2_mode_trainreplay,ood_chirp,3308987476,0.0,0.0,0.0,0.0,0.0,0.0
Walker2d-v5,3493980176,l2_mode_trainreplay,ood_chirp,4010771860,0.0,0.0,0.0,0.0,0.0,0.0
Walker2d-v5,3493980176,l2_mode_trainreplay,ood_chirp,4218259887,0.0,0.0,0.0,0.0,0.0,0.0
Walker2d-v5,3493980176,l2_mode_trainreplay,standard,98480853,0.0,0.0,0.0,0.0,0.0,0.0
Walker2d-v5,3493980176,l2_mode_trainreplay,standard,324724199,0.0,0.0,0.0,0.0,0.0,0.0
Walker2d-v5,3493980176,l2_mode_trainreplay,standard,1045477827,0.0,0.0,0.0,0.0,0.0,0.0
Walker2d-v5,3493980176,l2_mode_trainreplay,standard,1767642859,0.0,0.0,0.0,0.0,0.0,0.0
Walker2d-v5,3493980176,l2_mode_trainreplay,standard,2994879384,0.0,0.0,0.0,0.0,0.0,0.0
Walker2d-v5,3493980176,l2_mode_trainreplay,standard,3308987476,0.0,0.0,0.0,0.0,0.0,0.0
Walker2d-v5,3493980176,l2_mode_trainreplay,standard,4010771860,0.0,0.0,0.0,0.0,0.0,0.0
Walker2d-v5,3493980176,l2_mode_trainreplay,standard,4218259887,0.0,0.0,0.0,0.0,0.0,0.0
Walker2d-v5,3493980176,l2_path_trainreplay,high_frequency,98480853,0.0,0.0,0.0,0.0,0.0,0.0
Walker2d-v5,3493980176,l2_path_trainreplay,high_frequency,324724199,0.0,0.0,0.0,0.0,0.0,0.0
Walker2d-v5,3493980176,l2_path_trainreplay,high_frequency,1045477827,0.0,0.0,0.0,0.0,0.0,0.0
Walker2d-v5,3493980176,l2_path_trainreplay,high_frequency,1767642859,0.0,0.0,0.0,0.0,0.0,0.0
Walker2d-v5,3493980176,l2_path_trainreplay,high_frequency,2994879384,0.0,0.0,0.0,0.0,0.0,0.0
Walker2d-v5,3493980176,l2_path_trainreplay,high_frequency,3308987476,0.0,0.0,0.0,0.0,0.0,0.0
Walker2d-v5,3493980176,l2_path_trainreplay,high_frequency,4010771860,0.0,0.0,0.0,0.0,0.0,0.0
Walker2d-v5,3493980176,l2_path_trainreplay,high_frequency,4218259887,0.0,0.0,0.0,0.0,0.0,0.0
Walker2d-v5,3493980176,l2_path_trainreplay,low_frequency,98480853,0.0,0.0,0.0,0.0,0.0,0.0
Walker2d-v5,3493980176,l2_path_trainreplay,low_frequency,324724199,0.0,0.0,0.0,0.0,0.0,0.0
Walker2d-v5,3493980176,l2_path_trainreplay,low_frequency,1045477827,0.0,0.0,0.0,0.0,0.0,0.0
Walker2d-v5,3493980176,l2_path_trainreplay,low_frequency,1767642859,0.0,0.0,0.0,0.0,0.0,0.0
Walker2d-v5,3493980176,l2_path_trainreplay,low_frequency,2994879384,0.0,0.0,0.0,0.0,0.0,0.0
Walker2d-v5,3493980176,l2_path_trainreplay,low_frequency,3308987476,0.0,0.0,0.0,0.0,0.0,0.0
Walker2d-v5,3493980176,l2_path_trainreplay,low_frequency,4010771860,0.0,0.0,0.0,0.0,0.0,0.0
Walker2d-v5,3493980176,l2_path_trainreplay,low_frequency,4218259887,0.0,0.0,0.0,0.0,0.0,0.0
Walker2d-v5,3493980176,l2_path_trainreplay,mixed,98480853,0.0,0.0,0.0,0.0,0.0,0.0
Walker2d-v5,3493980176,l2_path_trainreplay,mixed,324724199,0.0,0.0,0.0,0.0,0.0,0.0
Walker2d-v5,3493980176,l2_path_trainreplay,mixed,1045477827,0.0,0.0,0.0,0.0,0.0,0.0
Walker2d-v5,3493980176,l2_path_trainreplay,mixed,1767642859,0.0,0.0,0.0,0.0,0.0,0.0
Walker2d-v5,3493980176,l2_path_trainreplay,mixed,2994879384,0.0,0.0,0.0,0.0,0.0,0.0
Walker2d-v5,3493980176,l2_path_trainreplay,mixed,3308987476,0.0,0.0,0.0,0.0,0.0,0.0
Walker2d-v5,3493980176,l2_path_trainreplay,mixed,4010771860,0.0,0.0,0.0,0.0,0.0,0.0
Walker2d-v5,3493980176,l2_path_trainreplay,mixed,4218259887,0.0,0.0,0.0,0.0,0.0,0.0
Walker2d-v5,3493980176,l2_path_trainreplay,ood_chirp,98480853,0.0,0.0,0.0,0.0,0.0,0.0
Walker2d-v5,3493980176,l2_path_trainreplay,ood_chirp,324724199,0.0,0.0,0.0,0.0,0.0,0.0
Walker2d-v5,3493980176,l2_path_trainreplay,ood_chirp,1045477827,0.0,0.0,0.0,0.0,0.0,0.0
Walker2d-v5,3493980176,l2_path_trainreplay,ood_chirp,1767642859,0.0,0.0,0.0,0.0,0.0,0.0
Walker2d-v5,3493980176,l2_path_trainreplay,ood_chirp,2994879384,0.0,0.0,0.0,0.0,0.0,0.0
Walker2d-v5,3493980176,l2_path_trainreplay,ood_chirp,3308987476,0.0,0.0,0.0,0.0,0.0,0.0
Walker2d-v5,3493980176,l2_path_trainreplay,ood_chirp,4010771860,0.0,0.0,0.0,0.0,0.0,0.0
Walker2d-v5,3493980176,l2_path_trainreplay,ood_chirp,4218259887,0.0,0.0,0.0,0.0,0.0,0.0
Walker2d-v5,3493980176,l2_path_trainreplay,standard,98480853,0.0,0.0,0.0,0.0,0.0,0.0
Walker2d-v5,3493980176,l2_path_trainreplay,standard,324724199,0.0,0.0,0.0,0.0,0.0,0.0
Walker2d-v5,3493980176,l2_path_trainreplay,standard,1045477827,0.0,0.0,0.0,0.0,0.0,0.0
Walker2d-v5,3493980176,l2_path_trainreplay,standard,1767642859,0.0,0.0,0.0,0.0,0.0,0.0
Walker2d-v5,3493980176,l2_path_trainreplay,standard,2994879384,0.0,0.0,0.0,0.0,0.0,0.0
Walker2d-v5,3493980176,l2_path_trainreplay,standard,3308987476,0.0,0.0,0.0,0.0,0.0,0.0
Walker2d-v5,3493980176,l2_path_trainreplay,standard,4010771860,0.0,0.0,0.0,0.0,0.0,0.0
Walker2d-v5,3493980176,l2_path_trainreplay,standard,4218259887,0.0,0.0,0.0,0.0,0.0,0.0
Walker2d-v5,3493980176,l2_path_freeze_trainreplay,high_frequency,98480853,0.0,0.0,0.0,0.0,0.0,0.0
Walker2d-v5,3493980176,l2_path_freeze_trainreplay,high_frequency,324724199,0.0,0.0,0.0,0.0,0.0,0.0
Walker2d-v5,3493980176,l2_path_freeze_trainreplay,high_frequency,1045477827,0.0,0.0,0.0,0.0,0.0,0.0
Walker2d-v5,3493980176,l2_path_freeze_trainreplay,high_frequency,1767642859,0.0,0.0,0.0,0.0,0.0,0.0
Walker2d-v5,3493980176,l2_path_freeze_trainreplay,high_frequency,2994879384,0.0,0.0,0.0,0.0,0.0,0.0
Walker2d-v5,3493980176,l2_path_freeze_trainreplay,high_frequency,3308987476,0.0,0.0,0.0,0.0,0.0,0.0
Walker2d-v5,3493980176,l2_path_freeze_trainreplay,high_frequency,4010771860,0.0,0.0,0.0,0.0,0.0,0.0
Walker2d-v5,3493980176,l2_path_freeze_trainreplay,high_frequency,4218259887,0.0,0.0,0.0,0.0,0.0,0.0
Walker2d-v5,3493980176,l2_path_freeze_trainreplay,low_frequency,98480853,0.0,0.0,0.0,0.0,0.0,0.0
Walker2d-v5,3493980176,l2_path_freeze_trainreplay,low_frequency,324724199,0.0,0.0,0.0,0.0,0.0,0.0
Walker2d-v5,3493980176,l2_path_freeze_trainreplay,low_frequency,1045477827,0.0,0.0,0.0,0.0,0.0,0.0
Walker2d-v5,3493980176,l2_path_freeze_trainreplay,low_frequency,1767642859,0.0,0.0,0.0,0.0,0.0,0.0
Walker2d-v5,3493980176,l2_path_freeze_trainreplay,low_frequency,2994879384,0.0,0.0,0.0,0.0,0.0,0.0
Walker2d-v5,3493980176,l2_path_freeze_trainreplay,low_frequency,3308987476,0.0,0.0,0.0,0.0,0.0,0.0
Walker2d-v5,3493980176,l2_path_freeze_trainreplay,low_frequency,4010771860,0.0,0.0,0.0,0.0,0.0,0.0
Walker2d-v5,3493980176,l2_path_freeze_trainreplay,low_frequency,4218259887,0.0,0.0,0.0,0.0,0.0,0.0
Walker2d-v5,3493980176,l2_path_freeze_trainreplay,mixed,98480853,0.0,0.0,0.0,0.0,0.0,0.0
Walker2d-v5,3493980176,l2_path_freeze_trainreplay,mixed,324724199,0.0,0.0,0.0,0.0,0.0,0.0
Walker2d-v5,3493980176,l2_path_freeze_trainreplay,mixed,1045477827,0.0,0.0,0.0,0.0,0.0,0.0
Walker2d-v5,3493980176,l2_path_freeze_trainreplay,mixed,1767642859,0.0,0.0,0.0,0.0,0.0,0.0
Walker2d-v5,3493980176,l2_path_freeze_trainreplay,mixed,2994879384,0.0,0.0,0.0,0.0,0.0,0.0
Walker2d-v5,3493980176,l2_path_freeze_trainreplay,mixed,3308987476,0.0,0.0,0.0,0.0,0.0,0.0
Walker2d-v5,3493980176,l2_path_freeze_trainreplay,mixed,4010771860,0.0,0.0,0.0,0.0,0.0,0.0
Walker2d-v5,3493980176,l2_path_freeze_trainreplay,mixed,4218259887,0.0,0.0,0.0,0.0,0.0,0.0
Walker2d-v5,3493980176,l2_path_freeze_trainreplay,ood_chirp,98480853,0.0,0.0,0.0,0.0,0.0,0.0
Walker2d-v5,3493980176,l2_path_freeze_trainreplay,ood_chirp,324724199,0.0,0.0,0.0,0.0,0.0,0.0
Walker2d-v5,3493980176,l2_path_freeze_trainreplay,ood_chirp,1045477827,0.0,0.0,0.0,0.0,0.0,0.0
Walker2d-v5,3493980176,l2_path_freeze_trainreplay,ood_chirp,1767642859,0.0,0.0,0.0,0.0,0.0,0.0
Walker2d-v5,3493980176,l2_path_freeze_trainreplay,ood_chirp,2994879384,0.0,0.0,0.0,0.0,0.0,0.0
Walker2d-v5,3493980176,l2_path_freeze_trainreplay,ood_chirp,3308987476,0.0,0.0,0.0,0.0,0.0,0.0
Walker2d-v5,3493980176,l2_path_freeze_trainreplay,ood_chirp,4010771860,0.0,0.0,0.0,0.0,0.0,0.0
Walker2d-v5,3493980176,l2_path_freeze_trainreplay,ood_chirp,4218259887,0.0,0.0,0.0,0.0,0.0,0.0
Walker2d-v5,3493980176,l2_path_freeze_trainreplay,standard,98480853,0.0,0.0,0.0,0.0,0.0,0.0
Walker2d-v5,3493980176,l2_path_freeze_trainreplay,standard,324724199,0.0,0.0,0.0,0.0,0.0,0.0
Walker2d-v5,3493980176,l2_path_freeze_trainreplay,standard,1045477827,0.0,0.0,0.0,0.0,0.0,0.0
Walker2d-v5,3493980176,l2_path_freeze_trainreplay,standard,1767642859,0.0,0.0,0.0,0.0,0.0,0.0
Walker2d-v5,3493980176,l2_path_freeze_trainreplay,standard,2994879384,0.0,0.0,0.0,0.0,0.0,0.0
Walker2d-v5,3493980176,l2_path_freeze_trainreplay,standard,3308987476,0.0,0.0,0.0,0.0,0.0,0.0
Walker2d-v5,3493980176,l2_path_freeze_trainreplay,standard,4010771860,0.0,0.0,0.0,0.0,0.0,0.0
Walker2d-v5,3493980176,l2_path_freeze_trainreplay,standard,4218259887,0.0,0.0,0.0,0.0,0.0,0.0
Walker2d-v5,3493980176,l2_path_freeze_crossreplay,high_frequency,98480853,0.0,0.0,0.0,0.0,0.0,0.0
Walker2d-v5,3493980176,l2_path_freeze_crossreplay,high_frequency,324724199,0.0,0.0,0.0,0.0,0.0,0.0
Walker2d-v5,3493980176,l2_path_freeze_crossreplay,high_frequency,1045477827,0.0,0.0,0.0,0.0,0.0,0.0
Walker2d-v5,3493980176,l2_path_freeze_crossreplay,high_frequency,1767642859,0.0,0.0,0.0,0.0,0.0,0.0
Walker2d-v5,3493980176,l2_path_freeze_crossreplay,high_frequency,2994879384,0.0,0.0,0.0,0.0,0.0,0.0
Walker2d-v5,3493980176,l2_path_freeze_crossreplay,high_frequency,3308987476,0.0,0.0,0.0,0.0,0.0,0.0
Walker2d-v5,3493980176,l2_path_freeze_crossreplay,high_frequency,4010771860,0.0,0.0,0.0,0.0,0.0,0.0
Walker2d-v5,3493980176,l2_path_freeze_crossreplay,high_frequency,4218259887,0.0,0.0,0.0,0.0,0.0,0.0
Walker2d-v5,3493980176,l2_path_freeze_crossreplay,low_frequency,98480853,0.0,0.0,0.0,0.0,0.0,0.0
Walker2d-v5,3493980176,l2_path_freeze_crossreplay,low_frequency,324724199,0.0,0.0,0.0,0.0,0.0,0.0
Walker2d-v5,3493980176,l2_path_freeze_crossreplay,low_frequency,1045477827,0.0,0.0,0.0,0.0,0.0,0.0
Walker2d-v5,3493980176,l2_path_freeze_crossreplay,low_frequency,1767642859,0.0,0.0,0.0,0.0,0.0,0.0
Walker2d-v5,3493980176,l2_path_freeze_crossreplay,low_frequency,2994879384,0.0,0.0,0.0,0.0,0.0,0.0
Walker2d-v5,3493980176,l2_path_freeze_crossreplay,low_frequency,3308987476,0.0,0.0,0.0,0.0,0.0,0.0
Walker2d-v5,3493980176,l2_path_freeze_crossreplay,low_frequency,4010771860,0.0,0.0,0.0,0.0,0.0,0.0
Walker2d-v5,3493980176,l2_path_freeze_crossreplay,low_frequency,4218259887,0.0,0.0,0.0,0.0,0.0,0.0
Walker2d-v5,3493980176,l2_path_freeze_crossreplay,mixed,98480853,0.0,0.0,0.0,0.0,0.0,0.0
Walker2d-v5,3493980176,l2_path_freeze_crossreplay,mixed,324724199,0.0,0.0,0.0,0.0,0.0,0.0
Walker2d-v5,3493980176,l2_path_freeze_crossreplay,mixed,1045477827,0.0,0.0,0.0,0.0,0.0,0.0
Walker2d-v5,3493980176,l2_path_freeze_crossreplay,mixed,1767642859,0.0,0.0,0.0,0.0,0.0,0.0
Walker2d-v5,3493980176,l2_path_freeze_crossreplay,mixed,2994879384,0.0,0.0,0.0,0.0,0.0,0.0
Walker2d-v5,3493980176,l2_path_freeze_crossreplay,mixed,3308987476,0.0,0.0,0.0,0.0,0.0,0.0
Walker2d-v5,3493980176,l2_path_freeze_crossreplay,mixed,4010771860,0.0,0.0,0.0,0.0,0.0,0.0
Walker2d-v5,3493980176,l2_path_freeze_crossreplay,mixed,4218259887,0.0,0.0,0.0,0.0,0.0,0.0
Walker2d-v5,3493980176,l2_path_freeze_crossreplay,ood_chirp,98480853,0.0,0.0,0.0,0.0,0.0,0.0
Walker2d-v5,3493980176,l2_path_freeze_crossreplay,ood_chirp,324724199,0.0,0.0,0.0,0.0,0.0,0.0
Walker2d-v5,3493980176,l2_path_freeze_crossreplay,ood_chirp,1045477827,0.0,0.0,0.0,0.0,0.0,0.0
Walker2d-v5,3493980176,l2_path_freeze_crossreplay,ood_chirp,1767642859,0.0,0.0,0.0,0.0,0.0,0.0
Walker2d-v5,3493980176,l2_path_freeze_crossreplay,ood_chirp,2994879384,0.0,0.0,0.0,0.0,0.0,0.0
Walker2d-v5,3493980176,l2_path_freeze_crossreplay,ood_chirp,3308987476,0.0,0.0,0.0,0.0,0.0,0.0
Walker2d-v5,3493980176,l2_path_freeze_crossreplay,ood_chirp,4010771860,0.0,0.0,0.0,0.0,0.0,0.0
Walker2d-v5,3493980176,l2_path_freeze_crossreplay,ood_chirp,4218259887,0.0,0.0,0.0,0.0,0.0,0.0
Walker2d-v5,3493980176,l2_path_freeze_crossreplay,standard,98480853,0.0,0.0,0.0,0.0,0.0,0.0
Walker2d-v5,3493980176,l2_path_freeze_crossreplay,standard,324724199,0.0,0.0,0.0,0.0,0.0,0.0
Walker2d-v5,3493980176,l2_path_freeze_crossreplay,standard,1045477827,0.0,0.0,0.0,0.0,0.0,0.0
Walker2d-v5,3493980176,l2_path_freeze_crossreplay,standard,1767642859,0.0,0.0,0.0,0.0,0.0,0.0
Walker2d-v5,3493980176,l2_path_freeze_crossreplay,standard,2994879384,0.0,0.0,0.0,0.0,0.0,0.0
Walker2d-v5,3493980176,l2_path_freeze_crossreplay,standard,3308987476,0.0,0.0,0.0,0.0,0.0,0.0
Walker2d-v5,3493980176,l2_path_freeze_crossreplay,standard,4010771860,0.0,0.0,0.0,0.0,0.0,0.0
Walker2d-v5,3493980176,l2_path_freeze_crossreplay,standard,4218259887,0.0,0.0,0.0,0.0,0.0,0.0
Walker2d-v5,4020259488,worst_mode_trainreplay,high_frequency,98480853,-0.002930973821406712,0.09369724466829399,0.09369724466829399,0.10054717630602976,0.05360894498529535,0.06886626316741536
Walker2d-v5,4020259488,worst_mode_trainreplay,high_frequency,324724199,0.0067753293508575705,0.09590268232039377,0.09590268232039377,0.1020474573497369,0.06340448780827455,0.08984987776902428
Walker2d-v5,4020259488,worst_mode_trainreplay,high_frequency,1045477827,-0.0004404768352627794,0.09690899668121482,0.09690899668121482,0.10329352485672051,0.04697305179799463,0.05004479433629724
Walker2d-v5,4020259488,worst_mode_trainreplay,high_frequency,1767642859,-0.002236756750353817,0.09302196652912492,0.09302196652912492,0.10102726968809168,0.048774395764980695,0.06365940824713046
Walker2d-v5,4020259488,worst_mode_trainreplay,high_frequency,2994879384,-0.0019427748075370968,0.09472049444918583,0.09472049444918583,0.10180267212762809,0.051190155600352095,0.06109400878338519
Walker2d-v5,4020259488,worst_mode_trainreplay,high_frequency,3308987476,-0.0014505377675986635,0.09613708411167847,0.09613708411167847,0.10217024991966911,0.05014185851863487,0.05680210089145961
Walker2d-v5,4020259488,worst_mode_trainreplay,high_frequency,4010771860,0.00854981716347757,0.09806453777336793,0.09806453777336793,0.10405132085286113,-0.007423416541832938,-0.028295999083608935
Walker2d-v5,4020259488,worst_mode_trainreplay,high_frequency,4218259887,0.00914449001997808,0.09933454455244332,0.09933454455244332,0.10512298676464836,0.049896552910040685,0.0757335432604127
Walker2d-v5,4020259488,worst_mode_trainreplay,low_frequency,98480853,0.014277104513890023,0.09292271761665177,0.09292271761665177,0.09458039275141428,-0.12123374865167066,-0.39728505801201885
Walker2d-v5,4020259488,worst_mode_trainreplay,low_frequency,324724199,-0.0018620817803177434,0.10063777776599372,0.10063777776599372,0.10693461396151203,0.021982740783360502,-0.006164027580971507
Walker2d-v5,4020259488,worst_mode_trainreplay,low_frequency,1045477827,0.0001407911948947935,0.09623571278046762,0.09623571278046762,0.10270382198255593,0.07629004436242254,0.08982907048854845
Walker2d-v5,4020259488,worst_mode_trainreplay,low_frequency,1767642859,0.0080098839476495,0.0969610309907742,0.0969610309907742,0.10222676352319428,0.06359250176293699,0.09353409737598559
Walker2d-v5,4020259488,worst_mode_trainreplay,low_frequency,2994879384,-0.0006359102694192853,0.09467380292049503,0.09467380292049503,0.1020270522352738,0.04802018742917193,0.05624420263083682
Walker2d-v5,4020259488,worst_mode_trainreplay,low_frequency,3308987476,0.00887471197357452,0.09793088167045554,0.09793088167045554,0.10368795671807628,0.058724648656778476,0.07808098599907493
Walker2d-v5,4020259488,worst_mode_trainreplay,low_frequency,4010771860,0.0011240402354323199,0.09535003314879369,0.09535003314879369,0.10041769079215827,0.0768546129355435,0.12383612732529485
Walker2d-v5,4020259488,worst_mode_trainreplay,low_frequency,4218259887,-0.00038606087230276385,0.0950411590862722,0.0950411590862722,0.10135842586614173,0.08446982490507846,0.10612119325112575
Walker2d-v5,4020259488,worst_mode_trainreplay,mixed,98480853,0.01036196739679161,0.09740284283586471,0.09740284283586471,0.10101073909408052,0.11866142960374017,0.20390388964330156
Walker2d-v5,4020259488,worst_mode_trainreplay,mixed,324724199,-0.0012144707622387208,0.09297720815550449,0.09297720815550449,0.0978161764837777,0.07766325217877484,0.11821606627333933
Walker2d-v5,4020259488,worst_mode_trainreplay,mixed,1045477827,-2.669325193173562e-05,0.09637571344260928,0.09637571344260928,0.1029108423157389,0.0783430412220683,0.09125680285093418
Walker2d-v5,4020259488,worst_mode_trainreplay,mixed,1767642859,-9.605547658096283e-05,0.09566331501360432,0.09566331501360432,0.1025118799673191,0.07845051336444443,0.09314582673669158
Walker2d-v5,4020259488,worst_mode_trainreplay,mixed,2994879384,-0.0012517087172987983,0.09402670675754254,0.09402670675754254,0.10117727331769753,0.08651369839493883,0.11908363859230696
Walker2d-v5,4020259488,worst_mode_trainreplay,mixed,3308987476,0.007923122802127818,0.09606980736421537,0.09606980736421537,0.10238765295555713,0.058946076743783306,0.0830383582301801
Walker2d-v5,4020259488,worst_mode_trainreplay,mixed,4010771860,0.009679648781677309,0.09791882226811024,0.09791882226811024,0.10197848618704321,0.08614014298531267,0.1361756795944867
Walker2d-v5,4020259488,worst_mode_trainreplay,mixed,4218259887,-0.000492768154764168,0.094710644968205,0.094710644968205,0.10147520200851871,0.0867615551980257,0.1071310425681548
Walker2d-v5,4020259488,worst_mode_trainreplay,ood_chirp,98480853,0.003570458083286285,0.09569375201515137,0.09569375201515137,0.10003594849591713,0.09996906739497699,0.17475775893738707
Walker2d-v5,4020259488,worst_mode_trainreplay,ood_chirp,324724199,0.008522993681040817,0.09631311821785138,0.09631311821785138,0.10039005290525094,0.03243301298728682,0.09732743177104633
Walker2d-v5,4020259488,worst_mode_trainreplay,ood_chirp,1045477827,-2.0350103918514768e-05,0.09644179808815863,0.09644179808815863,0.10300331792527295,0.07546225689078455,0.08993216263300174
Walker2d-v5,4020259488,worst_mode_trainreplay,ood_chirp,1767642859,-0.00031973023100309394,0.09425626785008585,0.09425626785008585,0.1016090169649907,0.07560316434309988,0.08694261975325954
Walker2d-v5,4020259488,worst_mode_trainreplay,ood_chirp,2994879384,0.011557453780634292,0.09853878344306928,0.09853878344306928,0.10527122908374456,-0.017345360815303548,-0.03755320772603896
Walker2d-v5,4020259488,worst_mode_trainreplay,ood_chirp,3308987476,0.009328778393434607,0.09858477944237916,0.09858477944237916,0.10437557627035866,0.05561944437146232,0.07196355754293965
Walker2d-v5,4020259488,worst_mode_trainreplay,ood_chirp,4010771860,0.0013688315619224665,0.09489059691973119,0.09489059691973119,0.10024544882763876,0.0660198692505865,0.1253191664012132
Walker2d-v5,4020259488,worst_mode_trainreplay,ood_chirp,4218259887,0.009177950409764053,0.0968616888757676,0.0968616888757676,0.10210946429354464,0.09419999094785786,0.11721383160859389
Walker2d-v5,4020259488,worst_mode_trainreplay,standard,98480853,0.008818624531700956,0.09847421412509642,0.09847421412509642,0.10406701752894316,0.05766708936352891,0.07425630492842163
Walker2d-v5,4020259488,worst_mode_trainreplay,standard,324724199,-0.004163495240481292,0.09323053051370787,0.09323053051370787,0.10000710577962899,0.055168770938010175,0.07595164135608089
Walker2d-v5,4020259488,worst_mode_trainreplay,standard,1045477827,0.008286614125864102,0.09909416740240119,0.09909416740240119,0.10430171522512698,0.023101734708825043,0.040162389461447526
Walker2d-v5,4020259488,worst_mode_trainreplay,standard,1767642859,-0.0018892223268397058,0.09277486116698047,0.09277486116698047,0.10091273912742613,0.048193290359879896,0.0613756410705178
Walker2d-v5,4020259488,worst_mode_trainreplay,standard,2994879384,-0.0024988516005627947,0.09351211403781717,0.09351211403781717,0.1009029573749966,0.05122150045245792,0.06624972676923616
Walker2d-v5,4020259488,worst_mode_trainreplay,standard,3308987476,-0.0042904038183631974,0.09344572657647736,0.09344572657647736,0.0999595009742434,0.05474198665386485,0.0750628985808412
Walker2d-v5,4020259488,worst_mode_trainreplay,standard,4010771860,-0.0035942265674593957,0.09443394633908986,0.09443394633908986,0.10061520679700169,0.05792409441992881,0.07262679978316497
Walker2d-v5,4020259488,worst_mode_trainreplay,standard,4218259887,-0.002511093751588892,0.0943436172589892,0.0943436172589892,0.10100846926068194,0.05345685520354694,0.06449997445895773
Walker2d-v5,4020259488,l2_mode_trainreplay,high_frequency,98480853,0.0,0.0,0.0,0.0,0.0,0.0
Walker2d-v5,4020259488,l2_mode_trainreplay,high_frequency,324724199,0.0,0.0,0.0,0.0,0.0,0.0
Walker2d-v5,4020259488,l2_mode_trainreplay,high_frequency,1045477827,0.0,0.0,0.0,0.0,0.0,0.0
Walker2d-v5,4020259488,l2_mode_trainreplay,high_frequency,1767642859,0.0,0.0,0.0,0.0,0.0,0.0
Walker2d-v5,4020259488,l2_mode_trainreplay,high_frequency,2994879384,0.0,0.0,0.0,0.0,0.0,0.0
Walker2d-v5,4020259488,l2_mode_trainreplay,high_frequency,3308987476,0.0,0.0,0.0,0.0,0.0,0.0
Walker2d-v5,4020259488,l2_mode_trainreplay,high_frequency,4010771860,0.0,0.0,0.0,0.0,0.0,0.0
Walker2d-v5,4020259488,l2_mode_trainreplay,high_frequency,4218259887,0.0,0.0,0.0,0.0,0.0,0.0
Walker2d-v5,4020259488,l2_mode_trainreplay,low_frequency,98480853,0.0,0.0,0.0,0.0,0.0,0.0
Walker2d-v5,4020259488,l2_mode_trainreplay,low_frequency,324724199,0.0,0.0,0.0,0.0,0.0,0.0
Walker2d-v5,4020259488,l2_mode_trainreplay,low_frequency,1045477827,0.0,0.0,0.0,0.0,0.0,0.0
Walker2d-v5,4020259488,l2_mode_trainreplay,low_frequency,1767642859,0.0,0.0,0.0,0.0,0.0,0.0
Walker2d-v5,4020259488,l2_mode_trainreplay,low_frequency,2994879384,0.0,0.0,0.0,0.0,0.0,0.0
Walker2d-v5,4020259488,l2_mode_trainreplay,low_frequency,3308987476,0.0,0.0,0.0,0.0,0.0,0.0
Walker2d-v5,4020259488,l2_mode_trainreplay,low_frequency,4010771860,0.0,0.0,0.0,0.0,0.0,0.0
Walker2d-v5,4020259488,l2_mode_trainreplay,low_frequency,4218259887,0.0,0.0,0.0,0.0,0.0,0.0
Walker2d-v5,4020259488,l2_mode_trainreplay,mixed,98480853,0.0,0.0,0.0,0.0,0.0,0.0
Walker2d-v5,4020259488,l2_mode_trainreplay,mixed,324724199,0.0,0.0,0.0,0.0,0.0,0.0
Walker2d-v5,4020259488,l2_mode_trainreplay,mixed,1045477827,0.0,0.0,0.0,0.0,0.0,0.0
Walker2d-v5,4020259488,l2_mode_trainreplay,mixed,1767642859,0.0,0.0,0.0,0.0,0.0,0.0
Walker2d-v5,4020259488,l2_mode_trainreplay,mixed,2994879384,0.0,0.0,0.0,0.0,0.0,0.0
Walker2d-v5,4020259488,l2_mode_trainreplay,mixed,3308987476,0.0,0.0,0.0,0.0,0.0,0.0
Walker2d-v5,4020259488,l2_mode_trainreplay,mixed,4010771860,0.0,0.0,0.0,0.0,0.0,0.0
Walker2d-v5,4020259488,l2_mode_trainreplay,mixed,4218259887,0.0,0.0,0.0,0.0,0.0,0.0
Walker2d-v5,4020259488,l2_mode_trainreplay,ood_chirp,98480853,0.0,0.0,0.0,0.0,0.0,0.0
Walker2d-v5,4020259488,l2_mode_trainreplay,ood_chirp,324724199,0.0,0.0,0.0,0.0,0.0,0.0
Walker2d-v5,4020259488,l2_mode_trainreplay,ood_chirp,1045477827,0.0,0.0,0.0,0.0,0.0,0.0
Walker2d-v5,4020259488,l2_mode_trainreplay,ood_chirp,1767642859,0.0,0.0,0.0,0.0,0.0,0.0
Walker2d-v5,4020259488,l2_mode_trainreplay,ood_chirp,2994879384,0.0,0.0,0.0,0.0,0.0,0.0
Walker2d-v5,4020259488,l2_mode_trainreplay,ood_chirp,3308987476,0.0,0.0,0.0,0.0,0.0,0.0
Walker2d-v5,4020259488,l2_mode_trainreplay,ood_chirp,4010771860,0.0,0.0,0.0,0.0,0.0,0.0
Walker2d-v5,4020259488,l2_mode_trainreplay,ood_chirp,4218259887,0.0,0.0,0.0,0.0,0.0,0.0
Walker2d-v5,4020259488,l2_mode_trainreplay,standard,98480853,0.0,0.0,0.0,0.0,0.0,0.0
Walker2d-v5,4020259488,l2_mode_trainreplay,standard,324724199,0.0,0.0,0.0,0.0,0.0,0.0
Walker2d-v5,4020259488,l2_mode_trainreplay,standard,1045477827,0.0,0.0,0.0,0.0,0.0,0.0
Walker2d-v5,4020259488,l2_mode_trainreplay,standard,1767642859,0.0,0.0,0.0,0.0,0.0,0.0
Walker2d-v5,4020259488,l2_mode_trainreplay,standard,2994879384,0.0,0.0,0.0,0.0,0.0,0.0
Walker2d-v5,4020259488,l2_mode_trainreplay,standard,3308987476,0.0,0.0,0.0,0.0,0.0,0.0
Walker2d-v5,4020259488,l2_mode_trainreplay,standard,4010771860,0.0,0.0,0.0,0.0,0.0,0.0
Walker2d-v5,4020259488,l2_mode_trainreplay,standard,4218259887,0.0,0.0,0.0,0.0,0.0,0.0
Walker2d-v5,4020259488,l2_path_trainreplay,high_frequency,98480853,0.0,0.0,0.0,0.0,0.0,0.0
Walker2d-v5,4020259488,l2_path_trainreplay,high_frequency,324724199,0.0,0.0,0.0,0.0,0.0,0.0
Walker2d-v5,4020259488,l2_path_trainreplay,high_frequency,1045477827,0.0,0.0,0.0,0.0,0.0,0.0
Walker2d-v5,4020259488,l2_path_trainreplay,high_frequency,1767642859,0.0,0.0,0.0,0.0,0.0,0.0
Walker2d-v5,4020259488,l2_path_trainreplay,high_frequency,2994879384,0.0,0.0,0.0,0.0,0.0,0.0
Walker2d-v5,4020259488,l2_path_trainreplay,high_frequency,3308987476,0.0,0.0,0.0,0.0,0.0,0.0
Walker2d-v5,4020259488,l2_path_trainreplay,high_frequency,4010771860,0.0,0.0,0.0,0.0,0.0,0.0
Walker2d-v5,4020259488,l2_path_trainreplay,high_frequency,4218259887,0.0,0.0,0.0,0.0,0.0,0.0
Walker2d-v5,4020259488,l2_path_trainreplay,low_frequency,98480853,0.0,0.0,0.0,0.0,0.0,0.0
Walker2d-v5,4020259488,l2_path_trainreplay,low_frequency,324724199,0.0,0.0,0.0,0.0,0.0,0.0
Walker2d-v5,4020259488,l2_path_trainreplay,low_frequency,1045477827,0.0,0.0,0.0,0.0,0.0,0.0
Walker2d-v5,4020259488,l2_path_trainreplay,low_frequency,1767642859,0.0,0.0,0.0,0.0,0.0,0.0
Walker2d-v5,4020259488,l2_path_trainreplay,low_frequency,2994879384,0.0,0.0,0.0,0.0,0.0,0.0
Walker2d-v5,4020259488,l2_path_trainreplay,low_frequency,3308987476,0.0,0.0,0.0,0.0,0.0,0.0
Walker2d-v5,4020259488,l2_path_trainreplay,low_frequency,4010771860,0.0,0.0,0.0,0.0,0.0,0.0
Walker2d-v5,4020259488,l2_path_trainreplay,low_frequency,4218259887,0.0,0.0,0.0,0.0,0.0,0.0
Walker2d-v5,4020259488,l2_path_trainreplay,mixed,98480853,0.0,0.0,0.0,0.0,0.0,0.0
Walker2d-v5,4020259488,l2_path_trainreplay,mixed,324724199,0.0,0.0,0.0,0.0,0.0,0.0
Walker2d-v5,4020259488,l2_path_trainreplay,mixed,1045477827,0.0,0.0,0.0,0.0,0.0,0.0
Walker2d-v5,4020259488,l2_path_trainreplay,mixed,1767642859,0.0,0.0,0.0,0.0,0.0,0.0
Walker2d-v5,4020259488,l2_path_trainreplay,mixed,2994879384,0.0,0.0,0.0,0.0,0.0,0.0
Walker2d-v5,4020259488,l2_path_trainreplay,mixed,3308987476,0.0,0.0,0.0,0.0,0.0,0.0
Walker2d-v5,4020259488,l2_path_trainreplay,mixed,4010771860,0.0,0.0,0.0,0.0,0.0,0.0
Walker2d-v5,4020259488,l2_path_trainreplay,mixed,4218259887,0.0,0.0,0.0,0.0,0.0,0.0
Walker2d-v5,4020259488,l2_path_trainreplay,ood_chirp,98480853,0.0,0.0,0.0,0.0,0.0,0.0
Walker2d-v5,4020259488,l2_path_trainreplay,ood_chirp,324724199,0.0,0.0,0.0,0.0,0.0,0.0
Walker2d-v5,4020259488,l2_path_trainreplay,ood_chirp,1045477827,0.0,0.0,0.0,0.0,0.0,0.0
Walker2d-v5,4020259488,l2_path_trainreplay,ood_chirp,1767642859,0.0,0.0,0.0,0.0,0.0,0.0
Walker2d-v5,4020259488,l2_path_trainreplay,ood_chirp,2994879384,0.0,0.0,0.0,0.0,0.0,0.0
Walker2d-v5,4020259488,l2_path_trainreplay,ood_chirp,3308987476,0.0,0.0,0.0,0.0,0.0,0.0
Walker2d-v5,4020259488,l2_path_trainreplay,ood_chirp,4010771860,0.0,0.0,0.0,0.0,0.0,0.0
Walker2d-v5,4020259488,l2_path_trainreplay,ood_chirp,4218259887,0.0,0.0,0.0,0.0,0.0,0.0
Walker2d-v5,4020259488,l2_path_trainreplay,standard,98480853,0.0,0.0,0.0,0.0,0.0,0.0
Walker2d-v5,4020259488,l2_path_trainreplay,standard,324724199,0.0,0.0,0.0,0.0,0.0,0.0
Walker2d-v5,4020259488,l2_path_trainreplay,standard,1045477827,0.0,0.0,0.0,0.0,0.0,0.0
Walker2d-v5,4020259488,l2_path_trainreplay,standard,1767642859,0.0,0.0,0.0,0.0,0.0,0.0
Walker2d-v5,4020259488,l2_path_trainreplay,standard,2994879384,0.0,0.0,0.0,0.0,0.0,0.0
Walker2d-v5,4020259488,l2_path_trainreplay,standard,3308987476,0.0,0.0,0.0,0.0,0.0,0.0
Walker2d-v5,4020259488,l2_path_trainreplay,standard,4010771860,0.0,0.0,0.0,0.0,0.0,0.0
Walker2d-v5,4020259488,l2_path_trainreplay,standard,4218259887,0.0,0.0,0.0,0.0,0.0,0.0
Walker2d-v5,4020259488,l2_path_freeze_trainreplay,high_frequency,98480853,0.0,0.0,0.0,0.0,0.0,0.0
Walker2d-v5,4020259488,l2_path_freeze_trainreplay,high_frequency,324724199,0.0,0.0,0.0,0.0,0.0,0.0
Walker2d-v5,4020259488,l2_path_freeze_trainreplay,high_frequency,1045477827,0.0,0.0,0.0,0.0,0.0,0.0
Walker2d-v5,4020259488,l2_path_freeze_trainreplay,high_frequency,1767642859,0.0,0.0,0.0,0.0,0.0,0.0
Walker2d-v5,4020259488,l2_path_freeze_trainreplay,high_frequency,2994879384,0.0,0.0,0.0,0.0,0.0,0.0
Walker2d-v5,4020259488,l2_path_freeze_trainreplay,high_frequency,3308987476,0.0,0.0,0.0,0.0,0.0,0.0
Walker2d-v5,4020259488,l2_path_freeze_trainreplay,high_frequency,4010771860,0.0,0.0,0.0,0.0,0.0,0.0
Walker2d-v5,4020259488,l2_path_freeze_trainreplay,high_frequency,4218259887,0.0,0.0,0.0,0.0,0.0,0.0
Walker2d-v5,4020259488,l2_path_freeze_trainreplay,low_frequency,98480853,0.0,0.0,0.0,0.0,0.0,0.0
Walker2d-v5,4020259488,l2_path_freeze_trainreplay,low_frequency,324724199,0.0,0.0,0.0,0.0,0.0,0.0
Walker2d-v5,4020259488,l2_path_freeze_trainreplay,low_frequency,1045477827,0.0,0.0,0.0,0.0,0.0,0.0
Walker2d-v5,4020259488,l2_path_freeze_trainreplay,low_frequency,1767642859,0.0,0.0,0.0,0.0,0.0,0.0
Walker2d-v5,4020259488,l2_path_freeze_trainreplay,low_frequency,2994879384,0.0,0.0,0.0,0.0,0.0,0.0
Walker2d-v5,4020259488,l2_path_freeze_trainreplay,low_frequency,3308987476,0.0,0.0,0.0,0.0,0.0,0.0
Walker2d-v5,4020259488,l2_path_freeze_trainreplay,low_frequency,4010771860,0.0,0.0,0.0,0.0,0.0,0.0
Walker2d-v5,4020259488,l2_path_freeze_trainreplay,low_frequency,4218259887,0.0,0.0,0.0,0.0,0.0,0.0
Walker2d-v5,4020259488,l2_path_freeze_trainreplay,mixed,98480853,0.0,0.0,0.0,0.0,0.0,0.0
Walker2d-v5,4020259488,l2_path_freeze_trainreplay,mixed,324724199,0.0,0.0,0.0,0.0,0.0,0.0
Walker2d-v5,4020259488,l2_path_freeze_trainreplay,mixed,1045477827,0.0,0.0,0.0,0.0,0.0,0.0
Walker2d-v5,4020259488,l2_path_freeze_trainreplay,mixed,1767642859,0.0,0.0,0.0,0.0,0.0,0.0
Walker2d-v5,4020259488,l2_path_freeze_trainreplay,mixed,2994879384,0.0,0.0,0.0,0.0,0.0,0.0
Walker2d-v5,4020259488,l2_path_freeze_trainreplay,mixed,3308987476,0.0,0.0,0.0,0.0,0.0,0.0
Walker2d-v5,4020259488,l2_path_freeze_trainreplay,mixed,4010771860,0.0,0.0,0.0,0.0,0.0,0.0
Walker2d-v5,4020259488,l2_path_freeze_trainreplay,mixed,4218259887,0.0,0.0,0.0,0.0,0.0,0.0
Walker2d-v5,4020259488,l2_path_freeze_trainreplay,ood_chirp,98480853,0.0,0.0,0.0,0.0,0.0,0.0
Walker2d-v5,4020259488,l2_path_freeze_trainreplay,ood_chirp,324724199,0.0,0.0,0.0,0.0,0.0,0.0
Walker2d-v5,4020259488,l2_path_freeze_trainreplay,ood_chirp,1045477827,0.0,0.0,0.0,0.0,0.0,0.0
Walker2d-v5,4020259488,l2_path_freeze_trainreplay,ood_chirp,1767642859,0.0,0.0,0.0,0.0,0.0,0.0
Walker2d-v5,4020259488,l2_path_freeze_trainreplay,ood_chirp,2994879384,0.0,0.0,0.0,0.0,0.0,0.0
Walker2d-v5,4020259488,l2_path_freeze_trainreplay,ood_chirp,3308987476,0.0,0.0,0.0,0.0,0.0,0.0
Walker2d-v5,4020259488,l2_path_freeze_trainreplay,ood_chirp,4010771860,0.0,0.0,0.0,0.0,0.0,0.0
Walker2d-v5,4020259488,l2_path_freeze_trainreplay,ood_chirp,4218259887,0.0,0.0,0.0,0.0,0.0,0.0
Walker2d-v5,4020259488,l2_path_freeze_trainreplay,standard,98480853,0.0,0.0,0.0,0.0,0.0,0.0
Walker2d-v5,4020259488,l2_path_freeze_trainreplay,standard,324724199,0.0,0.0,0.0,0.0,0.0,0.0
Walker2d-v5,4020259488,l2_path_freeze_trainreplay,standard,1045477827,0.0,0.0,0.0,0.0,0.0,0.0
Walker2d-v5,4020259488,l2_path_freeze_trainreplay,standard,1767642859,0.0,0.0,0.0,0.0,0.0,0.0
Walker2d-v5,4020259488,l2_path_freeze_trainreplay,standard,2994879384,0.0,0.0,0.0,0.0,0.0,0.0
Walker2d-v5,4020259488,l2_path_freeze_trainreplay,standard,3308987476,0.0,0.0,0.0,0.0,0.0,0.0
Walker2d-v5,4020259488,l2_path_freeze_trainreplay,standard,4010771860,0.0,0.0,0.0,0.0,0.0,0.0
Walker2d-v5,4020259488,l2_path_freeze_trainreplay,standard,4218259887,0.0,0.0,0.0,0.0,0.0,0.0
Walker2d-v5,4020259488,l2_path_freeze_crossreplay,high_frequency,98480853,0.0,0.0,0.0,0.0,0.0,0.0
Walker2d-v5,4020259488,l2_path_freeze_crossreplay,high_frequency,324724199,0.0,0.0,0.0,0.0,0.0,0.0
Walker2d-v5,4020259488,l2_path_freeze_crossreplay,high_frequency,1045477827,0.0,0.0,0.0,0.0,0.0,0.0
Walker2d-v5,4020259488,l2_path_freeze_crossreplay,high_frequency,1767642859,0.0,0.0,0.0,0.0,0.0,0.0
Walker2d-v5,4020259488,l2_path_freeze_crossreplay,high_frequency,2994879384,0.0,0.0,0.0,0.0,0.0,0.0
Walker2d-v5,4020259488,l2_path_freeze_crossreplay,high_frequency,3308987476,0.0,0.0,0.0,0.0,0.0,0.0
Walker2d-v5,4020259488,l2_path_freeze_crossreplay,high_frequency,4010771860,0.0,0.0,0.0,0.0,0.0,0.0
Walker2d-v5,4020259488,l2_path_freeze_crossreplay,high_frequency,4218259887,0.0,0.0,0.0,0.0,0.0,0.0
Walker2d-v5,4020259488,l2_path_freeze_crossreplay,low_frequency,98480853,0.0,0.0,0.0,0.0,0.0,0.0
Walker2d-v5,4020259488,l2_path_freeze_crossreplay,low_frequency,324724199,0.0,0.0,0.0,0.0,0.0,0.0
Walker2d-v5,4020259488,l2_path_freeze_crossreplay,low_frequency,1045477827,0.0,0.0,0.0,0.0,0.0,0.0
Walker2d-v5,4020259488,l2_path_freeze_crossreplay,low_frequency,1767642859,0.0,0.0,0.0,0.0,0.0,0.0
Walker2d-v5,4020259488,l2_path_freeze_crossreplay,low_frequency,2994879384,0.0,0.0,0.0,0.0,0.0,0.0
Walker2d-v5,4020259488,l2_path_freeze_crossreplay,low_frequency,3308987476,0.0,0.0,0.0,0.0,0.0,0.0
Walker2d-v5,4020259488,l2_path_freeze_crossreplay,low_frequency,4010771860,0.0,0.0,0.0,0.0,0.0,0.0
Walker2d-v5,4020259488,l2_path_freeze_crossreplay,low_frequency,4218259887,0.0,0.0,0.0,0.0,0.0,0.0
Walker2d-v5,4020259488,l2_path_freeze_crossreplay,mixed,98480853,0.0,0.0,0.0,0.0,0.0,0.0
Walker2d-v5,4020259488,l2_path_freeze_crossreplay,mixed,324724199,0.0,0.0,0.0,0.0,0.0,0.0
Walker2d-v5,4020259488,l2_path_freeze_crossreplay,mixed,1045477827,0.0,0.0,0.0,0.0,0.0,0.0
Walker2d-v5,4020259488,l2_path_freeze_crossreplay,mixed,1767642859,0.0,0.0,0.0,0.0,0.0,0.0
Walker2d-v5,4020259488,l2_path_freeze_crossreplay,mixed,2994879384,0.0,0.0,0.0,0.0,0.0,0.0
Walker2d-v5,4020259488,l2_path_freeze_crossreplay,mixed,3308987476,0.0,0.0,0.0,0.0,0.0,0.0
Walker2d-v5,4020259488,l2_path_freeze_crossreplay,mixed,4010771860,0.0,0.0,0.0,0.0,0.0,0.0
Walker2d-v5,4020259488,l2_path_freeze_crossreplay,mixed,4218259887,0.0,0.0,0.0,0.0,0.0,0.0
Walker2d-v5,4020259488,l2_path_freeze_crossreplay,ood_chirp,98480853,0.0,0.0,0.0,0.0,0.0,0.0
Walker2d-v5,4020259488,l2_path_freeze_crossreplay,ood_chirp,324724199,0.0,0.0,0.0,0.0,0.0,0.0
Walker2d-v5,4020259488,l2_path_freeze_crossreplay,ood_chirp,1045477827,0.0,0.0,0.0,0.0,0.0,0.0
Walker2d-v5,4020259488,l2_path_freeze_crossreplay,ood_chirp,1767642859,0.0,0.0,0.0,0.0,0.0,0.0
Walker2d-v5,4020259488,l2_path_freeze_crossreplay,ood_chirp,2994879384,0.0,0.0,0.0,0.0,0.0,0.0
Walker2d-v5,4020259488,l2_path_freeze_crossreplay,ood_chirp,3308987476,0.0,0.0,0.0,0.0,0.0,0.0
Walker2d-v5,4020259488,l2_path_freeze_crossreplay,ood_chirp,4010771860,0.0,0.0,0.0,0.0,0.0,0.0
Walker2d-v5,4020259488,l2_path_freeze_crossreplay,ood_chirp,4218259887,0.0,0.0,0.0,0.0,0.0,0.0
Walker2d-v5,4020259488,l2_path_freeze_crossreplay,standard,98480853,0.0,0.0,0.0,0.0,0.0,0.0
Walker2d-v5,4020259488,l2_path_freeze_crossreplay,standard,324724199,0.0,0.0,0.0,0.0,0.0,0.0
Walker2d-v5,4020259488,l2_path_freeze_crossreplay,standard,1045477827,0.0,0.0,0.0,0.0,0.0,0.0
Walker2d-v5,4020259488,l2_path_freeze_crossreplay,standard,1767642859,0.0,0.0,0.0,0.0,0.0,0.0
Walker2d-v5,4020259488,l2_path_freeze_crossreplay,standard,2994879384,0.0,0.0,0.0,0.0,0.0,0.0
Walker2d-v5,4020259488,l2_path_freeze_crossreplay,standard,3308987476,0.0,0.0,0.0,0.0,0.0,0.0
Walker2d-v5,4020259488,l2_path_freeze_crossreplay,standard,4010771860,0.0,0.0,0.0,0.0,0.0,0.0
Walker2d-v5,4020259488,l2_path_freeze_crossreplay,standard,4218259887,0.0,0.0,0.0,0.0,0.0,0.0
Walker2d-v5,583213049,worst_mode_trainreplay,high_frequency,98480853,0.0,0.0,0.0,0.0,0.0,0.0
Walker2d-v5,583213049,worst_mode_trainreplay,high_frequency,324724199,0.0,0.0,0.0,0.0,0.0,0.0
Walker2d-v5,583213049,worst_mode_trainreplay,high_frequency,1045477827,0.0,0.0,0.0,0.0,0.0,0.0
Walker2d-v5,583213049,worst_mode_trainreplay,high_frequency,1767642859,0.0,0.0,0.0,0.0,0.0,0.0
Walker2d-v5,583213049,worst_mode_trainreplay,high_frequency,2994879384,0.0,0.0,0.0,0.0,0.0,0.0
Walker2d-v5,583213049,worst_mode_trainreplay,high_frequency,3308987476,0.0,0.0,0.0,0.0,0.0,0.0
Walker2d-v5,583213049,worst_mode_trainreplay,high_frequency,4010771860,0.0,0.0,0.0,0.0,0.0,0.0
Walker2d-v5,583213049,worst_mode_trainreplay,high_frequency,4218259887,0.0,0.0,0.0,0.0,0.0,0.0
Walker2d-v5,583213049,worst_mode_trainreplay,low_frequency,98480853,0.0,0.0,0.0,0.0,0.0,0.0
Walker2d-v5,583213049,worst_mode_trainreplay,low_frequency,324724199,0.0,0.0,0.0,0.0,0.0,0.0
Walker2d-v5,583213049,worst_mode_trainreplay,low_frequency,1045477827,0.0,0.0,0.0,0.0,0.0,0.0
Walker2d-v5,583213049,worst_mode_trainreplay,low_frequency,1767642859,0.0,0.0,0.0,0.0,0.0,0.0
Walker2d-v5,583213049,worst_mode_trainreplay,low_frequency,2994879384,0.0,0.0,0.0,0.0,0.0,0.0
Walker2d-v5,583213049,worst_mode_trainreplay,low_frequency,3308987476,0.0,0.0,0.0,0.0,0.0,0.0
Walker2d-v5,583213049,worst_mode_trainreplay,low_frequency,4010771860,0.0,0.0,0.0,0.0,0.0,0.0
Walker2d-v5,583213049,worst_mode_trainreplay,low_frequency,4218259887,0.0,0.0,0.0,0.0,0.0,0.0
Walker2d-v5,583213049,worst_mode_trainreplay,mixed,98480853,0.0,0.0,0.0,0.0,0.0,0.0
Walker2d-v5,583213049,worst_mode_trainreplay,mixed,324724199,0.0,0.0,0.0,0.0,0.0,0.0
Walker2d-v5,583213049,worst_mode_trainreplay,mixed,1045477827,0.0,0.0,0.0,0.0,0.0,0.0
Walker2d-v5,583213049,worst_mode_trainreplay,mixed,1767642859,0.0,0.0,0.0,0.0,0.0,0.0
Walker2d-v5,583213049,worst_mode_trainreplay,mixed,2994879384,0.0,0.0,0.0,0.0,0.0,0.0
Walker2d-v5,583213049,worst_mode_trainreplay,mixed,3308987476,0.0,0.0,0.0,0.0,0.0,0.0
Walker2d-v5,583213049,worst_mode_trainreplay,mixed,4010771860,0.0,0.0,0.0,0.0,0.0,0.0
Walker2d-v5,583213049,worst_mode_trainreplay,mixed,4218259887,0.0,0.0,0.0,0.0,0.0,0.0
Walker2d-v5,583213049,worst_mode_trainreplay,ood_chirp,98480853,0.0,0.0,0.0,0.0,0.0,0.0
Walker2d-v5,583213049,worst_mode_trainreplay,ood_chirp,324724199,0.0,0.0,0.0,0.0,0.0,0.0
Walker2d-v5,583213049,worst_mode_trainreplay,ood_chirp,1045477827,0.0,0.0,0.0,0.0,0.0,0.0
Walker2d-v5,583213049,worst_mode_trainreplay,ood_chirp,1767642859,0.0,0.0,0.0,0.0,0.0,0.0
Walker2d-v5,583213049,worst_mode_trainreplay,ood_chirp,2994879384,0.0,0.0,0.0,0.0,0.0,0.0
Walker2d-v5,583213049,worst_mode_trainreplay,ood_chirp,3308987476,0.0,0.0,0.0,0.0,0.0,0.0
Walker2d-v5,583213049,worst_mode_trainreplay,ood_chirp,4010771860,0.0,0.0,0.0,0.0,0.0,0.0
Walker2d-v5,583213049,worst_mode_trainreplay,ood_chirp,4218259887,0.0,0.0,0.0,0.0,0.0,0.0
Walker2d-v5,583213049,worst_mode_trainreplay,standard,98480853,0.0,0.0,0.0,0.0,0.0,0.0
Walker2d-v5,583213049,worst_mode_trainreplay,standard,324724199,0.0,0.0,0.0,0.0,0.0,0.0
Walker2d-v5,583213049,worst_mode_trainreplay,standard,1045477827,0.0,0.0,0.0,0.0,0.0,0.0
Walker2d-v5,583213049,worst_mode_trainreplay,standard,1767642859,0.0,0.0,0.0,0.0,0.0,0.0
Walker2d-v5,583213049,worst_mode_trainreplay,standard,2994879384,0.0,0.0,0.0,0.0,0.0,0.0
Walker2d-v5,583213049,worst_mode_trainreplay,standard,3308987476,0.0,0.0,0.0,0.0,0.0,0.0
Walker2d-v5,583213049,worst_mode_trainreplay,standard,4010771860,0.0,0.0,0.0,0.0,0.0,0.0
Walker2d-v5,583213049,worst_mode_trainreplay,standard,4218259887,0.0,0.0,0.0,0.0,0.0,0.0
Walker2d-v5,583213049,l2_mode_trainreplay,high_frequency,98480853,0.0,0.0,0.0,0.0,0.0,0.0
Walker2d-v5,583213049,l2_mode_trainreplay,high_frequency,324724199,0.0,0.0,0.0,0.0,0.0,0.0
Walker2d-v5,583213049,l2_mode_trainreplay,high_frequency,1045477827,0.0,0.0,0.0,0.0,0.0,0.0
Walker2d-v5,583213049,l2_mode_trainreplay,high_frequency,1767642859,0.0,0.0,0.0,0.0,0.0,0.0
Walker2d-v5,583213049,l2_mode_trainreplay,high_frequency,2994879384,0.0,0.0,0.0,0.0,0.0,0.0
Walker2d-v5,583213049,l2_mode_trainreplay,high_frequency,3308987476,0.0,0.0,0.0,0.0,0.0,0.0
Walker2d-v5,583213049,l2_mode_trainreplay,high_frequency,4010771860,0.0,0.0,0.0,0.0,0.0,0.0
Walker2d-v5,583213049,l2_mode_trainreplay,high_frequency,4218259887,0.0,0.0,0.0,0.0,0.0,0.0
Walker2d-v5,583213049,l2_mode_trainreplay,low_frequency,98480853,0.0,0.0,0.0,0.0,0.0,0.0
Walker2d-v5,583213049,l2_mode_trainreplay,low_frequency,324724199,0.0,0.0,0.0,0.0,0.0,0.0
Walker2d-v5,583213049,l2_mode_trainreplay,low_frequency,1045477827,0.0,0.0,0.0,0.0,0.0,0.0
Walker2d-v5,583213049,l2_mode_trainreplay,low_frequency,1767642859,0.0,0.0,0.0,0.0,0.0,0.0
Walker2d-v5,583213049,l2_mode_trainreplay,low_frequency,2994879384,0.0,0.0,0.0,0.0,0.0,0.0
Walker2d-v5,583213049,l2_mode_trainreplay,low_frequency,3308987476,0.0,0.0,0.0,0.0,0.0,0.0
Walker2d-v5,583213049,l2_mode_trainreplay,low_frequency,4010771860,0.0,0.0,0.0,0.0,0.0,0.0
Walker2d-v5,583213049,l2_mode_trainreplay,low_frequency,4218259887,0.0,0.0,0.0,0.0,0.0,0.0
Walker2d-v5,583213049,l2_mode_trainreplay,mixed,98480853,0.0,0.0,0.0,0.0,0.0,0.0
Walker2d-v5,583213049,l2_mode_trainreplay,mixed,324724199,0.0,0.0,0.0,0.0,0.0,0.0
Walker2d-v5,583213049,l2_mode_trainreplay,mixed,1045477827,0.0,0.0,0.0,0.0,0.0,0.0
Walker2d-v5,583213049,l2_mode_trainreplay,mixed,1767642859,0.0,0.0,0.0,0.0,0.0,0.0
Walker2d-v5,583213049,l2_mode_trainreplay,mixed,2994879384,0.0,0.0,0.0,0.0,0.0,0.0
Walker2d-v5,583213049,l2_mode_trainreplay,mixed,3308987476,0.0,0.0,0.0,0.0,0.0,0.0
Walker2d-v5,583213049,l2_mode_trainreplay,mixed,4010771860,0.0,0.0,0.0,0.0,0.0,0.0
Walker2d-v5,583213049,l2_mode_trainreplay,mixed,4218259887,0.0,0.0,0.0,0.0,0.0,0.0
Walker2d-v5,583213049,l2_mode_trainreplay,ood_chirp,98480853,0.0,0.0,0.0,0.0,0.0,0.0
Walker2d-v5,583213049,l2_mode_trainreplay,ood_chirp,324724199,0.0,0.0,0.0,0.0,0.0,0.0
Walker2d-v5,583213049,l2_mode_trainreplay,ood_chirp,1045477827,0.0,0.0,0.0,0.0,0.0,0.0
Walker2d-v5,583213049,l2_mode_trainreplay,ood_chirp,1767642859,0.0,0.0,0.0,0.0,0.0,0.0
Walker2d-v5,583213049,l2_mode_trainreplay,ood_chirp,2994879384,0.0,0.0,0.0,0.0,0.0,0.0
Walker2d-v5,583213049,l2_mode_trainreplay,ood_chirp,3308987476,0.0,0.0,0.0,0.0,0.0,0.0
Walker2d-v5,583213049,l2_mode_trainreplay,ood_chirp,4010771860,0.0,0.0,0.0,0.0,0.0,0.0
Walker2d-v5,583213049,l2_mode_trainreplay,ood_chirp,4218259887,0.0,0.0,0.0,0.0,0.0,0.0
Walker2d-v5,583213049,l2_mode_trainreplay,standard,98480853,0.0,0.0,0.0,0.0,0.0,0.0
Walker2d-v5,583213049,l2_mode_trainreplay,standard,324724199,0.0,0.0,0.0,0.0,0.0,0.0
Walker2d-v5,583213049,l2_mode_trainreplay,standard,1045477827,0.0,0.0,0.0,0.0,0.0,0.0
Walker2d-v5,583213049,l2_mode_trainreplay,standard,1767642859,0.0,0.0,0.0,0.0,0.0,0.0
Walker2d-v5,583213049,l2_mode_trainreplay,standard,2994879384,0.0,0.0,0.0,0.0,0.0,0.0
Walker2d-v5,583213049,l2_mode_trainreplay,standard,3308987476,0.0,0.0,0.0,0.0,0.0,0.0
Walker2d-v5,583213049,l2_mode_trainreplay,standard,4010771860,0.0,0.0,0.0,0.0,0.0,0.0
Walker2d-v5,583213049,l2_mode_trainreplay,standard,4218259887,0.0,0.0,0.0,0.0,0.0,0.0
Walker2d-v5,583213049,l2_path_trainreplay,high_frequency,98480853,0.0,0.0,0.0,0.0,0.0,0.0
Walker2d-v5,583213049,l2_path_trainreplay,high_frequency,324724199,0.0,0.0,0.0,0.0,0.0,0.0
Walker2d-v5,583213049,l2_path_trainreplay,high_frequency,1045477827,0.0,0.0,0.0,0.0,0.0,0.0
Walker2d-v5,583213049,l2_path_trainreplay,high_frequency,1767642859,0.0,0.0,0.0,0.0,0.0,0.0
Walker2d-v5,583213049,l2_path_trainreplay,high_frequency,2994879384,0.0,0.0,0.0,0.0,0.0,0.0
Walker2d-v5,583213049,l2_path_trainreplay,high_frequency,3308987476,0.0,0.0,0.0,0.0,0.0,0.0
Walker2d-v5,583213049,l2_path_trainreplay,high_frequency,4010771860,0.0,0.0,0.0,0.0,0.0,0.0
Walker2d-v5,583213049,l2_path_trainreplay,high_frequency,4218259887,0.0,0.0,0.0,0.0,0.0,0.0
Walker2d-v5,583213049,l2_path_trainreplay,low_frequency,98480853,0.0,0.0,0.0,0.0,0.0,0.0
Walker2d-v5,583213049,l2_path_trainreplay,low_frequency,324724199,0.0,0.0,0.0,0.0,0.0,0.0
Walker2d-v5,583213049,l2_path_trainreplay,low_frequency,1045477827,0.0,0.0,0.0,0.0,0.0,0.0
Walker2d-v5,583213049,l2_path_trainreplay,low_frequency,1767642859,0.0,0.0,0.0,0.0,0.0,0.0
Walker2d-v5,583213049,l2_path_trainreplay,low_frequency,2994879384,0.0,0.0,0.0,0.0,0.0,0.0
Walker2d-v5,583213049,l2_path_trainreplay,low_frequency,3308987476,0.0,0.0,0.0,0.0,0.0,0.0
Walker2d-v5,583213049,l2_path_trainreplay,low_frequency,4010771860,0.0,0.0,0.0,0.0,0.0,0.0
Walker2d-v5,583213049,l2_path_trainreplay,low_frequency,4218259887,0.0,0.0,0.0,0.0,0.0,0.0
Walker2d-v5,583213049,l2_path_trainreplay,mixed,98480853,0.0,0.0,0.0,0.0,0.0,0.0
Walker2d-v5,583213049,l2_path_trainreplay,mixed,324724199,0.0,0.0,0.0,0.0,0.0,0.0
Walker2d-v5,583213049,l2_path_trainreplay,mixed,1045477827,0.0,0.0,0.0,0.0,0.0,0.0
Walker2d-v5,583213049,l2_path_trainreplay,mixed,1767642859,0.0,0.0,0.0,0.0,0.0,0.0
Walker2d-v5,583213049,l2_path_trainreplay,mixed,2994879384,0.0,0.0,0.0,0.0,0.0,0.0
Walker2d-v5,583213049,l2_path_trainreplay,mixed,3308987476,0.0,0.0,0.0,0.0,0.0,0.0
Walker2d-v5,583213049,l2_path_trainreplay,mixed,4010771860,0.0,0.0,0.0,0.0,0.0,0.0
Walker2d-v5,583213049,l2_path_trainreplay,mixed,4218259887,0.0,0.0,0.0,0.0,0.0,0.0
Walker2d-v5,583213049,l2_path_trainreplay,ood_chirp,98480853,0.0,0.0,0.0,0.0,0.0,0.0
Walker2d-v5,583213049,l2_path_trainreplay,ood_chirp,324724199,0.0,0.0,0.0,0.0,0.0,0.0
Walker2d-v5,583213049,l2_path_trainreplay,ood_chirp,1045477827,0.0,0.0,0.0,0.0,0.0,0.0
Walker2d-v5,583213049,l2_path_trainreplay,ood_chirp,1767642859,0.0,0.0,0.0,0.0,0.0,0.0
Walker2d-v5,583213049,l2_path_trainreplay,ood_chirp,2994879384,0.0,0.0,0.0,0.0,0.0,0.0
Walker2d-v5,583213049,l2_path_trainreplay,ood_chirp,3308987476,0.0,0.0,0.0,0.0,0.0,0.0
Walker2d-v5,583213049,l2_path_trainreplay,ood_chirp,4010771860,0.0,0.0,0.0,0.0,0.0,0.0
Walker2d-v5,583213049,l2_path_trainreplay,ood_chirp,4218259887,0.0,0.0,0.0,0.0,0.0,0.0
Walker2d-v5,583213049,l2_path_trainreplay,standard,98480853,0.0,0.0,0.0,0.0,0.0,0.0
Walker2d-v5,583213049,l2_path_trainreplay,standard,324724199,0.0,0.0,0.0,0.0,0.0,0.0
Walker2d-v5,583213049,l2_path_trainreplay,standard,1045477827,0.0,0.0,0.0,0.0,0.0,0.0
Walker2d-v5,583213049,l2_path_trainreplay,standard,1767642859,0.0,0.0,0.0,0.0,0.0,0.0
Walker2d-v5,583213049,l2_path_trainreplay,standard,2994879384,0.0,0.0,0.0,0.0,0.0,0.0
Walker2d-v5,583213049,l2_path_trainreplay,standard,3308987476,0.0,0.0,0.0,0.0,0.0,0.0
Walker2d-v5,583213049,l2_path_trainreplay,standard,4010771860,0.0,0.0,0.0,0.0,0.0,0.0
Walker2d-v5,583213049,l2_path_trainreplay,standard,4218259887,0.0,0.0,0.0,0.0,0.0,0.0
Walker2d-v5,583213049,l2_path_freeze_trainreplay,high_frequency,98480853,0.0,0.0,0.0,0.0,0.0,0.0
Walker2d-v5,583213049,l2_path_freeze_trainreplay,high_frequency,324724199,0.0,0.0,0.0,0.0,0.0,0.0
Walker2d-v5,583213049,l2_path_freeze_trainreplay,high_frequency,1045477827,0.0,0.0,0.0,0.0,0.0,0.0
Walker2d-v5,583213049,l2_path_freeze_trainreplay,high_frequency,1767642859,0.0,0.0,0.0,0.0,0.0,0.0
Walker2d-v5,583213049,l2_path_freeze_trainreplay,high_frequency,2994879384,0.0,0.0,0.0,0.0,0.0,0.0
Walker2d-v5,583213049,l2_path_freeze_trainreplay,high_frequency,3308987476,0.0,0.0,0.0,0.0,0.0,0.0
Walker2d-v5,583213049,l2_path_freeze_trainreplay,high_frequency,4010771860,0.0,0.0,0.0,0.0,0.0,0.0
Walker2d-v5,583213049,l2_path_freeze_trainreplay,high_frequency,4218259887,0.0,0.0,0.0,0.0,0.0,0.0
Walker2d-v5,583213049,l2_path_freeze_trainreplay,low_frequency,98480853,0.0,0.0,0.0,0.0,0.0,0.0
Walker2d-v5,583213049,l2_path_freeze_trainreplay,low_frequency,324724199,0.0,0.0,0.0,0.0,0.0,0.0
Walker2d-v5,583213049,l2_path_freeze_trainreplay,low_frequency,1045477827,0.0,0.0,0.0,0.0,0.0,0.0
Walker2d-v5,583213049,l2_path_freeze_trainreplay,low_frequency,1767642859,0.0,0.0,0.0,0.0,0.0,0.0
Walker2d-v5,583213049,l2_path_freeze_trainreplay,low_frequency,2994879384,0.0,0.0,0.0,0.0,0.0,0.0
Walker2d-v5,583213049,l2_path_freeze_trainreplay,low_frequency,3308987476,0.0,0.0,0.0,0.0,0.0,0.0
Walker2d-v5,583213049,l2_path_freeze_trainreplay,low_frequency,4010771860,0.0,0.0,0.0,0.0,0.0,0.0
Walker2d-v5,583213049,l2_path_freeze_trainreplay,low_frequency,4218259887,0.0,0.0,0.0,0.0,0.0,0.0
Walker2d-v5,583213049,l2_path_freeze_trainreplay,mixed,98480853,0.0,0.0,0.0,0.0,0.0,0.0
Walker2d-v5,583213049,l2_path_freeze_trainreplay,mixed,324724199,0.0,0.0,0.0,0.0,0.0,0.0
Walker2d-v5,583213049,l2_path_freeze_trainreplay,mixed,1045477827,0.0,0.0,0.0,0.0,0.0,0.0
Walker2d-v5,583213049,l2_path_freeze_trainreplay,mixed,1767642859,0.0,0.0,0.0,0.0,0.0,0.0
Walker2d-v5,583213049,l2_path_freeze_trainreplay,mixed,2994879384,0.0,0.0,0.0,0.0,0.0,0.0
Walker2d-v5,583213049,l2_path_freeze_trainreplay,mixed,3308987476,0.0,0.0,0.0,0.0,0.0,0.0
Walker2d-v5,583213049,l2_path_freeze_trainreplay,mixed,4010771860,0.0,0.0,0.0,0.0,0.0,0.0
Walker2d-v5,583213049,l2_path_freeze_trainreplay,mixed,4218259887,0.0,0.0,0.0,0.0,0.0,0.0
Walker2d-v5,583213049,l2_path_freeze_trainreplay,ood_chirp,98480853,0.0,0.0,0.0,0.0,0.0,0.0
Walker2d-v5,583213049,l2_path_freeze_trainreplay,ood_chirp,324724199,0.0,0.0,0.0,0.0,0.0,0.0
Walker2d-v5,583213049,l2_path_freeze_trainreplay,ood_chirp,1045477827,0.0,0.0,0.0,0.0,0.0,0.0
Walker2d-v5,583213049,l2_path_freeze_trainreplay,ood_chirp,1767642859,0.0,0.0,0.0,0.0,0.0,0.0
Walker2d-v5,583213049,l2_path_freeze_trainreplay,ood_chirp,2994879384,0.0,0.0,0.0,0.0,0.0,0.0
Walker2d-v5,583213049,l2_path_freeze_trainreplay,ood_chirp,3308987476,0.0,0.0,0.0,0.0,0.0,0.0
Walker2d-v5,583213049,l2_path_freeze_trainreplay,ood_chirp,4010771860,0.0,0.0,0.0,0.0,0.0,0.0
Walker2d-v5,583213049,l2_path_freeze_trainreplay,ood_chirp,4218259887,0.0,0.0,0.0,0.0,0.0,0.0
Walker2d-v5,583213049,l2_path_freeze_trainreplay,standard,98480853,0.0,0.0,0.0,0.0,0.0,0.0
Walker2d-v5,583213049,l2_path_freeze_trainreplay,standard,324724199,0.0,0.0,0.0,0.0,0.0,0.0
Walker2d-v5,583213049,l2_path_freeze_trainreplay,standard,1045477827,0.0,0.0,0.0,0.0,0.0,0.0
Walker2d-v5,583213049,l2_path_freeze_trainreplay,standard,1767642859,0.0,0.0,0.0,0.0,0.0,0.0
Walker2d-v5,583213049,l2_path_freeze_trainreplay,standard,2994879384,0.0,0.0,0.0,0.0,0.0,0.0
Walker2d-v5,583213049,l2_path_freeze_trainreplay,standard,3308987476,0.0,0.0,0.0,0.0,0.0,0.0
Walker2d-v5,583213049,l2_path_freeze_trainreplay,standard,4010771860,0.0,0.0,0.0,0.0,0.0,0.0
Walker2d-v5,583213049,l2_path_freeze_trainreplay,standard,4218259887,0.0,0.0,0.0,0.0,0.0,0.0
Walker2d-v5,583213049,l2_path_freeze_crossreplay,high_frequency,98480853,0.0,0.0,0.0,0.0,0.0,0.0
Walker2d-v5,583213049,l2_path_freeze_crossreplay,high_frequency,324724199,0.0,0.0,0.0,0.0,0.0,0.0
Walker2d-v5,583213049,l2_path_freeze_crossreplay,high_frequency,1045477827,0.0,0.0,0.0,0.0,0.0,0.0
Walker2d-v5,583213049,l2_path_freeze_crossreplay,high_frequency,1767642859,0.0,0.0,0.0,0.0,0.0,0.0
Walker2d-v5,583213049,l2_path_freeze_crossreplay,high_frequency,2994879384,0.0,0.0,0.0,0.0,0.0,0.0
Walker2d-v5,583213049,l2_path_freeze_crossreplay,high_frequency,3308987476,0.0,0.0,0.0,0.0,0.0,0.0
Walker2d-v5,583213049,l2_path_freeze_crossreplay,high_frequency,4010771860,0.0,0.0,0.0,0.0,0.0,0.0
Walker2d-v5,583213049,l2_path_freeze_crossreplay,high_frequency,4218259887,0.0,0.0,0.0,0.0,0.0,0.0
Walker2d-v5,583213049,l2_path_freeze_crossreplay,low_frequency,98480853,0.0,0.0,0.0,0.0,0.0,0.0
Walker2d-v5,583213049,l2_path_freeze_crossreplay,low_frequency,324724199,0.0,0.0,0.0,0.0,0.0,0.0
Walker2d-v5,583213049,l2_path_freeze_crossreplay,low_frequency,1045477827,0.0,0.0,0.0,0.0,0.0,0.0
Walker2d-v5,583213049,l2_path_freeze_crossreplay,low_frequency,1767642859,0.0,0.0,0.0,0.0,0.0,0.0
Walker2d-v5,583213049,l2_path_freeze_crossreplay,low_frequency,2994879384,0.0,0.0,0.0,0.0,0.0,0.0
Walker2d-v5,583213049,l2_path_freeze_crossreplay,low_frequency,3308987476,0.0,0.0,0.0,0.0,0.0,0.0
Walker2d-v5,583213049,l2_path_freeze_crossreplay,low_frequency,4010771860,0.0,0.0,0.0,0.0,0.0,0.0
Walker2d-v5,583213049,l2_path_freeze_crossreplay,low_frequency,4218259887,0.0,0.0,0.0,0.0,0.0,0.0
Walker2d-v5,583213049,l2_path_freeze_crossreplay,mixed,98480853,0.0,0.0,0.0,0.0,0.0,0.0
Walker2d-v5,583213049,l2_path_freeze_crossreplay,mixed,324724199,0.0,0.0,0.0,0.0,0.0,0.0
Walker2d-v5,583213049,l2_path_freeze_crossreplay,mixed,1045477827,0.0,0.0,0.0,0.0,0.0,0.0
Walker2d-v5,583213049,l2_path_freeze_crossreplay,mixed,1767642859,0.0,0.0,0.0,0.0,0.0,0.0
Walker2d-v5,583213049,l2_path_freeze_crossreplay,mixed,2994879384,0.0,0.0,0.0,0.0,0.0,0.0
Walker2d-v5,583213049,l2_path_freeze_crossreplay,mixed,3308987476,0.0,0.0,0.0,0.0,0.0,0.0
Walker2d-v5,583213049,l2_path_freeze_crossreplay,mixed,4010771860,0.0,0.0,0.0,0.0,0.0,0.0
Walker2d-v5,583213049,l2_path_freeze_crossreplay,mixed,4218259887,0.0,0.0,0.0,0.0,0.0,0.0
Walker2d-v5,583213049,l2_path_freeze_crossreplay,ood_chirp,98480853,0.0,0.0,0.0,0.0,0.0,0.0
Walker2d-v5,583213049,l2_path_freeze_crossreplay,ood_chirp,324724199,0.0,0.0,0.0,0.0,0.0,0.0
Walker2d-v5,583213049,l2_path_freeze_crossreplay,ood_chirp,1045477827,0.0,0.0,0.0,0.0,0.0,0.0
Walker2d-v5,583213049,l2_path_freeze_crossreplay,ood_chirp,1767642859,0.0,0.0,0.0,0.0,0.0,0.0
Walker2d-v5,583213049,l2_path_freeze_crossreplay,ood_chirp,2994879384,0.0,0.0,0.0,0.0,0.0,0.0
Walker2d-v5,583213049,l2_path_freeze_crossreplay,ood_chirp,3308987476,0.0,0.0,0.0,0.0,0.0,0.0
Walker2d-v5,583213049,l2_path_freeze_crossreplay,ood_chirp,4010771860,0.0,0.0,0.0,0.0,0.0,0.0
Walker2d-v5,583213049,l2_path_freeze_crossreplay,ood_chirp,4218259887,0.0,0.0,0.0,0.0,0.0,0.0
Walker2d-v5,583213049,l2_path_freeze_crossreplay,standard,98480853,0.0,0.0,0.0,0.0,0.0,0.0
Walker2d-v5,583213049,l2_path_freeze_crossreplay,standard,324724199,0.0,0.0,0.0,0.0,0.0,0.0
Walker2d-v5,583213049,l2_path_freeze_crossreplay,standard,1045477827,0.0,0.0,0.0,0.0,0.0,0.0
Walker2d-v5,583213049,l2_path_freeze_crossreplay,standard,1767642859,0.0,0.0,0.0,0.0,0.0,0.0
Walker2d-v5,583213049,l2_path_freeze_crossreplay,standard,2994879384,0.0,0.0,0.0,0.0,0.0,0.0
Walker2d-v5,583213049,l2_path_freeze_crossreplay,standard,3308987476,0.0,0.0,0.0,0.0,0.0,0.0
Walker2d-v5,583213049,l2_path_freeze_crossreplay,standard,4010771860,0.0,0.0,0.0,0.0,0.0,0.0
Walker2d-v5,583213049,l2_path_freeze_crossreplay,standard,4218259887,0.0,0.0,0.0,0.0,0.0,0.0
