{
 "exp": "H_hiro_no_hindsight",
 "seed": 42,
 "ep": 49,
 "wait_mean": 5.230149999999999,
 "wait_std": 1.4518854732725994,
 "cv_mean": 0.42169500000000004,
 "cv_std": 0.058399944135247246,
 "overshoot_mean": 1.6,
 "overshoot_std": 1.4282856857085702,
 "composite_mean": 1.4261523076923077,
 "composite_std": 0.5253006679053198,
 "n_eps": 20,
 "wall_s": 1053.4
}