{
 "exp": "H_hiro_no_hindsight",
 "seed": 456,
 "ep": 249,
 "wait_mean": 9.5502,
 "wait_std": 5.940563985010178,
 "cv_mean": 0.5969800000000001,
 "cv_std": 0.10676046365579347,
 "overshoot_mean": 2.25,
 "overshoot_std": 0.9937303457175896,
 "composite_mean": 2.1404569597069587,
 "composite_std": 0.9550470965570365,
 "n_eps": 20,
 "wall_s": 1154.0
}