{
 "exp": "H_hiro_no_hindsight",
 "seed": 456,
 "ep": 149,
 "wait_mean": 7.1183,
 "wait_std": 3.938052667245577,
 "cv_mean": 0.52218,
 "cv_std": 0.11680905615576215,
 "overshoot_mean": 2.35,
 "overshoot_std": 0.9096702699330126,
 "composite_mean": 1.8431812454212455,
 "composite_std": 0.5797673979973725,
 "n_eps": 20,
 "wall_s": 1359.8
}