{
 "exp": "H_hiro_no_hindsight",
 "seed": 123,
 "ep": 49,
 "wait_mean": 6.277099999999999,
 "wait_std": 3.0755524040406135,
 "cv_mean": 0.469365,
 "cv_std": 0.07895826286716293,
 "overshoot_mean": 1.6,
 "overshoot_std": 1.3564659966250538,
 "composite_mean": 1.5612554029304029,
 "composite_std": 0.6272775423166316,
 "n_eps": 20,
 "wall_s": 1444.5
}