{
 "exp": "H_hiro_no_hindsight",
 "seed": 42,
 "ep": 99,
 "wait_mean": 5.918000000000001,
 "wait_std": 1.952891727669509,
 "cv_mean": 0.45384,
 "cv_std": 0.07438344170579902,
 "overshoot_mean": 1.55,
 "overshoot_std": 1.3955285736952865,
 "composite_mean": 1.5062489743589742,
 "composite_std": 0.5675271592101047,
 "n_eps": 20,
 "wall_s": 1125.4
}