{
 "exp": "H_hiro_no_hindsight",
 "seed": 123,
 "ep": 299,
 "wait_mean": 6.501600000000001,
 "wait_std": 2.6905959451392927,
 "cv_mean": 0.5307000000000001,
 "cv_std": 0.10248398411459227,
 "overshoot_mean": 1.95,
 "overshoot_std": 1.2439855304624727,
 "composite_mean": 1.7186576190476193,
 "composite_std": 0.6017986859594953,
 "n_eps": 20,
 "wall_s": 1559.9
}