{
 "exp": "H_hiro_no_hindsight",
 "seed": 123,
 "ep": 149,
 "wait_mean": 5.8145,
 "wait_std": 3.4213692653673036,
 "cv_mean": 0.48488000000000014,
 "cv_std": 0.08296347750667157,
 "overshoot_mean": 1.55,
 "overshoot_std": 1.3955285736952865,
 "composite_mean": 1.5269389743589745,
 "composite_std": 0.6741719618663568,
 "n_eps": 20,
 "wall_s": 1465.6
}