{
 "exp": "H_hiro_no_hindsight",
 "seed": 456,
 "ep": 199,
 "wait_mean": 8.01815,
 "wait_std": 4.490923527238022,
 "cv_mean": 0.502,
 "cv_std": 0.16372571881045445,
 "overshoot_mean": 2.3,
 "overshoot_std": 0.9539392014169457,
 "composite_mean": 1.9029862454212458,
 "composite_std": 0.661587192955509,
 "n_eps": 20,
 "wall_s": 1182.8
}