{
 "exp": "H_hiro_no_hindsight",
 "seed": 123,
 "ep": 199,
 "wait_mean": 5.406899999999999,
 "wait_std": 1.2867007771817036,
 "cv_mean": 0.4983000000000001,
 "cv_std": 0.11011778239684997,
 "overshoot_mean": 1.65,
 "overshoot_std": 1.388344337691482,
 "composite_mean": 1.5240037362637362,
 "composite_std": 0.5263788298760216,
 "n_eps": 20,
 "wall_s": 1479.8
}