{
 "exp": "H_hiro_no_hindsight",
 "seed": 42,
 "ep": 299,
 "wait_mean": 6.6663499999999996,
 "wait_std": 2.9119359586879656,
 "cv_mean": 0.5317899999999998,
 "cv_std": 0.12820175466817918,
 "overshoot_mean": 1.85,
 "overshoot_std": 1.2757350822173072,
 "composite_mean": 1.7136585164835167,
 "composite_std": 0.721054369218454,
 "n_eps": 20,
 "wall_s": 1458.6
}