{
 "exp": "H_hiro_no_hindsight",
 "seed": 123,
 "ep": 249,
 "wait_mean": 5.660349999999999,
 "wait_std": 1.5852114772168413,
 "cv_mean": 0.55982,
 "cv_std": 0.09998937243527435,
 "overshoot_mean": 1.9,
 "overshoot_std": 1.3,
 "composite_mean": 1.6603192857142859,
 "composite_std": 0.5701253002951607,
 "n_eps": 20,
 "wall_s": 1545.4
}