{
 "exp": "H_hiro_no_hindsight",
 "seed": 456,
 "ep": 49,
 "wait_mean": 7.387049999999998,
 "wait_std": 2.545480789065201,
 "cv_mean": 0.5682149999999999,
 "cv_std": 0.15662290788706484,
 "overshoot_mean": 2.8,
 "overshoot_std": 0.5099019513592784,
 "composite_mean": 2.0361210073260074,
 "composite_std": 0.5438411802231807,
 "n_eps": 20,
 "wall_s": 1586.7
}