{
 "exp": "H_hiro_no_hindsight",
 "seed": 456,
 "ep": 99,
 "wait_mean": 7.536849999999999,
 "wait_std": 3.046440681762899,
 "cv_mean": 0.588085,
 "cv_std": 0.1157533812681081,
 "overshoot_mean": 2.95,
 "overshoot_std": 0.21794494717703367,
 "composite_mean": 2.113679340659341,
 "composite_std": 0.45999098645338177,
 "n_eps": 20,
 "wall_s": 1503.8
}