{
 "exp": "H_hiro_no_hindsight",
 "seed": 42,
 "ep": 149,
 "wait_mean": 5.1305499999999995,
 "wait_std": 1.3141273330617547,
 "cv_mean": 0.438025,
 "cv_std": 0.05850416117679152,
 "overshoot_mean": 1.55,
 "overshoot_std": 1.3955285736952865,
 "composite_mean": 1.4116889743589742,
 "composite_std": 0.530083929687447,
 "n_eps": 20,
 "wall_s": 1249.4
}