{"avg_wait_min": [5.618], "peak_fleet": [16.0], "headway_cv": [0.416], "lower_lambda": [0.9970089197158813], "lower_alpha": [0.1], "lower_q_mean": [5.181824207305908], "lower_q_std": [1.4845606088638306], "upper_delta_mean": [-14.15], "upper_q_mean": [-0.23866577446460724], "hold_fb_mean": [19.117706237424546], "hold_penalty_mean": [0.3185519260938606], "freq_holdfb_same_hold": [0.0], "freq_holdfb_same_wait": [0.0], "theta_wait": [0.5054641128779004], "theta_fleet": [0.3089941994194386], "surprise": [0.4142], "belief_window": [10.2], "upper_hf_power_ratio": [0.07763467859602141], "lower_lf_drift_ratio": [0.986053255848717], "demand_attr_score": [0.16415442080203155], "demand_attr_mi_score": [-0.0007171326801395299], "shock_response_time_mean_s": [9.80952380952381], "shock_response_hit_rate": [1.0], "upper_plan_penalty_mean": [0.0], "freq_wait_lower_penalty_mean": [0.0], "freq_wait_lower_board_credit_mean": [0.0], "freq_wait_lower_net_mean": [0.0], "freq_wait_upper_credit_mean": [0.0], "freq_wait_low_share_mean": [0.0], "freq_wait_lower_high_share_mean": [0.0], "freq_middle": [-0.0022721902988824616], "freq_middle_energy": [0.0022721902988824616], "upper_plan_target_mean": [345.8459810277888], "upper_plan_decisions": [88.0], "upper_plan_reuse_ratio": [0.6641221374045801], "terminal_launch_shift_mean": [0.16030534351145037], "freq_promotion_flag": [0.0], "freq_promotion_strength": [0.0], "freq_promotion_absorbed": [0.0]}