{
 "composite": 1.6743979343414963,
 "params": [
  360.0,
  360.0,
  360.0
 ],
 "episode": 0,
 "z": [
  4.163718997207031,
  17.0,
  0.6151688917636504
 ],
 "n_fleet": 14
}