{
 "avg_wait": [
  4.163718997207031,
  7.233249922767995
 ],
 "cv": [
  0.6151688917636504,
  0.4096078598133732
 ],
 "overshoot": [
  3.0,
  3.0
 ],
 "composite": [
  1.6743979343414963,
  2.032932852090173
 ],
 "params": [
  [
   360.0,
   360.0,
   360.0
  ],
  [
   360.0,
   360.0,
   360.0
  ]
 ],
 "wall_s": [
  15.5,
  14.1
 ]
}