{
 "exp": "H_hiro_no_holdfb",
 "seed": 42,
 "ep": 299,
 "wait_mean": 6.990049999999999,
 "wait_std": 2.9862108511456453,
 "cv_mean": 0.5543099999999999,
 "cv_std": 0.12163798707640636,
 "overshoot_mean": 1.9,
 "overshoot_std": 1.2206555615733703,
 "composite_mean": 1.7718818498168498,
 "composite_std": 0.6260734259483216,
 "n_eps": 20,
 "wall_s": 1443.2
}