{
 "exp": "H_hiro_no_holdfb",
 "seed": 456,
 "ep": 249,
 "wait_mean": 7.163150000000002,
 "wait_std": 4.197744993148107,
 "cv_mean": 0.543025,
 "cv_std": 0.10642546628979363,
 "overshoot_mean": 2.3,
 "overshoot_std": 0.9539392014169457,
 "composite_mean": 1.8585112454212456,
 "composite_std": 0.7355825147176211,
 "n_eps": 20,
 "wall_s": 1262.8
}