{
 "exp": "H_hiro_no_holdfb",
 "seed": 42,
 "ep": 99,
 "wait_mean": 6.32615,
 "wait_std": 4.107261706721402,
 "cv_mean": 0.48061,
 "cv_std": 0.0627742216200249,
 "overshoot_mean": 1.7,
 "overshoot_std": 1.3453624047073711,
 "composite_mean": 1.6018101648351646,
 "composite_std": 0.7151801396941065,
 "n_eps": 20,
 "wall_s": 1032.5
}