{
 "exp": "H_hiro_no_holdfb",
 "seed": 123,
 "ep": 299,
 "wait_mean": 5.97875,
 "wait_std": 2.284636511023143,
 "cv_mean": 0.49033000000000004,
 "cv_std": 0.08599418643140942,
 "overshoot_mean": 1.9,
 "overshoot_std": 1.2206555615733703,
 "composite_mean": 1.6059476739926741,
 "composite_std": 0.6059652412459874,
 "n_eps": 20,
 "wall_s": 1482.2
}