{
 "exp": "H_hiro_no_holdfb",
 "seed": 456,
 "ep": 49,
 "wait_mean": 7.12685,
 "wait_std": 2.5725077507171874,
 "cv_mean": 0.5503600000000001,
 "cv_std": 0.14489844512623315,
 "overshoot_mean": 2.8,
 "overshoot_std": 0.5099019513592784,
 "composite_mean": 1.9922460073260073,
 "composite_std": 0.4614090230822597,
 "n_eps": 20,
 "wall_s": 1555.2
}