{
 "exp": "H_hiro_no_holdfb",
 "seed": 123,
 "ep": 149,
 "wait_mean": 5.5589,
 "wait_std": 1.7733560809944517,
 "cv_mean": 0.47269999999999995,
 "cv_std": 0.07742230944630883,
 "overshoot_mean": 1.7,
 "overshoot_std": 1.307669683062202,
 "composite_mean": 1.507880293040293,
 "composite_std": 0.5006763233230479,
 "n_eps": 20,
 "wall_s": 1229.6
}