{
 "exp": "H_hiro_no_holdfb",
 "seed": 123,
 "ep": 99,
 "wait_mean": 5.32005,
 "wait_std": 1.8205635796368114,
 "cv_mean": 0.44196,
 "cv_std": 0.05847866619545969,
 "overshoot_mean": 1.55,
 "overshoot_std": 1.359227721906819,
 "composite_mean": 1.4254073076923075,
 "composite_std": 0.541916544048553,
 "n_eps": 20,
 "wall_s": 1195.9
}