{"avg_wait_min": [5.499], "peak_fleet": [16.0], "headway_cv": [0.4182], "lower_lambda": [0.9970182180404663], "lower_alpha": [0.1], "lower_q_mean": [8.805509567260742], "lower_q_std": [2.7870800495147705], "upper_delta_mean": [-13.68], "upper_q_mean": [-0.18700750172138214], "hold_fb_mean": [21.56036217303823], "hold_penalty_mean": [0.3594047140752645], "freq_holdfb_same_hold": [0.0], "freq_holdfb_same_wait": [0.0], "theta_wait": [0.5049177749908538], "theta_fleet": [0.30932278719947226], "surprise": [0.155], "belief_window": [9.59], "upper_hf_power_ratio": [0.07547325778644462], "lower_lf_drift_ratio": [0.986274538202643], "demand_attr_score": [-0.0011251347381552096], "demand_attr_mi_score": [-0.018302498697462352], "shock_response_time_mean_s": [4.3125], "shock_response_hit_rate": [1.0], "upper_plan_penalty_mean": [0.0], "freq_wait_lower_penalty_mean": [0.0], "freq_wait_lower_board_credit_mean": [0.0], "freq_wait_lower_net_mean": [0.0], "freq_wait_upper_credit_mean": [0.0], "freq_wait_low_share_mean": [0.0], "freq_wait_lower_high_share_mean": [0.0], "freq_middle": [0.011740275094851179], "freq_middle_energy": [0.011740275094851179], "upper_plan_target_mean": [346.316092976177], "upper_plan_decisions": [88.0], "upper_plan_reuse_ratio": [0.6641221374045801], "terminal_launch_shift_mean": [0.0916030534351145], "freq_promotion_flag": [0.0], "freq_promotion_strength": [0.0], "freq_promotion_absorbed": [0.0]}