ep,stage,wall_env_s,wall_train_s,avg_wait_min,peak_fleet,headway_cv,ep_reward,ep_cost,ep_steps,n_dispatches,lower_action_mean,lower_action_std,lower_action_min,lower_action_max,lower_reward_mean,lower_reward_std,lower_q_mean,lower_q_std,lower_q_loss,lower_q_mse,lower_ood_loss,lower_cost_q_mean,lower_cost_q_loss,lower_policy_loss,lower_pi_grad_norm,lower_q_grad_norm,lower_alpha,lower_lambda,lower_replay_size,upper_delta_mean,upper_delta_std,upper_delta_min,upper_delta_max,upper_reward_mean,upper_reward_std,upper_q_mean,upper_q_std,upper_q_loss,upper_q_mse,upper_ood_loss,upper_policy_loss,upper_pi_grad_norm,upper_q_grad_norm,upper_alpha,upper_replay_size,hold_fb_mean,hold_fb_std,hold_fb_n_trips,hold_fb_dir0_mean,hold_fb_dir1_mean,hold_penalty_mean,theta_wait,theta_fleet,theta_cv,avg_holding_sec,total_holding_sec,avg_onboard_time_min,avg_total_passenger_time_min,n_arrived_passengers,planned_dispatch_headway_mean,planned_dispatch_headway_std,planned_dispatch_headway_cv,actual_dispatch_headway_mean,actual_dispatch_headway_std,actual_dispatch_headway_cv,planned_shift_mean,planned_shift_std,dispatch_lateness_mean,dispatch_lateness_max,surprise,belief_window,belief_cp_prob,belief_entropy,w_wait,w_fleet,w_cv,N_fleet,fleet_overshoot
0,Warmup,11.7,0.7,4.353,13,0.4443,-2588.44,937.766,4970,0,-15.62,30.57,-59.99,59.89,-0.5208,0.3234,-6.2565460205078125,1.4380334615707397,16.820003509521484,5.86269474029541,1.53305184841156,-0.20311571657657623,0.2914959788322449,8.900189399719238,16.288677215576172,223.59483337402344,0.1,0.9970030784606934,4970,0.0,0.0,0.0,0.0,0.0,0.0,0.0,0.0,0.0,0.0,0.0,0.0,0.0,0.0,0.0,0,-15.616835699368725,30.56801615182315,262,-12.150152606175356,-14.944580910629348,0.49883911547228027,0.5137453154129284,0.2930137909025351,0.19324089368453626,-12.275,-3682.38,11.855,16.207,19868,360.0,0.0,0.0,360.0,36.419,0.1012,0.0,0.0,5.55,213.0,0.1464,9.58,0.0525,2.995,0.5,0.3,0.2,10,3
1,Warmup,11.4,0.7,4.841,14,0.2967,-2281.624,743.696,4970,0,-25.48,27.3,-59.91,59.84,-0.4591,0.2904,-6.204725742340088,0.8167833089828491,13.620553970336914,3.0891528129577637,0.8742144703865051,0.06040038540959358,0.08235198259353638,7.964706897735596,7.249250411987305,117.68070220947266,0.1,0.993954598903656,9940,0.0,0.0,0.0,0.0,0.0,0.0,0.0,0.0,0.0,0.0,0.0,0.0,0.0,0.0,0.0,0,-25.477132949697406,27.29769689000041,262,-21.15877809061816,-20.97012983152741,0.5571813134590193,0.5212359975932086,0.2924297404443109,0.18633426196248057,-23.883,-7164.999,11.369,16.21,20792,360.0,0.0,0.0,360.0,0.0,0.0,0.0,0.0,0.0,0.0,0.2222,9.77,0.0526,2.994,0.514,0.293,0.193,11,3
2,Warmup,11.3,0.8,5.515,14,0.4916,-2537.66,928.049,4970,0,-42.1,20.69,-59.93,59.78,-0.5106,0.3202,-6.205679416656494,0.666809618473053,12.956705093383789,2.808166027069092,0.6646391153335571,-0.02905770018696785,0.03788016363978386,7.545644760131836,4.66093111038208,57.31211471557617,0.1,0.9909721612930298,14910,0.0,0.0,0.0,0.0,0.0,0.0,0.0,0.0,0.0,0.0,0.0,0.0,0.0,0.0,0.0,0,-42.101540507308734,20.694395089277982,262,-33.90700215948256,-38.29363637660679,0.7399487346054144,0.5279451750805182,0.29072243588010627,0.18133238903937554,-41.116,-12334.657,10.924,16.439,21419,360.0,0.0,0.0,360.0,0.0,0.0,0.0,0.0,0.0,0.0,0.2851,10.08,0.0528,2.988,0.521,0.292,0.186,11,3
3,Warmup,11.5,0.7,5.616,14,0.4712,-2662.521,957.183,4970,0,-38.69,23.61,-59.98,58.88,-0.5357,0.3175,-6.470710754394531,0.6479763984680176,12.957921981811523,3.135507822036743,0.6372456550598145,0.0245659202337265,0.030475640669465065,7.829037189483643,3.8577404022216797,92.30807495117188,0.1,0.9880205392837524,19880,0.0,0.0,0.0,0.0,0.0,0.0,0.0,0.0,0.0,0.0,0.0,0.0,0.0,0.0,0.0,0,-38.69027966386685,23.609426097944475,262,-42.088349151768185,-32.211882248246354,0.7060326939852041,0.5335781466417492,0.2892535247100381,0.17716832864821258,-32.548,-9764.268,10.947,16.563,20244,360.0,0.0,0.0,360.0,0.0,0.0,0.0,0.0,0.0,0.0,0.3283,10.45,0.0531,2.976,0.528,0.291,0.181,11,3
4,Warmup,10.9,0.8,5.131,13,0.4537,-2388.47,790.009,4969,0,-42.9,19.12,-59.93,54.25,-0.4807,0.2931,-6.849039077758789,0.6601417660713196,12.494871139526367,2.9455902576446533,0.6123882532119751,-0.0004507804987952113,0.027387209236621857,8.199623107910156,7.241354465484619,133.445556640625,0.1,0.985085129737854,24849,0.0,0.0,0.0,0.0,0.0,0.0,0.0,0.0,0.0,0.0,0.0,0.0,0.0,0.0,0.0,0,-42.89822489439033,19.117735590993263,262,-43.00789403146819,-33.042910712643675,0.7443895534749229,0.5394846554826254,0.2859501382762141,0.17456520624116045,-38.173,-11451.834,11.015,16.146,20771,360.0,0.0,0.0,360.0,7.891,0.0219,0.0,0.0,0.996,67.0,0.3326,10.79,0.0533,2.96,0.534,0.289,0.177,10,3
5,Warmup,11.2,0.8,4.077,14,0.3877,-2524.023,914.532,4969,0,-39.05,19.96,-59.74,50.52,-0.508,0.3251,-6.769920349121094,0.560903012752533,11.776358604431152,2.481658458709717,0.5645261406898499,0.001712462049908936,0.020497910678386688,7.955923080444336,4.613614082336426,93.9013900756836,0.1,0.9821380972862244,29818,0.0,0.0,0.0,0.0,0.0,0.0,0.0,0.0,0.0,0.0,0.0,0.0,0.0,0.0,0.0,0,-39.04985219896407,19.96320745042084,262,-39.43504388489221,-39.899982524859276,0.6864133815077701,0.5414088480891986,0.28644384180291116,0.17214731010789014,-37.251,-11175.274,11.021,15.098,20297,360.0,0.0,0.0,360.0,0.0,0.0,0.0,0.0,0.0,0.0,0.3394,11.1,0.0536,2.941,0.539,0.286,0.175,11,3
6,Warmup,11.7,0.9,3.847,14,0.551,-2560.898,926.421,4970,0,-41.59,18.61,-59.72,51.6,-0.5153,0.3143,-6.6720428466796875,0.515896201133728,11.314488410949707,2.254371404647827,0.5097115635871887,0.014730708673596382,0.021131616085767746,7.759556770324707,1.4563392400741577,58.98952865600586,0.1,0.9792210459709167,34788,0.0,0.0,0.0,0.0,0.0,0.0,0.0,0.0,0.0,0.0,0.0,0.0,0.0,0.0,0.0,0,-41.58961743827257,18.606518370009198,262,-43.09464143326408,-38.03254661811025,0.7199838720469666,0.542544415148389,0.2869397721835206,0.17051581266809027,-38.727,-11618.196,10.967,14.814,19712,360.0,0.0,0.0,360.0,0.0,0.0,0.0,0.0,0.0,0.0,0.3407,11.37,0.0539,2.922,0.541,0.286,0.172,16,0
7,Warmup,11.0,0.7,4.107,12,0.5323,-2837.194,1091.685,4970,0,-38.93,21.01,-59.83,56.38,-0.5709,0.3359,-6.695362567901611,0.49265050888061523,11.402256965637207,2.5719199180603027,0.49337732791900635,0.006174493581056595,0.02154969424009323,7.70455265045166,7.052105903625488,67.8482666015625,0.1,0.9763727784156799,39758,0.0,0.0,0.0,0.0,0.0,0.0,0.0,0.0,0.0,0.0,0.0,0.0,0.0,0.0,0.0,0,-38.93227970520675,21.009035700654678,262,-41.796555008700025,-31.04404767187018,0.6895060995500337,0.5468970522604062,0.2832956515868774,0.16980729615271636,-32.242,-9027.621,10.901,15.008,20148,360.0,0.0,0.0,360.0,58.304,0.162,0.0,0.0,19.435,381.0,0.3571,11.65,0.0542,2.899,0.543,0.287,0.171,9,3
8,Warmup,11.5,0.8,3.905,12,0.6111,-2657.056,977.072,4968,0,-37.64,20.94,-59.98,55.29,-0.5348,0.3218,-6.6496429443359375,0.4790475070476532,11.200250625610352,2.601675510406494,0.5044547915458679,-0.024251433089375496,0.018357716500759125,7.611490726470947,1.8499135971069336,133.5323944091797,0.1,0.9735602140426636,44726,0.0,0.0,0.0,0.0,0.0,0.0,0.0,0.0,0.0,0.0,0.0,0.0,0.0,0.0,0.0,0,-37.641427290979806,20.94078121108071,262,-38.50188900232315,-29.16756050351419,0.6658268849218094,0.550558310006696,0.2800316956494301,0.1694099943438741,-32.525,-9107.006,10.908,14.813,19052,360.0,0.0,0.0,360.488,42.649,0.1183,0.0,0.0,10.573,300.0,0.3473,11.86,0.0546,2.877,0.547,0.283,0.17,9,3
9,Warmup,11.1,0.7,8.565,14,0.4256,-2542.32,904.382,4970,0,-39.3,20.46,-59.89,56.8,-0.5115,0.3148,-7.2449188232421875,0.45992979407310486,10.580728530883789,2.174363613128662,0.4493907690048218,-0.0011642759200185537,0.014650840312242508,8.174745559692383,1.494479775428772,64.35804748535156,0.1,0.9706950187683105,49696,0.0,0.0,0.0,0.0,0.0,0.0,0.0,0.0,0.0,0.0,0.0,0.0,0.0,0.0,0.0,0,-39.3038838633323,20.463854042788157,262,-40.78162010092485,-38.74382382835213,0.6920750862011962,0.5564849455319588,0.27749118448389576,0.16602386998414553,-39.779,-11138.125,10.955,19.519,20516,360.0,0.0,0.0,360.0,0.0,0.0,0.0,0.0,0.0,0.0,0.3252,11.98,0.055,2.861,0.551,0.28,0.169,11,3
10,Warmup,11.4,0.8,3.762,15,0.5101,-2653.612,980.085,4971,0,-34.31,21.29,-59.75,53.65,-0.5338,0.3255,-6.738585948944092,0.43206802010536194,11.092031478881836,2.876779079437256,0.4132307171821594,-0.018985748291015625,0.011410423554480076,7.625792503356934,2.350818634033203,53.82280349731445,0.1,0.9678415656089783,54667,0.0,0.0,0.0,0.0,0.0,0.0,0.0,0.0,0.0,0.0,0.0,0.0,0.0,0.0,0.0,0,-34.30947456003664,21.28839367766155,262,-35.3197560900136,-31.230446628206654,0.6179046071313821,0.5558548570882781,0.279663307603516,0.16448183530820581,-29.614,-8884.304,10.996,14.758,19353,360.0,0.0,0.0,360.0,0.0,0.0,0.0,0.0,0.0,0.0,0.3151,12.04,0.0553,2.849,0.556,0.277,0.166,14,1
11,Warmup,11.6,0.8,5.17,14,0.3962,-2737.52,1044.943,4969,0,-41.74,18.02,-59.92,59.19,-0.5509,0.3378,-7.001183986663818,0.39334696531295776,10.440925598144531,2.376927137374878,0.43237560987472534,-0.007212031167000532,0.0138291260227561,7.795650005340576,9.394569396972656,124.42514038085938,0.1,0.9650377035140991,59636,0.0,0.0,0.0,0.0,0.0,0.0,0.0,0.0,0.0,0.0,0.0,0.0,0.0,0.0,0.0,0,-41.73916125791903,18.017730039911886,262,-44.0659102101075,-36.68707533698333,0.7183456985274695,0.5578644622453162,0.27942170003634664,0.16271383771833725,-41.015,-13124.852,10.975,16.145,20355,360.0,0.0,0.0,360.0,0.0,0.0,0.0,0.0,0.0,0.0,0.3111,12.05,0.0557,2.841,0.556,0.28,0.164,15,0
12,Warmup,11.7,0.8,4.684,13,0.323,-2541.534,889.643,4971,0,-33.95,21.03,-59.73,57.45,-0.5113,0.314,-6.993549823760986,0.38185426592826843,10.225929260253906,2.30180287361145,0.39460381865501404,0.02985956519842148,0.029580237343907356,7.810689449310303,3.918898105621338,85.94161987304688,0.1,0.9622567296028137,64607,0.0,0.0,0.0,0.0,0.0,0.0,0.0,0.0,0.0,0.0,0.0,0.0,0.0,0.0,0.0,0,-33.949059743983504,21.02993080176279,262,-40.07047358625814,-34.006535097799805,0.6097221445180946,0.5605018351122056,0.2780791826407483,0.16141898224704607,-31.943,-9582.901,10.878,15.562,20557,360.0,0.0,0.0,360.0,0.0,0.0,0.0,0.0,0.0,0.0,0.284,11.95,0.0561,2.841,0.558,0.279,0.163,12,1
13,Warmup,11.5,0.7,3.866,13,0.3885,-2511.323,907.69,4970,0,-37.7,19.65,-59.81,54.42,-0.5053,0.3216,-7.035284996032715,0.3747003376483917,10.304370880126953,2.541929244995117,0.3661052882671356,0.022883016616106033,0.014870967715978622,7.836213111877441,2.7185990810394287,102.60005187988281,0.1,0.9594844579696655,69577,0.0,0.0,0.0,0.0,0.0,0.0,0.0,0.0,0.0,0.0,0.0,0.0,0.0,0.0,0.0,0,-37.70446566101501,19.648211032954258,262,-40.359340460363185,-35.569543988689,0.6609787953689029,0.5622399225233696,0.27720876958820867,0.1605513078884216,-36.636,-10990.873,10.921,14.787,19812,360.0,0.0,0.0,360.0,8.595,0.0239,0.0,0.0,0.374,98.0,0.2584,11.73,0.0564,2.851,0.561,0.278,0.161,10,3
14,Warmup,11.3,0.9,4.04,13,0.4099,-2517.577,904.098,4970,0,-38.25,18.58,-59.87,53.35,-0.5066,0.3264,-7.165981292724609,0.408491313457489,10.180926322937012,2.555345058441162,0.3729987144470215,0.00761392479762435,0.01178042497485876,8.010815620422363,1.0486103296279907,77.35980224609375,0.1,0.9566923379898071,74547,0.0,0.0,0.0,0.0,0.0,0.0,0.0,0.0,0.0,0.0,0.0,0.0,0.0,0.0,0.0,0,-38.24883531215085,18.57671428651403,262,-42.22247788325737,-37.69234456635619,0.661877625850921,0.5640017894980881,0.2762866001216319,0.15971161038027995,-38.394,-10750.226,10.845,14.885,19183,360.0,0.0,0.0,360.0,0.965,0.0027,0.0,0.0,0.042,11.0,0.2381,11.42,0.0566,2.869,0.562,0.277,0.161,10,3
15,Warmup,11.5,0.9,7.817,13,0.4779,-2534.801,923.649,4970,0,-35.71,20.21,-59.93,51.38,-0.51,0.3234,-7.371706008911133,0.37588128447532654,9.621227264404297,2.1244876384735107,0.36922529339790344,0.02477877400815487,0.013712882064282894,8.169541358947754,4.102272033691406,61.29582214355469,0.1,0.9539125561714172,79517,0.0,0.0,0.0,0.0,0.0,0.0,0.0,0.0,0.0,0.0,0.0,0.0,0.0,0.0,0.0,0,-35.71287307301105,20.211119261949655,262,-38.17584690467308,-34.89498969159628,0.6303185730184284,0.5684309981604176,0.27358901617203113,0.15797998566755117,-32.484,-8445.911,10.964,18.78,21746,360.0,0.0,0.0,360.0,14.342,0.0398,0.0,0.0,1.092,99.0,0.2227,11.03,0.0567,2.893,0.564,0.276,0.16,10,3
16,Warmup,11.6,1.0,6.795,14,0.4462,-2477.082,876.099,4970,0,-36.78,18.71,-59.73,50.45,-0.4984,0.3177,-6.888357162475586,0.36694425344467163,9.363883018493652,1.9803860187530518,0.4031694531440735,0.03453238680958748,0.014933180995285511,7.66302490234375,8.156167984008789,65.92422485351562,0.1,0.9511398077011108,84487,0.0,0.0,0.0,0.0,0.0,0.0,0.0,0.0,0.0,0.0,0.0,0.0,0.0,0.0,0.0,0,-36.7799683258747,18.709994895781744,262,-38.155006893057575,-33.90846325566894,0.6389170671930948,0.5709659288867734,0.2727204742831505,0.15631359683007598,-34.987,-10496.14,11.001,17.797,21416,360.0,0.0,0.0,360.0,0.0,0.0,0.0,0.0,0.0,0.0,0.2021,10.57,0.0566,2.922,0.568,0.274,0.158,13,1
17,Warmup,11.6,1.0,3.79,14,0.5516,-2467.798,886.644,4970,0,-33.27,20.76,-59.17,58.07,-0.4965,0.322,-7.396831512451172,0.3786590099334717,9.569259643554688,2.3049092292785645,0.36815503239631653,0.050612833350896835,0.014102413319051266,8.222294807434082,4.160889148712158,74.04953002929688,0.1,0.9483630061149597,89457,0.0,0.0,0.0,0.0,0.0,0.0,0.0,0.0,0.0,0.0,0.0,0.0,0.0,0.0,0.0,0,-33.27024730399206,20.761198525576184,262,-38.285643001606594,-28.76417922636396,0.5998134756402503,0.5712335017068252,0.2731481911374985,0.15561830715567632,-29.973,-8392.477,10.869,14.659,19464,360.0,0.0,0.0,360.0,0.0,0.0,0.0,0.0,0.0,0.0,0.184,10.08,0.0563,2.951,0.571,0.273,0.156,13,1
18,Warmup,11.9,0.8,5.903,14,0.4347,-2689.327,1003.3,4970,0,-29.07,21.67,-59.2,56.74,-0.5411,0.3309,-7.27190637588501,0.3487127125263214,9.32602310180664,2.1604630947113037,0.3437965214252472,0.0872243121266365,0.019377056509256363,8.07498836517334,4.792817115783691,54.752723693847656,0.1,0.9455970525741577,94427,0.0,0.0,0.0,0.0,0.0,0.0,0.0,0.0,0.0,0.0,0.0,0.0,0.0,0.0,0.0,0,-29.0651572875731,21.66530508353799,262,-32.80031395334946,-27.729403853573295,0.5413919392988453,0.5729665686753168,0.2727264583668597,0.1543069729578236,-26.958,-8626.573,10.89,16.793,20738,360.0,0.0,0.0,360.0,0.0,0.0,0.0,0.0,0.0,0.0,0.1988,9.7,0.0557,2.974,0.571,0.273,0.156,11,3
19,Warmup,11.3,1.0,10.036,14,0.2705,-2521.035,880.074,4971,0,-32.36,19.61,-58.96,59.21,-0.5071,0.3134,-7.112644195556641,0.4238731861114502,9.387906074523926,2.331982135772705,0.37170568108558655,0.04420364275574684,0.017547311261296272,8.001660346984863,11.21324634552002,63.38726806640625,0.1,0.9428553581237793,99398,0.0,0.0,0.0,0.0,0.0,0.0,0.0,0.0,0.0,0.0,0.0,0.0,0.0,0.0,0.0,0,-32.35602854495391,19.614156933268248,262,-29.49301924736876,-32.183045199278155,0.5778870142861898,0.577308633061042,0.2707534118824932,0.15193795505646465,-28.378,-9080.964,11.038,21.074,21246,360.0,0.0,0.0,360.0,0.0,0.0,0.0,0.0,0.0,0.0,0.1817,9.45,0.0546,2.985,0.573,0.273,0.154,13,1
20,Warmup,11.2,0.8,4.272,16,0.4454,-2596.154,990.937,4970,0,-29.51,19.89,-58.98,56.8,-0.5224,0.3354,-7.38709020614624,0.3747013509273529,9.285128593444824,2.3195109367370605,0.38285383582115173,0.06088951975107193,0.0197068452835083,8.190515518188477,10.490232467651367,80.79664611816406,0.1,0.9401099681854248,104368,0.0,0.0,0.0,0.0,0.0,0.0,0.0,0.0,0.0,0.0,0.0,0.0,0.0,0.0,0.0,0,-29.510462818355478,19.893044696461203,262,-33.34317404031753,-28.132571013350237,0.5387440626510236,0.5762337389921414,0.2730702058243457,0.15069605518351303,-28.647,-9167.145,10.943,15.215,20249,360.0,0.0,0.0,360.0,0.0,0.0,0.0,0.0,0.0,0.0,0.1918,9.36,0.0539,2.991,0.577,0.271,0.152,13,3
21,Warmup,11.2,0.9,4.986,12,0.4807,-2521.724,897.761,4970,0,-27.18,22.26,-58.64,55.0,-0.5074,0.3116,-7.098348617553711,0.34853631258010864,8.881853103637695,2.0066580772399902,0.37578657269477844,0.09806907176971436,0.01712571270763874,7.910990238189697,5.134668350219727,75.3762435913086,0.1,0.9373924136161804,109338,0.0,0.0,0.0,0.0,0.0,0.0,0.0,0.0,0.0,0.0,0.0,0.0,0.0,0.0,0.0,0,-27.18070572170446,22.258470402240686,262,-31.044884826007642,-26.63346345801103,0.5216483238130274,0.5787786604840046,0.2710008304657304,0.1502205090502649,-25.403,-7112.705,10.982,15.967,19743,360.0,0.0,0.0,360.015,42.873,0.1191,0.0,0.0,11.229,259.0,0.1714,9.36,0.0531,2.992,0.576,0.273,0.151,9,3
22,Warmup,11.4,1.0,4.449,14,0.3496,-2425.479,841.142,4971,0,-33.41,19.7,-59.16,56.81,-0.4879,0.3045,-7.499297142028809,0.3129216134548187,8.898680686950684,2.109976291656494,0.3370209336280823,0.14345964789390564,0.03315841034054756,8.28431224822998,9.174555778503418,68.29026794433594,0.1,0.934684693813324,114309,0.0,0.0,0.0,0.0,0.0,0.0,0.0,0.0,0.0,0.0,0.0,0.0,0.0,0.0,0.0,0,-33.41390985293714,19.70091731023128,262,-33.05337190447669,-21.659135354820044,0.5935008120879924,0.5794758826550477,0.27121454192929645,0.14930957541565582,-26.653,-8528.973,10.848,15.297,20540,360.0,0.0,0.0,360.0,0.0,0.0,0.0,0.0,0.0,0.0,0.1409,9.4,0.0527,2.992,0.579,0.271,0.15,16,0
23,Warmup,11.5,1.0,5.258,14,0.5251,-2521.421,875.425,4969,0,-34.4,20.29,-59.53,58.45,-0.5074,0.3066,-7.546709060668945,0.32625269889831543,9.180088996887207,2.4648966789245605,0.3714160621166229,0.11798378825187683,0.03278656676411629,8.323646545410156,2.759977340698242,82.33037567138672,0.1,0.9319700598716736,119278,0.0,0.0,0.0,0.0,0.0,0.0,0.0,0.0,0.0,0.0,0.0,0.0,0.0,0.0,0.0,0,-34.395207968498696,20.286339000220444,262,-34.59920741319656,-26.92686755563083,0.6141406453645637,0.5804685021230963,0.27106736710333307,0.14846413077357057,-31.226,-9367.761,10.922,16.18,19474,360.0,0.0,0.0,360.0,0.0,0.0,0.0,0.0,0.0,0.0,0.1338,9.46,0.0525,2.992,0.579,0.271,0.149,11,3
24,Warmup,11.2,1.0,4.834,14,0.478,-2561.704,905.39,4970,0,-32.69,20.42,-59.67,55.04,-0.5154,0.3166,-7.734827995300293,0.30084484815597534,9.069547653198242,2.433525800704956,0.32586368918418884,0.13523799180984497,0.03947550803422928,8.467963218688965,5.094881057739258,110.38761901855469,0.1,0.9292676448822021,124248,0.0,0.0,0.0,0.0,0.0,0.0,0.0,0.0,0.0,0.0,0.0,0.0,0.0,0.0,0.0,0,-32.69385966293409,20.424670792372762,262,-33.31769037113378,-29.594107038410083,0.5847462195686255,0.5812367534085079,0.27109062150285607,0.14767262508863602,-29.634,-8890.296,10.914,15.749,20976,360.0,0.0,0.0,360.0,0.0,0.0,0.0,0.0,0.0,0.0,0.1342,9.55,0.0524,2.992,0.58,0.271,0.148,11,3
25,Warmup,12.0,1.0,5.095,11,0.3338,-2892.474,1088.061,4970,0,-26.59,23.42,-59.29,56.31,-0.582,0.3211,-7.498592853546143,0.36385267972946167,9.181224822998047,2.6316397190093994,0.2877922058105469,0.1996142566204071,0.03836585208773613,8.414669036865234,4.347460746765137,88.61229705810547,0.1,0.9265909194946289,129218,0.0,0.0,0.0,0.0,0.0,0.0,0.0,0.0,0.0,0.0,0.0,0.0,0.0,0.0,0.0,0,-26.585939936843932,23.416043374017747,262,-30.867685907922294,-27.736156895913574,0.5242460427161407,0.5837229042921449,0.26920418591735634,0.14707290979049883,-25.126,-6532.864,11.204,16.299,20428,360.0,0.0,0.0,365.173,109.57,0.3001,0.0,0.0,189.74,723.0,0.1958,9.74,0.0524,2.991,0.581,0.271,0.148,8,3
26,Warmup,11.5,1.0,6.424,15,0.4625,-2447.336,858.773,4970,0,-29.23,22.39,-59.56,57.3,-0.4924,0.3105,-7.635482311248779,0.33029818534851074,9.362483978271484,2.8804168701171875,0.31602877378463745,0.2559635639190674,0.05709867179393768,8.556390762329102,3.994884967803955,70.29856872558594,0.1,0.923917293548584,134188,0.0,0.0,0.0,0.0,0.0,0.0,0.0,0.0,0.0,0.0,0.0,0.0,0.0,0.0,0.0,0,-29.225644761099062,22.385352829050706,262,-32.75610512573468,-23.90223207865891,0.5503324681976487,0.5845411787662427,0.2696285347102956,0.1458302865234619,-26.1,-7829.852,11.105,17.528,21681,360.0,0.0,0.0,360.0,0.0,0.0,0.0,0.0,0.0,0.0,0.1999,9.95,0.0523,2.989,0.584,0.269,0.147,15,0
27,Warmup,11.6,0.8,5.932,11,0.5453,-3334.757,1508.001,4970,0,-28.63,24.12,-59.82,57.43,-0.671,0.3438,-7.706086158752441,0.30985841155052185,8.104724884033203,1.688818335533142,0.308735191822052,0.2636551856994629,0.04350487142801285,8.586607933044434,4.186581611633301,79.43114471435547,0.1,0.9212913513183594,139158,0.0,0.0,0.0,0.0,0.0,0.0,0.0,0.0,0.0,0.0,0.0,0.0,0.0,0.0,0.0,0,-28.629481790883755,24.116511788172634,262,-26.059539127977267,-26.310620328627135,0.5560010887732444,0.5871963107989284,0.2674675087509301,0.14533618045014143,-23.951,-7185.335,10.962,16.894,19651,360.0,0.0,0.0,364.004,175.179,0.4813,0.0,0.0,186.363,858.0,0.3315,10.42,0.0526,2.977,0.585,0.27,0.146,8,3
28,Warmup,11.4,1.0,3.921,13,0.4527,-2573.415,918.041,4971,0,-30.55,20.98,-59.66,48.16,-0.5177,0.3139,-7.668023586273193,0.32956668734550476,7.961377143859863,1.6052703857421875,0.3167884349822998,0.32837575674057007,0.05321935936808586,8.65267276763916,4.424148082733154,59.435394287109375,0.1,0.9186677932739258,144129,0.0,0.0,0.0,0.0,0.0,0.0,0.0,0.0,0.0,0.0,0.0,0.0,0.0,0.0,0.0,0,-30.548851422838503,20.977470153396496,262,-19.951979056471274,-24.16017892423429,0.5549700305202159,0.5881302972570621,0.26693404856564446,0.14493565417729345,-26.083,-7824.972,10.962,14.883,19019,360.0,0.0,0.0,360.0,16.289,0.0452,0.0,0.0,1.836,113.0,0.2506,10.61,0.0529,2.969,0.587,0.267,0.145,10,3
29,Warmup,11.6,1.0,3.638,15,0.3325,-2448.208,848.265,4969,0,-32.4,19.83,-59.65,57.15,-0.4927,0.3096,-7.5474772453308105,0.3272768259048462,8.045495986938477,1.7517139911651611,0.29430273175239563,0.32715681195259094,0.05744997039437294,8.512857437133789,5.5052056312561035,41.59934616088867,0.1,0.9160500168800354,149098,0.0,0.0,0.0,0.0,0.0,0.0,0.0,0.0,0.0,0.0,0.0,0.0,0.0,0.0,0.0,0,-32.402150741088775,19.832307820794018,262,-30.21995109453013,-31.706905560822868,0.5763987687162422,0.5875770498659845,0.26829949351143545,0.14412345662258003,-32.203,-9660.94,10.829,14.466,19662,360.0,0.0,0.0,360.0,0.0,0.0,0.0,0.0,0.0,0.0,0.1945,10.66,0.0531,2.965,0.588,0.267,0.145,16,0
30,BiLevel,12.0,1.0,5.54,14,0.3342,-2512.387,870.243,4970,262,-25.94,21.0,-59.29,53.65,-0.5055,0.2998,-7.513519763946533,0.2875407338142395,8.730364799499512,2.4913830757141113,0.33583831787109375,0.44742339849472046,0.07440055906772614,8.526936531066895,6.60201358795166,66.8288345336914,0.1,0.9134461283683777,154068,-9.26,48.18,-102.7,100.57,-1.121,0.5,-0.7910141348838806,1.473360300064087,16.16157341003418,6.223166465759277,1.8101085424423218,3.7478885650634766,5.249880790710449,73.3896255493164,0.05,262,-25.939169202874634,21.003643104469965,262,-26.579155663832232,-25.18690768417559,0.4917737685487066,0.5886524306168859,0.26816695986831884,0.1431806095147952,-23.436,-7030.797,10.952,16.491,20600,360.0,0.0,0.0,360.077,36.68,0.1019,0.0,0.0,15.656,100.0,0.1824,10.67,0.0533,2.962,0.588,0.268,0.144,16,0
31,BiLevel,11.5,2.3,4.196,14,0.285,-2465.521,867.936,4971,262,-33.66,20.54,-59.38,54.38,-0.496,0.305,-7.842829704284668,0.2959006726741791,8.648199081420898,2.4808096885681152,0.26904135942459106,0.3382317125797272,0.0929013341665268,8.75327205657959,2.6602776050567627,39.39415740966797,0.1,0.9108054041862488,159039,-2.47,27.43,-90.44,88.65,-0.8635,0.5,-1.269942283630371,0.7828577756881714,11.670594215393066,1.890300989151001,0.6392055749893188,2.8459904193878174,3.809202194213867,20.22072982788086,0.05,524,-33.663039366843364,20.54145152785884,262,-30.777642108892138,-30.454278422029393,0.6040180063753396,0.589095454353241,0.26847137864367104,0.14243316700308797,-29.435,-8830.474,10.922,15.118,20208,360.0,0.0,0.0,359.919,21.934,0.0609,0.0,0.0,8.802,88.0,0.1641,10.6,0.0536,2.963,0.589,0.268,0.143,16,0
32,BiLevel,12.6,0.8,3.93,16,0.515,-2589.161,907.639,4970,262,-23.57,21.21,-58.48,59.29,-0.521,0.3079,-7.958066940307617,0.2979830503463745,8.362874984741211,2.252732515335083,0.3165797293186188,0.4717487096786499,0.0899953693151474,9.073616027832031,5.905193328857422,75.26114654541016,0.1,0.9081801772117615,164009,-0.62,28.46,-100.13,87.73,-0.9147,0.5,-1.0657166242599487,0.2717735171318054,10.474443435668945,0.8495753407478333,0.298038512468338,1.62925124168396,2.122812032699585,6.173578262329102,0.05,786,-23.57491579981412,21.21264451499462,262,-28.601005840928927,-19.750787321517343,0.4644065283924735,0.5879015698505267,0.2704513695741991,0.1416470605752743,-21.461,-6867.513,10.983,14.914,19571,360.0,0.0,0.0,359.919,24.261,0.0674,0.0,0.0,10.412,87.0,0.1376,10.44,0.0538,2.966,0.589,0.268,0.142,16,0
33,BiLevel,12.1,1.0,6.351,12,0.4637,-2696.928,997.338,4969,262,-26.93,22.74,-59.79,59.81,-0.5428,0.3229,-7.800472736358643,0.42025765776634216,8.587541580200195,2.5275797843933105,0.363512247800827,0.40179377794265747,0.13823488354682922,9.042388916015625,2.184974431991577,125.46187591552734,0.1,0.9055991172790527,168978,-5.54,26.14,-82.15,73.69,-2.1285,0.5,-1.229123830795288,0.2563328742980957,10.605894088745117,1.1284630298614502,0.2566782832145691,1.765238881111145,2.3270373344421387,6.648382186889648,0.05,1048,-26.93204291718758,22.73629585905795,262,-27.1666734927579,-20.905205554279842,0.5252404654021552,0.5905447988775101,0.26837363639090006,0.1410815647315897,-23.41,-7022.999,11.025,17.376,19914,360.0,0.0,0.0,360.008,75.266,0.2091,0.0,0.0,43.79,488.0,0.1489,10.28,0.0539,2.97,0.588,0.27,0.142,9,3
34,BiLevel,11.8,1.1,4.28,14,0.4874,-2453.999,839.44,4970,262,-28.58,22.62,-59.43,57.17,-0.4938,0.3047,-7.805710792541504,0.4003373980522156,7.8442063331604,1.8371204137802124,0.2834341824054718,0.5121015906333923,0.09066995978355408,9.050110816955566,1.9331507682800293,103.42733764648438,0.1,0.9030330181121826,173948,-1.69,26.45,-64.81,92.03,-0.9646,0.5,-1.240921974182129,0.1750655174255371,10.305476188659668,0.970162570476532,0.1968487799167633,1.619787573814392,1.7877321243286133,3.299088478088379,0.05,1310,-28.582404325529183,22.623235837472485,262,-28.135951598341528,-22.907999117123452,0.5462522428529417,0.5908607007927028,0.2685782569231304,0.1405610422841668,-23.472,-7980.633,11.03,15.31,20565,360.0,0.0,0.0,359.869,23.847,0.0663,0.0,0.0,9.05,92.0,0.2273,10.27,0.054,2.972,0.591,0.268,0.141,16,0
35,BiLevel,11.9,0.9,3.925,12,0.4235,-2678.807,976.894,4970,262,-30.1,22.02,-59.48,59.83,-0.539,0.3203,-8.085437774658203,0.29811087250709534,8.277718544006348,2.3130431175231934,0.29863056540489197,0.5582625865936279,0.11020482331514359,9.146636009216309,4.069221496582031,73.54901885986328,0.1,0.9004617929458618,178918,-4.84,24.13,-72.86,88.61,-1.68,0.5,-1.3432239294052124,0.19081170856952667,10.053631782531738,0.8551434278488159,0.20838940143585205,1.7540409564971924,2.105013370513916,3.0303170680999756,0.05,1572,-30.09780916812674,22.02003911956033,262,-28.88705155374973,-29.99180408355437,0.5641733455815311,0.5923539818349824,0.26729179468451103,0.14035422348050644,-27.72,-8315.882,10.868,14.793,19865,360.0,0.0,0.0,359.808,52.084,0.1448,0.0,0.0,19.832,337.0,0.2081,10.2,0.0541,2.976,0.591,0.269,0.141,9,3
36,BiLevel,11.6,1.2,12.104,12,0.4578,-2592.544,957.678,4971,262,-30.99,21.82,-59.43,59.79,-0.5215,0.3218,-8.238131523132324,0.2812311053276062,7.691678047180176,1.7615019083023071,0.3807846009731293,0.4396264851093292,0.102772556245327,9.222372055053711,1.1077814102172852,95.85742950439453,0.1,0.8979037404060364,183889,-1.25,22.94,-79.13,69.41,-3.1455,0.5,-1.39926016330719,0.21988478302955627,11.24340534210205,2.175551652908325,0.2364257276058197,1.8779176473617554,2.061832904815674,3.3258509635925293,0.05,1834,-30.993852561493362,21.824897257204046,262,-25.859923080021616,-27.76608296272002,0.5766564800010019,0.5973814697734309,0.2636716556920703,0.13894687453449886,-22.289,-6686.681,11.131,23.235,22209,360.0,0.0,0.0,360.923,88.696,0.2457,0.0,0.0,42.737,456.0,0.2223,10.16,0.054,2.979,0.592,0.267,0.14,9,3
37,BiLevel,11.6,1.0,7.145,11,0.4433,-2864.348,1098.256,4970,262,-23.6,25.17,-59.68,58.22,-0.5763,0.3231,-8.41825008392334,0.2824757993221283,8.525382041931152,2.6441409587860107,0.3218618333339691,0.5006413459777832,0.1697370857000351,9.474392890930176,6.697499752044678,72.45514678955078,0.1,0.8953637480735779,188859,-3.85,22.31,-75.22,54.72,-2.3552,0.5,-1.387438178062439,0.22734777629375458,10.959793090820312,2.016571521759033,0.25055643916130066,1.887357473373413,1.792223572731018,7.238849639892578,0.05,2096,-23.59981240592335,25.17290974636509,262,-20.80029567934965,-18.961152795114014,0.5042165489297611,0.6001871146658744,0.2615223936160739,0.1382904917180518,-16.116,-4190.034,11.067,18.212,20597,360.0,0.0,0.0,363.081,127.333,0.3507,0.0,0.0,253.0,982.0,0.2675,10.26,0.0539,2.978,0.597,0.264,0.139,8,3
38,BiLevel,11.6,1.0,5.892,13,0.4451,-2504.314,887.835,4970,262,-32.75,19.29,-59.73,55.64,-0.5039,0.3125,-8.118414878845215,0.3013274669647217,7.353801250457764,1.5180518627166748,0.3091438114643097,0.43176910281181335,0.09740635007619858,9.006823539733887,4.6291584968566895,79.84024810791016,0.1,0.8928049802780151,193829,-5.02,20.76,-63.62,47.62,-1.3109,0.5,-1.5643118619918823,0.2912014126777649,10.209233283996582,1.3863424062728882,0.3006919026374817,2.1927249431610107,2.0099921226501465,6.22203254699707,0.05,2358,-32.74857080539977,19.293179350231185,262,-32.57182953024381,-31.635978913601292,0.5797267782376421,0.6017694038374043,0.2605456105614859,0.13768498560110984,-32.942,-9882.715,10.973,16.865,21753,360.0,0.0,0.0,360.135,14.333,0.0398,0.0,0.0,5.76,47.0,0.214,10.22,0.0538,2.979,0.6,0.262,0.138,12,1
39,BiLevel,11.9,1.1,5.597,14,0.4507,-2390.937,820.13,4970,262,-23.43,22.01,-59.01,53.83,-0.4811,0.3098,-8.309881210327148,0.3684380352497101,7.841168403625488,2.044705867767334,0.3277077078819275,0.5562919974327087,0.15584762394428253,9.57178783416748,6.2756452560424805,64.96654510498047,0.1,0.8902566432952881,198799,-3.19,20.41,-64.4,44.17,-1.1966,0.5,-1.3466618061065674,0.2315407395362854,9.538257598876953,0.8334132432937622,0.24439741671085358,1.8680797815322876,1.0768544673919678,4.571839809417725,0.05,2620,-23.432955578398296,22.006782382095093,262,-27.549347900403177,-28.334644379113847,0.4704156046060208,0.6025616950475065,0.2604439039535877,0.1369944009989059,-23.091,-6927.284,10.935,16.532,20113,360.0,0.0,0.0,360.035,14.606,0.0406,0.0,0.0,6.641,44.0,0.2192,10.23,0.0537,2.979,0.602,0.261,0.138,15,0
40,BiLevel,12.1,1.1,4.465,12,0.5389,-2571.029,939.171,4970,262,-27.31,20.95,-59.46,58.09,-0.5173,0.319,-7.829585075378418,0.4357505738735199,7.75734806060791,1.9963868856430054,0.35430824756622314,0.6161750555038452,0.09999534487724304,9.436651229858398,7.111731052398682,88.51506042480469,0.1,0.8877376914024353,203769,-4.11,21.05,-56.46,54.38,-1.8099,0.5,-1.533766746520996,0.28498783707618713,9.766499519348145,1.1756258010864258,0.29915058612823486,2.164417266845703,0.8667504191398621,8.106929779052734,0.05,2882,-27.312944457596785,20.945255532630966,262,-21.84512820871253,-27.399127885816917,0.5144549265418018,0.6040720152366399,0.25908624028244986,0.13684174448091016,-22.922,-6418.276,11.049,15.514,19719,360.0,0.0,0.0,360.096,63.296,0.1758,0.0,0.0,26.061,367.0,0.2203,10.22,0.0538,2.979,0.603,0.26,0.137,9,3
41,BiLevel,12.4,1.1,6.172,11,0.5007,-2999.359,1143.13,4972,262,-20.01,24.37,-59.25,58.17,-0.6033,0.3231,-8.28585147857666,0.3124730885028839,7.518211841583252,1.7983999252319336,0.2975925803184509,0.7549012899398804,0.14960424602031708,9.650627136230469,3.3044114112854004,66.12496948242188,0.1,0.885245144367218,208741,-5.48,20.16,-61.04,57.26,-2.1984,0.5,-1.5842363834381104,0.29312369227409363,9.61427116394043,1.136686086654663,0.264993816614151,2.2327022552490234,0.5766872763633728,4.053032398223877,0.05,3144,-20.013414853883717,24.374653166465233,262,-20.86594391951435,-25.639822235428973,0.45550467666364247,0.6062749635522083,0.25730759680168275,0.1364174396461089,-20.569,-5348.046,11.301,17.473,20963,360.0,0.0,0.0,366.862,121.187,0.3303,0.0,0.0,285.031,998.0,0.342,10.5,0.054,2.971,0.604,0.259,0.137,8,3
42,BiLevel,11.8,1.1,4.672,13,0.3857,-2529.36,894.255,4970,262,-27.97,21.12,-59.28,59.01,-0.5089,0.3159,-8.156134605407715,0.2908143401145935,7.175645351409912,1.4861962795257568,0.3724355101585388,0.6104696393013,0.11038295924663544,9.202079772949219,3.498077630996704,83.63972473144531,0.1,0.882742702960968,213711,-4.68,18.05,-55.58,49.66,-1.7024,0.5,-1.7290319204330444,0.27550068497657776,9.496114730834961,1.1295390129089355,0.25041186809539795,2.343123435974121,0.8060025572776794,6.129136085510254,0.05,3406,-27.968350722039233,21.11649494971395,262,-25.449408158346223,-23.904726933491858,0.5229024591320767,0.607293906722377,0.2567379730765403,0.13596812020108257,-26.077,-7823.116,10.865,15.537,20059,360.0,0.0,0.0,359.873,16.906,0.047,0.0,0.0,5.874,93.0,0.3242,10.69,0.0541,2.962,0.606,0.257,0.136,10,3
43,BiLevel,11.6,1.1,4.506,12,0.5117,-2417.438,834.992,4970,262,-23.51,22.2,-59.46,58.7,-0.4864,0.3103,-8.909282684326172,0.25391674041748047,7.7023468017578125,2.0573792457580566,0.2669209837913513,0.8304515480995178,0.18690089881420135,10.003812789916992,3.935885429382324,46.52885818481445,0.1,0.880244791507721,218681,-5.39,17.37,-66.85,54.52,-1.7999,0.5,-1.7630391120910645,0.29061833024024963,9.154251098632812,0.8968636393547058,0.30114832520484924,2.4080231189727783,0.38077113032341003,2.683008909225464,0.05,3668,-23.507533849533687,22.20317867784093,262,-24.310510473031748,-22.429839340950316,0.47541584034998025,0.6087670644236436,0.25543709502116146,0.135795840555195,-20.86,-6258.091,11.142,15.648,19794,360.0,0.0,0.0,360.177,38.632,0.1073,0.0,0.0,16.573,199.0,0.3083,10.85,0.054,2.952,0.607,0.257,0.136,9,3
44,BiLevel,11.6,1.2,4.925,13,0.4695,-2425.515,856.055,4970,262,-28.01,21.36,-59.16,57.06,-0.488,0.3162,-8.306205749511719,0.2592252194881439,7.7862043380737305,2.1791231632232666,0.2665576934814453,0.7850579023361206,0.159534752368927,9.49533462524414,1.851883888244629,56.87173080444336,0.1,0.8777715563774109,223651,-2.54,19.14,-60.18,50.24,-1.7805,0.5,-1.8160769939422607,0.29874324798583984,9.08232593536377,0.9325835108757019,0.2855200171470642,2.488389492034912,1.1930042505264282,5.2697224617004395,0.05,3930,-28.008763402270553,21.36466555823452,262,-24.907617151070585,-25.467531597457434,0.5269442492928746,0.609797751045697,0.2548046340755505,0.1353976148787524,-23.921,-7176.236,10.975,15.9,19959,360.0,0.0,0.0,360.119,20.807,0.0578,0.0,0.0,7.237,147.0,0.2887,11.01,0.0537,2.941,0.609,0.255,0.136,10,3
45,BiLevel,12.1,1.1,3.86,14,0.4926,-2397.182,816.345,4970,262,-26.69,21.8,-59.22,59.64,-0.4823,0.3059,-8.632575988769531,0.27254146337509155,8.16552734375,2.5974597930908203,0.2658027708530426,0.8172854781150818,0.23216512799263,10.028852462768555,1.4509897232055664,57.667991638183594,0.1,0.8752928972244263,228621,-3.74,19.38,-67.81,51.82,-1.5316,0.5,-1.91154146194458,0.2681548297405243,8.806026458740234,0.762677013874054,0.26941415667533875,2.519552707672119,1.003819227218628,4.70013952255249,0.05,4192,-26.68921430211859,21.797749891237423,262,-24.59328890113454,-26.717648067442997,0.5108042962716761,0.6097838961768692,0.2551816585325081,0.13503444529062258,-25.708,-7712.292,10.843,14.702,19747,360.0,0.0,0.0,360.012,12.701,0.0353,0.0,0.0,5.706,51.0,0.2856,11.2,0.0536,2.928,0.61,0.255,0.135,11,3
46,BiLevel,12.1,1.0,6.398,14,0.334,-2401.343,815.767,4970,262,-26.42,22.26,-59.27,57.81,-0.4832,0.3025,-8.611534118652344,0.28046685457229614,6.993649005889893,1.4607951641082764,0.30126985907554626,0.8112006187438965,0.1575002521276474,9.868181228637695,0.9232037663459778,59.237491607666016,0.1,0.8727862238883972,233591,-3.04,19.3,-69.17,59.09,-1.3646,0.5,-2.011223316192627,0.23258884251117706,8.484933853149414,0.5468968749046326,0.2729720175266266,2.5496082305908203,0.6995221376419067,4.931760787963867,0.05,4454,-26.42378058053733,22.255086571723172,262,-27.557952780943168,-24.786701253605514,0.5116150315936873,0.6108311533693075,0.2549590170021035,0.1342098296285889,-24.769,-7430.601,10.997,17.395,21042,360.0,0.0,0.0,359.973,14.716,0.0409,0.0,0.0,5.824,59.0,0.2767,11.43,0.0533,2.914,0.61,0.255,0.135,13,1
47,BiLevel,12.1,1.2,6.713,14,0.4793,-2360.283,791.603,4971,262,-27.76,21.8,-59.48,53.43,-0.4748,0.2961,-8.505583763122559,0.2758469581604004,7.079701900482178,1.5844405889511108,0.29142406582832336,0.9191770553588867,0.1768169403076172,9.930631637573242,1.4877747297286987,77.43304443359375,0.1,0.8703135251998901,238562,-2.43,19.42,-56.34,52.46,-2.0489,0.5,-2.059152126312256,0.24870242178440094,8.37063217163086,0.5364043116569519,0.2630046010017395,2.629617691040039,0.44835034012794495,2.359745740890503,0.05,4716,-27.757512653244273,21.798354681584303,262,-27.70255254977628,-29.34564188295289,0.5288568387193278,0.6118920480650876,0.25462699669134486,0.13348095524356754,-25.748,-7724.339,11.041,17.754,20337,360.0,0.0,0.0,359.888,14.342,0.0399,0.0,0.0,6.42,52.0,0.2897,11.54,0.0544,2.903,0.611,0.255,0.134,11,3
48,BiLevel,12.2,1.1,6.259,14,0.4014,-2405.767,811.636,4969,262,-32.14,21.22,-59.58,56.69,-0.4842,0.2989,-8.5484619140625,0.3720288574695587,7.489926338195801,2.024968147277832,0.3321242928504944,0.9761192202568054,0.18404729664325714,10.078269004821777,2.1756787300109863,72.66676330566406,0.1,0.8678433299064636,243531,-3.37,19.17,-62.03,53.27,-1.9346,0.5,-2.2685770988464355,0.19513161480426788,8.327555656433105,0.5956178903579712,0.22539326548576355,2.7390360832214355,2.409648895263672,5.6191816329956055,0.05,4978,-32.13936739167303,21.224100270304973,262,-28.33315754344589,-34.48966186062286,0.5866827358018614,0.6128111830194157,0.2544305410099475,0.13275827597063677,-29.657,-8897.153,11.08,17.339,21938,360.0,0.0,0.0,360.027,14.105,0.0392,0.0,0.0,5.844,53.0,0.2659,11.49,0.0551,2.902,0.612,0.255,0.133,11,3
49,BiLevel,12.5,1.2,5.245,11,0.6103,-3247.673,1344.734,4971,262,-18.27,26.88,-59.37,59.54,-0.6533,0.338,-8.72060775756836,0.3241059184074402,7.762450695037842,2.329577922821045,0.33917373418807983,0.9538439512252808,0.23029324412345886,10.143882751464844,1.0498223304748535,98.79557037353516,0.1,0.8653821349143982,248502,-1.07,18.26,-56.63,62.32,-2.066,0.5,-2.1169912815093994,0.25449398159980774,8.243879318237305,0.6105455160140991,0.2530193328857422,2.711132526397705,0.5210976600646973,3.2258505821228027,0.05,5240,-18.2659258282678,26.884011060921317,262,-25.49322098681801,-20.256042919268733,0.4701565394838485,0.6143877010472467,0.2530129042167685,0.13259939473598487,-16.501,-4620.207,11.299,16.543,20295,360.0,0.0,0.0,367.835,155.749,0.4234,0.0,0.0,459.584,1408.0,0.6073,12.5,0.0564,2.819,0.613,0.254,0.133,8,3
50,BiLevel,12.1,1.1,4.494,13,0.4669,-2406.427,813.104,4971,262,-28.71,21.39,-59.4,59.75,-0.4841,0.308,-8.69851303100586,0.26482364535331726,6.540885925292969,1.1447572708129883,0.3068864345550537,0.9886284470558167,0.15438830852508545,10.114789962768555,2.536925792694092,60.340660095214844,0.1,0.8629468679428101,253473,-1.19,18.62,-56.69,49.37,-1.6971,0.5,-2.1500320434570312,0.26605460047721863,8.33108139038086,0.794493556022644,0.2487812340259552,2.7726147174835205,1.7089483737945557,3.596360445022583,0.05,5502,-28.712842220791604,21.39293392369851,262,-31.745982539026365,-26.3666430448231,0.5356476307182895,0.6151722606509463,0.25253355299827374,0.1322941863507799,-28.938,-8681.435,10.957,15.451,20709,360.0,0.0,0.0,359.946,23.971,0.0666,0.0,0.0,8.324,185.0,0.5257,12.89,0.0575,2.766,0.614,0.253,0.133,10,3
51,BiLevel,11.8,0.9,4.807,14,0.2559,-2420.944,852.806,4972,262,-31.35,21.01,-59.79,59.13,-0.4869,0.3139,-9.065635681152344,0.26856890320777893,7.696498870849609,2.340505838394165,0.265375018119812,1.037710189819336,0.25672632455825806,10.487707138061523,3.8934519290924072,58.0135383605957,0.1,0.8604987859725952,258445,-3.3,17.93,-62.36,38.32,-1.2413,0.5,-2.2652065753936768,0.22704175114631653,8.061564445495605,0.6201324462890625,0.2335277795791626,2.8103668689727783,1.9149121046066284,4.7405877113342285,0.05,5764,-31.354856332594697,21.005684376381883,262,-31.35278111821727,-34.94872973216208,0.5735127495776771,0.6156040118268512,0.2527355722456742,0.1316604159274744,-30.287,-9086.006,10.972,15.779,19813,360.0,0.0,0.0,360.062,11.632,0.0323,0.0,0.0,5.332,38.0,0.4543,12.98,0.0583,2.744,0.615,0.253,0.132,12,2
52,BiLevel,12.5,1.2,7.497,11,0.454,-3326.575,1422.106,4969,262,-17.46,26.83,-59.52,57.89,-0.6695,0.3365,-8.882452964782715,0.34068888425827026,7.391286849975586,2.063568353652954,0.3190416693687439,1.1108837127685547,0.24787336587905884,10.418834686279297,1.3231191635131836,69.45343780517578,0.1,0.8580559492111206,263414,-2.61,20.52,-72.8,54.66,-2.4169,0.5,-2.345095157623291,0.18956798315048218,8.25308609008789,0.906122088432312,0.2102033495903015,2.820380210876465,2.1365416049957275,2.4450085163116455,0.05,6026,-17.455140948057938,26.833943057427394,262,-20.731135249765295,-23.16258669370099,0.4594353166146026,0.6180111965617524,0.2508767730288991,0.13111203040934866,-15.072,-3918.771,11.412,18.909,20541,360.0,0.0,0.0,368.1,162.728,0.4421,0.0,0.0,484.962,1690.0,0.7688,13.88,0.0597,2.601,0.616,0.253,0.132,8,3
53,BiLevel,12.1,1.3,5.006,14,0.4422,-2417.868,815.405,4970,262,-27.15,23.31,-59.85,58.17,-0.4865,0.2987,-9.208852767944336,0.2756718397140503,6.820571422576904,1.5307838916778564,0.24327608942985535,0.9290087223052979,0.21322079002857208,10.47707462310791,1.5657919645309448,87.44145965576172,0.1,0.855644166469574,268384,0.33,17.77,-50.16,49.13,-1.7179,0.5,-2.3412017822265625,0.2219342291355133,8.250152587890625,0.9934115409851074,0.21745306253433228,2.880122423171997,1.1310441493988037,1.2267743349075317,0.05,6288,-27.14787865466695,23.30795914374094,262,-23.01353580669353,-28.156714374768104,0.5326589467004261,0.6183814581540932,0.25099745042636457,0.13062109141954217,-23.679,-7103.728,11.04,16.047,20585,360.0,0.0,0.0,360.004,14.403,0.04,0.0,0.0,6.924,49.0,0.6618,14.27,0.06,2.513,0.618,0.251,0.131,11,3
54,BiLevel,11.8,1.1,3.867,13,0.4501,-2432.376,836.759,4970,262,-22.67,22.98,-59.1,57.65,-0.4894,0.3053,-8.923099517822266,0.3285088837146759,7.18259334564209,1.9163787364959717,0.2894883155822754,1.0766061544418335,0.26174911856651306,10.491524696350098,4.33249044418335,69.41314697265625,0.1,0.8532459735870361,273354,-1.6,16.52,-52.72,47.84,-1.5715,0.5,-2.3950729370117188,0.19344425201416016,7.855144023895264,0.6876478791236877,0.20393364131450653,2.873872756958008,0.624516487121582,1.8863085508346558,0.05,6550,-22.66529635654189,22.97684524339802,262,-26.941756448620243,-23.812070117753585,0.4728724798026611,0.6189098335000445,0.2506921314152664,0.13039803508468914,-21.024,-5886.699,11.079,14.946,19552,360.0,0.0,0.0,359.981,21.754,0.0604,0.0,0.0,6.916,211.0,0.5707,14.4,0.0612,2.466,0.618,0.251,0.131,10,3
55,BiLevel,11.9,1.1,6.494,11,0.4074,-2963.751,1170.041,4972,262,-24.52,24.06,-59.77,55.36,-0.5961,0.3332,-9.085555076599121,0.28920042514801025,7.1465911865234375,1.9051263332366943,0.2908626198768616,1.1711909770965576,0.2519734799861908,10.594828605651855,3.289645195007324,58.011722564697266,0.1,0.8508621454238892,278326,-2.91,19.0,-60.31,55.74,-2.2112,0.5,-2.4880354404449463,0.18843206763267517,7.636068820953369,0.5546757578849792,0.17489229142665863,2.972296953201294,0.421329528093338,2.478769302368164,0.05,6812,-24.51928367203121,24.05922431305843,262,-26.335236934925383,-21.612811138284833,0.502886420283232,0.6209180951837165,0.24912891285613,0.12995299196015347,-23.804,-6188.943,11.085,17.579,21249,360.0,0.0,0.0,364.038,120.271,0.3304,0.0,0.0,197.023,720.0,0.6418,14.71,0.0622,2.388,0.619,0.251,0.13,8,3
56,BiLevel,11.7,1.2,4.499,14,0.4921,-2394.324,823.862,4971,262,-27.8,21.98,-59.32,55.21,-0.4817,0.3113,-9.252017974853516,0.3183845579624176,6.74598503112793,1.5355347394943237,0.24053476750850677,1.1701462268829346,0.23293964564800262,10.90454387664795,4.887022018432617,66.45974731445312,0.1,0.8484767079353333,283297,-0.47,17.28,-51.51,50.16,-1.0299,0.5,-2.543454170227051,0.18844521045684814,7.759776592254639,0.7630957961082458,0.1818547397851944,3.0303759574890137,0.6073676943778992,7.29617166519165,0.05,7074,-27.795253549266498,21.983153407962078,262,-24.14696436842021,-23.595341923989746,0.5314900318206103,0.621059942075594,0.2493606386583881,0.12957941926601796,-23.291,-6521.37,10.884,15.383,19760,360.0,0.0,0.0,359.942,12.723,0.0353,0.0,0.0,6.408,50.0,0.6027,14.9,0.063,2.322,0.621,0.249,0.13,16,0
57,BiLevel,12.6,1.3,3.821,14,0.479,-2418.167,817.467,4970,262,-20.2,23.87,-58.7,58.92,-0.4866,0.3006,-9.34389877319336,0.336556077003479,7.665121078491211,2.4788568019866943,0.2777665853500366,1.3326488733291626,0.32466092705726624,11.152449607849121,4.075679779052734,91.14067840576172,0.1,0.8460790514945984,288267,-1.09,18.26,-53.42,51.45,-0.8981,0.5,-2.5439858436584473,0.19665145874023438,7.407576560974121,0.49446234107017517,0.18263131380081177,3.0495924949645996,2.3625645637512207,4.023716926574707,0.05,7336,-20.19924290213224,23.872882552965997,262,-20.681789874246245,-22.75651725130646,0.45360196408547065,0.620978318153353,0.24974250413342206,0.1292791777132249,-19.397,-5819.089,11.175,14.996,20282,360.0,0.0,0.0,359.973,14.753,0.041,0.0,0.0,6.107,51.0,0.5492,14.84,0.0656,2.301,0.621,0.249,0.13,14,0
58,BiLevel,12.0,1.2,4.219,14,0.4985,-2316.895,771.999,4972,262,-22.85,23.49,-59.41,59.03,-0.466,0.3027,-9.563333511352539,0.2521602213382721,7.297985553741455,2.1397829055786133,0.2578173279762268,1.1727075576782227,0.3456709682941437,11.139089584350586,5.114207744598389,55.89505386352539,0.1,0.8436998128890991,293239,-3.02,16.93,-54.27,40.54,-0.9792,0.5,-2.5838510990142822,0.1547466367483139,7.2938432693481445,0.4642868936061859,0.1659640669822693,3.019463539123535,0.5236810445785522,2.216672420501709,0.05,7598,-22.847070627465204,23.489372572705484,262,-23.500975801285946,-23.93136722445488,0.4816918850702376,0.6210201519023782,0.2500270053644764,0.12895284273314547,-23.163,-6948.834,11.157,15.375,20672,360.0,0.0,0.0,360.0,10.831,0.0301,0.0,0.0,4.737,40.0,0.5764,14.89,0.0667,2.271,0.621,0.25,0.129,14,0
59,BiLevel,11.8,1.1,5.102,14,0.4065,-2441.653,861.702,4970,262,-29.69,21.4,-59.59,56.84,-0.4913,0.3084,-9.481768608093262,0.31275346875190735,7.203407287597656,2.0679330825805664,0.2929757535457611,1.4322090148925781,0.31750601530075073,11.31694507598877,2.418722152709961,83.07647705078125,0.1,0.8413386344909668,298209,-1.96,18.17,-68.16,51.31,-1.7214,0.5,-2.532405376434326,0.19820888340473175,7.473478317260742,0.7268053293228149,0.14377771317958832,3.0526607036590576,4.152745723724365,4.9728240966796875,0.05,7860,-29.690662858626567,21.3997235099331,262,-29.5801462973419,-31.295100138375638,0.5503340014993156,0.621404031866208,0.2501343186182541,0.12846164951553787,-28.8,-8639.887,11.124,16.226,21142,360.0,0.0,0.0,360.027,12.567,0.0349,0.0,0.0,5.656,51.0,0.4897,14.71,0.0667,2.269,0.621,0.25,0.129,11,3
60,BiLevel,11.8,1.2,4.619,14,0.4016,-2268.851,744.413,4970,262,-20.68,21.7,-59.37,58.28,-0.4565,0.2952,-9.553607940673828,0.2280241698026657,6.535752296447754,1.4168459177017212,0.3768123984336853,1.3275688886642456,0.22163087129592896,11.077020645141602,1.5729857683181763,108.38090515136719,0.1,0.8389647603034973,303179,-2.85,16.14,-48.08,52.3,-1.6299,0.5,-2.6722187995910645,0.14589843153953552,7.093276500701904,0.42658671736717224,0.16118404269218445,3.095445156097412,7.210922718048096,2.8592281341552734,0.05,8122,-20.67663823045318,21.699430875914544,262,-23.43002058934224,-27.1104767873099,0.4344540767831454,0.6216266697064765,0.2503459346421777,0.1280273956513456,-23.119,-6935.641,11.118,15.738,20679,360.0,0.0,0.0,360.031,20.919,0.0581,0.0,0.0,6.176,173.0,0.5568,15.0,0.0648,2.188,0.621,0.25,0.128,11,3
61,BiLevel,12.7,1.4,7.594,14,0.5525,-2432.123,828.374,4971,262,-27.32,22.42,-59.69,58.56,-0.4893,0.3022,-9.140524864196777,0.31477248668670654,6.7268595695495605,1.6435085535049438,0.299909383058548,1.297629952430725,0.33913952112197876,10.809652328491211,3.0874006748199463,64.8808822631836,0.1,0.8366013169288635,308150,-2.79,17.51,-54.79,58.08,-1.8788,0.5,-2.5925374031066895,0.18310943245887756,7.047987937927246,0.45783525705337524,0.17008112370967865,3.0831692218780518,3.858182668685913,3.4615817070007324,0.05,8384,-27.319616775935,22.417193587500343,262,-25.77622221120094,-29.997105549354302,0.5269224208178017,0.6227319097770795,0.24988194179508877,0.1273861484278318,-26.358,-8434.617,11.09,18.684,21291,360.0,0.0,0.0,359.988,12.437,0.0345,0.0,0.0,5.191,58.0,0.471,14.82,0.0673,2.163,0.622,0.25,0.128,12,2
62,BiLevel,12.0,1.0,4.107,15,0.5053,-2402.633,807.345,4970,262,-27.73,23.35,-59.47,57.85,-0.4834,0.3027,-9.572580337524414,0.3110209107398987,7.425734043121338,2.367541551589966,0.2857419550418854,1.507047414779663,0.30947422981262207,11.308380126953125,1.8927953243255615,65.22481536865234,0.1,0.834248423576355,313120,-2.03,16.87,-59.46,42.09,-1.0139,0.5,-2.75134539604187,0.1544780731201172,7.135725498199463,0.6214764714241028,0.15020343661308289,3.1928257942199707,4.119834899902344,3.5915517807006836,0.05,8646,-27.730393757874996,23.350376045280452,262,-28.823046968132257,-29.562790595700864,0.5407640657484656,0.6221903606707574,0.2508205069229621,0.1269891324062805,-26.38,-8441.611,10.948,15.055,18776,360.0,0.0,0.0,360.162,12.909,0.0358,0.0,0.0,5.004,42.0,0.4438,14.41,0.07,2.18,0.623,0.25,0.127,14,1
63,BiLevel,12.1,1.2,5.413,11,0.447,-2618.793,930.467,4971,262,-24.24,23.84,-58.88,58.59,-0.5268,0.3087,-9.70359992980957,0.2621815502643585,7.255816459655762,2.2125697135925293,0.36238381266593933,1.4281554222106934,0.4035058915615082,11.3287353515625,1.1449155807495117,95.8536148071289,0.1,0.831904411315918,318091,-3.06,18.54,-61.5,48.03,-2.0272,0.5,-2.7163591384887695,0.18134668469429016,6.847657203674316,0.40627485513687134,0.13641993701457977,3.204657793045044,5.373050689697266,1.7238621711730957,0.05,8908,-24.23568914560412,23.83511279950037,262,-28.96252129579845,-25.19426976693304,0.5041789758751763,0.6236909111975735,0.2495723427448248,0.1267367460576018,-25.566,-6647.206,11.099,16.512,19529,360.0,0.0,0.0,365.877,98.055,0.268,0.0,0.0,184.351,811.0,0.419,13.67,0.0727,2.258,0.622,0.251,0.127,8,3
64,BiLevel,12.2,1.3,3.619,14,0.5353,-2309.726,772.454,4970,262,-18.54,24.72,-59.1,59.21,-0.4647,0.308,-9.324264526367188,0.22491590678691864,6.254169940948486,1.2426774501800537,0.2866349518299103,1.4002772569656372,0.29146164655685425,10.96835708618164,0.8958759903907776,57.9685173034668,0.1,0.8295794725418091,323061,-3.12,18.79,-62.27,62.23,-1.1302,0.5,-2.7612550258636475,0.16776901483535767,6.865699768066406,0.4965747892856598,0.12812738120555878,3.242551803588867,0.3753839135169983,1.6526819467544556,0.05,9170,-18.544346970359474,24.720202316136895,262,-21.773477206732096,-24.155984069642265,0.4452824751968562,0.623505683040385,0.2499638816803488,0.1265304352792662,-19.169,-5750.642,11.252,14.871,19066,360.0,0.0,0.0,360.081,14.212,0.0395,0.0,0.0,5.378,62.0,0.4789,12.96,0.075,2.37,0.624,0.25,0.127,12,2
65,BiLevel,12.5,1.2,10.391,11,0.5526,-3031.134,1228.174,4970,262,-22.32,26.78,-59.48,59.42,-0.6099,0.3343,-9.685583114624023,0.31891074776649475,6.737761497497559,1.748409628868103,0.3063010275363922,1.5792595148086548,0.30725035071372986,11.542984008789062,1.2298650741577148,97.17842864990234,0.1,0.8272320628166199,328031,-2.96,17.9,-58.59,43.71,-2.997,0.5,-2.8516440391540527,0.1651957631111145,7.144424915313721,0.8453140258789062,0.13203398883342743,3.326167106628418,1.1853601932525635,1.9475632905960083,0.05,9432,-22.32122401871889,26.781555109535176,262,-23.63072348644859,-26.144455150240343,0.5148975052235005,0.6264799637714898,0.2476833070340008,0.12583672919450928,-23.644,-6620.258,11.144,21.535,20758,360.0,0.0,0.0,367.269,151.285,0.4119,0.0,0.0,471.546,1286.0,0.7978,13.46,0.0819,2.373,0.624,0.25,0.127,8,3
66,BiLevel,12.2,1.3,4.413,13,0.4089,-2238.795,734.443,4970,262,-20.96,23.07,-58.79,59.42,-0.4505,0.2927,-9.91181468963623,0.24292321503162384,6.452320098876953,1.4917620420455933,0.2724061608314514,1.5433237552642822,0.354126513004303,11.64196491241455,3.486269950866699,63.36712646484375,0.1,0.8249058127403259,333001,-3.22,17.21,-50.44,58.19,-1.6525,0.5,-2.817944049835205,0.17911912500858307,6.905767440795898,0.6767983436584473,0.13793540000915527,3.3269596099853516,0.31311920285224915,3.9148595333099365,0.05,9694,-20.9575391077637,23.065677299392036,262,-23.99214886885725,-25.976392772009497,0.4555855416840717,0.6271179165789554,0.24731504803961069,0.12556703538143388,-20.628,-6188.544,11.099,15.512,20305,360.0,0.0,0.0,359.981,14.143,0.0393,0.0,0.0,4.798,80.0,0.8222,13.22,0.0844,2.497,0.626,0.248,0.126,10,3
67,BiLevel,11.8,1.2,5.07,12,0.2658,-2330.407,810.65,4970,262,-15.72,24.17,-58.99,56.47,-0.4689,0.3076,-9.708370208740234,0.28643980622291565,8.276731491088867,3.3355040550231934,0.30876249074935913,1.5149853229522705,0.6729463934898376,11.450706481933594,2.0375185012817383,67.4034194946289,0.1,0.8225921988487244,337971,-1.94,16.57,-60.26,51.86,-1.796,0.5,-2.891068458557129,0.1706855446100235,6.7490081787109375,0.5846062302589417,0.16094723343849182,3.38546085357666,2.2143125534057617,3.813725471496582,0.05,9956,-15.71919596049957,24.166549178616002,262,-19.02817458435893,-7.3017201554618385,0.4138377214907681,0.6285451046884767,0.24622250863984524,0.12523238667167802,-9.771,-2931.325,11.244,16.314,19826,360.0,0.0,0.0,360.169,55.277,0.1535,0.0,0.0,25.187,406.0,0.7398,12.65,0.0778,2.686,0.627,0.247,0.126,9,3
68,BiLevel,11.7,1.3,4.878,12,0.4584,-2494.7,884.267,4969,262,-23.48,23.87,-58.59,60.0,-0.5021,0.3146,-9.85595989227295,0.2564440667629242,8.56253719329834,3.649610996246338,0.26489198207855225,1.6111571788787842,0.5743994116783142,11.793813705444336,1.2272359132766724,68.40935516357422,0.1,0.8202889561653137,342940,-4.31,16.56,-50.6,83.11,-1.8307,0.5,-2.9873476028442383,0.16706670820713043,6.707615375518799,0.6077882051467896,0.1446608155965805,3.484046697616577,1.1695345640182495,5.97108793258667,0.05,10218,-23.477087453252853,23.86790848881803,262,-24.910902629557405,-22.291582879110386,0.49693625492739296,0.6297991340350821,0.2451412270604378,0.1250596389044801,-23.535,-7060.574,11.135,16.013,20418,360.0,0.0,0.0,360.1,65.311,0.1814,0.0,0.0,33.996,498.0,0.5716,12.99,0.0595,2.655,0.629,0.246,0.125,9,3
69,BiLevel,12.2,1.2,4.413,15,0.5144,-2299.304,762.383,4970,262,-23.51,23.71,-59.66,58.09,-0.4626,0.3004,-9.813329696655273,0.30288639664649963,7.040969371795654,2.1515231132507324,0.2780149281024933,1.6211415529251099,0.42087340354919434,11.647440910339355,1.0164685249328613,59.53794860839844,0.1,0.8179802894592285,347910,-3.14,17.82,-76.22,48.37,-1.0268,0.5,-2.995548725128174,0.16414473950862885,6.593961238861084,0.5587643384933472,0.15480154752731323,3.4835009574890137,2.9127612113952637,4.346675395965576,0.05,10480,-23.50903506376359,23.708170645642507,262,-27.28846479089637,-19.235284225760324,0.4946901126390753,0.6293260726788373,0.24600359082874032,0.12467033649242235,-22.162,-7091.752,11.093,15.507,19649,360.0,0.0,0.0,360.077,11.314,0.0314,0.0,0.0,4.374,48.0,0.5914,12.95,0.0623,2.647,0.63,0.245,0.125,15,0
70,BiLevel,12.1,1.2,11.127,12,0.4253,-2483.637,884.108,4971,262,-20.62,25.29,-59.62,59.42,-0.4996,0.3253,-9.990201950073242,0.2400844693183899,7.022576332092285,2.1535372734069824,0.3218183219432831,1.6586368083953857,0.5607909560203552,11.729521751403809,5.7909040451049805,98.93394470214844,0.1,0.8157066106796265,352881,-3.06,17.77,-55.45,49.88,-2.9978,0.5,-3.1011850833892822,0.1733965128660202,6.576658248901367,0.6026822328567505,0.14928199350833893,3.6187779903411865,0.3705652058124542,2.243173599243164,0.05,10742,-20.621302820858663,25.29316813964318,262,-21.132803102700333,-19.61044483451467,0.4749595469164096,0.6324416385940398,0.2437078864034853,0.12385047500247476,-16.13,-4838.903,11.188,22.314,22246,360.0,0.0,0.0,360.492,66.781,0.1852,0.0,0.0,39.004,387.0,0.4683,12.92,0.059,2.63,0.629,0.246,0.125,9,3
71,BiLevel,12.3,1.4,3.859,14,0.5785,-2298.406,739.183,4970,262,-26.43,22.05,-59.45,57.97,-0.4625,0.2818,-10.17717456817627,0.244776651263237,6.534107208251953,1.6964038610458374,0.24897563457489014,1.7916028499603271,0.35198068618774414,12.168550491333008,1.154017448425293,104.43063354492188,0.1,0.8134305477142334,357851,-3.23,17.87,-79.34,50.4,-1.0033,0.5,-3.1665525436401367,0.16736719012260437,6.603505611419678,0.6894822716712952,0.14856326580047607,3.6687161922454834,0.2275545299053192,4.595247745513916,0.05,11004,-26.42801537241757,22.05263314266568,262,-23.63592654686225,-28.64151632309352,0.5117539990317062,0.6322701290204514,0.2440561548294723,0.12367371615007625,-24.567,-7370.243,10.971,14.83,19619,360.0,0.0,0.0,360.0,12.763,0.0355,0.0,0.0,4.878,50.0,0.517,13.78,0.0528,2.551,0.632,0.244,0.124,13,1
72,BiLevel,11.8,1.4,6.662,12,0.4455,-2767.896,1032.688,4971,262,-24.21,24.3,-59.13,59.56,-0.5568,0.3254,-9.984938621520996,0.3278881311416626,6.679343223571777,1.864194631576538,0.2653443217277527,1.5353131294250488,0.4584556221961975,11.852313995361328,4.331439971923828,86.09872436523438,0.1,0.8111201524734497,362822,-2.41,18.76,-64.67,44.45,-2.1612,0.5,-3.2073097229003906,0.15958388149738312,6.205447196960449,0.34989356994628906,0.13699500262737274,3.7007710933685303,0.48360562324523926,1.5009615421295166,0.05,11266,-24.20951795110899,24.295889317668095,262,-23.943186668659507,-22.681709422445614,0.5109579069195538,0.6340084594663927,0.24266538702852977,0.12332615350507761,-19.077,-5723.134,11.292,17.954,20207,360.0,0.0,0.0,360.138,84.605,0.2349,0.0,0.0,47.149,520.0,0.6873,14.53,0.0568,2.406,0.632,0.244,0.124,9,3
73,BiLevel,12.1,1.3,7.158,14,0.5012,-2242.415,742.834,4969,262,-22.05,22.76,-58.56,57.88,-0.4513,0.2906,-9.876580238342285,0.24162140488624573,7.075074672698975,2.284151554107666,0.25391536951065063,1.9477598667144775,0.5582830905914307,11.973505973815918,0.9533252120018005,55.77404022216797,0.1,0.8088440895080566,367791,-2.72,18.17,-57.66,50.04,-1.6028,0.5,-3.2843148708343506,0.1683894842863083,6.275337219238281,0.4786857068538666,0.13303609192371368,3.7986841201782227,0.9631746411323547,1.0133030414581299,0.05,11528,-22.046381542664175,22.75549710935111,262,-25.113504620288545,-20.089581160247327,0.46453125872100054,0.6348313053203235,0.24239169203221608,0.1227770026474605,-20.275,-6082.354,11.259,18.416,21145,360.0,0.0,0.0,360.035,15.252,0.0424,0.0,0.0,4.855,50.0,0.7441,14.98,0.0607,2.275,0.634,0.243,0.123,13,1
74,BiLevel,12.6,1.1,5.41,13,0.3922,-2418.51,815.059,4971,262,-27.6,23.84,-59.35,58.88,-0.4865,0.3003,-10.205612182617188,0.2777327299118042,6.376564025878906,1.6065572500228882,0.2814827859401703,1.8357908725738525,0.36302483081817627,12.227553367614746,1.7686142921447754,64.8078384399414,0.1,0.8065779209136963,372762,-1.17,17.45,-64.0,51.6,-1.8292,0.5,-3.288947582244873,0.14370281994342804,6.359403133392334,0.6209380030632019,0.13247576355934143,3.7472596168518066,3.6264710426330566,3.692699432373047,0.05,11790,-27.5963530487341,23.84080301345112,262,-24.815328444030726,-29.56714894520609,0.5478391206327126,0.6356969793736783,0.24187724731167945,0.12242577331464229,-25.864,-7759.166,11.225,16.634,20427,360.0,0.0,0.0,359.931,31.518,0.0876,0.0,0.0,9.095,218.0,0.5998,15.36,0.059,2.164,0.635,0.242,0.123,10,3
75,BiLevel,11.7,1.3,6.822,15,0.4207,-2263.334,729.899,4971,262,-20.63,24.93,-59.34,58.7,-0.4553,0.2953,-10.021811485290527,0.26227593421936035,6.6260528564453125,1.8796050548553467,0.26652753353118896,1.8453283309936523,0.43178892135620117,11.99057388305664,2.2100753784179688,77.53044128417969,0.1,0.804305911064148,377733,-3.45,16.47,-56.38,60.98,-1.5113,0.5,-3.345139980316162,0.14934535324573517,6.277342796325684,0.5938846468925476,0.15114302933216095,3.8273746967315674,8.98775577545166,7.246510028839111,0.05,12052,-20.634732668427628,24.925841008334817,262,-24.017740301082007,-24.976675270105666,0.4713055138967844,0.6359412791973719,0.24228816766015143,0.12177055314247655,-20.937,-6281.144,11.188,18.009,21040,360.0,0.0,0.0,359.869,11.521,0.032,0.0,0.0,3.893,60.0,0.6464,15.67,0.0632,2.041,0.637,0.239,0.123,14,1
76,BiLevel,12.1,1.4,5.965,14,0.424,-2258.097,751.873,4969,262,-21.69,21.26,-59.33,56.96,-0.4544,0.3011,-10.177972793579102,0.27951499819755554,6.554684638977051,1.8244314193725586,0.3045012354850769,1.8154075145721436,0.49200600385665894,12.221611976623535,3.4180564880371094,78.21332550048828,0.1,0.8020445704460144,382702,-4.26,17.06,-60.61,43.2,-1.3007,0.5,-3.4042234420776367,0.15086700022220612,6.092299938201904,0.4637020528316498,0.12346837669610977,3.8912301063537598,7.729718208312988,2.345851182937622,0.05,12314,-21.69049206155962,21.26110045593037,262,-21.850737103506138,-21.915584844350814,0.44404153587649553,0.6364345451749975,0.24226262845760108,0.1213028263674014,-19.698,-5909.451,11.134,17.099,20255,360.0,0.0,0.0,360.146,11.321,0.0314,0.0,0.0,4.084,43.0,0.667,15.82,0.0688,1.936,0.639,0.237,0.124,16,0
77,BiLevel,12.2,1.2,5.695,12,0.4571,-2654.748,952.266,4970,262,-20.21,23.51,-58.35,58.42,-0.5342,0.3124,-10.509023666381836,0.29688721895217896,8.333501815795898,3.6233043670654297,0.2942720949649811,2.0270285606384277,0.9058522582054138,12.769219398498535,1.9069992303848267,87.3975601196289,0.1,0.7997945547103882,387672,-3.34,16.73,-53.04,51.56,-1.9719,0.5,-3.5035300254821777,0.16208162903785706,6.363278865814209,0.787453293800354,0.13353635370731354,4.018627166748047,20.500030517578125,3.1718320846557617,0.05,12576,-20.214098637814164,23.508860341138174,262,-20.116080344350713,-16.725761079474502,0.45198871656134176,0.6378214950280957,0.2411010020387464,0.12107750293315787,-16.81,-5042.953,11.24,16.934,20742,360.0,0.0,0.0,360.0,79.713,0.2214,0.0,0.0,44.382,442.0,0.7437,16.16,0.0709,1.778,0.64,0.236,0.124,9,3
78,BiLevel,12.1,1.3,4.378,12,0.518,-2395.385,813.099,4970,262,-22.55,23.91,-58.14,59.73,-0.482,0.304,-10.129585266113281,0.27359968423843384,6.352296352386475,1.6607017517089844,0.2991929352283478,2.0357558727264404,0.4541768431663513,12.337021827697754,1.603887915611267,70.81219482421875,0.1,0.7975283265113831,392642,-4.5,17.6,-76.77,41.57,-1.7358,0.5,-3.565478801727295,0.1462661176919937,6.217953681945801,0.6917777061462402,0.13665130734443665,4.047923564910889,3.7001168727874756,2.0305116176605225,0.05,12838,-22.547907180765595,23.90586148458646,262,-21.654557827624835,-19.436661740353234,0.48489820433156,0.6387957697279372,0.24018477302935795,0.1210194572427049,-18.067,-5420.081,11.268,15.646,20525,360.0,0.0,0.0,360.415,66.782,0.1853,0.0,0.0,48.969,423.0,0.5832,15.71,0.0815,1.778,0.643,0.233,0.124,9,3
79,BiLevel,12.5,1.4,4.026,14,0.396,-2196.818,698.869,4971,262,-21.69,23.01,-58.82,58.0,-0.4419,0.2874,-10.565242767333984,0.28923681378364563,7.82457971572876,3.157503604888916,0.2401200830936432,2.023858070373535,0.8203031420707703,12.769942283630371,3.5167202949523926,47.96669387817383,0.1,0.7953121662139893,397613,-3.93,18.52,-56.49,68.73,-1.4985,0.5,-3.606719970703125,0.13899162411689758,6.009039878845215,0.5336207151412964,0.14123748242855072,4.07375431060791,6.283656597137451,4.413103103637695,0.05,13100,-21.687044219778045,23.014321329355518,262,-19.63026075931756,-22.518581717892694,0.4617888672186673,0.6387370028066087,0.24053747644217655,0.1207255207512147,-20.201,-6060.206,11.064,15.091,19466,360.0,0.0,0.0,359.923,13.92,0.0387,0.0,0.0,4.408,68.0,0.7131,16.1,0.0792,1.607,0.642,0.235,0.123,11,3
80,BiLevel,11.7,1.5,4.67,15,0.4117,-2276.721,755.294,4970,262,-17.74,23.48,-58.71,59.49,-0.4581,0.2987,-10.453985214233398,0.24412205815315247,7.343041896820068,2.7004759311676025,0.20203831791877747,1.985971450805664,0.679754376411438,12.530418395996094,1.5602167844772339,73.3604507446289,0.1,0.7931088209152222,402583,-1.65,17.44,-56.49,46.53,-1.5779,0.5,-3.6388983726501465,0.13988567888736725,6.048776626586914,0.6246269941329956,0.1297651082277298,4.116420269012451,7.101250171661377,6.889070510864258,0.05,13362,-17.740369920224566,23.47606005233484,262,-19.124363495174208,-15.785273469435543,0.4226152557299438,0.6383602498190595,0.24134582076079067,0.12029392942014984,-14.25,-4560.109,11.307,15.976,19974,360.0,0.0,0.0,360.0,13.798,0.0383,0.0,0.0,5.302,46.0,0.6792,15.54,0.0989,1.623,0.643,0.233,0.124,12,3
81,BiLevel,12.1,1.5,6.463,15,0.4399,-2159.992,678.667,4970,262,-22.72,22.58,-58.75,59.48,-0.4346,0.2786,-10.456871032714844,0.24641810357570648,7.539542198181152,2.9107308387756348,0.26733532547950745,2.189626693725586,0.7038087248802185,12.592912673950195,0.9207309484481812,60.888580322265625,0.1,0.7908741235733032,407553,-2.69,16.43,-55.33,79.28,-1.4031,0.5,-3.663945198059082,0.1299934983253479,5.772561073303223,0.39775171875953674,0.13088177144527435,4.125510215759277,1.7589377164840698,3.892594575881958,0.05,13624,-22.71547243670304,22.584420465519898,262,-19.442929440423065,-22.11014312578267,0.472655639610748,0.638467654606943,0.24180908873155854,0.1197232566614984,-19.115,-6116.826,11.109,17.573,20990,360.0,0.0,0.0,359.946,12.831,0.0356,0.0,0.0,4.244,79.0,0.7871,14.87,0.1177,1.784,0.641,0.237,0.122,15,0
82,BiLevel,12.5,1.6,4.843,14,0.4236,-2135.31,662.355,4970,262,-20.73,24.42,-59.19,58.56,-0.4296,0.2726,-10.478158950805664,0.23801471292972565,5.526412010192871,0.9105108976364136,0.3297775983810425,2.2095563411712646,0.3280014395713806,12.776097297668457,2.9638659954071045,84.78878021240234,0.1,0.7886391282081604,412523,-1.64,15.86,-48.82,64.06,-1.313,0.5,-3.741652011871338,0.1243618056178093,5.780922889709473,0.45373886823654175,0.13393385708332062,4.187100887298584,5.954587936401367,4.62484884262085,0.05,13886,-20.732677166783805,24.42178371317149,262,-21.617855979227706,-19.263564007219514,0.46984642410230615,0.6386215634434738,0.2419928983288958,0.1193855382276305,-19.248,-5774.428,11.105,15.948,20792,360.0,0.0,0.0,360.004,12.607,0.035,0.0,0.0,4.504,64.0,0.8619,13.87,0.1255,2.216,0.622,0.262,0.117,12,2
83,BiLevel,12.5,1.6,5.742,14,0.4699,-2165.576,674.73,4970,262,-15.39,25.38,-58.86,59.39,-0.4357,0.2753,-10.672653198242188,0.25908347964286804,6.015110969543457,1.4205992221832275,0.2795890271663666,2.035797119140625,0.4904336929321289,12.937829971313477,0.8743283748626709,73.83537292480469,0.1,0.7864201068878174,417493,-3.11,16.73,-48.33,49.82,-1.4909,0.5,-3.7298433780670166,0.12750834226608276,5.796529293060303,0.516899585723877,0.12297462671995163,4.175724506378174,8.317703247070312,1.8620291948318481,0.05,14148,-15.386389711725204,25.376925518975824,262,-15.590714975407248,-14.198621283942149,0.4262497675403928,0.6389958545231954,0.24200241341404566,0.11900173206275906,-10.089,-3026.672,11.263,17.005,20670,360.0,0.0,0.0,360.146,10.779,0.0299,0.0,0.0,4.21,49.0,0.8487,14.07,0.0853,2.356,0.614,0.271,0.115,12,2
84,BiLevel,12.2,1.4,6.393,12,0.5011,-2510.766,874.707,4970,262,-23.36,21.82,-59.16,59.4,-0.5052,0.3141,-10.59834098815918,0.27016201615333557,6.298892021179199,1.7280067205429077,0.23921619355678558,2.2017099857330322,0.4942149221897125,12.767425537109375,1.3053011894226074,78.3497085571289,0.1,0.7842045426368713,422463,-5.19,18.29,-52.98,44.92,-2.1304,0.5,-3.852595567703247,0.13647571206092834,5.696072101593018,0.4582005441188812,0.12274518609046936,4.325653553009033,1.3055317401885986,2.966959238052368,0.05,14410,-23.358293791804876,21.82458151704825,262,-20.731199655446567,-16.004490764595957,0.4724656428822998,0.6404834941592192,0.240753770061012,0.11876273577976892,-18.801,-5640.203,11.164,17.557,19634,360.0,0.0,0.0,359.95,50.888,0.1414,0.0,0.0,20.431,305.0,0.8287,15.34,0.0569,2.147,0.639,0.242,0.119,9,3
85,BiLevel,11.9,1.4,3.657,14,0.5149,-2107.64,633.265,4971,262,-21.72,25.43,-59.48,58.3,-0.424,0.2599,-10.929495811462402,0.2600201666355133,6.488989353179932,1.9304513931274414,0.30803653597831726,2.3565988540649414,0.506734311580658,13.422219276428223,1.6204575300216675,71.68651580810547,0.1,0.7820031642913818,427434,-3.6,17.57,-65.6,48.2,-1.1276,0.5,-3.966567277908325,0.13231031596660614,5.944258689880371,0.7488554120063782,0.1332673728466034,4.434762477874756,5.286808013916016,2.5847792625427246,0.05,14672,-21.717081484278605,25.434372660130173,262,-22.718127352156138,-17.55612262918761,0.4927690154093876,0.6402629184018349,0.24113694855886716,0.11860013303929791,-19.989,-5996.558,11.063,14.721,19231,360.0,0.0,0.0,360.0,12.919,0.0359,0.0,0.0,4.328,48.0,0.9039,16.12,0.058,1.921,0.642,0.238,0.12,12,2
86,BiLevel,12.3,1.3,3.92,13,0.5201,-2131.868,681.851,4969,262,-14.65,24.95,-58.35,59.64,-0.429,0.2827,-10.895812034606934,0.2356036901473999,7.139595031738281,2.605742931365967,0.2540677487850189,2.421627998352051,0.6219298243522644,13.259895324707031,0.741187572479248,73.30706024169922,0.1,0.7797844409942627,432403,-2.75,18.72,-61.39,54.71,-1.5778,0.5,-3.980910301208496,0.1226821318268776,5.4509687423706055,0.2987585961818695,0.1634237915277481,4.428557872772217,15.18019962310791,4.456142902374268,0.05,14934,-14.648764459879963,24.948284384638683,262,-14.97085414497476,-13.173293150647691,0.4172741954920866,0.6405867589079064,0.24090585117205196,0.11850738992004167,-8.603,-2580.882,11.462,15.381,20266,360.0,0.0,0.0,359.896,29.746,0.0827,0.0,0.0,8.611,192.0,0.8945,16.42,0.0674,1.73,0.645,0.233,0.122,10,3
87,BiLevel,11.8,1.6,5.363,14,0.5506,-2157.451,690.928,4969,262,-19.2,23.76,-59.2,59.02,-0.4342,0.2822,-10.964025497436523,0.27219700813293457,7.011469841003418,2.4965384006500244,0.2723880708217621,2.293332099914551,0.5577818155288696,13.299031257629395,3.8122358322143555,68.81348419189453,0.1,0.7775819301605225,437372,-1.7,17.28,-61.58,49.34,-1.243,0.5,-4.087738990783691,0.12215470522642136,5.577967166900635,0.46863293647766113,0.13970404863357544,4.542664527893066,6.122941493988037,3.8053712844848633,0.05,15196,-19.20271944731675,23.75712502947204,262,-19.41948144451568,-22.241574467248036,0.44449522425939836,0.6408027748408173,0.2409748092209268,0.11822241593825601,-17.828,-5348.304,11.242,16.604,20880,360.0,0.0,0.0,360.104,11.846,0.0329,0.0,0.0,4.966,49.0,0.8332,16.0,0.0885,1.74,0.647,0.231,0.123,16,0
88,BiLevel,12.2,1.4,6.68,15,0.4342,-2148.831,657.955,4970,262,-20.17,26.28,-58.77,59.08,-0.4324,0.2728,-10.871106147766113,0.2630440592765808,6.5288543701171875,2.0375990867614746,0.2360963374376297,2.5391573905944824,0.6378032565116882,13.437094688415527,1.517569899559021,71.34949493408203,0.1,0.7753771543502808,442342,-1.84,16.67,-49.89,44.64,-1.4506,0.5,-4.1702561378479,0.12093669176101685,5.871455669403076,0.8008503913879395,0.13631537556648254,4.617520809173584,6.4637017250061035,3.8662269115448,0.05,15458,-20.173638590189142,26.284231613979987,262,-21.261838517063545,-19.27257414271957,0.48740996494834565,0.6409480293654988,0.2413862201597541,0.11766575047474716,-18.833,-5650.038,11.246,17.926,20755,360.0,0.0,0.0,360.081,12.812,0.0356,0.0,0.0,4.74,44.0,0.7879,16.12,0.0836,1.657,0.645,0.234,0.121,15,0
89,BiLevel,12.6,1.6,3.778,14,0.4538,-2087.89,670.513,4970,262,-16.99,24.18,-58.19,57.82,-0.4201,0.2821,-10.627530097961426,0.3378426432609558,6.02691125869751,1.557921051979065,0.22273056209087372,2.4133777618408203,0.6146376729011536,13.192953109741211,1.1502312421798706,94.055908203125,0.1,0.7731769680976868,447312,-3.9,18.21,-64.57,53.44,-0.8967,0.5,-4.191218376159668,0.13796904683113098,5.551835060119629,0.5223082900047302,0.14217668771743774,4.662026405334473,13.358850479125977,3.6008834838867188,0.05,15720,-16.98775694595961,24.179012364180696,262,-18.113742430743418,-18.840188802229733,0.4274314738607348,0.6407904099513414,0.24174764016545444,0.11746194988320408,-15.076,-4522.837,11.169,14.947,19432,360.0,0.0,0.0,360.0,13.084,0.0363,0.0,0.0,4.469,53.0,0.8247,15.21,0.1106,1.918,0.646,0.233,0.121,16,0
90,BiLevel,12.3,1.4,4.697,14,0.3787,-2157.13,688.888,4969,262,-21.62,23.18,-58.75,58.19,-0.4341,0.2787,-11.133155822753906,0.25368788838386536,6.11314582824707,1.6652419567108154,0.20570221543312073,2.5684666633605957,0.6101691126823425,13.548979759216309,2.0411529541015625,39.253089904785156,0.1,0.7709987759590149,452281,-4.08,17.34,-53.36,47.4,-1.0785,0.5,-4.238411903381348,0.1195516288280487,5.584850311279297,0.5951017141342163,0.1525190770626068,4.685271739959717,5.870941162109375,3.443037509918213,0.05,15982,-21.621084898446355,23.178377143458935,262,-23.78242915680534,-19.412206193961598,0.4688883483096275,0.6409086167699791,0.24195733272307232,0.1171340505069485,-20.615,-6596.664,11.051,15.749,20734,360.0,0.0,0.0,360.038,12.732,0.0354,0.0,0.0,4.282,47.0,0.7293,15.15,0.0877,2.041,0.631,0.254,0.116,13,1
91,BiLevel,12.6,1.3,7.616,11,0.3866,-2562.696,908.113,4971,262,-16.15,26.96,-58.98,58.66,-0.5155,0.3123,-11.072943687438965,0.32872873544692993,8.40833854675293,3.969952344894409,0.29928943514823914,2.48012638092041,1.0768003463745117,13.723653793334961,2.9304912090301514,104.74059295654297,0.1,0.768813967704773,457252,-3.93,17.88,-54.57,54.24,-2.4151,0.5,-4.194492340087891,0.11584911495447159,5.495027542114258,0.544976532459259,0.13572372496128082,4.631079196929932,17.958921432495117,4.30327844619751,0.05,16244,-16.153555034218215,26.956143169867858,262,-17.86064037429659,-13.754379688909179,0.46036094139656075,0.6427002312941902,0.24056245059916104,0.1167373181066488,-13.215,-3700.193,11.318,18.934,21048,360.0,0.0,0.0,371.631,110.256,0.2967,0.0,0.0,668.374,1863.0,0.9462,16.22,0.0663,1.8,0.642,0.241,0.118,8,3
92,BiLevel,12.0,1.6,6.869,15,0.5041,-2068.354,627.353,4971,262,-16.3,26.02,-58.19,59.11,-0.4161,0.2706,-11.2437744140625,0.2403617799282074,7.268941879272461,2.8498311042785645,0.2809973359107971,2.7041285037994385,0.8742954730987549,13.799853324890137,0.8624567985534668,73.4780044555664,0.1,0.7666427493095398,462223,-3.61,16.67,-62.81,39.16,-1.5669,0.5,-4.3258256912231445,0.11213894188404083,5.301531791687012,0.3874046206474304,0.14006838202476501,4.746646404266357,10.802019119262695,2.3875155448913574,0.05,16506,-16.295527690985963,26.02163839504779,262,-19.912607567247587,-14.60707206475107,0.44535622561925536,0.6428451009450175,0.24092397173194027,0.1162309273230423,-17.232,-5169.502,11.374,18.243,21690,360.0,0.0,0.0,359.996,10.414,0.0289,0.0,0.0,4.042,39.0,0.9593,16.7,0.0681,1.566,0.648,0.232,0.12,14,1
93,BiLevel,12.2,1.6,4.306,12,0.5033,-2327.249,803.053,4971,262,-17.28,26.21,-59.49,59.15,-0.4682,0.3113,-11.520798683166504,0.2279619723558426,7.317399978637695,2.9117989540100098,0.32670122385025024,2.717921495437622,0.8586331605911255,13.959985733032227,1.2824820280075073,84.98224639892578,0.1,0.764473021030426,467194,-4.21,16.95,-60.68,51.38,-1.7088,0.5,-4.342318534851074,0.11656106263399124,5.4068403244018555,0.5301588177680969,0.13896778225898743,4.7794599533081055,7.46527624130249,2.984027624130249,0.05,16768,-17.282714981572628,26.20902836716904,262,-14.345741778768991,-14.191732290387154,0.4581517779260885,0.6437141951500062,0.24009471702995616,0.11619108782003769,-10.09,-2623.351,11.302,15.608,19375,360.0,0.0,0.0,361.546,60.371,0.167,0.0,0.0,39.637,420.0,0.7699,16.03,0.0969,1.627,0.65,0.229,0.121,9,3
94,BiLevel,12.5,1.5,4.62,12,0.5603,-2428.833,841.958,4970,262,-15.85,27.08,-59.06,59.67,-0.4887,0.304,-11.33060073852539,0.29284003376960754,5.841464042663574,1.4485762119293213,0.3659212291240692,2.7938151359558105,0.43687471747398376,13.93106460571289,1.3528265953063965,103.195068359375,0.1,0.7623046040534973,472164,-1.11,17.6,-56.7,50.3,-1.7966,0.5,-4.386025428771973,0.11749018728733063,5.168732643127441,0.32718515396118164,0.12337427586317062,4.8198018074035645,13.431450843811035,2.2870936393737793,0.05,17030,-15.846981506675512,27.076925476116784,262,-10.745928825673303,-12.389426967462427,0.4551049266403715,0.6446296844477171,0.23920887574612215,0.1161614398061607,-11.84,-3551.956,11.424,16.044,20360,360.0,0.0,0.0,360.862,82.314,0.2281,0.0,0.0,69.958,664.0,0.7813,16.16,0.0904,1.56,0.648,0.233,0.119,9,3
95,BiLevel,11.6,1.3,6.118,15,0.5,-2101.805,672.478,4971,262,-17.47,25.78,-58.68,59.37,-0.4228,0.2864,-11.269974708557129,0.23697012662887573,5.748582363128662,1.3836848735809326,0.22763162851333618,2.49092173576355,0.5133011937141418,13.654655456542969,2.994410753250122,49.564231872558594,0.1,0.7601591944694519,477135,-1.03,15.58,-47.07,60.91,-1.3717,0.5,-4.509261131286621,0.1160055622458458,5.384327411651611,0.5790532827377319,0.1325744092464447,4.942630767822266,1.582639455795288,4.658843517303467,0.05,17292,-17.465802508985817,25.783267448512888,262,-14.75713344435943,-21.57509805799315,0.4527117286626704,0.644571772256379,0.23970310534706268,0.11572512239655842,-15.058,-4517.489,11.441,17.559,21572,360.0,0.0,0.0,359.973,12.834,0.0357,0.0,0.0,4.679,60.0,0.8195,16.31,0.092,1.423,0.65,0.231,0.119,15,0
96,BiLevel,12.3,1.2,5.986,12,0.312,-2291.971,758.763,4969,262,-14.92,25.45,-58.55,58.86,-0.4613,0.296,-11.372771263122559,0.23246733844280243,5.988337516784668,1.6397148370742798,0.23159852623939514,2.541043281555176,0.5071749091148376,13.84575080871582,2.1256539821624756,41.383243560791016,0.1,0.7580206394195557,482104,-3.65,17.22,-64.46,43.25,-1.9702,0.5,-4.551480293273926,0.11864182353019714,5.065769672393799,0.29446718096733093,0.1404186189174652,5.000419616699219,8.725691795349121,3.6318836212158203,0.05,17554,-14.915346861798012,25.45192045021213,262,-14.394468712963555,-17.21650245770028,0.4235540625841163,0.6459296827473843,0.23863899149826379,0.11543132575435196,-12.807,-3842.219,11.523,17.508,21025,360.0,0.0,0.0,361.45,61.764,0.1709,0.0,0.0,60.397,416.0,0.6309,16.3,0.0877,1.223,0.65,0.23,0.12,9,3
97,BiLevel,12.3,1.6,3.671,14,0.4543,-2094.201,643.362,4970,262,-17.32,25.1,-59.13,59.13,-0.4214,0.2728,-11.366454124450684,0.29169511795043945,5.9476118087768555,1.6179555654525757,0.229259192943573,2.6854970455169678,0.8474681377410889,13.91946792602539,1.5909111499786377,50.92753219604492,0.1,0.7558906078338623,487074,-4.52,18.83,-58.88,50.6,-1.1093,0.5,-4.6162428855896,0.12186551094055176,5.112420082092285,0.37304550409317017,0.14083591103553772,5.068159580230713,6.873301029205322,3.362940549850464,0.05,17816,-17.32082147488344,25.102666405422102,262,-19.080817559204604,-19.331895234867147,0.44528006956267996,0.6457292781634675,0.23901691352443707,0.11525380831209542,-17.756,-5326.815,11.314,14.985,19860,360.0,0.0,0.0,359.95,12.531,0.0348,0.0,0.0,4.58,50.0,0.718,14.38,0.1609,1.521,0.652,0.229,0.119,12,2
98,BiLevel,12.3,1.6,3.746,14,0.4505,-2125.913,652.219,4970,262,-19.89,25.21,-58.92,57.68,-0.4277,0.2721,-11.682994842529297,0.26850348711013794,6.9896697998046875,2.671626329421997,0.2745271921157837,2.8880228996276855,1.0255138874053955,14.386444091796875,1.5091538429260254,72.42981719970703,0.1,0.7537542581558228,492044,-3.88,16.71,-56.76,47.59,-0.872,0.5,-4.645068168640137,0.11827913671731949,5.184656143188477,0.4803248345851898,0.14766710996627808,5.089306831359863,9.729519844055176,3.3975439071655273,0.05,18078,-19.888425408117847,25.212504026699456,262,-18.58216251448581,-18.550647710734292,0.47329960068028004,0.6455508322830208,0.23937951433134108,0.11506965338563807,-15.99,-4796.877,11.138,14.884,19953,360.0,0.0,0.0,360.0,12.011,0.0334,0.0,0.0,3.676,47.0,0.7065,14.24,0.1246,1.636,0.587,0.309,0.105,13,1
99,BiLevel,12.2,1.6,7.191,15,0.4049,-2144.326,676.244,4971,262,-21.52,24.97,-59.6,59.46,-0.4314,0.281,-11.667098045349121,0.32809901237487793,6.005151748657227,1.7032915353775024,0.25628435611724854,2.80938982963562,0.7725425958633423,14.316740036010742,1.7058860063552856,92.68829345703125,0.1,0.751634418964386,497015,-1.11,15.77,-52.5,54.75,-1.7227,0.5,-4.740741729736328,0.1130455881357193,5.055150508880615,0.38216838240623474,0.1292012333869934,5.174224376678467,6.221658229827881,4.373141288757324,0.05,18340,-21.52296651136771,24.967863002236662,262,-25.219909564444894,-18.66581930306397,0.48727409989867454,0.6457938829579056,0.23970076004213373,0.11450535699996064,-19.794,-6333.921,11.264,18.455,21069,360.0,0.0,0.0,360.015,12.399,0.0344,0.0,0.0,4.592,54.0,0.6545,12.17,0.138,2.173,0.622,0.267,0.111,13,2
100,BiLevel,12.0,1.6,4.592,15,0.6901,-1968.91,605.196,4971,262,-16.5,25.14,-59.29,59.54,-0.3961,0.272,-11.528438568115234,0.28749218583106995,6.869902610778809,2.5742738246917725,0.36038994789123535,2.9944498538970947,0.9932949542999268,14.216859817504883,2.4185304641723633,87.10002136230469,0.1,0.7495063543319702,500000,-1.49,17.92,-67.4,46.7,-1.0625,0.5,-4.862581729888916,0.1206376850605011,5.110049247741699,0.466898113489151,0.12763658165931702,5.307205677032471,1.7961153984069824,5.2266950607299805,0.05,18602,-16.49589229652029,25.13520062948765,262,-17.217836645088703,-15.06348734003933,0.43664403789711187,0.6452711269645227,0.24040188521045835,0.11432698782501889,-13.908,-4172.447,11.258,15.85,20551,360.0,0.0,0.0,359.896,14.708,0.0409,0.0,0.0,5.481,46.0,0.8777,12.89,0.1059,2.408,0.609,0.283,0.108,15,0
101,BiLevel,14.0,1.2,7.664,14,0.4642,-2131.725,669.684,4970,262,-21.18,24.22,-58.84,58.63,-0.4289,0.2796,-11.573663711547852,0.27164003252983093,6.364479064941406,2.084900140762329,0.3446749150753021,2.7222278118133545,0.8252830505371094,14.107943534851074,0.8849353194236755,90.45659637451172,0.1,0.7473722696304321,500000,-1.11,18.15,-65.93,48.26,-1.6852,0.5,-4.864560604095459,0.11943059414625168,5.276311874389648,0.6662672758102417,0.14419405162334442,5.2943572998046875,3.2776193618774414,8.721742630004883,0.05,18864,-21.18337808875798,24.21554927168676,262,-19.18675686654292,-14.843202368601373,0.47515625104419007,0.6460457034516569,0.24010342263926934,0.11385087390907368,-17.798,-5339.369,11.174,18.838,21497,360.0,0.0,0.0,360.046,14.433,0.0401,0.0,0.0,5.71,48.0,0.7334,12.84,0.081,2.568,0.64,0.247,0.113,13,1
102,BiLevel,12.0,1.3,3.726,14,0.4677,-2003.467,612.339,4969,262,-14.62,24.98,-58.96,59.43,-0.4032,0.2694,-11.822404861450195,0.22926807403564453,6.047590255737305,1.7909929752349854,0.30183374881744385,2.990935802459717,0.7334814071655273,14.53109073638916,3.3941009044647217,91.89543151855469,0.1,0.7452689409255981,500000,-4.23,19.01,-86.45,81.67,-0.9373,0.5,-4.873363494873047,0.11088018119335175,4.987053394317627,0.4089011251926422,0.11846315860748291,5.298484802246094,6.337641716003418,2.252053737640381,0.05,19126,-14.624855857198538,24.982631599835738,262,-16.869215879942242,-17.725523411325717,0.41583196974854064,0.6458568920253734,0.24045496751222778,0.11368814046239885,-12.81,-3843.057,11.419,15.145,18945,360.0,0.0,0.0,359.935,13.928,0.0387,0.0,0.0,4.462,81.0,0.834,13.1,0.073,2.59,0.646,0.24,0.114,13,1
103,BiLevel,12.0,1.4,3.719,12,0.506,-2286.379,779.369,4971,262,-13.18,24.93,-58.45,59.73,-0.4599,0.3064,-11.561698913574219,0.2748347222805023,5.564093589782715,1.32856023311615,0.2453363537788391,2.953519582748413,0.6143014430999756,14.264839172363281,3.3973982334136963,76.63748168945312,0.1,0.7431722283363342,500000,-2.43,17.06,-55.06,46.8,-1.6144,0.5,-4.93724250793457,0.11362441629171371,5.274801254272461,0.7273373603820801,0.11773882806301117,5.368141174316406,3.2378828525543213,3.802051067352295,0.05,19388,-13.1767550806167,24.931194215451754,262,-12.711421339841264,-14.141945257880968,0.40557766922764676,0.6465330529975034,0.23976122219128584,0.11370572481121066,-9.065,-2538.061,11.401,15.119,19514,360.0,0.0,0.0,359.962,60.971,0.1694,0.0,0.0,66.752,448.0,0.7741,13.77,0.0612,2.477,0.646,0.24,0.114,9,3
104,BiLevel,12.7,1.7,4.777,12,0.3898,-2337.491,813.7,4971,262,-17.16,25.08,-58.86,59.62,-0.4702,0.3088,-11.776015281677246,0.21830935776233673,5.0849809646606445,0.8618176579475403,0.28266802430152893,3.1579787731170654,0.5289860963821411,14.539323806762695,1.4638798236846924,60.9853515625,0.1,0.7410702109336853,500000,-4.23,18.2,-67.8,40.76,-1.7789,0.5,-4.9451398849487305,0.11208988726139069,5.019620895385742,0.49957719445228577,0.12050595879554749,5.379959583282471,4.399892330169678,3.1532058715820312,0.05,19650,-17.15840582954363,25.078268234985014,262,-18.03990582541416,-12.655516556758238,0.4440511679077775,0.6475093984968078,0.23891924473329,0.11357135676990221,-14.846,-4453.807,11.21,15.987,19785,360.0,0.0,0.0,360.05,61.009,0.1694,0.0,0.0,39.653,405.0,0.8049,14.79,0.0556,2.295,0.647,0.24,0.114,9,3
105,BiLevel,12.2,1.4,5.947,13,0.5547,-2034.114,621.692,4971,262,-20.23,24.14,-59.11,59.32,-0.4092,0.2659,-11.73819351196289,0.22563165426254272,7.053325653076172,2.8517746925354004,0.22474516928195953,2.768933057785034,1.2441598176956177,14.093646049499512,0.9695534706115723,67.81080627441406,0.1,0.7389829754829407,500000,-0.58,17.59,-54.48,54.02,-1.9892,0.5,-5.022380828857422,0.11470064520835876,4.891650676727295,0.4008329510688782,0.12560461461544037,5.453486442565918,3.9915997982025146,3.2094361782073975,0.05,19912,-20.229548361049368,24.144844311354344,262,-22.316018347363723,-14.014221830283734,0.46274885987274855,0.648245824662458,0.23838374634546708,0.11337042899207504,-17.22,-5165.856,11.285,17.232,20459,360.0,0.0,0.0,359.927,18.624,0.0517,0.0,0.0,6.103,138.0,0.859,15.45,0.0594,2.102,0.648,0.239,0.114,10,3
106,BiLevel,11.7,1.4,3.592,15,0.4041,-2126.355,670.978,4970,262,-17.45,24.41,-58.59,58.86,-0.4278,0.2822,-12.135481834411621,0.2323240488767624,6.308346748352051,2.1262047290802,0.22755931317806244,2.9713053703308105,0.9380267858505249,14.793582916259766,3.7875542640686035,102.65347290039062,0.1,0.7368946671485901,500000,-2.85,17.41,-46.69,49.95,-1.0567,0.5,-5.037219047546387,0.11459697037935257,5.0296525955200195,0.5685902833938599,0.11692753434181213,5.46919584274292,5.577742099761963,7.276111125946045,0.05,20174,-17.45262525588559,24.408352396028317,262,-21.255867011766686,-15.68020906887556,0.43706294841571436,0.6476106089872666,0.23928098645106374,0.11310840456166953,-15.045,-4814.285,11.168,14.759,19734,360.0,0.0,0.0,360.0,13.668,0.038,0.0,0.0,4.664,49.0,0.7094,15.25,0.071,2.062,0.65,0.235,0.115,13,2
107,BiLevel,12.6,1.5,4.37,14,0.4236,-2041.003,626.614,4970,262,-16.07,23.47,-58.29,58.76,-0.4107,0.271,-11.990714073181152,0.28165942430496216,6.354156494140625,2.1924638748168945,0.20149526000022888,3.116281270980835,1.1698315143585205,14.839346885681152,2.6481847763061523,31.97966194152832,0.1,0.7348120212554932,500000,-2.11,16.51,-53.17,51.28,-1.5779,0.5,-5.191510200500488,0.11252731829881668,5.034397602081299,0.5992716550827026,0.11898167431354523,5.608635902404785,2.0821096897125244,3.432081460952759,0.05,20436,-16.074025608722113,23.473257698084243,262,-19.74535250726499,-16.25636633062049,0.41141406799717706,0.6475906684939059,0.2395319556717129,0.11287737583438115,-17.355,-5206.607,11.188,15.558,19306,360.0,0.0,0.0,360.081,12.276,0.0341,0.0,0.0,4.66,51.0,0.7546,14.64,0.0822,2.17,0.649,0.237,0.114,11,3
108,BiLevel,12.8,1.7,7.408,11,0.4316,-2617.843,944.828,4970,262,-15.52,26.65,-58.52,57.89,-0.5267,0.3129,-12.090287208557129,0.3018927574157715,9.327119827270508,5.178099632263184,0.23669007420539856,3.501643180847168,1.7894318103790283,15.208080291748047,1.644226312637329,67.47527313232422,0.1,0.7327399253845215,500000,-3.39,19.45,-67.0,55.93,-2.3938,0.5,-5.2788777351379395,0.11891663819551468,4.877169609069824,0.46793270111083984,0.13316000998020172,5.723162651062012,1.6307018995285034,3.0570802688598633,0.05,20698,-15.518996196659563,26.654392039071123,262,-18.095692506628602,-17.589167830426444,0.44882830727471196,0.6491446516032379,0.23828015887397708,0.11257518952278507,-14.86,-4160.919,11.376,18.784,21773,360.0,0.0,0.0,373.315,122.321,0.3277,0.0,0.0,698.13,1863.0,1.1771,15.0,0.0741,2.051,0.648,0.24,0.113,8,3
109,BiLevel,12.7,1.6,5.38,13,0.4593,-2073.31,645.209,4970,262,-16.16,23.74,-57.23,58.79,-0.4172,0.2762,-11.942220687866211,0.2706432342529297,7.72091007232666,3.580002546310425,0.2888966500759125,3.374831199645996,1.5862456560134888,14.88260555267334,1.5783402919769287,56.954383850097656,0.1,0.73065584897995,500000,0.49,17.59,-68.58,59.44,-1.8462,0.5,-5.256739139556885,0.10981649905443192,5.2596869468688965,0.8762094378471375,0.13128966093063354,5.675806999206543,10.683248519897461,8.03053092956543,0.05,20960,-16.1617266668018,23.73514226157237,262,-18.127498383467135,-14.639997139102539,0.41646019229391007,0.6497700197881563,0.2378614055061651,0.11236857470567851,-12.988,-3896.343,11.339,16.719,21090,360.0,0.0,0.0,359.904,16.577,0.0461,0.0,0.0,6.565,94.0,1.0269,14.83,0.0743,2.011,0.649,0.238,0.113,10,3
110,BiLevel,12.1,1.5,4.398,12,0.5398,-2245.717,765.616,4969,262,-15.02,25.17,-59.02,58.99,-0.4519,0.3057,-11.89560317993164,0.2685917317867279,6.142929553985596,2.022883892059326,0.24182704091072083,3.384434700012207,0.9837644696235657,14.874073028564453,0.9494338631629944,43.79514694213867,0.1,0.7285797595977783,500000,-1.55,16.33,-60.66,46.65,-1.7528,0.5,-5.420204162597656,0.11883076280355453,4.92052698135376,0.5610123872756958,0.14082959294319153,5.863821029663086,0.7525579929351807,2.4265544414520264,0.05,21222,-15.024531671316673,25.170915050329402,262,-11.103733253204508,-13.430231660761331,0.42361541805257674,0.6505589072953787,0.2370825074863521,0.11235858521826918,-10.295,-3088.499,11.284,15.682,20073,360.0,0.0,0.0,360.785,67.461,0.187,0.0,0.0,46.668,453.0,0.7952,15.86,0.0541,1.868,0.65,0.238,0.112,9,3
111,BiLevel,12.3,1.5,4.45,15,0.5334,-2097.715,649.542,4972,262,-20.79,25.13,-58.56,59.41,-0.4219,0.2727,-12.08580493927002,0.24732442200183868,6.500152111053467,2.3915343284606934,0.2964210510253906,3.34568452835083,1.2498283386230469,14.900497436523438,0.9839967489242554,68.9783935546875,0.1,0.7264958024024963,500000,-2.78,17.1,-62.19,51.73,-1.2704,0.5,-5.337891101837158,0.1150210052728653,4.895980358123779,0.5654841661453247,0.1422465741634369,5.779012680053711,7.572540760040283,3.6749422550201416,0.05,21484,-20.7944690527279,25.133823877374287,262,-18.934478594127455,-19.404467914292688,0.48238913695475943,0.6500686179568518,0.23781253464195967,0.11211884740118855,-17.636,-5290.818,11.219,15.67,20252,360.0,0.0,0.0,359.965,12.987,0.0361,0.0,0.0,4.584,51.0,0.7257,16.55,0.0554,1.706,0.654,0.231,0.115,13,2
112,BiLevel,12.4,1.6,4.641,15,0.481,-2097.265,648.908,4972,262,-16.79,25.4,-58.44,59.77,-0.4218,0.2743,-12.210309028625488,0.28884637355804443,6.588925361633301,2.5002527236938477,0.2438642829656601,3.49357008934021,1.3270264863967896,15.410897254943848,0.5878306031227112,59.538795471191406,0.1,0.7244426608085632,500000,-4.14,16.91,-69.9,47.04,-1.2918,0.5,-5.4165802001953125,0.10643786936998367,4.913703918457031,0.6067618131637573,0.11617805808782578,5.829580783843994,6.858916282653809,6.0828471183776855,0.05,21746,-16.793402748388086,25.39781314217317,262,-16.72919038734154,-19.080533849996957,0.44212635882477846,0.649649371799545,0.23851365408436215,0.11183697411609284,-15.89,-5084.87,11.307,15.948,20705,360.0,0.0,0.0,359.965,11.195,0.0311,0.0,0.0,4.122,47.0,0.6668,16.29,0.0762,1.609,0.657,0.227,0.117,13,2
113,BiLevel,12.1,1.5,7.381,14,0.4421,-2010.913,604.84,4970,262,-13.74,24.96,-58.49,59.54,-0.4046,0.2659,-12.048364639282227,0.2930743396282196,5.5736494064331055,1.4955501556396484,0.291596382856369,3.40008807182312,0.6225786209106445,15.01827621459961,3.2912490367889404,85.25956726074219,0.1,0.7223934531211853,500000,-2.12,16.27,-48.3,61.69,-1.604,0.5,-5.548439025878906,0.11095920205116272,4.775228977203369,0.4941559433937073,0.13074995577335358,5.972160816192627,7.219244956970215,3.678128480911255,0.05,22008,-13.736902510650996,24.956400810309866,262,-15.535433255763428,-10.940243171077025,0.4086036307743441,0.6503013371916463,0.2382899571572577,0.11140870565109601,-9.131,-2739.252,11.429,18.81,20971,360.0,0.0,0.0,359.969,13.396,0.0372,0.0,0.0,4.637,61.0,0.7541,16.38,0.0824,1.447,0.655,0.229,0.116,15,0
114,BiLevel,12.8,1.6,4.587,14,0.5352,-1917.167,569.036,4971,262,-13.85,24.8,-56.9,59.83,-0.3857,0.2569,-12.122580528259277,0.34359222650527954,5.541777610778809,1.4837861061096191,0.238727867603302,3.4858579635620117,0.9086031913757324,15.34922981262207,0.5738958120346069,95.3824234008789,0.1,0.7203474640846252,500000,-4.11,16.42,-59.22,73.63,-1.0882,0.5,-5.649267196655273,0.1190134808421135,4.657766342163086,0.40023571252822876,0.13693848252296448,6.096699237823486,7.041030406951904,5.504507064819336,0.05,22270,-13.846227475257077,24.803970787907065,262,-8.023597111905877,-11.4252147410261,0.409099389041831,0.65027222530013,0.238487217412409,0.11124055728746107,-9.973,-2991.914,11.3,15.887,20228,360.0,0.0,0.0,359.973,11.605,0.0322,0.0,0.0,3.763,73.0,0.9265,16.99,0.0807,1.085,0.656,0.228,0.115,14,0
115,BiLevel,12.1,1.4,4.465,15,0.5232,-2161.198,689.626,4970,262,-16.05,26.28,-58.68,59.35,-0.4348,0.2836,-12.272560119628906,0.2652047872543335,6.129890441894531,2.0819859504699707,0.2716917395591736,3.5361788272857666,0.8933794498443604,15.38779067993164,0.9234906435012817,50.914466857910156,0.1,0.7183048725128174,500000,-4.9,17.09,-51.76,44.67,-1.1141,0.5,-5.690934181213379,0.11861603707075119,4.719000339508057,0.48206979036331177,0.14459514617919922,6.126956939697266,6.839515686035156,9.341290473937988,0.05,22532,-16.051079867956354,26.275062920055152,262,-16.68163085305377,-21.11363856353258,0.45014284420017087,0.6497995519719333,0.23919668305418873,0.11100376497387805,-19.04,-6092.768,11.466,15.931,20323,360.0,0.0,0.0,360.019,10.497,0.0292,0.0,0.0,3.836,44.0,0.7002,15.05,0.1565,1.296,0.659,0.224,0.117,14,1
116,BiLevel,13.3,1.6,16.347,11,0.4693,-2217.851,695.1,4971,262,-13.58,27.6,-58.84,58.93,-0.4462,0.2892,-12.575362205505371,0.2701537013053894,7.235373497009277,3.210339069366455,0.20544672012329102,3.765429735183716,1.1420642137527466,15.747020721435547,2.197284698486328,65.82149505615234,0.1,0.7162761688232422,500000,-4.36,18.63,-74.11,44.72,-4.0845,0.5,-5.720005989074707,0.11285298317670822,4.653142929077148,0.4380222260951996,0.17233003675937653,6.148419380187988,6.692692756652832,6.493295192718506,0.05,22794,-13.579540987806501,27.596282529641325,262,-16.315413467507614,-19.88096457186498,0.445163104625644,0.6532753671972862,0.23661703095638897,0.11010760184632491,-13.238,-3441.948,11.718,28.065,22913,360.0,0.0,0.0,380.181,88.471,0.2327,0.0,0.0,1150.695,2671.0,0.6232,14.48,0.1243,1.279,0.595,0.304,0.102,8,3
117,BiLevel,12.3,1.7,6.131,14,0.4703,-2085.624,646.501,4970,262,-16.7,26.21,-59.34,59.42,-0.4196,0.2731,-12.512782096862793,0.2690623104572296,7.150611400604248,3.1354565620422363,0.2655383050441742,3.9781415462493896,1.5841931104660034,15.848589897155762,2.5951945781707764,76.06007385253906,0.1,0.7142705321311951,500000,-1.39,19.31,-68.47,52.84,-1.9566,0.5,-5.739350318908691,0.11487360298633575,4.776923656463623,0.5871884822845459,0.12331458181142807,6.176971435546875,10.856162071228027,2.2745118141174316,0.05,23056,-16.69859445377982,26.206079681559473,262,-16.83394248579678,-11.075121627983295,0.4540829034955159,0.6536051306532833,0.23659431814531914,0.10980055120139744,-11.925,-3577.423,11.318,17.449,20548,360.0,0.0,0.0,359.962,15.511,0.0431,0.0,0.0,5.763,52.0,0.5546,10.18,0.1689,1.815,0.629,0.264,0.106,11,3
118,BiLevel,12.2,1.6,4.452,14,0.5619,-2072.446,626.089,4970,262,-16.9,24.97,-58.99,59.34,-0.417,0.2692,-12.211103439331055,0.23722591996192932,7.6317138671875,3.636014938354492,0.22062164545059204,3.6549949645996094,0.9353360533714294,15.454565048217773,1.7333124876022339,98.15355682373047,0.1,0.7122341990470886,500000,-3.47,16.96,-59.24,38.01,-1.0215,0.5,-5.8210906982421875,0.12211620807647705,5.349837303161621,1.1832902431488037,0.12817588448524475,6.27346658706665,3.2152552604675293,6.461195945739746,0.05,23318,-16.896037637128288,24.96872872843416,262,-15.587297420125259,-17.07057112643593,0.4379681405126209,0.6535201243674753,0.2368130206325103,0.1096668550000145,-14.396,-4318.803,11.364,15.815,20117,360.0,0.0,0.0,360.085,10.96,0.0304,0.0,0.0,4.309,38.0,0.5247,6.23,0.1092,2.302,0.586,0.315,0.098,13,1
119,BiLevel,12.7,1.6,3.691,14,0.5096,-2105.421,652.333,4970,262,-19.95,25.48,-58.87,58.94,-0.4236,0.275,-12.625673294067383,0.29345834255218506,6.366489410400391,2.3743367195129395,0.3066885769367218,3.835897445678711,0.9367295503616333,15.881953239440918,1.2222527265548706,93.74555206298828,0.1,0.7102056741714478,500000,-2.04,19.17,-67.96,55.94,-0.8789,0.5,-5.833235263824463,0.11018451303243637,4.7845048904418945,0.6394528746604919,0.12899580597877502,6.262646198272705,3.0094432830810547,4.4552693367004395,0.05,23580,-19.948898402030693,25.478970150177098,262,-13.538815051003505,-18.749354914948345,0.4780917373743376,0.6532888983188072,0.23715323935674182,0.10955786232445108,-15.263,-4578.885,11.111,14.801,18879,360.0,0.0,0.0,359.992,13.618,0.0378,0.0,0.0,5.531,55.0,0.4296,5.91,0.0597,2.365,0.645,0.247,0.108,15,0
120,BiLevel,12.2,1.7,10.093,11,0.2274,-2440.194,868.662,4972,262,-20.16,26.01,-59.57,57.52,-0.4908,0.3208,-12.577527046203613,0.2692737579345703,6.014760971069336,2.0345282554626465,0.3387010097503662,3.6185145378112793,0.9569106101989746,15.675468444824219,2.4055230617523193,83.12191772460938,0.1,0.7081879377365112,500000,-4.61,17.01,-69.97,42.75,-2.8532,0.5,-5.842489719390869,0.10855235159397125,4.594480991363525,0.4725966453552246,0.1343231052160263,6.259824275970459,10.352873802185059,4.10228157043457,0.05,23842,-20.16011245273674,26.011854601785764,262,-22.714347083317605,-20.471085896931193,0.48489220475626316,0.6554181206457517,0.23559800963036354,0.10898386972388478,-20.189,-5249.239,11.134,21.227,20797,360.0,0.0,0.0,365.538,97.221,0.266,0.0,0.0,250.698,810.0,0.8393,6.9,0.0628,2.455,0.653,0.237,0.11,8,3
121,BiLevel,12.4,1.5,5.063,13,0.4756,-2061.372,632.855,4970,262,-19.26,25.2,-58.96,58.68,-0.4148,0.2747,-12.727293014526367,0.2252720296382904,5.11575984954834,1.162422776222229,0.21928805112838745,3.7365927696228027,0.7264634966850281,15.790661811828613,1.6080293655395508,40.98811721801758,0.1,0.7061771750450134,500000,-0.46,17.64,-56.97,53.93,-1.7872,0.5,-5.869544982910156,0.10958705097436905,4.505999565124512,0.4051694869995117,0.12228304147720337,6.2926411628723145,11.632162094116211,5.239861011505127,0.05,24104,-19.25947660603064,25.204266661819645,262,-17.227361047895336,-20.756359677565722,0.4665834436744583,0.6559123197927513,0.23525445567728345,0.10883322452996515,-17.447,-5234.139,11.233,16.296,20876,360.0,0.0,0.0,360.0,14.716,0.0409,0.0,0.0,6.42,53.0,0.7736,8.07,0.0548,2.471,0.655,0.236,0.109,10,3
122,BiLevel,12.5,1.4,5.035,12,0.4741,-2174.464,714.349,4971,262,-15.59,26.07,-59.04,58.31,-0.4374,0.2897,-12.570222854614258,0.23824086785316467,6.066269874572754,2.1254584789276123,0.23004542291164398,3.922677755355835,1.0355185270309448,15.739336013793945,1.3528167009353638,53.9905891418457,0.1,0.7041856050491333,500000,-2.87,17.27,-48.34,58.24,-1.8512,0.5,-6.0919880867004395,0.11058604717254639,5.036365032196045,0.9564844369888306,0.12111330777406693,6.515687942504883,3.221956968307495,3.791102409362793,0.05,24366,-15.589849253687381,26.06909783557627,262,-8.384212762744802,-17.51069986600625,0.44456349472352186,0.6568130858068624,0.23443320248183913,0.10875371171129847,-10.331,-3099.25,11.395,16.43,20595,360.0,0.0,0.0,360.927,67.275,0.1864,0.0,0.0,45.756,398.0,0.5906,8.59,0.054,2.45,0.656,0.235,0.109,9,3
123,BiLevel,12.6,1.6,4.01,15,0.4922,-1952.529,593.212,4971,262,-13.98,26.52,-58.56,59.71,-0.3928,0.2672,-12.540449142456055,0.2995002567768097,7.941347122192383,4.0080976486206055,0.28823739290237427,3.991248607635498,1.5540339946746826,16.014137268066406,0.5798524022102356,91.4139175415039,0.1,0.7021914124488831,500000,-2.56,17.24,-55.04,59.02,-1.4783,0.5,-6.11437463760376,0.11778467893600464,4.882932186126709,0.8233524560928345,0.13015271723270416,6.552173614501953,13.139913558959961,5.981253147125244,0.05,24628,-13.978054692160118,26.52315017283254,262,-12.06153138083847,-15.07618703983332,0.43222484909282843,0.656234337254516,0.23521616059284184,0.10854950215264215,-12.662,-3798.746,11.502,15.513,19595,360.0,0.0,0.0,360.0,13.704,0.0381,0.0,0.0,4.721,59.0,0.7902,9.7,0.0524,2.406,0.657,0.234,0.109,12,3
124,BiLevel,13.0,1.4,5.39,15,0.5526,-1987.936,596.92,4970,262,-18.84,26.11,-58.87,59.75,-0.4,0.2665,-12.87596607208252,0.20494061708450317,6.1103057861328125,2.183145523071289,0.3612781763076782,3.6120951175689697,1.0913360118865967,15.833508491516113,1.624566912651062,96.0451431274414,0.1,0.7002010345458984,500000,-5.43,16.39,-52.04,48.81,-1.2411,0.5,-6.130962371826172,0.1159101128578186,4.539760589599609,0.49952730536460876,0.1358523815870285,6.562501907348633,3.7951347827911377,3.8623054027557373,0.05,24890,-18.84287287736428,26.11156605612405,262,-17.25670510193235,-21.271661922610118,0.47337205896912055,0.6559341878084207,0.23577871520998644,0.10828709698159282,-18.055,-5777.743,11.395,16.785,21509,360.0,0.0,0.0,360.0,10.387,0.0289,0.0,0.0,3.061,48.0,0.8284,10.79,0.0519,2.359,0.656,0.235,0.109,16,0
125,BiLevel,12.5,1.4,4.569,14,0.4214,-1899.668,568.034,4970,262,-12.61,26.57,-59.52,58.85,-0.3822,0.2638,-12.633325576782227,0.2654374837875366,6.43084716796875,2.5163917541503906,0.3466181457042694,3.908860206604004,1.2740494012832642,15.923940658569336,0.8836202621459961,86.43547821044922,0.1,0.6981993913650513,500000,-2.75,16.8,-53.45,48.58,-1.036,0.5,-6.140503406524658,0.11235953867435455,4.67146110534668,0.6517800092697144,0.13305999338626862,6.575174808502197,3.6840338706970215,6.025890350341797,0.05,25152,-12.610285217001644,26.567341014006153,262,-14.672949231768907,-13.754064952072344,0.423884975493701,0.6559240425505376,0.2359987975920566,0.10807715985740571,-11.926,-3577.931,11.476,16.046,19869,360.0,0.0,0.0,360.023,12.838,0.0357,0.0,0.0,4.462,48.0,0.9753,11.74,0.0531,2.278,0.656,0.236,0.108,15,0
126,BiLevel,12.7,1.6,4.614,12,0.423,-2025.023,656.382,4969,262,-11.03,27.97,-59.4,59.36,-0.4075,0.286,-13.028605461120605,0.3246917724609375,7.509765148162842,3.606109619140625,0.35016119480133057,4.123911380767822,1.7711288928985596,16.505395889282227,1.2510706186294556,111.1749267578125,0.1,0.6962137222290039,500000,-3.53,17.8,-61.65,53.47,-1.7531,0.5,-6.354013442993164,0.11592075973749161,4.686423301696777,0.6846691370010376,0.13411416113376617,6.794816970825195,8.812971115112305,6.382201671600342,0.05,25414,-11.032045278273872,27.968958887512752,262,-10.028987451211403,-13.101715234235712,0.43226677642009165,0.6567416116064039,0.2352570005921468,0.10800138780144918,-8.814,-2291.584,11.649,16.263,20145,360.0,0.0,0.0,361.212,60.565,0.1677,0.0,0.0,72.298,491.0,0.819,12.79,0.0509,2.238,0.656,0.236,0.108,9,3
127,BiLevel,12.4,1.6,3.964,14,0.4603,-1916.316,573.938,4970,262,-8.72,26.41,-58.78,59.18,-0.3856,0.2656,-12.92112922668457,0.29941797256469727,5.535943031311035,1.647899866104126,0.31384778022766113,4.094638824462891,0.8811485171318054,16.288352966308594,2.3954660892486572,91.52021026611328,0.1,0.6942357420921326,500000,-2.14,16.92,-53.27,42.89,-1.5075,0.5,-6.374222755432129,0.1122814416885376,4.507251739501953,0.5241671800613403,0.12496673315763474,6.796257495880127,13.428715705871582,1.7051076889038086,0.05,25676,-8.720859396579474,26.414908053493193,262,-9.982674122248826,-9.071907069024288,0.39151289395671063,0.6565830165611476,0.23556071893441966,0.10785626450443288,-6.971,-2230.831,11.447,15.41,19013,360.0,0.0,0.0,360.088,12.494,0.0347,0.0,0.0,4.821,42.0,0.8968,13.95,0.0501,2.217,0.657,0.235,0.108,11,3
128,BiLevel,13.3,1.6,6.693,11,0.482,-2133.644,694.852,4970,262,-11.62,28.75,-58.96,59.91,-0.4293,0.293,-13.060991287231445,0.26646333932876587,5.248368740081787,1.3776427507400513,0.25929418206214905,4.0408172607421875,0.9578956365585327,16.431196212768555,0.832891583442688,53.66252136230469,0.1,0.6922425627708435,500000,-2.54,18.79,-60.16,53.46,-2.2693,0.5,-6.378440856933594,0.11705925315618515,4.489733695983887,0.5282865762710571,0.12818126380443573,6.820980548858643,2.2865898609161377,2.6717002391815186,0.05,25938,-11.622094084058235,28.753740337249308,262,-9.736420862298262,-11.680886565305686,0.44583289171275237,0.6578092780505969,0.23451502146554914,0.10767570048385397,-8.524,-2216.132,11.581,18.273,21331,360.0,0.0,0.0,378.612,85.226,0.2251,0.0,0.0,1128.931,2585.0,0.744,14.84,0.0513,2.16,0.657,0.236,0.108,8,3
129,BiLevel,12.1,1.4,6.308,14,0.3983,-1919.015,571.701,4971,262,-15.25,26.92,-58.92,59.59,-0.386,0.262,-12.930333137512207,0.34960511326789856,7.628066062927246,3.765381336212158,0.30325084924697876,4.280852794647217,1.9417563676834106,16.592884063720703,0.871737539768219,66.39618682861328,0.1,0.6902564167976379,500000,-1.77,17.18,-57.23,53.42,-1.9491,0.5,-6.421415328979492,0.11016432195901871,4.488789081573486,0.5443447828292847,0.13139954209327698,6.842788219451904,7.001742362976074,1.8717695474624634,0.05,26200,-15.245830056391878,26.916218981511125,262,-12.122686620762474,-13.5104526359784,0.4480022006505526,0.6581673115379951,0.2344893212538187,0.10734336720818625,-13.952,-4185.542,11.416,17.724,20717,360.0,0.0,0.0,360.0,13.93,0.0387,0.0,0.0,4.725,53.0,0.8313,15.22,0.0592,2.025,0.658,0.235,0.108,11,3
130,BiLevel,12.3,1.7,5.567,15,0.4691,-1950.471,578.086,4971,262,-12.88,25.46,-57.5,58.9,-0.3924,0.2653,-13.183431625366211,0.254555881023407,8.162877082824707,4.315210819244385,0.2708779573440552,4.299075126647949,2.3413805961608887,16.650264739990234,0.9297913312911987,66.97452545166016,0.1,0.6882774829864502,500000,-3.11,17.28,-60.83,47.97,-1.2527,0.5,-6.60206937789917,0.11895193159580231,4.285752773284912,0.35872894525527954,0.13504788279533386,7.045891761779785,1.5836938619613647,2.2953364849090576,0.05,26462,-12.88399198571727,25.4648331457535,262,-14.367337849265649,-16.12648325160538,0.40819798756055886,0.6579337457673261,0.23503049830505612,0.10703575592761784,-12.476,-3742.709,11.384,16.951,20404,360.0,0.0,0.0,359.854,12.3,0.0342,0.0,0.0,4.389,47.0,0.806,15.5,0.0623,1.883,0.659,0.233,0.108,16,0
131,BiLevel,12.6,1.5,4.101,15,0.5046,-1966.46,595.353,4970,262,-15.23,27.44,-59.25,59.19,-0.3957,0.2696,-13.511977195739746,0.2434939444065094,7.613804817199707,3.7834866046905518,0.23095890879631042,4.294486999511719,2.2062361240386963,16.962705612182617,0.6111169457435608,48.28373336791992,0.1,0.6863030791282654,500000,-1.86,18.43,-56.07,53.95,-0.9763,0.5,-6.646430969238281,0.12075061351060867,4.594991207122803,0.6853705644607544,0.13824895024299622,7.091958999633789,0.8077373504638672,4.032862186431885,0.05,26724,-15.233350351157503,27.440878440518368,262,-15.197027713687797,-15.136836647046238,0.45568169568265476,0.6573808775236615,0.2357728731207467,0.10684624935559191,-13.47,-4310.297,11.401,15.502,18799,360.0,0.0,0.0,360.0,14.859,0.0413,0.0,0.0,5.324,53.0,0.7396,15.63,0.0656,1.734,0.66,0.231,0.108,16,0
132,BiLevel,12.9,1.6,4.494,14,0.479,-1898.216,552.359,4969,262,-15.86,26.24,-59.74,58.3,-0.382,0.2552,-13.239258766174316,0.2599770426750183,6.202235221862793,2.3799400329589844,0.26817023754119873,4.161064624786377,1.3926291465759277,16.534114837646484,0.8610552549362183,53.86066436767578,0.1,0.6843385100364685,500000,-2.23,17.14,-64.19,48.6,-1.046,0.5,-6.6481218338012695,0.11321432888507843,4.6692399978637695,0.7792578935623169,0.12086836993694305,7.082005500793457,6.3372111320495605,7.443125247955322,0.05,26986,-15.855971119777612,26.241571607233833,262,-14.535817641804092,-16.50707751977209,0.44450704983651185,0.6573260462614884,0.2359900112054944,0.10668394253301708,-13.314,-3994.198,11.365,15.859,20149,360.0,0.0,0.0,359.931,13.138,0.0365,0.0,0.0,4.603,48.0,0.8148,16.33,0.0598,1.498,0.66,0.231,0.109,15,0
133,BiLevel,12.9,1.6,4.495,14,0.5014,-1952.686,601.696,4970,262,-13.66,26.95,-59.29,59.78,-0.3929,0.2736,-13.38487434387207,0.20153528451919556,6.572636604309082,2.7663702964782715,0.231393501162529,4.224420070648193,1.3096036911010742,16.618873596191406,1.748349905014038,56.260841369628906,0.1,0.6823897957801819,500000,-2.99,18.45,-51.85,40.97,-1.6162,0.5,-6.74531364440918,0.11400853842496872,4.307868003845215,0.43538498878479004,0.1340949982404709,7.179023742675781,1.1733741760253906,2.9842512607574463,0.05,27248,-13.663535408791851,26.94795100793998,262,-11.886020014356626,-15.06034522511457,0.43816398050500766,0.6572627853021004,0.23620211555725087,0.10653509914064864,-11.614,-3484.07,11.418,15.913,20441,360.0,0.0,0.0,360.081,21.382,0.0594,0.0,0.0,6.107,155.0,0.733,17.13,0.056,1.28,0.663,0.227,0.11,11,3
134,BiLevel,12.3,1.5,3.79,13,0.5953,-2064.918,662.152,4969,262,-14.36,25.62,-59.54,59.4,-0.4156,0.2852,-13.320241928100586,0.28591832518577576,5.4610395431518555,1.6646416187286377,0.255638986825943,4.201358318328857,1.15934157371521,16.71761131286621,1.5523498058319092,72.73523712158203,0.1,0.6804416179656982,500000,-2.78,17.81,-60.8,51.72,-1.5557,0.5,-6.763263702392578,0.11442834138870239,4.324676036834717,0.4677753448486328,0.12521184980869293,7.187755107879639,8.493696212768555,10.16368293762207,0.05,27510,-14.3584321768987,25.61753188532017,262,-14.0245870754907,-13.114011471836193,0.4240336739386879,0.6574146069094283,0.23603722528586324,0.10654816780470831,-13.217,-3965.203,11.497,15.287,19617,360.0,0.0,0.0,360.081,32.968,0.0916,0.0,0.0,9.908,298.0,0.611,16.62,0.0883,1.066,0.666,0.221,0.113,10,3
135,BiLevel,13.4,1.5,7.318,11,0.472,-2299.8,766.489,4970,262,-12.6,27.97,-58.85,59.06,-0.4627,0.2997,-13.135432243347168,0.32914936542510986,6.537965774536133,2.7428393363952637,0.35885366797447205,4.184457302093506,1.671142578125,16.67798614501953,0.8340432643890381,83.65873718261719,0.1,0.6785035729408264,500000,-3.44,16.28,-58.47,40.09,-2.3736,0.5,-6.946269989013672,0.11581486463546753,4.169189929962158,0.331502228975296,0.14471440017223358,7.385284423828125,26.053834915161133,8.227625846862793,0.05,27772,-12.599915276066788,27.96691588545621,262,-10.81410601252788,-13.500763781447159,0.44392516181261815,0.6587392603809943,0.23492845073191845,0.10633228888708733,-10.947,-3065.045,11.706,19.024,22491,360.0,0.0,0.0,382.627,111.02,0.2902,0.0,0.0,1348.844,3093.0,0.9606,15.34,0.1711,1.012,0.664,0.225,0.111,8,3
136,BiLevel,12.5,1.5,4.783,14,0.4914,-1944.063,583.416,4970,262,-16.81,26.92,-58.74,59.11,-0.3912,0.2652,-13.602673530578613,0.22938087582588196,6.2497711181640625,2.4784140586853027,0.23588767647743225,4.7655110359191895,1.2629750967025757,17.370025634765625,1.184070348739624,79.28137969970703,0.1,0.6765640377998352,500000,-3.37,19.17,-53.96,48.76,-0.9844,0.5,-6.928198337554932,0.11525632441043854,4.36414098739624,0.5432459712028503,0.12679365277290344,7.358203887939453,9.249267578125,4.848997592926025,0.05,28034,-16.80619691459638,26.917940661228965,262,-15.871029753590886,-18.32368254018457,0.4632112701575319,0.6587338369698222,0.23510362942424795,0.10616253360592985,-16.287,-4886.172,11.384,16.167,20398,360.0,0.0,0.0,359.988,13.404,0.0372,0.0,0.0,4.927,48.0,0.8903,14.3,0.2087,0.995,0.588,0.317,0.095,14,0
137,BiLevel,12.6,1.6,4.98,14,0.5337,-1895.043,562.069,4970,262,-11.99,25.55,-58.82,58.14,-0.3813,0.2673,-13.38235855102539,0.2498154640197754,5.8134918212890625,2.051544189453125,0.25205135345458984,4.5304765701293945,1.2400022745132446,17.03536033630371,1.2123124599456787,61.28196716308594,0.1,0.6746287941932678,500000,-2.7,15.44,-49.03,33.38,-1.049,0.5,-6.944415092468262,0.12012116611003876,4.237007141113281,0.43211889266967773,0.12706682085990906,7.382960319519043,1.1307862997055054,1.9061377048492432,0.05,28296,-11.992541557731073,25.5530897183435,262,-14.189262287083427,-8.990700549828379,0.40402050306365916,0.6587521601209081,0.2352435639004726,0.10600427597861918,-8.07,-2421.141,11.422,16.403,19996,360.0,0.0,0.0,360.031,11.766,0.0327,0.0,0.0,4.069,33.0,0.9178,11.16,0.3246,1.374,0.551,0.36,0.089,13,1
138,BiLevel,13.3,1.6,10.659,14,0.4824,-1914.081,573.585,4970,262,-9.93,27.16,-58.87,59.69,-0.3851,0.2601,-13.606459617614746,0.25884684920310974,5.377532005310059,1.6217567920684814,0.3086191713809967,4.575600624084473,1.26875901222229,17.181072235107422,1.0834991931915283,62.76546096801758,0.1,0.6726875305175781,500000,-2.98,18.35,-80.5,53.62,-2.7225,0.5,-7.024901390075684,0.1133231520652771,4.368874549865723,0.5805953741073608,0.13611213862895966,7.453307628631592,1.3102352619171143,2.159752607345581,0.05,28558,-9.931704275345268,27.156798456679894,262,-9.957483608158011,-6.279128090723566,0.41358691071231213,0.6599441778827981,0.2345937526841778,0.1054620694330241,-6.679,-2003.699,11.698,22.357,21085,360.0,0.0,0.0,360.0,14.177,0.0394,0.0,0.0,5.05,53.0,0.8745,9.25,0.2496,2.396,0.461,0.465,0.074,11,3
139,BiLevel,12.3,1.5,3.883,14,0.4456,-1876.62,556.648,4970,262,-10.68,26.67,-58.88,59.37,-0.3776,0.2643,-13.607912063598633,0.2905557453632355,4.8428215980529785,1.108384370803833,0.21825659275054932,4.518827438354492,0.9094504117965698,17.09999656677246,0.6913877725601196,75.6894302368164,0.1,0.6707645654678345,500000,-1.22,17.33,-51.06,63.17,-0.7056,0.5,-7.216750621795654,0.11857550591230392,4.509993076324463,0.7334645390510559,0.15910033881664276,7.653985023498535,5.385620594024658,7.229602336883545,0.05,28820,-10.683996800292036,26.6689975447223,262,-9.80910474124708,-7.264706017782814,0.41207572374440743,0.659769156385766,0.23490107805546556,0.10532976555876844,-9.242,-2772.624,11.508,15.391,19580,360.0,0.0,0.0,359.988,14.354,0.0399,0.0,0.0,5.191,63.0,0.8989,13.14,0.0728,2.402,0.512,0.406,0.082,15,0
140,BiLevel,13.3,1.7,11.005,11,0.3662,-2152.828,708.937,4970,262,-12.99,28.6,-59.55,59.6,-0.4332,0.2931,-13.533486366271973,0.27735069394111633,5.621088981628418,1.896889090538025,0.23751406371593475,4.443236827850342,1.416415810585022,16.941972732543945,0.8237307667732239,81.0768051147461,0.1,0.6688411235809326,500000,-3.11,18.04,-61.79,55.84,-3.0868,0.5,-7.104225158691406,0.11848393827676773,4.490192890167236,0.7333303689956665,0.16463401913642883,7.53471040725708,0.510940670967102,4.944202423095703,0.05,29082,-12.99004706704588,28.59561805325422,262,-13.029248260040031,-13.071614648009604,0.4549040310553332,0.6618442035324399,0.23331864164358115,0.10483715482397894,-10.834,-2816.933,11.65,22.655,21723,360.0,0.0,0.0,381.038,100.187,0.2629,0.0,0.0,1255.225,2800.0,0.9374,13.29,0.0811,2.357,0.66,0.235,0.105,8,3
141,BiLevel,12.2,1.7,6.726,14,0.4434,-1904.004,575.899,4970,262,-10.91,26.92,-59.37,59.34,-0.3831,0.2755,-13.527359008789062,0.25357159972190857,5.076537609100342,1.3649911880493164,0.2325858622789383,4.665403842926025,0.9841524362564087,17.11232566833496,1.03225576877594,61.111778259277344,0.1,0.6669215559959412,500000,-2.65,16.65,-65.85,60.28,-1.4749,0.5,-7.190948486328125,0.1244460940361023,4.443719387054443,0.7012029886245728,0.18187840282917023,7.6369500160217285,3.6863603591918945,11.147605895996094,0.05,29344,-10.909298069052157,26.9173002309474,262,-12.744392700571762,-14.85636065978753,0.41480225189676445,0.6622333953231683,0.23323613723885486,0.10453046743797681,-10.646,-3193.768,11.587,18.313,21407,360.0,0.0,0.0,360.054,12.661,0.0352,0.0,0.0,4.172,60.0,0.893,12.04,0.0878,2.629,0.662,0.233,0.105,16,0
142,BiLevel,12.5,1.4,3.745,14,0.4565,-1881.588,562.362,4970,262,-12.31,26.56,-58.62,59.3,-0.3786,0.2659,-13.685626029968262,0.23613500595092773,5.043994903564453,1.3457103967666626,0.22393378615379333,4.7120137214660645,0.9392421841621399,17.31515121459961,0.4349205493927002,45.712501525878906,0.1,0.6650100946426392,500000,-3.64,17.89,-56.38,64.43,-1.4597,0.5,-7.2689313888549805,0.10721787810325623,4.205482482910156,0.47939664125442505,0.16519182920455933,7.682522296905518,5.964738368988037,7.333636283874512,0.05,29606,-12.313752574511847,26.56302103070995,262,-11.880880608762567,-13.769976237259414,0.4213430630636003,0.6620194171688271,0.23356352465444163,0.10441705817673133,-12.294,-3688.071,11.37,15.115,19696,360.0,0.0,0.0,360.208,13.237,0.0367,0.0,0.0,4.443,64.0,0.8884,12.93,0.0587,2.529,0.662,0.233,0.105,11,3
143,BiLevel,13.2,1.5,5.426,15,0.442,-1897.402,560.163,4971,262,-10.75,27.82,-58.11,59.53,-0.3817,0.2671,-13.607946395874023,0.3845318853855133,5.542405128479004,1.83795964717865,0.3966336250305176,5.036835670471191,1.2385728359222412,17.83909034729004,0.5449241995811462,92.9080810546875,0.1,0.6630918979644775,500000,-4.03,17.7,-66.37,51.71,-1.2161,0.5,-7.13718318939209,0.11276154220104218,4.290986061096191,0.5833758115768433,0.14071235060691833,7.564327716827393,3.3191490173339844,7.2278618812561035,0.05,29868,-10.752234152018922,27.821152125841174,262,-9.646106649209793,-11.487560698390007,0.4278798783985289,0.6617577455533898,0.23410995810337482,0.10413229634323536,-9.231,-2769.206,11.558,16.984,20310,360.0,0.0,0.0,360.023,12.05,0.0335,0.0,0.0,4.256,51.0,0.8319,13.74,0.0545,2.411,0.662,0.234,0.104,15,0
144,BiLevel,13.8,1.6,5.061,11,0.5566,-2080.212,692.08,4970,262,-7.49,29.52,-59.19,59.96,-0.4186,0.311,-13.786641120910645,0.2608068883419037,6.283204078674316,2.6007049083709717,0.2818687856197357,4.740750312805176,1.8840320110321045,17.43960952758789,1.4438693523406982,70.9860610961914,0.1,0.6611768007278442,500000,-2.41,17.75,-58.76,48.03,-1.9687,0.5,-7.365192890167236,0.11480145901441574,4.306478977203369,0.6127563714981079,0.157180517911911,7.79049015045166,2.1385762691497803,10.009390830993652,0.05,30130,-7.492414377277466,29.51526348803799,262,-8.021750124955648,-12.07758709168748,0.4366108358198697,0.6625468632687376,0.23333749949607444,0.10411563723518791,-9.638,-2505.843,11.892,16.953,21306,360.0,0.0,0.0,386.858,90.126,0.233,0.0,0.0,1510.267,3609.0,0.7974,14.65,0.0525,2.305,0.662,0.234,0.104,8,3
145,BiLevel,12.7,1.4,3.662,15,0.5367,-1770.056,515.864,4970,262,-6.52,26.15,-58.62,59.36,-0.3561,0.2595,-13.800986289978027,0.2598665952682495,5.0445356369018555,1.374727487564087,0.2668983042240143,4.782447338104248,0.9072265625,17.4407958984375,1.4720638990402222,64.65164184570312,0.1,0.6592809557914734,500000,-3.65,17.4,-58.03,47.55,-0.8955,0.5,-7.418202877044678,0.10538466274738312,4.021399021148682,0.3424018323421478,0.12678438425064087,7.824383735656738,11.58104419708252,1.954781174659729,0.05,30392,-6.519961801663011,26.153128639847235,262,-9.268558816219631,-11.783035839701954,0.380641641971268,0.6618987329096953,0.23411015906832733,0.10399110802197746,-6.53,-1958.87,11.693,15.355,19511,360.0,0.0,0.0,360.0,13.413,0.0373,0.0,0.0,4.195,47.0,1.0183,15.24,0.058,2.145,0.663,0.233,0.104,16,0
146,BiLevel,12.9,1.8,4.258,14,0.4909,-1900.654,566.948,4972,262,-10.92,28.69,-59.59,59.25,-0.3823,0.2674,-13.981778144836426,0.24242061376571655,6.278505325317383,2.622840166091919,0.24686680734157562,4.788293838500977,1.4808943271636963,17.656768798828125,1.0366954803466797,56.12194061279297,0.1,0.6573860049247742,500000,-1.58,16.69,-57.22,43.79,-1.5715,0.5,-7.473013401031494,0.11555305123329163,4.60158109664917,0.9386407732963562,0.13702943921089172,7.909384727478027,0.6396182179450989,3.724670171737671,0.05,30654,-10.920523783127603,28.68729405715419,262,-7.122560042770286,-12.384398327532569,0.44246578122803043,0.6617768041427642,0.23435505743726456,0.10386813841997125,-9.335,-2987.087,11.551,15.809,21467,360.0,0.0,0.0,360.0,19.303,0.0536,0.0,0.0,6.134,130.0,0.8655,15.9,0.0569,1.991,0.663,0.232,0.105,11,3
147,BiLevel,12.8,1.5,4.259,14,0.5201,-1869.902,570.994,4970,262,-9.75,28.31,-59.27,59.75,-0.3762,0.2707,-14.067112922668457,0.28346186876296997,4.860345840454102,1.2108581066131592,0.29331931471824646,4.761239051818848,1.002366542816162,17.788118362426758,1.8261586427688599,120.94961547851562,0.1,0.6555039882659912,500000,-2.74,16.93,-56.58,59.62,-1.2445,0.5,-7.5375542640686035,0.12071968615055084,4.818930625915527,1.1693074703216553,0.14590710401535034,7.9841461181640625,10.187948226928711,7.5789594650268555,0.05,30916,-9.75226837908793,28.307891174706505,262,-13.444684099131507,-8.113364097750502,0.42754427627514674,0.66164480563252,0.23459401632551555,0.10376117804196434,-7.629,-2288.647,11.576,15.835,19785,360.0,0.0,0.0,359.935,12.563,0.0349,0.0,0.0,4.252,59.0,0.8133,15.9,0.0688,1.897,0.666,0.228,0.106,12,2
148,BiLevel,12.9,1.5,4.403,13,0.4294,-1773.525,533.807,4970,262,-10.24,28.12,-59.51,59.42,-0.3568,0.2644,-14.041464805603027,0.2528623938560486,4.952021598815918,1.3216419219970703,0.2111896574497223,4.885294437408447,1.281433343887329,17.67693519592285,0.8120139241218567,60.54144287109375,0.1,0.6536195278167725,500000,-1.99,16.1,-48.09,56.39,-1.6321,0.5,-7.6341552734375,0.12365151941776276,4.404182434082031,0.7680060863494873,0.16603553295135498,8.083581924438477,5.01145076751709,4.5220866203308105,0.05,31178,-10.23752952039699,28.120382791564417,262,-12.76804917352764,-10.077826185289183,0.42919504639243805,0.6619599686089543,0.23438070274414066,0.10365932864690508,-8.821,-2646.239,11.506,15.909,20270,360.0,0.0,0.0,360.012,22.98,0.0638,0.0,0.0,8.679,174.0,0.9538,16.51,0.0644,1.687,0.665,0.228,0.106,10,3
149,BiLevel,12.7,1.3,4.873,15,0.4494,-1828.594,521.252,4972,262,-12.55,27.71,-59.24,59.6,-0.3678,0.2479,-13.918634414672852,0.29984378814697266,5.569231986999512,1.9388262033462524,0.3242420256137848,5.0698561668396,1.260784387588501,17.811603546142578,0.7598652243614197,119.28270721435547,0.1,0.6517367362976074,500000,-2.68,17.73,-71.09,50.83,-1.1225,0.5,-7.6799774169921875,0.1188630610704422,4.320617198944092,0.7004202604293823,0.13413818180561066,8.127799987792969,15.745855331420898,4.696990013122559,0.05,31440,-12.551313971223239,27.712102708502133,262,-12.664765565018904,-12.46514963178258,0.43798124175150815,0.6615930949342139,0.23498598960391037,0.10342091546187579,-10.862,-3258.748,11.484,16.357,20573,360.0,0.0,0.0,359.992,13.282,0.0369,0.0,0.0,4.477,50.0,0.9032,16.62,0.0752,1.517,0.668,0.224,0.108,16,0
150,BiLevel,13.0,1.4,4.553,12,0.4909,-2015.152,638.941,4969,262,-10.92,26.62,-57.31,59.02,-0.4055,0.2794,-14.23176097869873,0.30910763144493103,8.020220756530762,4.393354415893555,0.3822949230670929,5.253905296325684,2.4765689373016357,18.315162658691406,1.7060399055480957,89.72554779052734,0.1,0.6498677134513855,500000,-2.34,18.69,-67.59,52.78,-1.7428,0.5,-7.759620666503906,0.11428654193878174,4.9383392333984375,1.3319122791290283,0.1453039050102234,8.19101333618164,12.230498313903809,4.0855631828308105,0.05,31702,-10.924398825962518,26.618238613841648,262,-10.138033899194316,-14.280916203872156,0.41444650512155007,0.6622932829448567,0.2343034989288083,0.1034032181263351,-10.311,-2886.956,11.629,16.182,19956,360.0,0.0,0.0,360.812,65.32,0.181,0.0,0.0,74.053,521.0,0.833,16.33,0.0929,1.45,0.668,0.224,0.108,9,3
151,BiLevel,13.2,1.7,3.864,15,0.484,-1772.126,512.293,4970,262,-4.34,27.59,-58.31,59.1,-0.3566,0.2549,-14.247453689575195,0.27669668197631836,5.5916008949279785,1.9739420413970947,0.3823140263557434,5.250295639038086,1.291353702545166,18.228992462158203,0.5008142590522766,97.78223419189453,0.1,0.6479988098144531,500000,-3.83,17.13,-63.28,50.14,-0.9298,0.5,-7.805020809173584,0.1116294115781784,4.180118083953857,0.5867611169815063,0.1354949027299881,8.22952938079834,4.639316558837891,5.808861255645752,0.05,31964,-4.33982782393499,27.591498537034777,262,-9.319317046513682,-5.06000811151768,0.39413611137127136,0.661718258457531,0.23503669898985988,0.10324504255260902,-3.225,-1032.017,11.773,15.637,20411,360.0,0.0,0.0,359.988,11.98,0.0333,0.0,0.0,3.989,50.0,0.9379,16.84,0.0857,1.162,0.668,0.225,0.107,15,0
152,BiLevel,12.9,1.4,6.382,12,0.4125,-1960.728,634.259,4970,262,-9.42,28.78,-59.33,59.42,-0.3945,0.2934,-14.120316505432129,0.23280636966228485,4.5266032218933105,0.9366101026535034,0.20977653563022614,5.184412002563477,1.1769192218780518,17.780290603637695,1.6273010969161987,43.754085540771484,0.1,0.6461378335952759,500000,-3.53,17.86,-63.75,57.33,-2.0822,0.5,-7.844141960144043,0.11027181893587112,3.9318687915802,0.35176536440849304,0.11620669811964035,8.262458801269531,1.7815195322036743,8.292377471923828,0.05,32226,-9.415768965709978,28.778097209117156,262,-9.319233986500063,-7.7161404371261595,0.43344104916588416,0.662796324917738,0.23412385993062682,0.1030798151516351,-6.356,-1906.854,11.801,18.184,21126,360.0,0.0,0.0,361.627,65.448,0.181,0.0,0.0,101.027,582.0,0.7535,15.97,0.1254,1.088,0.67,0.222,0.108,9,3
153,BiLevel,13.3,1.4,5.262,14,0.5322,-1724.845,503.836,4970,262,-5.67,27.34,-58.78,59.41,-0.3471,0.2536,-14.28654956817627,0.30265578627586365,8.218706130981445,4.631435394287109,0.30422303080558777,5.3251543045043945,2.4002737998962402,18.277469635009766,1.1733105182647705,89.75128173828125,0.1,0.6442773938179016,500000,-2.65,18.95,-75.53,57.9,-1.1647,0.5,-7.910227298736572,0.11924340575933456,4.111741065979004,0.5451789498329163,0.14044058322906494,8.339903831481934,4.34318733215332,1.9584046602249146,0.05,32488,-5.672828649158329,27.335176694623776,262,-4.816116837451332,-4.75312772067754,0.39451775743798667,0.6628511014323276,0.234223700668331,0.1029251978993414,-2.652,-795.562,11.797,17.059,21101,360.0,0.0,0.0,360.0,14.557,0.0404,0.0,0.0,4.851,57.0,0.9538,14.05,0.2146,1.458,0.638,0.263,0.099,16,0
154,BiLevel,12.8,1.7,4.879,14,0.4696,-1890.23,560.222,4970,262,-11.18,28.42,-59.52,59.26,-0.3803,0.2656,-14.396392822265625,0.26544445753097534,5.897259712219238,2.3169939517974854,0.29838013648986816,5.06442928314209,1.5176787376403809,18.09600067138672,0.7865268588066101,62.262596130371094,0.1,0.6424234509468079,500000,-1.71,19.07,-62.78,50.65,-1.8215,0.5,-7.890152931213379,0.11314770579338074,3.934152603149414,0.3810669183731079,0.12745964527130127,8.313559532165527,10.070965766906738,4.304242134094238,0.05,32750,-11.177689011129635,28.415307822635466,262,-6.258842615979282,-12.795047447555943,0.4395450036588528,0.6628556308782554,0.23438213612931086,0.10276223299243385,-10.386,-3115.92,11.698,16.577,19840,360.0,0.0,0.0,360.027,14.291,0.0397,0.0,0.0,5.878,50.0,0.7577,16.32,0.0861,1.12,0.549,0.366,0.085,11,3
155,BiLevel,13.1,1.8,4.222,14,0.6035,-1800.825,550.254,4970,262,-8.82,28.14,-58.85,59.66,-0.3623,0.2688,-14.037744522094727,0.27500617504119873,4.930943012237549,1.358725905418396,0.30908042192459106,5.104981422424316,1.1420183181762695,17.836894989013672,1.107660174369812,64.73898315429688,0.1,0.640577495098114,500000,-2.6,17.29,-45.25,52.45,-1.0394,0.5,-7.951941967010498,0.11661107838153839,4.023542404174805,0.4852679371833801,0.13127315044403076,8.393144607543945,6.374715805053711,4.0728759765625,0.05,33012,-8.820388276140454,28.13520331448986,262,-7.264463191597085,-13.598228885625536,0.4214965862230408,0.6626843113919026,0.234608956359093,0.10270673224900423,-7.09,-2127.001,11.769,15.991,20336,360.0,0.0,0.0,359.985,14.04,0.039,0.0,0.0,4.889,52.0,0.7642,14.38,0.1756,1.274,0.668,0.225,0.106,16,0
156,BiLevel,12.7,1.5,4.134,14,0.4783,-1854.358,543.05,4971,262,-12.59,28.61,-59.41,59.34,-0.373,0.2673,-14.441001892089844,0.2996375858783722,7.349832534790039,3.7944576740264893,0.24392426013946533,5.29130744934082,2.393064260482788,18.471445083618164,0.7461617588996887,59.03623580932617,0.1,0.6387287378311157,500000,-2.08,16.79,-72.04,56.88,-0.9335,0.5,-7.92523717880249,0.11732219904661179,4.041591167449951,0.5159980058670044,0.1254402995109558,8.367246627807617,12.437540054321289,1.1162421703338623,0.05,33274,-12.592496381248223,28.61384490757993,262,-12.6476111136769,-13.606059026090723,0.45115149626458345,0.6625442907331466,0.23486242892863873,0.10259328033821474,-12.352,-3705.575,11.479,15.613,18301,360.0,0.0,0.0,359.873,12.226,0.034,0.0,0.0,4.492,56.0,0.6263,12.15,0.1601,1.568,0.588,0.321,0.091,13,1
157,BiLevel,12.7,1.7,3.629,15,0.5108,-1816.816,536.805,4970,262,-12.13,26.8,-59.15,58.74,-0.3656,0.2608,-14.247640609741211,0.28523483872413635,6.274420738220215,2.731691837310791,0.22936531901359558,5.049953460693359,1.3224585056304932,17.99819564819336,1.2268091440200806,88.0215835571289,0.1,0.6368882060050964,500000,-0.53,16.7,-53.87,49.13,-0.7993,0.5,-8.004522323608398,0.10646234452724457,4.395193576812744,0.8813070058822632,0.13554567098617554,8.42822551727295,16.861000061035156,12.120759963989258,0.05,33536,-12.128299141896727,26.803394410409503,262,-9.824757599516918,-9.376881881136644,0.42296016680864945,0.6619243946350775,0.235607149905459,0.10246845545946358,-9.268,-2965.759,11.469,15.098,20113,360.0,0.0,0.0,360.0,14.244,0.0396,0.0,0.0,5.24,49.0,0.6172,6.98,0.1649,2.396,0.603,0.304,0.093,16,0
158,BiLevel,13.8,1.8,7.512,11,0.541,-1972.495,638.221,4970,262,-6.42,28.95,-59.62,59.49,-0.3969,0.2998,-14.442399978637695,0.32030045986175537,7.401575088500977,3.8558993339538574,0.3440488278865814,5.091554164886475,2.3550376892089844,18.215408325195312,2.1283674240112305,83.28148651123047,0.1,0.6350365877151489,500000,-3.47,17.27,-53.89,43.49,-2.5429,0.5,-8.043523788452148,0.1175142452120781,4.076992511749268,0.575685441493988,0.1561591923236847,8.481491088867188,4.168640613555908,5.87447452545166,0.05,33798,-6.424525563083814,28.947649229202387,262,-4.101510198649608,-10.271416309005337,0.4229209551176108,0.6631472427797579,0.23454360208778008,0.10230915513246194,-5.339,-1388.16,11.949,19.461,22054,360.0,0.0,0.0,389.265,88.126,0.2264,0.0,0.0,1687.427,3904.0,0.6683,7.01,0.0738,2.728,0.597,0.31,0.092,8,3
159,BiLevel,13.0,1.8,4.212,15,0.5138,-1747.585,488.284,4972,262,-7.21,28.9,-59.43,59.24,-0.3515,0.245,-14.642094612121582,0.2815793454647064,7.1824188232421875,3.65449595451355,0.26247212290763855,5.258764743804932,1.9918941259384155,18.55764389038086,1.7488664388656616,62.880672454833984,0.1,0.6332017183303833,500000,-2.92,17.28,-61.21,55.26,-1.2123,0.5,-8.005051612854004,0.10841801017522812,4.722123622894287,1.2342804670333862,0.12019117176532745,8.423141479492188,3.071404218673706,3.74161696434021,0.05,34060,-7.2133962978872646,28.901223566020303,262,-3.228189955181197,-5.871765762096957,0.42568471803227614,0.6626374190761476,0.23520821526609387,0.10215436565775853,-5.615,-1684.466,11.691,15.904,19228,360.0,0.0,0.0,359.869,12.594,0.035,0.0,0.0,4.592,55.0,0.8267,9.36,0.0555,2.777,0.663,0.235,0.102,13,2
160,BiLevel,13.7,1.7,3.749,15,0.3751,-1696.787,478.997,4970,262,-5.64,28.59,-59.59,58.93,-0.3414,0.2483,-14.494684219360352,0.2316502034664154,5.177902698516846,1.6587066650390625,0.28247228264808655,5.507475852966309,1.5626931190490723,18.516084671020508,2.989793539047241,70.8429183959961,0.1,0.6313811540603638,500000,-4.01,16.19,-59.0,45.29,-0.8602,0.5,-8.147930145263672,0.11993252485990524,4.714755535125732,1.2386329174041748,0.1337677240371704,8.57840347290039,2.025106191635132,2.6390745639801025,0.05,34322,-5.64123573211552,28.587707971129305,262,-6.026698043785598,-5.733541173683969,0.41427282372444096,0.6620954458628697,0.23594686579599383,0.10195768834113655,-5.583,-1675.031,11.828,15.577,19359,360.0,0.0,0.0,359.969,11.326,0.0315,0.0,0.0,3.481,45.0,1.002,11.01,0.0596,2.727,0.663,0.235,0.102,16,0
161,BiLevel,13.0,1.6,3.989,13,0.3636,-1720.697,488.146,4970,262,0.62,27.85,-57.36,59.24,-0.3462,0.2475,-14.504785537719727,0.26105910539627075,5.566016674041748,2.0593998432159424,0.24880719184875488,5.75413179397583,1.525054693222046,18.671123504638672,1.3085956573486328,56.078250885009766,0.1,0.6295649409294128,500000,-3.03,15.85,-62.58,40.98,-1.5405,0.5,-8.266751289367676,0.1124957799911499,4.058141708374023,0.5933908224105835,0.13339699804782867,8.697809219360352,0.527974545955658,8.014284133911133,0.05,34584,0.6240792624345068,27.846468996811005,262,1.119707044959068,-0.8349804395907803,0.39228094694842314,0.6623429606501262,0.23580064717574448,0.1018563921741293,3.218,965.394,11.89,15.879,19971,360.0,0.0,0.0,360.0,52.456,0.1457,0.0,0.0,22.424,377.0,1.0231,12.03,0.06,2.652,0.662,0.236,0.102,10,3
162,BiLevel,13.0,1.6,5.579,14,0.3824,-1726.202,485.306,4970,262,-9.87,28.57,-59.52,59.16,-0.3473,0.2466,-14.810182571411133,0.2649615406990051,5.00377082824707,1.507930040359497,0.24664132297039032,5.61292839050293,1.3331645727157593,18.799362182617188,0.5348069667816162,66.14643859863281,0.1,0.6277413964271545,500000,-2.76,18.18,-66.26,45.44,-1.8042,0.5,-8.273008346557617,0.11527327448129654,3.8459887504577637,0.39475950598716736,0.12407714128494263,8.71313762664795,13.857319831848145,6.513428688049316,0.05,34846,-9.871443510698661,28.565925956526026,262,-2.268259553532851,-4.700411881977005,0.43496956851774693,0.6625124091560072,0.23586859610495764,0.10161899473903514,-4.773,-1431.974,11.727,17.306,21563,360.0,0.0,0.0,359.958,13.708,0.0381,0.0,0.0,4.882,45.0,0.9948,12.77,0.059,2.563,0.662,0.236,0.102,11,3
163,BiLevel,12.8,1.5,4.583,14,0.5454,-1796.268,547.159,4971,262,-6.35,28.94,-58.99,59.72,-0.3613,0.2712,-14.548620223999023,0.2792854607105255,5.351066589355469,1.8610117435455322,0.2734037935733795,5.570379734039307,1.3735334873199463,18.45413589477539,1.1213668584823608,60.877464294433594,0.1,0.625927209854126,500000,-1.2,17.69,-52.1,63.75,-1.0771,0.5,-8.206560134887695,0.11083438992500305,4.029041767120361,0.5910767316818237,0.12461269646883011,8.622663497924805,1.9333974123001099,13.07048511505127,0.05,35108,-6.352564132763206,28.941126676149036,262,-4.514973216386219,-7.991077180912621,0.42180779479567243,0.6624352104977459,0.2360447194394791,0.10152007006277511,-4.962,-1488.747,11.788,16.371,18489,360.0,0.0,0.0,360.008,13.887,0.0386,0.0,0.0,5.191,63.0,0.7865,13.36,0.0564,2.474,0.663,0.236,0.102,14,0
164,BiLevel,12.7,1.7,7.808,14,0.506,-1762.751,502.492,4970,262,-10.85,28.63,-59.07,59.57,-0.3547,0.2517,-14.881790161132812,0.21198827028274536,6.720342636108398,3.2414238452911377,0.25401216745376587,5.704277038574219,1.732911467552185,18.875795364379883,2.1270456314086914,59.32138442993164,0.1,0.6241205930709839,500000,-1.12,17.19,-56.46,55.04,-2.2852,0.5,-8.318714141845703,0.12150148302316666,4.7693915367126465,1.3426212072372437,0.15167395770549774,8.76591682434082,15.305354118347168,4.357632160186768,0.05,35370,-10.854722613305363,28.630734876595145,262,-6.302223897450848,-11.149362356882346,0.4410597129152271,0.66297183766618,0.23580570482126256,0.10122245751255753,-8.731,-2619.229,11.675,19.483,20575,360.0,0.0,0.0,359.946,14.036,0.039,0.0,0.0,5.313,55.0,0.72,14.3,0.0523,2.386,0.662,0.236,0.102,11,3
165,BiLevel,13.3,1.8,6.918,15,0.5445,-1729.691,514.544,4970,262,-2.06,29.37,-58.32,59.83,-0.348,0.2674,-15.056164741516113,0.2514406144618988,6.472148895263672,3.0002832412719727,0.28415417671203613,5.1898698806762695,2.1802496910095215,18.768434524536133,1.0762016773223877,71.65519714355469,0.1,0.6223147511482239,500000,-2.59,17.73,-78.73,41.23,-2.0718,0.5,-8.457188606262207,0.1202862337231636,4.0347089767456055,0.6194874048233032,0.13550572097301483,8.89204216003418,9.874588012695312,5.819683074951172,0.05,35632,-2.0580859871397554,29.367856983100314,262,-0.9050307655020763,-4.825150437672671,0.4166405854432129,0.6629617509292207,0.2360980674224272,0.10094018164835217,1.975,631.917,12.067,18.984,20761,360.0,0.0,0.0,359.973,12.303,0.0342,0.0,0.0,4.523,41.0,0.7462,14.56,0.0598,2.289,0.663,0.236,0.101,12,3
166,BiLevel,12.8,1.7,8.221,13,0.4898,-1768.254,512.676,4970,262,-10.87,29.47,-59.51,59.33,-0.3558,0.2573,-15.240007400512695,0.24456925690174103,7.579643249511719,4.117863178253174,0.2678755521774292,5.559589385986328,2.569934606552124,19.18799591064453,1.1407419443130493,60.87440490722656,0.1,0.6205177903175354,500000,-5.62,16.81,-47.66,48.63,-2.421,0.5,-8.694028854370117,0.12103360891342163,3.994049310684204,0.5874059796333313,0.1507066935300827,9.144363403320312,9.19027042388916,5.668808937072754,0.05,35894,-10.873043569383142,29.47058954313912,262,-6.901439337353958,-7.311587674425621,0.45403115487474294,0.6639375888827902,0.23539060136171652,0.10067180975549338,-8.724,-2617.12,11.697,19.918,21461,360.0,0.0,0.0,359.992,29.938,0.0832,0.0,0.0,9.824,178.0,0.6445,14.74,0.0607,2.208,0.663,0.236,0.101,10,3
167,BiLevel,12.9,1.6,3.934,14,0.4921,-1679.978,467.625,4969,262,-3.15,29.32,-59.2,59.32,-0.3381,0.2448,-15.076257705688477,0.2669328451156616,6.675167083740234,3.2237725257873535,0.24192866683006287,5.683744430541992,1.710530161857605,19.061532974243164,2.1152758598327637,57.322166442871094,0.1,0.61872798204422,500000,-1.45,15.31,-39.25,41.69,-0.9321,0.5,-8.593955039978027,0.10702547430992126,3.802015781402588,0.40937644243240356,0.13234251737594604,9.01060962677002,7.338122367858887,4.296257495880127,0.05,36156,-3.1478802872644382,29.32061099815752,262,-7.25389802236306,-5.044775223653567,0.41940519613687627,0.6637555897481192,0.2356572784079779,0.10058713184390285,-1.085,-325.408,11.901,15.834,21058,360.0,0.0,0.0,360.077,12.142,0.0337,0.0,0.0,4.576,41.0,0.7959,15.6,0.0559,2.041,0.664,0.235,0.101,14,0
168,BiLevel,13.5,1.3,4.416,14,0.5242,-1627.288,449.009,4970,262,-0.79,27.93,-58.93,59.36,-0.3274,0.2436,-14.464574813842773,0.3059702217578888,6.89609956741333,3.456542491912842,0.2175673544406891,5.440989971160889,2.530782699584961,18.449661254882812,0.6215893626213074,139.47354125976562,0.1,0.6169436573982239,500000,-3.75,16.43,-58.47,39.71,-1.6116,0.5,-8.712931632995605,0.11494482308626175,3.7860803604125977,0.40621161460876465,0.1279408484697342,9.140264511108398,10.32907772064209,2.416689157485962,0.05,36418,-0.7872759872923795,27.934388465653207,262,-2.5586129863011204,0.3958261513396313,0.39074901402890067,0.6636516500259028,0.23585604396960824,0.1004923060044889,2.913,932.145,11.898,16.314,19248,360.0,0.0,0.0,360.227,10.988,0.0305,0.0,0.0,3.844,40.0,0.9838,16.11,0.0615,1.846,0.666,0.231,0.102,11,3
169,BiLevel,13.2,1.3,3.915,14,0.539,-1652.906,462.927,4970,262,-0.99,28.76,-59.69,59.39,-0.3326,0.2416,-14.905813217163086,0.17829115688800812,4.275607109069824,0.8416516184806824,0.24675129354000092,5.527609348297119,1.2915910482406616,18.6124267578125,0.5152956247329712,50.99992752075195,0.1,0.615154504776001,500000,-1.23,17.13,-54.11,48.79,-0.9526,0.5,-8.733654022216797,0.11804204434156418,3.8002474308013916,0.4316023886203766,0.1327650547027588,9.165687561035156,0.9198653101921082,2.562638998031616,0.05,36680,-0.9886786555998792,28.755139205732522,262,-1.711766771893752,0.7802425401775459,0.4062579688751076,0.6634515173857884,0.2361157901814248,0.10043269243278667,0.177,53.214,11.934,15.85,19642,360.0,0.0,0.0,359.908,12.86,0.0357,0.0,0.0,5.206,48.0,1.0056,16.21,0.0714,1.699,0.668,0.228,0.104,15,0
170,BiLevel,13.9,1.5,7.768,11,0.5505,-2024.243,646.696,4969,262,-12.04,31.32,-59.38,59.54,-0.4074,0.2914,-15.28615665435791,0.33373820781707764,6.024792671203613,2.5967400074005127,0.29105982184410095,5.713603973388672,1.4471912384033203,19.456117630004883,1.3551030158996582,72.3233871459961,0.1,0.6133711338043213,500000,-2.67,16.07,-57.52,48.71,-2.4975,0.5,-8.808904647827148,0.12137414515018463,3.9258804321289062,0.5691586136817932,0.1394353061914444,9.245939254760742,0.2948111295700073,4.028130531311035,0.05,36942,-12.035349323150557,31.318413186385857,262,-7.436116391106656,-5.786184365184684,0.48841810457241525,0.6646693941048946,0.23505221701444587,0.10027838888065954,-7.603,-1976.835,11.694,19.461,21751,360.0,0.0,0.0,383.231,88.425,0.2307,0.0,0.0,1352.508,3204.0,1.2602,16.84,0.0667,1.428,0.669,0.228,0.104,8,3
171,BiLevel,13.2,1.8,4.852,14,0.457,-1709.207,488.144,4971,262,-4.98,29.0,-58.44,59.67,-0.3438,0.2476,-15.352699279785156,0.29187461733818054,7.486132621765137,4.072638988494873,0.23320446908473969,5.967043876647949,2.6316986083984375,19.413984298706055,1.8320386409759521,56.6428337097168,0.1,0.6115984916687012,500000,-1.32,17.48,-44.8,43.88,-1.6685,0.5,-8.889527320861816,0.11848893761634827,3.9447731971740723,0.5963420867919922,0.14300869405269623,9.315479278564453,3.0908801555633545,6.88432502746582,0.05,37204,-4.9756100960225735,29.00010498039422,262,-7.0219957759505816,-9.536487542563362,0.41883879677129665,0.6646660530211335,0.23520475697818213,0.10012919000068456,-3.183,-955.002,11.894,16.746,20796,360.0,0.0,0.0,359.812,17.896,0.0497,0.0,0.0,6.416,125.0,1.1437,16.24,0.1007,1.373,0.672,0.222,0.105,11,3
172,BiLevel,13.5,1.4,5.415,15,0.5509,-1761.622,502.068,4971,262,-2.78,29.41,-59.22,59.6,-0.3544,0.251,-15.254061698913574,0.2308979630470276,5.731606483459473,2.324988842010498,0.25933969020843506,5.64378023147583,1.8535560369491577,19.255678176879883,1.460779070854187,59.686363220214844,0.1,0.6098313331604004,500000,-1.12,18.19,-51.2,48.89,-1.2944,0.5,-8.970585823059082,0.11316065490245819,3.7064826488494873,0.37020343542099,0.13944825530052185,9.383732795715332,2.298431873321533,3.02167010307312,0.05,37466,-2.776239208339014,29.411914065397323,262,-4.586120891629866,-6.12713318804377,0.4168357652616961,0.6643726617891875,0.23568498607505928,0.09994235213575302,-0.709,-212.788,11.939,17.353,21158,360.0,0.0,0.0,360.085,14.203,0.0394,0.0,0.0,5.969,48.0,0.853,17.17,0.0727,1.007,0.664,0.236,0.1,14,1
173,BiLevel,13.5,1.5,4.782,15,0.4411,-1731.977,486.724,4971,262,0.13,28.9,-59.52,59.7,-0.3484,0.2544,-15.019173622131348,0.24596759676933289,4.543038368225098,1.1431663036346436,0.26794201135635376,5.815526008605957,1.081130862236023,19.068204879760742,2.2174670696258545,81.72573852539062,0.1,0.6080676913261414,500000,-2.23,16.86,-48.8,51.88,-1.154,0.5,-9.023990631103516,0.11774024367332458,3.9362494945526123,0.6100460290908813,0.1535266935825348,9.463683128356934,4.13542366027832,23.013811111450195,0.05,37728,0.12560347137136002,28.897193284902233,262,1.2507256852953057,-1.009005418184556,0.4069894249932869,0.6640066648508821,0.23625561254529479,0.09973772260382305,2.473,741.816,12.144,16.926,20775,360.0,0.0,0.0,360.031,13.33,0.037,0.0,0.0,4.84,51.0,0.719,14.82,0.1725,1.269,0.674,0.22,0.106,14,1
174,BiLevel,14.6,1.5,5.881,11,0.4314,-1825.528,578.46,4971,262,-0.82,30.22,-59.62,59.73,-0.3672,0.2847,-15.368246078491211,0.2264309972524643,5.200880527496338,1.814104676246643,0.22404451668262482,6.246197700500488,1.7413365840911865,19.551433563232422,1.4715975522994995,51.737457275390625,0.1,0.6063066124916077,500000,-2.07,18.58,-60.26,48.54,-2.2368,0.5,-8.985937118530273,0.11724600195884705,3.9628100395202637,0.6493061184883118,0.14822900295257568,9.409950256347656,8.67215633392334,4.549147605895996,0.05,37990,-0.8214918235116407,30.22304509904371,262,0.7790860875656733,-2.4470832829412656,0.43002343834255385,0.6649126988908169,0.23545584383962523,0.09963145726955779,1.106,287.457,12.215,18.097,20529,360.0,0.0,0.0,397.735,86.469,0.2174,0.0,0.0,2116.141,4979.0,0.6279,15.27,0.1046,0.989,0.592,0.319,0.089,8,3
175,BiLevel,12.8,1.4,3.503,14,0.4511,-1654.833,461.812,4970,262,-7.48,29.37,-59.15,58.92,-0.333,0.2436,-15.367331504821777,0.24929209053516388,5.341632843017578,1.9596548080444336,0.26078951358795166,6.523628234863281,1.9936766624450684,19.911640167236328,1.6385753154754639,67.02967071533203,0.1,0.604554295539856,500000,-4.84,18.42,-73.91,43.84,-0.8278,0.5,-9.019458770751953,0.12437200546264648,4.884905815124512,1.5829455852508545,0.16165348887443542,9.460064888000488,10.13660717010498,6.95580530166626,0.05,38252,-7.479801378527682,29.36715864756808,262,-3.2173605156572243,-2.7903679203045995,0.4321847599715795,0.6646686102951205,0.23577599264659094,0.09955539705828864,-2.718,-815.423,11.539,15.041,18908,360.0,0.0,0.0,360.0,12.516,0.0348,0.0,0.0,4.069,43.0,0.7604,10.23,0.2877,1.415,0.66,0.241,0.099,16,0
176,BiLevel,12.7,1.8,5.424,14,0.4572,-1805.946,530.187,4969,262,-8.82,28.92,-58.94,59.61,-0.3634,0.2618,-15.489313125610352,0.32460352778434753,9.571382522583008,6.197220802307129,0.2701442539691925,6.218225955963135,3.459745168685913,19.881391525268555,0.6008478403091431,75.6694107055664,0.1,0.6028071641921997,500000,-0.81,17.72,-51.33,42.9,-0.8751,0.5,-9.229354858398438,0.12421590089797974,4.095592975616455,0.8028842806816101,0.14402805268764496,9.663805961608887,7.918761253356934,6.735233306884766,0.05,38514,-8.823635144492442,28.915447957062767,262,-6.882619564784202,-8.376035780342002,0.43108315170612244,0.6647675446614583,0.23585159281105159,0.09938086252749014,-6.31,-1892.862,11.736,17.159,20301,360.0,0.0,0.0,360.015,14.464,0.0402,0.0,0.0,5.698,42.0,0.6324,4.92,0.1687,1.976,0.478,0.451,0.072,15,0
177,BiLevel,13.5,1.6,3.753,15,0.5057,-1609.161,435.765,4969,262,-0.72,30.09,-59.77,59.55,-0.3238,0.2396,-15.366103172302246,0.2831536531448364,5.211248397827148,1.846437692642212,0.25274938344955444,6.317206382751465,1.7696669101715088,19.680620193481445,0.8025066256523132,83.7044906616211,0.1,0.6010743975639343,500000,-3.01,18.17,-53.68,54.94,-0.8739,0.5,-9.169659614562988,0.1250559687614441,3.9099719524383545,0.6254075765609741,0.1397339552640915,9.60401725769043,15.550875663757324,10.91906452178955,0.05,38776,-0.7221852860393437,30.0861581018971,262,0.00811668455012544,-6.877792903937791,0.4260496495539069,0.664197135705266,0.2365366740530982,0.09926619024163585,-1.077,-344.666,12.134,15.886,20058,360.0,0.0,0.0,360.285,13.591,0.0377,0.0,0.0,4.996,54.0,0.8542,4.92,0.0841,2.143,0.596,0.315,0.089,14,1
178,BiLevel,13.1,1.7,4.156,12,0.5615,-1958.215,691.019,4970,262,-4.5,31.06,-59.57,59.73,-0.394,0.3117,-15.524527549743652,0.33711928129196167,8.705775260925293,5.347196578979492,0.2581467926502228,5.739754676818848,2.81400990486145,19.568838119506836,2.2903940677642822,53.14990234375,0.1,0.5993412733078003,500000,0.08,18.21,-46.6,53.54,-1.705,0.5,-9.3821382522583,0.12078320980072021,3.84566068649292,0.5718095898628235,0.14029145240783691,9.81103515625,11.835721969604492,4.515783786773682,0.05,39038,-4.496318442150725,31.059841455049522,262,-4.5197744538517375,-4.646584666245862,0.44921578509740406,0.6647400526425054,0.23594428899303702,0.09931565836445752,-1.873,-561.912,12.027,16.184,20246,360.0,0.0,0.0,365.092,93.061,0.2549,0.0,0.0,242.576,952.0,1.0659,7.74,0.0541,2.226,0.664,0.237,0.099,9,3
179,BiLevel,13.3,1.4,4.028,14,0.4772,-1713.673,483.235,4971,262,-5.01,31.08,-59.14,59.56,-0.3447,0.252,-15.647122383117676,0.2809564769268036,7.43063497543335,4.080431938171387,0.24756792187690735,6.330781936645508,3.5862326622009277,19.998071670532227,1.2887428998947144,87.75695037841797,0.1,0.597621738910675,500000,-3.24,17.89,-54.94,54.1,-1.5246,0.5,-9.364341735839844,0.11079904437065125,4.2516188621521,0.9892809987068176,0.1443662941455841,9.772972106933594,1.6050753593444824,8.130579948425293,0.05,39300,-5.010767710937913,31.07991791615188,262,1.869482965532102,-8.742321559747584,0.44909455604291165,0.6645832981826318,0.23619037885889352,0.09922632295847456,-1.807,-541.988,11.941,15.969,20159,360.0,0.0,0.0,359.942,12.985,0.0361,0.0,0.0,4.802,54.0,0.898,9.96,0.051,2.265,0.665,0.236,0.099,11,3
180,BiLevel,13.7,1.8,3.928,15,0.4737,-1740.196,497.46,4970,262,-3.7,30.41,-58.96,59.59,-0.3501,0.2515,-15.581053733825684,0.290579617023468,4.839937686920166,1.493221402168274,0.3013129234313965,6.427070617675781,1.66436767578125,19.945186614990234,1.2337520122528076,71.71176147460938,0.1,0.5959025025367737,500000,-3.59,17.64,-55.25,40.96,-1.1422,0.5,-9.352163314819336,0.12177842110395432,3.7797508239746094,0.5278176665306091,0.1305822730064392,9.776050567626953,0.3249439597129822,5.999533176422119,0.05,39562,-3.70039017647205,30.408083545178762,262,-1.1987083914248562,-4.896328247534601,0.43808955406548566,0.6640607483800371,0.23685045996916737,0.09908879165079548,0.994,338.083,12.156,16.085,19669,360.0,0.0,0.0,360.0,13.782,0.0383,0.0,0.0,4.523,40.0,0.7041,11.39,0.0513,2.24,0.665,0.236,0.099,13,2
181,BiLevel,13.3,1.5,7.531,12,0.4263,-1957.734,672.908,4970,262,-4.39,31.65,-59.53,59.88,-0.3939,0.3125,-15.524378776550293,0.24244976043701172,7.109467029571533,3.776630401611328,0.2423059493303299,6.788346290588379,3.0328474044799805,20.021886825561523,1.7417855262756348,52.96121597290039,0.1,0.5942004323005676,500000,-3.23,18.75,-83.75,53.42,-2.3376,0.5,-9.454885482788086,0.12021820992231369,3.786925792694092,0.5407696962356567,0.16056013107299805,9.883199691772461,4.607769012451172,5.854702472686768,0.05,39824,-4.392468216673095,31.654711583074747,262,-1.7749944693163826,-1.7898121652242385,0.4582208722573998,0.665241578364157,0.2358599605248284,0.09889846111101455,-0.313,-87.72,11.985,19.516,21625,360.0,0.0,0.0,365.477,79.558,0.2177,0.0,0.0,360.996,838.0,0.9413,13.02,0.0537,2.102,0.664,0.237,0.099,9,3
182,BiLevel,14.6,1.8,23.429,11,0.5238,-1908.816,617.809,4970,262,-5.54,32.33,-59.36,59.83,-0.3841,0.3103,-15.655546188354492,0.26136159896850586,9.529318809509277,6.200972557067871,0.2832968831062317,6.026615619659424,3.707918167114258,19.762527465820312,0.951456606388092,82.22354888916016,0.1,0.5924906134605408,500000,-3.36,17.95,-57.26,46.44,-5.6272,0.5,-9.366183280944824,0.11286523938179016,4.507460117340088,1.2752361297607422,0.142173632979393,9.777435302734375,7.836069107055664,7.680449962615967,0.05,40086,-5.540675076405317,32.332312413271566,262,-0.2745744620498861,-5.021164364642219,0.4719982796895605,0.6691408950492201,0.23292060152087457,0.09793850342990525,-1.524,-396.295,12.019,35.448,23114,360.0,0.0,0.0,395.754,78.558,0.1985,0.0,0.0,2040.817,4681.0,0.9486,12.96,0.0689,2.001,0.665,0.236,0.099,8,3
183,BiLevel,12.8,1.7,8.605,15,0.5371,-1623.944,446.687,4971,262,-3.24,30.22,-58.79,59.53,-0.3267,0.2346,-15.930986404418945,0.3101594150066376,6.582479476928711,3.259782314300537,0.3004001975059509,6.734129905700684,2.4155774116516113,20.546545028686523,1.8729616403579712,75.30937957763672,0.1,0.5907926559448242,500000,-2.96,16.78,-50.71,54.83,-1.9351,0.5,-9.571233749389648,0.12421496957540512,3.782865047454834,0.5587992668151855,0.14006534218788147,10.00906753540039,3.8652074337005615,5.572389125823975,0.05,40348,-3.2380468678512497,30.219625110741646,262,-0.47781844829258124,-5.183620483389026,0.4316690632026548,0.6693925214653257,0.23301062522126678,0.09759685331340749,-0.389,-116.765,11.964,20.569,21685,360.0,0.0,0.0,360.104,12.624,0.0351,0.0,0.0,4.641,54.0,1.0593,12.54,0.0748,1.923,0.669,0.233,0.098,14,1
184,BiLevel,13.2,1.6,4.71,14,0.4674,-1691.908,493.245,4970,262,-8.24,29.62,-58.99,59.66,-0.3404,0.2539,-15.815546035766602,0.24623632431030273,6.913318634033203,3.597581148147583,0.26045921444892883,6.65863561630249,3.153212070465088,20.43281364440918,1.251309871673584,60.562103271484375,0.1,0.5891060829162598,500000,-3.2,16.21,-52.04,36.81,-1.0828,0.5,-9.748043060302734,0.11304359883069992,4.052810192108154,0.8368244171142578,0.1333691030740738,10.157953262329102,3.4140195846557617,6.415747165679932,0.05,40610,-8.236797505978053,29.621467057793318,262,-5.025516701372046,-4.78987907649655,0.4420547627851534,0.6693430571248147,0.23318226717601886,0.09747467569916635,-3.314,-994.134,11.738,16.448,19377,360.0,0.0,0.0,359.988,10.16,0.0282,0.0,0.0,4.118,36.0,0.9486,12.41,0.0662,1.771,0.669,0.233,0.098,14,0
185,BiLevel,12.8,1.7,8.296,15,0.4839,-1701.359,495.572,4970,262,-3.75,31.38,-59.68,59.45,-0.3423,0.2553,-15.77192497253418,0.2585180103778839,5.165763854980469,1.8544563055038452,0.292583703994751,6.63538932800293,2.118976354598999,20.072612762451172,2.25780987739563,66.77605438232422,0.1,0.5874171853065491,500000,-2.14,18.5,-67.18,45.84,-1.8573,0.5,-9.631234169006348,0.11782004684209824,4.0208353996276855,0.8158434629440308,0.13213133811950684,10.056473731994629,0.27577245235443115,7.839353084564209,0.05,40872,-3.748157298414625,31.375968015509788,262,-3.7287910433191995,-4.24826096170827,0.4541904403784078,0.6695573918428841,0.23331428287631187,0.0971283252808042,-0.242,-72.541,12.049,20.345,20822,360.0,0.0,0.0,360.004,13.836,0.0384,0.0,0.0,5.218,45.0,0.8345,12.42,0.0606,1.576,0.669,0.233,0.097,14,1
186,BiLevel,13.2,1.6,7.762,15,0.5438,-1655.226,461.369,4970,262,-10.72,31.86,-59.55,59.74,-0.333,0.2421,-15.835251808166504,0.2721426486968994,6.358135223388672,3.063788652420044,0.23353704810142517,6.253606796264648,2.224670886993408,19.8980770111084,1.6129498481750488,90.80012512207031,0.1,0.5857271552085876,500000,-0.75,18.66,-56.34,68.48,-1.7176,0.5,-9.535423278808594,0.11087485402822495,5.269636154174805,2.0755889415740967,0.12901663780212402,9.938437461853027,7.96994161605835,7.578907012939453,0.05,41134,-10.720235707436574,31.8636413718988,262,-4.989955990565451,-8.342397855771216,0.489675461084319,0.6696573604984712,0.2335027086574724,0.09683993084405641,-6.431,-2057.903,11.796,19.558,21078,360.0,0.0,0.0,359.992,15.437,0.0429,0.0,0.0,6.023,68.0,0.8519,13.39,0.0514,1.475,0.67,0.233,0.097,15,0
187,BiLevel,13.5,1.5,7.715,15,0.4366,-1703.589,470.936,4970,262,0.22,31.74,-59.33,59.7,-0.3428,0.2537,-15.794313430786133,0.2666250467300415,4.287067413330078,1.0023661851882935,0.2533210813999176,6.155948638916016,1.6768203973770142,19.997211456298828,1.5792407989501953,50.74664306640625,0.1,0.584048867225647,500000,-1.27,16.96,-56.89,69.11,-2.2021,0.5,-9.590784072875977,0.11474042385816574,3.7571136951446533,0.5699194669723511,0.13599738478660583,9.997403144836426,3.6369214057922363,4.5974507331848145,0.05,41396,0.21717188087042788,31.735286443594504,262,-0.8086028164154602,-2.506462154262944,0.45654644910303327,0.6697856267565282,0.23370832461134064,0.09650604863213122,2.843,909.906,12.328,20.043,21811,360.0,0.0,0.0,360.004,13.501,0.0375,0.0,0.0,5.321,69.0,0.7247,14.31,0.0502,1.459,0.67,0.234,0.097,12,3
188,BiLevel,13.2,1.6,5.451,14,0.359,-1668.272,473.919,4971,262,-1.09,31.19,-59.62,59.97,-0.3356,0.2463,-15.828054428100586,0.3222653567790985,6.405888557434082,3.129912853240967,0.2633534371852875,6.227703094482422,2.1587026119232178,19.890945434570312,1.3566107749938965,102.80510711669922,0.1,0.5823672413825989,500000,-2.35,16.88,-46.76,43.12,-1.7729,0.5,-9.736717224121094,0.11641152203083038,3.5524065494537354,0.37450575828552246,0.19542764127254486,10.144613265991211,5.604821681976318,8.854033470153809,0.05,41658,-1.09445293928946,31.189436702978234,262,0.2758587370577611,0.8683794191009122,0.44606292258131514,0.6698997670517478,0.2337989270269026,0.09630130592134954,2.551,765.446,12.023,17.474,20451,360.0,0.0,0.0,360.023,16.083,0.0447,0.0,0.0,5.523,118.0,0.7194,15.25,0.0502,1.443,0.67,0.234,0.097,11,3
189,BiLevel,13.0,1.8,5.079,15,0.3345,-1563.482,429.283,4971,262,3.18,31.25,-58.94,59.61,-0.3145,0.2386,-16.362972259521484,0.24226874113082886,5.5029754638671875,2.236682415008545,0.24432165920734406,7.098155498504639,2.098090410232544,20.89527702331543,1.2124347686767578,48.65141296386719,0.1,0.5806897282600403,500000,-2.98,17.3,-57.53,55.84,-1.334,0.5,-9.802881240844727,0.12535113096237183,3.8560588359832764,0.6889961957931519,0.1670028269290924,10.225069999694824,0.7711812257766724,8.94803524017334,0.05,41920,3.18245421707843,31.246943424502533,262,4.4730123607735885,-0.36770522814047996,0.4484734961115327,0.669611658237574,0.2343331078973703,0.09605523386505571,4.664,1399.281,12.42,17.499,20310,360.0,0.0,0.0,360.0,12.207,0.0339,0.0,0.0,4.458,55.0,0.9391,16.29,0.0501,1.403,0.671,0.232,0.097,13,2
190,BiLevel,13.8,1.7,4.644,13,0.4724,-1700.386,475.001,4970,262,0.74,29.66,-58.5,59.35,-0.3421,0.2497,-16.352455139160156,0.27293264865875244,4.9296064376831055,1.6677372455596924,0.2764458954334259,6.558688640594482,1.536633849143982,20.64750099182129,1.281713843345642,121.87830352783203,0.1,0.5790267586708069,500000,-3.73,17.7,-67.1,46.61,-1.69,0.5,-9.763198852539062,0.12445549666881561,3.7156898975372314,0.5584678649902344,0.1321515440940857,10.191508293151855,1.6868855953216553,3.157363176345825,0.05,42182,0.7410147507515712,29.65750233513138,262,0.4526980152941846,-1.4866268512449765,0.4199316811189134,0.6698948471917936,0.23410936130098575,0.0959957915072207,1.721,516.283,12.252,16.897,19817,360.0,0.0,0.0,360.031,38.59,0.1072,0.0,0.0,27.763,288.0,0.7319,17.12,0.0513,1.33,0.675,0.225,0.1,10,3
191,BiLevel,15.0,1.6,8.487,11,0.6795,-1778.898,556.959,4971,262,4.64,31.94,-58.37,59.78,-0.3579,0.2934,-16.086658477783203,0.3698408603668213,6.929455757141113,3.6684978008270264,0.3427739143371582,6.48524808883667,2.32485294342041,20.598299026489258,1.1398359537124634,84.57131958007812,0.1,0.5773736834526062,500000,-2.89,17.44,-64.96,50.8,-2.6761,0.5,-9.983576774597168,0.12021872401237488,3.883368730545044,0.7324076890945435,0.1320316195487976,10.401286125183105,3.432682991027832,5.2906928062438965,0.05,42444,4.635353637011649,31.938199105110893,262,2.0653505384922033,0.5478383236025504,0.4621495250686507,0.6711018067709927,0.2330055346812547,0.09589265854775254,4.129,1073.543,12.492,20.979,22073,360.0,0.0,0.0,412.123,77.023,0.1869,0.0,0.0,3106.485,6796.0,0.6672,16.86,0.0799,1.084,0.679,0.219,0.102,8,3
192,BiLevel,13.2,1.4,4.042,15,0.6288,-1578.934,426.214,4969,262,7.53,29.17,-57.38,59.75,-0.3178,0.2382,-16.471036911010742,0.25486719608306885,6.371467590332031,3.115858554840088,0.3518196642398834,6.734847545623779,2.8835062980651855,20.61200714111328,1.1476107835769653,88.71150970458984,0.1,0.5757249593734741,500000,-2.33,17.25,-61.6,48.15,-1.061,0.5,-9.983525276184082,0.12611150741577148,3.7745091915130615,0.6331254839897156,0.1403908133506775,10.41841983795166,0.24374999105930328,10.231764793395996,0.05,42706,7.533035877533145,29.167319998419487,262,7.694487821310759,2.0616410851478584,0.4252202295783149,0.6705333545776648,0.233628852089427,0.09583779333290834,9.519,3046.121,12.61,16.652,19734,360.0,0.0,0.0,360.096,12.857,0.0357,0.0,0.0,4.908,48.0,0.8484,16.31,0.1238,0.777,0.679,0.22,0.101,14,1
193,BiLevel,14.5,1.8,11.58,11,0.5681,-1692.992,498.178,4969,262,1.21,31.99,-58.61,59.63,-0.3407,0.2705,-16.33860206604004,0.318403422832489,5.753758430480957,2.506882905960083,0.32852259278297424,6.755126476287842,2.3517420291900635,20.78744125366211,0.8172354698181152,69.20091247558594,0.1,0.5740820169448853,500000,-0.4,16.74,-58.25,47.76,-3.2847,0.5,-9.989461898803711,0.12473990023136139,3.7917561531066895,0.6598762273788452,0.1422378420829773,10.417937278747559,0.9530638456344604,4.631783485412598,0.05,42968,1.214119740317803,31.992991033387668,262,9.172515651583671,0.6075308812684133,0.45868431386269665,0.6722890892371848,0.23217788065556028,0.09553303010725504,4.634,1204.81,12.354,23.934,22096,360.0,0.0,0.0,407.385,70.137,0.1722,0.0,0.0,2863.179,6176.0,0.6872,10.58,0.3162,1.382,0.647,0.261,0.092,8,3
194,BiLevel,13.3,1.5,5.979,12,0.4455,-1876.207,613.212,4971,262,-7.02,31.91,-59.54,59.35,-0.3774,0.2963,-16.267194747924805,0.36168044805526733,9.187559127807617,5.953071594238281,0.27920666337013245,6.830784797668457,4.159800052642822,20.915285110473633,2.32602596282959,96.43114471435547,0.1,0.5724392533302307,500000,-3.46,16.8,-53.2,43.73,-2.321,0.5,-10.04123306274414,0.11622589826583862,3.59384822845459,0.47046756744384766,0.1418943852186203,10.448371887207031,0.41770854592323303,3.4408833980560303,0.05,43230,-7.022125899797338,31.909035664117646,262,-0.3516371250152587,-7.024756807520203,0.47473517910153873,0.6731392935446143,0.23141386761047733,0.09544683884490823,-2.926,-819.22,11.859,17.838,20219,360.0,0.0,0.0,363.292,68.882,0.1896,0.0,0.0,145.443,590.0,0.9067,13.45,0.1683,1.146,0.471,0.463,0.067,9,3
195,BiLevel,13.9,1.8,11.879,11,0.4791,-1966.605,616.332,4971,262,-13.74,32.17,-59.69,58.4,-0.3956,0.2887,-16.70473289489746,0.2878367304801941,7.079245090484619,3.854945421218872,0.24608482420444489,7.0209431648254395,3.1905345916748047,21.127099990844727,0.8015855550765991,77.29106140136719,0.1,0.5708080530166626,500000,-0.26,17.31,-63.12,59.01,-3.323,0.5,-10.153075218200684,0.12368160486221313,3.7957468032836914,0.6808225512504578,0.1397290974855423,10.584003448486328,3.3412766456604004,5.0644049644470215,0.05,43492,-13.742527438728976,32.16830717420524,262,-9.717100377145567,-15.668517275546725,0.5141616430556049,0.6749541899342799,0.22995604907213613,0.09508976099358393,-14.844,-3859.485,11.792,23.671,22600,360.0,0.0,0.0,384.565,86.342,0.2245,0.0,0.0,1444.538,3272.0,1.17,5.22,0.5556,1.643,0.604,0.31,0.086,8,3
196,BiLevel,13.2,1.8,5.169,15,0.6238,-1613.82,443.451,4970,262,5.85,30.71,-58.28,59.58,-0.3247,0.2488,-16.53093910217285,0.30425509810447693,6.256969928741455,3.0396482944488525,0.24392956495285034,6.797469139099121,2.382192611694336,20.97894859313965,1.602686882019043,79.26800537109375,0.1,0.5691810846328735,500000,-2.03,15.59,-46.04,52.58,-1.8944,0.5,-10.147011756896973,0.11966688185930252,5.213868141174316,2.1074271202087402,0.12588493525981903,10.563545227050781,1.2248620986938477,17.8748779296875,0.05,43754,5.848923132514255,30.712643205118763,262,-1.1866612321452095,-1.9440120148031332,0.44685102924553194,0.6745634222323005,0.23045511262208535,0.09498146514561413,5.061,1518.319,12.612,17.781,21030,360.0,0.0,0.0,359.958,12.516,0.0348,0.0,0.0,4.454,52.0,1.1239,9.25,0.1239,2.708,0.472,0.461,0.067,12,3
197,BiLevel,13.4,1.8,3.816,15,0.412,-1644.422,467.146,4971,262,2.68,30.07,-59.01,59.34,-0.3308,0.2539,-16.62605857849121,0.3735259473323822,6.434460639953613,3.2193450927734375,0.2877059876918793,7.052063941955566,3.0138778686523438,21.43041229248047,0.9363225698471069,91.83119201660156,0.1,0.5675610899925232,500000,-1.06,17.2,-56.04,50.71,-1.0959,0.5,-10.167679786682129,0.11808744072914124,3.761692523956299,0.6636554002761841,0.1306067854166031,10.588268280029297,0.3313487470149994,11.430500030517578,0.05,44016,2.6781717382612733,30.068693036997256,262,7.016534986974376,5.154373358425341,0.42955767942063267,0.6740238285311534,0.231134512916651,0.09484165855219562,7.111,2133.403,12.232,16.048,18996,360.0,0.0,0.0,359.931,14.306,0.0397,0.0,0.0,5.553,50.0,0.9993,11.67,0.057,2.616,0.65,0.258,0.092,13,2
198,BiLevel,13.3,1.7,4.456,15,0.5482,-1595.341,435.785,4971,262,0.61,31.5,-59.51,59.81,-0.3209,0.2356,-16.414220809936523,0.27066922187805176,6.0584001541137695,2.852048635482788,0.2735480070114136,6.986359596252441,2.8902244567871094,20.78036117553711,1.3866239786148071,76.30670166015625,0.1,0.5659365653991699,500000,-4.51,18.86,-62.39,40.47,-1.2704,0.5,-10.33719539642334,0.1170147955417633,4.9218854904174805,1.8316009044647217,0.14493891596794128,10.748899459838867,3.897603750228882,7.506915092468262,0.05,44278,0.6134572633381186,31.499120726206694,262,5.320997675037698,2.2178009048888554,0.45155115544680746,0.6735472823530005,0.2317181034946295,0.09473461415236997,4.069,1220.642,12.319,16.775,21396,360.0,0.0,0.0,360.019,11.384,0.0316,0.0,0.0,4.408,40.0,1.0028,12.37,0.0615,2.514,0.674,0.231,0.095,13,2
199,BiLevel,13.6,1.6,7.226,13,0.4996,-1661.168,466.61,4969,262,0.48,31.25,-58.38,59.65,-0.3343,0.2484,-16.657739639282227,0.29812443256378174,6.019705772399902,2.826586961746216,0.22665710747241974,6.989218711853027,2.435648202896118,21.230546951293945,0.8716879487037659,75.86737823486328,0.1,0.5643186569213867,500000,-1.36,16.73,-66.08,56.62,-2.2277,0.5,-10.425989151000977,0.12796057760715485,3.4349076747894287,0.3548350930213928,0.14389409124851227,10.868232727050781,1.1325860023498535,2.8365209102630615,0.05,44540,0.47718450790400485,31.253091730890887,262,1.8878481921396755,-4.20342817463373,0.4473943345696109,0.6742296438056783,0.23120117474053417,0.09456918145378763,0.797,239.229,12.361,19.587,22152,360.0,0.0,0.0,361.146,43.786,0.1212,0.0,0.0,25.069,314.0,0.8282,12.21,0.0641,2.497,0.674,0.232,0.095,10,3
200,BiLevel,13.8,1.5,5.037,15,0.5226,-1651.611,457.666,4970,262,-1.26,31.0,-59.42,59.66,-0.3323,0.2503,-16.778560638427734,0.2637098431587219,6.846790313720703,3.658247470855713,0.25547969341278076,7.0835957527160645,3.1573708057403564,21.270320892333984,0.5653955936431885,57.17363357543945,0.1,0.5626963376998901,500000,-4.24,18.16,-58.98,47.21,-1.2166,0.5,-10.292033195495605,0.12119053304195404,3.7444398403167725,0.6716727018356323,0.13228102028369904,10.714974403381348,0.92842698097229,4.252750396728516,0.05,44802,-1.264228960943654,31.000534999471114,262,1.4433384925127029,0.7180653857557394,0.44337385417068026,0.6738589584110906,0.23171673823642924,0.09442430335248024,2.678,803.264,12.166,17.203,19645,360.0,0.0,0.0,360.077,13.137,0.0365,0.0,0.0,4.374,47.0,0.7228,13.18,0.0525,2.418,0.674,0.231,0.095,14,1
201,BiLevel,13.0,1.7,3.808,15,0.503,-1548.828,420.352,4971,262,4.88,30.07,-59.46,59.61,-0.3116,0.2344,-16.507230758666992,0.261100172996521,4.896470069885254,1.7145893573760986,0.2582007348537445,7.536737442016602,1.8318732976913452,21.213533401489258,1.868525505065918,56.969482421875,0.1,0.5610848069190979,500000,-4.22,18.1,-60.59,55.11,-0.9123,0.5,-10.368400573730469,0.11942470073699951,4.696843147277832,1.6335159540176392,0.136773481965065,10.783788681030273,0.6264664530754089,10.586881637573242,0.05,45064,4.881068134481423,30.066558388744877,262,4.709819037780951,0.20001024760698022,0.43322131036000366,0.6732953239625645,0.23237478340179432,0.09432989263564118,5.594,1789.963,12.353,16.161,18927,360.0,0.0,0.0,360.081,13.276,0.0369,0.0,0.0,4.24,55.0,0.8795,14.19,0.0524,2.3,0.674,0.232,0.094,15,0
202,BiLevel,13.7,1.7,5.495,15,0.5795,-1533.186,406.575,4971,262,6.57,30.37,-58.48,59.39,-0.3084,0.2361,-16.472003936767578,0.30644679069519043,5.691409587860107,2.514761209487915,0.2735756039619446,6.963067531585693,1.914795994758606,21.09908103942871,1.70853853225708,81.21072387695312,0.1,0.5594779849052429,500000,-3.06,17.33,-55.57,48.42,-1.3237,0.5,-10.548364639282227,0.12321659922599792,3.4624454975128174,0.4037894308567047,0.13851583003997803,10.97298526763916,3.9458413124084473,4.193152904510498,0.05,45326,6.5690062650873005,30.365741434020954,262,9.645875227529752,1.0626417749806454,0.44283323284487275,0.6729867462031125,0.23282218714722122,0.09419106664966617,9.388,3004.073,12.587,18.082,21043,360.0,0.0,0.0,359.873,11.841,0.0329,0.0,0.0,4.58,48.0,0.9797,15.2,0.0523,2.175,0.673,0.232,0.094,14,1
203,BiLevel,14.3,1.4,6.203,12,0.4922,-1801.192,612.716,4969,262,5.82,31.25,-57.61,59.87,-0.3625,0.3088,-17.18280792236328,0.2577805817127228,11.416865348815918,8.23639965057373,0.39050060510635376,7.618524551391602,5.1046319007873535,22.011741638183594,1.3052855730056763,105.53752899169922,0.1,0.5578852891921997,500000,-2.72,18.06,-77.37,48.03,-2.0881,0.5,-10.719451904296875,0.11463147401809692,3.4914181232452393,0.438825786113739,0.1559777855873108,11.12337589263916,4.985631942749023,15.320791244506836,0.05,45588,5.822110687921746,31.251579928750388,262,9.878070984074942,4.956468445690055,0.45196394590178546,0.6738375095049204,0.23204083922017074,0.09412165127490893,7.788,2180.69,12.654,18.857,21470,360.0,0.0,0.0,380.762,70.145,0.1842,0.0,0.0,1110.905,2737.0,0.989,15.75,0.0583,2.015,0.674,0.231,0.095,9,3
204,BiLevel,13.5,1.8,7.697,14,0.5248,-1685.972,474.734,4970,262,-4.72,31.95,-59.1,59.35,-0.3392,0.2515,-16.888408660888672,0.28353366255760193,7.332313537597656,4.172178745269775,0.2543381154537201,7.128300666809082,2.801644802093506,21.4800968170166,1.3598500490188599,62.33204650878906,0.1,0.556299090385437,500000,-0.89,17.05,-53.67,37.64,-1.7148,0.5,-10.706963539123535,0.1267303079366684,3.5740551948547363,0.5317248702049255,0.14533135294914246,11.142583847045898,4.325258731842041,2.8865931034088135,0.05,45850,-4.724480558976801,31.94858280392558,262,-0.09548808312729787,-5.664088967285659,0.46586748170166425,0.6742417826718661,0.23185502883592907,0.09390318849220493,-3.0,-900.083,12.149,19.846,20974,360.0,0.0,0.0,359.973,12.847,0.0357,0.0,0.0,5.538,37.0,0.7399,15.8,0.0664,1.921,0.677,0.227,0.096,14,0
205,BiLevel,13.6,1.7,3.647,15,0.4892,-1638.408,446.517,4971,262,1.03,31.83,-59.17,59.69,-0.3296,0.2404,-16.723079681396484,0.26110947132110596,5.531710147857666,2.3684756755828857,0.3494400382041931,7.142075061798096,2.074225664138794,21.159250259399414,1.7274584770202637,124.77900695800781,0.1,0.5547184348106384,500000,-3.0,17.88,-55.17,48.41,-1.3915,0.5,-10.750028610229492,0.12766508758068085,6.5345139503479,3.500840425491333,0.14870378375053406,11.181658744812012,10.836036682128906,11.096640586853027,0.05,46112,1.0331000210464396,31.825774770845133,262,5.699588598859938,-1.6493846905074627,0.4573976843104496,0.6736603084040995,0.23252681071478767,0.09381288088111278,4.943,1581.82,12.263,15.909,19190,360.0,0.0,0.0,359.923,12.212,0.0339,0.0,0.0,4.744,48.0,0.6401,15.99,0.0659,1.796,0.678,0.226,0.096,12,3
206,BiLevel,14.7,1.5,17.898,11,0.4772,-1834.601,566.411,4971,262,2.99,31.65,-59.17,59.12,-0.3691,0.2926,-17.33462905883789,0.27728593349456787,6.662435054779053,3.510063886642456,0.3083392083644867,7.688168525695801,3.3648273944854736,21.97406005859375,2.3663206100463867,77.83131408691406,0.1,0.553141176700592,500000,-4.0,17.01,-57.01,52.0,-4.5391,0.5,-10.638985633850098,0.11820830404758453,5.904604911804199,2.8798742294311523,0.17344430088996887,11.050366401672363,2.074348211288452,7.803774356842041,0.05,46374,2.988706694920762,31.651193630069283,262,7.01222365075036,-4.896834906386702,0.4552368151737395,0.6763927454016971,0.2304115532008634,0.09319570139743938,0.988,256.939,12.474,30.371,23604,360.0,0.0,0.0,410.365,74.207,0.1808,0.0,0.0,3066.153,6612.0,0.8311,15.88,0.0809,1.712,0.678,0.226,0.097,8,3
207,BiLevel,13.7,1.5,5.43,15,0.6022,-1541.254,409.4,4971,262,9.71,30.08,-58.66,59.71,-0.31,0.2388,-17.071414947509766,0.32893770933151245,13.357104301452637,10.209165573120117,0.32400262355804443,7.574951171875,6.376678466796875,21.867639541625977,2.6609442234039307,97.05885314941406,0.1,0.5515630841255188,500000,-2.75,16.79,-58.0,43.53,-1.2806,0.5,-10.644551277160645,0.1234729066491127,3.42799711227417,0.4105609357357025,0.14875097572803497,11.061997413635254,2.511357545852661,7.010879039764404,0.05,46636,9.713441621566506,30.081849066135074,262,11.177556313495886,4.549496377141852,0.45149928080119217,0.676054899430312,0.23086856563804334,0.09307653493164461,9.997,3199.163,12.689,18.12,20850,360.0,0.0,0.0,359.746,11.672,0.0324,0.0,0.0,4.416,43.0,0.9561,16.33,0.0739,1.48,0.68,0.224,0.096,15,0
208,BiLevel,13.4,1.5,6.935,15,0.5456,-1571.969,414.221,4971,262,8.63,28.94,-57.55,59.88,-0.3162,0.2305,-16.749658584594727,0.2589808404445648,5.770874977111816,2.6378564834594727,0.2383609116077423,7.906805038452148,2.5683529376983643,21.508464813232422,1.0368337631225586,47.22736740112305,0.1,0.5499864220619202,500000,-2.61,17.27,-75.46,43.9,-1.5763,0.5,-10.769620895385742,0.1289907544851303,3.8593955039978027,0.8487785458564758,0.1763419210910797,11.198175430297852,1.621903419494629,27.68985939025879,0.05,46898,8.6259182176261,28.940201660039307,262,14.429561683535576,5.950615006528402,0.42652992015855706,0.6759802865455209,0.23115627489175147,0.09286343856272761,10.575,3384.064,12.867,19.802,21769,360.0,0.0,0.0,359.988,12.908,0.0359,0.0,0.0,4.817,43.0,0.9352,17.29,0.06,1.171,0.682,0.222,0.097,16,0
209,BiLevel,13.5,1.4,9.303,15,0.4722,-1547.965,417.082,4971,262,2.85,30.64,-58.84,59.31,-0.3114,0.2285,-17.071168899536133,0.27738070487976074,7.731023788452148,4.603817939758301,0.25034189224243164,7.326021194458008,3.567667007446289,21.809720993041992,1.1832289695739746,67.07235717773438,0.1,0.5484214425086975,500000,-2.38,18.95,-67.98,60.55,-2.2526,0.5,-10.745352745056152,0.1269407719373703,4.787801742553711,1.7870762348175049,0.14495745301246643,11.177239418029785,12.261320114135742,5.603089809417725,0.05,47160,2.8467023950905728,30.636071275992844,262,8.031209819724687,3.894875654578209,0.43903612819569365,0.6763099422910787,0.23117940704040216,0.09251065066851914,6.89,2342.511,12.471,21.774,21760,360.0,0.0,0.0,360.188,13.849,0.0384,0.0,0.0,5.466,60.0,0.9527,16.51,0.1134,1.012,0.686,0.215,0.099,13,2
210,BiLevel,13.8,1.7,4.398,15,0.5632,-1617.206,438.817,4970,262,3.25,30.24,-59.52,59.25,-0.3254,0.2365,-17.13506317138672,0.34772825241088867,11.075021743774414,7.957663536071777,0.22093671560287476,7.439000129699707,3.722830295562744,21.918113708496094,0.6370028257369995,127.9097900390625,0.1,0.5468634366989136,500000,-1.53,16.34,-64.09,54.46,-1.0274,0.5,-10.946446418762207,0.1237758919596672,4.687936305999756,1.6917154788970947,0.14029133319854736,11.362037658691406,4.614992618560791,13.14301586151123,0.05,47422,3.248140319426295,30.23992292706898,262,3.6213931491500455,-1.6718569764965459,0.43219528487935915,0.6758225206213578,0.2317524778539273,0.09242500152471493,4.08,1224.106,12.318,16.716,19630,360.0,0.0,0.0,359.969,12.688,0.0352,0.0,0.0,4.836,54.0,0.7699,14.78,0.1775,1.165,0.663,0.247,0.091,16,0
211,BiLevel,13.8,1.5,6.831,12,0.4692,-1868.635,632.778,4970,262,2.0,32.49,-59.72,59.79,-0.376,0.316,-17.306777954101562,0.2804161608219147,5.953608989715576,2.8346335887908936,0.2934356927871704,8.251395225524902,3.0548484325408936,22.335067749023438,1.6164270639419556,67.73145294189453,0.1,0.5453046560287476,500000,-0.79,17.03,-46.42,52.15,-2.3021,0.5,-10.991715431213379,0.13383427262306213,3.6799020767211914,0.6904484033584595,0.16064453125,11.42711067199707,3.775090456008911,12.722529411315918,0.05,47684,2.0018343290535197,32.48714806953197,262,1.8564831285100234,-2.1228377226151913,0.46748899448260556,0.6767579275789792,0.23091841293875565,0.09232365948226512,2.44,634.321,12.586,19.417,21948,360.0,0.0,0.0,377.742,83.77,0.2218,0.0,0.0,1081.401,2406.0,1.0346,16.05,0.1423,0.652,0.597,0.321,0.082,9,3
212,BiLevel,15.3,1.8,22.939,11,0.5912,-1743.239,522.402,4971,262,5.33,32.16,-59.27,59.37,-0.3507,0.2765,-16.947036743164062,0.285737007856369,4.25872802734375,1.1509660482406616,0.24208131432533264,7.625133514404297,1.5650092363357544,21.635662078857422,1.068637490272522,63.617069244384766,0.1,0.543756365776062,500000,-3.01,17.63,-49.72,52.67,-5.4592,0.5,-11.1878023147583,0.12502191960811615,3.8228213787078857,0.8428630828857422,0.15373650193214417,11.605664253234863,1.442460060119629,4.766380786895752,0.05,47946,5.332025194001424,32.15767272430979,262,7.215378800191377,0.8814571361792712,0.4672200095432787,0.6801836116110425,0.22826492265065415,0.09155146573830342,10.773,2800.858,12.697,35.637,22908,360.0,0.0,0.0,415.073,84.354,0.2032,0.0,0.0,3446.141,7239.0,0.8868,7.65,0.5228,1.192,0.634,0.28,0.086,8,3
213,BiLevel,13.6,1.6,5.969,15,0.4895,-1618.994,448.873,4971,262,-1.05,30.54,-58.84,58.83,-0.3257,0.241,-17.508602142333984,0.2993090748786926,7.901266574859619,4.799375057220459,0.24482585489749908,7.864721298217773,3.861637830734253,22.35466766357422,1.1965607404708862,88.233642578125,0.1,0.5422021746635437,500000,-1.88,16.65,-51.86,52.6,-1.9812,0.5,-11.273147583007812,0.12749174237251282,3.578739881515503,0.6020475625991821,0.20128056406974792,11.684303283691406,2.345686197280884,15.078203201293945,0.05,48208,-1.0500257866919112,30.535014974103003,262,6.874522228617417,-1.281470840071377,0.4372630072903971,0.6799549667736134,0.22867880358657752,0.09136622963980924,2.307,692.104,12.248,18.217,20511,360.0,0.0,0.0,359.858,13.743,0.0382,0.0,0.0,5.137,52.0,0.7775,6.11,0.2084,2.242,0.476,0.46,0.064,12,3
214,BiLevel,13.4,1.4,3.753,15,0.538,-1665.369,461.815,4971,262,2.56,31.38,-59.03,59.4,-0.335,0.2576,-17.907848358154297,0.3880024254322052,7.993801593780518,4.890598297119141,0.3171328902244568,7.5523247718811035,3.767703056335449,22.699596405029297,2.7752301692962646,204.3250732421875,0.1,0.5406548976898193,500000,-2.52,16.37,-58.98,50.74,-0.7645,0.5,-11.210391998291016,0.1282055675983429,3.4290683269500732,0.45976296067237854,0.15924517810344696,11.624563217163086,2.945451021194458,4.979794502258301,0.05,48470,2.5550267534958864,31.376233455001547,262,7.96301022422941,-1.8704050490730686,0.45203802817072364,0.6793630322881922,0.22933373924664247,0.09130322846516528,4.887,1465.979,12.331,16.084,20409,360.0,0.0,0.0,360.012,12.08,0.0336,0.0,0.0,4.401,50.0,0.5714,8.5,0.0576,2.507,0.569,0.354,0.077,15,0
215,BiLevel,14.3,1.7,9.322,12,0.5836,-1915.71,651.869,4971,262,1.64,33.08,-59.01,59.55,-0.3854,0.3165,-17.269161224365234,0.27112510800361633,8.902615547180176,5.808417320251465,0.284878134727478,7.647334098815918,4.171754360198975,21.855770111083984,0.5417249202728271,105.82546997070312,0.1,0.5391216278076172,500000,-0.79,17.94,-55.66,58.38,-2.7477,0.5,-11.318013191223145,0.13131873309612274,3.4900472164154053,0.5281561613082886,0.14283981919288635,11.732784271240234,4.220516204833984,4.887502193450928,0.05,48732,1.6413744425457673,33.08201996483309,262,8.312839299989374,1.8644535558788398,0.4787688456952829,0.6806318080127223,0.22822195638082338,0.0911462356064543,6.245,1748.474,12.558,21.88,20359,360.0,0.0,0.0,375.646,76.728,0.2043,0.0,0.0,859.328,2125.0,0.9447,10.74,0.0734,2.656,0.679,0.229,0.091,9,3
216,BiLevel,13.0,1.5,3.884,15,0.4112,-1596.148,433.495,4970,262,2.99,31.87,-59.72,59.57,-0.3212,0.2358,-17.44725227355957,0.2519795298576355,5.529616832733154,2.4410696029663086,0.283191055059433,8.051368713378906,2.245001792907715,22.268102645874023,0.7821168899536133,67.52828216552734,0.1,0.5375971794128418,500000,0.02,16.04,-52.24,44.62,-1.419,0.5,-11.186308860778809,0.12722142040729523,5.702171325683594,2.748610019683838,0.1396426260471344,11.587945938110352,1.9591047763824463,12.889476776123047,0.05,48994,2.9919485776735772,31.86921910760993,262,3.9949702235428908,-0.6098303948578081,0.45945387489716555,0.6801024700888754,0.22887547687054624,0.0910220530405785,4.222,1350.903,12.298,16.182,19378,360.0,0.0,0.0,360.065,12.895,0.0358,0.0,0.0,5.702,44.0,0.8974,12.78,0.0556,2.471,0.681,0.228,0.091,12,3
217,BiLevel,13.8,1.7,5.058,14,0.348,-1575.43,425.214,4970,262,5.31,31.21,-58.45,59.7,-0.317,0.2385,-17.989543914794922,0.21282505989074707,4.969657897949219,1.8918606042861938,0.2440013438463211,8.68770694732666,1.8922854661941528,22.969154357910156,0.8299777507781982,97.65149688720703,0.1,0.5360667705535889,500000,-3.76,17.65,-54.54,44.62,-1.6887,0.5,-11.41055965423584,0.12169548124074936,3.436789035797119,0.4891482889652252,0.13453514873981476,11.802556991577148,1.0175352096557617,2.851980209350586,0.05,49256,5.311575164041769,31.20715390548918,262,9.962775618779032,2.763364440986985,0.45351910792953026,0.68011272113888,0.22902438329808433,0.09086289556303558,8.127,2600.541,12.353,17.411,19871,360.0,0.0,0.0,360.054,13.018,0.0362,0.0,0.0,4.966,51.0,0.8918,14.14,0.0541,2.261,0.68,0.229,0.091,11,3
218,BiLevel,13.2,1.7,8.146,14,0.4718,-1720.913,495.303,4970,262,-5.63,33.21,-59.67,59.29,-0.3463,0.2561,-17.61393928527832,0.27781111001968384,8.704855918884277,5.630575180053711,0.2690933048725128,8.440658569335938,3.169311046600342,22.71504783630371,1.2390066385269165,70.79886627197266,0.1,0.5345407724380493,500000,-2.93,17.46,-58.49,51.94,-1.7907,0.5,-11.27786636352539,0.12651702761650085,5.027904510498047,2.0863678455352783,0.12887687981128693,11.687907218933105,6.119046688079834,8.977656364440918,0.05,49518,-5.62832251498382,33.21375999313683,262,3.2416648074200274,-7.39867559836099,0.4923361207105597,0.6805623972968212,0.22881442573849228,0.09062317696468646,-1.758,-527.288,12.068,20.214,21425,360.0,0.0,0.0,359.985,13.652,0.0379,0.0,0.0,4.874,51.0,0.7319,14.03,0.0653,2.172,0.68,0.229,0.091,15,0
219,BiLevel,14.9,1.5,6.683,12,0.4816,-1681.228,540.812,4971,262,11.17,30.74,-58.66,59.56,-0.3382,0.297,-17.702919006347656,0.28405606746673584,10.015901565551758,6.9428815841674805,0.30260613560676575,8.189014434814453,5.47652530670166,22.656417846679688,0.8626211285591125,95.09334564208984,0.1,0.533022403717041,500000,-2.78,18.0,-62.51,45.19,-2.1818,0.5,-11.607781410217285,0.12916675209999084,3.6349735260009766,0.6931868195533752,0.1437416970729828,12.012674331665039,1.8301982879638672,7.049263954162598,0.05,49780,11.166703452901164,30.7422929539496,262,11.727263373175735,5.34276209254014,0.46866059298917234,0.6814409827224988,0.22801735798998427,0.0905416592875171,12.571,3771.153,12.948,19.631,21699,360.0,0.0,0.0,388.962,70.689,0.1817,0.0,0.0,1708.813,3868.0,0.6039,13.89,0.0639,2.085,0.681,0.229,0.091,9,3
220,BiLevel,14.9,1.6,13.893,11,0.58,-1803.084,555.821,4970,262,-0.25,32.3,-59.76,59.22,-0.3628,0.289,-18.098323822021484,0.2368316501379013,14.707368850708008,11.642860412597656,0.2741360664367676,8.34869384765625,8.141295433044434,23.000965118408203,1.1758641004562378,111.4388427734375,0.1,0.5315072536468506,500000,-1.37,17.83,-56.11,51.33,-3.7673,0.5,-11.384607315063477,0.1306130290031433,3.6413612365722656,0.7097389101982117,0.1733771711587906,11.786316871643066,0.6773221492767334,10.576803207397461,0.05,50000,-0.24691606013580286,32.298291688203626,262,8.251441020126405,3.9664096540526343,0.4672970064646266,0.6833908592004679,0.22642084437030283,0.09018829642922921,5.785,1504.144,12.264,26.157,22357,360.0,0.0,0.0,404.319,77.378,0.1914,0.0,0.0,2718.29,5806.0,0.7354,15.01,0.0533,1.9,0.681,0.228,0.091,8,3
221,BiLevel,13.0,1.8,6.608,15,0.5078,-1563.802,419.062,4971,262,-1.44,32.53,-59.67,59.48,-0.3146,0.2329,-17.870925903320312,0.27455785870552063,7.964133262634277,4.90641975402832,0.2678178548812866,8.417893409729004,3.264347553253174,22.777238845825195,1.760288119316101,66.86837768554688,0.1,0.5300023555755615,500000,-2.27,18.83,-51.08,49.85,-1.4923,0.5,-11.657470703125,0.12315453588962555,3.4262866973876953,0.5033773183822632,0.16324520111083984,12.04871940612793,7.900078296661377,6.260303974151611,0.05,50000,-1.438814771946372,32.53003871154672,262,-0.5980854010111408,-5.981171381473541,0.47348025387551196,0.6832430382929109,0.2267646764243087,0.08999228528278032,-2.441,-781.079,12.375,18.983,21352,360.0,0.0,0.0,360.0,14.075,0.0391,0.0,0.0,5.653,49.0,0.8446,16.07,0.0524,1.713,0.683,0.226,0.09,15,0
222,BiLevel,15.3,1.8,22.326,11,0.4414,-1726.776,510.735,4970,262,6.31,32.15,-59.81,59.79,-0.3474,0.2828,-17.798303604125977,0.3477124571800232,5.820667266845703,2.7619826793670654,0.3416859209537506,8.835275650024414,2.2996623516082764,23.009130477905273,2.6101269721984863,91.62580871582031,0.1,0.5284961462020874,500000,-2.32,17.1,-52.21,48.71,-5.4693,0.5,-11.860301971435547,0.13568580150604248,3.796924352645874,0.8779139518737793,0.16607627272605896,12.26428508758545,1.7658525705337524,13.235189437866211,0.05,50000,6.3070406582225225,32.153761932141485,262,5.718834184031737,-0.5599438490051976,0.4700695569344351,0.6864963088818089,0.22428383633209392,0.08921985478609715,9.058,2355.1,12.786,35.112,23045,360.0,0.0,0.0,419.05,74.083,0.1768,0.0,0.0,3587.435,7725.0,0.7141,16.76,0.0557,1.51,0.688,0.219,0.093,8,3
223,BiLevel,13.9,1.5,5.667,13,0.5655,-1597.701,441.786,4969,262,6.28,30.79,-59.08,59.59,-0.3215,0.2428,-18.2784423828125,0.286150187253952,5.051577568054199,2.005434513092041,0.2678179442882538,8.88779354095459,2.2516233921051025,23.477283477783203,0.7217534184455872,86.94998168945312,0.1,0.526996910572052,500000,-2.78,16.66,-62.56,45.7,-1.9121,0.5,-11.806994438171387,0.1297861784696579,5.475922584533691,2.56225323677063,0.147722065448761,12.191505432128906,2.8659496307373047,18.037124633789062,0.05,50000,6.283991436287911,30.785109180801143,262,11.94576418556665,2.5038695116576393,0.4485962402190545,0.6868363632717921,0.22398244404237203,0.08918119268583583,9.981,2994.392,12.57,18.237,20112,360.0,0.0,0.0,361.046,37.191,0.103,0.0,0.0,50.061,295.0,0.7357,15.67,0.1024,1.582,0.694,0.212,0.094,10,3
224,BiLevel,12.9,1.7,3.847,15,0.5966,-1583.527,429.374,4971,262,-0.89,31.43,-59.04,59.37,-0.3186,0.2381,-18.500341415405273,0.3015620708465576,7.604697227478027,4.5627875328063965,0.3032563626766205,8.998832702636719,3.739352226257324,23.681591033935547,2.36895489692688,87.95982360839844,0.1,0.5255057215690613,500000,-1.93,17.33,-48.8,54.02,-0.9488,0.5,-11.681266784667969,0.1343446522951126,3.81864857673645,0.9143874049186707,0.15836450457572937,12.09040355682373,2.159670114517212,3.7609987258911133,0.05,50000,-0.8892662667901109,31.427953762086467,262,3.7410923728817393,0.3061852917859431,0.4506701169588659,0.6862243767149194,0.22462692469117443,0.0891486985939062,1.453,465.021,12.172,16.019,19701,360.0,0.0,0.0,359.888,13.643,0.0379,0.0,0.0,5.317,54.0,0.7711,13.8,0.1331,2.146,0.684,0.227,0.089,15,0
225,BiLevel,13.1,1.7,4.54,15,0.5187,-1584.054,432.675,4969,262,1.27,31.06,-59.01,58.96,-0.3188,0.2432,-17.500587463378906,0.2910155653953552,8.102640151977539,5.063577651977539,0.30920612812042236,8.39494514465332,4.048832416534424,22.278125762939453,0.920703113079071,136.61085510253906,0.1,0.5240160822868347,500000,-2.69,16.94,-73.21,45.03,-1.6122,0.5,-11.767961502075195,0.13079433143138885,3.7417521476745605,0.8447097539901733,0.14726048707962036,12.149133682250977,3.5530035495758057,4.22737979888916,0.05,50000,1.2735538116689418,31.063820362345577,262,-1.0695775228111373,-1.4994977271086287,0.4467473343528326,0.6857471039001279,0.2252004717143071,0.08905242438556496,0.967,309.374,12.243,16.784,20596,360.0,0.0,0.0,360.123,11.673,0.0324,0.0,0.0,4.802,45.0,0.7721,14.96,0.0691,2.046,0.652,0.263,0.085,12,3
226,BiLevel,12.9,1.8,4.604,14,0.4833,-1593.78,432.422,4971,262,4.86,30.65,-58.95,59.73,-0.3206,0.2395,-18.21639633178711,0.30459901690483093,9.478476524353027,6.449634552001953,0.2538546621799469,9.125238418579102,4.830354690551758,23.6439266204834,1.1841747760772705,79.2378158569336,0.1,0.5225329995155334,500000,-3.04,16.65,-57.89,47.5,-1.629,0.5,-11.906326293945312,0.13584117591381073,4.0970916748046875,1.2054154872894287,0.14671577513217926,12.303278923034668,1.7688274383544922,5.865875244140625,0.05,50000,4.8614722648648625,30.65129427587704,262,8.076854338771419,-0.44256853971042104,0.44178243177816046,0.6856238977482196,0.22539478132332572,0.08898132092845457,5.625,1687.434,12.437,17.041,20418,360.0,0.0,0.0,360.023,20.158,0.056,0.0,0.0,6.672,109.0,0.73,15.77,0.0591,1.844,0.686,0.225,0.089,11,3
227,BiLevel,13.5,1.7,6.113,15,0.5088,-1616.874,432.43,4971,262,1.84,30.9,-58.75,59.16,-0.3253,0.2293,-18.061920166015625,0.4112209379673004,12.530281066894531,9.494721412658691,0.3829582929611206,8.687963485717773,6.578858852386475,23.606027603149414,1.63245689868927,109.59463500976562,0.1,0.521056592464447,500000,-5.7,17.0,-54.94,57.62,-1.4021,0.5,-11.677734375,0.1308748573064804,5.215667247772217,2.329315662384033,0.1445436179637909,12.057229042053223,2.902289628982544,9.97124195098877,0.05,50000,1.8385022504375454,30.903437601921066,262,5.943697911187222,0.8189078570980772,0.44441144922628456,0.6853919129917931,0.22579327188438822,0.08881481512381859,5.214,1668.483,12.346,18.459,20975,360.0,0.0,0.0,359.969,12.934,0.0359,0.0,0.0,4.046,57.0,0.6196,16.18,0.0607,1.656,0.689,0.22,0.091,15,0
228,BiLevel,13.3,1.4,3.746,14,0.5072,-1551.259,412.12,4970,262,9.14,29.78,-57.82,59.69,-0.3121,0.2352,-18.450275421142578,0.2577664256095886,8.328569412231445,5.306624889373779,0.29513585567474365,9.357819557189941,3.454829216003418,23.78519058227539,0.8944845199584961,89.85371398925781,0.1,0.5195870399475098,500000,-3.44,16.26,-48.18,58.2,-1.4503,0.5,-11.772200584411621,0.13596247136592865,3.4154467582702637,0.5387037992477417,0.14274659752845764,12.146565437316895,1.1003038883209229,4.115628719329834,0.05,50000,9.135886872938686,29.778080599077327,262,11.347603702231456,0.9812948322609854,0.4448917799322456,0.6851333457439452,0.22607494477078474,0.08879170948527013,10.07,3020.863,12.693,16.44,18944,360.0,0.0,0.0,360.008,16.066,0.0446,0.0,0.0,5.45,116.0,0.7301,16.77,0.0642,1.372,0.69,0.218,0.092,11,3
229,BiLevel,13.5,1.3,3.619,15,0.2657,-1534.018,401.503,4970,262,13.32,28.37,-57.41,59.78,-0.3087,0.2345,-18.360645294189453,0.3083949089050293,6.582574367523193,3.563889741897583,0.2980234622955322,8.887299537658691,3.246098041534424,23.729997634887695,0.6378107666969299,81.43924713134766,0.1,0.5181175470352173,500000,-4.95,18.09,-63.04,43.59,-0.8263,0.5,-11.752111434936523,0.12527133524417877,3.927170753479004,1.0577126741409302,0.1302535980939865,12.108574867248535,1.4917562007904053,2.3475735187530518,0.05,50000,13.316933496685051,28.371193423126847,262,13.48443575376939,8.417856880159754,0.4483093424472916,0.6846088493532622,0.22676455622262257,0.08862659442411526,12.453,3984.913,12.921,16.54,18788,360.0,0.0,0.0,360.038,12.379,0.0344,0.0,0.0,4.916,43.0,0.8282,15.36,0.1249,1.537,0.692,0.214,0.094,16,0
230,BiLevel,13.7,1.4,3.69,14,0.5122,-1645.213,460.641,4971,262,6.44,30.72,-58.82,59.66,-0.331,0.2467,-18.43509292602539,0.272163450717926,9.749160766601562,6.735388278961182,0.31293565034866333,8.742414474487305,3.5936107635498047,23.451663970947266,1.1349875926971436,94.77655792236328,0.1,0.5166526436805725,500000,-4.89,19.38,-50.32,54.46,-1.4882,0.5,-11.670637130737305,0.11563698202371597,3.5722641944885254,0.7038319706916809,0.14122147858142853,12.005952835083008,3.8796193599700928,16.07840919494629,0.05,50000,6.437743404319237,30.720198795641657,262,10.030817254515071,5.778292591007132,0.4470459663095977,0.6843438605187786,0.2270474439356048,0.08860869554561639,7.943,2382.974,12.591,16.281,19140,360.0,0.0,0.0,359.958,19.738,0.0548,0.0,0.0,7.149,102.0,0.6387,16.54,0.0669,1.227,0.659,0.256,0.085,11,3
231,BiLevel,12.7,1.6,3.971,15,0.508,-1557.574,422.851,4970,262,4.15,31.68,-59.56,59.63,-0.3134,0.2359,-18.475200653076172,0.27674973011016846,12.495901107788086,9.490604400634766,0.274635910987854,9.700526237487793,7.237780570983887,23.860149383544922,0.49067890644073486,64.74727630615234,0.1,0.5151976943016052,500000,-4.65,19.04,-57.35,48.91,-1.0106,0.5,-11.887235641479492,0.13621903955936432,3.876729965209961,1.015014886856079,0.15324051678180695,12.266910552978516,0.4673025608062744,7.220347881317139,0.05,50000,4.15108195675061,31.67745966354405,262,6.86919588862281,2.9157832891533255,0.4586362395338821,0.6837986819149003,0.2276661499615532,0.08853516812354634,7.511,2403.558,12.289,16.26,19335,360.0,0.0,0.0,360.138,13.786,0.0383,0.0,0.0,5.588,48.0,0.6826,16.11,0.1021,0.905,0.691,0.217,0.093,14,1
232,BiLevel,15.6,1.5,9.252,11,0.5678,-1737.64,531.399,4970,262,6.04,31.57,-58.72,59.78,-0.3496,0.286,-18.44072151184082,0.36065638065338135,7.660465240478516,4.65559720993042,0.3271949887275696,8.850847244262695,3.4608209133148193,23.81385612487793,2.2143352031707764,65.9965591430664,0.1,0.5137460231781006,500000,-7.64,19.1,-60.98,50.95,-2.8189,0.5,-11.861311912536621,0.13129279017448425,3.436924934387207,0.5830032229423523,0.1456649899482727,12.228507995605469,0.3361879587173462,6.831861972808838,0.05,50000,6.038843159030906,31.57088548805965,262,10.35802172257712,3.4472250176495627,0.460249287849919,0.6849999557145232,0.22660764452423088,0.08839239976124609,7.147,1858.273,12.791,22.042,22638,360.0,0.0,0.0,417.546,80.743,0.1934,0.0,0.0,3589.424,7548.0,0.8409,9.1,0.3677,1.896,0.682,0.23,0.088,8,3
233,BiLevel,13.5,1.5,4.356,15,0.5214,-1626.302,433.576,4970,262,7.5,30.71,-58.94,59.51,-0.3272,0.2397,-18.519439697265625,0.3722538352012634,8.901044845581055,5.902579307556152,0.32539838552474976,10.052093505859375,6.594855308532715,24.41103744506836,3.0435431003570557,75.80827331542969,0.1,0.5122979283332825,500000,-8.72,18.22,-66.78,56.08,-0.7234,0.5,-12.380228996276855,0.14423631131649017,4.356390953063965,1.5077241659164429,0.14048686623573303,12.767919540405273,6.156423568725586,12.616066932678223,0.05,50000,7.498213777204664,30.71300775386746,262,12.673583300333274,3.6518610224912047,0.4521868714629182,0.6845076027054341,0.22718281780190616,0.08830957949265977,11.07,3321.149,12.663,17.019,19661,360.0,0.0,0.0,359.977,11.67,0.0324,0.0,0.0,3.698,56.0,0.6796,8.91,0.1076,2.744,0.479,0.459,0.062,15,0
234,BiLevel,13.7,1.4,4.726,15,0.5201,-1594.627,419.962,4969,262,9.56,30.31,-58.6,59.79,-0.3209,0.2369,-18.47334098815918,0.3383393883705139,6.200921535491943,3.2125048637390137,0.2572195827960968,9.379436492919922,3.382627010345459,23.68227767944336,1.9204694032669067,68.47529602050781,0.1,0.5108453035354614,500000,-5.19,19.33,-66.16,53.24,-1.0956,0.5,-12.360599517822266,0.15226180851459503,3.4154880046844482,0.5695602297782898,0.1511330008506775,12.76513671875,4.017243385314941,9.11918830871582,0.05,50000,9.559658145325843,30.31322835051857,262,15.344086737852347,11.277371236211376,0.454750149796466,0.6840739037713216,0.22771476144121,0.08821133478746851,14.781,4730.009,12.881,17.607,20778,360.0,0.0,0.0,359.877,14.19,0.0394,0.0,0.0,5.179,53.0,0.6099,11.48,0.0518,2.766,0.677,0.236,0.087,16,0
235,BiLevel,13.7,1.3,20.563,11,0.4262,-1833.087,569.122,4970,262,-2.19,33.18,-59.7,59.24,-0.3688,0.293,-18.235355377197266,0.3456861674785614,6.830799102783203,3.8262901306152344,0.4746106266975403,9.23306655883789,3.28106689453125,23.709625244140625,1.8820970058441162,120.5132827758789,0.1,0.509405791759491,500000,-6.82,17.89,-57.66,48.54,-5.1013,0.5,-12.24640941619873,0.17189382016658783,4.055664539337158,1.2150428295135498,0.15079177916049957,12.69148063659668,2.2684402465820312,13.024785041809082,0.05,50000,-2.194713853817935,33.17614347273368,262,8.12237875304724,-4.227551267805852,0.4846493888278309,0.6869788293999537,0.22547710215473502,0.0875440684453113,-1.829,-475.454,12.292,32.855,23445,360.0,0.0,0.0,405.354,76.285,0.1882,0.0,0.0,2778.015,5980.0,1.0132,14.1,0.0534,2.46,0.684,0.228,0.088,8,3
236,BiLevel,13.5,1.6,3.77,14,0.4077,-1608.585,439.339,4969,262,15.15,29.11,-57.33,59.85,-0.3237,0.2548,-18.338829040527344,0.28723055124282837,6.37021017074585,3.395526170730591,0.2265714704990387,9.245767593383789,3.6308720111846924,23.613544464111328,0.933976948261261,43.23955154418945,0.1,0.507971465587616,500000,-4.85,17.17,-52.04,43.35,-1.4375,0.5,-12.193645477294922,0.15092210471630096,5.856122970581055,3.0232551097869873,0.170741468667984,12.595197677612305,0.9323794841766357,10.884807586669922,0.05,50000,15.145298671118674,29.11429817330882,262,14.172937512476192,9.43139635355849,0.47050972326859736,0.6867552657221498,0.22576345417111718,0.08748128010673303,17.513,5253.863,13.25,17.02,20296,360.0,0.0,0.0,360.146,39.989,0.111,0.0,0.0,20.794,224.0,0.833,15.16,0.0546,2.255,0.687,0.225,0.088,11,3
237,BiLevel,13.2,1.4,3.634,15,0.6159,-1621.738,445.659,4970,262,6.24,30.47,-59.57,59.63,-0.3263,0.2459,-18.620756149291992,0.2999064326286316,8.417708396911621,5.42733097076416,0.43502241373062134,9.700621604919434,5.083337306976318,24.239517211914062,0.8898029327392578,106.29753875732422,0.1,0.5065421462059021,500000,-5.15,16.12,-55.32,46.89,-0.9119,0.5,-12.451956748962402,0.1446746289730072,3.5591585636138916,0.732683539390564,0.15412187576293945,12.843341827392578,1.6368584632873535,9.720239639282227,0.05,50000,6.242819023217773,30.473802344893148,262,12.841408087470029,2.155823615820785,0.44382112447447725,0.6861226185884676,0.22640472796341735,0.08747265344811517,7.757,2327.157,12.528,16.162,18806,360.0,0.0,0.0,360.092,10.989,0.0305,0.0,0.0,3.981,46.0,0.6596,15.03,0.0669,2.208,0.687,0.225,0.088,16,0
238,BiLevel,13.2,1.3,3.569,15,0.5194,-1491.451,398.223,4970,262,11.05,30.31,-58.15,59.74,-0.3001,0.2354,-18.88714027404785,0.26274263858795166,8.795181274414062,5.824911594390869,0.27772125601768494,9.91623306274414,4.907395839691162,24.295806884765625,1.6986602544784546,61.66058349609375,0.1,0.505121648311615,500000,-4.77,18.23,-60.64,52.91,-1.3802,0.5,-12.143974304199219,0.1433418095111847,3.4901437759399414,0.6679298281669617,0.14870241284370422,12.532859802246094,5.069561958312988,7.007046222686768,0.05,50000,11.053471499978297,30.309117485927583,262,11.151695564546083,7.461625271408183,0.4643761111373483,0.6855152961750779,0.22705929967491542,0.08742540415000667,10.797,3454.922,12.742,16.312,19949,360.0,0.0,0.0,360.05,13.378,0.0372,0.0,0.0,5.031,52.0,0.9089,14.62,0.0808,2.286,0.686,0.226,0.088,12,3
239,BiLevel,13.4,1.4,5.005,13,0.5222,-1538.784,408.118,4970,262,5.62,31.25,-59.87,59.29,-0.3096,0.2361,-18.491893768310547,0.3085673153400421,11.965617179870605,8.998025894165039,0.2971239984035492,8.917922973632812,5.040011405944824,23.700342178344727,0.6986071467399597,146.00323486328125,0.1,0.5037152767181396,500000,-5.27,18.87,-48.47,61.68,-1.7793,0.5,-12.248285293579102,0.13824500143527985,3.661182403564453,0.844944953918457,0.14530916512012482,12.636301040649414,1.6441396474838257,7.241783618927002,0.05,50000,5.61856522310705,31.245239080308576,262,6.91842137810431,1.049313978478312,0.45587927936902906,0.6857636500980702,0.22683364069151207,0.08740270921041773,4.36,1307.944,12.541,17.546,19289,360.0,0.0,0.0,361.431,45.483,0.1258,0.0,0.0,38.996,295.0,0.9026,15.4,0.0619,2.125,0.686,0.227,0.087,10,3
240,BiLevel,12.8,1.3,4.658,14,0.4102,-1563.889,426.508,4970,262,11.22,30.49,-59.71,59.69,-0.3147,0.2487,-18.975608825683594,0.360363245010376,11.158254623413086,8.191818237304688,0.3301253020763397,9.67660140991211,5.521000862121582,24.51761245727539,0.8441446423530579,101.69328308105469,0.1,0.5023019909858704,500000,-5.46,17.43,-59.73,66.07,-1.6196,0.5,-12.56009578704834,0.15485523641109467,3.4793760776519775,0.667975902557373,0.14751337468624115,12.976936340332031,1.4918408393859863,7.631510257720947,0.05,50000,11.223851629172712,30.493707294523794,262,14.429645085334778,3.9933269458577825,0.46483220140379655,0.685675306337788,0.2270189412835286,0.0873057523786834,13.608,4354.587,12.847,17.505,19973,360.0,0.0,0.0,359.958,23.114,0.0642,0.0,0.0,8.412,136.0,0.8029,16.12,0.0577,1.948,0.687,0.224,0.088,11,3
241,BiLevel,12.8,1.5,3.926,14,0.4593,-1577.633,429.628,4970,262,-1.27,31.88,-59.16,59.53,-0.3174,0.2332,-18.868980407714844,0.369772732257843,7.536797046661377,4.572426795959473,0.36155205965042114,10.167686462402344,4.513157844543457,24.649921417236328,0.9407134652137756,110.78776550292969,0.1,0.5008879899978638,500000,-5.96,17.28,-53.46,49.51,-0.9375,0.5,-12.602317810058594,0.15074512362480164,3.5899784564971924,0.7850903272628784,0.15292973816394806,13.000024795532227,0.49394455552101135,7.3738322257995605,0.05,50000,-1.2676114795028683,31.875246325787497,262,7.030824318057613,0.2059324214725125,0.4611159982465275,0.6854644632433731,0.22727556108375976,0.0872599756728672,2.932,879.559,12.098,16.024,20028,360.0,0.0,0.0,360.012,12.829,0.0356,0.0,0.0,4.519,49.0,0.6787,15.97,0.0717,1.886,0.69,0.219,0.09,16,0
242,BiLevel,13.1,1.5,4.025,15,0.6044,-1502.319,401.924,4972,262,7.0,31.45,-58.77,59.55,-0.3022,0.2379,-19.380767822265625,0.3168295919895172,7.874549865722656,4.910300254821777,0.4094323217868805,9.869711875915527,3.3963465690612793,24.858469009399414,1.4853335618972778,108.14073944091797,0.1,0.49947589635849,500000,-4.67,17.82,-45.84,39.72,-1.1992,0.5,-12.414229393005371,0.15127906203269958,3.5771548748016357,0.777118980884552,0.14519459009170532,12.816049575805664,2.8641278743743896,4.62244987487793,0.05,50000,7.000552266258492,31.446159158870312,262,11.018235184644396,0.2116648852825163,0.46647188757774805,0.6849043224569856,0.22786424037840783,0.08723143716460646,9.127,2737.969,12.533,16.558,19664,360.0,0.0,0.0,359.792,12.643,0.0351,0.0,0.0,5.313,39.0,0.819,16.16,0.0763,1.775,0.689,0.221,0.09,13,2
243,BiLevel,12.8,1.4,6.479,14,0.6569,-1570.093,426.731,4970,262,5.33,30.51,-58.57,59.38,-0.3159,0.2458,-18.942520141601562,0.30779892206192017,8.392394065856934,5.4473676681518555,0.2728801667690277,9.759764671325684,4.858175277709961,24.347808837890625,1.0531034469604492,74.6795883178711,0.1,0.4980650842189789,500000,-6.88,16.36,-55.66,44.44,-2.0585,0.5,-12.473002433776855,0.13075387477874756,3.1623644828796387,0.3693479001522064,0.14052936434745789,12.833823204040527,0.34409621357917786,13.771979331970215,0.05,50000,5.3317879494066,30.508679949775004,262,9.731458112126901,5.037915237483227,0.44404764422293747,0.6850071124750724,0.2278263399737334,0.08716654755119431,7.566,2269.689,12.553,19.032,21241,360.0,0.0,0.0,360.123,15.033,0.0417,0.0,0.0,4.973,82.0,0.6705,15.71,0.0866,1.831,0.69,0.22,0.09,11,3
244,BiLevel,13.0,1.3,6.4,12,0.6322,-1779.811,567.125,4970,262,2.19,32.89,-59.4,59.88,-0.3581,0.2924,-19.443510055541992,0.24582107365131378,11.797386169433594,8.859403610229492,0.2518612742424011,11.095271110534668,7.400022029876709,25.504714965820312,1.2014386653900146,79.6336441040039,0.1,0.4966685473918915,500000,-5.1,17.27,-63.36,49.31,-2.1587,0.5,-12.464421272277832,0.15330475568771362,3.492114782333374,0.7034581899642944,0.14987903833389282,12.875436782836914,0.9712657928466797,7.03474235534668,0.05,50000,2.1936978483613827,32.885220653662145,262,4.354007516095512,-4.917288537401903,0.47666561490865184,0.6857400237863962,0.22708451686300468,0.08717545935059925,1.023,286.33,12.386,18.785,20254,360.0,0.0,0.0,374.327,71.025,0.1897,0.0,0.0,818.115,1950.0,1.0015,15.96,0.0885,1.764,0.688,0.223,0.089,9,3
245,BiLevel,14.4,1.3,15.028,11,0.5888,-1932.871,656.858,4970,262,-4.24,33.66,-59.13,59.41,-0.3889,0.3272,-19.539915084838867,0.2518801689147949,7.737553596496582,4.798432350158691,0.3171173930168152,11.236181259155273,4.99318790435791,25.455127716064453,1.611007571220398,87.96343231201172,0.1,0.4952755272388458,500000,-5.56,18.9,-57.31,69.15,-4.0122,0.5,-12.666647911071777,0.1576613187789917,5.922859191894531,3.137878656387329,0.14894923567771912,13.079843521118164,3.048398733139038,17.638051986694336,0.05,50000,-4.241868459996983,33.65946026029594,262,-2.1081373470786375,-13.514066803141645,0.49884647605848237,0.687729173407239,0.22545121056432105,0.08681961602843997,-6.596,-1714.957,12.288,27.316,22622,360.0,0.0,0.0,401.181,81.918,0.2042,0.0,0.0,2510.462,5428.0,1.3803,16.43,0.0811,1.561,0.69,0.221,0.09,8,3
246,BiLevel,13.1,1.3,7.264,13,0.4871,-1693.398,466.582,4970,262,9.86,32.38,-58.74,59.76,-0.3407,0.2566,-19.408954620361328,0.2506435215473175,9.611251831054688,6.676267147064209,0.31483975052833557,10.735787391662598,3.700641393661499,25.294824600219727,1.2284598350524902,80.33997344970703,0.1,0.4938885271549225,500000,-7.72,18.14,-59.38,49.04,-2.2266,0.5,-13.048274993896484,0.14791400730609894,3.607088088989258,0.824846625328064,0.1716720163822174,13.441840171813965,1.6149259805679321,14.227054595947266,0.05,50000,9.863289383136605,32.38491562005129,262,11.646615298915851,3.3194456367116216,0.4925828657159815,0.6883046207602413,0.22500172938767785,0.08669364985208096,13.162,3948.679,13.089,20.354,20727,360.0,0.0,0.0,361.827,69.783,0.1929,0.0,0.0,208.073,671.0,1.071,16.02,0.0988,1.571,0.694,0.216,0.091,10,3
247,BiLevel,12.5,1.2,4.559,15,0.58,-1459.074,378.154,4971,262,13.38,30.54,-57.64,59.46,-0.2935,0.2262,-18.68816375732422,0.27763891220092773,5.054012298583984,2.13053035736084,0.2530532479286194,9.747283935546875,3.7938385009765625,24.092222213745117,1.3271653652191162,54.817874908447266,0.1,0.4925042688846588,500000,-6.98,18.32,-60.19,43.14,-1.1026,0.5,-12.84372329711914,0.13192321360111237,3.364826202392578,0.5900105237960815,0.13998755812644958,13.206521987915039,0.4007413983345032,5.23726224899292,0.05,50000,13.378991528116488,30.543977664464133,262,19.410814170147244,9.241128519177437,0.4822673258241147,0.6878233107649555,0.2255409803016104,0.08663570893343404,15.605,5305.699,12.961,17.52,20091,360.0,0.0,0.0,359.996,12.567,0.0349,0.0,0.0,4.122,43.0,1.1591,16.7,0.0784,1.305,0.692,0.218,0.089,16,0
248,BiLevel,12.5,1.4,5.712,15,0.6412,-1463.888,381.069,4970,262,10.2,32.52,-58.92,59.64,-0.2945,0.2295,-19.15892219543457,0.3319319188594818,5.299004554748535,2.371021032333374,0.33722132444381714,10.078662872314453,3.1339190006256104,24.758209228515625,0.5678077936172485,131.65036010742188,0.1,0.49112239480018616,500000,-6.9,18.96,-58.48,59.49,-1.4119,0.5,-12.751527786254883,0.1295272707939148,3.425729751586914,0.6553072929382324,0.15217667818069458,13.09801197052002,3.7343838214874268,9.87855339050293,0.05,50000,10.20181044958367,32.519064127361936,262,17.454291228871597,3.711314400677618,0.49647662727739167,0.6874915116706952,0.22595058770848628,0.08655790062081856,11.05,3535.925,12.923,18.635,20748,360.0,0.0,0.0,360.0,13.846,0.0385,0.0,0.0,4.359,59.0,1.1616,17.27,0.0756,0.907,0.695,0.214,0.091,14,1
249,BiLevel,12.6,1.2,4.756,15,0.4547,-1507.138,386.945,4971,262,10.66,31.55,-56.89,59.24,-0.3032,0.2336,-19.153942108154297,0.39553260803222656,10.05454158782959,7.140908718109131,0.24828490614891052,10.01124095916748,5.143375396728516,24.88047218322754,1.0549843311309814,70.0185317993164,0.1,0.4897472858428955,500000,-3.47,17.6,-50.94,61.83,-1.5943,0.5,-12.676311492919922,0.14812950789928436,3.6495299339294434,0.8798206448554993,0.1511538028717041,13.061138153076172,4.5266032218933105,8.670064926147461,0.05,50000,10.656965242232658,31.55105299953335,262,13.470276005173986,9.881100577645398,0.4849172028727217,0.6870833941537285,0.22647628003004555,0.08644032581622586,12.992,4157.36,12.917,17.673,20213,360.0,0.0,0.0,360.0,13.688,0.038,0.0,0.0,5.107,61.0,1.044,14.49,0.2136,1.26,0.697,0.211,0.093,12,3
250,BiLevel,12.7,1.1,4.323,13,0.5714,-1541.198,414.766,4970,262,14.18,31.39,-58.75,59.68,-0.3101,0.2467,-19.133615493774414,0.26097366213798523,6.94738245010376,4.035499572753906,0.2610338628292084,10.436468124389648,3.0880985260009766,24.581069946289062,1.289652943611145,57.212860107421875,0.1,0.4883768558502197,500000,-7.39,18.63,-53.8,52.89,-1.8295,0.5,-13.093877792358398,0.15338918566703796,3.504382371902466,0.7383829355239868,0.15285369753837585,13.487875938415527,2.694694757461548,7.915075778961182,0.05,50000,14.176538037798055,31.39391701574238,262,13.59008031163953,10.074247623117348,0.5017201346169365,0.6872086062273876,0.22632268433709696,0.08646870943551543,13.736,4120.927,13.069,17.391,18981,360.0,0.0,0.0,365.177,61.832,0.1693,0.0,0.0,261.378,756.0,0.871,15.68,0.132,1.173,0.57,0.358,0.072,10,3
251,BiLevel,12.6,1.1,3.623,15,0.5614,-1463.198,387.003,4972,262,9.83,31.32,-58.77,59.58,-0.2943,0.2335,-19.57364273071289,0.42368006706237793,6.931509017944336,4.020202159881592,0.3109400272369385,10.61361026763916,4.978058815002441,25.551225662231445,3.3022658824920654,109.71385192871094,0.09968972206115723,0.48701027035713196,500000,-5.78,18.66,-55.21,50.36,-1.4425,0.5,-13.206409454345703,0.15505914390087128,4.24008846282959,1.481200933456421,0.1446947157382965,13.606082916259766,5.185378074645996,13.923905372619629,0.05,50000,9.827469543094596,31.318714231553532,262,14.101194103356253,5.325601486626424,0.47707221598414085,0.6866073143772877,0.22695134752426854,0.08644133809844373,11.475,3671.868,12.725,16.347,20031,360.0,0.0,0.0,359.904,13.912,0.0387,0.0,0.0,5.103,50.0,0.9104,16.61,0.1092,0.642,0.654,0.264,0.082,12,3
252,BiLevel,12.7,1.1,6.388,14,0.4145,-1585.845,436.59,4971,262,12.49,31.6,-59.05,59.73,-0.319,0.2523,-19.168781280517578,0.26870810985565186,5.719468593597412,2.8091635704040527,0.358249306678772,10.627439498901367,3.003303289413452,24.83051872253418,0.9886320233345032,79.79708099365234,0.09882567822933197,0.4856467843055725,500000,-5.23,19.46,-66.7,49.78,-1.987,0.5,-12.965237617492676,0.15648025274276733,3.6442630290985107,0.8895853161811829,0.14164575934410095,13.36972713470459,0.487346887588501,4.570044994354248,0.05,50000,12.494280931145084,31.600637601189284,262,13.206371223455983,5.298607021883913,0.49631153361382585,0.6867643176456355,0.22695234242728846,0.08628333992707606,12.628,3788.353,13.172,19.561,21162,360.0,0.0,0.0,360.004,22.441,0.0623,0.0,0.0,9.893,192.0,0.8243,8.0,0.487,1.445,0.677,0.238,0.085,11,3
253,BiLevel,12.7,1.0,6.479,15,0.4458,-1546.467,409.957,4971,262,10.26,31.83,-58.75,59.79,-0.3111,0.2376,-20.65163803100586,0.41528844833374023,9.439709663391113,6.535129547119141,0.3194825053215027,11.81851577758789,4.413779258728027,26.948780059814453,1.0743135213851929,177.05445861816406,0.09801173210144043,0.4842889904975891,500000,-9.52,17.69,-54.08,53.54,-1.1135,0.5,-13.187040328979492,0.16044527292251587,4.063536643981934,1.3141534328460693,0.15897715091705322,13.598882675170898,0.5742520689964294,4.435397148132324,0.05,50000,10.260595317161844,31.830626458750185,262,13.183501260786462,6.256451707549,0.48538201654380453,0.6866109520262054,0.22729250550694793,0.08609654246684662,11.738,3521.505,12.86,19.339,20435,360.0,0.0,0.0,360.0,11.961,0.0332,0.0,0.0,3.214,53.0,0.6868,9.42,0.1179,2.137,0.481,0.459,0.06,14,1
254,BiLevel,12.4,1.2,4.245,14,0.5188,-1589.554,430.829,4970,262,5.39,31.66,-58.86,59.06,-0.3198,0.2458,-19.95404624938965,0.34292250871658325,9.7387113571167,6.846274375915527,0.2601581811904907,11.207801818847656,5.874067783355713,26.186553955078125,3.188246250152588,101.94320678710938,0.09716595709323883,0.48293355107307434,500000,-7.59,18.58,-61.77,50.51,-1.5901,0.5,-13.149393081665039,0.15165024995803833,3.6877098083496094,0.944400429725647,0.1411392241716385,13.55431842803955,1.465780258178711,12.881382942199707,0.05,50000,5.394035800620614,31.663293462098647,262,12.668946774382341,4.1903787208230865,0.4652388278299006,0.6864294375445323,0.22750291285237026,0.08606764960309732,9.521,2856.372,12.671,16.915,19989,360.0,0.0,0.0,359.958,15.273,0.0424,0.0,0.0,5.233,87.0,0.6444,13.26,0.0547,2.062,0.668,0.248,0.084,11,3
255,BiLevel,13.0,1.0,21.674,16,0.4816,-1613.598,426.208,4971,262,11.88,33.14,-59.84,59.79,-0.3246,0.2426,-19.826717376708984,0.31173181533813477,7.995629787445068,5.100299835205078,0.340695858001709,10.026031494140625,3.684962749481201,25.270809173583984,1.7538312673568726,107.36917114257812,0.09641337394714355,0.4815783202648163,500000,-8.18,19.2,-57.66,52.65,-4.6332,0.5,-13.299422264099121,0.1527279168367386,5.447742462158203,2.710123300552368,0.13359434902668,13.708913803100586,4.033367156982422,3.56508731842041,0.05,50000,11.879314274233554,33.138476085343825,262,16.03034273040922,13.78155331290082,0.5139359618425241,0.6881027396527005,0.22662557245083617,0.08527168789646339,17.593,5981.728,13.277,34.951,22765,360.0,0.0,0.0,360.0,13.163,0.0366,0.0,0.0,4.176,52.0,0.537,13.12,0.0729,2.015,0.686,0.228,0.086,15,1
256,BiLevel,13.0,1.2,5.405,14,0.5176,-1622.541,451.891,4970,262,19.32,29.03,-58.36,59.9,-0.3265,0.2635,-19.49619483947754,0.38651588559150696,13.364410400390625,10.459656715393066,0.47813042998313904,10.368844985961914,4.748513698577881,25.050010681152344,3.752264976501465,115.86907196044922,0.09563231468200684,0.48023083806037903,500000,-8.52,18.35,-72.23,46.2,-1.8044,0.5,-13.464301109313965,0.16137032210826874,5.832448959350586,3.0979576110839844,0.15851664543151855,13.888261795043945,3.4163014888763428,6.751368522644043,0.05,50000,19.323134403032675,29.033814670388868,262,23.65400686954197,17.44952072077676,0.5037292046989185,0.6880816026595301,0.22671833734573724,0.0852000599947327,20.556,6166.671,13.587,18.991,20931,360.0,0.0,0.0,360.827,46.154,0.1279,0.0,0.0,57.008,363.0,0.4833,10.33,0.0942,2.414,0.688,0.227,0.085,11,3
257,BiLevel,12.9,1.0,3.864,14,0.5346,-1517.405,393.879,4970,262,10.0,30.27,-59.33,59.32,-0.3053,0.2349,-19.897098541259766,0.2879084348678589,13.36769962310791,10.485036849975586,0.2926701009273529,11.153026580810547,8.703588485717773,25.524131774902344,1.352223515510559,72.21930694580078,0.09482097625732422,0.4788820147514343,500000,-9.86,17.8,-54.15,44.54,-1.4908,0.5,-13.129199028015137,0.16604475677013397,8.047805786132812,5.318133354187012,0.1664271056652069,13.56009578704834,1.5637646913528442,16.633026123046875,0.05,50000,9.9989443965601,30.2666244146246,262,17.29008122161031,9.014573933576283,0.4611074525470555,0.6878376741627908,0.22696706878914244,0.0851952570480667,14.382,4314.728,12.745,16.609,19593,360.0,0.0,0.0,360.0,15.069,0.0419,0.0,0.0,4.859,68.0,0.5464,11.05,0.0609,2.353,0.688,0.227,0.085,11,3
258,BiLevel,14.8,1.0,25.22,11,0.4495,-1810.062,565.579,4971,262,6.38,33.42,-59.44,59.52,-0.3641,0.3034,-19.98771858215332,0.3754288852214813,8.871517181396484,5.988205909729004,0.346653550863266,11.704939842224121,4.330742835998535,26.062557220458984,1.5849666595458984,87.23772430419922,0.09405513107776642,0.4775405526161194,500000,-5.22,18.71,-51.07,36.22,-6.0851,0.5,-13.27325439453125,0.13795173168182373,8.36814022064209,5.645597457885742,0.14762529730796814,13.645675659179688,0.7568856477737427,13.397157669067383,0.05,50000,6.383881742719975,33.416762098046355,262,13.7551512620951,1.0328064278552411,0.499982125924554,0.6912258905046403,0.22435717609339295,0.0844169334019667,8.134,2114.933,12.983,38.203,23275,360.0,0.0,0.0,423.592,81.991,0.1936,0.0,0.0,4034.901,8329.0,0.9477,12.75,0.0687,2.077,0.688,0.227,0.085,8,3
259,BiLevel,12.9,1.1,5.436,16,0.4133,-1469.83,373.014,4972,262,20.07,29.01,-57.02,59.76,-0.2956,0.2422,-20.074905395507812,0.3039078712463379,9.200697898864746,6.329705715179443,0.26444000005722046,11.187315940856934,4.508758068084717,26.08814239501953,0.8202751278877258,83.84913635253906,0.09332075715065002,0.47620391845703125,500000,-7.58,17.87,-55.94,57.49,-1.2319,0.5,-13.183862686157227,0.14583440124988556,5.784610748291016,3.062397003173828,0.14897559583187103,13.578533172607422,1.5498884916305542,17.18338394165039,0.05,50000,20.067211403822405,29.010633002964045,262,20.294036043003985,9.54312037856955,0.515170443090503,0.6906061413645266,0.22516582622811065,0.0842280324073628,19.3,6176.075,13.44,18.876,20501,360.0,0.0,0.0,360.0,12.88,0.0358,0.0,0.0,3.645,57.0,0.9938,12.52,0.0853,1.964,0.691,0.224,0.084,16,0
260,BiLevel,14.2,1.1,6.112,12,0.6456,-1635.293,548.635,4971,262,17.65,30.35,-56.28,59.7,-0.329,0.3146,-19.976743698120117,0.4262053370475769,7.574428081512451,4.7033891677856445,0.31657177209854126,11.443855285644531,5.153730392456055,26.334802627563477,1.289335012435913,96.06793975830078,0.0925762802362442,0.4748704433441162,500000,-5.27,17.75,-56.44,47.96,-2.1049,0.5,-13.768754005432129,0.15154188871383667,5.6642351150512695,2.9457309246063232,0.21419668197631836,14.16362190246582,4.944611549377441,15.614395141601562,0.05,50000,17.64780969086497,30.354911473044822,262,26.274145460285638,10.938301556361349,0.5103403507713467,0.6912582573882752,0.22447922561095274,0.0842625170007722,19.651,5109.284,13.421,19.533,21908,360.0,0.0,0.0,405.173,72.626,0.1792,0.0,0.0,2754.893,5971.0,0.8088,10.16,0.0938,2.142,0.691,0.225,0.084,9,3
261,BiLevel,13.8,1.1,10.374,12,0.5047,-1735.014,562.997,4970,262,10.11,31.49,-57.11,59.56,-0.3491,0.3041,-20.62360954284668,0.26897063851356506,12.236559867858887,9.368823051452637,0.32384198904037476,11.749321937561035,7.917855262756348,26.768590927124023,2.0411009788513184,93.12802124023438,0.09179191291332245,0.47354206442832947,500000,-7.03,19.26,-60.82,55.07,-2.9524,0.5,-13.547513961791992,0.1496679186820984,3.7932891845703125,1.0834336280822754,0.1634809970855713,13.942268371582031,1.3972293138504028,5.423840045928955,0.05,50000,10.106749789403297,31.49450275629898,262,19.422676925910146,12.917668473798978,0.4780290936887056,0.6925420535868162,0.2233807389700326,0.08407720744315127,16.19,4533.336,12.871,23.245,21838,360.0,0.0,0.0,390.308,73.6,0.1886,0.0,0.0,1928.076,4046.0,0.9168,10.49,0.0616,1.979,0.691,0.224,0.084,9,3
262,BiLevel,13.1,1.2,5.113,15,0.5198,-1585.48,436.852,4970,262,3.32,31.62,-58.94,59.21,-0.319,0.2478,-20.42742919921875,0.30153897404670715,9.64655876159668,6.786250114440918,0.30489039421081543,10.833549499511719,4.457334995269775,26.020503997802734,1.3882379531860352,102.3611831665039,0.09101489931344986,0.47221481800079346,500000,-7.85,19.57,-55.22,54.66,-1.6961,0.5,-13.615802764892578,0.1801370233297348,7.772283554077148,5.063287258148193,0.19697721302509308,14.086129188537598,2.3022749423980713,10.606799125671387,0.05,50000,3.317875819231273,31.615429653638937,262,9.134345737962345,5.086906639604193,0.45997486910341845,0.6921526564770711,0.22386283511107613,0.08398450841185263,7.303,2190.756,12.52,17.634,20374,360.0,0.0,0.0,360.0,14.571,0.0405,0.0,0.0,4.737,54.0,0.7525,11.11,0.0536,1.858,0.693,0.223,0.084,12,3
263,BiLevel,14.2,1.3,15.288,12,0.6043,-1768.642,591.322,4971,262,10.01,32.29,-58.75,59.49,-0.3558,0.3152,-20.02603530883789,0.3032327890396118,12.347256660461426,9.49123477935791,0.29228171706199646,11.04543399810791,7.580373764038086,25.78985023498535,0.8141270279884338,97.77641296386719,0.09031001478433609,0.47090277075767517,500000,-6.14,17.53,-57.77,37.24,-3.9983,0.5,-13.795872688293457,0.16700467467308044,4.160332679748535,1.452419400215149,0.22647304832935333,14.228450775146484,0.25925612449645996,20.30313491821289,0.05,50000,10.01473977944035,32.28516621438424,262,14.51360447759691,4.605028722631304,0.49171922327714856,0.6940715203661503,0.22227082957125927,0.08365765006259035,13.546,3792.893,12.961,28.249,22868,360.0,0.0,0.0,392.123,68.645,0.1751,0.0,0.0,2029.794,4247.0,0.9326,12.25,0.0501,1.813,0.692,0.224,0.084,9,3
264,BiLevel,14.4,1.2,18.585,12,0.3837,-1753.107,593.159,4969,262,10.71,32.54,-59.12,59.81,-0.3528,0.3156,-19.799264907836914,0.30054497718811035,5.544196128845215,2.690218687057495,0.31741994619369507,10.440771102905273,3.6273608207702637,25.374839782714844,1.388159155845642,78.87097930908203,0.08957592397928238,0.46959230303764343,500000,-7.25,17.57,-61.52,43.72,-4.633,0.5,-13.592487335205078,0.15471890568733215,6.214951515197754,3.5125339031219482,0.1788080930709839,13.996515274047852,2.1061363220214844,17.387924194335938,0.05,50000,10.712527035430604,32.53896254991828,262,16.505177334107852,4.58260711964808,0.49708379384828527,0.69649301535784,0.2203869436216138,0.08312004102054611,10.206,2653.546,13.087,31.672,22966,360.0,0.0,0.0,393.269,80.852,0.2056,0.0,0.0,1995.084,4439.0,0.9777,13.31,0.05,1.796,0.694,0.222,0.084,9,3
265,BiLevel,13.8,1.1,5.905,12,0.5616,-1736.689,582.084,4970,262,7.67,31.83,-59.76,59.22,-0.3494,0.316,-19.795881271362305,0.2814061641693115,11.033679962158203,8.190851211547852,0.23363512754440308,10.796951293945312,6.521409034729004,25.353416442871094,1.6354373693466187,94.2490234375,0.08885008841753006,0.468286395072937,500000,-5.65,15.6,-44.4,35.98,-2.035,0.5,-14.15671157836914,0.15007326006889343,3.6092677116394043,0.910434901714325,0.17109015583992004,14.54460620880127,0.8405284881591797,18.355464935302734,0.05,50000,7.669492605545556,31.830472443991347,262,10.885350198181053,1.8191010798278604,0.47416000409930215,0.6971227336081826,0.2197463812500573,0.08313088514176013,8.169,2287.23,12.684,18.589,21086,360.0,0.0,0.0,384.323,72.016,0.1874,0.0,0.0,1457.672,3170.0,0.9389,14.29,0.0504,1.758,0.696,0.22,0.083,9,3
266,BiLevel,12.8,1.2,3.729,15,0.6594,-1543.865,431.897,4971,262,13.15,30.13,-58.97,59.82,-0.3106,0.253,-20.454326629638672,0.31147193908691406,7.524007797241211,4.675187110900879,0.33299821615219116,11.461530685424805,3.423792839050293,26.353267669677734,1.2238895893096924,142.60997009277344,0.08808763325214386,0.46698203682899475,500000,-7.09,19.5,-62.65,42.86,-1.4387,0.5,-13.61585521697998,0.15631960332393646,3.570495367050171,0.879217803478241,0.1516856551170349,14.03111743927002,1.2018758058547974,15.89045524597168,0.05,50000,13.153636220681102,30.12783957758404,262,16.074118938257822,4.592500230748402,0.47448504959680204,0.696484835253465,0.22036401025894523,0.08315115448758972,14.341,4302.203,12.809,16.538,18791,360.0,0.0,0.0,360.019,13.981,0.0388,0.0,0.0,4.981,55.0,0.9197,15.27,0.0503,1.722,0.697,0.22,0.083,12,3
267,BiLevel,12.7,1.1,5.297,15,0.5734,-1558.352,423.527,4971,262,5.91,31.01,-58.82,58.93,-0.3135,0.2427,-20.188322067260742,0.47783493995666504,8.665946006774902,5.809295177459717,0.46938276290893555,11.653709411621094,5.91603946685791,26.620338439941406,1.0370687246322632,120.69261932373047,0.08731140941381454,0.46567976474761963,500000,-7.42,18.35,-46.88,77.01,-1.2996,0.5,-13.891332626342773,0.14617782831192017,4.0447163581848145,1.356370210647583,0.1410740166902542,14.278804779052734,1.0686715841293335,8.486705780029297,0.05,50000,5.908480671133821,31.00994292050968,262,16.166161671594573,3.2819677657202666,0.45552425654806067,0.6960906566376199,0.22083162981905619,0.08307771354332376,10.495,3358.366,12.571,17.868,20282,360.0,0.0,0.0,359.923,14.013,0.0389,0.0,0.0,4.202,77.0,0.8487,16.2,0.0508,1.664,0.698,0.219,0.084,14,1
268,BiLevel,14.1,1.3,7.29,12,0.5486,-1722.818,578.621,4971,262,13.79,31.76,-59.04,59.53,-0.3466,0.3125,-20.20844078063965,0.2678658068180084,5.629269599914551,2.7917392253875732,0.31438344717025757,11.554323196411133,2.989457368850708,26.196575164794922,1.2478420734405518,97.9607162475586,0.08655687421560287,0.4643881618976593,500000,-4.78,17.12,-55.32,45.42,-2.3135,0.5,-14.141243934631348,0.15880337357521057,3.5318286418914795,0.8445776700973511,0.14954222738742828,14.562995910644531,3.80904221534729,8.248900413513184,0.05,50000,13.786430852258366,31.76138632347762,262,18.151072484097977,5.9219481838376895,0.5054718961579321,0.6969095391435218,0.22005857913583401,0.08303188172064414,14.087,3662.496,13.303,20.594,21805,360.0,0.0,0.0,398.458,77.224,0.1938,0.0,0.0,2333.485,5070.0,0.8469,16.87,0.0558,1.473,0.701,0.213,0.086,9,3
269,BiLevel,13.0,1.2,9.516,15,0.5455,-1511.619,391.303,4971,262,11.17,31.58,-58.43,59.47,-0.3041,0.2343,-20.633861541748047,0.31197863817214966,10.625351905822754,7.7909111976623535,0.30803483724594116,11.425880432128906,5.98636531829834,26.432052612304688,0.6700398325920105,82.5523910522461,0.08586137741804123,0.4631064534187317,500000,-6.78,18.73,-65.41,44.95,-2.1546,0.5,-14.29646110534668,0.1591995507478714,3.6498324871063232,0.9693630337715149,0.14420969784259796,14.707613945007324,1.602177381515503,9.6997709274292,0.05,50000,11.169371094466982,31.581960052306094,262,21.943521515162367,5.238455662601873,0.4870248998332565,0.6970934852527759,0.2201145299919363,0.08279198475528785,15.339,4908.365,13.057,22.573,20988,360.0,0.0,0.0,360.177,12.024,0.0334,0.0,0.0,4.595,44.0,0.9262,16.14,0.0953,1.43,0.704,0.208,0.088,16,0
270,BiLevel,13.7,1.2,5.304,12,0.4698,-1754.794,590.251,4970,262,10.29,32.27,-59.37,59.77,-0.3531,0.3174,-20.26622200012207,0.2785957157611847,5.594614505767822,2.765017032623291,0.30931445956230164,11.343534469604492,3.7455942630767822,26.066375732421875,3.3506925106048584,68.40255737304688,0.08513888716697693,0.46182307600975037,500000,-9.18,17.84,-56.72,47.05,-1.8752,0.5,-13.775884628295898,0.14373570680618286,4.782728672027588,2.1033034324645996,0.13778142631053925,14.161554336547852,2.1195123195648193,28.3572940826416,0.05,50000,10.29243793229177,32.26770741561594,262,20.79462267505495,8.391292319250734,0.49366513036223225,0.6976636641838803,0.21954800400701333,0.08278833180910646,15.141,3936.699,12.859,18.164,21227,360.0,0.0,0.0,390.923,70.285,0.1798,0.0,0.0,1888.225,4067.0,0.9864,17.09,0.0705,1.063,0.702,0.213,0.086,9,3
271,BiLevel,12.9,1.2,5.439,15,0.4137,-1514.879,398.702,4970,262,10.1,30.85,-59.36,59.56,-0.3048,0.2362,-20.881820678710938,0.39860638976097107,10.304494857788086,7.462466239929199,0.4743069112300873,11.98990535736084,4.177209377288818,26.971881866455078,0.8949018120765686,170.8763427734375,0.08446678519248962,0.4605397880077362,500000,-6.04,17.63,-61.68,55.63,-1.7245,0.5,-14.036306381225586,0.14732201397418976,3.769434690475464,1.0931499004364014,0.1542375236749649,14.421523094177246,4.048477649688721,12.496556282043457,0.05,50000,10.103330202098613,30.854596355601522,262,13.905814729552521,8.610855898417928,0.46801952472283465,0.6973359522071975,0.2200176144674375,0.08264643332536492,11.82,3545.993,12.876,18.316,20743,360.0,0.0,0.0,359.962,13.346,0.0371,0.0,0.0,4.176,55.0,1.0083,17.13,0.0924,0.593,0.706,0.206,0.088,12,3
272,BiLevel,13.1,1.3,4.705,15,0.4518,-1447.997,371.605,4970,262,20.79,27.94,-56.97,59.32,-0.2913,0.2452,-20.557153701782227,0.30587077140808105,10.934802055358887,8.115501403808594,0.26854583621025085,11.28255558013916,6.263040542602539,26.2580623626709,1.058908462524414,66.03719329833984,0.08378556370735168,0.4592636823654175,500000,-5.66,18.47,-68.42,41.24,-1.5793,0.5,-14.193096160888672,0.1520090401172638,3.730539321899414,1.0582226514816284,0.18232515454292297,14.585501670837402,2.154271364212036,24.62491798400879,0.05,50000,20.791375270984332,27.938109628306727,262,21.19466422419799,16.17510216596879,0.5082081963759572,0.696899756959031,0.22055247230519479,0.08254777073577428,21.902,7008.663,13.701,18.406,20431,360.0,0.0,0.0,360.108,13.064,0.0363,0.0,0.0,4.954,41.0,1.1368,10.38,0.442,1.102,0.706,0.206,0.088,12,3
273,BiLevel,12.7,1.3,5.658,15,0.4695,-1536.405,407.832,4970,262,12.19,29.59,-57.16,59.56,-0.3091,0.2381,-21.032196044921875,0.31328779458999634,13.680774688720703,10.847554206848145,0.44422879815101624,11.689520835876465,8.159036636352539,26.88080406188965,0.7512648701667786,119.18841552734375,0.08304506540298462,0.4579899311065674,500000,-6.49,18.67,-54.25,49.01,-0.9095,0.5,-13.97620677947998,0.1435607522726059,3.274137020111084,0.6059620380401611,0.17233091592788696,14.362020492553711,1.3901346921920776,10.705362319946289,0.05,50000,12.193001278868353,29.585238815039606,262,21.080442624499923,13.520599208380048,0.46026884810887136,0.6965886771380502,0.2209892318449177,0.08242209101703218,17.14,5484.765,12.935,18.594,20211,360.0,0.0,0.0,360.0,12.977,0.036,0.0,0.0,4.481,49.0,0.9751,14.7,0.1786,1.147,0.488,0.454,0.058,16,0
274,BiLevel,13.0,1.3,3.959,15,0.555,-1429.881,355.802,4970,262,17.06,29.89,-58.95,59.59,-0.2877,0.2332,-20.977506637573242,0.23062971234321594,9.39210033416748,6.579244136810303,0.2849884331226349,12.991950035095215,5.7029523849487305,27.531248092651367,0.6037246584892273,59.48000717163086,0.0823313519358635,0.4567177891731262,500000,-7.52,18.29,-58.47,46.32,-0.8509,0.5,-14.003876686096191,0.1492275446653366,4.945609092712402,2.2835495471954346,0.1507142186164856,14.39859390258789,3.6734426021575928,20.197174072265625,0.05,50000,17.063792282945553,29.888307943029165,262,19.18489780990701,11.623537440166661,0.5045822053277852,0.6960250281991905,0.2215813158262178,0.0823936559745916,16.819,5718.32,13.292,17.251,19915,360.0,0.0,0.0,359.892,12.915,0.0359,0.0,0.0,4.393,46.0,1.0908,15.32,0.1789,0.847,0.615,0.313,0.073,16,0
275,BiLevel,12.8,1.2,8.859,12,0.576,-1874.829,652.002,4970,262,1.18,31.36,-59.61,58.75,-0.3772,0.3192,-21.246387481689453,0.2666368782520294,10.290003776550293,7.482795715332031,0.2742011845111847,11.946676254272461,6.003093719482422,27.43956184387207,1.8353450298309326,58.85097122192383,0.08161851018667221,0.4554491937160492,500000,-5.48,20.45,-55.36,61.04,-2.6977,0.5,-13.874614715576172,0.12463363260030746,3.558164358139038,0.8995925188064575,0.15236683189868927,14.221161842346191,5.00584602355957,15.831382751464844,0.05,50000,1.1762758600519936,31.361139895885927,262,10.108542745678047,-2.8965711761462067,0.45523254510693967,0.6970349865873028,0.22066009212482632,0.08230492128787086,-0.522,-146.072,12.349,21.209,21894,360.0,0.0,0.0,371.75,82.81,0.2228,0.0,0.0,655.103,1610.0,1.344,11.96,0.3581,1.012,0.614,0.314,0.073,9,3
276,BiLevel,12.8,1.2,5.218,15,0.4122,-1514.146,395.028,4971,262,12.42,28.93,-57.88,59.12,-0.3046,0.2386,-21.145692825317383,0.3444940745830536,15.772751808166504,12.972607612609863,0.2552183270454407,12.223047256469727,7.2917022705078125,27.21653938293457,1.1602096557617188,124.16810607910156,0.08096219599246979,0.45418715476989746,500000,-8.8,18.9,-54.88,51.85,-0.8351,0.5,-14.121014595031738,0.14140081405639648,3.7526328563690186,1.0961583852767944,0.20407617092132568,14.496622085571289,6.387699604034424,13.000642776489258,0.05,50000,12.420734691967372,28.92987832592415,262,12.558597537855567,7.946278077050261,0.4545639257839948,0.6966838017383306,0.22114257528218467,0.0821736229794849,16.07,5142.504,12.894,18.112,20448,360.0,0.0,0.0,360.077,13.311,0.037,0.0,0.0,3.95,51.0,1.1437,11.21,0.3421,1.769,0.488,0.454,0.058,15,0
277,BiLevel,14.6,1.2,14.261,12,0.3648,-1664.525,537.942,4970,262,16.12,30.31,-58.43,59.5,-0.3349,0.308,-20.795734405517578,0.3960789442062378,8.263856887817383,5.453370094299316,0.3957361578941345,11.4733247756958,4.584953784942627,26.76295280456543,2.2372798919677734,123.00970458984375,0.08031632006168365,0.4529258608818054,500000,-6.59,19.3,-74.96,48.86,-3.5138,0.5,-14.254722595214844,0.18559469282627106,3.718247652053833,1.065086841583252,0.2100462019443512,14.719024658203125,0.8254813551902771,17.803577423095703,0.05,50000,16.122015009290152,30.305478088604346,262,20.930843936906832,11.48225226657171,0.49898413248150464,0.6984683811898059,0.21972488901276602,0.08180672979742808,17.556,4915.668,13.37,27.631,22647,360.0,0.0,0.0,402.519,65.485,0.1627,0.0,0.0,2637.42,5573.0,0.9327,16.2,0.0705,1.639,0.488,0.455,0.058,9,3
278,BiLevel,13.0,1.2,4.609,15,0.5914,-1472.009,370.124,4972,262,18.18,28.08,-58.24,59.44,-0.2961,0.2367,-21.248096466064453,0.2941170334815979,13.755375862121582,10.95863151550293,0.29256072640419006,12.84251594543457,6.926066875457764,27.853981018066406,1.6942243576049805,84.5143814086914,0.07964415103197098,0.45166996121406555,500000,-8.82,17.03,-55.24,42.84,-1.5997,0.5,-14.419171333312988,0.16633009910583496,3.8250136375427246,1.1735098361968994,0.17921572923660278,14.837603569030762,1.6475582122802734,14.695874214172363,0.05,50000,18.178014918725356,28.080318074424298,262,22.96412581017143,13.827309057430218,0.4847722693232406,0.697976736980419,0.2202514567860669,0.08177180623351424,20.115,6838.983,13.364,17.974,21109,360.0,0.0,0.0,359.962,10.02,0.0278,0.0,0.0,3.336,42.0,0.9481,16.91,0.0709,1.291,0.703,0.212,0.085,12,3
279,BiLevel,13.6,1.3,5.769,13,0.5907,-1564.549,425.74,4971,262,8.9,29.97,-58.09,59.58,-0.3147,0.2496,-21.33001708984375,0.33589237928390503,16.079980850219727,13.276066780090332,0.3972296416759491,12.174276351928711,9.45286750793457,27.621967315673828,1.5798957347869873,124.00786590576172,0.07895616441965103,0.4504200220108032,500000,-5.84,18.81,-68.14,44.53,-1.9355,0.5,-14.513996124267578,0.13353373110294342,4.403127193450928,1.7580296993255615,0.16682612895965576,14.876811981201172,1.0761202573776245,35.758697509765625,0.05,50000,8.900604571354636,29.965345598476805,262,13.81403812350411,8.07811580637568,0.45396354473615214,0.698254004090878,0.21997906106995596,0.08176693483916603,9.594,2878.342,12.703,18.472,21375,360.0,0.0,0.0,361.223,45.709,0.1265,0.0,0.0,85.351,397.0,0.7409,14.83,0.1451,1.728,0.706,0.208,0.087,10,3
280,BiLevel,13.5,1.2,4.85,15,0.7187,-1460.644,381.683,4971,262,19.02,29.39,-57.32,59.83,-0.2938,0.2441,-21.434005737304688,0.34087395668029785,12.057782173156738,9.251485824584961,0.4514213502407074,12.617719650268555,4.533166885375977,27.65406608581543,1.676020622253418,119.07079315185547,0.07834579050540924,0.44917580485343933,500000,-3.83,17.81,-57.14,40.61,-1.1115,0.5,-14.45940113067627,0.14212678372859955,3.6543326377868652,1.0110738277435303,0.14605319499969482,14.839673042297363,4.104654312133789,12.262295722961426,0.05,50000,19.019348161757627,29.39474555763622,262,21.853616895722716,13.564525129449995,0.5103877050799611,0.6977578889018559,0.22046724958935293,0.08177486150879129,21.283,6810.697,13.485,18.335,20587,360.0,0.0,0.0,359.969,12.165,0.0338,0.0,0.0,4.943,40.0,0.8162,15.37,0.0998,1.78,0.651,0.273,0.076,16,0
281,BiLevel,12.7,1.2,4.734,15,0.5811,-1527.778,404.634,4970,262,15.24,30.05,-57.97,59.71,-0.3074,0.2466,-21.685394287109375,0.3463672697544098,16.263011932373047,13.471117973327637,0.3216473460197449,12.70075798034668,7.956262588500977,27.999980926513672,1.4649871587753296,127.69837951660156,0.07773537933826447,0.4479329586029053,500000,-6.59,19.01,-54.33,45.21,-1.3385,0.5,-14.637691497802734,0.14747905731201172,3.960271120071411,1.3210618495941162,0.15792782604694366,15.020679473876953,3.0919158458709717,13.34410572052002,0.05,50000,15.24364245508046,30.05435671288456,262,22.776033874561914,12.677299270974965,0.48972691506424965,0.6972912969803963,0.22097701775743736,0.08173168526216641,18.773,6382.722,13.338,18.072,20817,360.0,0.0,0.0,360.012,13.243,0.0368,0.0,0.0,4.366,45.0,0.6921,14.02,0.111,2.222,0.699,0.218,0.083,13,2
282,BiLevel,12.7,1.1,4.612,15,0.4574,-1423.742,368.289,4970,262,12.73,30.66,-57.77,59.45,-0.2865,0.2281,-21.491830825805664,0.33812353014945984,20.758342742919922,17.964529037475586,0.3584326207637787,12.467392921447754,10.380427360534668,27.769676208496094,2.1303327083587646,162.23703002929688,0.07709826529026031,0.44669416546821594,500000,-6.09,16.91,-57.59,37.93,-1.0591,0.5,-14.71395206451416,0.14043904840946198,5.999093055725098,3.364028215408325,0.14650437235832214,15.102180480957031,2.4464588165283203,31.577041625976562,0.05,50000,12.725826753229953,30.664452478512654,262,20.713988990846435,9.093763431632205,0.480031612885566,0.6968488915353764,0.22150754757501467,0.08164356088960888,15.333,4600.003,13.109,17.721,20161,360.0,0.0,0.0,360.035,11.304,0.0314,0.0,0.0,3.935,37.0,0.832,15.53,0.0637,2.017,0.686,0.234,0.08,15,0
283,BiLevel,14.4,1.2,10.538,11,0.537,-1796.033,563.081,4970,262,1.68,33.9,-58.98,59.16,-0.3614,0.3007,-21.082849502563477,0.32490813732147217,6.889047622680664,4.103205680847168,0.33219408988952637,12.286073684692383,3.3492588996887207,27.222980499267578,0.5224062204360962,85.47154235839844,0.07645081728696823,0.4454540014266968,500000,-6.53,17.27,-55.73,37.02,-3.0791,0.5,-14.457342147827148,0.1383013129234314,3.4126808643341064,0.7806510925292969,0.15008030831813812,14.839165687561035,2.0021865367889404,8.701139450073242,0.05,50000,1.680610600310627,33.899668264392325,262,9.63587314929617,-3.5745197835721463,0.4987803981327462,0.6980742995707878,0.22044169385407436,0.08148400657513777,-1.123,-292.036,12.601,23.139,23006,360.0,0.0,0.0,416.438,75.158,0.1805,0.0,0.0,3583.24,7382.0,1.0766,16.39,0.0614,1.743,0.699,0.218,0.083,8,3
284,BiLevel,12.7,1.2,6.265,15,0.4884,-1458.177,378.959,4970,262,11.6,31.44,-58.05,59.3,-0.2934,0.2394,-21.595821380615234,0.34056031703948975,14.041837692260742,11.261378288269043,0.3174525499343872,13.268219947814941,7.490224361419678,28.34270668029785,3.1530580520629883,73.34307098388672,0.0758264884352684,0.44422268867492676,500000,-5.9,17.15,-47.37,42.65,-1.4471,0.5,-14.785229682922363,0.13829505443572998,3.927273750305176,1.2981903553009033,0.15548017621040344,15.16043472290039,0.36989539861679077,6.932903289794922,0.05,50000,11.602806588828233,31.439262001064755,262,12.693290589043968,7.379196116641947,0.4887280814833781,0.6978380730906226,0.2208109925926911,0.08135093431668618,14.938,4780.02,13.05,19.314,20025,360.0,0.0,0.0,360.054,12.537,0.0348,0.0,0.0,4.13,42.0,1.0161,16.71,0.0693,1.521,0.704,0.211,0.085,16,0
285,BiLevel,13.2,1.1,3.956,15,0.5038,-1406.798,322.551,4969,262,27.02,26.08,-53.54,59.6,-0.2831,0.2214,-21.615949630737305,0.3258715569972992,9.162619590759277,6.375637054443359,0.41651973128318787,13.082371711730957,4.695420742034912,27.99410057067871,0.7476288080215454,118.18256378173828,0.07526475191116333,0.44298771023750305,500000,-7.48,17.89,-53.92,54.86,-1.4373,0.5,-14.963483810424805,0.14628762006759644,3.6323673725128174,1.0059102773666382,0.14692527055740356,15.35747241973877,0.8565241694450378,7.236881256103516,0.05,50000,27.02381684988419,26.08069692427547,262,29.979258177625507,20.86325592241789,0.5534162130560296,0.6972955463936689,0.22139823242014858,0.08130622118618255,27.682,9411.866,14.114,18.07,19415,360.0,0.0,0.0,360.077,16.473,0.0457,0.0,0.0,5.752,117.0,1.05,16.86,0.0811,1.285,0.705,0.209,0.086,12,3
286,BiLevel,13.1,1.4,9.142,15,0.6151,-1495.691,385.351,4970,262,14.91,31.24,-57.96,59.54,-0.3009,0.2406,-21.82353973388672,0.27586638927459717,10.042037010192871,7.270069122314453,0.30011415481567383,14.142693519592285,4.753348350524902,28.612159729003906,4.063541412353516,56.687469482421875,0.07468739151954651,0.4417593479156494,500000,-6.52,16.83,-52.05,45.17,-2.5623,0.5,-14.811525344848633,0.15021955966949463,5.589437961578369,2.966613292694092,0.14165757596492767,15.199799537658691,2.5116772651672363,22.148340225219727,0.05,50000,14.908618624901898,31.239393086113267,262,24.38976551317855,10.756207526357551,0.5052034625707134,0.6974021348592013,0.22147407074580033,0.08112379439499819,17.319,5542.062,13.306,22.449,21496,360.0,0.0,0.0,359.923,10.561,0.0293,0.0,0.0,4.015,45.0,0.8611,16.11,0.1186,1.291,0.705,0.209,0.086,12,3
287,BiLevel,15.0,1.4,26.833,11,0.5454,-1778.388,556.244,4970,262,7.59,34.02,-59.95,59.45,-0.3578,0.2999,-21.91251564025879,0.25915899872779846,10.976706504821777,8.208910942077637,0.29701346158981323,12.632472038269043,6.68416690826416,27.89167594909668,0.9341170787811279,97.8296127319336,0.07409317791461945,0.44053134322166443,500000,-9.42,17.04,-54.28,36.15,-6.4073,0.5,-14.482684135437012,0.14702433347702026,3.696941375732422,1.0760897397994995,0.16308748722076416,14.869776725769043,2.5003652572631836,15.700010299682617,0.05,50000,7.589645007007588,34.01558091161588,262,21.53815260082483,7.257978489210731,0.5116124620231676,0.7007201216407893,0.21887447133536134,0.08040540702384938,13.792,3586.027,13.046,39.879,23392,360.0,0.0,0.0,428.742,77.288,0.1803,0.0,0.0,4415.363,8951.0,1.0636,15.66,0.1423,1.376,0.678,0.243,0.079,8,3
288,BiLevel,12.8,1.3,5.762,16,0.5225,-1410.962,343.208,4970,262,20.47,28.93,-57.11,59.84,-0.2839,0.2318,-21.878280639648438,0.37098297476768494,8.578655242919922,5.808185577392578,0.3386199176311493,13.078049659729004,4.658833980560303,28.47755241394043,0.827198326587677,104.90430450439453,0.07353972643613815,0.43931475281715393,500000,-9.93,16.57,-55.71,36.19,-1.2525,0.5,-14.67261028289795,0.15643513202667236,6.626644134521484,4.007367134094238,0.16607189178466797,15.080565452575684,2.5105738639831543,9.1183500289917,0.05,50000,20.4679120110093,28.931497665694213,262,22.38001015374535,16.66444289401958,0.5220529867310397,0.7000953515722051,0.21963089278419046,0.08027375564360441,21.294,7240.1,13.678,19.44,21155,360.0,0.0,0.0,359.908,10.235,0.0284,0.0,0.0,3.008,36.0,1.0625,15.93,0.1251,1.367,0.656,0.268,0.075,16,0
289,BiLevel,12.8,1.1,7.557,14,0.3209,-1467.781,387.177,4970,262,12.45,30.11,-59.07,59.45,-0.2953,0.2369,-21.827983856201172,0.34248507022857666,10.194103240966797,7.433962821960449,0.278929740190506,12.885644912719727,4.329354763031006,28.33732032775879,4.305538177490234,68.75633239746094,0.07294153422117233,0.4381008744239807,500000,-6.86,18.54,-47.67,49.68,-2.2131,0.5,-15.08857250213623,0.1616349220275879,7.151610374450684,4.534990310668945,0.179825097322464,15.501267433166504,3.1693575382232666,30.032114028930664,0.05,50000,12.446656286165913,30.11437089493079,262,16.855551063543867,5.399873926804253,0.47285600336487904,0.7003722801252064,0.21955770226108168,0.08007001761371205,9.572,3063.165,12.999,20.557,21544,360.0,0.0,0.0,359.842,21.178,0.0589,0.0,0.0,6.79,148.0,0.9231,15.61,0.1278,1.472,0.674,0.249,0.077,11,3
290,BiLevel,13.0,1.1,9.642,13,0.4756,-1552.449,422.083,4970,262,12.01,31.96,-58.99,59.79,-0.3124,0.2484,-21.853179931640625,0.29630327224731445,16.471784591674805,13.711585998535156,0.31438228487968445,12.134611129760742,10.437826156616211,27.712844848632812,0.5605155825614929,86.7466049194336,0.07233405113220215,0.4368917644023895,500000,-7.97,18.46,-56.17,45.68,-2.7315,0.5,-14.926634788513184,0.14041876792907715,3.99454402923584,1.3800922632217407,0.1837269365787506,15.298355102539062,0.5353880524635315,14.833250999450684,0.05,50000,12.006823935667034,31.96242538725822,262,14.489299382034101,6.148803684272265,0.4991214675117916,0.701171515372602,0.21893705069364397,0.07989143393375395,13.602,4080.699,13.065,22.707,21063,360.0,0.0,0.0,365.454,63.214,0.173,0.0,0.0,342.0,746.0,0.6692,15.7,0.0959,1.384,0.671,0.252,0.077,10,3
291,BiLevel,12.8,1.1,5.306,15,0.4865,-1545.358,401.652,4970,262,10.43,30.52,-59.08,59.81,-0.3109,0.2343,-22.204957962036133,0.29412946105003357,9.527215003967285,6.764179229736328,0.37825435400009155,13.254281997680664,5.534114360809326,28.61318588256836,0.5108283162117004,108.70206451416016,0.07172010093927383,0.4356815218925476,500000,-8.47,18.33,-52.61,56.57,-1.2858,0.5,-15.51399040222168,0.17120112478733063,3.731198310852051,1.1235052347183228,0.1659625917673111,15.952615737915039,4.222365856170654,18.558923721313477,0.05,50000,10.43193006769265,30.522086446701763,262,17.35931520713003,6.144421276763866,0.4650540487115415,0.7008014744362842,0.21940010019833714,0.07979842536537876,12.778,4089.098,12.986,18.292,19850,360.0,0.0,0.0,360.05,12.765,0.0355,0.0,0.0,3.855,56.0,0.5089,15.78,0.077,1.095,0.704,0.214,0.082,14,1
292,BiLevel,12.9,1.4,3.974,14,0.5913,-1479.607,375.293,4970,262,15.52,29.66,-55.87,58.99,-0.2977,0.242,-22.12689971923828,0.3556312322616577,15.039615631103516,12.292245864868164,0.258804053068161,13.13432788848877,7.827884674072266,28.533897399902344,1.0960705280303955,56.25320816040039,0.07115036249160767,0.434477299451828,500000,-8.17,18.46,-57.54,54.17,-1.5104,0.5,-14.829076766967773,0.1424899399280548,9.812255859375,7.205893039703369,0.18372216820716858,15.212799072265625,1.4768105745315552,23.064388275146484,0.05,50000,15.518945594590674,29.656789304720274,262,21.03447737831034,6.018122417362113,0.4907993439856015,0.7005317531323408,0.2196408488988921,0.07982739796876706,16.403,4920.837,13.206,17.181,18808,360.0,0.0,0.0,360.031,19.545,0.0543,0.0,0.0,6.042,172.0,0.5156,8.31,0.226,2.235,0.704,0.214,0.082,11,3
293,BiLevel,12.8,1.2,4.115,15,0.5556,-1501.948,393.942,4971,262,9.98,29.3,-55.45,59.6,-0.3021,0.2377,-21.886110305786133,0.3029164671897888,10.152389526367188,7.399256229400635,0.34419432282447815,13.491950988769531,7.127495765686035,28.20026397705078,1.0057084560394287,160.2520294189453,0.07059671729803085,0.43327295780181885,500000,-7.84,16.94,-62.29,43.81,-1.6353,0.5,-15.058675765991211,0.17021270096302032,5.434593200683594,2.829505681991577,0.16678769886493683,15.484981536865234,1.7228426933288574,38.48064041137695,0.05,50000,9.980826391492453,29.301630416865784,262,16.882275296002625,5.3163482659741454,0.44828746491017235,0.6999915069054573,0.22020543439304593,0.07980305870149661,10.286,3291.516,12.767,16.882,20033,360.0,0.0,0.0,360.05,11.3,0.0314,0.0,0.0,3.496,43.0,0.4565,10.12,0.0558,2.278,0.568,0.367,0.065,12,3
294,BiLevel,13.1,1.1,5.767,14,0.5466,-1469.772,377.296,4971,262,17.05,29.84,-58.64,59.71,-0.2957,0.2451,-21.875751495361328,0.35177889466285706,8.32578182220459,5.572048187255859,0.38248729705810547,12.595824241638184,5.485681056976318,28.21125602722168,2.12027645111084,117.85723876953125,0.0700603574514389,0.4320683777332306,500000,-9.52,18.28,-62.72,41.53,-1.8824,0.5,-15.11447811126709,0.20102016627788544,3.693777561187744,1.091118574142456,0.19237902760505676,15.61291217803955,1.7000659704208374,12.886556625366211,0.05,50000,17.04721782782462,29.842828044203475,262,21.11422879617465,7.849422206376728,0.5047765487991069,0.6999690530476843,0.2202779416651649,0.0797530052871508,19.851,5955.302,13.395,19.162,20368,360.0,0.0,0.0,360.015,31.056,0.0863,0.0,0.0,13.385,192.0,0.4918,12.18,0.0512,2.229,0.7,0.22,0.08,11,3
295,BiLevel,13.5,1.1,5.164,13,0.5142,-1679.418,527.258,4971,262,17.46,29.77,-57.01,59.86,-0.3378,0.2996,-21.800378799438477,0.24610954523086548,8.422944068908691,5.678580284118652,0.318207323551178,13.79138469696045,5.600013732910156,28.302692413330078,0.966813325881958,65.50276184082031,0.06952160596847534,0.43087199330329895,500000,-10.98,17.43,-67.1,30.34,-1.8021,0.5,-15.248533248901367,0.19232238829135895,3.6167054176330566,1.0188865661621094,0.19304758310317993,15.726297378540039,3.711381196975708,13.201499938964844,0.05,50000,17.46470647957532,29.769898255396754,262,25.25848996466712,14.370362056007512,0.5020111161509112,0.7001784166103376,0.2200764478825315,0.07974513550713092,22.365,6709.459,13.36,18.524,20395,360.0,0.0,0.0,371.112,70.646,0.1904,0.0,0.0,738.653,1559.0,0.7181,13.02,0.0708,2.066,0.7,0.22,0.08,10,3
296,BiLevel,14.2,1.1,6.74,13,0.7141,-1524.832,444.434,4970,262,23.27,28.84,-57.1,59.8,-0.3068,0.2788,-22.266328811645508,0.38123348355293274,9.013843536376953,6.271797180175781,0.332588791847229,13.632713317871094,5.86275577545166,28.86630630493164,2.370281219482422,98.03771209716797,0.06905358284711838,0.4296793043613434,500000,-5.44,19.08,-52.28,53.05,-2.1809,0.5,-15.627179145812988,0.1614174246788025,3.8932108879089355,1.2985527515411377,0.15200215578079224,16.03705596923828,2.7956721782684326,9.087888717651367,0.05,50000,23.273927073070492,28.835488824196652,262,25.043786828298316,17.17445396100612,0.5457902193621759,0.7005287061643561,0.21970910855588727,0.07976218527975666,20.854,6256.319,13.938,20.678,22293,360.0,0.0,0.0,386.458,65.541,0.1696,0.0,0.0,1764.103,3524.0,0.5928,11.09,0.0892,2.298,0.7,0.22,0.08,10,3
297,BiLevel,13.7,1.2,7.706,13,0.5479,-1450.098,373.957,4970,262,19.53,29.63,-58.42,59.52,-0.2918,0.247,-22.403554916381836,0.3043997287750244,10.747954368591309,8.012743949890137,0.2879655361175537,13.758805274963379,5.618383407592773,28.92477035522461,1.31411612033844,104.2349853515625,0.06854337453842163,0.4284917414188385,500000,-6.57,17.91,-57.13,45.65,-2.3438,0.5,-15.566780090332031,0.138405442237854,6.462987899780273,3.8713791370391846,0.15415987372398376,15.932795524597168,1.2742058038711548,5.008270263671875,0.05,50000,19.525957711660855,29.63000116295448,262,26.562718172449813,13.467795551783945,0.5231246490475555,0.7010500060267736,0.2192688466640175,0.07968114730920894,21.824,6547.062,13.718,21.425,21721,360.0,0.0,0.0,377.577,63.419,0.168,0.0,0.0,1162.607,2355.0,0.6624,12.39,0.059,2.102,0.701,0.22,0.08,10,3
298,BiLevel,12.7,1.4,3.504,15,0.5777,-1461.881,376.863,4970,262,14.79,28.56,-57.22,59.61,-0.2941,0.2289,-22.451107025146484,0.28847208619117737,7.372159481048584,4.634821891784668,0.3553277850151062,14.76192569732666,4.0432000160217285,29.279109954833984,1.0664526224136353,92.67662811279297,0.06798793375492096,0.42730608582496643,500000,-8.79,18.63,-62.92,43.46,-0.8751,0.5,-15.41854476928711,0.1511409729719162,3.4396605491638184,0.850885272026062,0.1748960316181183,15.810083389282227,1.8430213928222656,14.778875350952148,0.05,50000,14.789333597564287,28.56223990845331,262,21.24683036208153,8.866815643639942,0.4631806249468955,0.7004277777854938,0.21988534092594825,0.07968688128855798,15.621,4998.731,13.048,16.552,18357,360.0,0.0,0.0,360.0,12.269,0.0341,0.0,0.0,3.832,43.0,0.6608,10.4,0.0844,2.221,0.701,0.219,0.08,16,0
299,BiLevel,13.5,1.2,5.466,16,0.4798,-1471.869,367.987,4970,262,15.78,30.42,-59.91,59.77,-0.2962,0.2257,-22.667179107666016,0.38454699516296387,16.743209838867188,14.000127792358398,0.44611993432044983,14.14699935913086,8.73091983795166,29.464282989501953,1.2230318784713745,119.97187805175781,0.06746017932891846,0.42611899971961975,500000,-7.94,16.75,-61.22,39.39,-1.3073,0.5,-15.820083618164062,0.13888335227966309,4.171929359436035,1.5861512422561646,0.15764279663562775,16.18415069580078,0.7332638502120972,10.334798812866211,0.05,50000,15.77723843568385,30.41856566582722,262,17.614829304343775,6.653548694401978,0.5012635456872201,0.699790828870938,0.2206550479447866,0.07955412318427543,14.118,4800.112,13.419,18.885,21578,360.0,0.0,0.0,359.962,10.523,0.0292,0.0,0.0,3.302,39.0,0.6183,9.3,0.0685,2.189,0.7,0.22,0.08,15,1
