timestamp,event_type,side,price,size,order_id
34200.015105074,trade,bid,579.4,4.0,15818974
34200.05990197,trade,bid,579.4,300.0,15818974
34200.113246707,trade,bid,579.51,1.0,hidden_2
34200.113246707,trade,bid,579.5,1.0,hidden_3
34200.113246707,trade,bid,579.49,1.0,hidden_4
34200.113246707,trade,bid,579.48,1.0,hidden_5
34200.113246707,trade,bid,579.4,167.0,15818974
34200.154178213,add,bid,579.4,100.0,16155653
34200.202322801,add,ask,579.89,25.0,4773921
34200.203135277,trade,bid,579.4,29.0,15818974
34200.203135277,trade,bid,579.4,100.0,16155653
34200.2070117,add,ask,579.4,1.0,16167456
34200.207763353,trade,ask,579.4,1.0,16167456
34200.207763353,add,bid,579.4,99.0,16167632
34200.236450238,trade,bid,579.4,11.0,16167632
34200.249457498,trade,bid,579.4,29.0,16167632
34200.35865663,trade,ask,579.73,4.0,hidden_16
34200.501687061,add,ask,579.79,100.0,16228038
34200.502444619,add,ask,579.79,10.0,16228180
34200.633496578,add,bid,579.4,100.0,16252843
34200.696339803,trade,bid,579.46,100.0,hidden_20
34200.696339803,trade,bid,579.4,59.0,16167632
34200.696339803,trade,bid,579.4,12.0,16252843
34200.763732578,add,ask,579.79,100.0,16274753
34201.44557354,trade,bid,579.4,88.0,16252843
34201.44557354,trade,bid,579.19,75.0,16174771
34201.44557354,trade,bid,579.18,37.0,hidden_26
34202.184836108,trade,bid,579.18,63.0,hidden_27
34202.184836108,trade,bid,579.13,29.0,hidden_28
34202.472695361,add,ask,579.73,100.0,16477262
34202.472885056,add,ask,579.73,100.0,16477281
34203.650345438,cancel,ask,579.73,100.0,16477262
34203.650507021,cancel,ask,579.73,100.0,16477281
34204.320392912,add,ask,579.73,100.0,16654914
34204.320575651,add,ask,579.73,100.0,16654928
34204.414461644,trade,bid,579.17,6.0,hidden_35
34204.414627059,cancel,ask,579.73,100.0,16654928
34204.635971,add,ask,579.66,2300.0,16680220
34204.636163856,add,ask,579.66,400.0,16680228
34205.266040346,trade,bid,579.17,30.0,hidden_39
34205.266040346,trade,bid,579.13,15.0,hidden_40
34205.266211854,cancel,ask,579.66,400.0,16680228
34205.621656362,trade,bid,579.13,28.0,hidden_42
34206.021458868,trade,bid,579.13,100.0,hidden_43
34206.02684287,add,bid,579.12,28.0,16805354
34206.027107895,add,bid,579.12,78.0,16805379
34206.027622462,trade,bid,579.13,28.0,hidden_46
34206.027622462,trade,bid,579.12,72.0,16160421
34206.028440622,add,bid,579.12,22.0,16805526
34206.029089693,add,bid,579.12,4.0,16805605
34206.029818156,add,bid,579.12,6.0,16805645
34206.029906382,trade,bid,579.12,28.0,16160421
34206.029906382,trade,bid,579.12,28.0,16805354
34206.029906382,trade,bid,579.12,44.0,16805379
34206.030220796,add,bid,579.12,7.0,16805664
34206.030430451,add,bid,579.12,10.0,16805675
34206.030813614,add,bid,579.12,9.0,16805696
34206.031174657,add,bid,579.12,24.0,16805716
34206.335544635,trade,bid,579.12,34.0,16805379
34206.335544635,trade,bid,579.12,22.0,16805526
34206.335544635,trade,bid,579.12,4.0,16805605
34206.335544635,trade,bid,579.12,6.0,16805645
34206.335544635,trade,bid,579.12,7.0,16805664
34206.335544635,trade,bid,579.12,10.0,16805675
34206.335544635,trade,bid,579.12,9.0,16805696
34206.335544635,trade,bid,579.12,24.0,16805716
34206.390765275,add,ask,579.52,260.0,16822527
34206.391593154,cancel,ask,579.52,260.0,16822527
34206.3930235,add,ask,579.52,260.0,16822681
34206.393843671,cancel,ask,579.52,260.0,16822681
34206.394630495,add,ask,579.52,260.0,16822749
34206.395347138,cancel,ask,579.52,260.0,16822749
34206.396762991,add,ask,579.52,260.0,16822847
34206.39748654,cancel,ask,579.52,260.0,16822847
34206.399114575,add,ask,579.52,260.0,16822977
34206.400382181,cancel,ask,579.52,260.0,16822977
34206.401290662,add,ask,579.52,260.0,16823104
34206.402542165,cancel,ask,579.52,260.0,16823104
34206.403385601,add,ask,579.52,260.0,16823214
34206.404791532,cancel,ask,579.52,260.0,16823214
34206.405614357,add,ask,579.52,260.0,16823323
34206.407029767,cancel,ask,579.52,260.0,16823323
34206.407833095,add,ask,579.52,260.0,16823470
34206.408787399,cancel,ask,579.52,260.0,16823470
34206.409965877,add,ask,579.52,260.0,16823634
34206.410680711,cancel,ask,579.52,260.0,16823634
34206.411525433,add,ask,579.52,260.0,16823779
34206.412552465,cancel,ask,579.52,260.0,16823779
34206.413597384,add,ask,579.52,260.0,16823945
34206.414562858,cancel,ask,579.52,260.0,16823945
34207.657108304,add,ask,579.52,260.0,16883952
34207.658433819,cancel,ask,579.52,260.0,16883952
34207.659935516,add,ask,579.52,260.0,16884073
34207.661271153,cancel,ask,579.52,260.0,16884073
34207.662749793,add,ask,579.52,260.0,16884221
34207.664086215,cancel,ask,579.52,260.0,16884221
34207.665049651,add,ask,579.52,260.0,16884363
34207.666381883,cancel,ask,579.52,260.0,16884363
34207.667950288,add,ask,579.52,260.0,16884483
34207.669279653,cancel,ask,579.52,260.0,16884483
34207.670204865,add,ask,579.52,260.0,16884674
34207.671404663,cancel,ask,579.52,260.0,16884674
34207.673650976,add,ask,579.52,260.0,16885333
34207.675070224,cancel,ask,579.52,260.0,16885333
34207.67645084,add,ask,579.52,260.0,16885580
34207.677857238,cancel,ask,579.52,260.0,16885580
34207.678675572,add,ask,579.52,260.0,16885653
34207.680038855,cancel,ask,579.52,260.0,16885653
34207.68143834,add,ask,579.52,260.0,16885764
34207.682373702,cancel,ask,579.52,260.0,16885764
34207.683828361,add,ask,579.52,260.0,16885944
34207.685155565,cancel,ask,579.52,260.0,16885944
34207.686630374,add,ask,579.52,260.0,16886066
34207.687969395,cancel,ask,579.52,260.0,16886066
34207.689494057,add,ask,579.52,260.0,16886214
34207.690330524,cancel,ask,579.52,260.0,16886214
34207.691780207,add,ask,579.52,260.0,16886286
34207.693269535,cancel,ask,579.52,260.0,16886286
34207.695127956,add,ask,579.52,260.0,16886468
34207.696489237,cancel,ask,579.52,260.0,16886468
34207.697920734,add,ask,579.52,260.0,16886587
34207.698908035,cancel,ask,579.52,260.0,16886587
34208.145807111,add,ask,579.66,2.0,16903596
34208.146115376,cancel,ask,579.66,2.0,16903596
34208.146115376,add,ask,579.52,2.0,16903615
34209.135238134,add,ask,579.45,100.0,16936717
34209.153478631,add,ask,579.45,2.0,16937480
34209.745480497,add,ask,579.45,10.0,16955579
34210.172085995,add,ask,579.45,19.0,16981526
34210.740131279,add,ask,579.45,100.0,17020275
34211.015012413,cancel,ask,579.45,19.0,16981526
34211.058977504,trade,bid,579.0,19.0,7091133
34212.141429731,trade,bid,579.0,21.0,7091133
34212.141429731,trade,bid,579.0,1.0,9248169
34212.141429731,trade,bid,578.99,1.0,4496151
34212.141429731,trade,bid,578.99,3.0,hidden_135
34212.141429731,trade,bid,578.93,3.0,hidden_136
34212.150479521,add,ask,578.9,2171.0,17083481
34212.1715959,cancel,ask,578.9,2171.0,17083481
34212.171759523,add,ask,578.51,2171.0,17085000
34212.171865865,trade,ask,578.51,100.0,17085000
34212.171969276,trade,bid,578.5,9.0,4773351
34212.204258788,cancel,ask,578.51,2071.0,17085000
34212.204573984,trade,bid,578.21,10.0,858821
34212.204573984,trade,bid,578.0,5.0,2175511
34212.204573984,trade,bid,578.0,5.0,5858286
34212.204573984,trade,bid,578.0,28.0,9476859
34212.204573984,trade,bid,578.0,50.0,9618128
34212.204573984,trade,bid,578.0,2.0,12797564
34212.204791502,trade,bid,578.09,100.0,hidden_149
34212.204962809,trade,bid,578.02,409.0,hidden_150
34212.204962809,trade,bid,578.01,100.0,hidden_151
34212.204962809,trade,bid,578.0,84.0,12797564
34212.204962809,add,ask,578.0,1278.0,17086852
34212.205124171,add,ask,578.0,400.0,17086865
34212.205187242,cancel,ask,578.0,1278.0,17086852
34212.20522105,trade,bid,577.99,1.0,2176461
34212.205259616,trade,ask,577.97,99.0,hidden_157
34212.205259616,trade,ask,577.97,1.0,hidden_158
34212.205324774,trade,ask,577.97,199.0,hidden_159
34212.205324774,trade,ask,578.0,1.0,17086865
34212.205330204,cancel,ask,578.0,399.0,17086865
34212.206090682,add,bid,578.0,200.0,17086988
34212.206550349,trade,bid,578.03,200.0,hidden_163
34212.206876537,trade,bid,578.05,100.0,hidden_164
34212.206876537,trade,bid,578.01,100.0,hidden_165
34212.207179106,trade,bid,578.01,100.0,hidden_166
34212.207179106,trade,bid,578.0,100.0,17086988
34212.207361737,trade,bid,578.0,100.0,17086988
34212.208156427,add,ask,578.0,578.0,17087159
34212.245781202,cancel,ask,578.0,578.0,17087159
34212.24593772,trade,bid,577.54,100.0,hidden_171
34212.246235883,trade,bid,577.54,100.0,hidden_172
34212.24640177,trade,bid,577.52,100.0,hidden_173
34212.246573827,trade,bid,577.51,10.0,3911727
34212.246573827,trade,bid,577.51,90.0,16273432
34212.24678587,trade,bid,577.51,10.0,16273432
34212.246816706,add,bid,577.51,66.0,17089209
34212.246961714,trade,bid,577.51,66.0,17089209
34212.246961714,add,ask,577.51,102.0,17089214
34212.2765606,add,ask,577.51,2.0,17090451
34212.278004576,cancel,ask,577.51,102.0,17089214
34212.28018577,trade,bid,577.45,2.0,3565712
34212.280250969,trade,bid,577.45,1.0,3565712
34212.284162466,trade,ask,577.51,2.0,17090451
34212.295288066,add,ask,577.51,2.0,17091418
34212.29557982,trade,ask,577.51,2.0,17091418
34212.29557982,add,bid,577.51,98.0,17091434
34212.317876704,add,ask,579.11,100.0,17092219
34212.34250483,add,ask,579.11,2.0,17093146
34212.705131581,trade,bid,577.51,98.0,17091434
34212.705131581,trade,bid,577.45,2.0,hidden_191
34212.719680789,add,bid,577.45,100.0,17104353
34212.725440621,add,bid,577.45,8.0,17104451
34213.294061275,add,bid,577.45,600.0,17120812
34213.962547453,cancel,ask,579.11,100.0,17092219
34214.499755316,cancel,bid,577.45,8.0,17104451
34215.471948615,add,ask,578.59,100.0,17185218
34215.472129336,add,ask,578.59,100.0,17185233
34216.113710965,cancel,bid,577.45,600.0,17120812
34216.113867794,cancel,ask,578.59,100.0,17185233
34216.116067882,add,bid,577.55,600.0,17206828
34217.147886513,cancel,ask,578.59,100.0,17185218
34217.148068157,add,ask,578.44,100.0,17247457
34217.148236482,add,ask,578.44,100.0,17247479
34217.167865699,add,ask,578.0,100.0,17248228
34217.168134247,cancel,ask,578.0,100.0,17248228
34217.168134247,add,ask,578.14,100.0,17248243
34217.181119739,trade,bid,577.59,100.0,hidden_208
34217.206704761,trade,ask,578.11,100.0,hidden_209
34217.209297906,trade,ask,578.13,100.0,hidden_210
34217.210470267,trade,ask,578.13,100.0,hidden_211
34217.362201857,trade,bid,577.6,70.0,hidden_212
34217.728212546,trade,bid,577.6,30.0,hidden_213
34217.728212546,trade,bid,577.58,70.0,hidden_214
34218.873259746,cancel,bid,577.55,600.0,17206828
34218.873398948,cancel,ask,578.14,100.0,17248243
34218.873398948,add,ask,577.73,100.0,17309383
34218.874750308,trade,bid,577.56,20.0,hidden_218
34218.875598074,add,bid,577.66,600.0,17309581
34218.875693752,cancel,ask,577.73,100.0,17309383
34218.875693752,add,ask,578.2,100.0,17309594
34218.87584919,add,ask,578.2,200.0,17309609
34218.875913862,add,ask,578.2,100.0,17309618
34218.87594306,cancel,ask,578.2,100.0,17309594
34218.87594306,add,ask,577.94,100.0,17309623
34218.876263775,cancel,ask,577.94,100.0,17309623
34218.876263775,add,ask,577.99,100.0,17309668
34218.876515253,cancel,ask,577.99,100.0,17309668
34218.876515253,add,ask,578.2,100.0,17309710
34218.99336589,add,ask,578.07,100.0,17313565
34218.993476937,add,ask,577.96,100.0,17313572
34218.993694445,cancel,ask,577.96,100.0,17313572
34218.993694445,add,ask,577.87,100.0,17313580
34219.843969867,add,bid,577.66,100.0,17345366
34219.844087745,cancel,ask,577.87,100.0,17313580
34219.844087745,add,ask,577.96,100.0,17345369
34220.034122811,add,ask,577.96,10.0,17350896
34220.034238605,cancel,ask,577.96,100.0,17345369
34220.034238605,add,ask,577.95,100.0,17350910
34221.015874097,cancel,bid,577.66,100.0,17345366
34221.015994018,cancel,ask,577.95,100.0,17350910
34221.016439156,add,bid,577.66,100.0,17381731
34221.12249655,add,bid,577.69,140.0,17386271
34221.123725961,cancel,bid,577.69,140.0,17386271
34221.124559524,add,bid,577.69,140.0,17386739
34222.150970581,add,ask,577.89,100.0,17416529
34222.15149298,cancel,bid,577.69,140.0,17386739
34222.389890414,cancel,bid,577.66,100.0,17381731
34222.390311795,add,bid,577.7,100.0,17425290
34222.39780826,trade,ask,577.89,100.0,17416529
34222.397908912,cancel,ask,577.92,100.0,17425292
34222.793555904,trade,bid,577.85,100.0,hidden_252
34222.836870745,add,bid,577.8,600.0,17437777
34223.647338812,trade,ask,577.96,10.0,17350896
34223.68071871,cancel,ask,577.98,200.0,17436773
34223.681087941,trade,ask,578.07,100.0,17313565
34223.681338927,add,ask,578.07,75.0,17461889
34223.681445643,trade,ask,578.07,75.0,17461889
34223.713770608,trade,bid,577.85,100.0,hidden_259
34223.713770608,trade,bid,577.83,50.0,hidden_260
34224.448191619,add,bid,577.92,200.0,17480645
34225.021027413,trade,bid,577.95,100.0,hidden_262
34225.669376887,add,bid,577.93,300.0,17516942
34226.583003127,add,bid,578.28,600.0,17538298
34226.583373372,trade,bid,578.28,100.0,17538298
34226.585368555,trade,bid,578.28,150.0,17538298
34227.030929578,add,bid,578.28,100.0,17549203
34227.611297106,add,bid,578.31,100.0,17575633
34227.625525691,trade,ask,578.79,2.0,hidden_269
34227.62566495,trade,ask,578.79,2.0,hidden_270
34227.625791487,trade,ask,578.79,2.0,hidden_271
34227.625912851,trade,ask,578.79,2.0,hidden_272
34227.626038965,trade,ask,578.79,2.0,hidden_273
34227.626161087,trade,ask,578.79,2.0,hidden_274
34227.626283595,trade,ask,578.79,2.0,hidden_275
34227.626401978,trade,ask,578.79,2.0,hidden_276
34227.62653247,trade,ask,578.8,2.0,17185553
34227.626585868,cancel,bid,578.31,100.0,17575633
34227.626671762,add,bid,578.39,100.0,17579487
34227.627976057,add,ask,579.48,120.0,17579715
34227.628142799,add,ask,579.48,100.0,17579731
34227.63219829,cancel,bid,578.39,100.0,17579487
34227.641269781,add,bid,578.39,100.0,17581238
34227.642466737,cancel,bid,578.39,100.0,17581238
34227.642484988,cancel,ask,579.48,120.0,17579715
34227.642693692,cancel,ask,579.48,100.0,17579731
34227.644070595,add,bid,578.38,100.0,17581549
34227.647561103,cancel,bid,578.38,100.0,17581549
34227.648374599,add,ask,579.48,100.0,17582033
34227.648589408,add,bid,578.39,100.0,17582051
34227.650171854,cancel,ask,579.48,100.0,17582033
34227.650233056,cancel,bid,578.39,100.0,17582051
34227.650283827,add,ask,579.49,100.0,17582212
34227.651560764,cancel,ask,579.49,100.0,17582212
34227.651632851,add,ask,579.48,120.0,17582366
34227.651694643,add,bid,578.39,100.0,17582374
34227.65277775,cancel,ask,579.48,120.0,17582366
34227.652835224,cancel,bid,578.39,100.0,17582374
34227.652999438,add,ask,579.49,100.0,17582542
34227.653161961,add,ask,579.49,100.0,17582562
34227.654038724,cancel,ask,579.49,100.0,17582542
34227.654069909,add,bid,578.38,100.0,17582644
34227.65419539,cancel,ask,579.49,100.0,17582562
34227.655297571,cancel,bid,578.38,100.0,17582644
34227.655387983,add,ask,579.49,100.0,17582785
34227.656597624,cancel,ask,579.49,100.0,17582785
34227.656746934,add,ask,579.48,120.0,17582911
34227.656779339,add,bid,578.39,100.0,17582915
34227.657615827,cancel,ask,579.48,120.0,17582911
34227.657634471,cancel,bid,578.39,100.0,17582915
34227.661069108,add,ask,579.48,100.0,17583338
34227.6611596,add,bid,578.39,100.0,17583346
34227.662235291,cancel,ask,579.48,100.0,17583338
34227.662320098,cancel,bid,578.39,100.0,17583346
34227.662334274,add,ask,579.49,100.0,17583434
34227.663471075,cancel,ask,579.49,100.0,17583434
34227.663641656,add,bid,578.39,100.0,17583543
34227.663680779,add,ask,579.48,120.0,17583549
34227.664689706,cancel,ask,579.48,120.0,17583549
34227.664741803,cancel,bid,578.39,100.0,17583543
34227.664882511,add,ask,579.49,100.0,17583661
34227.665031707,add,ask,579.49,100.0,17583678
34227.666169443,add,bid,578.38,100.0,17583765
34227.666299928,cancel,ask,579.49,100.0,17583661
34227.666441454,cancel,ask,579.49,100.0,17583678
34227.667521701,cancel,bid,578.38,100.0,17583765
34227.667675897,add,ask,579.49,100.0,17583879
34227.668841643,cancel,ask,579.49,100.0,17583879
34227.668991383,add,ask,579.48,120.0,17583992
34227.669007357,add,bid,578.39,100.0,17583996
34227.670220778,cancel,bid,578.39,100.0,17583996
34227.670313926,cancel,ask,579.48,120.0,17583992
34227.670315095,add,ask,579.49,100.0,17584117
34227.671431489,cancel,ask,579.49,100.0,17584117
34227.671561598,add,ask,579.48,120.0,17584230
34227.6715713,add,bid,578.39,100.0,17584231
34227.672678239,cancel,bid,578.39,100.0,17584231
34227.672697997,cancel,ask,579.48,120.0,17584230
34227.672762534,add,ask,579.49,100.0,17584309
34227.674463053,cancel,ask,579.49,100.0,17584309
34227.674596045,add,bid,578.39,100.0,17584414
34227.674606595,add,ask,579.48,120.0,17584416
34227.675646226,cancel,bid,578.39,100.0,17584414
34227.675674644,cancel,ask,579.48,120.0,17584416
34227.694037307,add,ask,579.48,105.0,17585736
34227.694146523,add,bid,578.39,100.0,17585740
34227.694199564,add,ask,579.48,100.0,17585743
34227.695355492,cancel,ask,579.48,105.0,17585736
34227.69550641,cancel,ask,579.48,100.0,17585743
34227.695549634,cancel,bid,578.39,100.0,17585740
34227.696730654,add,ask,579.48,100.0,17585881
34227.696778766,add,bid,578.39,100.0,17585885
34227.697976452,cancel,bid,578.39,100.0,17585885
34227.697993382,cancel,ask,579.48,100.0,17585881
34227.698110219,add,ask,579.49,100.0,17585962
34227.6990804,cancel,ask,579.49,100.0,17585962
34227.699256147,add,bid,578.38,100.0,17586043
34227.700321759,cancel,bid,578.38,100.0,17586043
34227.700393583,add,ask,579.49,100.0,17586129
34227.701572958,cancel,ask,579.49,100.0,17586129
34227.701602028,add,ask,579.48,120.0,17586226
34227.701727135,add,bid,578.39,100.0,17586237
34227.702691425,cancel,ask,579.48,120.0,17586226
34227.702779698,cancel,bid,578.39,100.0,17586237
34227.702805792,add,ask,579.49,100.0,17586346
34227.703862019,cancel,ask,579.49,100.0,17586346
34227.703989472,add,ask,579.48,120.0,17586463
34227.704051697,add,bid,578.39,100.0,17586471
34227.705024207,cancel,ask,579.48,120.0,17586463
34227.705138096,cancel,bid,578.39,100.0,17586471
34227.705140219,add,ask,579.49,100.0,17586593
34227.706344825,add,ask,579.48,120.0,17586702
34227.706423084,add,bid,578.39,100.0,17586711
34227.706505402,add,ask,579.48,100.0,17586721
34227.7075037,cancel,bid,578.39,100.0,17586711
34227.707535357,cancel,ask,579.48,120.0,17586702
34227.707683895,cancel,ask,579.48,100.0,17586721
34227.708807204,add,ask,579.48,100.0,17587029
34227.708914297,add,bid,578.39,100.0,17587046
34227.709807509,cancel,bid,578.39,100.0,17587046
34227.709914677,cancel,ask,579.48,100.0,17587029
34227.715165698,add,ask,579.48,100.0,17587601
34227.71518973,add,bid,578.39,100.0,17587603
34227.716410235,cancel,bid,578.39,100.0,17587603
34227.716603585,cancel,ask,579.48,100.0,17587601
34227.717685566,cancel,ask,579.49,100.0,17587675
34227.717828682,add,bid,578.39,100.0,17587881
34227.718949005,cancel,bid,578.39,100.0,17587881
34227.718987819,add,ask,579.49,100.0,17588298
34227.719155393,add,ask,579.49,100.0,17588370
34227.719902492,cancel,ask,579.49,100.0,17588298
34227.720015787,add,ask,579.48,120.0,17588850
34227.720145033,add,bid,578.39,100.0,17588936
34227.720202737,add,ask,579.48,100.0,17588977
34227.7211385,cancel,ask,579.48,120.0,17588850
34227.721249206,cancel,bid,578.39,100.0,17588936
34227.721265992,add,bid,578.38,100.0,17589524
34227.721309697,cancel,ask,579.48,100.0,17588977
34227.723045084,cancel,bid,578.38,100.0,17589524
34227.72318075,add,ask,579.48,120.0,17590213
34227.723284998,add,bid,578.39,100.0,17590245
34227.724203094,cancel,ask,579.48,120.0,17590213
34227.724336873,cancel,bid,578.39,100.0,17590245
34227.726738872,add,ask,579.49,100.0,17591196
34227.728814795,cancel,ask,579.49,100.0,17591196
34227.728977864,add,bid,578.39,100.0,17591764
34227.729006182,add,ask,579.48,100.0,17591766
34227.730069472,cancel,bid,578.39,100.0,17591764
34227.730184709,cancel,ask,579.48,100.0,17591766
34227.731159644,cancel,ask,579.49,100.0,17592169
34227.731296706,add,bid,578.39,100.0,17592550
34227.731313206,add,ask,579.48,105.0,17592559
34227.732223393,cancel,bid,578.39,100.0,17592550
34227.733284272,cancel,ask,579.48,105.0,17592559
34227.961767321,add,bid,578.68,200.0,17622086
34228.330026154,add,ask,579.51,100.0,17644180
34228.330197395,add,ask,579.51,100.0,17644185
34228.33109119,cancel,ask,579.51,100.0,17644180
34228.331235727,cancel,ask,579.51,100.0,17644185
34228.338222246,add,ask,579.51,100.0,17644440
34228.339288782,cancel,ask,579.51,100.0,17644440
34228.339994194,add,ask,579.51,100.0,17644490
34228.341078514,cancel,ask,579.51,100.0,17644490
34228.342391017,add,ask,579.51,100.0,17644584
34228.342544144,add,ask,579.51,100.0,17644588
34228.343588817,cancel,ask,579.51,100.0,17644584
34228.343734724,cancel,ask,579.51,100.0,17644588
34228.344892715,add,ask,579.51,100.0,17644718
34228.346216818,cancel,ask,579.51,100.0,17644718
34228.347410987,add,ask,579.51,100.0,17644817
34228.34867141,cancel,ask,579.51,100.0,17644817
34228.350319583,add,ask,579.51,100.0,17644881
34228.351389599,cancel,ask,579.51,100.0,17644881
34228.352591423,add,ask,579.51,100.0,17644956
34228.353778872,cancel,ask,579.51,100.0,17644956
34228.355529409,add,ask,579.51,100.0,17645045
34228.355687737,add,ask,579.51,100.0,17645050
34228.3565977,cancel,ask,579.51,100.0,17645045
34228.356739497,cancel,ask,579.51,100.0,17645050
34228.357990092,add,ask,579.51,100.0,17645135
34228.359087387,cancel,ask,579.51,100.0,17645135
34228.360998965,add,ask,579.51,100.0,17645211
34228.362048984,cancel,ask,579.51,100.0,17645211
34228.363925035,add,ask,579.51,100.0,17645360
34228.364961292,cancel,ask,579.51,100.0,17645360
34228.36636015,add,ask,579.51,100.0,17645512
34228.36741584,cancel,ask,579.51,100.0,17645512
34228.368816815,add,ask,579.51,100.0,17645592
34228.368969213,add,ask,579.51,100.0,17645601
34228.369983216,cancel,ask,579.51,100.0,17645592
34228.370124172,cancel,ask,579.51,100.0,17645601
34228.371237855,add,ask,579.51,100.0,17645700
34228.372434523,cancel,ask,579.51,100.0,17645700
34228.375426894,add,ask,579.51,100.0,17645813
34228.376090776,cancel,ask,579.51,100.0,17645813
34228.991274332,add,ask,579.51,100.0,17665575
34228.991440142,add,ask,579.51,100.0,17665585
34228.992493265,cancel,ask,579.51,100.0,17665575
34228.992639699,cancel,ask,579.51,100.0,17665585
34228.994326982,add,ask,579.51,100.0,17665688
34228.995407798,cancel,ask,579.51,100.0,17665688
34228.996135569,add,ask,579.51,100.0,17665732
34228.997215886,cancel,ask,579.51,100.0,17665732
34228.997989879,add,ask,579.51,100.0,17665804
34228.999180038,cancel,ask,579.51,100.0,17665804
34229.00025984,add,ask,579.51,100.0,17665859
34229.001442318,cancel,ask,579.51,100.0,17665859
34229.002195495,add,ask,579.51,105.0,17665912
34229.003271135,cancel,ask,579.51,105.0,17665912
34229.004495987,add,ask,579.51,100.0,17666030
34229.004659178,add,ask,579.51,100.0,17666044
34229.005578502,cancel,ask,579.51,100.0,17666030
34229.005719148,cancel,ask,579.51,100.0,17666044
34229.00687463,add,ask,579.51,100.0,17666138
34229.007906032,cancel,ask,579.51,100.0,17666138
34229.008658552,add,ask,579.51,100.0,17666216
34229.009706492,cancel,ask,579.51,100.0,17666216
34229.010464521,add,ask,579.51,100.0,17666288
34229.011557287,cancel,ask,579.51,100.0,17666288
34229.012810723,add,ask,579.51,100.0,17666461
34229.019291625,cancel,ask,579.51,100.0,17666461
34229.021893445,add,ask,579.51,100.0,17667019
34229.022054084,add,ask,579.51,100.0,17667023
34229.023145861,cancel,ask,579.51,100.0,17667019
34229.023298018,cancel,ask,579.51,100.0,17667023
34229.025032221,add,ask,579.51,100.0,17667219
34229.026235472,cancel,ask,579.51,100.0,17667219
34229.027619455,add,ask,579.51,100.0,17667335
34229.028791421,cancel,ask,579.51,100.0,17667335
34229.03064502,add,ask,579.51,100.0,17667524
34229.031711796,cancel,ask,579.51,100.0,17667524
34229.032510972,add,ask,579.51,100.0,17667656
34229.033299771,cancel,ask,579.51,100.0,17667656
34229.301777106,trade,bid,578.74,100.0,hidden_494
34229.352211213,trade,bid,578.68,100.0,17622086
34229.448227718,add,ask,579.5,100.0,17681824
34229.448397333,add,ask,579.5,100.0,17681843
34229.449294485,cancel,ask,579.5,100.0,17681824
34229.449439945,cancel,ask,579.5,100.0,17681843
34229.450580533,add,ask,579.5,105.0,17681896
34229.451663984,cancel,ask,579.5,105.0,17681896
34229.452925409,add,ask,579.5,100.0,17681992
34229.454019471,cancel,ask,579.5,100.0,17681992
34229.455335815,add,ask,579.5,100.0,17682063
34229.456417092,cancel,ask,579.5,100.0,17682063
34229.457955485,add,ask,579.5,100.0,17682129
34229.45911944,cancel,ask,579.5,100.0,17682129
34229.461970399,add,ask,579.5,100.0,17682305
34229.462141777,add,ask,579.5,100.0,17682314
34229.46262187,cancel,ask,579.5,100.0,17682305
34229.462773292,cancel,ask,579.5,100.0,17682314
34229.46379701,add,ask,579.5,100.0,17682399
34229.464853356,cancel,ask,579.5,100.0,17682399
34229.465613689,add,ask,579.5,100.0,17682487
34229.466718596,cancel,ask,579.5,100.0,17682487
34229.469277975,add,ask,579.5,100.0,17682608
34229.47035692,cancel,ask,579.5,100.0,17682608
34229.471130052,add,ask,579.5,100.0,17682684
34229.472187176,cancel,ask,579.5,100.0,17682684
34229.473428637,add,ask,579.5,100.0,17682742
34229.473585766,add,ask,579.5,100.0,17682745
34229.474525136,cancel,ask,579.5,100.0,17682742
34229.474672094,cancel,ask,579.5,100.0,17682745
34229.475745915,add,ask,579.5,100.0,17682807
34229.4768852,cancel,ask,579.5,100.0,17682807
34229.478152996,add,ask,579.5,100.0,17682844
34229.478803826,cancel,ask,579.5,100.0,17682844
34229.481795144,add,ask,579.5,100.0,17682907
34229.482876105,cancel,ask,579.5,100.0,17682907
34229.483612623,add,ask,579.5,100.0,17683002
34229.485102498,cancel,ask,579.5,100.0,17683002
34229.515645685,trade,bid,578.68,100.0,17622086
34229.516336666,add,bid,578.39,100.0,17683720
34229.51726743,cancel,bid,578.39,100.0,17683720
34229.518357054,add,bid,578.39,100.0,17683782
34229.519461883,cancel,bid,578.39,100.0,17683782
34229.520647676,add,bid,578.39,100.0,17683854
34229.521744476,cancel,bid,578.39,100.0,17683854
34229.523003448,add,bid,578.39,100.0,17683893
34229.524187231,cancel,bid,578.39,100.0,17683893
34229.5254497,add,bid,578.39,100.0,17683929
34229.526535748,cancel,bid,578.39,100.0,17683929
34229.527348905,add,bid,578.39,100.0,17683959
34229.528568249,cancel,bid,578.39,100.0,17683959
34229.52984459,add,bid,578.39,100.0,17684022
34229.530935266,cancel,bid,578.39,100.0,17684022
34229.532124691,add,bid,578.39,100.0,17684055
34229.532783048,cancel,bid,578.39,100.0,17684055
34229.534045651,add,bid,578.39,100.0,17684099
34229.535282679,cancel,bid,578.39,100.0,17684099
34229.536440267,add,bid,578.39,100.0,17684162
34229.537843444,cancel,bid,578.39,100.0,17684162
34229.539023598,add,bid,578.39,100.0,17684303
34229.540224363,cancel,bid,578.39,100.0,17684303
34229.541455789,add,bid,578.39,100.0,17684421
34229.542548457,cancel,bid,578.39,100.0,17684421
34229.543804037,add,bid,578.39,100.0,17684473
34229.544939627,cancel,bid,578.39,100.0,17684473
34229.546220472,add,bid,578.39,100.0,17684511
34229.547295038,cancel,bid,578.39,100.0,17684511
34229.548044085,add,bid,578.39,100.0,17684573
34229.549162726,cancel,bid,578.39,100.0,17684573
34229.549913798,add,bid,578.39,100.0,17684639
34229.550568455,cancel,bid,578.39,100.0,17684639
34229.812848759,trade,bid,578.31,100.0,hidden_565
34230.002481853,cancel,bid,578.28,350.0,17538298
34230.223348832,add,bid,579.02,350.0,17710663
34230.223475193,trade,bid,579.02,91.0,17710663
34230.223548023,trade,bid,579.02,259.0,17710663
34232.540694487,trade,bid,578.28,100.0,17549203
34232.540740456,trade,bid,578.28,100.0,hidden_571
34232.540994955,add,bid,578.28,100.0,17792682
34232.558800822,trade,bid,578.28,100.0,17792682
34232.558800822,trade,bid,578.28,100.0,hidden_574
34232.559118042,add,bid,578.28,100.0,17793663
34232.559215782,trade,bid,578.28,100.0,17793663
34232.559215782,trade,bid,578.28,60.0,hidden_577
34232.55952806,add,bid,578.28,100.0,17793687
34232.559735463,trade,bid,578.28,100.0,17793687
34232.559735463,trade,bid,578.28,100.0,hidden_580
34232.5599823,add,bid,578.28,100.0,17793716
34232.800556946,add,bid,578.28,100.0,17799758
34233.01388213,trade,bid,578.28,100.0,17793716
34233.014156599,add,bid,578.28,100.0,17805275
34233.014172506,cancel,bid,578.28,100.0,17799758
34233.05248325,add,bid,578.28,100.0,17807246
34233.320121892,cancel,ask,579.56,200.0,17683040
34233.320291096,cancel,ask,579.57,100.0,17792706
34233.320305976,add,ask,579.57,200.0,17818508
34233.320354507,add,ask,579.57,200.0,17818523
34233.320464621,cancel,ask,579.57,200.0,17818508
34233.320504774,cancel,ask,579.57,200.0,17818523
34233.323655167,add,ask,578.63,200.0,17819228
34233.32997973,trade,bid,578.31,100.0,hidden_594
34233.32997973,trade,bid,578.28,100.0,17805275
34233.33021984,add,bid,578.28,100.0,17819900
34233.330225647,trade,bid,578.28,60.0,17807246
34233.330264837,trade,bid,578.28,40.0,17807246
34233.564581837,trade,bid,578.28,100.0,17819900
34233.564581837,trade,bid,578.28,40.0,hidden_600
34234.849006784,cancel,bid,577.93,300.0,17516942
34236.217344815,add,bid,577.3,100.0,17926637
34236.24609577,cancel,bid,577.3,100.0,17926637
34236.24609577,add,bid,577.32,100.0,17927179
34236.298731154,cancel,bid,577.32,100.0,17927179
34236.327331665,add,bid,577.36,100.0,17929232
34236.349253811,cancel,bid,577.36,100.0,17929232
34236.349253811,add,bid,577.38,100.0,17929584
34236.411980165,cancel,bid,577.38,100.0,17929584
34236.411980165,add,bid,577.4,100.0,17931813
34236.445706855,cancel,bid,577.4,100.0,17931813
34236.445706855,add,bid,577.42,100.0,17932438
34236.468933187,cancel,bid,577.42,100.0,17932438
34236.468933187,add,bid,577.44,100.0,17932908
34236.507989743,cancel,bid,577.44,100.0,17932908
34236.520730988,add,bid,577.3,100.0,17934331
34236.578460655,cancel,bid,577.3,100.0,17934331
34236.607337569,add,bid,577.34,100.0,17936527
34236.636153441,cancel,bid,577.34,100.0,17936527
34236.636153441,add,bid,577.36,100.0,17937534
34236.667265251,cancel,bid,577.36,100.0,17937534
34236.667265251,add,bid,577.38,100.0,17938202
34236.685497401,cancel,bid,577.38,100.0,17938202
34236.685497401,add,bid,577.4,100.0,17938500
34236.720333522,cancel,bid,577.4,100.0,17938500
34236.720333522,add,bid,577.42,100.0,17939510
34236.743343071,cancel,bid,577.42,100.0,17939510
34236.743343071,add,bid,577.44,100.0,17940137
34236.777268766,cancel,bid,577.44,100.0,17940137
34236.816298451,add,bid,577.3,100.0,17942097
34236.843714145,cancel,bid,577.3,100.0,17942097
34236.843714145,add,bid,577.32,100.0,17942562
34236.871928946,cancel,bid,577.32,100.0,17942562
34236.871928946,add,bid,577.34,100.0,17943110
34236.894805627,cancel,bid,577.34,100.0,17943110
34236.929442331,add,bid,577.3,100.0,17944640
34236.953909561,cancel,bid,577.3,100.0,17944640
34236.953909561,add,bid,577.32,100.0,17945213
34236.98830792,cancel,bid,577.32,100.0,17945213
34236.98830792,add,bid,577.34,100.0,17946149
34237.010415155,cancel,bid,577.34,100.0,17946149
34237.046216038,add,bid,577.3,100.0,17948401
34237.087609198,cancel,bid,577.3,100.0,17948401
34237.087609198,add,bid,577.32,100.0,17950325
34237.118619931,cancel,bid,577.32,100.0,17950325
34237.118619931,add,bid,577.34,100.0,17951464
34237.150454218,cancel,bid,577.34,100.0,17951464
34237.150454218,add,bid,577.36,100.0,17952910
34237.179920537,cancel,bid,577.36,100.0,17952910
34237.179920537,add,bid,577.38,100.0,17953868
34237.204551717,cancel,bid,577.38,100.0,17953868
34237.239697919,add,bid,577.3,100.0,17955466
34237.295790554,cancel,bid,577.3,100.0,17955466
34237.35320967,add,bid,577.3,100.0,17958971
34237.377077647,cancel,bid,577.3,100.0,17958971
34237.444576954,add,bid,577.3,100.0,17961944
34237.475712033,cancel,bid,577.3,100.0,17961944
34237.494158171,add,bid,577.3,100.0,17963100
34237.544448444,cancel,bid,577.3,100.0,17963100
34237.580042976,add,bid,577.34,100.0,17965576
34237.633686386,cancel,bid,577.34,100.0,17965576
34237.639985706,trade,ask,577.82,40.0,hidden_662
34237.758605615,cancel,bid,577.28,100.0,17828517
34237.758763103,add,bid,577.28,400.0,17972272
34237.918268841,cancel,ask,578.63,200.0,17819228
34237.918436135,add,ask,579.58,100.0,17983396
34237.918486224,add,ask,579.58,100.0,17983401
34237.918558615,add,ask,579.58,200.0,17983404
34237.928797996,trade,bid,577.9,60.0,hidden_669
34237.928944641,cancel,ask,579.58,100.0,17983396
34237.928993079,cancel,ask,579.58,100.0,17983401
34237.929054007,cancel,ask,579.58,200.0,17983404
34240.104069363,trade,ask,577.72,100.0,hidden_673
34243.035414864,add,ask,578.15,200.0,18114208
34243.035590727,add,ask,578.15,200.0,18114215
34243.136097462,cancel,ask,578.15,200.0,18114208
34243.136243612,cancel,ask,578.15,200.0,18114215
34243.151415922,trade,bid,577.29,25.0,hidden_678
34243.16231741,add,bid,577.29,30.0,18117865
34245.255457099,add,ask,578.04,13.0,18172773
34245.699886722,trade,bid,577.3,15.0,hidden_681
34245.699886722,trade,bid,577.29,30.0,18117865
34245.699886722,trade,bid,577.28,15.0,17972272
34245.70971711,add,bid,577.36,3.0,18185916
34251.132113003,trade,ask,577.78,62.0,hidden_685
34251.132817272,cancel,ask,578.04,13.0,18172773
34251.133658918,add,ask,577.8,13.0,18312096
34251.150184642,trade,ask,577.7,13.0,hidden_688
34251.154558112,trade,ask,577.7,13.0,hidden_689
34251.156562692,trade,ask,577.7,12.0,hidden_690
34251.156562692,trade,ask,577.77,1.0,hidden_691
34251.158185259,trade,ask,577.77,13.0,hidden_692
34251.21643073,trade,ask,577.77,13.0,hidden_693
34251.216674662,trade,ask,577.77,13.0,hidden_694
34251.222189493,trade,ask,577.77,13.0,hidden_695
34251.237905132,trade,ask,577.77,13.0,hidden_696
34251.757232864,trade,ask,577.75,13.0,hidden_697
34251.761441498,trade,ask,577.66,13.0,hidden_698
34254.054588635,add,bid,577.43,100.0,18390135
34257.587050397,trade,bid,577.46,70.0,hidden_700
34257.713401181,cancel,bid,577.43,100.0,18390135
34259.507617627,trade,ask,577.79,13.0,hidden_702
34259.5076196,trade,ask,577.79,13.0,hidden_703
34259.507775779,trade,ask,577.79,13.0,hidden_704
34259.507891039,trade,ask,577.79,13.0,hidden_705
34259.508008648,trade,ask,577.79,1.0,hidden_706
34259.509229885,trade,ask,577.79,13.0,hidden_707
34259.509366122,trade,ask,577.79,13.0,hidden_708
34259.509508025,trade,ask,577.79,13.0,hidden_709
34259.509629471,trade,ask,577.8,13.0,18312096
34259.538853183,add,ask,578.85,100.0,18513017
34259.539007621,add,ask,578.85,100.0,18513021
34259.549148335,add,ask,578.1,100.0,18513244
34259.54952459,trade,ask,578.06,183.0,hidden_714
34261.379343675,add,ask,577.51,8.0,18595522
34261.37945997,trade,ask,577.51,8.0,18595522
34263.256699352,trade,bid,577.45,13.0,hidden_717
34263.35598571,trade,ask,578.04,50.0,hidden_718
34263.35598571,trade,ask,578.05,75.0,hidden_719
34263.611635898,add,ask,577.51,6.0,18675942
34263.611742748,trade,ask,577.51,6.0,18675942
34268.710478237,cancel,ask,578.1,100.0,18513244
34268.731169894,add,ask,578.86,100.0,18793000
34268.73134783,add,ask,578.86,100.0,18793009
34268.748543651,cancel,ask,578.86,100.0,18793009
34268.944087088,add,bid,577.43,100.0,18797790
34268.965037521,cancel,ask,578.86,100.0,18793000
34269.868445896,add,ask,577.96,2.0,18819320
34273.783262355,add,bid,577.45,300.0,18930424
34274.215683904,cancel,bid,577.45,300.0,18930424
34274.21583879,add,bid,577.46,300.0,18940158
34274.367080149,cancel,bid,577.46,300.0,18940158
34274.367257299,add,bid,577.47,300.0,18942869
34274.719225034,cancel,bid,577.47,300.0,18942869
34274.719363432,add,bid,577.48,300.0,18950278
34274.878956295,cancel,bid,577.48,300.0,18950278
34274.879094946,add,bid,577.49,300.0,18954066
34275.281019829,cancel,bid,577.49,300.0,18954066
34275.281170091,add,bid,577.5,300.0,18962978
34278.032284851,cancel,bid,577.5,300.0,18962978
34278.032524806,add,bid,577.5,400.0,19034433
34280.400752578,add,bid,577.51,100.0,19090125
34280.815268055,add,bid,577.51,100.0,19099454
34281.292087631,add,bid,577.54,100.0,19111831
34281.375355425,trade,ask,577.96,2.0,18819320
34281.375357868,trade,ask,577.96,2.0,hidden_746
34281.467153301,add,bid,577.55,100.0,19127369
34281.669075023,add,bid,577.55,100.0,19133236
34281.850410703,add,ask,578.51,100.0,19138244
34281.850590773,add,ask,578.51,100.0,19138247
34281.907951529,cancel,ask,578.51,100.0,19138244
34281.908097977,cancel,ask,578.51,100.0,19138247
34283.013064321,add,ask,578.51,100.0,19161126
34283.01323278,add,ask,578.51,100.0,19161128
34283.232319561,add,bid,577.56,100.0,19165168
34283.232477704,cancel,ask,578.51,100.0,19161128
34283.23350722,add,bid,577.58,100.0,19165201
34283.263305766,cancel,ask,578.51,100.0,19161126
34283.52636703,cancel,bid,577.58,100.0,19165201
34283.527867267,cancel,bid,577.56,100.0,19165168
34283.537705409,add,ask,578.51,100.0,19169629
34283.537864709,add,ask,578.51,100.0,19169636
34283.723091038,trade,bid,577.66,1.0,hidden_763
34283.723253345,cancel,ask,578.51,100.0,19169636
34284.268502344,cancel,ask,578.51,100.0,19169629
34284.293055091,add,ask,578.51,100.0,19183093
34284.293222977,add,ask,578.51,100.0,19183102
34284.53900007,cancel,ask,578.51,100.0,19183102
34293.305556619,add,bid,577.56,200.0,19394920
34293.339267584,cancel,ask,578.51,100.0,19183093
34293.399839699,add,bid,577.56,100.0,19396717
34298.383548936,trade,bid,578.05,22.0,hidden_772
34298.383845517,cancel,bid,577.56,100.0,19396717
34302.238694119,add,ask,578.5,100.0,19599049
34302.238871243,add,ask,578.5,100.0,19599053
34302.50574014,add,bid,577.56,100.0,19603429
34302.505893339,cancel,ask,578.5,100.0,19599053
34304.417910483,cancel,bid,577.56,200.0,19394920
34306.229804083,add,bid,577.57,100.0,19695098
34306.976729335,cancel,bid,577.57,100.0,19695098
34306.997836925,add,bid,577.55,100.0,19710258
34306.998572394,cancel,bid,577.55,100.0,19710258
34307.275814742,cancel,ask,578.5,100.0,19599049
34308.02160299,cancel,bid,577.55,100.0,19133236
34308.052913807,trade,ask,577.96,2.0,hidden_785
34308.751818481,add,bid,577.57,100.0,19759938
34309.396295704,trade,bid,577.86,1.0,hidden_787
34312.005149305,add,ask,578.17,2.0,19859754
34313.817734315,add,bid,577.82,300.0,19892004
34314.011658762,trade,ask,578.17,2.0,19859754
34314.011873064,add,ask,579.58,100.0,19896213
34314.012055658,add,ask,579.58,100.0,19896281
34314.290648862,trade,bid,577.88,1.0,hidden_793
34314.290814586,cancel,ask,579.58,100.0,19896281
34314.434401746,trade,ask,578.12,1.0,hidden_795
34318.271721333,trade,ask,578.23,89.0,hidden_796
34318.67053777,add,ask,578.45,100.0,19985117
34318.670714916,add,ask,578.45,100.0,19985120
34318.741686074,add,ask,578.37,100.0,19986240
34320.254185099,cancel,bid,577.82,300.0,19892004
34320.840798038,add,bid,577.81,100.0,20039921
34321.653254642,cancel,bid,577.81,100.0,20039921
34322.552615166,add,bid,578.0,100.0,20084755
34324.36431213,add,bid,578.0,400.0,20121837
34324.365502337,trade,ask,578.32,100.0,hidden_805
34324.367092511,trade,ask,578.34,100.0,hidden_806
34324.482830426,trade,ask,578.34,100.0,hidden_807
34325.375599224,cancel,ask,578.37,100.0,19986240
34325.375768708,add,ask,579.58,100.0,20145890
34325.38321017,trade,bid,578.07,100.0,hidden_810
34325.385711896,trade,bid,578.05,3.0,hidden_811
34325.385711896,trade,bid,578.02,70.0,hidden_812
34325.385711896,trade,bid,578.0,100.0,20084755
34325.385711896,trade,bid,578.0,400.0,20121837
34331.156735221,trade,ask,578.0,3.0,hidden_815
34331.713164493,add,bid,577.83,100.0,20302014
34333.248237302,add,bid,577.85,300.0,20327617
34333.295933256,add,ask,578.37,5.0,20328387
34334.143631094,trade,ask,578.0,200.0,hidden_819
34335.003415519,cancel,ask,578.37,5.0,20328387
34335.271811534,add,ask,578.5,100.0,20367321
34335.430739579,add,ask,578.31,200.0,20378438
34335.430909269,add,ask,578.31,100.0,20378442
34335.458297734,add,ask,578.3,100.0,20378957
34335.467443035,add,bid,577.85,100.0,20379139
34336.409588015,cancel,bid,577.85,100.0,20379139
34338.586386305,add,bid,578.03,51.0,20438125
34338.58649912,trade,bid,578.03,51.0,20438125
34339.15643892,add,bid,577.85,100.0,20454221
34340.062712195,trade,bid,577.91,95.0,hidden_830
34340.062712195,trade,bid,577.85,234.0,20327617
34340.062831299,trade,bid,577.85,63.0,20327617
34340.062837618,trade,bid,577.85,3.0,20327617
34340.062837618,trade,bid,577.85,96.0,20454221
34340.062974008,trade,bid,577.85,4.0,20454221
34340.062974008,trade,bid,577.84,93.0,20386922
34340.064028956,trade,bid,577.84,7.0,20386922
34343.186054186,add,bid,577.88,100.0,20540534
34343.186182491,trade,bid,577.88,87.0,20540534
34343.186424662,trade,bid,577.88,13.0,20540534
34343.583987268,add,ask,578.24,100.0,20549125
34343.584163965,add,ask,578.24,100.0,20549128
34343.74952782,cancel,ask,578.24,100.0,20549128
34344.702805391,trade,bid,577.58,100.0,hidden_844
34346.151441151,trade,bid,577.6,1.0,hidden_845
34346.362233068,trade,bid,577.6,100.0,hidden_846
34346.36316011,trade,bid,577.58,100.0,hidden_847
34346.964553113,add,ask,578.2,100.0,20638147
34346.964728412,add,ask,578.2,100.0,20638150
34347.35146607,cancel,ask,578.2,100.0,20638147
34347.35161412,cancel,ask,578.2,100.0,20638150
34347.433599081,add,ask,578.18,100.0,20649709
34347.433765173,add,ask,578.18,100.0,20649712
34347.875431978,cancel,ask,578.18,100.0,20649709
34347.875584651,cancel,ask,578.18,100.0,20649712
34348.430923671,trade,bid,577.57,100.0,19759938
34348.586493797,add,bid,577.42,500.0,20681244
34348.809185317,trade,bid,577.57,13.0,hidden_858
34348.809185317,trade,bid,577.42,387.0,20681244
34349.133463286,add,ask,578.16,200.0,20709162
34351.613955626,trade,bid,577.775,40.0,hidden_861
34353.23598189,cancel,ask,578.16,200.0,20709162
34353.245457042,trade,bid,577.42,60.0,20681244
34353.246194602,trade,bid,577.42,53.0,20681244
34353.246912202,trade,bid,577.3,58.0,19500112
34353.247120658,trade,bid,577.3,42.0,19500112
34353.548100114,add,ask,577.78,200.0,20828557
34359.274874454,cancel,ask,577.78,200.0,20828557
34359.278711514,add,bid,577.02,100.0,20925288
34359.335727905,cancel,bid,577.02,100.0,20925288
34361.200463898,add,ask,577.74,100.0,20964596
34363.656260867,cancel,ask,577.74,100.0,20964596
34363.659022708,add,bid,577.02,100.0,21028177
34363.662409376,cancel,bid,577.02,100.0,21028177
34363.691349625,add,ask,577.68,100.0,21028917
34364.226963077,add,bid,577.1,100.0,21041912
34364.31336787,cancel,bid,577.1,100.0,21041912
34364.31590427,add,bid,577.17,100.0,21049241
34364.815491557,cancel,bid,577.17,100.0,21049241
34364.8185974,add,bid,577.18,100.0,21064174
34364.820972467,cancel,bid,577.18,100.0,21064174
34364.824429113,add,bid,577.18,100.0,21064311
34364.830554322,cancel,bid,577.18,100.0,21064311
34364.837191954,add,bid,577.18,100.0,21064511
34364.844004719,cancel,bid,577.18,100.0,21064511
34364.850717157,add,bid,577.18,100.0,21064844
34364.857829021,cancel,bid,577.18,100.0,21064844
34364.864929835,add,bid,577.18,100.0,21065136
34364.871495943,cancel,bid,577.18,100.0,21065136
34364.878776847,add,bid,577.18,100.0,21065280
34364.885532522,cancel,bid,577.18,100.0,21065280
34364.892428376,add,bid,577.18,100.0,21065475
34364.899615411,cancel,bid,577.18,100.0,21065475
34364.906497781,add,bid,577.18,100.0,21065698
34364.913149248,cancel,bid,577.18,100.0,21065698
34364.920474698,add,bid,577.18,100.0,21065879
34364.927202555,cancel,bid,577.18,100.0,21065879
34364.933957602,add,bid,577.18,100.0,21066142
34364.9404832,cancel,bid,577.18,100.0,21066142
34364.947143077,add,bid,577.18,100.0,21066321
34364.95362866,cancel,bid,577.18,100.0,21066321
34364.960518839,add,bid,577.18,100.0,21066552
34364.967678796,cancel,bid,577.18,100.0,21066552
34364.974448671,add,bid,577.18,100.0,21066911
34364.981293361,cancel,bid,577.18,100.0,21066911
34364.988585301,add,bid,577.18,100.0,21067144
34364.995669643,cancel,bid,577.18,100.0,21067144
34365.002319332,add,bid,577.18,100.0,21067364
34365.008849317,cancel,bid,577.18,100.0,21067364
34365.016321943,add,bid,577.18,100.0,21067953
34365.023156677,cancel,bid,577.18,100.0,21067953
34365.030875018,add,bid,577.18,100.0,21068428
34365.037317051,cancel,bid,577.18,100.0,21068428
34365.043986761,add,bid,577.18,100.0,21068909
34365.051110509,cancel,bid,577.18,100.0,21068909
34365.057242516,add,bid,577.18,100.0,21069263
34365.063862593,cancel,bid,577.18,100.0,21069263
34365.070838919,add,bid,577.18,100.0,21069608
34365.078114156,cancel,bid,577.18,100.0,21069608
34365.084925208,add,bid,577.18,100.0,21070099
34365.091954511,cancel,bid,577.18,100.0,21070099
34365.094419379,add,bid,577.24,100.0,21070688
34365.816322301,trade,bid,577.24,100.0,21070688
34366.201571544,cancel,ask,577.68,100.0,21028917
34366.213194044,add,ask,578.11,100.0,21089993
34366.241276759,add,ask,577.78,100.0,21091020
34368.683769159,trade,bid,577.01,100.0,hidden_927
34368.683769159,trade,bid,577.01,7.0,hidden_928
34368.73295339,cancel,ask,577.78,100.0,21091020
34368.733663803,add,ask,578.12,100.0,21137839
34369.766914651,cancel,ask,578.12,100.0,21137839
34369.766914651,add,ask,578.14,100.0,21158639
34370.546033235,add,bid,577.09,100.0,21171669
34370.559023732,cancel,ask,578.14,100.0,21158639
34370.559023732,add,ask,578.16,100.0,21171828
34370.559957379,cancel,ask,578.16,100.0,21171828
34370.559957379,add,ask,578.19,100.0,21171839
34370.560476404,cancel,ask,578.19,100.0,21171839
34370.560476404,add,ask,578.12,100.0,21171847
34370.566072531,cancel,ask,578.12,100.0,21171847
34370.566072531,add,ask,578.14,100.0,21171950
34370.566925289,cancel,ask,578.14,100.0,21171950
34370.566925289,add,ask,578.17,100.0,21171960
34370.567739661,cancel,ask,578.17,100.0,21171960
34370.567739661,add,ask,578.12,100.0,21171971
34370.569350265,cancel,ask,578.12,100.0,21171971
34370.569350265,add,ask,578.14,100.0,21171994
34370.56976817,cancel,ask,578.14,100.0,21171994
34370.56976817,add,ask,578.17,100.0,21172005
34370.570526383,cancel,ask,578.17,100.0,21172005
34370.570526383,add,ask,578.21,100.0,21172020
34370.595159411,cancel,ask,578.21,100.0,21172020
34370.597288012,add,ask,578.12,100.0,21172467
34372.805343323,cancel,ask,578.12,100.0,21172467
34372.805343323,add,ask,578.16,100.0,21208040
34373.088059677,cancel,bid,577.09,100.0,21171669
34374.015465907,cancel,ask,578.16,100.0,21208040
34374.015465907,add,ask,578.18,100.0,21227287
34375.036749992,cancel,ask,578.18,100.0,21227287
34375.036749992,add,ask,578.19,100.0,21242695
34375.802448013,add,ask,578.0,50.0,21256015
34376.554343306,add,ask,577.67,100.0,21268145
34378.703059618,cancel,ask,577.67,100.0,21268145
34378.742053074,add,ask,577.61,100.0,21299341
34379.600368604,add,ask,577.58,20.0,21310770
34379.600560069,add,ask,577.58,30.0,21310773
34382.807318897,add,ask,577.56,100.0,21388849
34383.35431402,add,ask,577.5,20.0,21396866
34383.354442829,add,ask,577.5,30.0,21396868
34384.359533612,trade,ask,577.5,20.0,21396866
34384.359533612,trade,ask,577.5,30.0,21396868
34384.386050864,add,ask,577.51,100.0,21412854
34384.386155156,trade,ask,577.51,100.0,21412854
34384.536453378,add,bid,577.18,100.0,21415365
34384.55573736,cancel,bid,577.18,100.0,21415365
34385.482014395,add,bid,577.18,100.0,21433754
34385.915775068,add,ask,577.9,100.0,21440500
34385.93610277,cancel,bid,577.18,100.0,21433754
34385.936265714,add,bid,577.0,300.0,21440777
34385.936314278,add,bid,577.0,100.0,21440780
34387.49748834,cancel,ask,577.9,100.0,21440500
34387.497649286,cancel,bid,577.0,300.0,21440777
34387.497695582,cancel,bid,577.0,100.0,21440780
34388.004600127,add,bid,577.31,100.0,21487299
34394.123792032,add,ask,577.63,1.0,21606071
34397.167820826,add,bid,577.31,5.0,21683064
34397.909532458,cancel,bid,577.31,100.0,21487299
34397.978725179,add,ask,577.54,1.0,21703133
34397.983262026,trade,ask,577.54,1.0,21703133
34400.302376448,trade,ask,577.6,1.0,hidden_990
34400.302556521,trade,ask,577.6,1.0,hidden_991
34400.302674642,trade,ask,577.63,1.0,21606071
34402.474463353,add,ask,577.96,100.0,21802864
34404.487518642,add,ask,577.95,100.0,21830439
34416.033387793,add,ask,577.95,100.0,22004653
34416.037087135,cancel,ask,577.95,100.0,22004653
34417.171005023,add,ask,577.95,100.0,22022158
34419.17998631,cancel,ask,577.95,100.0,21830439
34419.18051696,cancel,ask,577.95,100.0,22022158
34419.632733496,trade,bid,577.31,5.0,21683064
34420.063635141,add,ask,577.96,100.0,22073677
34420.096659217,cancel,ask,577.96,100.0,22073677
34420.097867508,add,ask,577.96,100.0,22074281
34420.140833058,cancel,ask,577.96,100.0,22074281
34423.642073626,add,ask,577.19,200.0,22131999
34424.746297188,cancel,ask,577.19,200.0,22131999
34424.746763708,add,ask,577.96,100.0,22150735
34424.778054003,trade,bid,577.0,2.0,1378648
34424.778054003,trade,bid,577.0,2.0,2122857
34424.778054003,trade,bid,577.0,3.0,2125118
34424.778054003,trade,bid,577.0,93.0,20146166
34424.778202822,cancel,bid,577.0,7.0,20146166
34426.43664004,trade,ask,577.14,100.0,hidden_1013
34435.826296061,add,ask,577.42,100.0,22295191
34439.950177499,add,bid,577.0,500.0,22341679
34439.994464353,cancel,ask,577.42,100.0,22295191
34440.461281642,cancel,ask,577.96,100.0,21802864
34444.315994556,cancel,ask,577.96,100.0,22150735
34444.315994556,add,ask,577.98,100.0,22430679
34444.316826801,cancel,ask,577.98,100.0,22430679
34444.952715946,cancel,bid,577.0,500.0,22341679
34446.528661508,add,ask,578.0,100.0,22464988
34446.529071859,add,ask,578.0,100.0,22465007
34447.127137079,cancel,ask,578.0,100.0,22464988
34447.485431182,add,ask,577.46,100.0,22480333
34447.486636363,trade,ask,577.46,100.0,22480333
34453.533315087,add,bid,577.0,50.0,22565097
34453.662973938,cancel,ask,578.0,100.0,22465007
34453.662973938,add,ask,577.82,100.0,22567942
34453.707804625,cancel,ask,577.82,100.0,22567942
34453.707804625,add,ask,577.84,100.0,22569175
34453.70885166,cancel,ask,577.84,100.0,22569175
34453.70885166,add,ask,577.88,100.0,22569236
34453.71013296,cancel,ask,577.88,100.0,22569236
34453.71013296,add,ask,577.82,100.0,22569266
34455.654117169,add,bid,577.0,100.0,22594812
34455.654287506,add,bid,577.0,100.0,22594814
34455.657308255,add,bid,577.0,100.0,22594857
34457.151031208,cancel,ask,577.82,100.0,22569266
34457.151031208,add,ask,577.84,100.0,22622058
34457.151552376,cancel,ask,577.84,100.0,22622058
34457.151552376,add,ask,577.88,100.0,22622080
34457.151922955,cancel,ask,577.88,100.0,22622080
34457.151922955,add,ask,577.9,100.0,22622097
34457.15303346,cancel,ask,577.9,100.0,22622097
34457.15303346,add,ask,577.82,100.0,22622163
34457.27316216,cancel,ask,577.82,100.0,22622163
34457.27316216,add,ask,577.84,100.0,22626633
34457.27356498,cancel,ask,577.84,100.0,22626633
34457.27356498,add,ask,577.88,100.0,22626654
34457.273933778,cancel,ask,577.88,100.0,22626654
34457.273933778,add,ask,577.93,100.0,22626663
34457.274333445,cancel,ask,577.93,100.0,22626663
34457.27466706,add,ask,577.82,100.0,22626680
34457.28415419,cancel,ask,577.82,100.0,22626680
34457.28415419,add,ask,577.84,100.0,22627386
34457.284560624,cancel,ask,577.84,100.0,22627386
34457.284560624,add,ask,577.88,100.0,22627402
34457.285076184,cancel,ask,577.88,100.0,22627402
34457.285076184,add,ask,577.93,100.0,22627427
34457.28548877,cancel,ask,577.93,100.0,22627427
34457.286073635,add,ask,577.82,100.0,22627455
34458.915522119,trade,ask,577.23,7.0,hidden_1063
34461.133105184,cancel,ask,577.82,100.0,22627455
34461.133105184,add,ask,577.84,100.0,22681052
34461.133459697,cancel,ask,577.84,100.0,22681052
34461.133459697,add,ask,577.88,100.0,22681055
34461.134693327,cancel,ask,577.88,100.0,22681055
34461.134693327,add,ask,577.82,100.0,22681071
34464.291897059,cancel,ask,577.82,100.0,22681071
34464.291897059,add,ask,577.84,100.0,22719994
34464.292943326,cancel,ask,577.84,100.0,22719994
34464.292943326,add,ask,577.88,100.0,22720031
34464.546859157,cancel,ask,577.88,100.0,22720031
34464.546859157,add,ask,577.91,100.0,22723191
34464.6761406,cancel,ask,577.91,100.0,22723191
34464.6761406,add,ask,577.99,100.0,22724650
34465.640286458,cancel,ask,577.99,100.0,22724650
34465.64774411,add,ask,577.82,100.0,22739517
34466.785193918,cancel,ask,577.82,100.0,22739517
34466.785193918,add,ask,577.85,100.0,22753202
34467.517640797,cancel,bid,577.0,100.0,22594812
34467.517809665,cancel,bid,577.0,100.0,22594857
34467.517953137,cancel,bid,577.0,100.0,22594814
34467.519965221,add,bid,577.1,100.0,22765372
34467.520121626,add,bid,577.1,100.0,22765373
34468.479083059,add,ask,577.45,100.0,22776536
34469.92709425,trade,ask,577.44,100.0,hidden_1088
34470.005899515,trade,ask,577.4,89.0,hidden_1089
34470.005899515,add,bid,577.4,11.0,22793144
34470.006013813,trade,bid,577.4,11.0,22793144
34470.313341769,trade,ask,577.45,100.0,22776536
34470.313836666,cancel,ask,577.85,100.0,22753202
34470.313836666,add,ask,577.86,100.0,22798184
34470.315704513,cancel,bid,577.1,100.0,22765373
34470.315968686,cancel,bid,577.1,100.0,22765372
34470.316821392,cancel,ask,577.86,100.0,22798184
34470.316821392,add,ask,577.91,100.0,22798274
34470.317806479,add,bid,577.45,100.0,22798281
34470.318042402,add,bid,577.45,100.0,22798287
34470.318217344,cancel,ask,577.91,100.0,22798274
34470.712418593,cancel,bid,577.45,100.0,22798281
34470.712792226,cancel,bid,577.45,100.0,22798287
34470.715042745,add,bid,577.45,100.0,22802447
34470.715397397,add,bid,577.45,100.0,22802457
34470.92398922,cancel,bid,577.45,100.0,22802447
34470.924831133,cancel,bid,577.45,100.0,22802457
34470.926480101,add,bid,577.45,100.0,22804318
34470.927189926,add,bid,577.45,100.0,22804332
34471.60012344,add,ask,577.8,100.0,22812027
34474.743797369,trade,bid,577.48,1.0,hidden_1111
34476.792859807,trade,bid,577.48,99.0,hidden_1112
34476.792859807,trade,bid,577.46,100.0,hidden_1113
34476.792859807,trade,bid,577.46,1.0,hidden_1114
34477.343400666,trade,bid,577.45,50.0,22804318
34481.747376682,trade,ask,577.78,100.0,hidden_1116
34481.74953348,cancel,bid,577.45,50.0,22804318
34481.749921634,add,ask,577.8,100.0,22934833
34481.750069426,cancel,bid,577.45,100.0,22804332
34481.752923404,add,bid,577.45,100.0,22934882
34481.977647397,trade,bid,577.48,1.0,hidden_1121
34481.98466662,trade,bid,577.48,100.0,hidden_1122
34482.145131803,cancel,bid,577.45,100.0,22934882
34482.147796891,add,bid,577.45,100.0,22952132
34483.985649209,cancel,ask,577.8,100.0,22934833
34485.038235526,trade,bid,577.49,1.0,hidden_1126
34485.199394444,trade,bid,577.49,24.0,hidden_1127
34485.199801229,trade,bid,577.46,100.0,hidden_1128
34486.655981792,trade,bid,577.48,20.0,hidden_1129
34491.803363028,add,ask,577.8,40.0,23117366
34492.629305578,trade,bid,577.48,100.0,hidden_1131
34492.757942839,cancel,bid,577.45,100.0,22952132
34492.760070953,add,bid,577.45,100.0,23127449
34492.958464715,cancel,bid,577.45,100.0,23127449
34492.961854437,add,bid,577.45,100.0,23130064
34500.101240563,add,bid,577.5,100.0,23233624
34500.11653506,trade,bid,577.51,1.0,hidden_1137
34500.15958421,add,bid,577.53,100.0,23238603
34500.171394741,add,bid,577.56,100.0,23239209
34500.18031266,add,bid,577.59,100.0,23239592
34500.298623509,cancel,ask,577.8,100.0,22812027
34500.535646653,trade,ask,577.76,40.0,hidden_1142
34500.535805613,trade,ask,577.76,40.0,hidden_1143
34500.535934337,trade,ask,577.76,16.0,hidden_1144
34500.537753113,trade,ask,577.8,40.0,23117366
34500.555046789,add,bid,577.66,100.0,23258035
34500.55515026,trade,ask,577.87,3.0,hidden_1147
34500.55515026,trade,ask,578.0,50.0,21256015
34500.55515026,trade,ask,578.0,47.0,hidden_1149
34500.559272168,add,bid,577.66,100.0,23258476
34500.564329811,add,ask,578.14,100.0,23258863
34500.564448262,cancel,ask,578.14,100.0,23258863
34500.564448262,add,ask,578.26,100.0,23258871
34500.5650724,add,ask,578.22,100.0,23258919
34500.565302824,cancel,bid,577.66,100.0,23258035
34500.565311324,add,ask,578.03,100.0,23258945
34500.701605152,add,bid,577.66,800.0,23265086
34500.783741434,trade,ask,578.03,100.0,23258945
34500.784256579,cancel,ask,578.22,100.0,23258919
34500.784256579,add,ask,578.37,100.0,23266861
34500.785465985,cancel,bid,577.66,100.0,23258476
34500.787472745,add,bid,578.02,100.0,23266918
34500.78794434,cancel,ask,578.37,100.0,23266861
34500.78794434,add,ask,578.42,100.0,23266927
34500.788600701,add,bid,578.02,100.0,23266956
34500.791694111,cancel,ask,578.42,100.0,23266927
34500.791694111,add,ask,578.49,100.0,23267018
34500.791869186,add,ask,578.49,200.0,23267021
34500.791928414,add,ask,578.49,100.0,23267023
34500.792263863,cancel,ask,578.49,100.0,23267018
34500.797066549,trade,bid,578.03,112.0,hidden_1171
34501.762218289,trade,bid,578.04,91.0,hidden_1172
34501.762218289,trade,bid,578.03,9.0,hidden_1173
34501.764190909,trade,bid,578.03,78.0,hidden_1174
34501.764190909,trade,bid,578.02,22.0,23266918
34501.767106458,cancel,bid,578.02,100.0,23266956
34501.767190522,trade,bid,578.02,78.0,23266918
34502.853961216,add,ask,578.14,200.0,23306618
34505.703505483,cancel,bid,577.66,800.0,23265086
34506.293156055,add,bid,577.65,100.0,23379108
34506.975429416,cancel,ask,578.14,200.0,23306618
34506.975598219,add,ask,578.56,200.0,23400514
34506.975648426,add,ask,578.56,100.0,23400516
34506.975700438,add,ask,578.56,100.0,23400518
34506.987535333,trade,bid,577.75,80.0,hidden_1185
34506.987686298,cancel,ask,578.56,200.0,23400514
34506.987728508,cancel,ask,578.56,100.0,23400516
34506.98776164,cancel,ask,578.56,100.0,23400518
34506.994552912,cancel,bid,577.65,100.0,23379108
34507.00186021,add,bid,577.66,100.0,23401035
34507.008714052,cancel,bid,577.66,100.0,23401035
34507.046535988,add,ask,578.19,100.0,23402446
34507.05706604,add,bid,577.52,100.0,23402633
34507.061195302,cancel,bid,577.52,100.0,23402633
34507.06358961,add,bid,577.6,100.0,23402864
34509.321248613,trade,bid,577.75,2.0,hidden_1196
34510.001989774,add,bid,577.6,142.0,23466266
34511.28443865,add,ask,577.81,100.0,23491045
34511.284775099,add,ask,577.81,100.0,23491062
34511.288071662,trade,bid,577.75,7.0,hidden_1200
34511.288182115,trade,bid,577.75,11.0,hidden_1201
34511.378668085,cancel,ask,577.81,100.0,23491062
34511.399128227,trade,ask,577.78,78.0,hidden_1203
34511.42186063,trade,ask,577.78,100.0,hidden_1204
34511.620045658,trade,ask,577.78,200.0,hidden_1205
34511.622298092,cancel,bid,577.6,100.0,23402864
34511.622442479,cancel,bid,577.6,142.0,23466266
34511.653719125,add,bid,577.6,142.0,23497077
34511.661826258,add,bid,577.6,100.0,23497212
34511.992236359,trade,bid,577.61,1.0,hidden_1210
34511.994618796,trade,bid,577.61,99.0,hidden_1211
34511.994618796,trade,bid,577.61,100.0,hidden_1212
34511.994618796,trade,bid,577.6,142.0,23497077
34511.994618796,trade,bid,577.6,100.0,23497212
34512.023756368,add,bid,577.27,100.0,23508241
34512.109438035,cancel,bid,577.27,100.0,23508241
34512.283082097,trade,bid,577.22,100.0,hidden_1217
34512.28552684,trade,bid,577.23,100.0,hidden_1218
34512.28552684,trade,bid,577.21,100.0,23207675
34518.999479043,add,ask,577.73,100.0,23669065
34518.999663522,add,ask,577.73,100.0,23669069
34522.501660647,add,bid,577.22,100.0,23721676
34522.501817984,cancel,ask,577.73,100.0,23669069
34525.028650585,cancel,ask,577.73,100.0,23669065
34525.028830308,add,ask,577.81,100.0,23762265
34525.028890826,add,ask,577.81,100.0,23762266
34525.028954582,add,ask,577.81,100.0,23762272
34525.029020955,add,ask,577.81,100.0,23762277
34525.363227112,add,ask,577.81,100.0,23768899
34525.363378134,cancel,ask,577.81,100.0,23762265
34525.363424888,cancel,ask,577.81,100.0,23762266
34525.363461463,cancel,ask,577.81,100.0,23762272
34525.363527072,cancel,ask,577.81,100.0,23762277
34525.452351777,cancel,ask,577.81,100.0,23768899
34526.466803321,add,ask,577.81,100.0,23793494
34526.471343109,cancel,ask,577.81,100.0,23793494
34527.121971818,cancel,bid,577.22,100.0,23721676
34527.134364591,add,bid,577.22,100.0,23804744
34532.13004672,cancel,bid,577.22,100.0,23804744
34532.130214278,add,bid,577.41,100.0,23876371
34533.564519891,add,ask,577.74,100.0,23896858
34536.004636958,cancel,ask,577.74,100.0,23896858
34536.020532709,trade,bid,577.47,6.0,hidden_1243
34536.020532709,trade,bid,577.41,94.0,23876371
34536.022756002,trade,bid,577.41,6.0,23876371
34537.569927332,add,ask,577.81,100.0,23942060
34538.561461517,add,ask,577.67,100.0,23953900
34538.561645909,add,ask,577.67,100.0,23953902
34538.749352634,cancel,ask,577.67,100.0,23953902
34540.208049602,trade,ask,577.36,83.0,hidden_1250
34542.460466608,add,bid,577.15,2000.0,24011957
34542.461655235,add,bid,577.16,100.0,24011968
34548.544126623,cancel,bid,577.16,100.0,24011968
34556.717049546,add,ask,577.67,100.0,24232953
34557.676316526,cancel,ask,577.67,100.0,24232953
34559.170471944,add,bid,577.2,100.0,24263123
34559.274953421,add,bid,577.22,100.0,24268287
34563.153483595,trade,ask,577.67,100.0,23953900
34563.154016439,cancel,ask,577.93,100.0,24027354
34563.154016439,add,ask,578.0,100.0,24329874
34563.165083844,trade,ask,577.73,100.0,hidden_1261
34563.95565136,trade,bid,577.28,200.0,hidden_1262
34563.95565136,trade,bid,577.23,100.0,hidden_1263
34563.960981256,trade,bid,577.23,100.0,hidden_1264
34563.960981256,trade,bid,577.23,100.0,hidden_1265
34563.960981256,trade,bid,577.23,200.0,hidden_1266
34563.960981256,trade,bid,577.22,100.0,24268287
34563.983262104,add,ask,577.48,100.0,24340911
34563.989562411,cancel,ask,577.48,100.0,24340911
34563.989691181,trade,bid,577.26,100.0,hidden_1270
34563.989914726,add,ask,577.22,100.0,24341020
34563.99001247,trade,ask,577.22,100.0,24341020
34563.99001247,trade,ask,577.22,17.0,hidden_1273
34563.990016914,trade,ask,577.22,100.0,hidden_1274
34563.990024009,trade,ask,577.22,100.0,hidden_1275
34563.990034916,trade,ask,577.22,200.0,hidden_1276
34563.990036189,trade,ask,577.22,100.0,hidden_1277
34563.990042095,trade,ask,577.22,100.0,hidden_1278
34563.990044346,trade,ask,577.22,100.0,hidden_1279
34563.990132292,trade,ask,577.22,100.0,hidden_1280
34563.990150722,trade,ask,577.22,200.0,hidden_1281
34563.990270284,add,ask,577.22,100.0,24341059
34563.990360158,trade,ask,577.22,100.0,24341059
34563.990368416,trade,ask,577.22,300.0,hidden_1284
34563.99037024,trade,ask,577.22,103.0,hidden_1285
34563.99038432,trade,ask,577.22,100.0,hidden_1286
34563.990389929,trade,ask,577.22,100.0,hidden_1287
34563.99051159,trade,ask,577.22,100.0,hidden_1288
34563.990615761,add,ask,577.22,100.0,24341104
34563.990706564,trade,ask,577.22,54.0,24341104
34563.990708134,trade,ask,577.22,46.0,24341104
34563.990708134,trade,ask,577.22,54.0,hidden_1292
34563.990718324,trade,ask,577.22,100.0,hidden_1293
34563.990746493,cancel,bid,577.2,100.0,24263123
34563.990946609,add,ask,577.22,100.0,24341129
34563.991026983,trade,ask,577.22,100.0,24341129
34563.991256316,add,ask,577.22,100.0,24341154
34563.991504421,trade,ask,577.22,100.0,24341154
34563.991723235,add,ask,577.22,100.0,24341184
34563.991830745,trade,ask,577.22,100.0,24341184
34563.99205442,add,ask,577.22,100.0,24341203
34563.992482989,trade,ask,577.22,100.0,24341203
34563.992703854,add,ask,577.22,100.0,24341255
34563.993438666,trade,bid,577.15,100.0,23295588
34563.99598048,trade,ask,577.22,100.0,24341255
34563.996217745,add,ask,577.22,100.0,24341384
34563.996558795,trade,bid,577.15,800.0,24011957
34563.997888323,trade,ask,577.22,100.0,24341384
34563.998104535,add,ask,577.22,100.0,24341455
34564.009188404,trade,ask,577.21,47.0,hidden_1310
34564.063881034,trade,ask,577.21,100.0,hidden_1311
34564.076730461,cancel,ask,577.22,100.0,24341455
34564.077111546,add,ask,577.22,100.0,24342718
34564.089204756,cancel,ask,577.22,100.0,24342718
34564.089574686,add,ask,577.22,100.0,24342914
34564.092849921,cancel,ask,577.22,100.0,24342914
34564.093189746,add,ask,577.22,100.0,24342978
34564.990302791,trade,ask,577.21,53.0,hidden_1318
34564.990302791,trade,ask,577.21,47.0,hidden_1319
34565.007066888,trade,ask,577.21,53.0,hidden_1320
34565.007066888,trade,ask,577.21,47.0,hidden_1321
34565.179306031,trade,ask,577.21,53.0,hidden_1322
34565.179306031,trade,ask,577.22,100.0,24342978
34565.179306031,trade,ask,577.22,957.0,hidden_1324
34565.179558356,add,ask,577.22,100.0,24354540
34565.180178205,trade,ask,577.22,53.0,24354540
34565.180381615,add,ask,577.22,100.0,24354595
34565.180449843,trade,ask,577.22,47.0,24354540
34565.180755786,trade,ask,577.22,100.0,24354595
34565.180965477,add,ask,577.22,100.0,24354638
34565.181058962,trade,ask,577.22,13.0,24354638
34565.181296973,add,ask,577.22,100.0,24354652
34565.181785042,trade,ask,577.22,87.0,24354638
34565.181785042,trade,ask,577.22,13.0,24354652
34565.182013771,add,ask,577.22,100.0,24354681
34565.226323539,cancel,ask,577.22,87.0,24354652
34565.226328312,cancel,ask,577.22,100.0,24354681
34565.226674681,add,ask,577.22,100.0,24355260
34565.232441036,cancel,ask,577.22,100.0,24355260
34565.232797339,add,ask,577.22,100.0,24355348
34565.23582549,cancel,ask,577.22,100.0,24355348
34565.236172538,add,ask,577.22,100.0,24355400
34565.256608528,cancel,ask,577.22,100.0,24355400
34565.256954401,add,ask,577.24,100.0,24355676
34565.260086799,cancel,ask,577.24,100.0,24355676
34565.26041755,add,ask,577.22,100.0,24355764
34565.448652887,trade,ask,577.22,100.0,24355764
34565.44888453,add,ask,577.22,100.0,24359166
34565.471773162,trade,bid,577.15,100.0,24011957
34565.471866128,trade,bid,577.15,100.0,24011957
34565.471963769,trade,bid,577.15,200.0,24011957
34565.472039427,trade,bid,577.15,800.0,24011957
34565.47276616,trade,bid,577.11,2.0,hidden_1353
34565.47276616,trade,bid,577.09,2.0,hidden_1354
34565.47276616,trade,bid,577.06,96.0,23924525
34565.479339755,trade,bid,577.06,4.0,23924525
34569.554047262,add,ask,577.09,60.0,24432815
34569.848903499,trade,bid,576.84,65.0,22757243
34569.978485456,add,bid,576.66,1000.0,24441197
34571.558925995,cancel,ask,577.09,60.0,24432815
34571.559107916,add,ask,577.04,60.0,24463989
34572.697564562,add,bid,576.66,60.0,24487973
34574.575544811,add,ask,577.04,200.0,24510681
34574.601831641,cancel,ask,577.04,60.0,24463989
34574.602028265,add,ask,577.0,60.0,24511032
34574.980477563,cancel,bid,576.66,1000.0,24441197
34576.977738038,trade,ask,576.99,48.0,hidden_1367
34576.978414126,trade,ask,577.0,60.0,24511032
34576.978881816,trade,ask,577.03,200.0,hidden_1369
34576.979170404,trade,ask,577.03,50.0,hidden_1370
34576.979170404,trade,ask,577.04,90.0,24510681
34576.984096047,trade,ask,577.0,110.0,hidden_1372
34576.984221484,trade,ask,577.0,15.0,hidden_1373
34576.984221484,trade,ask,577.03,75.0,hidden_1374
34577.176353062,trade,ask,577.03,100.0,hidden_1375
34577.176478842,trade,ask,577.03,25.0,hidden_1376
34577.176478842,trade,ask,577.03,85.0,hidden_1377
34577.186712481,trade,ask,577.03,100.0,hidden_1378
34577.186804247,trade,ask,577.03,15.0,hidden_1379
34577.186804247,trade,ask,577.04,40.0,24510681
34577.187043555,add,ask,577.04,100.0,24568937
34577.187734185,trade,ask,577.04,70.0,24510681
34577.187734185,trade,ask,577.04,30.0,24568937
34577.59326713,trade,ask,577.04,70.0,24568937
34583.547969932,add,ask,577.1,70.0,24727007
34585.088071776,add,bid,576.67,50.0,24761381
34585.642257342,add,bid,576.68,100.0,24790131
34585.642420023,add,bid,576.68,100.0,24790135
34585.644801784,add,bid,576.68,3.0,24790231
34585.645403828,add,bid,576.69,50.0,24790247
34585.65875005,trade,ask,577.1,70.0,24727007
34588.678418608,trade,ask,577.22,100.0,24359166
34588.678681073,add,ask,577.22,100.0,24848897
34588.680969395,trade,ask,577.22,100.0,24848897
34588.680969395,trade,ask,577.22,42.0,hidden_1395
34588.681268214,add,ask,577.22,100.0,24849651
34588.695183941,add,bid,576.82,100.0,24851666
34588.697050766,trade,ask,577.22,100.0,24849651
34588.697425738,add,ask,577.77,100.0,24851920
34588.697502455,add,ask,577.22,100.0,24851927
34588.698550427,add,bid,576.83,50.0,24852081
34588.713266714,add,bid,576.84,3.0,24854596
34588.715964904,add,bid,576.85,50.0,24854892
34588.726269221,trade,ask,577.22,3.0,24851927
34588.726555777,add,ask,577.22,100.0,24856415
34588.728637765,add,bid,576.89,100.0,24856648
34588.731216479,add,bid,576.9,50.0,24856864
34590.436440012,trade,ask,577.22,97.0,24851927
34590.436440012,trade,ask,577.22,3.0,24856415
34590.436712831,add,ask,577.22,100.0,24893665
34591.454696053,trade,ask,577.22,97.0,24856415
34591.454696053,trade,ask,577.22,100.0,24893665
34591.454696053,trade,ask,577.22,100.0,hidden_1413
34591.454827803,trade,ask,577.22,100.0,hidden_1414
34591.454842869,trade,ask,577.22,100.0,hidden_1415
34591.455016506,add,ask,577.22,100.0,24908838
34591.455152855,trade,ask,577.22,100.0,24908838
34591.455440107,add,ask,577.22,100.0,24909002
34591.455953836,trade,ask,577.22,12.0,24909002
34591.456187105,add,ask,577.22,100.0,24909224
34591.456922075,trade,ask,577.22,88.0,24909002
34591.456922075,trade,ask,577.22,12.0,24909224
34591.45721589,add,ask,577.22,100.0,24909454
34591.462197697,add,bid,577.16,100.0,24911174
34591.465662561,trade,ask,577.22,88.0,24909224
34591.465662561,trade,ask,577.22,100.0,24909454
34591.465958994,add,ask,577.22,100.0,24912025
34591.939426482,trade,bid,577.16,100.0,24911174
34592.603197727,add,ask,577.17,200.0,24938542
34592.604554354,add,ask,577.17,100.0,24938586
34592.695821325,cancel,ask,577.17,100.0,24938586
34598.069911624,cancel,ask,577.17,200.0,24938542
34599.005800727,add,ask,577.22,100.0,25045773
34599.89970667,add,ask,577.2,100.0,25064301
34603.468124549,add,bid,576.72,100.0,25120395
34605.324944644,add,ask,577.13,100.0,25151694
34607.54154583,trade,bid,576.72,100.0,25120395
34607.541698045,trade,bid,576.66,60.0,24487973
34607.541698045,trade,bid,576.66,4.0,hidden_1439
34607.541901795,trade,bid,576.61,2.0,hidden_1440
34607.541901795,trade,bid,576.6,34.0,13839901
34607.542885809,trade,bid,576.6,66.0,13839901
34607.542885809,trade,bid,576.6,34.0,24557890
34607.542977905,trade,bid,576.6,100.0,24557890
34607.542990993,trade,bid,576.6,66.0,24557890
34607.542990993,trade,bid,576.6,34.0,hidden_1446
34607.543187255,add,bid,576.6,66.0,25175900
34607.546156712,cancel,bid,576.6,66.0,25175900
34607.743667465,add,bid,576.26,100.0,25178214
34607.754631141,add,bid,576.27,100.0,25178282
34607.75597322,add,bid,576.32,100.0,25178291
34607.827858606,add,bid,576.41,100.0,25178959
34608.882892951,add,ask,577.12,100.0,25191989
34610.261520584,cancel,bid,576.41,100.0,25178959
34610.262100325,add,bid,576.32,100.0,25206632
34610.280763876,add,bid,576.4,100.0,25207867
34610.306297089,cancel,bid,576.4,100.0,25207867
34610.306911623,add,bid,576.32,100.0,25212368
34610.320825865,add,bid,576.4,100.0,25213013
34610.322691669,cancel,bid,576.4,100.0,25213013
34610.323294981,add,bid,576.32,100.0,25213117
34610.35380242,add,bid,576.4,100.0,25214174
34611.944907789,trade,bid,576.41,25.0,hidden_1463
34611.946608098,cancel,bid,576.4,100.0,25214174
34611.94719853,add,bid,576.32,100.0,25234891
34611.955033986,add,bid,576.41,10.0,25234958
34612.00481228,add,bid,576.44,100.0,25235555
34612.005482952,cancel,bid,576.44,100.0,25235555
34613.659348051,add,ask,577.07,100.0,25278194
34615.407592235,add,ask,577.07,100.0,25307527
34617.579178039,add,bid,576.42,100.0,25340641
34617.579852132,cancel,bid,576.42,100.0,25340641
34617.580481515,add,bid,576.34,100.0,25340654
34617.608876315,add,bid,576.42,100.0,25340921
34617.612422593,cancel,bid,576.42,100.0,25340921
34617.613013139,add,bid,576.34,100.0,25341062
34617.642045222,add,bid,576.41,100.0,25341494
34617.7502607,cancel,bid,576.41,100.0,25341494
34618.578407583,add,bid,576.34,100.0,25356583
34618.719873629,add,bid,576.42,100.0,25357996
34618.724898081,cancel,bid,576.42,100.0,25357996
34618.725516909,add,bid,576.34,100.0,25358090
34618.755136648,add,bid,576.42,100.0,25358350
34618.755889005,cancel,bid,576.42,100.0,25358350
34618.756478089,add,bid,576.34,100.0,25358364
34618.785124106,add,bid,576.42,100.0,25358575
34618.788612133,cancel,bid,576.42,100.0,25358575
34618.789195851,add,bid,576.34,100.0,25358611
34618.820136257,add,bid,576.41,100.0,25358840
34619.549769927,cancel,bid,576.41,100.0,25358840
34619.550353618,add,bid,576.32,100.0,25367564
34619.581113566,add,bid,576.4,100.0,25368010
34619.665090624,cancel,bid,576.4,100.0,25368010
34619.665682196,add,bid,576.32,100.0,25369512
34619.695807113,add,bid,576.4,100.0,25370397
34619.696565061,cancel,bid,576.4,100.0,25370397
34619.697148251,add,bid,576.32,100.0,25370460
34619.716904031,add,bid,576.4,100.0,25370720
34619.717647253,cancel,bid,576.4,100.0,25370720
34619.718230108,add,bid,576.32,100.0,25370739
34619.746831808,add,bid,576.4,100.0,25371214
34619.747605422,cancel,bid,576.4,100.0,25371214
34619.748210795,add,bid,576.32,100.0,25371233
34619.777839061,add,bid,576.4,100.0,25371913
34619.778637557,cancel,bid,576.4,100.0,25371913
34619.77921825,add,bid,576.32,100.0,25371933
34619.808940507,add,bid,576.4,100.0,25372269
34619.80970016,cancel,bid,576.4,100.0,25372269
34619.810327462,add,bid,576.32,100.0,25372287
34619.840108484,add,bid,576.4,100.0,25372737
34619.840872195,cancel,bid,576.4,100.0,25372737
34619.841473337,add,bid,576.32,100.0,25372764
34619.870850341,add,bid,576.4,100.0,25373174
34619.871603143,cancel,bid,576.4,100.0,25373174
34619.872206194,add,bid,576.32,100.0,25373205
34619.900861116,add,bid,576.4,100.0,25373592
34619.90162064,cancel,bid,576.4,100.0,25373592
34619.902266258,add,bid,576.32,100.0,25373620
34619.931122616,add,bid,576.4,100.0,25374128
34619.931867551,cancel,bid,576.4,100.0,25374128
34619.932478099,add,bid,576.32,100.0,25374152
34619.96284902,add,bid,576.4,100.0,25374335
34619.963512159,cancel,bid,576.4,100.0,25374335
34619.964108617,add,bid,576.32,100.0,25374344
34619.992776884,add,bid,576.4,100.0,25374524
34619.993524161,cancel,bid,576.4,100.0,25374524
34619.994115469,add,bid,576.32,100.0,25374528
34620.024797651,add,bid,576.4,100.0,25375462
34620.025557778,cancel,bid,576.4,100.0,25375462
34620.026151677,add,bid,576.32,100.0,25375491
34620.056825998,add,bid,576.4,100.0,25376106
34620.057581708,cancel,bid,576.4,100.0,25376106
34620.058197595,add,bid,576.32,100.0,25376131
34620.086993072,add,bid,576.4,100.0,25376788
34620.087742975,cancel,bid,576.4,100.0,25376788
34620.088351815,add,bid,576.32,100.0,25376827
34620.118909628,add,bid,576.4,100.0,25377261
34620.119577784,cancel,bid,576.4,100.0,25377261
34620.120188098,add,bid,576.32,100.0,25377281
34620.149821479,add,bid,576.4,100.0,25377620
34620.150570496,cancel,bid,576.4,100.0,25377620
34620.151172231,add,bid,576.32,100.0,25377634
34620.182803711,add,bid,576.4,100.0,25377990
34620.183574239,cancel,bid,576.4,100.0,25377990
34620.184175862,add,bid,576.32,100.0,25378063
34620.21785621,add,bid,576.4,100.0,25378726
34620.218603827,cancel,bid,576.4,100.0,25378726
34620.219215249,add,bid,576.32,100.0,25378738
34620.248983609,add,bid,576.4,100.0,25379147
34620.249666026,cancel,bid,576.4,100.0,25379147
34620.250284671,add,bid,576.32,100.0,25379189
34620.279131748,add,bid,576.4,100.0,25379480
34620.279891848,cancel,bid,576.4,100.0,25379480
34620.280521532,add,bid,576.32,100.0,25379495
34620.31180926,add,bid,576.4,100.0,25379951
34620.312670421,cancel,bid,576.4,100.0,25379951
34620.31327773,add,bid,576.32,100.0,25379963
34620.342921238,add,bid,576.4,100.0,25380356
34620.343674023,cancel,bid,576.4,100.0,25380356
34620.344290066,add,bid,576.32,100.0,25380374
34620.373799756,add,bid,576.4,100.0,25380694
34620.374519501,cancel,bid,576.4,100.0,25380694
34620.37513516,add,bid,576.32,100.0,25380711
34620.404847797,add,bid,576.4,100.0,25381089
34620.405522576,cancel,bid,576.4,100.0,25381089
34620.40610178,add,bid,576.32,100.0,25381113
34620.434796704,add,bid,576.4,100.0,25381452
34620.435543407,cancel,bid,576.4,100.0,25381452
34620.436124649,add,bid,576.32,100.0,25381470
34620.466825243,add,bid,576.4,100.0,25381812
34620.467573796,cancel,bid,576.4,100.0,25381812
34620.468160842,add,bid,576.32,100.0,25381856
34620.500069107,add,bid,576.4,100.0,25382211
34620.500821221,cancel,bid,576.4,100.0,25382211
34620.501433514,add,bid,576.32,100.0,25382233
34620.530104919,add,bid,576.4,100.0,25382523
34620.530854897,cancel,bid,576.4,100.0,25382523
34620.531474073,add,bid,576.32,100.0,25382568
34620.563054306,add,bid,576.4,100.0,25383145
34620.563813766,cancel,bid,576.4,100.0,25383145
34620.564430378,add,bid,576.32,100.0,25383186
34620.594448885,add,bid,576.4,100.0,25383781
34620.595201935,cancel,bid,576.4,100.0,25383781
34620.595788587,add,bid,576.32,100.0,25383802
34620.623799457,add,bid,576.4,100.0,25384116
34620.62455256,cancel,bid,576.4,100.0,25384116
34620.625141052,add,bid,576.32,100.0,25384135
34620.65480854,add,bid,576.4,100.0,25384571
34620.655555575,cancel,bid,576.4,100.0,25384571
34620.656147046,add,bid,576.32,100.0,25384583
34620.65938792,cancel,ask,577.07,100.0,25278194
34620.684853904,add,bid,576.4,100.0,25384880
34620.685606201,cancel,bid,576.4,100.0,25384880
34620.68621715,add,bid,576.32,100.0,25384900
34620.714917414,add,bid,576.4,100.0,25385281
34620.715672945,cancel,bid,576.4,100.0,25385281
34620.71625447,add,bid,576.32,100.0,25385295
34620.746067871,add,bid,576.4,100.0,25385553
34620.746852099,cancel,bid,576.4,100.0,25385553
34620.747465058,add,bid,576.32,100.0,25385575
34620.778851996,add,bid,576.4,100.0,25385808
34620.779614185,cancel,bid,576.4,100.0,25385808
34620.780243403,add,bid,576.32,100.0,25385825
34620.810830263,add,bid,576.4,100.0,25386221
34620.811533516,cancel,bid,576.4,100.0,25386221
34620.812133659,add,bid,576.32,100.0,25386260
34620.842123018,add,bid,576.4,100.0,25386555
34620.842776908,cancel,bid,576.4,100.0,25386555
34620.843399771,add,bid,576.32,100.0,25386568
34620.87282359,add,bid,576.4,100.0,25386937
34620.873492178,cancel,bid,576.4,100.0,25386937
34620.874108114,add,bid,576.32,100.0,25386947
34620.903141734,add,bid,576.4,100.0,25387229
34620.903887215,cancel,bid,576.4,100.0,25387229
34620.90449486,add,bid,576.32,100.0,25387240
34620.932871636,add,bid,576.4,100.0,25387546
34620.933613965,cancel,bid,576.4,100.0,25387546
34620.934211102,add,bid,576.32,100.0,25387565
34620.962835147,add,bid,576.4,100.0,25387866
34620.963578421,cancel,bid,576.4,100.0,25387866
34620.964194187,add,bid,576.32,100.0,25387875
34620.995862954,add,bid,576.4,100.0,25388206
34620.996538916,cancel,bid,576.4,100.0,25388206
34620.997150455,add,bid,576.32,100.0,25388224
34621.025917316,add,bid,576.4,100.0,25388698
34621.026664253,cancel,bid,576.4,100.0,25388698
34621.027287057,add,bid,576.32,100.0,25388719
34621.056086626,add,bid,576.4,100.0,25389273
34621.056756685,cancel,bid,576.4,100.0,25389273
34621.05739086,add,bid,576.32,100.0,25389287
34621.087167024,add,bid,576.4,100.0,25389595
34621.087919361,cancel,bid,576.4,100.0,25389595
34621.088555846,add,bid,576.32,100.0,25389621
34621.117005386,add,bid,576.4,100.0,25389916
34621.117761575,cancel,bid,576.4,100.0,25389916
34621.118377331,add,bid,576.32,100.0,25389929
34621.147095174,add,bid,576.4,100.0,25390335
34621.14784628,cancel,bid,576.4,100.0,25390335
34621.14844681,add,bid,576.32,100.0,25390359
34621.180829278,add,bid,576.4,100.0,25390797
34621.181576111,cancel,bid,576.4,100.0,25390797
34621.182175144,add,bid,576.32,100.0,25390818
34621.211955018,add,bid,576.4,100.0,25391395
34621.212608879,cancel,bid,576.4,100.0,25391395
34621.213233297,add,bid,576.32,100.0,25391419
34621.24195168,add,bid,576.4,100.0,25391737
34621.242703994,cancel,bid,576.4,100.0,25391737
34621.243308559,add,bid,576.32,100.0,25391756
34621.273971286,add,bid,576.4,100.0,25392062
34621.274642032,cancel,bid,576.4,100.0,25392062
34621.275272201,add,bid,576.32,100.0,25392098
34621.304968378,add,bid,576.4,100.0,25392343
34621.305717228,cancel,bid,576.4,100.0,25392343
34621.306357784,add,bid,576.32,100.0,25392352
34621.338204983,add,bid,576.4,100.0,25392692
34621.338867059,cancel,bid,576.4,100.0,25392692
34621.339485814,add,bid,576.32,100.0,25392705
34621.368988275,add,bid,576.4,100.0,25393280
34621.369728954,cancel,bid,576.4,100.0,25393280
34621.370317303,add,bid,576.32,100.0,25393289
34621.399214859,add,bid,576.4,100.0,25393948
34621.399958567,cancel,bid,576.4,100.0,25393948
34621.400565746,add,bid,576.32,100.0,25393961
34621.429971911,add,bid,576.4,100.0,25394210
34621.430645324,cancel,bid,576.4,100.0,25394210
34621.431295157,add,bid,576.32,100.0,25394233
34621.462199174,add,bid,576.4,100.0,25394540
34621.462934284,cancel,bid,576.4,100.0,25394540
34621.463545642,add,bid,576.32,100.0,25394557
34621.493145174,add,bid,576.4,100.0,25394914
34621.493805889,cancel,bid,576.4,100.0,25394914
34621.49438661,add,bid,576.32,100.0,25394926
34621.519612513,add,ask,577.05,100.0,25395286
34621.524004364,add,bid,576.4,100.0,25395358
34621.524757971,cancel,bid,576.4,100.0,25395358
34621.525396519,add,bid,576.32,100.0,25395382
34621.555149145,add,bid,576.4,100.0,25395716
34621.555898259,cancel,bid,576.4,100.0,25395716
34621.556518206,add,bid,576.32,100.0,25395735
34621.585174388,add,bid,576.4,100.0,25396140
34621.585926262,cancel,bid,576.4,100.0,25396140
34621.586531489,add,bid,576.32,100.0,25396164
34621.61998385,add,bid,576.4,100.0,25396709
34621.620736954,cancel,bid,576.4,100.0,25396709
34621.621354972,add,bid,576.32,100.0,25396726
34621.68286566,add,bid,576.4,100.0,25397346
34621.683615989,cancel,bid,576.4,100.0,25397346
34621.684235029,add,bid,576.32,100.0,25397364
34621.713860568,add,bid,576.4,100.0,25397690
34621.714603226,cancel,bid,576.4,100.0,25397690
34621.715225548,add,bid,576.32,100.0,25397709
34621.743957588,add,bid,576.4,100.0,25398001
34621.744706194,cancel,bid,576.4,100.0,25398001
34621.745356613,add,bid,576.32,100.0,25398022
34621.774241331,add,bid,576.4,100.0,25398286
34621.774989216,cancel,bid,576.4,100.0,25398286
34621.775577124,add,bid,576.32,100.0,25398306
34621.804976012,add,bid,576.4,100.0,25398829
34621.805677701,cancel,bid,576.4,100.0,25398829
34621.806293104,add,bid,576.32,100.0,25398928
34621.834946265,add,bid,576.4,100.0,25399311
34621.835685234,cancel,bid,576.4,100.0,25399311
34621.836326662,add,bid,576.32,100.0,25399324
34621.868898912,add,bid,576.4,100.0,25399544
34621.869643784,cancel,bid,576.4,100.0,25399544
34621.870243089,add,bid,576.32,100.0,25399556
34621.898913709,add,bid,576.4,100.0,25400000
34621.899666976,cancel,bid,576.4,100.0,25400000
34621.900283773,add,bid,576.32,100.0,25400020
34621.938924977,add,bid,576.4,100.0,25400672
34621.939681443,cancel,bid,576.4,100.0,25400672
34621.940328568,add,bid,576.32,100.0,25400691
34621.974214844,add,bid,576.4,100.0,25401104
34621.974874082,cancel,bid,576.4,100.0,25401104
34621.975519234,add,bid,576.32,100.0,25401121
34622.010928076,add,bid,576.4,100.0,25401657
34622.011716219,cancel,bid,576.4,100.0,25401657
34622.01233002,add,bid,576.32,100.0,25401670
34622.043883296,add,bid,576.4,100.0,25402094
34622.044563648,cancel,bid,576.4,100.0,25402094
34622.045197449,add,bid,576.32,100.0,25402114
34622.077046931,add,bid,576.4,100.0,25402587
34622.07770037,cancel,bid,576.4,100.0,25402587
34622.078337101,add,bid,576.32,100.0,25402597
34622.107118563,add,bid,576.4,100.0,25402939
34622.107864822,cancel,bid,576.4,100.0,25402939
34622.108469831,add,bid,576.32,100.0,25402968
34622.131399297,add,ask,577.04,100.0,25403263
34622.145857028,add,bid,576.4,100.0,25403645
34622.146614691,cancel,bid,576.4,100.0,25403645
34622.147208599,add,bid,576.32,100.0,25403666
34622.182859537,add,bid,576.4,100.0,25404182
34622.183621928,cancel,bid,576.4,100.0,25404182
34622.184229621,add,bid,576.32,100.0,25404202
34622.218211814,add,bid,576.4,100.0,25404517
34622.21898345,cancel,bid,576.4,100.0,25404517
34622.219587501,add,bid,576.32,100.0,25404528
34622.249201296,add,bid,576.4,100.0,25404825
34622.249954307,cancel,bid,576.4,100.0,25404825
34622.250557473,add,bid,576.32,100.0,25404836
34622.279916596,add,bid,576.4,100.0,25405047
34622.280658884,cancel,bid,576.4,100.0,25405047
34622.281281869,add,bid,576.32,100.0,25405052
34622.310095335,add,bid,576.4,100.0,25405419
34622.310751532,cancel,bid,576.4,100.0,25405419
34622.311371095,add,bid,576.32,100.0,25405439
34622.342208263,add,bid,576.4,100.0,25405735
34622.343164452,cancel,bid,576.4,100.0,25405735
34622.343777232,add,bid,576.32,100.0,25405745
34622.374140524,add,bid,576.4,100.0,25406041
34622.375108117,cancel,bid,576.4,100.0,25406041
34622.375727737,add,bid,576.32,100.0,25406069
34622.40497297,add,bid,576.4,100.0,25406360
34622.405950496,cancel,bid,576.4,100.0,25406360
34622.406567017,add,bid,576.32,100.0,25406370
34622.436196449,add,bid,576.4,100.0,25406744
34622.436854585,cancel,bid,576.4,100.0,25406744
34622.437457802,add,bid,576.32,100.0,25406754
34622.467036978,add,bid,576.4,100.0,25406947
34622.468005545,cancel,bid,576.4,100.0,25406947
34622.468610989,add,bid,576.32,100.0,25406956
34622.497873703,add,bid,576.4,100.0,25407285
34622.498830338,cancel,bid,576.4,100.0,25407285
34622.499441183,add,bid,576.32,100.0,25407304
34622.528909942,add,bid,576.4,100.0,25407658
34622.529895147,cancel,bid,576.4,100.0,25407658
34622.530517055,add,bid,576.32,100.0,25407671
34622.562206061,add,bid,576.4,100.0,25408016
34622.563207589,cancel,bid,576.4,100.0,25408016
34622.563829923,add,bid,576.32,100.0,25408035
34622.593948427,add,bid,576.4,100.0,25408290
34622.594926357,cancel,bid,576.4,100.0,25408290
34622.595527458,add,bid,576.32,100.0,25408306
34622.625219435,add,bid,576.4,100.0,25408601
34622.626177687,cancel,bid,576.4,100.0,25408601
34622.626780203,add,bid,576.32,100.0,25408610
34622.656004268,add,bid,576.4,100.0,25408928
34622.656969558,cancel,bid,576.4,100.0,25408928
34622.657581658,add,bid,576.32,100.0,25408938
34622.688222565,add,bid,576.4,100.0,25409347
34622.689006052,cancel,bid,576.4,100.0,25409347
34622.689615575,add,bid,576.32,100.0,25409368
34622.717862161,add,bid,576.4,100.0,25409733
34622.718834429,cancel,bid,576.4,100.0,25409733
34622.719431225,add,bid,576.32,100.0,25409764
34622.750926468,add,bid,576.4,100.0,25410165
34622.751625907,cancel,bid,576.4,100.0,25410165
34622.752244348,add,bid,576.32,100.0,25410188
34622.781875601,add,bid,576.4,100.0,25410522
34622.782831411,cancel,bid,576.4,100.0,25410522
34622.783423533,add,bid,576.32,100.0,25410554
34622.814226823,add,bid,576.4,100.0,25410833
34622.815188829,cancel,bid,576.4,100.0,25410833
34622.815785899,add,bid,576.32,100.0,25410842
34622.844871919,add,bid,576.4,100.0,25411151
34622.845618262,cancel,bid,576.4,100.0,25411151
34622.846241932,add,bid,576.32,100.0,25411178
34622.8750552,add,bid,576.4,100.0,25411500
34622.875722213,cancel,bid,576.4,100.0,25411500
34622.876334952,add,bid,576.32,100.0,25411515
34622.905200576,add,bid,576.4,100.0,25411757
34622.905954503,cancel,bid,576.4,100.0,25411757
34622.906561798,add,bid,576.32,100.0,25411772
34622.93718372,add,bid,576.4,100.0,25411989
34622.937927076,cancel,bid,576.4,100.0,25411989
34622.938528021,add,bid,576.32,100.0,25411999
34622.967852762,add,bid,576.4,100.0,25412309
34622.96860893,cancel,bid,576.4,100.0,25412309
34622.969216624,add,bid,576.32,100.0,25412323
34622.997850443,add,bid,576.4,100.0,25412611
34622.998613264,cancel,bid,576.4,100.0,25412611
34622.999237583,add,bid,576.32,100.0,25412655
34623.028882283,add,bid,576.4,100.0,25413255
34623.029582354,cancel,bid,576.4,100.0,25413255
34623.030191437,add,bid,576.32,100.0,25413269
34623.062095756,add,bid,576.4,100.0,25413558
34623.062837148,cancel,bid,576.4,100.0,25413558
34623.063460352,add,bid,576.32,100.0,25413577
34623.093950847,add,bid,576.4,100.0,25413857
34623.094605869,cancel,bid,576.4,100.0,25413857
34623.095201375,add,bid,576.32,100.0,25413865
34623.1240761,add,bid,576.4,100.0,25414137
34623.124840243,cancel,bid,576.4,100.0,25414137
34623.125445157,add,bid,576.32,100.0,25414168
34623.156877688,add,bid,576.4,100.0,25414554
34623.157619355,cancel,bid,576.4,100.0,25414554
34623.158225629,add,bid,576.32,100.0,25414569
34623.192118272,add,bid,576.4,100.0,25414879
34623.192857393,cancel,bid,576.4,100.0,25414879
34623.193464894,add,bid,576.32,100.0,25414904
34623.223928627,add,bid,576.4,100.0,25415125
34623.224663739,cancel,bid,576.4,100.0,25415125
34623.225277483,add,bid,576.32,100.0,25415136
34623.259948188,add,bid,576.4,100.0,25415482
34623.260614896,cancel,bid,576.4,100.0,25415482
34623.261217709,add,bid,576.32,100.0,25415493
34623.294892614,add,bid,576.4,100.0,25415808
34623.295638353,cancel,bid,576.4,100.0,25415808
34623.296265184,add,bid,576.32,100.0,25415816
34623.324868912,add,bid,576.4,100.0,25415986
34623.325608251,cancel,bid,576.4,100.0,25415986
34623.326216952,add,bid,576.32,100.0,25416006
34623.354971091,add,bid,576.4,100.0,25416286
34623.355641928,cancel,bid,576.4,100.0,25416286
34623.356240313,add,bid,576.32,100.0,25416308
34623.385876368,add,bid,576.4,100.0,25416772
34623.386533142,cancel,bid,576.4,100.0,25416772
34623.387114474,add,bid,576.32,100.0,25416783
34623.418888377,add,bid,576.4,100.0,25417128
34623.419550357,cancel,bid,576.4,100.0,25417128
34623.420166667,add,bid,576.32,100.0,25417138
34623.450865404,add,bid,576.4,100.0,25417571
34623.451615078,cancel,bid,576.4,100.0,25417571
34623.452229922,add,bid,576.32,100.0,25417581
34623.480939847,add,bid,576.4,100.0,25418498
34623.481626592,cancel,bid,576.4,100.0,25418498
34623.48221885,add,bid,576.32,100.0,25418533
34623.515921311,add,bid,576.4,100.0,25419045
34623.516702939,cancel,bid,576.4,100.0,25419045
34623.517310184,add,bid,576.32,100.0,25419065
34623.545848041,add,bid,576.4,100.0,25419851
34623.546539161,cancel,bid,576.4,100.0,25419851
34623.547159126,add,bid,576.32,100.0,25419877
34623.575947622,add,bid,576.4,100.0,25420507
34623.576624839,cancel,bid,576.4,100.0,25420507
34623.57721911,add,bid,576.32,100.0,25420556
34623.608930082,add,bid,576.4,100.0,25420988
34623.609678508,cancel,bid,576.4,100.0,25420988
34623.61030685,add,bid,576.32,100.0,25421000
34623.640203955,add,bid,576.4,100.0,25421246
34623.640947684,cancel,bid,576.4,100.0,25421246
34623.641562826,add,bid,576.32,100.0,25421262
34623.670898454,add,bid,576.4,100.0,25421486
34623.671640761,cancel,bid,576.4,100.0,25421486
34623.672248305,add,bid,576.32,100.0,25421498
34623.714955015,add,bid,576.4,100.0,25421984
34623.715702196,cancel,bid,576.4,100.0,25421984
34623.716283354,add,bid,576.32,100.0,25421997
34623.746911595,add,bid,576.4,100.0,25422378
34623.74765776,cancel,bid,576.4,100.0,25422378
34623.748288303,add,bid,576.32,100.0,25422391
34623.778204053,add,bid,576.4,100.0,25422618
34624.698956331,cancel,ask,577.04,100.0,25403263
34627.127758646,add,ask,577.04,100.0,25459859
34627.578624739,cancel,ask,577.04,100.0,25459859
34627.578970273,add,bid,576.44,100.0,25464163
34627.579641669,cancel,bid,576.44,100.0,25464163
34627.580213273,add,bid,576.4,100.0,25464173
34627.60896879,add,bid,576.44,100.0,25464398
34627.609664312,cancel,bid,576.44,100.0,25464398
34627.610243191,add,bid,576.4,100.0,25464410
34627.639693731,add,bid,576.44,100.0,25464639
34627.640447558,cancel,bid,576.44,100.0,25464639
34627.64103392,add,bid,576.4,100.0,25464648
34627.670067061,add,bid,576.44,100.0,25465049
34627.670760416,cancel,bid,576.44,100.0,25465049
34627.671348841,add,bid,576.4,100.0,25465076
34627.700702805,add,bid,576.44,100.0,25465393
34627.701447789,cancel,bid,576.44,100.0,25465393
34627.702035887,add,bid,576.4,100.0,25465409
34627.730853498,add,bid,576.44,100.0,25466832
34627.731605459,cancel,bid,576.44,100.0,25466832
34627.732184444,add,bid,576.4,100.0,25466850
34627.765835553,add,bid,576.44,100.0,25467050
34627.76656878,cancel,bid,576.44,100.0,25467050
34627.767183685,add,bid,576.4,100.0,25467062
34627.796991105,add,bid,576.44,100.0,25467303
34627.797652484,cancel,bid,576.44,100.0,25467303
34627.79823876,add,bid,576.4,100.0,25467325
34627.826798737,add,bid,576.44,100.0,25467483
34627.827442604,cancel,bid,576.44,100.0,25467483
34627.828039621,add,bid,576.4,100.0,25467502
34627.856761466,add,bid,576.44,100.0,25468180
34627.85743109,cancel,bid,576.44,100.0,25468180
34627.858014395,add,bid,576.4,100.0,25468214
34627.888964908,add,bid,576.44,100.0,25468432
34627.889704766,cancel,bid,576.44,100.0,25468432
34627.890293554,add,bid,576.4,100.0,25468469
34627.919081761,add,bid,576.44,100.0,25468721
34627.919821637,cancel,bid,576.44,100.0,25468721
34627.920404477,add,bid,576.4,100.0,25468734
34627.950081772,add,bid,576.44,100.0,25468888
34627.950829321,cancel,bid,576.44,100.0,25468888
34627.951406707,add,bid,576.4,100.0,25468901
34627.980841232,add,bid,576.44,100.0,25469087
34627.981580843,cancel,bid,576.44,100.0,25469087
34627.982173275,add,bid,576.4,100.0,25469099
34628.01282007,add,bid,576.44,100.0,25469405
34628.013481394,cancel,bid,576.44,100.0,25469405
34628.014090902,add,bid,576.4,100.0,25469431
34628.043100928,add,bid,576.44,100.0,25469909
34628.04379624,cancel,bid,576.44,100.0,25469909
34628.04439963,add,bid,576.4,100.0,25469933
34628.074096813,add,bid,576.44,100.0,25470131
34628.074858723,cancel,bid,576.44,100.0,25470131
34628.075443697,add,bid,576.4,100.0,25470155
34628.104920726,add,bid,576.44,100.0,25470359
34628.105665384,cancel,bid,576.44,100.0,25470359
34628.106253683,add,bid,576.4,100.0,25470378
34628.121486955,cancel,ask,577.07,100.0,25307527
34628.121652331,add,ask,576.88,100.0,25470562
34628.136772587,add,bid,576.44,100.0,25470722
34628.137441158,cancel,bid,576.44,100.0,25470722
34628.138047294,add,bid,576.4,100.0,25470744
34628.167742031,add,bid,576.44,100.0,25471057
34628.16849605,cancel,bid,576.44,100.0,25471057
34628.169088447,add,bid,576.4,100.0,25471071
34628.19810216,add,bid,576.44,100.0,25471232
34628.198770391,cancel,bid,576.44,100.0,25471232
34628.199367413,add,bid,576.4,100.0,25471258
34628.227840736,add,bid,576.44,100.0,25471560
34628.228507745,cancel,bid,576.44,100.0,25471560
34628.229108951,add,bid,576.4,100.0,25471580
34628.25910859,add,bid,576.44,100.0,25471835
34628.259761451,cancel,bid,576.44,100.0,25471835
34628.260349523,add,bid,576.4,100.0,25471880
34628.289789131,add,bid,576.44,100.0,25472155
34628.2905442,cancel,bid,576.44,100.0,25472155
34628.291135845,add,bid,576.4,100.0,25472184
34628.321038936,add,bid,576.44,100.0,25472417
34628.321701527,cancel,bid,576.44,100.0,25472417
34628.322310164,add,bid,576.4,100.0,25472440
34628.353893652,add,bid,576.44,100.0,25472727
34628.354636178,cancel,bid,576.44,100.0,25472727
34628.355227816,add,bid,576.4,100.0,25472744
34628.383814679,add,bid,576.44,100.0,25472941
34628.384585801,cancel,bid,576.44,100.0,25472941
34628.385180274,add,bid,576.4,100.0,25472966
34628.416151682,add,bid,576.44,100.0,25473170
34628.416894455,cancel,bid,576.44,100.0,25473170
34628.417472323,add,bid,576.4,100.0,25473185
34628.446883618,add,bid,576.44,100.0,25473332
34628.447560632,cancel,bid,576.44,100.0,25473332
34628.448172008,add,bid,576.4,100.0,25473349
34628.476877773,add,bid,576.44,100.0,25473486
34628.477629916,cancel,bid,576.44,100.0,25473486
34628.4782209,add,bid,576.4,100.0,25473501
34628.506846008,add,bid,576.44,100.0,25473698
34628.507606687,cancel,bid,576.44,100.0,25473698
34628.508196087,add,bid,576.4,100.0,25473723
34628.541890343,add,bid,576.44,100.0,25474078
34628.542642227,cancel,bid,576.44,100.0,25474078
34628.543215029,add,bid,576.4,100.0,25474093
34628.571814139,add,bid,576.44,100.0,25474386
34628.572552595,cancel,bid,576.44,100.0,25474386
34628.573149075,add,bid,576.4,100.0,25474397
34629.019277201,trade,bid,576.43,10.0,hidden_1987
34629.019277201,trade,bid,576.4,90.0,25474397
34629.041980626,add,bid,576.4,90.0,25480098
34629.159992963,add,bid,576.44,100.0,25482682
34629.160821829,cancel,bid,576.44,100.0,25482682
34629.161410128,add,bid,576.4,100.0,25482716
34629.190912888,add,bid,576.44,100.0,25483023
34629.191652848,cancel,bid,576.44,100.0,25483023
34629.192259118,add,bid,576.4,100.0,25483050
34629.222927238,add,bid,576.44,100.0,25483390
34629.223617918,cancel,bid,576.44,100.0,25483390
34629.224274545,add,bid,576.4,100.0,25483430
34629.252810319,add,bid,576.44,100.0,25483801
34629.253605628,cancel,bid,576.44,100.0,25483801
34629.254232638,add,bid,576.4,100.0,25483915
34629.283855239,add,bid,576.44,100.0,25484505
34629.284615169,cancel,bid,576.44,100.0,25484505
34629.285256716,add,bid,576.4,100.0,25484536
34629.314168329,add,bid,576.44,100.0,25485087
34629.314944972,cancel,bid,576.44,100.0,25485087
34629.315561425,add,bid,576.4,100.0,25485127
34629.343844887,add,bid,576.44,100.0,25485759
34629.344575397,cancel,bid,576.44,100.0,25485759
34629.345163895,add,bid,576.4,100.0,25485796
34629.374835028,add,bid,576.44,100.0,25486169
34629.375597465,cancel,bid,576.44,100.0,25486169
34629.37621099,add,bid,576.4,100.0,25486199
34629.405849625,add,bid,576.44,100.0,25493144
34629.406609412,cancel,bid,576.44,100.0,25493144
34629.407215555,add,bid,576.4,100.0,25493287
34629.426821252,add,bid,576.44,100.0,25495146
34629.427593825,cancel,bid,576.44,100.0,25495146
34629.428188892,add,bid,576.4,100.0,25495238
34629.460023464,add,bid,576.44,100.0,25496951
34629.46076143,cancel,bid,576.44,100.0,25496951
34629.461385306,add,bid,576.4,100.0,25497000
34629.493838275,add,bid,576.44,100.0,25498197
34629.494616685,cancel,bid,576.44,100.0,25498197
34629.495199472,add,bid,576.4,100.0,25498245
34629.524852208,add,bid,576.44,100.0,25499338
34629.525542931,cancel,bid,576.44,100.0,25499338
34629.526178985,add,bid,576.4,100.0,25499393
34629.553695994,cancel,bid,576.4,100.0,25499393
34629.554287969,add,bid,576.33,100.0,25500374
34629.554821559,cancel,bid,576.33,100.0,25500374
34629.555453248,add,bid,576.3,100.0,25500389
34629.563560211,add,ask,576.83,100.0,25500524
34629.58683044,add,bid,576.38,100.0,25501094
34629.587507043,cancel,bid,576.38,100.0,25501094
34629.588128075,add,bid,576.3,100.0,25501119
34629.594860391,add,bid,576.32,100.0,25501299
34629.604541885,cancel,bid,576.32,100.0,25501299
34629.605156405,add,bid,576.3,100.0,25501585
34629.639913142,add,bid,576.38,100.0,25502376
34629.640620895,cancel,bid,576.38,100.0,25502376
34629.641232856,add,bid,576.3,100.0,25502427
34629.645869135,add,bid,576.32,100.0,25502537
34629.649914273,add,bid,576.54,10.0,25502630
34629.650045312,trade,bid,576.54,10.0,25502630
34629.654428163,cancel,bid,576.32,100.0,25502537
34629.655060187,add,bid,576.3,100.0,25502808
34629.955262667,add,bid,576.31,100.0,25508890
34629.955955265,add,bid,576.32,100.0,25508905
34629.985928818,add,bid,576.37,100.0,25509497
34629.991798106,cancel,ask,576.83,100.0,25500524
34629.991961124,add,ask,576.88,100.0,25509567
34630.014985623,add,bid,576.43,100.0,25510466
34630.015132617,cancel,ask,576.88,100.0,25509567
34630.028350803,cancel,bid,576.43,100.0,25510466
34630.028932688,add,bid,576.32,100.0,25510728
34630.444294118,add,bid,576.33,100.0,25524986
34630.49689826,add,bid,576.39,100.0,25527576
34630.497602236,cancel,bid,576.39,100.0,25527576
34630.49818804,add,bid,576.33,100.0,25527614
34630.531816236,add,bid,576.39,100.0,25528992
34630.532486571,cancel,bid,576.39,100.0,25528992
34630.533085992,add,bid,576.33,100.0,25529065
34630.563773892,add,bid,576.38,100.0,25529894
34630.56445261,cancel,bid,576.38,100.0,25529894
34630.56505577,add,bid,576.33,100.0,25529906
34630.595379567,add,bid,576.38,100.0,25530559
34630.596051257,cancel,bid,576.38,100.0,25530559
34630.596690042,add,bid,576.33,100.0,25530588
34630.629977604,add,bid,576.38,100.0,25531106
34630.630790398,cancel,bid,576.38,100.0,25531106
34630.631403808,add,bid,576.33,100.0,25531129
34630.66513789,add,bid,576.38,100.0,25531651
34630.665904948,cancel,bid,576.38,100.0,25531651
34630.666524687,add,bid,576.33,100.0,25531678
34630.69588991,add,bid,576.38,100.0,25532130
34630.696643844,cancel,bid,576.38,100.0,25532130
34630.697231369,add,bid,576.33,100.0,25532150
34630.727842896,add,bid,576.38,100.0,25532630
34630.728613112,cancel,bid,576.38,100.0,25532630
34630.729211671,add,bid,576.33,100.0,25532667
34630.757819341,add,bid,576.38,100.0,25533138
34630.75848512,cancel,bid,576.38,100.0,25533138
34630.759087472,add,bid,576.33,100.0,25533153
34630.788933155,add,bid,576.38,100.0,25533654
34630.789605374,cancel,bid,576.38,100.0,25533654
34630.790242294,add,bid,576.33,100.0,25533716
34630.824168699,add,bid,576.38,100.0,25534338
34630.824925753,cancel,bid,576.38,100.0,25534338
34630.825504948,add,bid,576.33,100.0,25534349
34630.85590128,add,bid,576.38,100.0,25534803
34630.856655324,cancel,bid,576.38,100.0,25534803
34630.857253704,add,bid,576.33,100.0,25534817
34630.887008848,add,bid,576.38,100.0,25535160
34630.887763371,cancel,bid,576.38,100.0,25535160
34630.888398866,add,bid,576.33,100.0,25535168
34630.918828691,add,bid,576.38,100.0,25535739
34630.919512885,cancel,bid,576.38,100.0,25535739
34630.92011672,add,bid,576.33,100.0,25535791
34630.948801253,add,bid,576.38,100.0,25541291
34630.949626627,cancel,bid,576.38,100.0,25541291
34630.950233243,add,bid,576.33,100.0,25541361
34630.987796716,add,bid,576.38,100.0,25542955
34630.988495978,cancel,bid,576.38,100.0,25542955
34630.98909901,add,bid,576.33,100.0,25543045
34631.032358326,add,bid,576.37,100.0,25544629
34631.032837894,add,bid,576.38,100.0,25544641
34631.033311459,cancel,bid,576.38,100.0,25544641
34631.033937114,add,bid,576.37,100.0,25544673
34631.062786679,add,bid,576.42,100.0,25545252
34633.144701775,add,bid,576.43,100.0,25583617
34633.145468617,cancel,bid,576.43,100.0,25583617
34633.146062024,add,bid,576.43,100.0,25583948
34633.146544105,cancel,bid,576.43,100.0,25583948
34633.147133712,add,bid,576.42,100.0,25584184
34633.17719815,add,bid,576.43,100.0,25586732
34633.177785848,add,bid,576.44,100.0,25586749
34633.178553158,cancel,bid,576.44,100.0,25586749
34633.179133275,add,bid,576.44,100.0,25586785
34633.232185382,add,bid,576.44,100.0,25587636
34634.121151171,cancel,ask,576.88,100.0,25470562
34634.121283583,add,ask,576.81,100.0,25601831
34636.224803767,trade,ask,576.8,100.0,hidden_2123
34636.224905986,trade,ask,576.8,15.0,hidden_2124
34636.224905986,trade,ask,576.8,85.0,hidden_2125
34636.225079106,trade,ask,576.8,100.0,hidden_2126
34636.226277821,trade,ask,576.81,100.0,25601831
34636.281229777,add,bid,576.46,100.0,25643093
34638.041397218,add,ask,577.13,100.0,25662884
34638.120994162,add,ask,577.13,100.0,25663823
34638.222073171,cancel,ask,577.13,100.0,25662884
34639.060962445,add,bid,576.52,100.0,25689093
34642.723751838,cancel,bid,576.52,100.0,25689093
34642.73347548,cancel,bid,576.46,100.0,25643093
34642.78171087,add,bid,576.52,100.0,25743508
34651.120864447,cancel,ask,577.13,100.0,25663823
34651.121054971,add,ask,577.12,100.0,25855803
34652.030432042,add,ask,577.12,100.0,25867574
34653.153328402,cancel,ask,577.12,100.0,25867574
34655.063308611,trade,bid,576.57,2.0,hidden_2140
34658.118702672,trade,bid,576.57,1.0,hidden_2141
34659.92768478,add,bid,576.52,100.0,25973707
34660.120981961,cancel,ask,577.12,100.0,25855803
34660.121147648,add,ask,577.11,100.0,25977646
34660.597391245,add,ask,577.11,100.0,25982479
34661.231738659,cancel,ask,577.11,100.0,25982479
34662.412078422,add,ask,577.0,1400.0,25997416
34662.921375972,add,ask,577.0,100.0,26000428
34665.015436882,add,ask,576.98,100.0,26044487
34665.122003148,add,ask,576.97,100.0,26046063
34668.501340432,add,bid,576.6,100.0,26090623
34668.501666156,add,ask,576.97,100.0,26090627
34669.122718944,cancel,ask,576.97,100.0,26046063
34669.122865521,add,ask,576.96,100.0,26100690
34669.123197195,add,ask,576.96,100.0,26100699
34670.020670789,add,bid,576.6,100.0,26109401
34673.207910671,trade,bid,576.63,30.0,hidden_2157
34673.207910671,trade,bid,576.61,100.0,hidden_2158
34673.207910671,trade,bid,576.6,40.0,26090623
34673.208022713,trade,bid,576.6,60.0,26090623
34673.208022713,trade,bid,576.6,73.0,26109401
34673.208034146,trade,bid,576.6,27.0,26109401
34673.238539521,cancel,bid,576.52,100.0,25743508
34673.306492845,cancel,ask,576.96,100.0,26100699
34673.32222228,add,bid,576.65,100.0,26192298
34673.322332558,trade,bid,576.65,100.0,26192298
34674.119714942,cancel,ask,576.96,100.0,26100690
34674.119876495,add,ask,576.95,100.0,26210656
34676.705500914,add,bid,576.51,100.0,26267107
34680.120627278,cancel,ask,576.95,100.0,26210656
34680.120784103,add,ask,576.94,100.0,26315314
34682.837049656,add,bid,576.6,50.0,26354260
34684.075294953,add,ask,576.94,100.0,26391787
34684.622110317,cancel,ask,576.94,100.0,26391787
34684.947744268,trade,bid,576.6,50.0,26354260
34687.021759234,trade,bid,576.51,100.0,26267107
34687.021867204,trade,bid,576.44,73.0,25672152
34687.021974935,cancel,bid,576.44,27.0,25672152
34687.022752389,add,bid,576.35,100.0,26443304
34687.043159296,add,bid,576.36,100.0,26443817
34687.074042077,add,bid,576.36,100.0,26444283
34687.074704344,add,bid,576.37,100.0,26444291
34687.095792338,cancel,bid,576.37,100.0,26444291
34687.095825185,cancel,bid,576.36,100.0,26444283
34687.096394326,add,bid,576.36,100.0,26444715
34687.120635245,cancel,ask,576.94,100.0,26315314
34687.120770223,add,ask,576.92,100.0,26445096
34687.121421875,add,bid,576.37,100.0,26445106
34687.122114756,add,bid,576.38,100.0,26445124
34687.132377613,cancel,bid,576.38,100.0,26445124
34687.133003771,add,bid,576.36,100.0,26445361
34687.135944714,add,bid,576.43,100.0,26445385
34687.152535977,add,bid,576.43,100.0,26445601
34687.154886245,cancel,bid,576.43,100.0,26445385
34687.155132548,cancel,bid,576.43,100.0,26445601
34687.155313966,add,bid,576.44,100.0,26445634
34687.155788018,cancel,bid,576.44,100.0,26445634
34687.15638975,add,bid,576.36,100.0,26445653
34687.16359862,add,bid,576.44,100.0,26445753
34687.16442691,add,bid,576.44,100.0,26445772
34687.183526013,cancel,bid,576.44,100.0,26445753
34687.184078702,cancel,bid,576.44,100.0,26445772
34687.184677538,add,bid,576.36,100.0,26446132
34687.219376498,add,bid,576.42,100.0,26446501
34687.220069657,cancel,bid,576.42,100.0,26446501
34687.220740074,add,bid,576.36,100.0,26446513
34687.223783611,add,bid,576.36,100.0,26446529
34687.250057757,add,bid,576.42,100.0,26446922
34687.254278297,cancel,bid,576.42,100.0,26446922
34687.25492364,add,bid,576.36,100.0,26447045
34687.289110047,add,bid,576.42,100.0,26447681
34687.289869704,cancel,bid,576.42,100.0,26447681
34687.29048556,add,bid,576.36,100.0,26447699
34687.321164834,add,bid,576.42,100.0,26448033
34687.321936943,cancel,bid,576.42,100.0,26448033
34687.322600808,add,bid,576.36,100.0,26448073
34687.352773391,add,bid,576.42,100.0,26448539
34687.353454611,cancel,bid,576.42,100.0,26448539
34687.354038326,add,bid,576.36,100.0,26448560
34687.383737693,add,bid,576.42,100.0,26449138
34687.384487253,cancel,bid,576.42,100.0,26449138
34687.385089287,add,bid,576.36,100.0,26449156
34687.415750191,add,bid,576.42,100.0,26449584
34687.416445587,cancel,bid,576.42,100.0,26449584
34687.417044132,add,bid,576.36,100.0,26449588
34687.446822378,add,bid,576.42,100.0,26449909
34687.447483191,cancel,bid,576.42,100.0,26449909
34687.448086336,add,bid,576.36,100.0,26449930
34687.478098952,add,bid,576.42,100.0,26450280
34687.47884533,cancel,bid,576.42,100.0,26450280
34687.479445007,add,bid,576.36,100.0,26450306
34687.509085732,add,bid,576.42,100.0,26450611
34687.509837449,cancel,bid,576.42,100.0,26450611
34687.510450692,add,bid,576.36,100.0,26450621
34687.53989613,add,bid,576.42,100.0,26451060
34687.540561131,cancel,bid,576.42,100.0,26451060
34687.541140883,add,bid,576.36,100.0,26451068
34687.569736668,add,bid,576.42,100.0,26451311
34687.57047736,cancel,bid,576.42,100.0,26451311
34687.571089694,add,bid,576.36,100.0,26451327
34687.600817351,add,bid,576.42,100.0,26451681
34687.601573847,cancel,bid,576.42,100.0,26451681
34687.602158229,add,bid,576.36,100.0,26451720
34687.623779989,add,bid,576.64,27.0,26451911
34687.623900038,trade,bid,576.64,27.0,26451911
34687.624714717,add,bid,576.42,100.0,26451924
34687.625289996,cancel,bid,576.42,100.0,26451924
34687.630875819,add,bid,576.42,100.0,26451954
34687.631535828,cancel,bid,576.42,100.0,26451954
34687.632122512,add,bid,576.36,100.0,26451968
34687.661751353,add,bid,576.42,100.0,26452397
34687.66245572,cancel,bid,576.42,100.0,26452397
34687.66302973,add,bid,576.36,100.0,26452405
34687.694918081,add,bid,576.42,100.0,26452876
34687.695653897,cancel,bid,576.42,100.0,26452876
34687.696224904,add,bid,576.36,100.0,26452896
34687.728799279,add,bid,576.42,100.0,26453233
34687.729570695,cancel,bid,576.42,100.0,26453233
34687.730170149,add,bid,576.36,100.0,26453245
34687.759850334,add,bid,576.42,100.0,26453811
34687.925876337,cancel,bid,576.42,100.0,26453811
34687.926462354,add,bid,576.36,100.0,26457261
34687.95581351,add,bid,576.42,100.0,26457637
34688.035212242,cancel,bid,576.42,100.0,26457637
34688.035797118,add,bid,576.36,100.0,26458625
34688.041261354,add,bid,576.36,100.0,26458821
34688.042372976,add,bid,576.37,100.0,26458842
34688.043108061,add,bid,576.41,100.0,26458877
34688.053573951,add,bid,576.42,100.0,26459165
34688.054202319,add,bid,576.43,100.0,26459188
34688.055410632,cancel,bid,576.43,100.0,26459188
34688.056022762,add,bid,576.41,100.0,26459212
34688.057221916,cancel,bid,576.41,100.0,26459212
34688.057806311,add,bid,576.36,100.0,26459232
34688.059415144,cancel,bid,576.36,100.0,26459232
34688.059949694,add,bid,576.42,100.0,26459255
34688.097770857,add,bid,576.44,100.0,26459696
34688.098689556,add,bid,576.44,100.0,26459718
34688.100096732,cancel,bid,576.44,100.0,26459696
34688.101580172,add,bid,576.44,100.0,26459813
34688.101692951,cancel,bid,576.44,100.0,26459718
34688.102263114,cancel,bid,576.44,100.0,26459813
34688.102868425,add,bid,576.42,100.0,26459851
34688.109329398,add,bid,576.45,100.0,26460062
34688.110054193,cancel,bid,576.45,100.0,26460062
34688.110593632,cancel,bid,576.44,100.0,26460066
34688.111185023,add,bid,576.42,100.0,26460093
34688.217146626,add,bid,576.44,100.0,26461493
34688.217820038,cancel,bid,576.44,100.0,26461493
34688.218424167,add,bid,576.42,100.0,26461500
34688.247138118,add,bid,576.44,100.0,26461727
34688.247874395,cancel,bid,576.44,100.0,26461727
34688.248468906,add,bid,576.42,100.0,26461740
34688.277844678,add,bid,576.44,100.0,26462004
34688.278586641,cancel,bid,576.44,100.0,26462004
34688.279166161,add,bid,576.42,100.0,26462026
34688.30882845,add,bid,576.44,100.0,26463707
34688.309506852,cancel,bid,576.44,100.0,26463707
34688.310117507,add,bid,576.42,100.0,26463910
34688.337584356,add,bid,576.42,100.0,26469252
34688.349846542,add,bid,576.44,100.0,26469783
34688.35122013,cancel,bid,576.44,100.0,26469783
34688.351815192,add,bid,576.42,100.0,26469833
34688.370497516,add,bid,576.44,100.0,26470325
34688.371160077,add,bid,576.44,100.0,26470350
34688.371640468,cancel,bid,576.44,100.0,26470325
34688.372189488,cancel,bid,576.44,100.0,26470350
34688.372788619,add,bid,576.42,100.0,26470418
34688.423224386,add,bid,576.44,100.0,26472370
34688.423992369,cancel,bid,576.44,100.0,26472370
34688.424600793,add,bid,576.42,100.0,26472402
34688.452802166,add,bid,576.44,100.0,26472904
34688.453564925,cancel,bid,576.44,100.0,26472904
34688.454146522,add,bid,576.42,100.0,26472923
34688.483970163,add,bid,576.44,100.0,26473337
34688.484715771,cancel,bid,576.44,100.0,26473337
34688.4853307,add,bid,576.42,100.0,26473356
34688.51580846,add,bid,576.44,100.0,26473939
34688.516473819,cancel,bid,576.44,100.0,26473939
34688.517078067,add,bid,576.42,100.0,26473965
34688.547809091,add,bid,576.44,100.0,26474512
34688.548565422,cancel,bid,576.44,100.0,26474512
34688.549165089,add,bid,576.42,100.0,26474579
34688.58487563,add,bid,576.44,100.0,26475959
34688.585647533,cancel,bid,576.44,100.0,26475959
34688.586258536,add,bid,576.42,100.0,26475994
34688.616889406,add,bid,576.44,100.0,26478206
34688.617632941,cancel,bid,576.44,100.0,26478206
34688.618222962,add,bid,576.42,100.0,26478334
34688.648972901,add,bid,576.44,100.0,26479380
34688.649736298,cancel,bid,576.44,100.0,26479380
34688.650348575,add,bid,576.42,100.0,26479408
34688.680839483,add,bid,576.44,100.0,26479935
34688.681490468,cancel,bid,576.44,100.0,26479935
34688.682101311,add,bid,576.42,100.0,26479956
34688.712868983,add,bid,576.44,100.0,26480211
34688.713524397,cancel,bid,576.44,100.0,26480211
34688.714132455,add,bid,576.42,100.0,26480218
34688.744173541,add,bid,576.44,100.0,26480753
34688.744926799,cancel,bid,576.44,100.0,26480753
34688.745504011,add,bid,576.42,100.0,26480776
34688.775900869,add,bid,576.44,100.0,26481102
34688.776553668,cancel,bid,576.44,100.0,26481102
34688.77715435,add,bid,576.42,100.0,26481113
34688.805828924,add,bid,576.44,100.0,26481534
34688.806572373,cancel,bid,576.44,100.0,26481534
34688.80718965,add,bid,576.42,100.0,26481542
34688.836846588,add,bid,576.44,100.0,26481848
34688.837519756,cancel,bid,576.44,100.0,26481848
34688.838122746,add,bid,576.42,100.0,26481884
34688.867022719,add,bid,576.44,100.0,26482257
34688.867766817,cancel,bid,576.44,100.0,26482257
34688.868370055,add,bid,576.42,100.0,26482273
34688.896869811,add,bid,576.44,100.0,26483206
34688.897638374,cancel,bid,576.44,100.0,26483206
34688.898267487,add,bid,576.42,100.0,26483448
34688.926854992,add,bid,576.44,100.0,26484091
34688.927611348,cancel,bid,576.44,100.0,26484091
34688.928223235,add,bid,576.42,100.0,26484109
34688.957195076,add,bid,576.44,100.0,26484395
34688.957935409,cancel,bid,576.44,100.0,26484395
34688.958518597,add,bid,576.42,100.0,26484415
34688.988006608,add,bid,576.44,100.0,26484891
34688.988679743,cancel,bid,576.44,100.0,26484891
34688.989274702,add,bid,576.42,100.0,26484904
34689.01889072,add,bid,576.44,100.0,26485333
34689.019556729,cancel,bid,576.44,100.0,26485333
34689.020186358,add,bid,576.42,100.0,26485346
34689.048894133,add,bid,576.44,100.0,26485693
34689.049634448,cancel,bid,576.44,100.0,26485693
34689.05025219,add,bid,576.42,100.0,26485706
34689.083895304,add,bid,576.44,100.0,26486432
34689.084564276,cancel,bid,576.44,100.0,26486432
34689.085173439,add,bid,576.42,100.0,26486444
34689.12015213,add,bid,576.44,100.0,26486909
34689.120911329,cancel,bid,576.44,100.0,26486909
34689.12152297,add,bid,576.42,100.0,26486916
34689.152121735,add,bid,576.44,100.0,26487420
34689.152887054,cancel,bid,576.44,100.0,26487420
34689.153493626,add,bid,576.42,100.0,26487429
34689.18395093,add,bid,576.44,100.0,26488420
34689.184622256,cancel,bid,576.44,100.0,26488420
34689.185230959,add,bid,576.42,100.0,26488444
34689.215865588,add,bid,576.44,100.0,26489136
34689.216611225,cancel,bid,576.44,100.0,26489136
34689.2172109,add,bid,576.42,100.0,26489148
34689.250068666,add,bid,576.44,100.0,26489520
34689.250812429,cancel,bid,576.44,100.0,26489520
34689.251421653,add,bid,576.42,100.0,26489530
34689.280930934,add,bid,576.44,100.0,26489988
34689.281603885,cancel,bid,576.44,100.0,26489988
34689.282227276,add,bid,576.42,100.0,26490008
34689.312926408,add,bid,576.44,100.0,26490319
34689.313583289,cancel,bid,576.44,100.0,26490319
34689.314184613,add,bid,576.42,100.0,26490326
34689.343006311,add,bid,576.44,100.0,26490684
34689.343759483,cancel,bid,576.44,100.0,26490684
34689.344363255,add,bid,576.42,100.0,26490751
34689.376849805,add,bid,576.44,100.0,26491029
