train_seed,eval_seed,learned_config,baseline_config,baseline_method,delta_service_cost_restricted,delta_service_cost_observed,delta_restricted_wait_horizon_min,delta_avg_wait_observed_min,delta_restricted_in_vehicle_horizon_min,delta_avg_in_vehicle_observed_min,delta_restricted_total_journey_horizon_min,delta_avg_total_journey_observed_min,delta_holding_vehicle_seconds,delta_holding_passenger_seconds,delta_fleet_denied_dispatch_events,delta_fleet_denied_trips,delta_fleet_readiness_delay_mean_s,delta_fleet_readiness_delay_max_s,delta_passenger_unserved_rate,delta_headway_cv,delta_fleet_overshoot,delta_trip_launch_rate,delta_trip_completion_rate,delta_holding_vehicle_seconds_per_launched_trip,delta_holding_passenger_min_per_generated,delta_fleet_denied_trip_rate,delta_fleet_denied_retry_trip_seconds,delta_commanded_holding_vehicle_seconds,delta_commanded_holding_passenger_seconds,delta_commanded_holding_passenger_min_per_generated,delta_terminal_actual_dispatch_gap_mean_s,delta_terminal_dispatch_execution_error_mean_s,delta_terminal_dispatch_execution_error_abs_mean_s
12011,45007,F_freqduet_protocol_v6_confirmed_main_hiro,F_freqduet_protocol_v6_confirmed_main_hiro,fixed_headway,-0.09898374395452825,-0.09552458313028511,1.357485193130576,1.3920768013730065,1.439110091852145,1.4374928208979743,2.796765284982726,2.829739622270978,74145.0,1809330.0,129264.0,169.0,493.3740455267176,970.0,-0.0001477250344691,-0.2339996380952399,0.0,0.0,0.0,282.996183,1.484907,0.6450381603053437,129264.0,74145.0,1809330.0,1.484907,9.611537999999996,9.611538,2.3203215384615348
12011,45013,F_freqduet_protocol_v6_confirmed_main_hiro,F_freqduet_protocol_v6_confirmed_main_hiro,fixed_headway,-0.20717002976417487,-0.2048799675846379,0.38208961897795035,0.4049902407733166,1.4148849792022098,1.4138213399470292,1.7971745981801597,1.8190115807203426,74860.0,1822885.0,148104.0,163.0,565.2824428854962,1207.0,-9.748964172556666e-05,-0.2449365434533417,0.0,0.0,0.0,285.725191,1.480937,0.6221373969465649,148104.0,74860.0,1822885.0,1.480937,10.880768846153842,10.880768846153845,3.8039493076923065
12011,45053,F_freqduet_protocol_v6_confirmed_main_hiro,F_freqduet_protocol_v6_confirmed_main_hiro,fixed_headway,0.006329367279040543,0.009574167846456927,2.3825201163404355,2.4149681220145993,1.4299236940524054,1.4283948872789605,3.8128358103929045,3.8437550092935595,72900.0,1891875.0,121982.0,167.0,465.58015221374046,1110.0,-0.0001402000186933,-0.2312746442615364,0.0,0.0,0.0,278.244275,1.473561,0.6374049541984732,121982.0,72900.0,1891875.0,1.473561,10.615385000000003,10.615385,-1.4467822307692302
12011,45061,F_freqduet_protocol_v6_confirmed_main_hiro,F_freqduet_protocol_v6_confirmed_main_hiro,fixed_headway,-0.22871636488655434,-0.22871636488655434,0.40483043120893125,0.40483043120893125,1.3614288390538878,1.3614288390538878,1.76670127026288,1.7667012702628178,73740.0,1698750.0,117092.0,178.0,446.9160303740458,995.0,0.0,-0.2692224080074474,0.0,0.0,0.0,281.450382,1.42281,0.6793895114503816,117092.0,73740.0,1698750.0,1.42281,10.007692692307671,10.007692692307693,-1.2412263076923082
12011,45077,F_freqduet_protocol_v6_confirmed_main_hiro,F_freqduet_protocol_v6_confirmed_main_hiro,fixed_headway,-0.19938391719860848,-0.19938391719860848,0.3605747215006496,0.3605747215006496,1.5052603268929978,1.5052603268929978,1.865513048393602,1.86551304839365,77695.0,1686025.0,130013.0,179.0,496.2328248091603,962.0,0.0,-0.2353673893486735,0.0,0.0,0.0,296.545802,1.551224,0.6832056870229009,130013.0,77695.0,1686025.0,1.551224,8.211538923076887,8.211538923076924,5.557778384615382
12011,45119,F_freqduet_protocol_v6_confirmed_main_hiro,F_freqduet_protocol_v6_confirmed_main_hiro,fixed_headway,-0.1553700770203561,-0.002080567167036085,0.5503231670535342,2.083338265586729,1.5239500558894772,1.4799244470025066,2.0741122229431497,3.5629817125892345,72965.0,1946540.0,156671.0,166.0,597.9809157022901,1310.0,-0.005426987350856701,-0.1832804569714252,0.0,0.0,0.0,278.492366,1.455205,0.6335877786259543,156671.0,72965.0,1946540.0,1.455205,12.134614999999997,12.134615,9.226878153846165
12011,45131,F_freqduet_protocol_v6_confirmed_main_hiro,F_freqduet_protocol_v6_confirmed_main_hiro,fixed_headway,-0.20651289899759273,-0.20408356373397774,-0.07744843726880468,-0.05315508463265406,1.5681971245248114,1.5670863390875436,1.4906046872559617,1.5137872544548898,82615.0,1874570.0,161791.0,171.0,617.5229012366412,1173.0,-0.0001027432446316,-0.19823933904755411,0.0,0.0,0.0,315.324427,1.604995,0.6526713358778626,161791.0,82615.0,1874570.0,1.604995,12.819231076923131,12.819231076923078,6.235557153846166
12011,45137,F_freqduet_protocol_v6_confirmed_main_hiro,F_freqduet_protocol_v6_confirmed_main_hiro,fixed_headway,0.014638529202393613,0.014638529202393613,2.2297730090603354,2.2297730090603354,1.438530861589589,1.438530861589589,3.6679118706499203,3.6679118706499203,73800.0,1762370.0,153310.0,166.0,585.1526715572519,1053.0,0.0,-0.20831277170364,0.0,0.0,0.0,281.679389,1.449723,0.6335881603053436,153310.0,73800.0,1762370.0,1.449723,10.119230461538507,10.119230461538463,-0.3490362307692294
12037,45007,F_freqduet_protocol_v6_confirmed_main_hiro,F_freqduet_protocol_v6_confirmed_main_hiro,fixed_headway,-0.08575274395452825,-0.08229358313028512,1.2434851931305753,1.2780768013730057,1.4000680918521446,1.398450820897974,2.643108284982727,2.676082622270979,70745.0,1747810.0,101542.0,169.0,387.5648855267176,860.0,-0.0001477250344691,-0.2092996380952399,0.0,0.0,0.0,270.019084,1.434418,0.6450381603053437,101542.0,70745.0,1747810.0,1.434418,8.838461999999993,8.838462,2.9397675384615383
12037,45013,F_freqduet_protocol_v6_confirmed_main_hiro,F_freqduet_protocol_v6_confirmed_main_hiro,fixed_headway,-0.15001402976417488,-0.1477239675846379,0.5960896189779508,0.618990240773317,1.3877829792022087,1.3867193399470281,1.983863598180161,2.005700580720344,72645.0,1755085.0,133584.0,163.0,509.86259588549615,1166.0,-9.748964172556666e-05,-0.2091365434533417,0.0,0.0,0.0,277.270992,1.425855,0.6221373969465649,133584.0,72645.0,1755085.0,1.425855,10.499999846153798,10.499999846153846,7.043320307692305
12037,45053,F_freqduet_protocol_v6_confirmed_main_hiro,F_freqduet_protocol_v6_confirmed_main_hiro,fixed_headway,-0.1133176327209593,-0.11007283215354291,1.253520116340436,1.2859681220145998,1.3462116940524052,1.3446828872789602,2.5992588103929037,2.6301780092935587,65850.0,1733010.0,78870.0,161.0,301.03053421374045,537.0,-0.0001402000186933,-0.2378746442615364,0.0,0.0,0.0,251.335878,1.349822,0.6145039541984734,78870.0,65850.0,1733010.0,1.349822,6.603845999999976,6.603846,-7.50939223076923
12037,45061,F_freqduet_protocol_v6_confirmed_main_hiro,F_freqduet_protocol_v6_confirmed_main_hiro,fixed_headway,-0.20057736488655442,-0.20057736488655442,0.4708304312089311,0.4708304312089311,1.3606468390538886,1.3606468390538886,1.8314182702628816,1.8314182702628194,71600.0,1691165.0,92799.0,177.0,354.1946563740458,818.0,0.0,-0.2476224080074474,0.0,0.0,0.0,273.282443,1.416457,0.6755725114503817,92799.0,71600.0,1691165.0,1.416457,8.534615692307682,8.534615692307693,-2.1269853076923084
12037,45077,F_freqduet_protocol_v6_confirmed_main_hiro,F_freqduet_protocol_v6_confirmed_main_hiro,fixed_headway,-0.2282719171986084,-0.2282719171986084,0.1385747215006492,0.1385747215006492,1.3629823268929986,1.3629823268929986,1.5011190483936012,1.5011190483936492,71015.0,1552805.0,66530.0,170.0,253.93129780916033,365.0,0.0,-0.24206738934867347,0.0,0.0,0.0,271.049618,1.428655,0.6488546870229008,66530.0,71015.0,1552805.0,1.428655,4.630768923076914,4.630768923076923,2.046099384615381
12037,45119,F_freqduet_protocol_v6_confirmed_main_hiro,F_freqduet_protocol_v6_confirmed_main_hiro,fixed_headway,-0.21332007702035605,-0.07679356716703611,-0.24567683294646692,1.1193382655867286,1.4449810558894765,1.4096864470025068,1.1989162229431507,2.528888712589236,68450.0,1859035.0,110999.0,166.0,423.6603057022901,954.0,-0.0046649873508567,-0.1653804569714252,0.0,0.0,0.0,261.259542,1.389787,0.6335877786259543,110999.0,68450.0,1859035.0,1.389787,9.426922999999988,9.426923,7.940053153846165
12037,45131,F_freqduet_protocol_v6_confirmed_main_hiro,F_freqduet_protocol_v6_confirmed_main_hiro,fixed_headway,-0.1800878989975928,-0.17765856373397781,0.02855156273119519,0.05284491536734581,1.471522124524812,1.4704113390875442,1.499718687255962,1.52290125445489,78775.0,1784865.0,137688.0,171.0,525.5267172366413,918.0,-0.0001027432446316,-0.1824393390475541,0.0,0.0,0.0,300.667939,1.52819,0.6526713358778626,137688.0,78775.0,1784865.0,1.52819,10.865385076923133,10.865385076923078,9.41085115384616
12037,45137,F_freqduet_protocol_v6_confirmed_main_hiro,F_freqduet_protocol_v6_confirmed_main_hiro,fixed_headway,-0.012466470797606322,-0.012466470797606322,1.866773009060334,1.866773009060334,1.3739048615895886,1.3739048615895886,3.2407168706499228,3.2407168706499228,69595.0,1693295.0,127194.0,165.0,485.4732825572519,784.0,0.0,-0.19911277170364,0.0,0.0,0.0,265.629771,1.392902,0.6297711603053436,127194.0,69595.0,1693295.0,1.392902,7.634615461538488,7.634615461538463,0.07629976923077209
12049,45007,F_freqduet_protocol_v6_confirmed_main_hiro,F_freqduet_protocol_v6_confirmed_main_hiro,fixed_headway,-0.05777174395452822,-0.054312583130285086,1.6124851931305768,1.6470768013730073,1.516924091852145,1.5153068208979743,3.1290502849827284,3.1620246222709802,77390.0,1890485.0,150236.0,169.0,573.4198475267176,1242.0,-0.0001477250344691,-0.21819963809523993,0.0,0.0,0.0,295.381679,1.551511,0.6450381603053437,150236.0,77390.0,1890485.0,1.551511,12.053846000000021,12.053846,5.426813538461538
12049,45013,F_freqduet_protocol_v6_confirmed_main_hiro,F_freqduet_protocol_v6_confirmed_main_hiro,fixed_headway,-0.20944002976417486,-0.20714996758463788,0.4190896189779503,0.4419902407733165,1.448359979202209,1.4472963399470284,1.8675045981801581,1.889341580720341,75930.0,1842860.0,164335.0,163.0,627.2328248854961,1246.0,-9.748964172556666e-05,-0.2508365434533417,0.0,0.0,0.0,289.80916,1.497165,0.6221373969465649,164335.0,75930.0,1842860.0,1.497165,11.403845846153843,11.403845846153846,2.4234293076923095
12049,45053,F_freqduet_protocol_v6_confirmed_main_hiro,F_freqduet_protocol_v6_confirmed_main_hiro,fixed_headway,0.009779367279040718,0.013024167846457102,2.4685201163404358,2.5009681220145996,1.4614806940524048,1.4599518872789599,3.930110810392904,3.961030009293559,74205.0,1916860.0,128848.0,167.0,491.78625921374044,1150.0,-0.0001402000186933,-0.2363746442615364,0.0,0.0,0.0,283.225191,1.493021,0.6374049541984732,128848.0,74205.0,1916860.0,1.493021,10.792307999999991,10.792308,-3.435998230769229
12049,45061,F_freqduet_protocol_v6_confirmed_main_hiro,F_freqduet_protocol_v6_confirmed_main_hiro,fixed_headway,-0.1867313648865544,-0.1867313648865544,0.7068304312089309,0.7068304312089309,1.476219839053888,1.476219839053888,2.1827752702628818,2.1827752702628196,78045.0,1822570.0,143815.0,178.0,548.9122133740458,1213.0,0.0,-0.2574224080074474,0.0,0.0,0.0,297.881679,1.526517,0.6793895114503816,143815.0,78045.0,1822570.0,1.526517,11.807692692307683,11.807692692307691,-0.7997193076923139
12049,45077,F_freqduet_protocol_v6_confirmed_main_hiro,F_freqduet_protocol_v6_confirmed_main_hiro,fixed_headway,-0.20001491719860842,-0.20001491719860842,0.3915747215006493,0.3915747215006493,1.4977853268929984,1.4977853268929984,1.889214048393601,1.889214048393649,78450.0,1683100.0,135884.0,179.0,518.6412218091602,942.0,0.0,-0.2391673893486735,0.0,0.0,0.0,299.427481,1.548533,0.6832056870229009,135884.0,78450.0,1683100.0,1.548533,8.453845923076926,8.453845923076923,6.484611384615384
12049,45119,F_freqduet_protocol_v6_confirmed_main_hiro,F_freqduet_protocol_v6_confirmed_main_hiro,fixed_headway,-0.01803807702035609,0.1385204328329639,1.528323167053534,3.09433826558673,1.6650290558894767,1.6208064470025079,3.193567222943148,4.714926712589236,76860.0,2098680.0,186181.0,168.0,710.6145037022901,1678.0,-0.0055619873508567005,-0.14308045697142519,0.0,0.0,0.0,293.358779,1.568942,0.6412217786259542,186181.0,76860.0,2098680.0,1.568942,15.134614999999997,15.134615,12.527720153846161
12049,45131,F_freqduet_protocol_v6_confirmed_main_hiro,F_freqduet_protocol_v6_confirmed_main_hiro,fixed_headway,-0.2192448989975928,-0.2168155637339778,-0.07844843726880502,-0.05415508463265439,1.5561271245248118,1.555016339087544,1.4780136872559613,1.5011962544548894,82420.0,1859725.0,175024.0,172.0,668.0305342366413,1181.0,-0.0001027432446316,-0.2109393390475541,0.0,0.0,0.0,314.580153,1.592285,0.6564883358778626,175024.0,82420.0,1859725.0,1.592285,13.038461076923113,13.038461076923078,5.936060153846164
12049,45137,F_freqduet_protocol_v6_confirmed_main_hiro,F_freqduet_protocol_v6_confirmed_main_hiro,fixed_headway,0.06706952920239373,0.06706952920239373,2.6107730090603356,2.6107730090603356,1.5234148615895897,1.5234148615895897,4.134042870649921,4.134042870649921,78080.0,1831675.0,174452.0,168.0,665.8473285572519,1368.0,0.0,-0.19401277170363998,0.0,0.0,0.0,298.015267,1.506733,0.6412211603053436,174452.0,78080.0,1831675.0,1.506733,12.71153846153851,12.711538461538462,5.20169476923077
12071,45007,F_freqduet_protocol_v6_confirmed_main_hiro,F_freqduet_protocol_v6_confirmed_main_hiro,fixed_headway,-0.08037974395452818,-0.07692058313028505,1.4784851931305765,1.513076801373007,1.4615880918521444,1.4599708208979738,2.940021284982727,2.972995622270979,74195.0,1829025.0,130758.0,169.0,499.07633552671757,970.0,-0.0001477250344691,-0.2274996380952399,0.0,0.0,0.0,283.187023,1.501071,0.6450381603053437,130758.0,74195.0,1829025.0,1.501071,9.626922999999977,9.626923,2.9671955384615387
12071,45013,F_freqduet_protocol_v6_confirmed_main_hiro,F_freqduet_protocol_v6_confirmed_main_hiro,fixed_headway,-0.18178902976417488,-0.1794989675846379,0.49108961897795034,0.5139902407733166,1.4411829792022086,1.440119339947028,1.9323155981801605,1.9541525807203435,74170.0,1835460.0,149879.0,163.0,572.0572518854962,1220.0,-9.748964172556666e-05,-0.23043654345334172,0.0,0.0,0.0,283.091603,1.491153,0.6221373969465649,149879.0,74170.0,1835460.0,1.491153,10.942307846153824,10.942307846153845,4.857720307692304
12071,45053,F_freqduet_protocol_v6_confirmed_main_hiro,F_freqduet_protocol_v6_confirmed_main_hiro,fixed_headway,-0.017977632720959313,-0.01473283215354293,2.1455201163404354,2.177968122014599,1.4312456940524054,1.4297168872789605,3.5772558103929057,3.6081750092935607,71580.0,1869485.0,115268.0,166.0,439.9541982137405,901.0,-0.0001402000186933,-0.2318746442615364,0.0,0.0,0.0,273.206107,1.456121,0.6335879541984732,115268.0,71580.0,1869485.0,1.456121,9.376922999999977,9.376923,-2.608409230769226
12071,45061,F_freqduet_protocol_v6_confirmed_main_hiro,F_freqduet_protocol_v6_confirmed_main_hiro,fixed_headway,-0.21322036488655438,-0.21322036488655438,0.45383043120893074,0.45383043120893074,1.3853558390538883,1.3853558390538883,1.8387432702628796,1.8387432702628175,74145.0,1718500.0,119202.0,178.0,454.9694653740458,1016.0,0.0,-0.2585224080074474,0.0,0.0,0.0,282.996183,1.439352,0.6793895114503816,119202.0,74145.0,1718500.0,1.439352,10.023076692307711,10.023076692307692,-0.2252313076923116
12071,45077,F_freqduet_protocol_v6_confirmed_main_hiro,F_freqduet_protocol_v6_confirmed_main_hiro,fixed_headway,-0.1892889171986084,-0.1892889171986084,0.3815747215006495,0.3815747215006495,1.5260233268929984,1.5260233268929984,1.9078290483936016,1.9078290483936495,77160.0,1706180.0,129173.0,179.0,493.02671780916023,890.0,0.0,-0.22746738934867347,0.0,0.0,0.0,294.503817,1.569767,0.6832056870229009,129173.0,77160.0,1706180.0,1.569767,7.969230923076907,7.969230923076923,4.732688384615379
12071,45119,F_freqduet_protocol_v6_confirmed_main_hiro,F_freqduet_protocol_v6_confirmed_main_hiro,fixed_headway,-0.1455090770203562,0.010191432832963976,0.6503231670535339,2.2073382655867295,1.575164055889477,1.5311224470025078,2.2254752229431496,3.7384477125892346,73100.0,2003435.0,163873.0,168.0,625.4694657022901,1364.0,-0.005471987350856701,-0.1831804569714252,0.0,0.0,0.0,279.007634,1.497739,0.6412217786259542,163873.0,73100.0,2003435.0,1.497739,12.446153999999979,12.446154,9.69640115384616
12071,45131,F_freqduet_protocol_v6_confirmed_main_hiro,F_freqduet_protocol_v6_confirmed_main_hiro,fixed_headway,-0.21294489899759272,-0.21051556373397773,-0.02544843726880508,-0.0011550846326544573,1.5060791245248115,1.5049683390875437,1.4804676872559615,1.5036502544548895,80335.0,1822040.0,154496.0,170.0,589.6793892366412,923.0,-0.0001027432446316,-0.2098393390475541,0.0,0.0,0.0,306.622137,1.560019,0.6488553358778626,154496.0,80335.0,1822040.0,1.560019,10.976923076923129,10.976923076923077,4.838499153846165
12071,45137,F_freqduet_protocol_v6_confirmed_main_hiro,F_freqduet_protocol_v6_confirmed_main_hiro,fixed_headway,0.015116529202393592,0.015116529202393592,2.164773009060334,2.164773009060334,1.4444968615895881,1.4444968615895881,3.6094808706499215,3.6094808706499215,72955.0,1756050.0,148943.0,168.0,568.484732557252,1036.0,0.0,-0.20141277170364,0.0,0.0,0.0,278.454198,1.444524,0.6412211603053436,148943.0,72955.0,1756050.0,1.444524,9.811538461538476,9.811538461538461,0.07989776923076874
12097,45007,F_freqduet_protocol_v6_confirmed_main_hiro,F_freqduet_protocol_v6_confirmed_main_hiro,fixed_headway,-0.04518974395452813,-0.04173058313028499,1.9944851931305765,2.029076801373007,1.5735950918521446,1.571977820897974,3.568346284982727,3.601320622270979,82460.0,2009165.0,190343.0,173.0,726.4999995267176,1454.0,-0.0001477250344691,-0.24389963809523993,0.0,0.0,0.0,314.732824,1.648911,0.6603051603053436,190343.0,82460.0,2009165.0,1.648911,13.446153999999979,13.446154,3.867473538461539
12097,45013,F_freqduet_protocol_v6_confirmed_main_hiro,F_freqduet_protocol_v6_confirmed_main_hiro,fixed_headway,-0.1595970297641749,-0.1573069675846379,0.8890896189779509,0.9119902407733171,1.6032419792022097,1.602178339947029,2.492536598180159,2.514373580720342,84150.0,2082365.0,222310.0,165.0,848.5114498854962,1675.0,-9.748964172556666e-05,-0.24803654345334172,0.0,0.0,0.0,321.183206,1.691742,0.6297713969465648,222310.0,84150.0,2082365.0,1.691742,15.02692284615381,15.026922846153846,5.886921307692305
12097,45053,F_freqduet_protocol_v6_confirmed_main_hiro,F_freqduet_protocol_v6_confirmed_main_hiro,fixed_headway,0.13644636727904058,0.13969116784645697,3.732520116340435,3.764968122014599,1.632257694052404,1.6307288872789591,5.365071810392905,5.39599100929356,83020.0,2149735.0,189703.0,174.0,724.0572522137404,1536.0,-0.0001402000186933,-0.2361746442615364,0.0,0.0,0.0,316.870229,1.674405,0.6641219541984733,189703.0,83020.0,2149735.0,1.674405,14.073077000000012,14.073077,2.335240769230772
12097,45061,F_freqduet_protocol_v6_confirmed_main_hiro,F_freqduet_protocol_v6_confirmed_main_hiro,fixed_headway,-0.14752336488655438,-0.14752336488655438,1.0508304312089312,1.0508304312089312,1.6477628390538879,1.6477628390538879,2.69876127026288,2.6987612702628176,88025.0,2038400.0,206094.0,181.0,786.6183203740458,1631.0,0.0,-0.2526224080074474,0.0,0.0,0.0,335.973282,1.707288,0.6908395114503816,206094.0,88025.0,2038400.0,1.707288,15.507692692307671,15.50769269230769,2.924048692307686
12097,45077,F_freqduet_protocol_v6_confirmed_main_hiro,F_freqduet_protocol_v6_confirmed_main_hiro,fixed_headway,-0.16969291719860846,-0.16969291719860846,0.7475747215006492,0.7475747215006492,1.662948326892998,1.662948326892998,2.410498048393599,2.410498048393647,85730.0,1880485.0,185242.0,180.0,707.0305348091603,1413.0,0.0,-0.2444673893486735,0.0,0.0,0.0,327.21374,1.730136,0.6870226870229008,185242.0,85730.0,1880485.0,1.730136,11.23076892307688,11.230768923076923,6.64358738461538
12097,45119,F_freqduet_protocol_v6_confirmed_main_hiro,F_freqduet_protocol_v6_confirmed_main_hiro,fixed_headway,-0.01476607702035615,0.13517843283296394,2.0913231670535346,3.59133826558673,1.7029820558894766,1.658589447002507,3.794730222943148,5.249783712589235,82530.0,2220550.0,212316.0,168.0,810.3664127022901,1713.0,-0.0056069873508567,-0.1958804569714252,0.0,0.0,0.0,315.0,1.660051,0.6412217786259542,212316.0,82530.0,2220550.0,1.660051,15.938462000000015,15.938462,10.59971615384616
12097,45131,F_freqduet_protocol_v6_confirmed_main_hiro,F_freqduet_protocol_v6_confirmed_main_hiro,fixed_headway,-0.21245889899759274,-0.21002956373397774,0.02855156273119519,0.05284491536734581,1.702142124524812,1.7010313390875442,1.7302056872559621,1.7533882544548902,88625.0,2024175.0,219188.0,176.0,836.5954202366413,1546.0,-0.0001027432446316,-0.21473933904755413,0.0,0.0,0.0,338.263359,1.733086,0.6717553358778626,219188.0,88625.0,2024175.0,1.733086,16.030769076923093,16.03076907692308,9.490959153846163
12097,45137,F_freqduet_protocol_v6_confirmed_main_hiro,F_freqduet_protocol_v6_confirmed_main_hiro,fixed_headway,0.1757135292023937,0.1757135292023937,3.691773009060335,3.691773009060335,1.642003861589588,1.642003861589588,5.3341348706499225,5.3341348706499225,83160.0,2024050.0,224387.0,168.0,856.4389315572519,1592.0,0.0,-0.19351277170363998,0.0,0.0,0.0,317.40458,1.66498,0.6412211603053436,224387.0,83160.0,2024050.0,1.66498,14.846153461538506,14.846153461538462,3.1196157692307693
12109,45007,F_freqduet_protocol_v6_confirmed_main_hiro,F_freqduet_protocol_v6_confirmed_main_hiro,fixed_headway,-0.08697174395452811,-0.08351258313028498,1.4384851931305755,1.473076801373006,1.4714360918521443,1.4698188208979737,2.9100772849827266,2.9430516222709784,74250.0,1844180.0,125645.0,169.0,479.5610685267176,952.0,-0.0001477250344691,-0.23009963809523992,0.0,0.0,0.0,283.396947,1.513509,0.6450381603053437,125645.0,74250.0,1844180.0,1.513509,9.576923000000022,9.576923,4.148782538461539
12109,45013,F_freqduet_protocol_v6_confirmed_main_hiro,F_freqduet_protocol_v6_confirmed_main_hiro,fixed_headway,-0.18931902976417492,-0.18702896758463794,0.4900896189779509,0.5129902407733171,1.46061097920221,1.4595473399470293,1.95105059818016,1.972887580720343,74400.0,1859725.0,152658.0,163.0,582.6641218854962,1213.0,-9.748964172556666e-05,-0.2378365434533417,0.0,0.0,0.0,283.969466,1.510866,0.6221373969465649,152658.0,74400.0,1859725.0,1.510866,10.815384846153847,10.815384846153846,4.966914307692306
12109,45053,F_freqduet_protocol_v6_confirmed_main_hiro,F_freqduet_protocol_v6_confirmed_main_hiro,fixed_headway,-0.06432163272095925,-0.06107683215354287,1.825520116340435,1.857968122014599,1.3640226940524052,1.3624938872789603,3.189796810392906,3.220716009293561,70075.0,1809220.0,107484.0,167.0,410.2442752137405,713.0,-0.0001402000186933,-0.2461746442615364,0.0,0.0,0.0,267.461832,1.409182,0.6374049541984732,107484.0,70075.0,1809220.0,1.409182,7.819231000000002,7.819231,-5.3157892307692265
12109,45061,F_freqduet_protocol_v6_confirmed_main_hiro,F_freqduet_protocol_v6_confirmed_main_hiro,fixed_headway,-0.21379536488655437,-0.21379536488655437,0.48583043120893077,0.48583043120893077,1.3728258390538883,1.3728258390538883,1.858217270262882,1.85821727026282,74740.0,1729305.0,116601.0,178.0,445.0419843740458,1011.0,0.0,-0.26232240800744744,0.0,0.0,0.0,285.267176,1.448402,0.6793895114503816,116601.0,74740.0,1729305.0,1.448402,9.97692269230771,9.976922692307692,1.3801496923076897
12109,45077,F_freqduet_protocol_v6_confirmed_main_hiro,F_freqduet_protocol_v6_confirmed_main_hiro,fixed_headway,-0.19272391719860849,-0.19272391719860849,0.3815747215006495,0.3815747215006495,1.5090043268929971,1.5090043268929971,1.8902480483936017,1.8902480483936497,77275.0,1699620.0,125343.0,179.0,478.4083968091603,949.0,0.0,-0.23086738934867349,0.0,0.0,0.0,294.942748,1.563732,0.6832056870229009,125343.0,77275.0,1699620.0,1.563732,7.999999923076928,7.999999923076924,7.36544138461538
12109,45119,F_freqduet_protocol_v6_confirmed_main_hiro,F_freqduet_protocol_v6_confirmed_main_hiro,fixed_headway,-0.04991407702035611,0.10574943283296401,1.2093231670535332,2.766338265586729,1.6148030558894764,1.571187447002508,2.8242192229431495,4.337238712589233,75230.0,2056685.0,174656.0,167.0,666.6259537022901,1486.0,-0.005471987350856701,-0.1434804569714252,0.0,0.0,0.0,287.137405,1.537547,0.6374047786259542,174656.0,75230.0,2056685.0,1.537547,14.199999999999989,14.2,13.654542153846165
12109,45131,F_freqduet_protocol_v6_confirmed_main_hiro,F_freqduet_protocol_v6_confirmed_main_hiro,fixed_headway,-0.20378089899759277,-0.20135156373397778,-0.043448437268804874,-0.01915508463265425,1.5640721245248113,1.5629613390875434,1.5209086872559627,1.5440912544548908,82095.0,1873915.0,165897.0,171.0,633.1946562366413,1167.0,-0.0001027432446316,-0.19893933904755412,0.0,0.0,0.0,313.339695,1.604434,0.6526713358778626,165897.0,82095.0,1873915.0,1.604434,12.803846076923094,12.803846076923078,8.06143315384616
12109,45137,F_freqduet_protocol_v6_confirmed_main_hiro,F_freqduet_protocol_v6_confirmed_main_hiro,fixed_headway,0.012742529202393715,0.012742529202393715,2.1497730090603353,2.1497730090603353,1.444356861589588,1.444356861589588,3.5942488706499205,3.5942488706499205,73990.0,1785685.0,148589.0,168.0,567.1335875572519,1049.0,0.0,-0.20221277170364,0.0,0.0,0.0,282.40458,1.468902,0.6412211603053436,148589.0,73990.0,1785685.0,1.468902,9.888461461538498,9.888461461538462,1.6336637692307718
12143,45007,F_freqduet_protocol_v6_confirmed_main_hiro,F_freqduet_protocol_v6_confirmed_main_hiro,fixed_headway,-0.14627174395452824,-0.1428125831302851,0.6424851931305762,0.6770768013730066,1.238788091852145,1.2371708208979744,1.8810132849827284,1.9139876222709802,64650.0,1538800.0,61371.0,159.0,234.24045752671756,479.0,-0.0001477250344691,-0.2097996380952399,0.0,0.0,0.0,246.755725,1.262885,0.6068701603053437,61371.0,64650.0,1538800.0,1.262885,5.023077000000001,5.023077,3.2814685384615387
12143,45013,F_freqduet_protocol_v6_confirmed_main_hiro,F_freqduet_protocol_v6_confirmed_main_hiro,fixed_headway,-0.2361590297641749,-0.23386896758463793,0.0680896189779503,0.09099024077331652,1.158835979202209,1.1577723399470283,1.2267065981801615,1.2485435807203444,62000.0,1473875.0,70106.0,150.0,267.58015288549615,425.0,-9.748964172556666e-05,-0.24243654345334173,0.0,0.0,0.0,236.641221,1.197396,0.5725193969465648,70106.0,62000.0,1473875.0,1.197396,4.419230846153823,4.419230846153846,-0.48603969230769195
12143,45053,F_freqduet_protocol_v6_confirmed_main_hiro,F_freqduet_protocol_v6_confirmed_main_hiro,fixed_headway,-0.17829563272095927,-0.1750508321535429,0.5665201163404365,0.5989681220146004,1.1379236940524038,1.1363948872789589,1.704276810392905,1.7351960092935599,59945.0,1510665.0,48296.0,143.0,184.33587821374047,198.0,-0.0001402000186933,-0.23427464426153638,0.0,0.0,0.0,228.79771,1.17664,0.5458019541984733,48296.0,59945.0,1510665.0,1.17664,3.576923000000022,3.576923,-2.9399622307692326
12143,45061,F_freqduet_protocol_v6_confirmed_main_hiro,F_freqduet_protocol_v6_confirmed_main_hiro,fixed_headway,-0.24483836488655442,-0.24483836488655442,-0.0021695687910687766,-0.0021695687910687766,1.1049008390538884,1.1049008390538884,1.1029112702628812,1.102911270262819,62030.0,1385130.0,53473.0,143.0,204.09541937404578,517.0,0.0,-0.24462240800744742,0.0,0.0,0.0,236.755725,1.160134,0.5458015114503816,53473.0,62030.0,1385130.0,1.160134,6.203845692307709,6.203845692307692,-3.7073083076923083
12143,45077,F_freqduet_protocol_v6_confirmed_main_hiro,F_freqduet_protocol_v6_confirmed_main_hiro,fixed_headway,-0.21226291719860846,-0.21226291719860846,0.13657472150064942,0.13657472150064942,1.1902543268929975,1.1902543268929975,1.3266490483936018,1.3266490483936497,64455.0,1379050.0,41566.0,134.0,158.64885480916033,126.0,0.0,-0.22586738934867348,0.0,0.0,0.0,246.01145,1.268792,0.5114506870229008,41566.0,64455.0,1379050.0,1.268792,2.5192309230769183,2.5192309230769228,1.097413384615379
12143,45119,F_freqduet_protocol_v6_confirmed_main_hiro,F_freqduet_protocol_v6_confirmed_main_hiro,fixed_headway,-0.20133107702035602,-0.09068656716703605,-0.5096768329464663,0.5973382655867301,1.335750055889477,1.3103834470025078,0.8262872229431508,1.9073617125892355,65185.0,1721570.0,80772.0,161.0,308.2900767022901,920.0,-0.0037679873508567,-0.13158045697142517,0.0,0.0,0.0,248.79771,1.28702,0.6145037786259542,80772.0,65185.0,1721570.0,1.28702,7.880768999999987,7.880769,15.79021015384616
12143,45131,F_freqduet_protocol_v6_confirmed_main_hiro,F_freqduet_protocol_v6_confirmed_main_hiro,fixed_headway,-0.17197489899759277,-0.16954556373397778,0.055551562731195325,0.07984491536734595,1.2983681245248118,1.297257339087544,1.354257687255961,1.3774402544548892,73405.0,1589230.0,101895.0,168.0,388.9122142366412,538.0,-0.0001027432446316,-0.1770393390475541,0.0,0.0,0.0,280.171756,1.360689,0.6412213358778627,101895.0,73405.0,1589230.0,1.360689,7.730769076923082,7.730769076923077,16.263185153846166
12143,45137,F_freqduet_protocol_v6_confirmed_main_hiro,F_freqduet_protocol_v6_confirmed_main_hiro,fixed_headway,-0.08669947079760632,-0.08669947079760632,1.0247730090603353,1.0247730090603353,1.1907398615895897,1.1907398615895897,2.2157778706499194,2.2157778706499194,62760.0,1475055.0,66752.0,156.0,254.77862555725193,338.0,0.0,-0.18921277170363998,0.0,0.0,0.0,239.541985,1.213378,0.5954201603053436,66752.0,62760.0,1475055.0,1.213378,4.111538461538487,4.111538461538462,1.3174477692307747
12161,45007,F_freqduet_protocol_v6_confirmed_main_hiro,F_freqduet_protocol_v6_confirmed_main_hiro,fixed_headway,-0.08623974395452816,-0.08278058313028502,1.5414851931305753,1.5760768013730058,1.4558800918521442,1.4542628208979735,2.997863284982728,3.0308376222709796,75890.0,1854715.0,142802.0,170.0,545.0458015267176,986.0,-0.0001477250344691,-0.23969963809523992,0.0,0.0,0.0,289.656489,1.522155,0.6488551603053436,142802.0,75890.0,1854715.0,1.522155,9.649999999999977,9.65,4.4597775384615375
12161,45013,F_freqduet_protocol_v6_confirmed_main_hiro,F_freqduet_protocol_v6_confirmed_main_hiro,fixed_headway,-0.21062902976417486,-0.20833896758463788,0.4010896189779505,0.4239902407733167,1.465197979202209,1.4641343399470284,1.8667785981801615,1.8886155807203444,75935.0,1876730.0,162951.0,163.0,621.9503818854962,1229.0,-9.748964172556666e-05,-0.2503365434533417,0.0,0.0,0.0,289.828244,1.524681,0.6221373969465649,162951.0,75935.0,1876730.0,1.524681,11.088461846153848,11.088461846153846,4.417413307692307
12161,45053,F_freqduet_protocol_v6_confirmed_main_hiro,F_freqduet_protocol_v6_confirmed_main_hiro,fixed_headway,0.027286367279040658,0.03053116784645704,2.687520116340435,2.719968122014599,1.4924816940524046,1.4909528872789597,4.179610810392905,4.21053000929356,74265.0,1963520.0,140218.0,167.0,535.1832062137404,1136.0,-0.0001402000186933,-0.24077464426153639,0.0,0.0,0.0,283.454198,1.529364,0.6374049541984732,140218.0,74265.0,1963520.0,1.529364,10.76923099999999,10.769231,-3.083192230769228
12161,45061,F_freqduet_protocol_v6_confirmed_main_hiro,F_freqduet_protocol_v6_confirmed_main_hiro,fixed_headway,-0.1702883648865544,-0.1702883648865544,0.7428304312089313,0.7428304312089313,1.474091839053889,1.474091839053889,2.217406270262879,2.217406270262817,79930.0,1838085.0,136203.0,178.0,519.8587783740459,1203.0,0.0,-0.24462240800744742,0.0,0.0,0.0,305.076336,1.539512,0.6793895114503816,136203.0,79930.0,1838085.0,1.539512,11.773076692307711,11.773076692307692,5.421172692307692
12161,45077,F_freqduet_protocol_v6_confirmed_main_hiro,F_freqduet_protocol_v6_confirmed_main_hiro,fixed_headway,-0.20339091719860847,-0.20339091719860847,0.3445747215006496,0.3445747215006496,1.537350326892998,1.537350326892998,1.881608048393602,1.88160804839365,78855.0,1740245.0,127601.0,179.0,487.02671780916023,965.0,0.0,-0.23776738934867347,0.0,0.0,0.0,300.973282,1.601109,0.6832056870229009,127601.0,78855.0,1740245.0,1.601109,8.25769192307689,8.257691923076923,6.67408038461538
12161,45119,F_freqduet_protocol_v6_confirmed_main_hiro,F_freqduet_protocol_v6_confirmed_main_hiro,fixed_headway,-0.015307077020356052,0.13933343283296384,1.6843231670535346,3.2313382655867287,1.6555460558894772,1.6117954470025069,3.340222222943151,4.842875712589233,78290.0,2132005.0,193234.0,166.0,737.5343507022901,1694.0,-0.005516987350856701,-0.15618045697142519,0.0,0.0,0.0,298.816794,1.593856,0.6335877786259543,193234.0,78290.0,2132005.0,1.593856,15.26538499999998,15.265385,16.533578153846165
12161,45131,F_freqduet_protocol_v6_confirmed_main_hiro,F_freqduet_protocol_v6_confirmed_main_hiro,fixed_headway,-0.22248989899759275,-0.22006056373397775,-0.07144843726880445,-0.04715508463265383,1.5682551245248106,1.5671443390875428,1.4970286872559608,1.520211254454889,82845.0,1875475.0,172169.0,171.0,657.1335882366412,1169.0,-0.0001027432446316,-0.21483933904755412,0.0,0.0,0.0,316.20229,1.60577,0.6526713358778626,172169.0,82845.0,1875475.0,1.60577,12.888461076923079,12.888461076923077,6.661536153846164
12161,45137,F_freqduet_protocol_v6_confirmed_main_hiro,F_freqduet_protocol_v6_confirmed_main_hiro,fixed_headway,0.07896252920239366,0.07896252920239366,2.7487730090603355,2.7487730090603355,1.5105828615895884,1.5105828615895884,4.258874870649922,4.258874870649922,78850.0,1850405.0,176870.0,167.0,675.0763355572519,1382.0,0.0,-0.19591277170364,0.0,0.0,0.0,300.954198,1.52214,0.6374041603053436,176870.0,78850.0,1850405.0,1.52214,12.719230461538473,12.719230461538462,7.72989376923077
12011,45007,F_freqduet_protocol_v6_confirmed_main_hiro,F_freqduet_protocol_v6_confirmed_main_hiro,rule_holding,-0.420093436530502,-0.420093436530502,-3.3882151876717366,-3.3882151876717366,-0.4232832178451833,-0.4232832178451833,-3.8113284055169494,-3.811328405516921,-18770.0,-461742.0,-213169.0,-5.0,-813.6221376793892,-1726.0,0.0,-0.08127791776332852,0.0,0.0,0.0,-71.64122158015272,-0.3789496082332089,-0.019083977099236593,-213169.0,-18770.0,-461742.0,-0.3789496082332089,-11.988462000000027,-11.988462000000002,-37.79506307692308
12011,45013,F_freqduet_protocol_v6_confirmed_main_hiro,F_freqduet_protocol_v6_confirmed_main_hiro,rule_holding,-0.21891289570225891,-0.21891289570225891,-1.5285497505890335,-1.5285497505890335,-0.42678046884393517,-0.42678046884393517,-1.9551302194330233,-1.95513021943297,-16126.0,-423688.0,-195345.0,-5.0,-745.5916029160306,-1519.0,0.0,-0.06610292064335549,0.0,0.0,0.0,-61.54961816030533,-0.34420964066942905,-0.019083977099236593,-195345.0,-16126.0,-423688.0,-0.34420964066942905,-9.973077307692279,-9.973077307692309,-26.249896846153845
12011,45053,F_freqduet_protocol_v6_confirmed_main_hiro,F_freqduet_protocol_v6_confirmed_main_hiro,rule_holding,-0.6070868733613228,-0.6070868733613228,-5.307858267932238,-5.307858267932238,-0.5592294978346875,-0.5592294978346875,-5.86669576576687,-5.866695765766927,-21733.0,-658641.0,-208416.0,-8.0,-795.4809164885496,-1451.0,0.0,-0.0763540465680991,0.0,0.0,0.0,-82.95038148854957,-0.5130078382091785,-0.030533977099236664,-208416.0,-21733.0,-658641.0,-0.5130078382091785,-11.315384230769212,-11.31538423076923,-30.000628384615382
12011,45061,F_freqduet_protocol_v6_confirmed_main_hiro,F_freqduet_protocol_v6_confirmed_main_hiro,rule_holding,-0.22221640231169792,-0.22221640231169792,-1.2937130466877802,-1.2937130466877802,-0.4693256377204893,-0.4693256377204893,-1.7625966844082086,-1.762596684408269,-22456.0,-511939.0,-222400.0,-6.0,-848.8549619923665,-1559.0,0.0,-0.09286809764291998,0.0,0.0,0.0,-85.70992334351143,-0.4287813697505738,-0.02290056488549619,-222400.0,-22456.0,-511939.0,-0.4287813697505738,-11.276922692307721,-11.276922692307691,-37.148918615384616
12011,45077,F_freqduet_protocol_v6_confirmed_main_hiro,F_freqduet_protocol_v6_confirmed_main_hiro,rule_holding,-0.14914693179497562,-0.14914693179497562,-0.7292164276391055,-0.7292164276391055,-0.36008883126322466,-0.36008883126322466,-1.0896272589022793,-1.089627258902329,-18603.0,-397334.0,-143134.0,-7.0,-546.3129767175571,-1192.0,0.0,-0.07615128903106502,0.0,0.0,0.0,-71.00381632061072,-0.3655659530775601,-0.026717977099236623,-143134.0,-18603.0,-397334.0,-0.3655659530775601,-9.280768769230804,-9.28076876923077,-29.542221615384612
12011,45119,F_freqduet_protocol_v6_confirmed_main_hiro,F_freqduet_protocol_v6_confirmed_main_hiro,rule_holding,-0.6330499794457758,-0.6362729062459158,-5.50601336594489,-5.538122633946291,-0.5223277169043978,-0.5214694683312935,-6.0285020828491405,-6.059873102277582,-22594.0,-614330.0,-192918.0,-7.0,-736.3282446030533,-1562.0,0.0004938882210460994,-0.0849310839565161,0.0,0.0,0.0,-86.2366416335878,-0.459263765886188,-0.026717564885496148,-192918.0,-22594.0,-614330.0,-0.459263765886188,-13.092308076923075,-13.092308076923075,-30.715429538461542
12011,45131,F_freqduet_protocol_v6_confirmed_main_hiro,F_freqduet_protocol_v6_confirmed_main_hiro,rule_holding,-0.12911547233148912,-0.12911547233148912,-0.785725261817591,-0.785725261817591,-0.19926922706257066,-0.19926922706257066,-0.9851384888802208,-0.985138488880164,-11245.0,-204252.0,-115189.0,-8.0,-439.65267128244284,-1105.0,0.0,-0.05052794614973008,0.0,0.0,0.0,-42.919847809160274,-0.17487931076406715,-0.030534770992366456,-115189.0,-11245.0,-204252.0,-0.17487931076406715,-6.761538153846061,-6.7615381538461605,-29.691365923076923
12011,45137,F_freqduet_protocol_v6_confirmed_main_hiro,F_freqduet_protocol_v6_confirmed_main_hiro,rule_holding,-0.528828494190962,-0.528828494190962,-4.258232683320756,-4.258232683320756,-0.5250329638221203,-0.5250329638221203,-4.783657647142906,-4.783657647142881,-20630.0,-543708.0,-194213.0,-5.0,-741.2709925648854,-1653.0,0.0,-0.10297922585888608,0.0,0.0,0.0,-78.74045832824424,-0.4472531281937384,-0.019083595419847388,-194213.0,-20630.0,-543708.0,-0.4472531281937384,-13.519231076923063,-13.519231076923079,-36.66442084615385
12037,45007,F_freqduet_protocol_v6_confirmed_main_hiro,F_freqduet_protocol_v6_confirmed_main_hiro,rule_holding,-0.406862436530502,-0.406862436530502,-3.5022151876717373,-3.5022151876717373,-0.46232521784518354,-0.46232521784518354,-3.9649854055169484,-3.96498540551692,-22170.0,-523262.0,-240891.0,-5.0,-919.4312976793892,-1836.0,0.0,-0.05657791776332852,0.0,0.0,0.0,-84.61832058015267,-0.4294386082332089,-0.019083977099236593,-240891.0,-22170.0,-523262.0,-0.4294386082332089,-12.76153800000003,-12.761538000000002,-37.175617076923075
12037,45013,F_freqduet_protocol_v6_confirmed_main_hiro,F_freqduet_protocol_v6_confirmed_main_hiro,rule_holding,-0.16175689570225893,-0.16175689570225893,-1.3145497505890331,-1.3145497505890331,-0.45388246884393624,-0.45388246884393624,-1.7684412194330221,-1.7684412194329688,-18341.0,-491488.0,-209865.0,-5.0,-801.0114499160306,-1560.0,0.0,-0.03030292064335549,0.0,0.0,0.0,-70.00381716030535,-0.3992916406694289,-0.019083977099236593,-209865.0,-18341.0,-491488.0,-0.3992916406694289,-10.353846307692322,-10.353846307692308,-23.010525846153847
12037,45053,F_freqduet_protocol_v6_confirmed_main_hiro,F_freqduet_protocol_v6_confirmed_main_hiro,rule_holding,-0.7267338733613227,-0.7267338733613227,-6.436858267932237,-6.436858267932237,-0.6429414978346877,-0.6429414978346877,-7.080272765766871,-7.080272765766928,-28783.0,-817506.0,-251528.0,-14.0,-960.0305344885495,-2024.0,0.0,-0.0829540465680991,0.0,0.0,0.0,-109.85877848854958,-0.6367468382091783,-0.053434977099236614,-251528.0,-28783.0,-817506.0,-0.6367468382091783,-15.32692323076924,-15.326923230769228,-36.06323838461538
12037,45061,F_freqduet_protocol_v6_confirmed_main_hiro,F_freqduet_protocol_v6_confirmed_main_hiro,rule_holding,-0.194077402311698,-0.194077402311698,-1.2277130466877804,-1.2277130466877804,-0.47010763772048847,-0.47010763772048847,-1.697879684408207,-1.6978796844082673,-24596.0,-519524.0,-246693.0,-7.0,-941.5763359923665,-1736.0,0.0,-0.07126809764291997,0.0,0.0,0.0,-93.87786234351142,-0.4351343697505736,-0.026717564885496148,-246693.0,-24596.0,-519524.0,-0.4351343697505736,-12.74999969230771,-12.749999692307691,-38.034677615384616
12037,45077,F_freqduet_protocol_v6_confirmed_main_hiro,F_freqduet_protocol_v6_confirmed_main_hiro,rule_holding,-0.17803493179497554,-0.17803493179497554,-0.951216427639106,-0.951216427639106,-0.5023668312632239,-0.5023668312632239,-1.45402125890228,-1.4540212589023298,-25283.0,-530554.0,-206617.0,-16.0,-788.6145037175572,-1789.0,0.0,-0.082851289031065,0.0,0.0,0.0,-96.5000003206107,-0.48813495307756005,-0.06106897709923664,-206617.0,-25283.0,-530554.0,-0.48813495307756005,-12.861538769230776,-12.861538769230771,-33.05390061538461
12037,45119,F_freqduet_protocol_v6_confirmed_main_hiro,F_freqduet_protocol_v6_confirmed_main_hiro,rule_holding,-0.6909999794457757,-0.7109859062459158,-6.302013365944891,-6.502122633946291,-0.6012967169043986,-0.5917074683312933,-6.903698082849139,-7.09396610227758,-27109.0,-701835.0,-238590.0,-7.0,-910.6488546030533,-1918.0,0.0012558882210461,-0.06703108395651611,0.0,0.0,0.0,-103.46946563358779,-0.524681765886188,-0.026717564885496148,-238590.0,-27109.0,-701835.0,-0.524681765886188,-15.800000076923084,-15.800000076923075,-32.00225453846154
12037,45131,F_freqduet_protocol_v6_confirmed_main_hiro,F_freqduet_protocol_v6_confirmed_main_hiro,rule_holding,-0.1026904723314892,-0.1026904723314892,-0.6797252618175911,-0.6797252618175911,-0.29594422706257006,-0.29594422706257006,-0.9760244888802205,-0.9760244888801637,-15085.0,-293957.0,-139292.0,-8.0,-531.6488552824428,-1360.0,0.0,-0.03472794614973007,0.0,0.0,0.0,-57.5763358091603,-0.25168431076406717,-0.030534770992366456,-139292.0,-15085.0,-293957.0,-0.25168431076406717,-8.71538415384606,-8.715384153846161,-26.51607192307693
12037,45137,F_freqduet_protocol_v6_confirmed_main_hiro,F_freqduet_protocol_v6_confirmed_main_hiro,rule_holding,-0.5559334941909619,-0.5559334941909619,-4.621232683320757,-4.621232683320757,-0.5896589638221208,-0.5896589638221208,-5.210852647142904,-5.210852647142879,-24835.0,-612783.0,-220329.0,-6.0,-840.9503815648854,-1922.0,0.0,-0.0937792258588861,0.0,0.0,0.0,-94.79007632824425,-0.5040741281937384,-0.022900595419847347,-220329.0,-24835.0,-612783.0,-0.5040741281937384,-16.003846076923082,-16.00384607692308,-36.23908484615385
12049,45007,F_freqduet_protocol_v6_confirmed_main_hiro,F_freqduet_protocol_v6_confirmed_main_hiro,rule_holding,-0.378881436530502,-0.378881436530502,-3.133215187671736,-3.133215187671736,-0.34546921784518325,-0.34546921784518325,-3.479043405516947,-3.4790434055169186,-15525.0,-380587.0,-192197.0,-5.0,-733.5763356793892,-1454.0,0.0,-0.06547791776332854,0.0,0.0,0.0,-59.25572558015267,-0.3123456082332088,-0.019083977099236593,-192197.0,-15525.0,-380587.0,-0.3123456082332088,-9.546154000000001,-9.546154000000001,-34.688571076923076
12049,45013,F_freqduet_protocol_v6_confirmed_main_hiro,F_freqduet_protocol_v6_confirmed_main_hiro,rule_holding,-0.2211828957022589,-0.2211828957022589,-1.4915497505890336,-1.4915497505890336,-0.3933054688439359,-0.3933054688439359,-1.884800219433025,-1.8848002194329716,-15056.0,-403713.0,-179114.0,-5.0,-683.6412209160306,-1480.0,0.0,-0.0720029206433555,0.0,0.0,0.0,-57.465649160305304,-0.3279816406694289,-0.019083977099236593,-179114.0,-15056.0,-403713.0,-0.3279816406694289,-9.450000307692278,-9.450000307692308,-27.630416846153842
12049,45053,F_freqduet_protocol_v6_confirmed_main_hiro,F_freqduet_protocol_v6_confirmed_main_hiro,rule_holding,-0.6036368733613227,-0.6036368733613227,-5.221858267932237,-5.221858267932237,-0.5276724978346881,-0.5276724978346881,-5.749420765766871,-5.749420765766928,-20428.0,-633656.0,-201550.0,-8.0,-769.2748094885495,-1411.0,0.0,-0.0814540465680991,0.0,0.0,0.0,-77.96946548854959,-0.49354783820917847,-0.030533977099236664,-201550.0,-20428.0,-633656.0,-0.49354783820917847,-11.138461230769224,-11.138461230769229,-31.98984438461538
12049,45061,F_freqduet_protocol_v6_confirmed_main_hiro,F_freqduet_protocol_v6_confirmed_main_hiro,rule_holding,-0.18023140231169799,-0.18023140231169799,-0.9917130466877806,-0.9917130466877806,-0.354534637720489,-0.354534637720489,-1.3465226844082068,-1.3465226844082672,-18151.0,-388119.0,-195677.0,-6.0,-746.8587789923665,-1341.0,0.0,-0.08106809764291997,0.0,0.0,0.0,-69.2786263435114,-0.3250743697505738,-0.02290056488549619,-195677.0,-18151.0,-388119.0,-0.3250743697505738,-9.47692269230771,-9.476922692307692,-36.70741161538462
12049,45077,F_freqduet_protocol_v6_confirmed_main_hiro,F_freqduet_protocol_v6_confirmed_main_hiro,rule_holding,-0.14977793179497556,-0.14977793179497556,-0.6982164276391059,-0.6982164276391059,-0.3675638312632241,-0.3675638312632241,-1.0659262589022802,-1.06592625890233,-17848.0,-400259.0,-137263.0,-7.0,-523.9045797175572,-1212.0,0.0,-0.07995128903106502,0.0,0.0,0.0,-68.1221373206107,-0.3682569530775601,-0.026717977099236623,-137263.0,-17848.0,-400259.0,-0.3682569530775601,-9.038461769230764,-9.038461769230771,-28.61538861538461
12049,45119,F_freqduet_protocol_v6_confirmed_main_hiro,F_freqduet_protocol_v6_confirmed_main_hiro,rule_holding,-0.4957179794457758,-0.49567190624591584,-4.52801336594489,-4.5271226339462896,-0.3812487169043983,-0.3805874683312922,-4.909047082849142,-4.90792810227758,-18699.0,-462190.0,-163408.0,-5.0,-623.6946566030533,-1194.0,0.00035888822104609974,-0.04473108395651609,0.0,0.0,0.0,-71.37022863358777,-0.345526765886188,-0.01908356488549623,-163408.0,-18699.0,-462190.0,-0.345526765886188,-10.092308076923075,-10.092308076923075,-27.414587538461547
12049,45131,F_freqduet_protocol_v6_confirmed_main_hiro,F_freqduet_protocol_v6_confirmed_main_hiro,rule_holding,-0.1418474723314892,-0.1418474723314892,-0.7867252618175913,-0.7867252618175913,-0.21133922706257025,-0.21133922706257025,-0.9977294888802213,-0.9977294888801644,-11440.0,-219097.0,-101956.0,-7.0,-389.1450382824428,-1097.0,0.0,-0.06322794614973007,0.0,0.0,0.0,-43.66412180916029,-0.18758931076406715,-0.026717770992366496,-101956.0,-11440.0,-219097.0,-0.18758931076406715,-6.542308153846079,-6.542308153846161,-29.990862923076925
12049,45137,F_freqduet_protocol_v6_confirmed_main_hiro,F_freqduet_protocol_v6_confirmed_main_hiro,rule_holding,-0.4763974941909619,-0.4763974941909619,-3.8772326833207558,-3.8772326833207558,-0.44014896382211965,-0.44014896382211965,-4.3175266471429055,-4.317526647142881,-16350.0,-474403.0,-173071.0,-3.0,-660.5763355648854,-1338.0,0.0,-0.08867922585888607,0.0,0.0,0.0,-62.404580328244265,-0.3902431281937384,-0.011450595419847387,-173071.0,-16350.0,-474403.0,-0.3902431281937384,-10.92692307692306,-10.92692307692308,-31.113689846153854
12071,45007,F_freqduet_protocol_v6_confirmed_main_hiro,F_freqduet_protocol_v6_confirmed_main_hiro,rule_holding,-0.40148943653050195,-0.40148943653050195,-3.267215187671736,-3.267215187671736,-0.40080521784518375,-0.40080521784518375,-3.6680724055169485,-3.66807240551692,-18720.0,-442047.0,-211675.0,-5.0,-807.9198476793892,-1726.0,0.0,-0.07477791776332851,0.0,0.0,0.0,-71.45038158015268,-0.3627856082332088,-0.019083977099236593,-211675.0,-18720.0,-442047.0,-0.3627856082332088,-11.973077000000046,-11.973077000000002,-37.148189076923074
12071,45013,F_freqduet_protocol_v6_confirmed_main_hiro,F_freqduet_protocol_v6_confirmed_main_hiro,rule_holding,-0.19353189570225893,-0.19353189570225893,-1.4195497505890335,-1.4195497505890335,-0.40048246884393635,-0.40048246884393635,-1.8199892194330225,-1.8199892194329692,-16816.0,-411113.0,-193570.0,-5.0,-738.8167939160306,-1506.0,0.0,-0.051602920643355504,0.0,0.0,0.0,-64.1832061603053,-0.33399364066942905,-0.019083977099236593,-193570.0,-16816.0,-411113.0,-0.33399364066942905,-9.911538307692297,-9.91153830769231,-25.196125846153848
12071,45053,F_freqduet_protocol_v6_confirmed_main_hiro,F_freqduet_protocol_v6_confirmed_main_hiro,rule_holding,-0.6313938733613227,-0.6313938733613227,-5.544858267932238,-5.544858267932238,-0.5579074978346874,-0.5579074978346874,-6.102275765766869,-6.102275765766926,-23053.0,-681031.0,-215130.0,-9.0,-821.1068704885495,-1660.0,0.0,-0.0769540465680991,0.0,0.0,0.0,-87.98854948854961,-0.5304478382091784,-0.034350977099236624,-215130.0,-23053.0,-681031.0,-0.5304478382091784,-12.553846230769238,-12.55384623076923,-31.162255384615378
12071,45061,F_freqduet_protocol_v6_confirmed_main_hiro,F_freqduet_protocol_v6_confirmed_main_hiro,rule_holding,-0.20672040231169797,-0.20672040231169797,-1.2447130466877807,-1.2447130466877807,-0.4453986377204888,-0.4453986377204888,-1.6905546844082089,-1.6905546844082693,-22051.0,-492189.0,-220290.0,-6.0,-840.8015269923665,-1538.0,0.0,-0.08216809764291999,0.0,0.0,0.0,-84.16412234351145,-0.41223936975057374,-0.02290056488549619,-220290.0,-22051.0,-492189.0,-0.41223936975057374,-11.261538692307681,-11.261538692307692,-36.13292361538462
12071,45077,F_freqduet_protocol_v6_confirmed_main_hiro,F_freqduet_protocol_v6_confirmed_main_hiro,rule_holding,-0.13905193179497555,-0.13905193179497555,-0.7082164276391056,-0.7082164276391056,-0.33932583126322413,-0.33932583126322413,-1.0473112589022797,-1.0473112589023295,-19138.0,-377179.0,-143974.0,-7.0,-549.5190837175572,-1264.0,0.0,-0.068251289031065,0.0,0.0,0.0,-73.04580132061068,-0.34702295307756015,-0.026717977099236623,-143974.0,-19138.0,-377179.0,-0.34702295307756015,-9.523076769230784,-9.523076769230771,-30.367311615384615
12071,45119,F_freqduet_protocol_v6_confirmed_main_hiro,F_freqduet_protocol_v6_confirmed_main_hiro,rule_holding,-0.6231889794457759,-0.6240009062459158,-5.40601336594489,-5.41412263394629,-0.47111371690439796,-0.4702714683312923,-5.8771390828491406,-5.8844071022775815,-22459.0,-557435.0,-185716.0,-5.0,-708.8396946030533,-1508.0,0.00044888822104609954,-0.08483108395651612,0.0,0.0,0.0,-85.7213736335878,-0.41672976588618815,-0.01908356488549623,-185716.0,-22459.0,-557435.0,-0.41672976588618815,-12.780769076923093,-12.780769076923075,-30.245906538461547
12071,45131,F_freqduet_protocol_v6_confirmed_main_hiro,F_freqduet_protocol_v6_confirmed_main_hiro,rule_holding,-0.13554747233148912,-0.13554747233148912,-0.7337252618175913,-0.7337252618175913,-0.26138722706257056,-0.26138722706257056,-0.9952754888802211,-0.9952754888801643,-13525.0,-256782.0,-122484.0,-9.0,-467.49618328244287,-1355.0,0.0,-0.06212794614973008,0.0,0.0,0.0,-51.62213780916028,-0.21985531076406706,-0.0343507709923665,-122484.0,-13525.0,-256782.0,-0.21985531076406706,-8.603846153846064,-8.603846153846161,-31.088423923076924
12071,45137,F_freqduet_protocol_v6_confirmed_main_hiro,F_freqduet_protocol_v6_confirmed_main_hiro,rule_holding,-0.528350494190962,-0.528350494190962,-4.323232683320757,-4.323232683320757,-0.5190669638221213,-0.5190669638221213,-4.842088647142905,-4.84208864714288,-21475.0,-550028.0,-198580.0,-3.0,-757.9389315648854,-1670.0,0.0,-0.09607922585888609,0.0,0.0,0.0,-81.96564932824424,-0.4524521281937386,-0.011450595419847387,-198580.0,-21475.0,-550028.0,-0.4524521281937386,-13.826923076923094,-13.82692307692308,-36.235486846153854
12097,45007,F_freqduet_protocol_v6_confirmed_main_hiro,F_freqduet_protocol_v6_confirmed_main_hiro,rule_holding,-0.3662994365305019,-0.3662994365305019,-2.751215187671736,-2.751215187671736,-0.28879821784518356,-0.28879821784518356,-3.039747405516948,-3.03974740551692,-10455.0,-261907.0,-152090.0,-1.0,-580.4961836793892,-1242.0,0.0,-0.09117791776332854,0.0,0.0,0.0,-39.9045805801527,-0.21494560823320885,-0.0038169770992366736,-152090.0,-10455.0,-261907.0,-0.21494560823320885,-8.153846000000044,-8.153846000000001,-36.247911076923074
12097,45013,F_freqduet_protocol_v6_confirmed_main_hiro,F_freqduet_protocol_v6_confirmed_main_hiro,rule_holding,-0.17133989570225894,-0.17133989570225894,-1.021549750589033,-1.021549750589033,-0.23842346884393528,-0.23842346884393528,-1.259768219433024,-1.2597682194329707,-6836.0,-164208.0,-121139.0,-3.0,-462.3625959160306,-1051.0,0.0,-0.06920292064335551,0.0,0.0,0.0,-26.09160316030534,-0.13340464066942892,-0.011449977099236675,-121139.0,-6836.0,-164208.0,-0.13340464066942892,-5.8269233076923115,-5.826923307692308,-24.166924846153847
12097,45053,F_freqduet_protocol_v6_confirmed_main_hiro,F_freqduet_protocol_v6_confirmed_main_hiro,rule_holding,-0.4769698733613228,-0.4769698733613228,-3.957858267932238,-3.957858267932238,-0.35689549783468877,-0.35689549783468877,-4.31445976576687,-4.314459765766927,-11613.0,-400781.0,-140695.0,-1.0,-537.0038164885495,-1025.0,0.0,-0.08125404656809909,0.0,0.0,0.0,-44.32442748854959,-0.3121638382091785,-0.0038169770992366736,-140695.0,-11613.0,-400781.0,-0.3121638382091785,-7.857692230769203,-7.85769223076923,-26.21860538461538
12097,45061,F_freqduet_protocol_v6_confirmed_main_hiro,F_freqduet_protocol_v6_confirmed_main_hiro,rule_holding,-0.14102340231169797,-0.14102340231169797,-0.6477130466877803,-0.6477130466877803,-0.1829916377204892,-0.1829916377204892,-0.8305366844082087,-0.8305366844082691,-8171.0,-172289.0,-133398.0,-3.0,-509.15267199236655,-923.0,0.0,-0.07626809764291997,0.0,0.0,0.0,-31.18702334351144,-0.14430336975057378,-0.011450564885496228,-133398.0,-8171.0,-172289.0,-0.14430336975057378,-5.776922692307721,-5.776922692307693,-32.98364361538462
12097,45077,F_freqduet_protocol_v6_confirmed_main_hiro,F_freqduet_protocol_v6_confirmed_main_hiro,rule_holding,-0.1194559317949756,-0.1194559317949756,-0.342216427639106,-0.342216427639106,-0.2024008312632244,-0.2024008312632244,-0.5446422589022824,-0.5446422589023321,-10568.0,-202874.0,-87905.0,-6.0,-335.5152667175572,-741.0,0.0,-0.08525128903106502,0.0,0.0,0.0,-40.33587832061073,-0.18665395307756016,-0.022900977099236663,-87905.0,-10568.0,-202874.0,-0.18665395307756016,-6.26153876923081,-6.261538769230771,-28.456412615384615
12097,45119,F_freqduet_protocol_v6_confirmed_main_hiro,F_freqduet_protocol_v6_confirmed_main_hiro,rule_holding,-0.49244597944577584,-0.4990139062459158,-3.9650133659448894,-4.03012263394629,-0.3432957169043984,-0.34280446833129297,-4.307884082849142,-4.3730711022775814,-13029.0,-340320.0,-137273.0,-5.0,-523.9427476030534,-1159.0,0.00031388822104609984,-0.09753108395651611,0.0,0.0,0.0,-49.7290076335878,-0.25441776588618814,-0.01908356488549623,-137273.0,-13029.0,-340320.0,-0.25441776588618814,-9.288461076923056,-9.288461076923076,-29.342591538461548
12097,45131,F_freqduet_protocol_v6_confirmed_main_hiro,F_freqduet_protocol_v6_confirmed_main_hiro,rule_holding,-0.13506147233148913,-0.13506147233148913,-0.6797252618175911,-0.6797252618175911,-0.06532422706257002,-0.06532422706257002,-0.7455374888802204,-0.7455374888801636,-5235.0,-54647.0,-57792.0,-3.0,-220.58015228244278,-732.0,0.0,-0.0670279461497301,0.0,0.0,0.0,-19.980915809160308,-0.0467883107640672,-0.011450770992366466,-57792.0,-5235.0,-54647.0,-0.0467883107640672,-3.5500001538460992,-3.5500001538461596,-26.435963923076926
12097,45137,F_freqduet_protocol_v6_confirmed_main_hiro,F_freqduet_protocol_v6_confirmed_main_hiro,rule_holding,-0.3677534941909619,-0.3677534941909619,-2.7962326833207563,-2.7962326833207563,-0.3215599638221214,-0.3215599638221214,-3.117434647142904,-3.117434647142879,-11270.0,-282028.0,-123136.0,-3.0,-469.98473256488546,-1114.0,0.0,-0.08817922585888607,0.0,0.0,0.0,-43.01526732824425,-0.2319961281937386,-0.011450595419847387,-123136.0,-11270.0,-282028.0,-0.2319961281937386,-8.792308076923064,-8.79230807692308,-33.195768846153854
12109,45007,F_freqduet_protocol_v6_confirmed_main_hiro,F_freqduet_protocol_v6_confirmed_main_hiro,rule_holding,-0.4080814365305019,-0.4080814365305019,-3.307215187671737,-3.307215187671737,-0.3909572178451839,-0.3909572178451839,-3.698016405516949,-3.6980164055169205,-18665.0,-426892.0,-216788.0,-5.0,-827.4351146793892,-1744.0,0.0,-0.07737791776332853,0.0,0.0,0.0,-71.24045758015268,-0.3503476082332089,-0.019083977099236593,-216788.0,-18665.0,-426892.0,-0.3503476082332089,-12.023077,-12.023077,-35.966602076923074
12109,45013,F_freqduet_protocol_v6_confirmed_main_hiro,F_freqduet_protocol_v6_confirmed_main_hiro,rule_holding,-0.20106189570225896,-0.20106189570225896,-1.420549750589033,-1.420549750589033,-0.381054468843935,-0.381054468843935,-1.801254219433023,-1.8012542194329697,-16586.0,-386848.0,-190791.0,-5.0,-728.2099239160306,-1513.0,0.0,-0.059002920643355494,0.0,0.0,0.0,-63.30534316030531,-0.31428064066942896,-0.019083977099236593,-190791.0,-16586.0,-386848.0,-0.31428064066942896,-10.038461307692273,-10.038461307692309,-25.086931846153846
12109,45053,F_freqduet_protocol_v6_confirmed_main_hiro,F_freqduet_protocol_v6_confirmed_main_hiro,rule_holding,-0.6777378733613226,-0.6777378733613226,-5.864858267932238,-5.864858267932238,-0.6251304978346877,-0.6251304978346877,-6.489734765766869,-6.489734765766926,-24558.0,-741296.0,-222914.0,-8.0,-850.8167934885496,-1848.0,0.0,-0.0912540465680991,0.0,0.0,0.0,-93.73282448854957,-0.5773868382091785,-0.030533977099236664,-222914.0,-24558.0,-741296.0,-0.5773868382091785,-14.111538230769213,-14.111538230769229,-33.86963538461538
12109,45061,F_freqduet_protocol_v6_confirmed_main_hiro,F_freqduet_protocol_v6_confirmed_main_hiro,rule_holding,-0.20729540231169796,-0.20729540231169796,-1.2127130466877807,-1.2127130466877807,-0.45792863772048875,-0.45792863772048875,-1.6710806844082065,-1.6710806844082668,-21456.0,-481384.0,-222891.0,-6.0,-850.7290079923665,-1543.0,0.0,-0.08596809764291999,0.0,0.0,0.0,-81.89312934351142,-0.40318936975057373,-0.02290056488549619,-222891.0,-21456.0,-481384.0,-0.40318936975057373,-11.307692692307683,-11.307692692307691,-34.52754261538462
12109,45077,F_freqduet_protocol_v6_confirmed_main_hiro,F_freqduet_protocol_v6_confirmed_main_hiro,rule_holding,-0.14248693179497562,-0.14248693179497562,-0.7082164276391056,-0.7082164276391056,-0.35634483126322536,-0.35634483126322536,-1.0648922589022796,-1.0648922589023293,-19023.0,-383739.0,-147804.0,-7.0,-564.1374047175572,-1205.0,0.0,-0.07165128903106502,0.0,0.0,0.0,-72.60687032061071,-0.35305795307756016,-0.026717977099236623,-147804.0,-19023.0,-383739.0,-0.35305795307756016,-9.492307769230763,-9.49230776923077,-27.734558615384614
12109,45119,F_freqduet_protocol_v6_confirmed_main_hiro,F_freqduet_protocol_v6_confirmed_main_hiro,rule_holding,-0.5275939794457758,-0.5284429062459157,-4.847013365944891,-4.855122633946291,-0.43147471690439865,-0.43020646833129206,-5.278395082849141,-5.285616102277583,-20329.0,-504185.0,-174933.0,-6.0,-667.6832066030533,-1386.0,0.00044888822104609954,-0.045131083956516105,0.0,0.0,0.0,-77.5916026335878,-0.3769217658861881,-0.02290056488549619,-174933.0,-20329.0,-504185.0,-0.3769217658861881,-11.026923076923083,-11.026923076923076,-26.287765538461542
12109,45131,F_freqduet_protocol_v6_confirmed_main_hiro,F_freqduet_protocol_v6_confirmed_main_hiro,rule_holding,-0.12638347233148917,-0.12638347233148917,-0.7517252618175911,-0.7517252618175911,-0.20339422706257082,-0.20339422706257082,-0.9548344888802198,-0.954834488880163,-11765.0,-204907.0,-111083.0,-8.0,-423.98091628244276,-1111.0,0.0,-0.051227946149730086,0.0,0.0,0.0,-44.90457980916028,-0.1754403107640672,-0.030534770992366456,-111083.0,-11765.0,-204907.0,-0.1754403107640672,-6.776923153846099,-6.776923153846161,-27.86548992307693
12109,45137,F_freqduet_protocol_v6_confirmed_main_hiro,F_freqduet_protocol_v6_confirmed_main_hiro,rule_holding,-0.5307244941909619,-0.5307244941909619,-4.338232683320756,-4.338232683320756,-0.5192069638221213,-0.5192069638221213,-4.857320647142906,-4.857320647142881,-20440.0,-520393.0,-198934.0,-3.0,-759.2900765648855,-1657.0,0.0,-0.09687922585888609,0.0,0.0,0.0,-78.01526732824425,-0.4280741281937386,-0.011450595419847387,-198934.0,-20440.0,-520393.0,-0.4280741281937386,-13.750000076923072,-13.75000007692308,-34.68172084615385
12143,45007,F_freqduet_protocol_v6_confirmed_main_hiro,F_freqduet_protocol_v6_confirmed_main_hiro,rule_holding,-0.467381436530502,-0.467381436530502,-4.103215187671736,-4.103215187671736,-0.6236052178451832,-0.6236052178451832,-4.727080405516947,-4.727080405516919,-28265.0,-732272.0,-281062.0,-15.0,-1072.7557256793893,-2217.0,0.0,-0.05707791776332852,0.0,0.0,0.0,-107.88167958015268,-0.6009716082332088,-0.05725197709923657,-281062.0,-28265.0,-732272.0,-0.6009716082332088,-16.576923000000022,-16.576923,-36.833916076923074
12143,45013,F_freqduet_protocol_v6_confirmed_main_hiro,F_freqduet_protocol_v6_confirmed_main_hiro,rule_holding,-0.24790189570225896,-0.24790189570225896,-1.8425497505890336,-1.8425497505890336,-0.682829468843936,-0.682829468843936,-2.5255982194330215,-2.5255982194329682,-28986.0,-772698.0,-273343.0,-18.0,-1043.2938929160307,-2301.0,0.0,-0.06360292064335551,0.0,0.0,0.0,-110.63358816030532,-0.6277506406694291,-0.06870197709923664,-273343.0,-28986.0,-772698.0,-0.6277506406694291,-16.434615307692297,-16.434615307692308,-30.539885846153844
12143,45053,F_freqduet_protocol_v6_confirmed_main_hiro,F_freqduet_protocol_v6_confirmed_main_hiro,rule_holding,-0.7917118733613226,-0.7917118733613226,-7.123858267932237,-7.123858267932237,-0.851229497834689,-0.851229497834689,-7.97525476576687,-7.975254765766927,-34688.0,-1039851.0,-282102.0,-32.0,-1076.7251904885495,-2363.0,0.0,-0.07935404656809908,0.0,0.0,0.0,-132.3969464885496,-0.8099288382091785,-0.12213697709923665,-282102.0,-34688.0,-1039851.0,-0.8099288382091785,-18.353846230769193,-18.35384623076923,-31.493808384615384
12143,45061,F_freqduet_protocol_v6_confirmed_main_hiro,F_freqduet_protocol_v6_confirmed_main_hiro,rule_holding,-0.238338402311698,-0.238338402311698,-1.7007130466877802,-1.7007130466877802,-0.7258536377204887,-0.7258536377204887,-2.4263866844082074,-2.4263866844082678,-34166.0,-825559.0,-286019.0,-41.0,-1091.6755729923666,-2037.0,0.0,-0.06826809764292,0.0,0.0,0.0,-130.4045803435114,-0.6914573697505737,-0.15648856488549623,-286019.0,-34166.0,-825559.0,-0.6914573697505737,-15.080769692307683,-15.08076969230769,-39.615000615384616
12143,45077,F_freqduet_protocol_v6_confirmed_main_hiro,F_freqduet_protocol_v6_confirmed_main_hiro,rule_holding,-0.1620259317949756,-0.1620259317949756,-0.9532164276391057,-0.9532164276391057,-0.675094831263225,-0.675094831263225,-1.6284912589022795,-1.6284912589023293,-31843.0,-704309.0,-231581.0,-52.0,-883.8969467175572,-2028.0,0.0,-0.06665128903106501,0.0,0.0,0.0,-121.53816832061071,-0.6479979530775601,-0.1984729770992366,-231581.0,-31843.0,-704309.0,-0.6479979530775601,-14.973076769230772,-14.97307676923077,-34.002586615384615
12143,45119,F_freqduet_protocol_v6_confirmed_main_hiro,F_freqduet_protocol_v6_confirmed_main_hiro,rule_holding,-0.6790109794457757,-0.7248789062459158,-6.56601336594489,-7.024122633946289,-0.710527716904398,-0.6910104683312923,-7.276327082849139,-7.715493102277581,-30374.0,-839300.0,-268817.0,-12.0,-1026.0190836030533,-1952.0,0.0021528882210461,-0.03323108395651608,0.0,0.0,0.0,-115.9312976335878,-0.627448765886188,-0.04580156488549614,-268817.0,-30374.0,-839300.0,-0.627448765886188,-17.346154076923085,-17.346154076923074,-24.152097538461547
12143,45131,F_freqduet_protocol_v6_confirmed_main_hiro,F_freqduet_protocol_v6_confirmed_main_hiro,rule_holding,-0.09457747233148917,-0.09457747233148917,-0.6527252618175909,-0.6527252618175909,-0.4690982270625703,-0.4690982270625703,-1.1214854888802215,-1.1214854888801646,-20455.0,-489592.0,-175085.0,-11.0,-668.2633582824428,-1740.0,0.0,-0.029327946149730055,0.0,0.0,0.0,-78.07251880916027,-0.41918531076406707,-0.041984770992366416,-175085.0,-20455.0,-489592.0,-0.41918531076406707,-11.85000015384611,-11.85000015384616,-19.663737923076923
12143,45137,F_freqduet_protocol_v6_confirmed_main_hiro,F_freqduet_protocol_v6_confirmed_main_hiro,rule_holding,-0.6301664941909619,-0.6301664941909619,-5.463232683320756,-5.463232683320756,-0.7728239638221197,-0.7728239638221197,-6.235791647142907,-6.235791647142882,-31670.0,-831023.0,-280771.0,-15.0,-1071.6450385648855,-2368.0,0.0,-0.08387922585888608,0.0,0.0,0.0,-120.87786232824425,-0.6835981281937384,-0.05725159541984737,-280771.0,-31670.0,-831023.0,-0.6835981281937384,-19.526923076923083,-19.52692307692308,-34.99793684615385
12161,45007,F_freqduet_protocol_v6_confirmed_main_hiro,F_freqduet_protocol_v6_confirmed_main_hiro,rule_holding,-0.40734943653050193,-0.40734943653050193,-3.2042151876717373,-3.2042151876717373,-0.406513217845184,-0.406513217845184,-3.6102304055169476,-3.610230405516919,-17025.0,-416357.0,-199631.0,-4.0,-761.9503816793892,-1710.0,0.0,-0.08697791776332853,0.0,0.0,0.0,-64.98091558015267,-0.34170160823320894,-0.015266977099236634,-199631.0,-17025.0,-416357.0,-0.34170160823320894,-11.950000000000045,-11.950000000000001,-35.655607076923076
12161,45013,F_freqduet_protocol_v6_confirmed_main_hiro,F_freqduet_protocol_v6_confirmed_main_hiro,rule_holding,-0.2223718957022589,-0.2223718957022589,-1.5095497505890334,-1.5095497505890334,-0.376467468843936,-0.376467468843936,-1.8855262194330216,-1.8855262194329683,-15051.0,-369843.0,-180498.0,-5.0,-688.9236639160306,-1497.0,0.0,-0.0715029206433555,0.0,0.0,0.0,-57.44656516030534,-0.30046564066942905,-0.019083977099236593,-180498.0,-15051.0,-369843.0,-0.30046564066942905,-9.765384307692273,-9.765384307692308,-25.636432846153845
12161,45053,F_freqduet_protocol_v6_confirmed_main_hiro,F_freqduet_protocol_v6_confirmed_main_hiro,rule_holding,-0.5861298733613227,-0.5861298733613227,-5.002858267932238,-5.002858267932238,-0.4966714978346882,-0.4966714978346882,-5.49992076576687,-5.499920765766927,-20368.0,-586996.0,-190180.0,-8.0,-725.8778624885496,-1425.0,0.0,-0.08585404656809908,0.0,0.0,0.0,-77.74045848854956,-0.45720483820917845,-0.030533977099236664,-190180.0,-20368.0,-586996.0,-0.45720483820917845,-11.161538230769224,-11.16153823076923,-31.63703838461538
12161,45061,F_freqduet_protocol_v6_confirmed_main_hiro,F_freqduet_protocol_v6_confirmed_main_hiro,rule_holding,-0.163788402311698,-0.163788402311698,-0.9557130466877801,-0.9557130466877801,-0.356662637720488,-0.356662637720488,-1.3118916844082094,-1.3118916844082698,-16266.0,-372604.0,-203289.0,-6.0,-775.9122139923664,-1351.0,0.0,-0.06826809764292,0.0,0.0,0.0,-62.0839693435114,-0.3120793697505737,-0.02290056488549619,-203289.0,-16266.0,-372604.0,-0.3120793697505737,-9.511538692307681,-9.511538692307692,-30.486519615384616
12161,45077,F_freqduet_protocol_v6_confirmed_main_hiro,F_freqduet_protocol_v6_confirmed_main_hiro,rule_holding,-0.1531539317949756,-0.1531539317949756,-0.7452164276391056,-0.7452164276391056,-0.3279988312632245,-0.3279988312632245,-1.0735322589022793,-1.073532258902329,-17443.0,-343114.0,-145546.0,-7.0,-555.5190837175572,-1189.0,0.0,-0.07855128903106501,0.0,0.0,0.0,-66.57633632061072,-0.31568095307756017,-0.026717977099236623,-145546.0,-17443.0,-343114.0,-0.31568095307756017,-9.2346157692308,-9.234615769230771,-28.425919615384615
12161,45119,F_freqduet_protocol_v6_confirmed_main_hiro,F_freqduet_protocol_v6_confirmed_main_hiro,rule_holding,-0.49298697944577574,-0.4948589062459159,-4.372013365944889,-4.390122633946291,-0.3907317169043978,-0.3895984683312932,-4.762392082849139,-4.779979102277583,-17269.0,-428865.0,-156355.0,-7.0,-596.7748096030533,-1178.0,0.00040388822104609964,-0.057831083956516094,0.0,0.0,0.0,-65.91221363358778,-0.32061276588618814,-0.026717564885496148,-156355.0,-17269.0,-428865.0,-0.32061276588618814,-9.961538076923091,-9.961538076923075,-23.408729538461543
12161,45131,F_freqduet_protocol_v6_confirmed_main_hiro,F_freqduet_protocol_v6_confirmed_main_hiro,rule_holding,-0.14509247233148914,-0.14509247233148914,-0.7797252618175907,-0.7797252618175907,-0.19921122706257144,-0.19921122706257144,-0.9787144888802217,-0.9787144888801649,-11015.0,-203347.0,-104811.0,-8.0,-400.04198428244285,-1109.0,0.0,-0.06712794614973008,0.0,0.0,0.0,-42.04198480916028,-0.17410431076406718,-0.030534770992366456,-104811.0,-11015.0,-203347.0,-0.17410431076406718,-6.692308153846113,-6.692308153846161,-29.265386923076925
12161,45137,F_freqduet_protocol_v6_confirmed_main_hiro,F_freqduet_protocol_v6_confirmed_main_hiro,rule_holding,-0.46450449419096196,-0.46450449419096196,-3.739232683320756,-3.739232683320756,-0.45298096382212094,-0.45298096382212094,-4.192694647142904,-4.192694647142879,-15580.0,-455673.0,-170653.0,-4.0,-651.3473285648854,-1324.0,0.0,-0.09057922585888609,0.0,0.0,0.0,-59.46564932824424,-0.37483612819373846,-0.015267595419847346,-170653.0,-15580.0,-455673.0,-0.37483612819373846,-10.919231076923097,-10.91923107692308,-28.585490846153853
12011,45007,F_freqduet_protocol_v6_confirmed_main_hiro,F_freqduet_protocol_v6_confirmed_main_hiro,rule_mpc,-2.9666507357629257,-2.9666507357629257,-29.487204912574896,-29.487204912574896,-1.047328749983583,-1.047328749983583,-30.534363662558377,-30.534363662558484,-33472.0,-1034309.0,126922.0,158.0,484.4351142290077,1094.0,0.0,-0.017936244505436183,0.0,0.0,0.0,-127.75572539694662,-0.8488522738493864,0.6030534274809161,126922.0,-33472.0,-1034309.0,-0.8488522738493864,-74.61923123076923,9.611538,24.512629230769228
12011,45013,F_freqduet_protocol_v6_confirmed_main_hiro,F_freqduet_protocol_v6_confirmed_main_hiro,rule_mpc,-2.4290284259530717,-2.4290284259530717,-24.309287422211426,-24.309287422211426,-0.932447054269236,-0.932447054269236,-25.241534476480588,-25.24153447648066,-33390.0,-945292.0,146158.0,158.0,557.8549619694656,1210.0,0.0,0.0018553162680709223,0.0,0.0,0.0,-127.44274793129773,-0.7679678663579494,0.6030534274809161,146158.0,-33390.0,-945292.0,-0.7679678663579494,-72.4961542307692,11.734615,24.11933392307692
12011,45053,F_freqduet_protocol_v6_confirmed_main_hiro,F_freqduet_protocol_v6_confirmed_main_hiro,rule_mpc,-3.3691159543465394,-3.3691159543465394,-33.52802604062128,-33.52802604062128,-1.1416858021621952,-1.1416858021621952,-34.66931984278365,-34.66931984278346,-36104.0,-1165939.0,119777.0,155.0,457.16412167938927,1218.0,0.0,-0.016366350284411302,0.0,0.0,0.0,-137.80152652671757,-0.9081366664485782,0.5916034274809161,119777.0,-36104.0,-1165939.0,-0.9081366664485782,-73.94230730769232,10.288461923076923,22.780140846153838
12011,45061,F_freqduet_protocol_v6_confirmed_main_hiro,F_freqduet_protocol_v6_confirmed_main_hiro,rule_mpc,-2.4626726630103133,-2.4626726630103133,-24.61381288420056,-24.61381288420056,-1.0174788112467965,-1.0174788112467965,-25.630849695447466,-25.630849695447353,-32550.0,-958196.0,113413.0,166.0,432.87404564122136,1138.0,0.0,-0.0013143745902575998,0.0,0.0,0.0,-124.23664090076335,-0.8025497333199325,0.6335879847328245,113413.0,-32550.0,-958196.0,-0.8025497333199325,-73.71538423076925,10.515385,23.789542923076922
12011,45077,F_freqduet_protocol_v6_confirmed_main_hiro,F_freqduet_protocol_v6_confirmed_main_hiro,rule_mpc,-1.2767017441693211,-1.2767017441693211,-12.69940963768603,-12.69940963768603,-0.7898220173889037,-0.7898220173889037,-13.489553655074843,-13.489553655074932,-26277.0,-700374.0,128965.0,179.0,492.2328248091603,999.0,0.0,-0.006686780400718018,0.0,0.0,0.0,-100.2938926564886,-0.6443772512650661,0.6832056870229009,128965.0,-26277.0,-700374.0,-0.6443772512650661,-75.45769184615386,8.773077384615386,26.465470692307694
12011,45119,F_freqduet_protocol_v6_confirmed_main_hiro,F_freqduet_protocol_v6_confirmed_main_hiro,rule_mpc,-3.0820036642731945,-3.267023177053204,-31.30826658803752,-33.1583417158376,-1.200889213271136,-1.1205831934825365,-32.5093168013088,-34.27920590932013,-34240.0,-1225646.0,152648.0,162.0,582.6259538702291,1461.0,0.0067736047367005,0.014941970847053704,0.0,0.0,0.0,-130.6870233129771,-0.9162746208247359,0.6183206030534352,152648.0,-34240.0,-1225646.0,-0.9162746208247359,-73.4423080769231,10.788461153846153,28.81149353846154
12011,45131,F_freqduet_protocol_v6_confirmed_main_hiro,F_freqduet_protocol_v6_confirmed_main_hiro,rule_mpc,-1.8293841318672561,-1.8293841318672561,-18.52843819719209,-18.52843819719209,-0.8001245645741282,-0.8001245645741282,-19.32870676176624,-19.328706761766227,-27570.0,-794360.0,160110.0,168.0,611.10687070229,1352.0,0.0,0.023474687851953113,0.0,0.0,0.0,-105.22900811450381,-0.6801260657899244,0.6412209541984732,160110.0,-27570.0,-794360.0,-0.6801260657899244,-71.46153815384605,12.769231076923077,27.524018692307695
12011,45137,F_freqduet_protocol_v6_confirmed_main_hiro,F_freqduet_protocol_v6_confirmed_main_hiro,rule_mpc,-3.0110334515385775,-3.0110334515385775,-30.14494196058579,-30.14494196058579,-1.0302959485382441,-1.0302959485382441,-31.175629909124204,-31.175629909124034,-32111.0,-1037905.0,151496.0,159.0,578.2290074351145,1219.0,0.0,0.0034867445200016944,0.0,0.0,0.0,-122.56106901526721,-0.8537788014905483,0.6068706030534352,151496.0,-32111.0,-1037905.0,-0.8537788014905483,-73.4730772307692,10.757692,20.797117615384614
12037,45007,F_freqduet_protocol_v6_confirmed_main_hiro,F_freqduet_protocol_v6_confirmed_main_hiro,rule_mpc,-2.953419735762926,-2.953419735762926,-29.601204912574897,-29.601204912574897,-1.0863707499835833,-1.0863707499835833,-30.688020662558376,-30.688020662558483,-36872.0,-1095829.0,99200.0,158.0,378.6259542290077,984.0,0.0,0.006763755494563817,0.0,0.0,0.0,-140.73282439694657,-0.8993412738493864,0.6030534274809161,99200.0,-36872.0,-1095829.0,-0.8993412738493864,-75.39230723076923,8.838462,25.13207523076923
12037,45013,F_freqduet_protocol_v6_confirmed_main_hiro,F_freqduet_protocol_v6_confirmed_main_hiro,rule_mpc,-2.3718724259530717,-2.3718724259530717,-24.095287422211424,-24.095287422211424,-0.9595490542692371,-0.9595490542692371,-25.054845476480587,-25.054845476480658,-35605.0,-1013092.0,131638.0,158.0,502.43511496946564,1169.0,0.0,0.03765531626807092,0.0,0.0,0.0,-135.89694693129775,-0.8230498663579493,0.6030534274809161,131638.0,-35605.0,-1013092.0,-0.8230498663579493,-72.87692323076925,11.353846,27.358704923076917
12037,45053,F_freqduet_protocol_v6_confirmed_main_hiro,F_freqduet_protocol_v6_confirmed_main_hiro,rule_mpc,-3.488762954346539,-3.488762954346539,-34.657026040621275,-34.657026040621275,-1.2253978021621954,-1.2253978021621954,-35.88289684278365,-35.88289684278346,-43154.0,-1324804.0,76665.0,149.0,292.6145036793893,645.0,0.0,-0.022966350284411297,0.0,0.0,0.0,-164.70992352671757,-1.031875666448578,0.568702427480916,76665.0,-43154.0,-1324804.0,-1.031875666448578,-77.95384630769234,6.276922923076923,16.71753084615384
12037,45061,F_freqduet_protocol_v6_confirmed_main_hiro,F_freqduet_protocol_v6_confirmed_main_hiro,rule_mpc,-2.4345336630103134,-2.4345336630103134,-24.54781288420056,-24.54781288420056,-1.0182608112467957,-1.0182608112467957,-25.566132695447465,-25.56613269544735,-34690.0,-965781.0,89120.0,165.0,340.15267164122133,961.0,0.0,0.020285625409742408,0.0,0.0,0.0,-132.40457990076334,-0.8089027333199323,0.6297709847328246,89120.0,-34690.0,-965781.0,-0.8089027333199323,-75.18846123076924,9.042308,22.903783923076922
12037,45077,F_freqduet_protocol_v6_confirmed_main_hiro,F_freqduet_protocol_v6_confirmed_main_hiro,rule_mpc,-1.3055897441693212,-1.3055897441693212,-12.921409637686029,-12.921409637686029,-0.9321000173889029,-0.9321000173889029,-13.853947655074844,-13.853947655074933,-32957.0,-833594.0,65482.0,170.0,249.9312978091603,402.0,0.0,-0.013386780400718001,0.0,0.0,0.0,-125.79007665648857,-0.766946251265066,0.6488546870229008,65482.0,-32957.0,-833594.0,-0.766946251265066,-79.03846184615384,5.192307384615384,22.953791692307693
12037,45119,F_freqduet_protocol_v6_confirmed_main_hiro,F_freqduet_protocol_v6_confirmed_main_hiro,rule_mpc,-3.1399536642731944,-3.341736177053204,-32.10426658803752,-34.1223417158376,-1.2798582132711367,-1.1908211934825363,-33.3845128013088,-35.31329890932013,-38755.0,-1313151.0,106976.0,162.0,408.305343870229,1105.0,0.0075356047367005005,0.0328419708470537,0.0,0.0,0.0,-147.91984731297708,-0.9816926208247359,0.6183206030534352,106976.0,-38755.0,-1313151.0,-0.9816926208247359,-76.1500000769231,8.080769153846154,27.52466853846154
12037,45131,F_freqduet_protocol_v6_confirmed_main_hiro,F_freqduet_protocol_v6_confirmed_main_hiro,rule_mpc,-1.8029591318672562,-1.8029591318672562,-18.422438197192093,-18.422438197192093,-0.8967995645741276,-0.8967995645741276,-19.31959276176624,-19.319592761766227,-31410.0,-884065.0,136007.0,168.0,519.1106867022901,1097.0,0.0,0.03927468785195312,0.0,0.0,0.0,-119.88549611450384,-0.7569310657899244,0.6412209541984732,136007.0,-31410.0,-884065.0,-0.7569310657899244,-73.41538415384605,10.815385076923077,30.69931269230769
12037,45137,F_freqduet_protocol_v6_confirmed_main_hiro,F_freqduet_protocol_v6_confirmed_main_hiro,rule_mpc,-3.0381384515385776,-3.0381384515385776,-30.507941960585793,-30.507941960585793,-1.0949219485382446,-1.0949219485382446,-31.6028249091242,-31.60282490912403,-36316.0,-1106980.0,125380.0,158.0,478.54961843511444,950.0,0.0,0.01268674452000168,0.0,0.0,0.0,-138.61068701526722,-0.9105998014905483,0.6030536030534352,125380.0,-36316.0,-1106980.0,-0.9105998014905483,-75.95769223076923,8.273077,21.222453615384616
12049,45007,F_freqduet_protocol_v6_confirmed_main_hiro,F_freqduet_protocol_v6_confirmed_main_hiro,rule_mpc,-2.925438735762926,-2.925438735762926,-29.232204912574893,-29.232204912574893,-0.969514749983583,-0.969514749983583,-30.202078662558375,-30.20207866255848,-30227.0,-953154.0,147894.0,158.0,564.4809162290077,1366.0,0.0,-0.0021362445054362023,0.0,0.0,0.0,-115.37022939694657,-0.7822482738493863,0.6030534274809161,147894.0,-30227.0,-953154.0,-0.7822482738493863,-72.1769232307692,12.053846,27.61912123076923
12049,45013,F_freqduet_protocol_v6_confirmed_main_hiro,F_freqduet_protocol_v6_confirmed_main_hiro,rule_mpc,-2.431298425953072,-2.431298425953072,-24.272287422211424,-24.272287422211424,-0.8989720542692368,-0.8989720542692368,-25.17120447648059,-25.17120447648066,-32320.0,-925317.0,162389.0,158.0,619.8053439694656,1249.0,0.0,-0.004044683731929094,0.0,0.0,0.0,-123.3587789312977,-0.7517398663579493,0.6030534274809161,162389.0,-32320.0,-925317.0,-0.7517398663579493,-71.9730772307692,12.257692,22.738813923076922
12049,45053,F_freqduet_protocol_v6_confirmed_main_hiro,F_freqduet_protocol_v6_confirmed_main_hiro,rule_mpc,-3.365665954346539,-3.365665954346539,-33.44202604062128,-33.44202604062128,-1.1101288021621958,-1.1101288021621958,-34.55204484278365,-34.55204484278346,-34799.0,-1140954.0,126643.0,155.0,483.3702286793893,1258.0,0.0,-0.021466350284411295,0.0,0.0,0.0,-132.8206105267176,-0.8886766664485781,0.5916034274809161,126643.0,-34799.0,-1140954.0,-0.8886766664485781,-73.76538430769233,10.465384923076924,20.79092484615384
12049,45061,F_freqduet_protocol_v6_confirmed_main_hiro,F_freqduet_protocol_v6_confirmed_main_hiro,rule_mpc,-2.4206876630103134,-2.4206876630103134,-24.31181288420056,-24.31181288420056,-0.9026878112467962,-0.9026878112467962,-25.214775695447464,-25.21477569544735,-28245.0,-834376.0,140136.0,166.0,534.8702286412214,1356.0,0.0,0.010485625409742405,0.0,0.0,0.0,-107.80534390076332,-0.6988427333199325,0.6335879847328245,140136.0,-28245.0,-834376.0,-0.6988427333199325,-71.91538423076923,12.315385,24.231049923076917
12049,45077,F_freqduet_protocol_v6_confirmed_main_hiro,F_freqduet_protocol_v6_confirmed_main_hiro,rule_mpc,-1.2773327441693212,-1.2773327441693212,-12.668409637686029,-12.668409637686029,-0.7972970173889031,-0.7972970173889031,-13.465852655074844,-13.465852655074933,-25522.0,-703299.0,134836.0,179.0,514.6412218091602,979.0,0.0,-0.010486780400718015,0.0,0.0,0.0,-97.41221365648857,-0.6470682512650661,0.6832056870229009,134836.0,-25522.0,-703299.0,-0.6470682512650661,-75.21538484615382,9.015384384615384,27.392303692307696
12049,45119,F_freqduet_protocol_v6_confirmed_main_hiro,F_freqduet_protocol_v6_confirmed_main_hiro,rule_mpc,-2.9446716642731943,-3.126422177053204,-30.33026658803752,-32.1473417158376,-1.0598102132711364,-0.9797011934825353,-31.389861801308804,-33.12726090932013,-30345.0,-1073506.0,182158.0,164.0,695.259541870229,1829.0,0.0066386047367005,0.05514197084705372,0.0,0.0,0.0,-115.82061031297707,-0.8025376208247359,0.6259546030534351,182158.0,-30345.0,-1073506.0,-0.8025376208247359,-70.4423080769231,13.788461153846153,32.11233553846154
12049,45131,F_freqduet_protocol_v6_confirmed_main_hiro,F_freqduet_protocol_v6_confirmed_main_hiro,rule_mpc,-1.842116131867256,-1.842116131867256,-18.529438197192093,-18.529438197192093,-0.8121945645741278,-0.8121945645741278,-19.341297761766242,-19.341297761766228,-27765.0,-809205.0,173343.0,169.0,661.6145037022901,1360.0,0.0,0.010774687851953124,0.0,0.0,0.0,-105.97328211450383,-0.6928360657899244,0.6450379541984732,173343.0,-27765.0,-809205.0,-0.6928360657899244,-71.24230815384607,12.988461076923077,27.224521692307693
12049,45137,F_freqduet_protocol_v6_confirmed_main_hiro,F_freqduet_protocol_v6_confirmed_main_hiro,rule_mpc,-2.9586024515385776,-2.9586024515385776,-29.76394196058579,-29.76394196058579,-0.9454119485382435,-0.9454119485382435,-30.709498909124203,-30.709498909124033,-27831.0,-968600.0,172638.0,161.0,658.9236644351145,1534.0,0.0,0.0177867445200017,0.0,0.0,0.0,-106.22519101526723,-0.7967688014905483,0.6145036030534352,172638.0,-27831.0,-968600.0,-0.7967688014905483,-70.8807692307692,13.35,26.347848615384613
12071,45007,F_freqduet_protocol_v6_confirmed_main_hiro,F_freqduet_protocol_v6_confirmed_main_hiro,rule_mpc,-2.948046735762926,-2.948046735762926,-29.366204912574894,-29.366204912574894,-1.0248507499835835,-1.0248507499835835,-30.391107662558376,-30.391107662558483,-33422.0,-1014614.0,128416.0,158.0,490.13740422900764,1094.0,0.0,-0.011436244505436177,0.0,0.0,0.0,-127.56488539694658,-0.8326882738493864,0.6030534274809161,128416.0,-33422.0,-1014614.0,-0.8326882738493864,-74.60384623076925,9.626923,25.159503230769232
12071,45013,F_freqduet_protocol_v6_confirmed_main_hiro,F_freqduet_protocol_v6_confirmed_main_hiro,rule_mpc,-2.403647425953072,-2.403647425953072,-24.200287422211424,-24.200287422211424,-0.9061490542692372,-0.9061490542692372,-25.106393476480587,-25.106393476480658,-34080.0,-932717.0,147933.0,158.0,564.6297709694657,1223.0,0.0,0.016355316268070907,0.0,0.0,0.0,-130.0763359312977,-0.7577518663579494,0.6030534274809161,147933.0,-34080.0,-932717.0,-0.7577518663579494,-72.43461523076923,11.796154,25.173104923076917
12071,45053,F_freqduet_protocol_v6_confirmed_main_hiro,F_freqduet_protocol_v6_confirmed_main_hiro,rule_mpc,-3.393422954346539,-3.393422954346539,-33.76502604062128,-33.76502604062128,-1.1403638021621951,-1.1403638021621951,-34.90489984278365,-34.90489984278346,-37424.0,-1188329.0,113063.0,154.0,431.5381676793893,1009.0,0.0,-0.01696635028441129,0.0,0.0,0.0,-142.8396945267176,-0.9255766664485781,0.5877864274809161,113063.0,-37424.0,-1188329.0,-0.9255766664485781,-75.18076930769234,9.049999923076923,21.618513846153842
12071,45061,F_freqduet_protocol_v6_confirmed_main_hiro,F_freqduet_protocol_v6_confirmed_main_hiro,rule_mpc,-2.447176663010313,-2.447176663010313,-24.56481288420056,-24.56481288420056,-0.993551811246796,-0.993551811246796,-25.558807695447467,-25.558807695447353,-32145.0,-938446.0,115523.0,166.0,440.92748064122134,1159.0,0.0,0.009385625409742387,0.0,0.0,0.0,-122.69083990076336,-0.7860077333199325,0.6335879847328245,115523.0,-32145.0,-938446.0,-0.7860077333199325,-73.7000002307692,10.530769,24.80553792307692
12071,45077,F_freqduet_protocol_v6_confirmed_main_hiro,F_freqduet_protocol_v6_confirmed_main_hiro,rule_mpc,-1.2666067441693212,-1.2666067441693212,-12.67840963768603,-12.67840963768603,-0.7690590173889031,-0.7690590173889031,-13.447237655074844,-13.447237655074932,-26812.0,-680219.0,128125.0,179.0,489.02671780916023,927.0,0.0,0.0012132195992820005,0.0,0.0,0.0,-102.33587765648855,-0.6258342512650661,0.6832056870229009,128125.0,-26812.0,-680219.0,-0.6258342512650661,-75.69999984615384,8.530769384615384,25.64038069230769
12071,45119,F_freqduet_protocol_v6_confirmed_main_hiro,F_freqduet_protocol_v6_confirmed_main_hiro,rule_mpc,-3.0721426642731946,-3.254751177053204,-31.20826658803752,-33.0343417158376,-1.149675213271136,-1.0693851934825354,-32.3579538013088,-34.10373990932013,-34105.0,-1168751.0,159850.0,164.0,610.1145038702291,1515.0,0.0067286047367005,0.015041970847053693,0.0,0.0,0.0,-130.1717553129771,-0.873740620824736,0.6259546030534351,159850.0,-34105.0,-1168751.0,-0.873740620824736,-73.13076907692312,11.100000153846153,29.281016538461536
12071,45131,F_freqduet_protocol_v6_confirmed_main_hiro,F_freqduet_protocol_v6_confirmed_main_hiro,rule_mpc,-1.8358161318672561,-1.8358161318672561,-18.476438197192092,-18.476438197192092,-0.8622425645741281,-0.8622425645741281,-19.338843761766242,-19.338843761766228,-29850.0,-846890.0,152815.0,167.0,583.26335870229,1102.0,0.0,0.011874687851953114,0.0,0.0,0.0,-113.93129811450382,-0.7251020657899243,0.6374049541984732,152815.0,-29850.0,-846890.0,-0.7251020657899243,-73.30384615384605,10.926923076923076,26.126960692307694
12071,45137,F_freqduet_protocol_v6_confirmed_main_hiro,F_freqduet_protocol_v6_confirmed_main_hiro,rule_mpc,-3.0105554515385777,-3.0105554515385777,-30.209941960585795,-30.209941960585795,-1.024329948538245,-1.024329948538245,-31.234060909124203,-31.234060909124032,-32956.0,-1044225.0,147129.0,161.0,561.5610684351145,1202.0,0.0,0.010386744520001684,0.0,0.0,0.0,-125.7862600152672,-0.8589778014905485,0.6145036030534352,147129.0,-32956.0,-1044225.0,-0.8589778014905485,-73.78076923076924,10.45,21.226051615384613
12097,45007,F_freqduet_protocol_v6_confirmed_main_hiro,F_freqduet_protocol_v6_confirmed_main_hiro,rule_mpc,-2.912856735762926,-2.912856735762926,-28.850204912574895,-28.850204912574895,-0.9128437499835833,-0.9128437499835833,-29.762782662558376,-29.762782662558482,-25157.0,-834474.0,188001.0,162.0,717.5610682290077,1578.0,0.0,-0.027836244505436203,0.0,0.0,0.0,-96.0190843969466,-0.6848482738493864,0.618320427480916,188001.0,-25157.0,-834474.0,-0.6848482738493864,-70.78461523076925,13.446154,26.059781230769232
12097,45013,F_freqduet_protocol_v6_confirmed_main_hiro,F_freqduet_protocol_v6_confirmed_main_hiro,rule_mpc,-2.381455425953072,-2.381455425953072,-23.802287422211425,-23.802287422211425,-0.7440900542692361,-0.7440900542692361,-24.54617247648059,-24.54617247648066,-24100.0,-685812.0,220364.0,160.0,841.0839689694657,1678.0,0.0,-0.001244683731929097,0.0,0.0,0.0,-91.98473293129774,-0.5571628663579493,0.610687427480916,220364.0,-24100.0,-685812.0,-0.5571628663579493,-68.35000023076924,15.880769,26.202305923076917
12097,45053,F_freqduet_protocol_v6_confirmed_main_hiro,F_freqduet_protocol_v6_confirmed_main_hiro,rule_mpc,-3.238998954346539,-3.238998954346539,-32.178026040621276,-32.178026040621276,-0.9393518021621965,-0.9393518021621965,-33.11708384278365,-33.11708384278346,-25984.0,-908079.0,187498.0,162.0,715.6412216793893,1644.0,0.0,-0.02126635028441129,0.0,0.0,0.0,-99.17557252671759,-0.7072926664485781,0.618320427480916,187498.0,-25984.0,-908079.0,-0.7072926664485781,-70.48461530769231,13.746153923076923,26.56216384615384
12097,45061,F_freqduet_protocol_v6_confirmed_main_hiro,F_freqduet_protocol_v6_confirmed_main_hiro,rule_mpc,-2.3814796630103134,-2.3814796630103134,-23.96781288420056,-23.96781288420056,-0.7311448112467964,-0.7311448112467964,-24.698789695447466,-24.698789695447353,-18265.0,-618546.0,202415.0,169.0,772.5763356412214,1774.0,0.0,0.015285625409742404,0.0,0.0,0.0,-69.71374090076336,-0.5180717333199325,0.6450379847328245,202415.0,-18265.0,-618546.0,-0.5180717333199325,-68.21538423076925,16.015385,27.954817923076916
12097,45077,F_freqduet_protocol_v6_confirmed_main_hiro,F_freqduet_protocol_v6_confirmed_main_hiro,rule_mpc,-1.2470107441693212,-1.2470107441693212,-12.31240963768603,-12.31240963768603,-0.6321340173889034,-0.6321340173889034,-12.944568655074846,-12.944568655074935,-18242.0,-505914.0,184194.0,180.0,703.0305348091603,1450.0,0.0,-0.015786780400718015,0.0,0.0,0.0,-69.6259546564886,-0.4654652512650661,0.6870226870229008,184194.0,-18242.0,-505914.0,-0.4654652512650661,-72.43846184615387,11.792307384615384,27.55127969230769
12097,45119,F_freqduet_protocol_v6_confirmed_main_hiro,F_freqduet_protocol_v6_confirmed_main_hiro,rule_mpc,-2.9413996642731943,-3.129764177053204,-29.767266588037522,-31.650341715837598,-1.0218572132711365,-0.941918193482536,-30.788698801308804,-32.59240390932013,-24675.0,-951636.0,208293.0,164.0,795.011450870229,1864.0,0.0065936047367005,0.0023419708470537037,0.0,0.0,0.0,-94.1793893129771,-0.711428620824736,0.6259546030534351,208293.0,-24675.0,-951636.0,-0.711428620824736,-69.63846107692308,14.592308153846153,30.184331538461535
12097,45131,F_freqduet_protocol_v6_confirmed_main_hiro,F_freqduet_protocol_v6_confirmed_main_hiro,rule_mpc,-1.8353301318672561,-1.8353301318672561,-18.422438197192093,-18.422438197192093,-0.6661795645741275,-0.6661795645741275,-19.08910576176624,-19.089105761766227,-21560.0,-644755.0,217507.0,173.0,830.1793897022901,1725.0,0.0,0.006974687851953099,0.0,0.0,0.0,-82.29007611450385,-0.5520350657899245,0.6603049541984733,217507.0,-21560.0,-644755.0,-0.5520350657899245,-68.25000015384609,15.980769076923078,30.779420692307692
12097,45137,F_freqduet_protocol_v6_confirmed_main_hiro,F_freqduet_protocol_v6_confirmed_main_hiro,rule_mpc,-2.8499584515385776,-2.8499584515385776,-28.682941960585794,-28.682941960585794,-0.8268229485382452,-0.8268229485382452,-29.509406909124202,-29.50940690912403,-22751.0,-776225.0,222573.0,161.0,849.5152674351144,1758.0,0.0,0.018286744520001702,0.0,0.0,0.0,-86.83587801526721,-0.6385218014905485,0.6145036030534352,222573.0,-22751.0,-776225.0,-0.6385218014905485,-68.7461542307692,15.484615,24.265769615384613
12109,45007,F_freqduet_protocol_v6_confirmed_main_hiro,F_freqduet_protocol_v6_confirmed_main_hiro,rule_mpc,-2.954638735762926,-2.954638735762926,-29.406204912574896,-29.406204912574896,-1.0150027499835836,-1.0150027499835836,-30.421051662558376,-30.421051662558483,-33367.0,-999459.0,123303.0,158.0,470.62213722900765,1076.0,0.0,-0.014036244505436196,0.0,0.0,0.0,-127.35496139694658,-0.8202502738493864,0.6030534274809161,123303.0,-33367.0,-999459.0,-0.8202502738493864,-74.6538462307692,9.576923,26.341090230769233
12109,45013,F_freqduet_protocol_v6_confirmed_main_hiro,F_freqduet_protocol_v6_confirmed_main_hiro,rule_mpc,-2.411177425953072,-2.411177425953072,-24.201287422211422,-24.201287422211422,-0.8867210542692359,-0.8867210542692359,-25.087658476480588,-25.08765847648066,-33850.0,-908452.0,150712.0,158.0,575.2366409694657,1216.0,0.0,0.008955316268070918,0.0,0.0,0.0,-129.19847293129772,-0.7380388663579494,0.6030534274809161,150712.0,-33850.0,-908452.0,-0.7380388663579494,-72.5615382307692,11.669231,25.28229892307692
12109,45053,F_freqduet_protocol_v6_confirmed_main_hiro,F_freqduet_protocol_v6_confirmed_main_hiro,rule_mpc,-3.4397669543465392,-3.4397669543465392,-34.08502604062128,-34.08502604062128,-1.2075868021621954,-1.2075868021621954,-35.29235884278365,-35.29235884278346,-38929.0,-1248594.0,105279.0,155.0,401.8282446793893,821.0,0.0,-0.0312663502844113,0.0,0.0,0.0,-148.58396952671757,-0.9725156664485781,0.5916034274809161,105279.0,-38929.0,-1248594.0,-0.9725156664485781,-76.73846130769232,7.492307923076924,18.91113384615384
12109,45061,F_freqduet_protocol_v6_confirmed_main_hiro,F_freqduet_protocol_v6_confirmed_main_hiro,rule_mpc,-2.4477516630103135,-2.4477516630103135,-24.53281288420056,-24.53281288420056,-1.006081811246796,-1.006081811246796,-25.539333695447464,-25.53933369544735,-31550.0,-927641.0,112922.0,166.0,430.99999964122134,1154.0,0.0,0.00558562540974239,0.0,0.0,0.0,-120.41984690076333,-0.7769577333199325,0.6335879847328245,112922.0,-31550.0,-927641.0,-0.7769577333199325,-73.7461542307692,10.484615,26.41091892307692
12109,45077,F_freqduet_protocol_v6_confirmed_main_hiro,F_freqduet_protocol_v6_confirmed_main_hiro,rule_mpc,-1.2700417441693213,-1.2700417441693213,-12.67840963768603,-12.67840963768603,-0.7860780173889044,-0.7860780173889044,-13.464818655074843,-13.464818655074932,-26697.0,-686779.0,124295.0,179.0,474.4083968091603,986.0,0.0,-0.0021867804007180136,0.0,0.0,0.0,-101.89694665648858,-0.6318692512650661,0.6832056870229009,124295.0,-26697.0,-686779.0,-0.6318692512650661,-75.66923084615382,8.561538384615385,28.27313369230769
12109,45119,F_freqduet_protocol_v6_confirmed_main_hiro,F_freqduet_protocol_v6_confirmed_main_hiro,rule_mpc,-2.9765476642731947,-3.159193177053204,-30.64926658803752,-32.4753417158376,-1.1100362132711368,-1.0293201934825351,-31.759209801308803,-33.504948909320134,-31975.0,-1115501.0,170633.0,163.0,651.270991870229,1637.0,0.0067286047367005,0.054741970847053706,0.0,0.0,0.0,-122.04198431297709,-0.833932620824736,0.6221376030534351,170633.0,-31975.0,-1115501.0,-0.833932620824736,-71.3769230769231,12.853846153846153,33.23915753846154
12109,45131,F_freqduet_protocol_v6_confirmed_main_hiro,F_freqduet_protocol_v6_confirmed_main_hiro,rule_mpc,-1.8266521318672562,-1.8266521318672562,-18.494438197192093,-18.494438197192093,-0.8042495645741283,-0.8042495645741283,-19.29840276176624,-19.298402761766226,-28090.0,-795015.0,164216.0,168.0,626.7786257022901,1346.0,0.0,0.022774687851953107,0.0,0.0,0.0,-107.21374011450382,-0.6806870657899244,0.6412209541984732,164216.0,-28090.0,-795015.0,-0.6806870657899244,-71.47692315384609,12.753846076923077,29.34989469230769
12109,45137,F_freqduet_protocol_v6_confirmed_main_hiro,F_freqduet_protocol_v6_confirmed_main_hiro,rule_mpc,-3.012929451538578,-3.012929451538578,-30.22494196058579,-30.22494196058579,-1.0244699485382451,-1.0244699485382451,-31.249292909124204,-31.249292909124033,-31921.0,-1014590.0,146775.0,161.0,560.2099234351144,1215.0,0.0,0.009586744520001689,0.0,0.0,0.0,-121.83587801526721,-0.8345998014905485,0.6145036030534352,146775.0,-31921.0,-1014590.0,-0.8345998014905485,-73.70384623076922,10.526923,22.779817615384616
12143,45007,F_freqduet_protocol_v6_confirmed_main_hiro,F_freqduet_protocol_v6_confirmed_main_hiro,rule_mpc,-3.0139387357629257,-3.0139387357629257,-30.202204912574896,-30.202204912574896,-1.247650749983583,-1.247650749983583,-31.450115662558375,-31.45011566255848,-42967.0,-1304839.0,59029.0,148.0,225.30152622900764,603.0,0.0,0.006263755494563816,0.0,0.0,0.0,-163.99618339694658,-1.0708742738493864,0.5648854274809161,59029.0,-42967.0,-1304839.0,-1.0708742738493864,-79.20769223076923,5.023077,25.473776230769232
12143,45013,F_freqduet_protocol_v6_confirmed_main_hiro,F_freqduet_protocol_v6_confirmed_main_hiro,rule_mpc,-2.458017425953072,-2.458017425953072,-24.623287422211426,-24.623287422211426,-1.1884960542692369,-1.1884960542692369,-25.812002476480586,-25.812002476480657,-46250.0,-1294302.0,68160.0,145.0,260.15267196946564,428.0,0.0,0.004355316268070897,0.0,0.0,0.0,-176.52671793129772,-1.0515088663579495,0.5534354274809161,68160.0,-46250.0,-1294302.0,-1.0515088663579495,-78.95769223076923,5.273077,19.82934492307692
12143,45053,F_freqduet_protocol_v6_confirmed_main_hiro,F_freqduet_protocol_v6_confirmed_main_hiro,rule_mpc,-3.553740954346539,-3.553740954346539,-35.34402604062128,-35.34402604062128,-1.4336858021621968,-1.4336858021621968,-36.77787884278365,-36.77787884278346,-49059.0,-1547149.0,46091.0,131.0,175.91984767938933,306.0,0.0,-0.019366350284411277,0.0,0.0,0.0,-187.2480915267176,-1.2050576664485781,0.500000427480916,46091.0,-49059.0,-1547149.0,-1.2050576664485781,-80.9807693076923,3.2499999230769228,21.286960846153836
12143,45061,F_freqduet_protocol_v6_confirmed_main_hiro,F_freqduet_protocol_v6_confirmed_main_hiro,rule_mpc,-2.4787946630103135,-2.4787946630103135,-25.02081288420056,-25.02081288420056,-1.274006811246796,-1.274006811246796,-26.294639695447465,-26.29463969544735,-44260.0,-1271816.0,49794.0,131.0,190.05343464122137,660.0,0.0,0.023285625409742383,0.0,0.0,0.0,-168.93129790076333,-1.0652257333199324,0.4999999847328245,49794.0,-44260.0,-1271816.0,-1.0652257333199324,-77.51923123076921,6.711538,21.323460923076922
12143,45077,F_freqduet_protocol_v6_confirmed_main_hiro,F_freqduet_protocol_v6_confirmed_main_hiro,rule_mpc,-1.2895807441693212,-1.2895807441693212,-12.92340963768603,-12.92340963768603,-1.104828017388904,-1.104828017388904,-14.028417655074843,-14.028417655074932,-39517.0,-1007349.0,40518.0,134.0,154.6488548091603,163.0,0.0,0.002813219599281991,0.0,0.0,0.0,-150.82824465648858,-0.9268092512650661,0.5114506870229008,40518.0,-39517.0,-1007349.0,-0.9268092512650661,-81.14999984615383,3.0807693846153845,22.00510569230769
12143,45119,F_freqduet_protocol_v6_confirmed_main_hiro,F_freqduet_protocol_v6_confirmed_main_hiro,rule_mpc,-3.127964664273194,-3.3556291770532036,-32.36826658803752,-34.6443417158376,-1.389089213271136,-1.2901241934825354,-33.757141801308805,-35.93482590932013,-42020.0,-1450616.0,76749.0,157.0,292.93511487022903,1071.0,0.0084326047367005,0.06664197084705373,0.0,0.0,0.0,-160.3816793129771,-1.084459620824736,0.5992366030534353,76749.0,-42020.0,-1450616.0,-1.084459620824736,-77.69615407692311,6.534615153846153,35.374825538461536
12143,45131,F_freqduet_protocol_v6_confirmed_main_hiro,F_freqduet_protocol_v6_confirmed_main_hiro,rule_mpc,-1.7948461318672562,-1.7948461318672562,-18.395438197192092,-18.395438197192092,-1.0699535645741278,-1.0699535645741278,-19.465053761766242,-19.465053761766228,-36780.0,-1079700.0,100214.0,165.0,382.49618370229007,717.0,0.0,0.04467468785195314,0.0,0.0,0.0,-140.3816791145038,-0.9244320657899243,0.6297709541984733,100214.0,-36780.0,-1079700.0,-0.9244320657899243,-76.5500001538461,7.6807690769230765,37.5516466923077
12143,45137,F_freqduet_protocol_v6_confirmed_main_hiro,F_freqduet_protocol_v6_confirmed_main_hiro,rule_mpc,-3.1123714515385776,-3.1123714515385776,-31.34994196058579,-31.34994196058579,-1.2780869485382436,-1.2780869485382436,-32.627763909124205,-32.627763909124035,-43151.0,-1325220.0,64938.0,149.0,247.85496143511452,504.0,0.0,0.0225867445200017,0.0,0.0,0.0,-164.6984730152672,-1.0901238014905483,0.5687026030534352,64938.0,-43151.0,-1325220.0,-1.0901238014905483,-79.48076923076923,4.75,22.46360161538462
12161,45007,F_freqduet_protocol_v6_confirmed_main_hiro,F_freqduet_protocol_v6_confirmed_main_hiro,rule_mpc,-2.953906735762926,-2.953906735762926,-29.3032049125749,-29.3032049125749,-1.0305587499835838,-1.0305587499835838,-30.333265662558375,-30.333265662558482,-31727.0,-988924.0,140460.0,159.0,536.1068702290077,1110.0,0.0,-0.023636244505436194,0.0,0.0,0.0,-121.09541939694657,-0.8116042738493865,0.606870427480916,140460.0,-31727.0,-988924.0,-0.8116042738493865,-74.58076923076925,9.65,26.65208523076923
12161,45013,F_freqduet_protocol_v6_confirmed_main_hiro,F_freqduet_protocol_v6_confirmed_main_hiro,rule_mpc,-2.432487425953072,-2.432487425953072,-24.290287422211424,-24.290287422211424,-0.8821340542692369,-0.8821340542692369,-25.171930476480586,-25.171930476480657,-32315.0,-891447.0,161005.0,158.0,614.5229009694657,1232.0,0.0,-0.0035446837319290936,0.0,0.0,0.0,-123.33969493129774,-0.7242238663579494,0.6030534274809161,161005.0,-32315.0,-891447.0,-0.7242238663579494,-72.2884612307692,11.942308,24.73279792307692
12161,45053,F_freqduet_protocol_v6_confirmed_main_hiro,F_freqduet_protocol_v6_confirmed_main_hiro,rule_mpc,-3.3481589543465393,-3.3481589543465393,-33.22302604062128,-33.22302604062128,-1.079127802162196,-1.079127802162196,-34.30254484278365,-34.30254484278346,-34739.0,-1094294.0,138013.0,155.0,526.7671756793893,1244.0,0.0,-0.025866350284411282,0.0,0.0,0.0,-132.59160352671756,-0.8523336664485781,0.5916034274809161,138013.0,-34739.0,-1094294.0,-0.8523336664485781,-73.78846130769233,10.442307923076923,21.14373084615384
12161,45061,F_freqduet_protocol_v6_confirmed_main_hiro,F_freqduet_protocol_v6_confirmed_main_hiro,rule_mpc,-2.4042446630103136,-2.4042446630103136,-24.27581288420056,-24.27581288420056,-0.9048158112467952,-0.9048158112467952,-25.180144695447467,-25.180144695447353,-26360.0,-818861.0,132524.0,166.0,505.8167936412214,1346.0,0.0,0.023285625409742383,0.0,0.0,0.0,-100.61068690076331,-0.6858477333199324,0.6335879847328245,132524.0,-26360.0,-818861.0,-0.6858477333199324,-71.9500002307692,12.280769,30.451941923076923
12161,45077,F_freqduet_protocol_v6_confirmed_main_hiro,F_freqduet_protocol_v6_confirmed_main_hiro,rule_mpc,-1.280708744169321,-1.280708744169321,-12.71540963768603,-12.71540963768603,-0.7577320173889035,-0.7577320173889035,-13.473458655074843,-13.473458655074932,-25117.0,-646154.0,126553.0,179.0,483.02671780916023,1002.0,0.0,-0.009086780400718003,0.0,0.0,0.0,-95.86641265648859,-0.5944922512650661,0.6832056870229009,126553.0,-25117.0,-646154.0,-0.5944922512650661,-75.41153884615386,8.819230384615384,27.58177269230769
12161,45119,F_freqduet_protocol_v6_confirmed_main_hiro,F_freqduet_protocol_v6_confirmed_main_hiro,rule_mpc,-2.9419406642731945,-3.125609177053204,-30.17426658803752,-32.0103417158376,-1.069293213271136,-0.9887121934825363,-31.2432068013088,-32.999311909320134,-28915.0,-1040181.0,189211.0,162.0,722.1793888702291,1845.0,0.0066836047367005,0.04204197084705372,0.0,0.0,0.0,-110.36259531297708,-0.777623620824736,0.6183206030534352,189211.0,-28915.0,-1040181.0,-0.777623620824736,-70.31153807692311,13.919231153846154,36.11819353846154
12161,45131,F_freqduet_protocol_v6_confirmed_main_hiro,F_freqduet_protocol_v6_confirmed_main_hiro,rule_mpc,-1.8453611318672563,-1.8453611318672563,-18.52243819719209,-18.52243819719209,-0.800066564574129,-0.800066564574129,-19.322282761766242,-19.32228276176623,-27340.0,-793455.0,170488.0,168.0,650.71755770229,1348.0,0.0,0.00687468785195311,0.0,0.0,0.0,-104.35114511450382,-0.6793510657899244,0.6412209541984732,170488.0,-27340.0,-793455.0,-0.6793510657899244,-71.3923081538461,12.838461076923076,27.949997692307694
12161,45137,F_freqduet_protocol_v6_confirmed_main_hiro,F_freqduet_protocol_v6_confirmed_main_hiro,rule_mpc,-2.9467094515385774,-2.9467094515385774,-29.62594196058579,-29.62594196058579,-0.9582439485382448,-0.9582439485382448,-30.584666909124202,-30.58466690912403,-27061.0,-949870.0,175056.0,160.0,668.1526714351145,1548.0,0.0,0.01588674452000169,0.0,0.0,0.0,-103.2862600152672,-0.7813618014905483,0.6106866030534353,175056.0,-27061.0,-949870.0,-0.7813618014905483,-70.87307723076924,13.357692,28.876047615384614
