{
 "exp": "H_hiro_no_demand_noise",
 "seed": 42,
 "ep": 99,
 "wait_mean": 5.052249999999999,
 "wait_std": 0.8023911063191067,
 "cv_mean": 0.536935,
 "cv_std": 0.11934905644788316,
 "overshoot_mean": 2.4,
 "overshoot_std": 0.7999999999999999,
 "composite_mean": 1.654456245421245,
 "composite_std": 0.4815566270985482,
 "n_eps": 20,
 "wall_s": 1185.1
}