{
 "exp": "H_hiro_no_demand_noise",
 "seed": 123,
 "ep": 299,
 "wait_mean": 3.8646000000000003,
 "wait_std": 0.48874752173284725,
 "cv_mean": 0.49328000000000005,
 "cv_std": 0.09041249692382132,
 "overshoot_mean": 1.75,
 "overshoot_std": 1.3738631664034087,
 "composite_mean": 1.3878306593406593,
 "composite_std": 0.4958637173273352,
 "n_eps": 20,
 "wall_s": 1516.2
}