{
 "exp": "H_hiro_no_demand_noise",
 "seed": 123,
 "ep": 199,
 "wait_mean": 4.19235,
 "wait_std": 1.9147469878550534,
 "cv_mean": 0.4956899999999999,
 "cv_std": 0.06413794430756256,
 "overshoot_mean": 1.7,
 "overshoot_std": 1.307669683062202,
 "composite_mean": 1.394215293040293,
 "composite_std": 0.5929909764543978,
 "n_eps": 20,
 "wall_s": 1469.9
}