{
 "exp": "H_hiro_no_demand_noise",
 "seed": 456,
 "ep": 249,
 "wait_mean": 5.89435,
 "wait_std": 3.1641683468962274,
 "cv_mean": 0.5675950000000001,
 "cv_std": 0.14818573303459412,
 "overshoot_mean": 2.5,
 "overshoot_std": 0.806225774829855,
 "composite_mean": 1.8050405311355313,
 "composite_std": 0.6698004890549263,
 "n_eps": 20,
 "wall_s": 1137.2
}