{
 "exp": "H_hiro_no_demand_noise",
 "seed": 42,
 "ep": 49,
 "wait_mean": 5.005450000000001,
 "wait_std": 2.0151271293642985,
 "cv_mean": 0.515235,
 "cv_std": 0.13462127720015138,
 "overshoot_mean": 2.25,
 "overshoot_std": 0.9937303457175896,
 "composite_mean": 1.6001801831501834,
 "composite_std": 0.5687057502067748,
 "n_eps": 20,
 "wall_s": 1065.0
}