{
 "exp": "H_hiro_no_demand_noise",
 "seed": 123,
 "ep": 249,
 "wait_mean": 4.74465,
 "wait_std": 2.347497375397894,
 "cv_mean": 0.5215,
 "cv_std": 0.08289289474979143,
 "overshoot_mean": 1.85,
 "overshoot_std": 1.2757350822173072,
 "composite_mean": 1.5111985164835167,
 "composite_std": 0.6342052306054123,
 "n_eps": 20,
 "wall_s": 1534.5
}