{
 "exp": "H_hiro_no_demand_noise",
 "seed": 456,
 "ep": 299,
 "wait_mean": 6.000050000000001,
 "wait_std": 3.9861648294444625,
 "cv_mean": 0.555545,
 "cv_std": 0.12174890748996478,
 "overshoot_mean": 2.35,
 "overshoot_std": 0.9096702699330126,
 "composite_mean": 1.764721245421245,
 "composite_std": 0.7348173881367508,
 "n_eps": 20,
 "wall_s": 1047.1
}