{
 "exp": "H_hiro_no_demand_noise",
 "seed": 42,
 "ep": 199,
 "wait_mean": 5.171849999999999,
 "wait_std": 3.58531632181876,
 "cv_mean": 0.526415,
 "cv_std": 0.08789244720111052,
 "overshoot_mean": 1.9,
 "overshoot_std": 1.260952021291849,
 "composite_mean": 1.569547802197802,
 "composite_std": 0.7077661751266183,
 "n_eps": 20,
 "wall_s": 1453.7
}