{
 "exp": "H_hiro_no_demand_noise",
 "seed": 456,
 "ep": 149,
 "wait_mean": 5.062050000000001,
 "wait_std": 2.242236148914739,
 "cv_mean": 0.5523399999999999,
 "cv_std": 0.12362155718158545,
 "overshoot_mean": 2.3,
 "overshoot_std": 0.9539392014169457,
 "composite_mean": 1.6577162454212455,
 "composite_std": 0.5939164331505455,
 "n_eps": 20,
 "wall_s": 1300.4
}