{
 "exp": "H_hiro",
 "seed": 42,
 "sigma": 1.0,
 "demand_noise": 0.15,
 "best_ep": 49,
 "n_eps": 10,
 "wait_mean": 5.1225000000000005,
 "wait_std": 1.315951157908226,
 "cv_mean": 0.40367999999999993,
 "cv_std": 0.050059480620557775,
 "overshoot_mean": 1.2,
 "overshoot_std": 1.32664991614216,
 "peak_fleet_mean": 13.6,
 "peak_fleet_std": 0.4898979485566356,
 "N_fleet_mean": 12.8,
 "N_fleet_std": 1.7204650534085253,
 "raw": {
  "wait": [
   5.309,
   5.273,
   3.725,
   4.828,
   8.217,
   3.969,
   4.055,
   4.737,
   6.707,
   4.405
  ],
  "cv": [
   0.3925,
   0.4518,
   0.411,
   0.4265,
   0.4397,
   0.4482,
   0.4439,
   0.3489,
   0.3886,
   0.2857
  ],
  "overshoot": [
   0.0,
   3.0,
   0.0,
   1.0,
   0.0,
   3.0,
   0.0,
   0.0,
   2.0,
   3.0
  ],
  "peak_fleet": [
   14.0,
   14.0,
   14.0,
   13.0,
   13.0,
   13.0,
   13.0,
   14.0,
   14.0,
   14.0
  ],
  "N_fleet": [
   14,
   11,
   15,
   12,
   14,
   10,
   14,
   15,
   12,
   11
  ]
 }
}