{
 "exp": "H_hiro",
 "seed": 456,
 "sigma": 1.0,
 "demand_noise": 0.15,
 "best_ep": 99,
 "n_eps": 10,
 "wait_mean": 5.9558,
 "wait_std": 4.055640807566666,
 "cv_mean": 0.4338399999999999,
 "cv_std": 0.051648392036926,
 "overshoot_mean": 1.5,
 "overshoot_std": 1.02469507659596,
 "peak_fleet_mean": 13.5,
 "peak_fleet_std": 0.6708203932499369,
 "N_fleet_mean": 12.4,
 "N_fleet_std": 2.009975124224178,
 "raw": {
  "wait": [
   3.6,
   18.023,
   5.077,
   4.971,
   4.668,
   5.57,
   4.074,
   4.593,
   4.296,
   4.686
  ],
  "cv": [
   0.3739,
   0.3712,
   0.3811,
   0.4449,
   0.5305,
   0.466,
   0.382,
   0.4511,
   0.4837,
   0.454
  ],
  "overshoot": [
   1.0,
   2.0,
   1.0,
   0.0,
   3.0,
   0.0,
   2.0,
   1.0,
   3.0,
   2.0
  ],
  "peak_fleet": [
   14.0,
   14.0,
   14.0,
   13.0,
   12.0,
   14.0,
   13.0,
   14.0,
   13.0,
   14.0
  ],
  "N_fleet": [
   13,
   12,
   13,
   15,
   9,
   16,
   11,
   13,
   10,
   12
  ]
 }
}