{
 "exp": "H_hiro",
 "seed": 123,
 "sigma": 2.0,
 "demand_noise": 0.15,
 "best_ep": 49,
 "n_eps": 10,
 "wait_mean": 6.260700000000001,
 "wait_std": 1.7345169385163124,
 "cv_mean": 0.49185999999999996,
 "cv_std": 0.07947218632955809,
 "overshoot_mean": 2.5,
 "overshoot_std": 1.02469507659596,
 "peak_fleet_mean": 12.7,
 "peak_fleet_std": 1.268857754044952,
 "N_fleet_mean": 10.2,
 "N_fleet_std": 2.0880613017821097,
 "raw": {
  "wait": [
   4.824,
   5.036,
   8.031,
   6.373,
   4.576,
   5.503,
   4.461,
   9.227,
   5.583,
   8.993
  ],
  "cv": [
   0.4778,
   0.5384,
   0.4942,
   0.4217,
   0.5504,
   0.4035,
   0.3793,
   0.5215,
   0.4656,
   0.6662
  ],
  "overshoot": [
   3.0,
   3.0,
   1.0,
   3.0,
   3.0,
   0.0,
   3.0,
   3.0,
   3.0,
   3.0
  ],
  "peak_fleet": [
   13.0,
   13.0,
   15.0,
   12.0,
   14.0,
   14.0,
   12.0,
   11.0,
   12.0,
   11.0
  ],
  "N_fleet": [
   10,
   10,
   14,
   9,
   11,
   14,
   9,
   8,
   9,
   8
  ]
 }
}