{
 "exp": "H_hiro",
 "seed": 42,
 "sigma": 0.5,
 "demand_noise": 0.15,
 "best_ep": 49,
 "n_eps": 10,
 "wait_mean": 5.0065,
 "wait_std": 1.1153176453369684,
 "cv_mean": 0.31534,
 "cv_std": 0.048740274927415006,
 "overshoot_mean": 1.0,
 "overshoot_std": 1.1832159566199232,
 "peak_fleet_mean": 13.2,
 "peak_fleet_std": 0.39999999999999997,
 "N_fleet_mean": 12.8,
 "N_fleet_std": 1.7204650534085253,
 "raw": {
  "wait": [
   4.659,
   3.833,
   4.518,
   4.036,
   4.348,
   6.701,
   4.935,
   7.521,
   4.714,
   4.8
  ],
  "cv": [
   0.2545,
   0.3089,
   0.3403,
   0.4091,
   0.3208,
   0.3142,
   0.282,
   0.3296,
   0.3625,
   0.2315
  ],
  "overshoot": [
   0.0,
   2.0,
   0.0,
   1.0,
   0.0,
   3.0,
   0.0,
   0.0,
   1.0,
   3.0
  ],
  "peak_fleet": [
   13.0,
   13.0,
   13.0,
   13.0,
   13.0,
   13.0,
   14.0,
   13.0,
   13.0,
   14.0
  ],
  "N_fleet": [
   14,
   11,
   15,
   12,
   14,
   10,
   14,
   15,
   12,
   11
  ]
 }
}