{
 "exp": "H_hiro",
 "seed": 456,
 "sigma": 2.0,
 "demand_noise": 0.15,
 "best_ep": 99,
 "n_eps": 10,
 "wait_mean": 6.5461,
 "wait_std": 1.7814657139557861,
 "cv_mean": 0.5250900000000001,
 "cv_std": 0.09325192169601654,
 "overshoot_mean": 2.2,
 "overshoot_std": 1.1661903789690602,
 "peak_fleet_mean": 14.5,
 "peak_fleet_std": 1.118033988749895,
 "N_fleet_mean": 12.4,
 "N_fleet_std": 2.009975124224178,
 "raw": {
  "wait": [
   4.425,
   10.29,
   5.186,
   7.686,
   4.323,
   8.081,
   7.463,
   5.405,
   6.806,
   5.796
  ],
  "cv": [
   0.5883,
   0.6036,
   0.4674,
   0.4608,
   0.4459,
   0.3853,
   0.5542,
   0.7071,
   0.588,
   0.4503
  ],
  "overshoot": [
   2.0,
   3.0,
   2.0,
   0.0,
   3.0,
   0.0,
   3.0,
   3.0,
   3.0,
   3.0
  ],
  "peak_fleet": [
   15.0,
   15.0,
   15.0,
   15.0,
   12.0,
   15.0,
   14.0,
   16.0,
   13.0,
   15.0
  ],
  "N_fleet": [
   13,
   12,
   13,
   15,
   9,
   16,
   11,
   13,
   10,
   12
  ]
 }
}