{
 "exp": "H_hiro",
 "seed": 123,
 "sigma": 1.5,
 "demand_noise": 0.15,
 "best_ep": 49,
 "n_eps": 10,
 "wait_mean": 6.0066999999999995,
 "wait_std": 2.775776505772754,
 "cv_mean": 0.44806999999999997,
 "cv_std": 0.10927492896360079,
 "overshoot_mean": 2.4,
 "overshoot_std": 1.2,
 "peak_fleet_mean": 12.6,
 "peak_fleet_std": 1.1135528725660042,
 "N_fleet_mean": 10.2,
 "N_fleet_std": 2.0880613017821097,
 "raw": {
  "wait": [
   8.164,
   4.295,
   6.061,
   4.1,
   4.305,
   3.822,
   5.861,
   5.718,
   4.307,
   13.434
  ],
  "cv": [
   0.4276,
   0.458,
   0.5158,
   0.3381,
   0.3152,
   0.4335,
   0.3832,
   0.4946,
   0.3929,
   0.7218
  ],
  "overshoot": [
   3.0,
   3.0,
   0.0,
   3.0,
   3.0,
   0.0,
   3.0,
   3.0,
   3.0,
   3.0
  ],
  "peak_fleet": [
   13.0,
   13.0,
   14.0,
   12.0,
   14.0,
   14.0,
   12.0,
   11.0,
   12.0,
   11.0
  ],
  "N_fleet": [
   10,
   10,
   14,
   9,
   11,
   14,
   9,
   8,
   9,
   8
  ]
 }
}