{
 "exp": "H_hiro",
 "seed": 456,
 "sigma": 3.0,
 "demand_noise": 0.15,
 "best_ep": 99,
 "n_eps": 10,
 "wait_mean": 6.7667,
 "wait_std": 2.398697023385821,
 "cv_mean": 0.5792999999999999,
 "cv_std": 0.1043217714573521,
 "overshoot_mean": 2.6,
 "overshoot_std": 0.9165151389911681,
 "peak_fleet_mean": 15.0,
 "peak_fleet_std": 1.4832396974191326,
 "N_fleet_mean": 12.4,
 "N_fleet_std": 2.009975124224178,
 "raw": {
  "wait": [
   13.103,
   4.469,
   6.029,
   7.487,
   8.122,
   5.941,
   5.393,
   4.463,
   7.02,
   5.64
  ],
  "cv": [
   0.8174,
   0.627,
   0.6052,
   0.4699,
   0.5247,
   0.4578,
   0.5046,
   0.6888,
   0.5538,
   0.5438
  ],
  "overshoot": [
   3.0,
   3.0,
   3.0,
   2.0,
   3.0,
   0.0,
   3.0,
   3.0,
   3.0,
   3.0
  ],
  "peak_fleet": [
   16.0,
   15.0,
   16.0,
   17.0,
   12.0,
   16.0,
   14.0,
   16.0,
   13.0,
   15.0
  ],
  "N_fleet": [
   13,
   12,
   13,
   15,
   9,
   16,
   11,
   13,
   10,
   12
  ]
 }
}