{
 "exp": "H_hiro",
 "seed": 456,
 "sigma": 1.5,
 "demand_noise": 0.15,
 "best_ep": 99,
 "n_eps": 10,
 "wait_mean": 4.6509,
 "wait_std": 0.691381869880893,
 "cv_mean": 0.45086000000000004,
 "cv_std": 0.08274815043250211,
 "overshoot_mean": 1.9,
 "overshoot_std": 1.1357816691600549,
 "peak_fleet_mean": 14.0,
 "peak_fleet_std": 0.8944271909999159,
 "N_fleet_mean": 12.4,
 "N_fleet_std": 2.009975124224178,
 "raw": {
  "wait": [
   3.951,
   6.261,
   5.449,
   4.231,
   4.389,
   4.927,
   4.707,
   3.942,
   4.433,
   4.219
  ],
  "cv": [
   0.5063,
   0.5558,
   0.4397,
   0.5748,
   0.3863,
   0.3632,
   0.29,
   0.4635,
   0.4824,
   0.4466
  ],
  "overshoot": [
   1.0,
   2.0,
   2.0,
   0.0,
   3.0,
   0.0,
   3.0,
   2.0,
   3.0,
   3.0
  ],
  "peak_fleet": [
   14.0,
   14.0,
   15.0,
   14.0,
   12.0,
   14.0,
   14.0,
   15.0,
   13.0,
   15.0
  ],
  "N_fleet": [
   13,
   12,
   13,
   15,
   9,
   16,
   11,
   13,
   10,
   12
  ]
 }
}