{"avg_wait_min": [5.523], "peak_fleet": [16.0], "headway_cv": [0.5612], "lower_lambda": [0.9969978332519531], "lower_alpha": [0.1], "lower_q_mean": [9.105684280395508], "lower_q_std": [3.3012826442718506], "upper_delta_mean": [-18.02], "upper_q_mean": [-0.5671499967575073], "hold_fb_mean": [20.343058350100602], "hold_penalty_mean": [0.33912533600221934], "freq_holdfb_same_hold": [0.0], "freq_holdfb_same_wait": [0.0], "theta_wait": [0.5043677262935723], "theta_fleet": [0.3088551271122291], "surprise": [0.1694], "belief_window": [9.61], "upper_hf_power_ratio": [0.050957152897359685], "lower_lf_drift_ratio": [0.986391531668796], "demand_attr_score": [-0.3080648363692148], "demand_attr_mi_score": [-0.0050284536357685225], "shock_response_time_mean_s": [5.090909090909091], "shock_response_hit_rate": [1.0], "upper_plan_penalty_mean": [0.0], "freq_wait_lower_penalty_mean": [0.0], "freq_wait_lower_board_credit_mean": [0.0], "freq_wait_lower_net_mean": [0.0], "freq_wait_upper_credit_mean": [0.0], "freq_wait_low_share_mean": [0.0], "freq_wait_lower_high_share_mean": [0.0], "freq_middle": [0.01824220141974945], "freq_middle_energy": [0.01824220141974945], "upper_plan_target_mean": [341.97954258254464], "upper_plan_decisions": [88.0], "upper_plan_reuse_ratio": [0.6641221374045801], "terminal_launch_shift_mean": [0.022900763358778626], "freq_promotion_flag": [0.0], "freq_promotion_strength": [0.0], "freq_promotion_absorbed": [0.0]}