{
 "exp": "H_haar",
 "seed": 123,
 "ep": 249,
 "wait_mean": 5.732550000000001,
 "wait_std": 2.140828589004734,
 "cv_mean": 0.5105500000000001,
 "cv_std": 0.11317900202776132,
 "overshoot_mean": 1.9,
 "overshoot_std": 1.2206555615733703,
 "composite_mean": 1.601547673992674,
 "composite_std": 0.6045583797947,
 "n_eps": 20,
 "wall_s": 748.9
}