{
 "exp": "H_haar",
 "seed": 42,
 "ep": 199,
 "wait_mean": 8.73275,
 "wait_std": 6.00575604628593,
 "cv_mean": 0.537295,
 "cv_std": 0.1271406523304014,
 "overshoot_mean": 2.6,
 "overshoot_std": 0.8,
 "composite_mean": 2.092122197802198,
 "composite_std": 0.8634304030983609,
 "n_eps": 20,
 "wall_s": 653.8
}