{
 "exp": "H_haar",
 "seed": 42,
 "ep": 249,
 "wait_mean": 11.201150000000002,
 "wait_std": 8.981964658553272,
 "cv_mean": 0.5079899999999999,
 "cv_std": 0.06767962691977548,
 "overshoot_mean": 2.35,
 "overshoot_std": 0.9096702699330126,
 "composite_mean": 2.2372762454212456,
 "composite_std": 1.156084924071397,
 "n_eps": 20,
 "wall_s": 700.3
}