{
 "exp": "H_haar",
 "seed": 456,
 "ep": 49,
 "wait_mean": 7.539,
 "wait_std": 3.919627979796042,
 "cv_mean": 0.5726450000000001,
 "cv_std": 0.1565899405293967,
 "overshoot_mean": 2.25,
 "overshoot_std": 0.9937303457175896,
 "composite_mean": 1.9142876739926744,
 "composite_std": 0.7360210896078542,
 "n_eps": 20,
 "wall_s": 783.2
}