{
 "exp": "H_haar",
 "seed": 456,
 "ep": 299,
 "wait_mean": 6.16005,
 "wait_std": 2.0377852309554116,
 "cv_mean": 0.566175,
 "cv_std": 0.0942238498205205,
 "overshoot_mean": 2.35,
 "overshoot_std": 0.9096702699330126,
 "composite_mean": 1.7913512454212455,
 "composite_std": 0.5217731286638495,
 "n_eps": 20,
 "wall_s": 374.3
}