{
 "exp": "H_haar",
 "seed": 42,
 "ep": 299,
 "wait_mean": 5.8437,
 "wait_std": 2.1070787147138095,
 "cv_mean": 0.535795,
 "cv_std": 0.11646582535233244,
 "overshoot_mean": 1.85,
 "overshoot_std": 1.2757350822173072,
 "composite_mean": 1.6353985164835165,
 "composite_std": 0.5719843057573859,
 "n_eps": 20,
 "wall_s": 681.6
}