{
 "exp": "H_haar",
 "seed": 42,
 "ep": 99,
 "wait_mean": 7.150450000000001,
 "wait_std": 3.954139520489888,
 "cv_mean": 0.5240800000000001,
 "cv_std": 0.11974790436579673,
 "overshoot_mean": 2.35,
 "overshoot_std": 0.9630680142129111,
 "composite_mean": 1.8561533882783885,
 "composite_std": 0.665063406390233,
 "n_eps": 20,
 "wall_s": 615.4
}