{
 "exp": "H_haar",
 "seed": 456,
 "ep": 99,
 "wait_mean": 4.759749999999999,
 "wait_std": 0.8013242087320213,
 "cv_mean": 0.43598499999999996,
 "cv_std": 0.06024650425543378,
 "overshoot_mean": 1.7,
 "overshoot_std": 1.3820274961085255,
 "composite_mean": 1.4085121978021982,
 "composite_std": 0.5175526476045649,
 "n_eps": 20,
 "wall_s": 767.9
}