{
 "exp": "H_haar",
 "seed": 42,
 "ep": 49,
 "wait_mean": 6.01985,
 "wait_std": 1.694881301891079,
 "cv_mean": 0.5114599999999999,
 "cv_std": 0.1213052035157602,
 "overshoot_mean": 2.05,
 "overshoot_std": 1.16081867662439,
 "composite_mean": 1.665290238095238,
 "composite_std": 0.5157856680185583,
 "n_eps": 20,
 "wall_s": 607.9
}