{
 "exp": "H_haar",
 "seed": 123,
 "ep": 299,
 "wait_mean": 5.7471499999999995,
 "wait_std": 2.3597296089806563,
 "cv_mean": 0.581585,
 "cv_std": 0.10990404576265607,
 "overshoot_mean": 1.85,
 "overshoot_std": 1.2757350822173072,
 "composite_mean": 1.6715335164835168,
 "composite_std": 0.623922718503143,
 "n_eps": 20,
 "wall_s": 781.4
}