seed,scenario,total_return,sharpe,max_drawdown,turnover,promotion_count,leakage_penalty,UpperHFPower,LowerLFDrift
31415,persistent_shift,0.2367782012703208,16.308868500345206,0.011800060483724506,6.238237471636616,38,1.260118345116409,0.001174371311462149,1.2589439738049468
27182,persistent_shift,0.23286275400158196,15.223458814878786,0.011084755725984441,6.647196041073949,54,1.8681535671419385,0.0007587652004205811,1.8673948019415179
16180,persistent_shift,0.24411013020420191,14.977076790407942,0.01820956934784279,6.127371237402973,58,1.8639023125201204,0.0006216858166730246,1.8632806267034474
11235,persistent_shift,0.25154252931741494,15.996334927289938,0.015225277035148643,6.410837114959268,0,1.877612014755287,0.0006362297018866008,1.8769757850534003
4242,persistent_shift,0.27814536510338517,17.067204560142223,0.012534210260362277,6.6300644345079975,0,1.856644326136039,0.0006897042441680271,1.855954621891871
