{
 "exp": "H_hiro_no_demand_noise",
 "seed": 42,
 "ep": 149,
 "wait_mean": 6.94205,
 "wait_std": 5.1328404950378115,
 "cv_mean": 0.49882499999999996,
 "cv_std": 0.0999091831364865,
 "overshoot_mean": 2.55,
 "overshoot_std": 0.8645808232895291,
 "composite_mean": 1.8657726739926737,
 "composite_std": 0.7603691918366375,
 "n_eps": 20,
 "wall_s": 1336.0
}