{
 "exp": "H_hiro_no_demand_noise",
 "seed": 42,
 "ep": 249,
 "wait_mean": 5.4492,
 "wait_std": 3.9996923331676406,
 "cv_mean": 0.56243,
 "cv_std": 0.10542739255051317,
 "overshoot_mean": 2.0,
 "overshoot_std": 1.224744871391589,
 "composite_mean": 1.6558619047619048,
 "composite_std": 0.7175835638072995,
 "n_eps": 20,
 "wall_s": 1469.1
}