{
 "exp": "H_hiro_no_demand_noise",
 "seed": 456,
 "ep": 99,
 "wait_mean": 5.151650000000001,
 "wait_std": 0.9518334032276866,
 "cv_mean": 0.48947,
 "cv_std": 0.10391755433996704,
 "overshoot_mean": 3.0,
 "overshoot_std": 0.0,
 "composite_mean": 1.7921693406593406,
 "composite_std": 0.2914764127371056,
 "n_eps": 20,
 "wall_s": 1482.3
}