{
 "exp": "H_hiro_no_demand_noise",
 "seed": 42,
 "ep": 299,
 "wait_mean": 4.362550000000001,
 "wait_std": 1.1191545235131741,
 "cv_mean": 0.554625,
 "cv_std": 0.10189795814931721,
 "overshoot_mean": 1.95,
 "overshoot_std": 1.2439855304624727,
 "composite_mean": 1.528677619047619,
 "composite_std": 0.5552296953948125,
 "n_eps": 20,
 "wall_s": 1455.0
}