{
 "exp": "H_hiro_no_demand_noise",
 "seed": 123,
 "ep": 149,
 "wait_mean": 4.524150000000001,
 "wait_std": 2.1352768269009057,
 "cv_mean": 0.54268,
 "cv_std": 0.11542339710821199,
 "overshoot_mean": 1.75,
 "overshoot_std": 1.3738631664034087,
 "composite_mean": 1.502947564102564,
 "composite_std": 0.6434514922080529,
 "n_eps": 20,
 "wall_s": 1451.2
}