{
 "exp": "H_hiro_no_demand_noise",
 "seed": 456,
 "ep": 199,
 "wait_mean": 5.59905,
 "wait_std": 3.10555044195067,
 "cv_mean": 0.55072,
 "cv_std": 0.10353488107879391,
 "overshoot_mean": 2.35,
 "overshoot_std": 0.852936105461599,
 "composite_mean": 1.7129212454212452,
 "composite_std": 0.6431165666873128,
 "n_eps": 20,
 "wall_s": 1178.6
}