{
 "exp": "H_hiro_no_demand_noise",
 "seed": 123,
 "ep": 99,
 "wait_mean": 3.9290000000000007,
 "wait_std": 0.2598434143864339,
 "cv_mean": 0.44573,
 "cv_std": 0.0557316705294216,
 "overshoot_mean": 1.55,
 "overshoot_std": 1.3955285736952865,
 "composite_mean": 1.2992389743589743,
 "composite_std": 0.512924404324212,
 "n_eps": 20,
 "wall_s": 1437.0
}