{
 "exp": "H_hiro_no_demand_noise",
 "seed": 456,
 "ep": 49,
 "wait_mean": 5.76455,
 "wait_std": 1.4582740646051413,
 "cv_mean": 0.524185,
 "cv_std": 0.13247849740618287,
 "overshoot_mean": 2.95,
 "overshoot_std": 0.21794494717703367,
 "composite_mean": 1.8715076739926744,
 "composite_std": 0.38623065030622333,
 "n_eps": 20,
 "wall_s": 1569.8
}