{
 "exp": "H_hiro_no_demand_noise",
 "seed": 123,
 "ep": 49,
 "wait_mean": 3.9059,
 "wait_std": 0.24155411402002647,
 "cv_mean": 0.44339500000000004,
 "cv_std": 0.04616792690819027,
 "overshoot_mean": 1.65,
 "overshoot_std": 1.3518505834595773,
 "composite_mean": 1.3097038644688646,
 "composite_std": 0.47304386084891503,
 "n_eps": 20,
 "wall_s": 1427.0
}