ep,stage,wall_env_s,wall_train_s,avg_wait_min,peak_fleet,headway_cv,ep_reward,ep_cost,ep_steps,n_dispatches,lower_action_mean,lower_action_std,lower_action_min,lower_action_max,lower_reward_mean,lower_reward_std,lower_q_mean,lower_q_std,lower_q_loss,lower_q_mse,lower_ood_loss,lower_cost_q_mean,lower_cost_q_loss,lower_policy_loss,lower_pi_grad_norm,lower_q_grad_norm,lower_alpha,lower_lambda,lower_replay_size,upper_delta_mean,upper_delta_std,upper_delta_min,upper_delta_max,upper_reward_mean,upper_reward_std,upper_q_mean,upper_q_std,upper_q_loss,upper_q_mse,upper_ood_loss,upper_policy_loss,upper_pi_grad_norm,upper_q_grad_norm,upper_alpha,upper_replay_size,hold_fb_mean,hold_fb_std,hold_fb_n_trips,hold_fb_dir0_mean,hold_fb_dir1_mean,hold_penalty_mean,theta_wait,theta_fleet,theta_cv,avg_holding_sec,total_holding_sec,avg_onboard_time_min,avg_total_passenger_time_min,n_arrived_passengers,planned_dispatch_headway_mean,planned_dispatch_headway_std,planned_dispatch_headway_cv,actual_dispatch_headway_mean,actual_dispatch_headway_std,actual_dispatch_headway_cv,planned_shift_mean,planned_shift_std,dispatch_lateness_mean,dispatch_lateness_max,surprise,belief_window,belief_cp_prob,belief_entropy,w_wait,w_fleet,w_cv,N_fleet,fleet_overshoot
0,Warmup,11.8,0.7,7.071,16,0.4671,-3464.316,1576.465,4970,0,6.16,39.4,-60.0,59.99,-0.697,0.3691,1.446485996246338,2.8790359497070312,79.61802673339844,68.46743774414062,2.841660976409912,1.274831771850586,23.244342803955078,5.687572956085205,21.93913459777832,385.5883483886719,0.1,0.9969645738601685,4970,0.0,0.0,0.0,0.0,0.0,0.0,0.0,0.0,0.0,0.0,0.0,0.0,0.0,0.0,0.0,0,6.163849470021215,39.397093664548464,262,3.441670174416351,7.052495745190403,0.5960997375029898,0.5116719071283109,0.3048293291701639,0.18349876370152526,5.195,1766.458,13.291,20.362,20458,360.0,0.0,0.0,360.0,0.0,0.0,0.0,0.0,0.0,0.0,0.1942,9.65,0.0526,2.995,0.5,0.3,0.2,16,0
1,Warmup,13.2,0.6,6.182,17,0.6321,-3033.702,1156.967,4970,0,45.23,18.61,-60.0,60.0,-0.6104,0.317,0.8789777159690857,1.518989086151123,53.77421569824219,42.99359893798828,1.5643988847732544,1.573786735534668,10.048911094665527,3.810293674468994,18.361753463745117,247.841064453125,0.1,0.9937295317649841,9940,0.0,0.0,0.0,0.0,0.0,0.0,0.0,0.0,0.0,0.0,0.0,0.0,0.0,0.0,0.0,0,45.2272168511611,18.60701607144221,262,42.14428068854307,46.04384490580935,0.7803911461230785,0.5124809239898838,0.31307828323182685,0.1744407927782895,45.268,17201.919,16.296,22.479,20065,360.0,0.0,0.0,360.0,38.303,0.1064,0.0,0.0,6.523,266.0,0.2925,9.99,0.0528,2.989,0.512,0.305,0.183,14,3
2,Warmup,12.2,0.7,5.338,14,0.6524,-5231.863,3490.761,4970,0,10.49,49.21,-60.0,60.0,-1.0527,0.3351,5.080165863037109,1.302451491355896,56.44565963745117,45.86933517456055,1.290293574333191,2.8611176013946533,18.568157196044922,0.4929434061050415,13.218389511108398,230.578369140625,0.1,0.9918156862258911,14910,0.0,0.0,0.0,0.0,0.0,0.0,0.0,0.0,0.0,0.0,0.0,0.0,0.0,0.0,0.0,0,10.491876790003188,49.20685644133455,262,13.581616805729112,16.454538899660108,0.7920898012885095,0.5182448893461793,0.31075237131136174,0.171002739342459,8.648,2940.205,14.686,20.023,19658,360.0,0.0,0.0,360.0,117.732,0.327,0.0,0.0,81.538,560.0,0.4765,10.8,0.0532,2.956,0.512,0.313,0.174,11,3
3,Warmup,12.7,0.8,4.364,17,0.3153,-5518.277,3856.209,4969,0,6.75,51.37,-59.99,60.0,-1.1105,0.3054,7.100599765777588,1.1255284547805786,73.50907897949219,63.08696365356445,1.1691545248031616,3.46978759765625,21.025182723999023,-1.2663981914520264,3.04819917678833,219.5560760498047,0.1,0.9914506077766418,19879,0.0,0.0,0.0,0.0,0.0,0.0,0.0,0.0,0.0,0.0,0.0,0.0,0.0,0.0,0.0,0,6.7493902112104855,51.36645909550513,262,8.163037377595902,16.71400158185708,0.8222527609433626,0.5157236599910436,0.31845306403840323,0.16582327597055316,14.173,5102.185,14.484,18.848,18611,360.0,0.0,0.0,360.0,0.0,0.0,0.0,0.0,0.0,0.0,0.5982,11.77,0.054,2.879,0.518,0.311,0.171,15,2
4,Warmup,12.0,0.8,5.365,17,0.4204,-5547.558,3839.565,4970,0,2.68,51.54,-60.0,60.0,-1.1162,0.3014,8.942778587341309,1.1062989234924316,83.67701721191406,73.38191223144531,1.1266146898269653,4.313103675842285,29.51175308227539,-2.3366293907165527,6.650798797607422,225.15760803222656,0.1,0.9923673272132874,24849,0.0,0.0,0.0,0.0,0.0,0.0,0.0,0.0,0.0,0.0,0.0,0.0,0.0,0.0,0.0,0,2.6760118795922345,51.53995510423247,262,14.225257685309964,10.517187797121311,0.8239474324111985,0.5150655962907408,0.3236710265231879,0.16126337718607128,10.846,3904.687,14.3,19.665,20386,360.0,0.0,0.0,360.0,0.0,0.0,0.0,0.0,0.0,0.0,0.663,12.66,0.0549,2.775,0.516,0.318,0.166,15,2
5,Warmup,12.6,0.8,5.086,15,0.6598,-5604.97,4050.599,4970,0,-4.14,51.15,-60.0,60.0,-1.1278,0.2946,10.389435768127441,1.0812894105911255,55.99005126953125,45.813331604003906,1.07453453540802,4.964043140411377,18.0816650390625,-3.1536498069763184,4.869220733642578,233.8030548095703,0.1,0.9944280385971069,29819,0.0,0.0,0.0,0.0,0.0,0.0,0.0,0.0,0.0,0.0,0.0,0.0,0.0,0.0,0.0,0,-4.141090206469089,51.14900036632372,262,9.261512536124178,18.465598111403615,0.8213297221829082,0.5167887524950934,0.3241725459768481,0.15903870152805852,10.745,3653.277,13.852,18.938,20185,360.0,0.0,0.0,360.0,18.993,0.0528,0.0,0.0,2.061,130.0,0.6927,13.38,0.0559,2.664,0.515,0.324,0.161,12,3
6,Warmup,12.3,0.8,4.996,17,0.6131,-5652.56,4057.95,4971,0,-1.05,52.13,-59.98,59.99,-1.1371,0.2878,12.80516242980957,1.0692445039749146,87.73365783691406,77.64435577392578,1.094112753868103,5.636970520019531,32.53651428222656,-4.934885501861572,10.813036918640137,393.8712158203125,0.1,0.9973254203796387,34790,0.0,0.0,0.0,0.0,0.0,0.0,0.0,0.0,0.0,0.0,0.0,0.0,0.0,0.0,0.0,0,-1.052255813159038,52.12662892206705,262,3.4312227518934955,10.09201128608302,0.8410656351007815,0.5154914578395021,0.32833405860357817,0.15617448355691982,9.83,3342.296,14.352,19.349,20099,360.0,0.0,0.0,360.0,0.0,0.0,0.0,0.0,0.0,0.0,0.699,13.96,0.057,2.556,0.517,0.324,0.159,16,1
7,Warmup,12.7,0.8,6.161,17,0.586,-5587.835,3858.886,4971,0,4.62,50.64,-59.95,59.99,-1.1241,0.2933,15.480955123901367,0.9918035268783569,69.0755386352539,59.07182693481445,1.0941343307495117,7.679460525512695,24.507028579711914,-5.709229469299316,5.365996837615967,463.3442077636719,0.1,1.000612735748291,39761,0.0,0.0,0.0,0.0,0.0,0.0,0.0,0.0,0.0,0.0,0.0,0.0,0.0,0.0,0.0,0,4.6216068568168645,50.635368876624554,262,-1.4692659578825313,19.703704215350903,0.8197338494088525,0.5157467082905588,0.3311042562291318,0.15314903548030934,14.422,5192.049,14.542,20.702,21401,360.0,0.0,0.0,360.0,0.0,0.0,0.0,0.0,0.0,0.0,0.6839,14.42,0.0582,2.456,0.515,0.328,0.156,15,2
8,Warmup,14.7,0.7,17.927,11,0.2826,-5707.069,4090.343,4971,0,-3.74,51.51,-59.99,60.0,-1.1481,0.2608,14.645231246948242,1.030935525894165,72.47880554199219,62.562828063964844,1.032047152519226,6.623068809509277,22.64529800415039,-5.794676780700684,9.965044021606445,205.27102661132812,0.1,1.0042387247085571,44732,0.0,0.0,0.0,0.0,0.0,0.0,0.0,0.0,0.0,0.0,0.0,0.0,0.0,0.0,0.0,0,-3.7413303911748894,51.50638693158767,262,4.264047618916161,26.32571968110768,0.8352896057339689,0.5344685022886035,0.31787958528252597,0.1476519124288705,11.66,3264.674,14.066,31.993,23129,360.0,0.0,0.0,424.281,231.653,0.546,0.0,0.0,3770.824,8765.0,0.6677,14.78,0.0596,2.36,0.516,0.331,0.153,8,3
9,Warmup,12.0,0.8,5.121,15,0.6019,-5652.893,4045.719,4969,0,-0.25,51.28,-59.87,59.98,-1.1376,0.2862,14.156814575195312,1.1399080753326416,100.0770263671875,90.24678802490234,0.9900742769241333,6.355731010437012,38.23486328125,-5.376045227050781,7.2895307540893555,374.3564147949219,0.1,1.0079764127731323,49701,0.0,0.0,0.0,0.0,0.0,0.0,0.0,0.0,0.0,0.0,0.0,0.0,0.0,0.0,0.0,0,-0.24511927151465876,51.279268110509356,262,0.5235941190468637,10.186157605522556,0.8234836611258878,0.5354064917535625,0.3183437129495078,0.1462497952969297,1.871,636.174,14.251,19.372,20205,360.0,0.0,0.0,360.0,20.525,0.057,0.0,0.0,2.019,186.0,0.6401,15.07,0.0611,2.271,0.534,0.318,0.148,12,3
10,Warmup,12.3,0.9,5.821,15,0.3259,-5479.198,3799.14,4971,0,2.63,50.32,-59.98,59.95,-1.1022,0.3144,16.323795318603516,1.034360647201538,96.24201202392578,86.47283935546875,1.0299673080444336,7.149753093719482,37.28962326049805,-6.922320365905762,10.518092155456543,323.7093505859375,0.1,1.0118253231048584,54672,0.0,0.0,0.0,0.0,0.0,0.0,0.0,0.0,0.0,0.0,0.0,0.0,0.0,0.0,0.0,0,2.6328983903275938,50.324560988654426,262,23.51766283292519,13.094899008148596,0.8090379475892734,0.5371747283324239,0.3185125617028767,0.14431270996469944,16.219,5514.323,14.191,20.011,21011,360.0,0.0,0.0,360.0,42.951,0.1193,0.0,0.0,4.679,333.0,0.5969,15.25,0.0627,2.193,0.536,0.318,0.147,12,3
11,Warmup,12.4,0.8,7.129,17,0.6555,-5498.657,3806.831,4971,0,-0.3,50.75,-60.0,59.94,-1.1061,0.3064,16.650272369384766,1.0285537242889404,106.27193450927734,96.55814361572266,1.111518144607544,8.006387710571289,36.797080993652344,-6.368852615356445,9.016499519348145,376.228515625,0.1,1.0157526731491089,59643,0.0,0.0,0.0,0.0,0.0,0.0,0.0,0.0,0.0,0.0,0.0,0.0,0.0,0.0,0.0,0,-0.29780800942593094,50.750335220824994,262,13.648400152357002,3.0556181330429877,0.8128300478564514,0.5376474322607541,0.3201899038008843,0.1421626639383617,5.399,1835.799,14.094,21.223,21300,360.0,0.0,0.0,360.0,0.0,0.0,0.0,0.0,0.0,0.0,0.559,15.34,0.0646,2.125,0.539,0.316,0.145,15,2
12,Warmup,13.9,0.9,27.452,11,0.8668,-5712.148,4179.731,4971,0,-0.56,50.39,-60.0,60.0,-1.1491,0.2579,16.542266845703125,0.923843264579773,76.04373168945312,66.4085922241211,0.8912106156349182,7.930161476135254,28.839014053344727,-6.475560188293457,12.093572616577148,183.48704528808594,0.1,1.019739031791687,64614,0.0,0.0,0.0,0.0,0.0,0.0,0.0,0.0,0.0,0.0,0.0,0.0,0.0,0.0,0.0,0,-0.5599854409629473,50.3939167553178,262,21.986840334995403,13.31303354940916,0.8009550850290218,0.558363509015222,0.3048263754703676,0.13681011551441036,16.753,4355.846,14.266,41.717,23935,360.0,0.0,0.0,432.992,214.564,0.4955,0.0,0.0,4439.347,9649.0,0.5405,15.37,0.0668,2.063,0.54,0.317,0.143,8,3
13,Warmup,12.8,0.8,5.432,17,0.5456,-5487.079,3800.901,4971,0,-3.89,51.16,-59.97,59.99,-1.1038,0.3041,14.87187385559082,1.017490267753601,49.048011779785156,39.46068572998047,0.9859647154808044,7.274659633636475,17.86398696899414,-5.271304607391357,5.182170391082764,298.9557800292969,0.1,1.0237467288970947,69585,0.0,0.0,0.0,0.0,0.0,0.0,0.0,0.0,0.0,0.0,0.0,0.0,0.0,0.0,0.0,0,-3.893054802768836,51.158404637517165,262,17.065178444511012,14.136859868702132,0.8261039478126283,0.5571732911508066,0.30764836837040654,0.13517834047878685,10.383,3737.811,14.074,19.506,20169,360.0,0.0,0.0,360.0,0.0,0.0,0.0,0.0,0.0,0.0,0.5,15.23,0.0693,2.023,0.56,0.301,0.138,15,2
14,Warmup,12.6,0.8,5.143,17,0.6016,-5417.514,3690.965,4970,0,4.76,49.65,-59.92,59.99,-1.09,0.3182,15.969919204711914,0.8895859122276306,66.65039825439453,57.1281623840332,0.898923933506012,7.312196731567383,25.283863067626953,-6.584995269775391,12.321507453918457,233.54563903808594,0.1,1.0276243686676025,74555,0.0,0.0,0.0,0.0,0.0,0.0,0.0,0.0,0.0,0.0,0.0,0.0,0.0,0.0,0.0,0,4.761929271373545,49.648198750903155,262,14.397137936792877,10.788269734382629,0.7982494845086483,0.5557810369823533,0.31044469055326857,0.13377427246437812,12.768,4596.389,14.395,19.538,20096,360.0,0.0,0.0,360.0,0.0,0.0,0.0,0.0,0.0,0.0,0.4587,14.85,0.0721,2.019,0.558,0.306,0.136,16,1
15,Warmup,12.6,0.8,5.872,17,0.4072,-5469.931,3734.452,4969,0,4.22,49.5,-59.95,59.99,-1.1008,0.3062,15.891570091247559,0.8729779124259949,52.44140625,42.97663497924805,0.9027502536773682,7.370708465576172,16.524993896484375,-6.43770694732666,4.2842864990234375,211.09561157226562,0.1,1.0314865112304688,79524,0.0,0.0,0.0,0.0,0.0,0.0,0.0,0.0,0.0,0.0,0.0,0.0,0.0,0.0,0.0,0,4.222865588577683,49.50294079234769,262,9.90008870237752,11.06543391692011,0.7955658635597138,0.5551477181880868,0.3128374459057526,0.13201483590616067,5.749,2069.534,14.286,20.158,21127,360.0,0.0,0.0,360.0,0.0,0.0,0.0,0.0,0.0,0.0,0.4285,14.14,0.075,2.066,0.556,0.31,0.134,15,2
16,Warmup,12.7,0.8,4.842,16,0.5712,-5458.609,3808.963,4970,0,-1.4,49.99,-59.99,59.98,-1.0983,0.3128,18.292428970336914,0.9889938235282898,68.977294921875,59.54804229736328,1.0030159950256348,9.401976585388184,22.960371017456055,-6.45893669128418,5.962400913238525,280.7729187011719,0.1,1.035399317741394,84494,0.0,0.0,0.0,0.0,0.0,0.0,0.0,0.0,0.0,0.0,0.0,0.0,0.0,0.0,0.0,0,-1.404509534981379,49.99295154431022,262,-0.8098501299556936,9.86909075065663,0.7941431297501247,0.5545508255727516,0.3144785467058974,0.13097062772135085,1.063,361.533,14.076,18.917,19529,360.0,0.0,0.0,360.0,0.0,0.0,0.0,0.0,0.0,0.0,0.4,12.95,0.0775,2.19,0.555,0.313,0.132,16,0
17,Warmup,13.0,0.8,7.185,12,0.372,-5808.081,4263.868,4971,0,-5.13,49.53,-59.98,59.98,-1.1684,0.2414,16.738622665405273,0.9154654145240784,36.065673828125,26.681842803955078,0.9368590116500854,7.986414909362793,9.68033218383789,-6.504710674285889,9.125990867614746,267.9088439941406,0.1,1.0394107103347778,89465,0.0,0.0,0.0,0.0,0.0,0.0,0.0,0.0,0.0,0.0,0.0,0.0,0.0,0.0,0.0,0,-5.131362161921157,49.53314647614173,262,4.977890480819501,10.340169723724063,0.7890812292197067,0.5590914538327856,0.31087469072281654,0.13003385544439788,-2.584,-723.626,13.681,20.866,21537,360.0,0.0,0.0,386.177,166.39,0.4309,0.0,0.0,1472.496,3650.0,0.4088,11.34,0.0784,2.391,0.555,0.314,0.131,9,3
18,Warmup,12.6,0.8,5.218,16,0.5015,-5459.425,3767.966,4970,0,2.34,49.52,-59.93,59.96,-1.0985,0.3093,16.161882400512695,0.9635436534881592,68.76821899414062,59.4258918762207,0.9225466847419739,8.528444290161133,26.785396575927734,-5.233668327331543,5.530030727386475,310.1131896972656,0.1,1.0433251857757568,94435,0.0,0.0,0.0,0.0,0.0,0.0,0.0,0.0,0.0,0.0,0.0,0.0,0.0,0.0,0.0,0,2.3351954651385607,49.51515829383765,262,17.726261454506925,-1.4122570800153837,0.7890572640767503,0.5587727522694829,0.31231878033724386,0.12890846739327325,5.04,1713.44,14.214,19.432,20612,360.0,0.0,0.0,360.0,0.0,0.0,0.0,0.0,0.0,0.0,0.3715,9.23,0.0743,2.639,0.559,0.311,0.13,13,3
19,Warmup,12.4,0.8,6.162,16,0.2957,-5435.365,3808.086,4970,0,2.7,49.85,-59.95,59.98,-1.0936,0.3128,18.357154846191406,0.8458121418952942,58.473670959472656,49.1745491027832,0.8497466444969177,9.689580917358398,22.030242919921875,-6.377868175506592,6.9323954582214355,211.23219299316406,0.1,1.0472933053970337,99405,0.0,0.0,0.0,0.0,0.0,0.0,0.0,0.0,0.0,0.0,0.0,0.0,0.0,0.0,0.0,0,2.7013208899958063,49.852168080988044,262,13.569426948145818,15.42110548278219,0.7935079617957724,0.5592311249471319,0.313374018886001,0.1273948561668671,6.68,2271.073,14.255,20.418,21389,360.0,0.0,0.0,360.0,1.228,0.0034,0.0,0.0,0.053,14.0,0.3381,7.73,0.0643,2.775,0.559,0.312,0.129,13,3
20,Warmup,13.6,0.8,11.285,12,0.5877,-5769.158,4196.169,4970,0,-2.47,50.02,-59.81,59.98,-1.1608,0.2458,18.58131217956543,0.8481556177139282,45.65591049194336,36.395606994628906,0.8242130279541016,9.595113754272461,16.19499969482422,-6.709924221038818,9.309465408325195,256.4737854003906,0.1,1.0512588024139404,104375,0.0,0.0,0.0,0.0,0.0,0.0,0.0,0.0,0.0,0.0,0.0,0.0,0.0,0.0,0.0,0,-2.470637818794675,50.02071765580656,262,3.2260078141563815,20.821053937234378,0.7980230881173759,0.565746606521674,0.30815572894491966,0.12609766453340626,9.146,2743.697,13.99,25.275,21445,360.0,0.0,0.0,392.365,197.922,0.5044,0.0,0.0,1924.008,4470.0,0.3486,7.31,0.0569,2.808,0.559,0.313,0.127,9,3
21,Warmup,14.5,0.9,28.388,11,0.4415,-5718.325,4120.569,4971,0,0.16,48.89,-59.99,60.0,-1.1503,0.2583,18.764238357543945,0.8519251942634583,49.31217575073242,40.08538055419922,0.8854196667671204,10.446784019470215,16.470569610595703,-5.9397196769714355,5.894406795501709,250.9428253173828,0.1,1.0551795959472656,109346,0.0,0.0,0.0,0.0,0.0,0.0,0.0,0.0,0.0,0.0,0.0,0.0,0.0,0.0,0.0,0,0.15644221375182082,48.89296883969464,262,4.3893462414019995,15.030686704736004,0.772561789729904,0.5819947626161173,0.29620415996256494,0.12180107742131789,7.112,1991.251,14.127,42.515,24043,360.0,0.0,0.0,429.765,198.387,0.4616,0.0,0.0,4152.313,9292.0,0.3434,7.75,0.0524,2.81,0.566,0.308,0.126,8,3
22,Warmup,12.5,0.7,8.076,16,0.5271,-5308.834,3616.063,4970,0,0.52,49.0,-59.96,59.98,-1.0682,0.3282,19.449155807495117,0.8340505957603455,59.41136932373047,50.21162033081055,0.9296759963035583,10.336947441101074,22.3529052734375,-6.717527389526367,12.760222434997559,237.7426300048828,0.1,1.0591083765029907,114316,0.0,0.0,0.0,0.0,0.0,0.0,0.0,0.0,0.0,0.0,0.0,0.0,0.0,0.0,0.0,0,0.5177670473768797,48.9961507017536,262,7.49473103724028,1.9167665472156146,0.7737642780964548,0.5830036373097254,0.2965675275642032,0.1204288351260715,4.7,1597.89,14.049,22.125,21466,360.0,0.0,0.0,360.0,9.43,0.0262,0.0,0.0,0.519,102.0,0.2826,8.34,0.051,2.821,0.582,0.296,0.122,13,3
23,Warmup,12.4,0.9,5.438,13,0.5656,-5612.984,3995.849,4970,0,0.91,49.05,-59.82,60.0,-1.1294,0.2879,20.933420181274414,0.8109613656997681,50.63771057128906,41.4691047668457,0.9297361969947815,11.452644348144531,19.40380096435547,-7.0308966636657715,8.529401779174805,281.1553039550781,0.1,1.0630614757537842,119286,0.0,0.0,0.0,0.0,0.0,0.0,0.0,0.0,0.0,0.0,0.0,0.0,0.0,0.0,0.0,0,0.9117940123622087,49.04829641081124,262,29.48959797934482,-0.4462259866689372,0.7727586178394306,0.5848257542842923,0.2951191011911231,0.12005514452458466,9.682,2904.706,14.015,19.453,19645,360.0,0.0,0.0,367.315,148.073,0.4031,0.0,0.0,242.63,1024.0,0.2783,8.98,0.0507,2.838,0.583,0.297,0.12,10,3
24,Warmup,14.2,1.0,24.708,11,0.4716,-5736.264,4210.149,4970,0,-1.39,49.42,-59.9,60.0,-1.1542,0.259,20.377601623535156,0.9109681844711304,72.57553100585938,63.441139221191406,0.8910712003707886,10.41826057434082,25.592805862426758,-7.333625793457031,6.395983695983887,443.0426330566406,0.1,1.067033290863037,124256,0.0,0.0,0.0,0.0,0.0,0.0,0.0,0.0,0.0,0.0,0.0,0.0,0.0,0.0,0.0,0,-1.3877533729272469,49.42048776780414,262,10.77125254618494,5.4957204937934865,0.7825279328058222,0.5976906167062097,0.2855423359514433,0.11676704734234684,3.788,984.795,14.183,38.891,22765,360.0,0.0,0.0,428.262,207.297,0.484,0.0,0.0,4247.156,8975.0,0.2882,9.64,0.0506,2.852,0.585,0.295,0.12,8,3
25,Warmup,12.2,0.6,7.323,14,0.3272,-5443.373,3834.506,4971,0,0.42,48.12,-59.89,60.0,-1.095,0.3079,20.02308464050293,0.8947383761405945,77.67681121826172,68.5761947631836,0.8451786041259766,11.838907241821289,27.32267189025879,-5.453423500061035,6.634968280792236,309.45977783203125,0.1,1.0710135698318481,129227,0.0,0.0,0.0,0.0,0.0,0.0,0.0,0.0,0.0,0.0,0.0,0.0,0.0,0.0,0.0,0,0.4217250117624796,48.12111130925995,262,6.731114063764873,5.881564908278618,0.7567602407411546,0.5997163409625047,0.28455812054248586,0.11572553849500955,7.266,2325.245,13.875,21.198,20926,360.0,0.0,0.0,360.258,77.257,0.2145,0.0,0.0,40.813,429.0,0.2468,10.21,0.0507,2.866,0.598,0.286,0.117,11,3
26,Warmup,14.1,0.7,23.973,11,0.7214,-5621.992,4092.435,4970,0,-1.41,48.61,-59.92,60.0,-1.1312,0.2747,20.0516300201416,0.8167003989219666,54.593360900878906,45.521949768066406,0.8160462975502014,11.260469436645508,18.634496688842773,-6.214502811431885,4.237738609313965,171.01400756835938,0.1,1.0750198364257812,134197,0.0,0.0,0.0,0.0,0.0,0.0,0.0,0.0,0.0,0.0,0.0,0.0,0.0,0.0,0.0,0,-1.4111057823317752,48.61405685806247,262,-4.799540584965755,17.348000282990302,0.7635932755351255,0.6112302921420392,0.2757285273263295,0.11304118053163124,8.997,2519.222,14.066,38.039,23308,360.0,0.0,0.0,426.815,210.256,0.4926,0.0,0.0,3846.611,8767.0,0.2432,10.72,0.0509,2.872,0.6,0.285,0.116,8,3
27,Warmup,12.7,0.8,14.863,12,0.6462,-5588.507,3971.245,4970,0,-6.73,48.33,-59.9,59.96,-1.1244,0.2743,20.23123550415039,0.9499543905258179,99.01814270019531,89.97113800048828,0.9014295935630798,11.118284225463867,36.31786346435547,-6.21237850189209,7.462560176849365,353.5435791015625,0.1,1.078951358795166,139167,0.0,0.0,0.0,0.0,0.0,0.0,0.0,0.0,0.0,0.0,0.0,0.0,0.0,0.0,0.0,0,-6.733325654128848,48.32821588413762,262,6.2871345432181105,2.1245221476805844,0.7676748347311431,0.6180132542371999,0.2703404031302737,0.11164634263252642,2.482,744.614,13.769,28.632,22366,360.0,0.0,0.0,386.742,194.305,0.5024,0.0,0.0,1590.576,3685.0,0.2315,11.16,0.0512,2.873,0.611,0.276,0.113,9,3
28,Warmup,12.9,0.7,5.222,16,0.352,-5358.922,3628.726,4970,0,4.15,49.77,-59.92,59.95,-1.0783,0.3181,19.851947784423828,0.9085917472839355,33.5534782409668,24.535480499267578,0.8831460475921631,11.685835838317871,11.002924919128418,-5.265928268432617,10.430917739868164,241.15838623046875,0.1,1.082861065864563,144137,0.0,0.0,0.0,0.0,0.0,0.0,0.0,0.0,0.0,0.0,0.0,0.0,0.0,0.0,0.0,0,4.1515739211584,49.77403092615588,262,-2.0986042198381925,15.297274795331452,0.7946068178895901,0.6171416789222652,0.2721112887281147,0.11074703234962002,12.263,4414.819,14.322,19.545,20270,360.0,0.0,0.0,360.0,0.0,0.0,0.0,0.0,0.0,0.0,0.211,11.46,0.0518,2.868,0.618,0.27,0.112,13,3
29,Warmup,12.8,0.8,6.517,16,0.5493,-5223.926,3554.414,4970,0,-1.1,49.04,-59.88,59.97,-1.0511,0.3383,21.288681030273438,0.8798424601554871,83.4095458984375,74.40785217285156,0.9498226642608643,12.801422119140625,31.626787185668945,-5.505495071411133,5.170523166656494,225.71664428710938,0.1,1.0868180990219116,149107,0.0,0.0,0.0,0.0,0.0,0.0,0.0,0.0,0.0,0.0,0.0,0.0,0.0,0.0,0.0,0,-1.095926071028834,49.04138007557564,262,5.837573382611337,13.500911984475035,0.7735848720679744,0.6167568377711917,0.2733284518664931,0.10991471036231507,2.637,896.537,13.912,20.429,21094,360.0,0.0,0.0,360.0,0.0,0.0,0.0,0.0,0.0,0.0,0.1608,11.55,0.0526,2.862,0.617,0.272,0.111,14,2
30,BiLevel,12.6,0.8,4.175,16,0.5137,-5354.038,3707.97,4970,262,0.82,49.66,-59.86,59.99,-1.0773,0.3147,19.234403610229492,0.7865651845932007,41.07134246826172,32.10352325439453,0.8422548770904541,11.649105072021484,11.245794296264648,-4.858551979064941,6.384004592895508,197.30393981933594,0.1,1.090712308883667,154077,1.08,49.34,-101.99,109.04,-0.9418,0.0,-0.3507173955440521,0.6887723207473755,11.283257484436035,1.3966162204742432,0.7660709619522095,1.7351782321929932,1.2350660562515259,31.955705642700195,0.05,262,0.8178792186193843,49.65807274236882,262,-0.32119970741240633,-0.21512459704750525,0.7864331496087366,0.6153187633971408,0.2753024984835198,0.10937873811933937,2.035,691.932,14.114,18.289,19288,360.0,0.0,0.0,360.0,0.0,0.0,0.0,0.0,0.0,0.0,0.131,11.45,0.0535,2.86,0.617,0.273,0.11,16,0
31,BiLevel,12.4,0.9,4.706,17,0.6909,-5241.287,3510.711,4971,262,1.88,48.94,-59.87,59.99,-1.0544,0.3335,19.699626922607422,0.8388382196426392,45.859413146972656,36.91471481323242,0.8592109084129333,11.685508728027344,17.527847290039062,-5.01055908203125,4.547454833984375,273.2280578613281,0.1,1.094570279121399,159048,-1.5,30.54,-104.39,99.08,-1.1471,0.0,-0.31119978427886963,0.6265601515769958,10.463332176208496,0.7424014210700989,0.45788735151290894,1.5727417469024658,0.4425660967826843,15.285260200500488,0.05,524,1.8805097021706578,48.93528998791555,262,-0.19115904397086111,2.306604007357045,0.7738118341946608,0.6133022349312099,0.27785112283213476,0.1088466422366552,2.265,770.152,14.213,18.919,19170,360.0,0.0,0.0,360.0,0.0,0.0,0.0,0.0,0.0,0.0,0.1235,11.23,0.0543,2.862,0.615,0.275,0.109,16,1
32,BiLevel,13.0,0.8,6.125,17,0.6976,-4955.104,3171.488,4971,262,2.8,47.62,-59.82,59.93,-0.9968,0.3594,19.326810836791992,0.8643590211868286,59.68854522705078,50.76466369628906,0.8934382200241089,12.63740062713623,19.99323081970215,-3.534491539001465,5.65330171585083,246.15640258789062,0.1,1.0983184576034546,164019,1.89,29.14,-90.37,101.63,-1.8906,0.0,-0.5119770169258118,0.3042735755443573,10.161364555358887,0.6031075716018677,0.3215140104293823,1.127558708190918,0.24627144634723663,10.278387069702148,0.05,786,2.796937877417594,47.624281213435694,262,2.29002285756563,1.879896609249866,0.7465964814605636,0.6119839003006539,0.27985930407924686,0.10815679562009925,1.337,481.274,13.873,19.997,21709,360.0,0.0,0.0,360.0,0.0,0.0,0.0,0.0,0.0,0.0,0.1522,10.86,0.0554,2.875,0.613,0.278,0.109,14,3
33,BiLevel,14.2,0.7,20.564,11,0.3048,-5562.376,3999.725,4970,262,-7.49,49.43,-59.94,60.0,-1.1192,0.285,19.631010055541992,0.9419328570365906,34.065433502197266,25.160184860229492,0.9283601641654968,11.658567428588867,9.890488624572754,-4.776986598968506,4.641144275665283,428.4947814941406,0.1,1.10214364528656,168989,1.43,30.74,-107.05,107.14,-4.8188,0.5,-1.2967722415924072,0.3858214020729065,14.100244522094727,4.693028926849365,0.3047930896282196,2.0805137157440186,1.047848105430603,10.175684928894043,0.05,1048,-7.4934140531230025,49.427600826930835,262,-0.27094957326587804,10.011423720811544,0.7904305495140328,0.620875625640213,0.2731952713411661,0.10592910301862071,6.71,1878.926,13.79,34.353,23711,360.0,0.0,0.0,421.396,197.649,0.469,0.0,0.0,3496.489,8096.0,0.1797,10.39,0.0563,2.9,0.612,0.28,0.108,8,3
34,BiLevel,14.4,0.7,11.891,11,0.5035,-5670.968,4129.805,4969,262,-5.73,48.96,-59.83,59.99,-1.1413,0.2634,20.152950286865234,0.8288865685462952,33.614830017089844,24.72878074645996,0.932592511177063,12.468109130859375,8.540446281433105,-4.318517684936523,2.772350788116455,293.50738525390625,0.1,1.1059191226959229,173958,4.95,29.06,-101.58,110.32,-3.297,0.5,-1.4173210859298706,0.22358877956867218,14.210920333862305,4.946806907653809,0.1583353877067566,1.8753265142440796,0.29705286026000977,3.8914411067962646,0.05,1310,-5.726329495122367,48.956240077889724,262,-5.343750583498101,2.7099764598043334,0.7792205417655541,0.6256755244854562,0.269321397316959,0.10500307819758482,0.463,120.257,13.904,25.796,21573,360.0,0.0,0.0,422.173,222.288,0.5265,0.0,0.0,3635.031,8127.0,0.2205,9.94,0.0566,2.929,0.621,0.273,0.106,8,3
35,BiLevel,12.8,0.7,4.873,16,0.6478,-5200.89,3502.219,4970,262,0.62,49.9,-59.92,59.96,-1.0465,0.3437,18.540645599365234,0.8981984257698059,52.58433532714844,43.72294998168945,0.870852530002594,12.20564079284668,15.260457992553711,-3.0650594234466553,3.5943241119384766,308.0813293457031,0.1,1.1097335815429688,178928,0.76,31.55,-97.88,91.61,-1.6781,0.5,-1.5129743814468384,0.24106232821941376,12.932003021240234,3.8010363578796387,0.20996764302253723,2.004934072494507,0.14285822212696075,10.500969886779785,0.05,1572,0.6170898930774908,49.89637296612614,262,-1.096108186244964,2.596253017375343,0.7938634247468652,0.6244437982996923,0.2709529720570235,0.10460322964328425,2.578,979.675,14.108,18.981,18645,360.0,0.0,0.0,360.0,1.534,0.0043,0.0,0.0,0.092,15.0,0.1903,9.45,0.0561,2.957,0.626,0.269,0.105,13,3
36,BiLevel,12.7,0.6,7.075,12,0.5204,-5368.703,3715.72,4971,262,-6.01,48.14,-59.92,59.98,-1.08,0.3177,19.78656005859375,0.9959414005279541,39.87742614746094,31.025218963623047,0.9813634753227234,12.109052658081055,11.167616844177246,-3.5386810302734375,3.9662246704101562,294.2059020996094,0.1,1.1135920286178589,183899,1.43,29.93,-105.98,105.28,-2.3015,0.5,-1.8894778490066528,0.18344378471374512,11.685003280639648,2.6820056438446045,0.19939494132995605,2.2678792476654053,0.2764056324958801,10.967434883117676,0.05,1834,-6.007030276496213,48.14276228873684,262,11.41068246427335,8.703836429903381,0.7616269085099896,0.6270615644335216,0.26864290676615515,0.10429552880032333,0.185,55.459,13.437,20.512,19240,360.0,0.0,0.0,380.423,179.707,0.4724,0.0,0.0,1022.645,2710.0,0.1583,9.11,0.0548,2.971,0.624,0.271,0.105,9,3
37,BiLevel,12.5,0.8,10.21,15,0.6996,-4843.157,3171.359,4970,262,-10.64,48.0,-59.95,59.95,-0.9745,0.3911,20.131189346313477,1.0993611812591553,61.04608917236328,52.21455001831055,0.946603536605835,13.110459327697754,25.817623138427734,-2.9807121753692627,7.156834125518799,394.8277587890625,0.1,1.1174349784851074,188869,-0.47,28.83,-101.28,88.1,-2.1972,0.0,-1.7164634466171265,0.20549391210079193,10.983332633972168,2.10532283782959,0.19619807600975037,2.140238046646118,0.6648691892623901,4.411240100860596,0.05,2096,-10.638732058773758,47.99843750339232,262,-1.0729225459851726,2.944136190414428,0.7736643985258602,0.6287017830535095,0.2678307330645783,0.10346748388191226,3.35,1072.057,13.4,23.61,21472,360.0,0.0,0.0,360.0,0.0,0.0,0.0,0.0,0.0,0.0,0.2355,9.05,0.0541,2.979,0.627,0.269,0.104,14,1
38,BiLevel,12.4,0.9,4.789,16,0.5362,-4902.608,3182.629,4970,262,-6.13,48.25,-59.91,59.95,-0.9864,0.3751,19.864484786987305,0.7717714905738831,57.80402374267578,48.99351119995117,0.8916372060775757,13.210806846618652,16.41630744934082,-3.119685173034668,3.6262688636779785,283.0423583984375,0.1,1.1212058067321777,193839,0.7,30.73,-95.91,101.58,-1.0696,0.0,-1.885904312133789,0.26181459426879883,10.77400016784668,2.015047550201416,0.24204830825328827,2.4169676303863525,0.17041532695293427,10.307429313659668,0.05,2358,-6.12763157309121,48.24796498901491,262,-5.908737626985499,4.815606052624552,0.7621994358490902,0.6275253962911179,0.2694766686427116,0.10299793506617048,-3.668,-1247.228,13.381,18.169,19681,360.0,0.0,0.0,360.0,0.0,0.0,0.0,0.0,0.0,0.0,0.2656,9.22,0.0532,2.979,0.629,0.268,0.103,16,0
39,BiLevel,12.3,0.7,4.467,15,0.665,-5001.412,3334.059,4970,262,-7.45,47.88,-59.87,59.95,-1.0063,0.3745,19.849632263183594,0.7254434823989868,51.5543098449707,42.7704963684082,0.8181701898574829,13.012128829956055,19.639026641845703,-3.4346253871917725,2.6017866134643555,243.5367889404297,0.1,1.1249178647994995,198809,1.19,31.33,-112.3,95.76,-1.6527,0.5,-1.9605258703231812,0.2632063329219818,11.109857559204102,2.4675803184509277,0.21697494387626648,2.489781141281128,0.1488424837589264,6.474671363830566,0.05,2620,-7.452723176402585,47.87864060063369,262,-8.239540010376981,-1.9634467645695342,0.7593123377425757,0.6268368089896917,0.270352061260974,0.10281112974933414,0.362,115.729,13.585,18.051,18929,360.0,0.0,0.0,360.0,13.556,0.0377,0.0,0.0,0.687,152.0,0.2753,9.58,0.0523,2.975,0.628,0.269,0.103,12,3
40,BiLevel,12.8,0.7,6.061,16,0.6659,-4973.296,3275.285,4970,262,-1.94,47.56,-59.86,59.97,-1.0007,0.3682,19.96153450012207,0.8111822009086609,39.938232421875,31.17384910583496,0.8125841617584229,13.530538558959961,15.072320938110352,-2.5941200256347656,4.806634426116943,270.1280212402344,0.1,1.128558874130249,203779,0.46,30.97,-102.68,101.01,-1.9067,0.5,-2.126354932785034,0.2480444759130478,11.62287712097168,3.093557596206665,0.25932660698890686,2.630335569381714,0.5380790829658508,4.924428462982178,0.05,2882,-1.94417082122424,47.55662659716573,262,6.469136076851894,11.065916543257865,0.7452584453264619,0.6261303066654811,0.27152429686458157,0.10234539646993748,8.194,2949.692,13.674,19.736,20421,360.0,0.0,0.0,360.0,2.368,0.0066,0.0,0.0,0.103,27.0,0.2638,9.95,0.0521,2.97,0.627,0.27,0.103,13,3
41,BiLevel,12.3,0.7,5.335,15,0.6875,-4910.25,3159.891,4972,262,-7.46,48.51,-59.82,59.99,-0.9876,0.3812,19.870361328125,0.9093035459518433,44.15989303588867,35.414772033691406,0.8311245441436768,13.194598197937012,14.481270790100098,-2.470764398574829,5.765326023101807,299.8459777832031,0.1,1.1322321891784668,208751,-0.72,30.16,-90.95,91.56,-1.8242,0.5,-1.8530219793319702,0.2737843990325928,10.12412166595459,1.7057815790176392,0.2547846734523773,2.410022735595703,0.35514071583747864,11.320019721984863,0.05,3144,-7.4560893348167925,48.50741557001915,262,0.40277013653203114,0.1862691427531992,0.7753050492893324,0.6257988820235887,0.27210452794045803,0.10209659003595337,2.72,924.644,13.509,18.845,20865,360.0,0.0,0.0,360.0,16.819,0.0467,0.0,0.0,1.584,140.0,0.2732,10.31,0.0522,2.962,0.626,0.272,0.102,12,3
42,BiLevel,12.2,0.7,4.283,14,0.6144,-4505.926,2767.654,4970,262,-14.82,45.96,-59.9,59.97,-0.9066,0.4157,20.372365951538086,0.8230783939361572,47.8841438293457,39.158931732177734,0.8490638732910156,13.982512474060059,16.675771713256836,-2.4838945865631104,7.1473917961120605,301.01873779296875,0.1,1.135851502418518,213721,2.72,35.68,-104.71,97.28,-1.6603,0.5,-2.0286176204681396,0.28366219997406006,9.99358081817627,1.6834230422973633,0.3025026321411133,2.607797145843506,0.13442395627498627,6.709220886230469,0.05,3406,-14.817772284305281,45.95978020446122,262,-12.573576466974458,-5.817632704777153,0.7580517509396429,0.6257641504765749,0.27223309114516614,0.10200275837825899,-8.771,-2982.095,12.977,17.26,18241,360.0,0.0,0.0,360.0,29.79,0.0827,0.0,0.0,4.851,193.0,0.409,10.99,0.0525,2.932,0.626,0.272,0.102,11,3
43,BiLevel,12.2,0.7,5.118,13,0.9346,-4397.436,2746.798,4971,262,-16.33,44.31,-59.82,59.96,-0.8846,0.4252,20.1101016998291,0.8425639271736145,20.527542114257812,11.814778327941895,0.9440274834632874,13.886223793029785,5.177117824554443,-2.0094432830810547,7.685255527496338,251.90960693359375,0.1,1.139496088027954,218692,0.82,33.11,-106.73,98.33,-1.9819,0.5,-2.289109945297241,0.250054270029068,9.360250473022461,1.1567943096160889,0.29357606172561646,2.7991445064544678,0.25567638874053955,6.989079475402832,0.05,3668,-16.334930616292862,44.31198277196487,262,-5.556871505767889,-8.507352646714763,0.739201542197137,0.6264919188422604,0.27128307838613946,0.10222500277160015,-9.22,-2765.934,12.695,17.813,20311,360.0,0.0,0.0,362.619,85.069,0.2346,0.0,0.0,45.592,538.0,0.5239,11.89,0.053,2.865,0.626,0.272,0.102,10,3
44,BiLevel,12.2,0.7,5.831,14,0.5374,-4183.964,2529.219,4970,262,-14.51,43.27,-59.84,59.96,-0.8418,0.4367,19.238924026489258,0.8221168518066406,27.012527465820312,18.327529907226562,0.8752351999282837,13.507474899291992,8.60422134399414,-1.8419636487960815,8.920351028442383,402.65570068359375,0.1,1.1430786848068237,223662,-2.35,32.26,-105.61,87.99,-1.9266,0.5,-2.1664910316467285,0.3123951852321625,9.495635986328125,1.3965543508529663,0.27793481945991516,2.800771951675415,0.5924535393714905,6.286470890045166,0.05,3930,-14.514198513736037,43.265924450267235,262,-1.3572463029309314,-10.198915490978642,0.705198065459401,0.627092065710174,0.27100742684593915,0.10190050744388682,-4.259,-1363.025,12.732,18.563,20598,360.0,0.0,0.0,360.0,25.755,0.0715,0.0,0.0,3.195,201.0,0.6551,12.89,0.0541,2.747,0.626,0.271,0.102,11,3
45,BiLevel,13.8,0.7,14.884,11,0.2038,-5113.02,3470.338,4970,262,-11.13,47.55,-59.82,59.99,-1.0288,0.3678,20.860275268554688,0.9921648502349854,51.345703125,42.659507751464844,1.0724791288375854,14.594175338745117,14.031052589416504,-2.027961492538452,1.7769850492477417,323.8986511230469,0.1,1.1466057300567627,228632,-1.68,31.52,-102.5,102.35,-3.777,0.5,-2.2994167804718018,0.3031022250652313,9.541069030761719,1.5433197021484375,0.3068176805973053,2.917130947113037,0.775033175945282,11.790534973144531,0.05,4192,-11.131723848141176,47.55076509710216,262,6.863912273708143,0.35127234898115606,0.7701414209444558,0.6325307704123255,0.26690634959534904,0.10056287999232538,1.218,340.962,13.443,28.327,22384,360.0,0.0,0.0,410.642,286.269,0.6971,0.0,0.0,2942.607,7242.0,0.5239,13.38,0.0549,2.673,0.627,0.271,0.102,8,3
46,BiLevel,11.8,0.9,6.543,13,0.6146,-3964.529,2279.496,4970,262,-22.32,41.22,-59.83,59.94,-0.7977,0.4411,20.304309844970703,0.7657506465911865,64.80286407470703,56.158363342285156,0.843177080154419,13.749410629272461,27.256366729736328,-2.372971534729004,8.396714210510254,208.6470489501953,0.1,1.150086760520935,233602,-1.1,32.54,-91.61,104.08,-2.1476,0.5,-2.635801076889038,0.31070053577423096,9.111995697021484,1.2122571468353271,0.319596529006958,3.262307643890381,0.8852199912071228,7.3675336837768555,0.05,4454,-22.324805427609494,41.21773284480178,262,-7.79558026453382,-3.2329728101429183,0.7373622817265963,0.6339190282615357,0.2657246399447366,0.10035633179372769,-10.014,-3204.419,12.366,18.908,21181,360.0,0.0,0.0,362.019,86.234,0.2382,0.0,0.0,33.595,436.0,0.7185,14.19,0.0564,2.53,0.633,0.267,0.101,10,3
47,BiLevel,12.3,0.9,6.213,15,0.641,-3881.562,2220.744,4970,262,-21.53,41.66,-59.86,59.94,-0.781,0.4463,20.643272399902344,1.1532719135284424,31.748390197753906,23.091751098632812,1.1378874778747559,14.656783103942871,8.960262298583984,-0.9074965715408325,5.063499927520752,534.3023681640625,0.1,1.153398871421814,238572,-2.2,30.78,-88.2,83.43,-1.9724,0.5,-2.8794262409210205,0.32059332728385925,9.257518768310547,1.454489827156067,0.31279653310775757,3.524636745452881,0.13909147679805756,5.56515645980835,0.05,4716,-21.528120633756266,41.65624344481425,262,-21.13086872391011,-17.266776450370493,0.7380439799672188,0.6338855022073564,0.26610353229562084,0.10001096549702276,-15.85,-5388.937,12.406,18.618,21247,360.0,0.0,0.0,360.0,11.266,0.0313,0.0,0.0,0.737,107.0,0.8435,14.88,0.0587,2.365,0.634,0.266,0.1,12,3
48,BiLevel,12.2,0.7,5.373,15,0.6141,-3951.109,2246.225,4970,262,-17.97,41.14,-59.81,59.92,-0.795,0.4451,18.607921600341797,0.8701490163803101,26.13121795654297,17.525470733642578,0.8041970133781433,14.031851768493652,8.503301620483398,-0.07065832614898682,8.790125846862793,150.5511474609375,0.1,1.156679630279541,243542,-1.87,29.52,-97.68,91.04,-1.263,0.0,-2.0565006732940674,0.24353274703025818,8.724736213684082,1.0197359323501587,0.3097752332687378,2.556626081466675,0.3526470959186554,5.469702243804932,0.05,4978,-17.970547487053054,41.14204184821753,262,-3.2917301198369593,-13.327501183434538,0.693976950884789,0.6335669724582718,0.266702106040315,0.09973092150141315,-7.163,-2292.024,12.443,17.816,20684,360.0,0.0,0.0,360.0,0.0,0.0,0.0,0.0,0.0,0.0,0.8742,15.33,0.0618,2.225,0.634,0.266,0.1,14,1
49,BiLevel,12.0,0.7,5.999,16,0.4943,-3781.263,2122.247,4970,262,-20.82,40.67,-59.68,59.95,-0.7608,0.4502,18.099130630493164,0.8644819259643555,26.070228576660156,17.475915908813477,0.8827989101409912,14.15950870513916,7.368411540985107,0.4077344834804535,5.829995155334473,323.5898132324219,0.1,1.1600574254989624,248512,-5.19,32.61,-95.93,84.38,-1.3454,0.0,-2.528430223464966,0.29675182700157166,9.110876083374023,1.500752329826355,0.279268741607666,3.1313276290893555,0.438922643661499,10.287504196166992,0.05,5240,-20.824110855730307,40.67297205884696,262,-16.01645968085841,-9.733357020585158,0.7130109484221248,0.6329357980476179,0.2678701859753268,0.09919401597705535,-12.925,-4394.467,12.192,18.191,19893,360.0,0.0,0.0,360.0,0.0,0.0,0.0,0.0,0.0,0.0,0.9256,15.67,0.0653,2.095,0.635,0.264,0.101,15,1
50,BiLevel,12.0,0.7,5.384,15,0.5636,-3631.217,2000.887,4970,262,-20.75,39.92,-59.82,59.97,-0.7306,0.4477,17.38997459411621,0.838977575302124,61.012794494628906,52.44200897216797,0.874017596244812,13.812992095947266,30.511207580566406,1.2188829183578491,2.764376401901245,232.0310516357422,0.1,1.1633340120315552,253482,-3.13,31.21,-106.36,85.09,-1.1989,0.0,-2.537780284881592,0.26328951120376587,8.24560546875,0.7297242879867554,0.2641935348510742,3.0738704204559326,0.10720258951187134,10.942425727844238,0.05,5502,-20.74848225642168,39.92437734075304,262,-13.218221626999348,-5.140975039726811,0.6987976936164216,0.6326666776401303,0.26845161715869037,0.09888170520117937,-16.2,-5183.858,12.246,17.63,19828,360.0,0.0,0.0,360.0,0.0,0.0,0.0,0.0,0.0,0.0,0.9788,15.93,0.0688,1.973,0.636,0.262,0.101,16,0
51,BiLevel,14.0,0.8,11.75,11,0.3977,-5278.284,3636.347,4970,262,-8.52,47.29,-59.88,59.98,-1.062,0.343,18.555736541748047,0.7597032189369202,53.84587097167969,45.308128356933594,0.7660187482833862,14.441615104675293,24.06206512451172,0.47047072649002075,6.049702167510986,285.041015625,0.1,1.166570782661438,258452,-4.97,31.34,-112.07,93.34,-3.2483,0.5,-2.346129894256592,0.26141026616096497,8.507843971252441,1.0840802192687988,0.24160799384117126,2.876004695892334,0.0948062315583229,9.013007164001465,0.05,5764,-8.519680939145927,47.28688505036498,262,-7.536589574500132,10.005181055555216,0.757970969584318,0.6365350652359837,0.2653479394200394,0.09811699534397682,4.323,1210.429,13.42,25.17,21986,360.0,0.0,0.0,415.496,307.457,0.74,0.0,0.0,3111.958,7645.0,0.9606,16.12,0.0721,1.863,0.637,0.261,0.102,8,3
52,BiLevel,14.2,0.7,26.801,11,0.5843,-5148.854,3484.151,4970,262,-9.34,47.56,-59.78,60.0,-1.036,0.3626,19.188621520996094,0.6782659888267517,47.29692077636719,38.78364944458008,0.7223328351974487,14.638772010803223,17.558319091796875,0.0984281450510025,8.122115135192871,183.37338256835938,0.1,1.1698288917541504,263422,-2.1,29.78,-101.13,90.77,-6.2045,0.5,-2.6108949184417725,0.280796617269516,8.944452285766602,1.607456922531128,0.2620833218097687,3.1810741424560547,0.13622750341892242,10.649561882019043,0.05,6026,-9.337711434979255,47.559017294713115,262,-3.601364405531632,16.71473034628128,0.7676734309655444,0.6452706934532736,0.258572755743869,0.09615655080285743,8.981,2514.665,13.619,40.42,23405,360.0,0.0,0.0,415.8,261.306,0.6284,0.0,0.0,3105.996,7604.0,0.8808,16.24,0.0754,1.767,0.642,0.256,0.102,8,3
53,BiLevel,12.5,0.8,9.852,12,0.5307,-4993.728,3359.029,4970,262,-16.8,44.95,-59.89,59.95,-1.0048,0.3762,18.055335998535156,0.6606088280677795,33.34015655517578,24.846872329711914,0.7247070670127869,14.464265823364258,13.095016479492188,0.9927873611450195,4.351804256439209,171.117431640625,0.1,1.1731092929840088,268392,-3.04,31.25,-90.08,86.38,-2.8303,0.5,-2.737929582595825,0.2616245150566101,8.652779579162598,1.3999269008636475,0.24312475323677063,3.267500162124634,0.8358350396156311,10.972955703735352,0.05,6288,-16.801247647020897,44.953371559842,262,-4.260408191618166,3.715284301262153,0.7586582102208212,0.6482515250455136,0.256034140174832,0.09571433477965431,1.91,573.076,12.759,22.611,21350,360.0,0.0,0.0,372.715,271.46,0.7283,0.0,0.0,326.309,1691.0,0.754,16.26,0.0785,1.689,0.651,0.249,0.1,9,3
54,BiLevel,12.2,0.9,4.657,13,0.5399,-3901.916,2299.72,4970,262,-23.2,40.03,-59.85,59.94,-0.7851,0.4437,17.86928939819336,0.7730673551559448,29.856292724609375,21.37928009033203,0.767145574092865,14.394922256469727,10.518299102783203,1.3424599170684814,6.088085174560547,196.23828125,0.1,1.176308035850525,273362,0.78,32.4,-101.05,103.72,-1.7402,0.5,-3.217764139175415,0.29632994532585144,9.455486297607422,2.2824957370758057,0.29794076085090637,3.818586826324463,0.13532963395118713,20.056903839111328,0.05,6550,-23.19814244856687,40.03052519288246,262,-11.333239355369617,-3.5625781217688,0.7231752106155925,0.6488548736359463,0.2554809917991978,0.09566413456485605,-12.402,-3720.571,12.232,16.888,20244,360.0,0.0,0.0,360.623,94.783,0.2628,0.0,0.0,36.58,524.0,0.8148,16.29,0.0856,1.606,0.654,0.246,0.1,10,3
55,BiLevel,12.5,0.8,12.799,12,0.5497,-4724.256,3118.814,4970,262,-14.35,43.37,-59.86,59.95,-0.9506,0.4057,17.171764373779297,0.7117866277694702,29.25110626220703,20.798202514648438,0.7281442284584045,14.098223686218262,10.937187194824219,1.189582347869873,5.60800838470459,146.80580139160156,0.1,1.1795085668563843,278332,3.92,29.38,-83.56,111.54,-3.4153,0.5,-2.555403470993042,0.23732984066009521,8.38735580444336,1.2950685024261475,0.23585796356201172,3.0329933166503906,0.4024650752544403,5.148670196533203,0.05,6812,-14.349504894434551,43.366833053589,262,-15.282471485514389,5.293309381133632,0.7097929061409837,0.652698541439778,0.2523129435959644,0.09498851496425761,-1.912,-573.729,12.95,25.75,21897,360.0,0.0,0.0,375.127,211.828,0.5647,0.0,0.0,667.813,2027.0,0.6245,15.85,0.0911,1.627,0.655,0.246,0.1,9,3
56,BiLevel,13.4,0.8,8.315,11,0.4642,-5008.354,3448.03,4970,262,-12.78,44.93,-59.8,59.99,-1.0077,0.3769,18.163516998291016,0.8847888708114624,36.86416244506836,28.418258666992188,0.8405629992485046,14.627917289733887,14.062174797058105,1.5384547710418701,9.80447006225586,291.3674621582031,0.1,1.182772159576416,283302,1.18,29.8,-98.97,92.28,-2.6036,0.5,-3.1537177562713623,0.2571977376937866,8.874433517456055,1.858763337135315,0.24239292740821838,3.6787633895874023,0.14676524698734283,3.286639451980591,0.05,7074,-12.78280030246037,44.93049734543472,262,-4.3281958310227635,3.968447806960657,0.7310574710899352,0.6550966871537598,0.2502578096102015,0.09464550323603874,-0.331,-86.117,12.915,21.23,19912,360.0,0.0,0.0,403.254,318.501,0.7898,0.0,0.0,2248.015,5644.0,0.6046,15.55,0.0915,1.619,0.657,0.246,0.098,8,3
57,BiLevel,12.3,0.8,5.029,13,0.4958,-3598.611,1999.307,4970,262,-15.83,39.12,-59.86,59.89,-0.7241,0.4458,20.019224166870117,0.8596500754356384,38.8073844909668,30.372028350830078,0.9080809354782104,16.151348114013672,14.924229621887207,1.1285227537155151,5.748561859130859,237.1828155517578,0.1,1.1859933137893677,288272,2.2,26.73,-81.38,104.71,-1.7999,0.5,-3.08085298538208,0.24049432575702667,8.602191925048828,1.6637821197509766,0.23082095384597778,3.5726938247680664,0.0968075767159462,8.719186782836914,0.05,7336,-15.82775369029702,39.12494144077566,262,-7.450136448521363,-6.323481578575939,0.6375432506603457,0.6557937626020806,0.2496732255542589,0.0945330118436607,-6.276,-2008.258,12.197,17.226,19979,360.0,0.0,0.0,360.212,92.94,0.258,0.0,0.0,33.504,456.0,0.8316,15.98,0.0991,1.46,0.658,0.246,0.096,10,3
58,BiLevel,12.1,0.9,5.337,16,0.5622,-3082.421,1539.317,4970,262,-20.56,36.99,-59.92,59.96,-0.6202,0.4256,17.67879867553711,0.776262640953064,40.617164611816406,32.21963882446289,0.6953060030937195,15.211383819580078,18.11874008178711,2.7743563652038574,4.711141109466553,262.88433837890625,0.1,1.1891388893127441,293242,-3.09,30.76,-105.86,97.94,-1.4291,0.0,-2.9401299953460693,0.21615710854530334,8.696797370910645,1.8350298404693604,0.220809206366539,3.3846492767333984,0.793876588344574,5.237542629241943,0.05,7598,-20.560302907382503,36.98653598138077,262,-18.8267244130373,-8.354656488605237,0.6385416767599207,0.6547387484465857,0.2510695031024724,0.09419174845094179,-8.182,-2781.754,11.929,17.266,20289,360.0,0.0,0.0,360.0,0.0,0.0,0.0,0.0,0.0,0.0,1.0894,16.23,0.1135,1.25,0.66,0.242,0.097,14,2
59,BiLevel,12.0,0.9,4.398,14,0.6934,-3641.901,2018.3,4972,262,-14.43,38.79,-59.8,59.92,-0.7325,0.4476,18.63489532470703,0.8269591331481934,24.962135314941406,16.567401885986328,0.8442731499671936,14.543257713317871,9.484710693359375,1.2383933067321777,3.6230578422546387,252.02215576171875,0.1,1.1922475099563599,298214,-1.69,27.64,-95.67,89.82,-1.6918,0.5,-3.1002769470214844,0.353017121553421,8.258337020874023,1.472777009010315,0.23629221320152283,3.814967393875122,0.29508641362190247,6.010004043579102,0.05,7860,-14.433731512369233,38.79194646119856,262,-9.299042693721622,-7.035032310925033,0.6226072826022416,0.6545162835641264,0.25126883417852713,0.09421488225734652,-5.738,-1950.828,12.284,16.681,19871,360.0,0.0,0.0,360.0,22.245,0.0618,0.0,0.0,2.504,145.0,1.0278,15.87,0.1371,1.188,0.641,0.266,0.092,11,3
60,BiLevel,13.0,0.9,7.795,12,0.3463,-4916.199,3271.105,4971,262,-9.85,45.07,-59.91,60.0,-0.989,0.3888,17.92964744567871,0.7756562829017639,37.7265739440918,29.35141372680664,0.8053586483001709,15.336597442626953,16.239215850830078,2.9656286239624023,14.87857723236084,264.08892822265625,0.1,1.1952961683273315,303185,1.59,29.44,-107.92,96.16,-2.4166,0.5,-3.197366952896118,0.2662650942802429,8.49431037902832,1.7819583415985107,0.24103529751300812,3.7396466732025146,0.8198326230049133,6.255877494812012,0.05,8122,-9.847426150477876,45.06615920251491,262,-9.04280157653909,-1.9633880397991135,0.712641066496532,0.6567337553207951,0.24942964154273556,0.09383660313646935,-4.38,-1313.944,13.087,20.882,21287,360.0,0.0,0.0,378.854,243.01,0.6414,0.0,0.0,1136.611,3142.0,0.9361,15.09,0.1651,1.327,0.618,0.293,0.089,9,3
61,BiLevel,11.9,0.9,5.877,17,0.4161,-3132.177,1545.698,4971,262,-17.91,36.08,-59.89,59.95,-0.6301,0.4227,17.125139236450195,0.6711905002593994,29.7127685546875,21.365663528442383,0.7227239608764648,15.54998779296875,12.819786071777344,3.4989748001098633,6.982223033905029,146.59141540527344,0.1,1.1983717679977417,308156,-0.04,30.42,-93.64,103.15,-1.211,0.0,-2.8927106857299805,0.20235347747802734,8.0799560546875,1.4400155544281006,0.20140115916728973,3.310133457183838,0.27548709511756897,13.278255462646484,0.05,8384,-17.90581483577062,36.08286887292388,262,-21.903621273605445,-7.126531204424405,0.6013271580686009,0.6553620969169217,0.25137486100750567,0.0932630420755725,-10.924,-3714.178,12.01,17.887,21198,360.0,0.0,0.0,360.0,0.0,0.0,0.0,0.0,0.0,0.0,1.0802,15.08,0.1598,1.436,0.593,0.323,0.085,16,1
62,BiLevel,14.1,0.9,14.159,11,0.4831,-5104.31,3468.789,4970,262,-7.77,43.52,-59.94,59.97,-1.027,0.3652,16.95634651184082,0.7945698499679565,27.243389129638672,18.911407470703125,0.7528652548789978,14.470942497253418,8.825811386108398,2.5218324661254883,8.513299942016602,191.3657684326172,0.1,1.201537847518921,313126,-2.41,31.1,-89.85,97.98,-3.7321,0.5,-2.960540294647217,0.2030719667673111,8.03742790222168,1.4683151245117188,0.19482310116291046,3.379851818084717,0.769433319568634,5.7328715324401855,0.05,8646,-7.771405019304552,43.51992686102934,262,0.9385582221181779,10.886920679556697,0.678507800848293,0.6593803139545148,0.24813371448546595,0.09248597156001925,11.949,3345.679,13.213,27.372,22500,360.0,0.0,0.0,411.158,317.963,0.7733,0.0,0.0,2777.969,7024.0,1.0477,15.2,0.1382,1.545,0.597,0.319,0.085,8,3
63,BiLevel,13.8,0.9,10.321,11,0.455,-4927.608,3321.338,4970,262,-13.29,43.28,-59.91,59.96,-0.9915,0.3928,17.489704132080078,0.7565641403198242,19.955720901489258,11.634099006652832,0.8239373564720154,15.581890106201172,5.404285430908203,3.410093307495117,5.844281196594238,148.12974548339844,0.1,1.2046735286712646,318096,-1.97,28.89,-103.72,92.85,-3.0266,0.5,-3.3430120944976807,0.17242734134197235,8.170458793640137,1.6686509847640991,0.1777704358100891,3.6991991996765137,0.4393063187599182,9.661191940307617,0.05,8908,-13.286569602409719,43.283354184768065,262,-0.27493191455539756,-15.40850694399131,0.6989872325157419,0.662209424724596,0.245781145185265,0.09200943009013905,-12.039,-3130.172,12.804,23.125,21074,360.0,0.0,0.0,403.958,255.181,0.6317,0.0,0.0,2584.626,6009.0,0.9412,15.4,0.1118,1.512,0.622,0.291,0.087,8,3
64,BiLevel,12.6,1.0,10.424,12,0.5832,-4825.316,3204.342,4971,262,-11.08,44.36,-59.91,59.97,-0.9707,0.3968,17.219253540039062,0.7085206508636475,29.14849853515625,20.860149383544922,0.7084211111068726,15.672453880310059,10.495132446289062,3.660762310028076,5.8999199867248535,141.5279083251953,0.1,1.2077962160110474,323067,1.99,31.05,-98.01,93.12,-2.9698,0.5,-3.399902105331421,0.18153603374958038,7.938620567321777,1.5010207891464233,0.1824062168598175,3.774319648742676,0.12410413473844528,9.687419891357422,0.05,9170,-11.078706595823364,44.359468641165336,262,-4.919110291882565,3.8487460246995866,0.7084253360256951,0.6649525996575959,0.24341388217421636,0.09163351816818778,-1.564,-500.57,13.083,23.507,20740,360.0,0.0,0.0,376.392,288.103,0.7654,0.0,0.0,629.183,2309.0,0.8154,12.72,0.1531,2.234,0.65,0.259,0.09,9,3
65,BiLevel,11.9,0.9,4.787,15,0.6321,-3011.587,1473.399,4971,262,-16.44,37.57,-59.88,59.9,-0.6058,0.4213,16.440231323242188,0.7489194273948669,41.132083892822266,32.8580322265625,0.7741551399230957,14.517251968383789,17.095632553100586,3.2643556594848633,3.696363925933838,249.66856384277344,0.1,1.2108229398727417,328038,3.68,27.46,-66.84,93.11,-1.0387,0.0,-3.114748477935791,0.17026758193969727,7.884801387786865,1.5105831623077393,0.17612504959106445,3.4659252166748047,0.21637235581874847,4.150964736938477,0.05,9432,-16.442446239452995,37.5681711716634,262,-10.226637714160116,2.9590655116658446,0.6132294763620052,0.6642447411363933,0.24424332822697156,0.09151193063663521,-4.71,-1601.391,12.157,16.944,20221,360.0,0.0,0.0,360.0,0.0,0.0,0.0,0.0,0.0,0.0,1.0472,13.54,0.0802,2.282,0.612,0.304,0.084,16,0
66,BiLevel,13.6,0.8,16.994,11,0.6181,-4743.983,3156.184,4970,262,-5.19,43.82,-59.98,60.0,-0.9545,0.4028,15.815669059753418,0.7101148962974548,39.90907669067383,31.656108856201172,0.7396121025085449,14.574691772460938,15.165915489196777,4.172858238220215,4.3109660148620605,128.998046875,0.1,1.213871717453003,333008,-1.02,30.39,-89.74,108.05,-4.3805,0.5,-3.4366419315338135,0.1943572461605072,8.334619522094727,2.021672010421753,0.18231455981731415,3.8391506671905518,0.12118944525718689,7.508721351623535,0.05,9694,-5.187769034443802,43.81879384598619,262,-3.013116489586077,5.886202454253247,0.6746411081399974,0.6687915400421712,0.24054973462263057,0.09065872533519816,10.731,3004.593,13.386,30.38,21805,360.0,0.0,0.0,410.935,382.954,0.9319,0.0,0.0,2544.214,6909.0,0.8883,14.09,0.061,2.169,0.664,0.244,0.092,8,3
67,BiLevel,12.2,0.8,5.368,15,0.4812,-2912.289,1333.1,4970,262,-20.4,36.09,-59.84,59.89,-0.586,0.4098,14.985655784606934,0.7749375104904175,33.81672668457031,25.582584381103516,0.7513563632965088,14.223024368286133,13.18214225769043,4.390780925750732,20.256629943847656,419.56561279296875,0.1,1.216896414756775,337978,-2.42,32.06,-104.87,100.76,-1.2595,0.0,-3.627378463745117,0.20141661167144775,8.060657501220703,1.8091777563095093,0.19351540505886078,4.036187648773193,0.46389240026474,5.822023868560791,0.05,9956,-20.40218521442482,36.08778315709793,262,-8.367824565423161,-0.7691408220090367,0.6229520688731306,0.6683171495792251,0.24130094746035152,0.09038190296042344,-10.413,-3540.511,11.723,17.092,20277,360.0,0.0,0.0,360.0,0.0,0.0,0.0,0.0,0.0,0.0,1.0795,14.73,0.0577,2.018,0.669,0.241,0.091,14,1
68,BiLevel,13.1,0.9,9.175,12,0.5219,-4567.72,2932.233,4970,262,-9.68,42.63,-59.88,59.97,-0.9191,0.4292,15.944263458251953,0.7207850217819214,40.60851287841797,32.391380310058594,0.736746072769165,14.726675033569336,21.569482803344727,4.211912155151367,9.245180130004883,139.90505981445312,0.1,1.219867467880249,342948,-2.87,30.54,-103.88,99.03,-2.705,0.5,-3.269472360610962,0.1694456785917282,8.050275802612305,1.8582303524017334,0.18408821523189545,3.619047164916992,0.9943390488624573,18.218210220336914,0.05,10218,-9.678453126589073,42.628013219010384,262,-5.767744806252028,2.8263414056677574,0.6721544571058616,0.6706213532822064,0.23929994553233142,0.09007870118546213,0.62,186.097,12.955,22.13,21513,360.0,0.0,0.0,376.646,228.691,0.6072,0.0,0.0,871.168,2632.0,0.8793,15.43,0.0551,1.88,0.668,0.241,0.09,9,3
69,BiLevel,13.4,0.9,16.456,11,0.4519,-4802.164,3140.977,4970,262,-7.89,41.64,-59.87,59.96,-0.9662,0.3797,17.184083938598633,0.7169026732444763,29.330642700195312,21.136280059814453,0.6973880529403687,16.262109756469727,10.05440902709961,4.539119720458984,9.462252616882324,114.0330810546875,0.1,1.2228877544403076,347918,0.04,32.08,-97.51,104.68,-4.2408,0.5,-3.8508334159851074,0.2209608256816864,8.241816520690918,2.104640245437622,0.2067185342311859,4.305235862731934,0.9602737426757812,12.716733932495117,0.05,10480,-7.8890003037944405,41.641936704387106,262,-2.1687676390927093,3.799992716939826,0.6411970517542483,0.6749482247444271,0.23587879918731453,0.08917297606825839,0.808,226.18,12.928,29.384,22680,360.0,0.0,0.0,405.962,308.744,0.7605,0.0,0.0,2557.71,6128.0,0.8112,16.16,0.0546,1.732,0.672,0.236,0.091,8,3
70,BiLevel,12.1,0.9,4.398,13,0.3431,-3399.614,1750.586,4970,262,-22.71,36.98,-59.91,59.98,-0.684,0.4325,16.19968605041504,0.7027464509010315,28.022558212280273,19.840261459350586,0.798485517501831,16.004383087158203,14.590922355651855,5.075747966766357,13.188042640686035,173.6244354248047,0.1,1.2258301973342896,352888,-0.35,28.67,-99.4,96.56,-1.6068,0.5,-3.7325351238250732,0.22346296906471252,7.632778167724609,1.5492336750030518,0.21617574989795685,4.1900482177734375,0.49811992049217224,16.939971923828125,0.05,10742,-22.713062858950323,36.98405117736223,262,-6.542454793774768,-1.7944566193379852,0.6623978063136031,0.6753931602979366,0.23557748040586182,0.08902935929620161,-5.954,-1905.403,11.726,16.123,19085,360.0,0.0,0.0,360.227,61.578,0.1709,0.0,0.0,16.057,297.0,0.8751,16.78,0.0585,1.518,0.68,0.228,0.092,10,3
71,BiLevel,11.9,0.8,5.782,14,0.5112,-3149.065,1532.916,4970,262,-24.23,35.46,-59.95,59.95,-0.6336,0.4134,16.07689094543457,0.7439586520195007,34.330101013183594,26.161090850830078,0.8316271901130676,15.665356636047363,18.412607192993164,5.03233528137207,5.3663249015808105,158.32485961914062,0.1,1.228671908378601,357858,-3.72,30.38,-112.23,91.49,-1.8763,0.5,-3.257065773010254,0.19495315849781036,7.282864093780518,1.2529100179672241,0.18579941987991333,3.658267021179199,0.25445789098739624,6.470527172088623,0.05,11004,-24.23299934204098,35.45773731792189,262,-27.601228415652322,-9.64691983398638,0.6512125710901757,0.6755457917280776,0.23561648194887705,0.08883772632304529,-16.265,-5204.815,11.716,17.498,21812,360.0,0.0,0.0,360.0,9.761,0.0271,0.0,0.0,1.168,83.0,0.9673,16.98,0.0727,1.256,0.683,0.223,0.094,11,3
72,BiLevel,12.2,0.9,3.895,15,0.3741,-2398.496,962.323,4970,262,-20.79,35.62,-59.84,59.93,-0.4826,0.3604,16.613048553466797,0.8630815744400024,30.434844970703125,22.27997589111328,0.8501577973365784,15.93149185180664,14.2755126953125,5.329859256744385,7.117165565490723,232.7459259033203,0.1,1.2316535711288452,362828,-0.91,29.06,-92.23,92.66,-1.1097,0.0,-3.8879175186157227,0.2709313929080963,8.056496620178223,2.078969717025757,0.1912582516670227,4.440497398376465,0.15727770328521729,11.431140899658203,0.05,11266,-20.788421016153496,35.62028681586023,262,-15.33452795916482,-10.71380662416157,0.6188875032504382,0.6746940152525965,0.23669610418101952,0.08860988056638401,-12.098,-3871.415,11.487,15.382,20114,360.0,0.0,0.0,360.0,0.0,0.0,0.0,0.0,0.0,0.0,1.1859,16.4,0.1125,1.128,0.684,0.222,0.094,13,2
73,BiLevel,11.4,1.0,4.843,15,0.4108,-2595.706,1110.167,4970,262,-26.52,33.91,-59.94,59.86,-0.5223,0.3716,15.301937103271484,0.6997475624084473,23.920658111572266,15.800680160522461,0.6797724962234497,14.932382583618164,9.677038192749023,5.076282978057861,5.597163677215576,363.9432373046875,0.1,1.2344704866409302,367798,-3.68,32.11,-104.82,93.35,-1.069,0.0,-3.467360734939575,0.23337727785110474,7.374531269073486,1.452222228050232,0.1859944611787796,3.9429070949554443,0.09548787027597427,6.090140342712402,0.05,11528,-26.51895608022037,33.911890731646835,262,-18.825935052256835,-20.197459093206806,0.6514882265624262,0.6740901956027042,0.23756651653289224,0.0883432878644035,-24.3,-7775.918,11.494,16.337,20162,360.0,0.0,0.0,360.0,0.0,0.0,0.0,0.0,0.0,0.0,1.2145,16.84,0.1071,0.696,0.662,0.251,0.087,16,0
74,BiLevel,11.9,0.9,6.247,17,0.5815,-2935.428,1315.051,4971,262,-21.86,34.94,-59.84,59.91,-0.5905,0.3971,15.279021263122559,0.9678537845611572,43.3087272644043,35.17439651489258,0.9805819988250732,15.315119743347168,15.272050857543945,6.202305793762207,15.372259140014648,285.839111328125,0.1,1.2373626232147217,372769,-3.34,31.49,-106.68,90.25,-1.8761,0.0,-3.8771066665649414,0.18813073635101318,7.756261348724365,1.8841421604156494,0.1872643083333969,4.264237403869629,0.2232576459646225,5.039484977722168,0.05,11790,-21.862053699176546,34.94210239733253,262,-20.401745627742063,-3.6579868184892748,0.6197375416498638,0.6726684039298224,0.23936996142623657,0.08796163464394088,-7.977,-2712.227,11.734,17.981,20007,360.0,0.0,0.0,360.0,0.0,0.0,0.0,0.0,0.0,0.0,1.1022,12.92,0.314,0.82,0.667,0.246,0.087,14,3
75,BiLevel,12.6,0.9,4.548,16,0.4992,-2284.738,841.376,4970,262,-6.73,36.07,-59.66,59.96,-0.4597,0.3285,14.750811576843262,0.9087247252464294,31.37685775756836,23.27471923828125,0.7952606678009033,15.26006031036377,14.032968521118164,6.684667110443115,10.341480255126953,282.2441101074219,0.1,1.240073323249817,377739,1.38,31.98,-104.85,107.72,-0.8281,0.0,-4.079759120941162,0.24689358472824097,7.199342727661133,1.3767272233963013,0.23900055885314941,4.581387996673584,0.13347318768501282,16.165132522583008,0.05,12052,-6.7306318668629865,36.06581780245822,262,-4.81209286639565,4.092259539585365,0.5401078097245209,0.6714086962249763,0.24087254420771756,0.08771875956730604,1.047,356.123,12.336,16.884,21166,360.0,0.0,0.0,360.0,0.0,0.0,0.0,0.0,0.0,0.0,1.1708,9.06,0.5011,1.16,0.471,0.468,0.062,15,1
76,BiLevel,13.5,0.9,9.733,11,0.4638,-3806.538,2137.021,4971,262,-8.65,39.46,-59.92,59.88,-0.7657,0.4366,16.032087326049805,0.9371544122695923,30.006126403808594,21.908321380615234,0.900863528251648,15.696319580078125,18.910396575927734,5.800271034240723,9.812734603881836,228.83389282226562,0.1,1.242706537246704,382710,-1.18,31.65,-103.36,100.66,-3.0394,0.5,-4.13226318359375,0.2362632304430008,7.44091796875,1.6683839559555054,0.19188810884952545,4.609449863433838,0.23431909084320068,7.83098840713501,0.05,12314,-8.649645302597575,39.45932004461974,262,-7.8472239415112295,-4.871892644229688,0.6020278632037444,0.6737535628718174,0.23887751943443752,0.08736891769374497,-6.477,-1813.683,12.498,22.231,21863,360.0,0.0,0.0,402.365,245.582,0.6103,0.0,0.0,2401.408,5550.0,0.8902,12.82,0.1822,1.838,0.47,0.469,0.061,8,3
77,BiLevel,11.9,1.0,4.289,15,0.4909,-2220.876,803.671,4970,262,-12.66,35.36,-59.77,59.9,-0.4469,0.33,14.083124160766602,0.742928147315979,27.99596405029297,19.938142776489258,0.6733688116073608,15.012263298034668,11.353025436401367,6.517834186553955,6.604696273803711,201.87681579589844,0.1,1.2452294826507568,387680,-2.37,29.57,-93.15,89.34,-1.6214,0.5,-4.030540466308594,0.18430738151073456,7.45203971862793,1.7277171611785889,0.16751278936862946,4.407721519470215,0.8386371731758118,9.22695541381836,0.05,12576,-12.662678877943359,35.36206086037554,262,-11.978546217240785,-2.6119294852018355,0.5536825897988544,0.6729815120689254,0.23980256580124573,0.08721592212982891,-5.994,-2038.065,11.964,16.252,19637,360.0,0.0,0.0,360.0,6.315,0.0175,0.0,0.0,0.275,72.0,1.0114,16.66,0.0736,1.406,0.591,0.333,0.077,12,3
78,BiLevel,12.0,1.0,6.817,13,0.6045,-2677.93,1162.203,4971,262,-17.55,35.81,-59.89,59.94,-0.5387,0.3813,13.219169616699219,0.7063475847244263,23.826034545898438,15.787904739379883,0.6835343837738037,14.39566707611084,12.527446746826172,6.401395320892334,7.313655376434326,142.6466827392578,0.1,1.2476632595062256,392651,0.74,30.81,-92.14,95.44,-2.173,0.5,-4.0213727951049805,0.18877741694450378,8.21829605102539,2.5398690700531006,0.1704280972480774,4.409531593322754,0.17422303557395935,22.76629066467285,0.05,12838,-17.553942736484046,35.80912007267534,262,-5.54990676014047,-7.954059332079792,0.5943429053271211,0.673905896309745,0.23898267446198937,0.08711142922826583,-5.83,-1749.032,11.765,18.582,21099,360.0,0.0,0.0,361.565,71.256,0.1971,0.0,0.0,21.866,544.0,0.9331,16.38,0.1037,1.249,0.68,0.228,0.092,10,3
79,BiLevel,12.6,1.1,6.276,15,0.503,-2313.411,878.723,4971,262,-10.15,35.78,-59.7,59.94,-0.4654,0.3425,13.2290620803833,0.6694670915603638,31.884841918945312,23.867298126220703,0.709937334060669,14.97960376739502,14.579614639282227,7.154907703399658,5.878428936004639,179.2440643310547,0.1,1.2500572204589844,397622,-2.91,30.16,-91.45,95.88,-1.4445,0.0,-3.409278631210327,0.22036735713481903,7.351534366607666,1.7182281017303467,0.16208411753177643,3.863400459289551,0.3593668043613434,9.10003662109375,0.05,13100,-10.153870158214096,35.781375832872286,262,-8.492356001389654,-0.795564119360949,0.5459017779589896,0.6736548437961208,0.2395124894029703,0.08683266680090881,-2.926,-936.285,12.069,18.345,20794,360.0,0.0,0.0,360.0,0.0,0.0,0.0,0.0,0.0,0.0,0.9608,14.84,0.1648,1.633,0.67,0.243,0.087,14,1
80,BiLevel,12.0,1.1,4.322,14,0.434,-2519.231,1000.949,4970,262,-27.57,31.56,-59.86,59.78,-0.5069,0.3493,13.30516529083252,0.6919043660163879,26.78986358642578,18.79409408569336,0.6901626586914062,14.274703979492188,11.386863708496094,6.424148082733154,2.308516502380371,152.0162353515625,0.1,1.2523400783538818,402592,-1.46,32.23,-103.3,95.81,-1.66,0.5,-4.052839279174805,0.23567083477973938,6.962954044342041,1.3713088035583496,0.1663520336151123,4.535419464111328,0.500464677810669,6.782611846923828,0.05,13362,-27.57020047784931,31.55906766226406,262,-18.687498000362204,-24.817312618619518,0.6331038735257866,0.6734724489514995,0.23981640848936875,0.08671114255913183,-24.53,-7359.036,11.386,15.708,18874,360.0,0.0,0.0,360.0,6.578,0.0183,0.0,0.0,0.286,75.0,0.8951,16.44,0.086,1.417,0.608,0.313,0.078,11,3
81,BiLevel,12.0,1.0,8.112,15,0.3034,-2551.554,1004.192,4969,262,-27.86,32.77,-59.91,59.88,-0.5135,0.3571,9.984559059143066,0.9090162515640259,34.39805221557617,26.417516708374023,0.7394537329673767,13.045042991638184,17.024200439453125,8.48214340209961,6.594448089599609,284.29473876953125,0.1,1.2544276714324951,407561,-1.31,29.68,-105.27,101.58,-1.786,0.0,-4.2436747550964355,0.19546586275100708,6.8145294189453125,1.264553189277649,0.20267343521118164,4.649472236633301,0.125298872590065,33.43190383911133,0.05,13624,-27.864718511710375,32.767078978845,262,-28.024427979655172,-22.054493552760075,0.6506246948490295,0.673806558459109,0.2400232451593811,0.08617019638150994,-23.987,-8155.744,11.463,19.575,22556,360.0,0.0,0.0,360.0,0.0,0.0,0.0,0.0,0.0,0.0,0.823,16.53,0.0946,1.194,0.68,0.229,0.091,14,1
82,BiLevel,12.1,0.9,5.115,15,0.4095,-2414.719,902.731,4970,262,-23.55,31.49,-59.83,59.96,-0.4859,0.3411,9.581633567810059,1.0134634971618652,25.884601593017578,17.91421127319336,0.7970736622810364,11.219850540161133,13.009628295898438,6.700008392333984,3.8316051959991455,199.6449432373047,0.1,1.2565017938613892,412531,0.16,27.18,-90.18,70.86,-1.3667,0.0,-4.089510917663574,0.19343511760234833,8.42973804473877,2.921682596206665,0.17928680777549744,4.4880290031433105,0.6610166430473328,16.859092712402344,0.05,13886,-23.54563294018748,31.49266452864302,262,-20.179838644830802,-16.220935638758696,0.5863503863359179,0.6733125450775819,0.2407726035145971,0.08591485140782096,-16.237,-4871.181,11.387,16.502,20186,360.0,0.0,0.0,360.0,0.0,0.0,0.0,0.0,0.0,0.0,0.8002,15.33,0.1449,1.261,0.68,0.229,0.091,13,2
83,BiLevel,13.1,0.9,10.061,11,0.663,-2714.663,1105.91,4970,262,-14.32,34.99,-59.77,59.9,-0.5462,0.3702,11.459491729736328,0.8768450021743774,25.11626434326172,17.155017852783203,0.8323085308074951,13.060863494873047,11.612428665161133,7.022315502166748,4.035093784332275,142.66224670410156,0.1,1.258487343788147,417501,1.15,30.86,-106.11,92.88,-3.0399,0.5,-4.403834342956543,0.2650810182094574,7.154975891113281,1.6840969324111938,0.17538973689079285,4.9419450759887695,1.2073334455490112,7.005897045135498,0.05,14148,-14.322097331029129,34.987911702778874,262,-9.279099846297973,-17.479095972682302,0.558211793618779,0.6755259385226905,0.23876055019691753,0.08571351128039206,-9.532,-2478.374,11.736,21.797,21872,360.0,0.0,0.0,387.435,136.039,0.3511,0.0,0.0,1566.294,3585.0,0.6729,12.13,0.191,2.105,0.628,0.292,0.08,8,3
84,BiLevel,11.9,1.1,3.772,15,0.4723,-2419.656,898.239,4970,262,-18.15,33.01,-59.87,59.98,-0.4869,0.3345,12.259527206420898,0.7110282778739929,22.753829956054688,14.824737548828125,0.7005295753479004,14.902399063110352,11.969734191894531,8.074200630187988,3.1135013103485107,158.8299560546875,0.1,1.2603557109832764,422471,1.52,30.59,-112.27,96.66,-1.0812,0.0,-4.297086715698242,0.2518225908279419,6.608782768249512,1.1737762689590454,0.20774537324905396,4.811403751373291,0.10919874161481857,9.459620475769043,0.05,14410,-18.147100499567298,33.01245920036177,262,-10.142052529360118,-14.631614708273034,0.5564620777530263,0.6746529319915145,0.23974923239830692,0.08559783561017854,-11.545,-3463.589,11.502,15.274,18765,360.0,0.0,0.0,360.0,0.0,0.0,0.0,0.0,0.0,0.0,0.6751,14.03,0.0762,2.116,0.583,0.343,0.074,13,2
85,BiLevel,12.1,0.9,7.158,12,0.4294,-3229.253,1574.239,4970,262,-19.02,35.76,-59.95,59.94,-0.6497,0.4252,9.832796096801758,1.1771831512451172,31.6800537109375,23.73526382446289,1.0461333990097046,13.278610229492188,13.9760103225708,9.595182418823242,7.774142742156982,619.7830200195312,0.1,1.262250304222107,427441,-4.54,28.04,-87.25,91.08,-2.2784,0.5,-4.524017333984375,0.20976968109607697,6.685802459716797,1.2872456312179565,0.18387363851070404,4.950219631195068,0.44105374813079834,7.597734451293945,0.05,14672,-19.016332178200845,35.75817448202688,262,-12.182644834173352,-14.54152769916936,0.6049113343546986,0.6762293221683302,0.2383429958654107,0.08542768196625922,-13.784,-3859.428,11.899,19.057,20846,360.0,0.0,0.0,361.377,96.543,0.2672,0.0,0.0,77.424,598.0,0.5666,13.88,0.0759,2.119,0.675,0.24,0.086,9,3
86,BiLevel,11.9,0.9,5.755,15,0.4921,-2292.033,806.572,4971,262,-18.94,35.12,-59.78,59.97,-0.4611,0.3106,8.922713279724121,0.9017653465270996,40.556175231933594,32.65375518798828,0.8123292326927185,11.655414581298828,24.088665008544922,8.11336612701416,2.7988765239715576,146.683349609375,0.1,1.2641479969024658,432412,-1.81,32.5,-110.44,86.24,-1.3447,0.0,-4.3926215171813965,0.182272270321846,6.685285568237305,1.3216158151626587,0.16006919741630554,4.765163898468018,0.16550560295581818,11.550980567932129,0.05,14934,-18.936036358982193,35.12248165856396,262,-4.348247778729389,-11.376744270677628,0.5947507017848898,0.6758464793749954,0.23895481508591565,0.08519870553908887,-7.211,-2307.434,11.563,17.318,19803,360.0,0.0,0.0,360.0,0.0,0.0,0.0,0.0,0.0,0.0,0.6481,15.39,0.0576,1.84,0.676,0.238,0.085,14,1
87,BiLevel,12.2,1.2,4.221,15,0.5224,-2543.641,981.399,4970,262,-23.78,31.69,-59.86,59.95,-0.5118,0.3498,8.493707656860352,1.067775011062622,24.203289031982422,16.298097610473633,0.9850207567214966,11.238190650939941,12.7476224899292,8.391534805297852,3.613211154937744,198.0869598388672,0.1,1.2659590244293213,437382,-1.33,30.57,-94.83,88.14,-1.5246,0.0,-4.6233439445495605,0.17451536655426025,6.496875762939453,1.1690037250518799,0.16984573006629944,4.985476016998291,0.44747599959373474,11.194597244262695,0.05,15196,-23.778463991890685,31.686912509707295,262,-13.369675259213698,-14.243114011077896,0.5966492074813425,0.6750720645175552,0.2398343027854392,0.08509363269700555,-12.096,-3870.835,11.563,15.784,20292,360.0,0.0,0.0,360.0,0.0,0.0,0.0,0.0,0.0,0.0,0.595,14.02,0.0942,2.0,0.678,0.236,0.086,12,3
88,BiLevel,13.0,1.3,7.637,15,0.443,-2394.294,892.395,4971,262,-11.48,35.8,-59.96,59.92,-0.4817,0.3343,8.820838928222656,0.8405927419662476,32.24485778808594,24.392635345458984,0.6615632772445679,11.480599403381348,22.294422149658203,7.806143760681152,7.208605766296387,132.2575225830078,0.1,1.2675493955612183,442353,-0.82,30.96,-93.3,95.83,-1.6598,0.0,-4.411505222320557,0.18113616108894348,6.663880348205566,1.3730279207229614,0.1660241037607193,4.785195350646973,0.1298069953918457,2.6452417373657227,0.05,15458,-11.47611902755528,35.80406754438667,262,-8.177591808218704,-10.476852093715417,0.5563670703482465,0.6751912784012922,0.24009412123774806,0.08471460036095961,-7.086,-2267.539,12.026,19.663,21620,360.0,0.0,0.0,360.0,0.0,0.0,0.0,0.0,0.0,0.0,0.6059,11.73,0.1046,2.496,0.675,0.24,0.085,16,0
89,BiLevel,11.9,1.0,4.341,14,0.5383,-2316.427,844.54,4970,262,-19.25,32.51,-59.82,59.81,-0.4661,0.3195,9.510825157165527,0.7337989807128906,37.139732360839844,29.29904556274414,0.7441513538360596,13.068635940551758,18.979509353637695,9.097413063049316,8.299891471862793,260.77056884765625,0.1,1.269004225730896,447323,-2.54,33.0,-106.26,89.53,-1.0091,0.0,-4.37860107421875,0.17404422163963318,6.817904949188232,1.562231183052063,0.16913475096225739,4.737539768218994,0.4393426477909088,7.435811996459961,0.05,15720,-19.24741032256312,32.51275879228002,262,-14.637330999499872,-15.025666376477796,0.5594987406117523,0.6749613854672493,0.240357652163519,0.08468096236923192,-15.383,-4614.965,11.502,15.843,19825,360.0,0.0,0.0,360.0,0.0,0.0,0.0,0.0,0.0,0.0,0.6304,11.74,0.0696,2.541,0.67,0.245,0.084,14,0
90,BiLevel,12.1,0.9,4.216,14,0.4746,-2136.182,705.991,4971,262,-11.9,35.61,-59.81,59.71,-0.4297,0.2904,10.671710968017578,0.7479732632637024,23.009593963623047,15.18840503692627,0.7588981986045837,13.87414836883545,13.54386043548584,8.659077644348145,3.17988657951355,155.28602600097656,0.1,1.270409107208252,452294,-1.45,29.72,-96.12,92.2,-0.9742,0.0,-4.224403381347656,0.17709346115589142,6.6307692527771,1.40912663936615,0.16228429973125458,4.582962512969971,0.06876538693904877,9.524521827697754,0.05,15982,-11.898684250860072,35.60615749757803,262,-8.401700752659847,-9.004240388305565,0.5523266614926711,0.6747356261731825,0.2406525670146552,0.08461180681216232,-3.612,-1083.622,11.924,16.14,20189,360.0,0.0,0.0,360.0,0.0,0.0,0.0,0.0,0.0,0.0,0.7024,13.01,0.0553,2.349,0.675,0.24,0.085,15,0
91,BiLevel,13.1,1.1,5.453,11,0.5837,-2740.646,1159.055,4971,262,-15.45,35.5,-59.81,59.96,-0.5513,0.3782,8.670992851257324,0.7422760725021362,16.900903701782227,9.108555793762207,0.6961942315101624,12.624595642089844,7.453976631164551,8.799322128295898,4.203805446624756,154.89474487304688,0.1,1.2717028856277466,457265,-4.4,29.24,-108.11,73.73,-2.0641,0.5,-4.439479827880859,0.22062447667121887,6.344854354858398,1.1543238162994385,0.1954103708267212,4.892908096313477,0.5508509874343872,15.093347549438477,0.05,16244,-15.44879356063745,35.49849314723479,262,-8.677547522830336,-5.910682130330487,0.5761577584307263,0.6757685695699954,0.23956498375188123,0.08466644667812336,-9.15,-2379.114,11.762,17.214,21387,360.0,0.0,0.0,385.6,124.314,0.3224,0.0,0.0,1464.244,3347.0,0.5064,13.92,0.0513,2.274,0.675,0.241,0.085,8,3
92,BiLevel,12.2,0.9,4.485,15,0.5149,-2254.6,785.642,4970,262,-21.77,31.65,-59.92,59.77,-0.4536,0.3111,8.351282119750977,0.7398415803909302,27.664085388183594,19.898029327392578,0.6264700293540955,12.020891189575195,16.202133178710938,8.6724853515625,7.878908634185791,177.10101318359375,0.1,1.2729774713516235,462235,-3.51,31.42,-103.28,84.31,-1.0401,0.0,-5.176782131195068,0.20919162034988403,6.903493881225586,1.743467092514038,0.17431603372097015,5.6042022705078125,0.2793627977371216,10.30088996887207,0.05,16506,-21.767166378906737,31.650743341613502,262,-19.813633109315447,-16.189662520195306,0.5685524550868434,0.6750831890566866,0.2403712292181415,0.08454558172517174,-19.003,-6081.05,11.355,15.84,20002,360.0,0.0,0.0,360.0,0.0,0.0,0.0,0.0,0.0,0.0,0.5584,14.8,0.0528,2.144,0.676,0.24,0.085,15,0
93,BiLevel,12.0,0.9,4.735,15,0.5583,-2438.361,889.738,4970,262,-19.61,30.7,-59.89,59.98,-0.4906,0.3343,9.028637886047363,0.7219852805137634,29.950538635253906,22.19586181640625,0.7047021389007568,12.847514152526855,17.86640167236328,8.941601753234863,5.818287372589111,177.11231994628906,0.1,1.274379014968872,467205,-2.24,30.61,-105.22,88.96,-1.6414,0.0,-4.903458595275879,0.20325887203216553,6.257054805755615,1.1264727115631104,0.2145974040031433,5.316852569580078,0.7008512020111084,21.92563819885254,0.05,16768,-19.60529181028021,30.703725646775336,262,-15.510586201203495,-14.986557670408171,0.5324507596696575,0.674444324333126,0.24111573594454758,0.08443993972232644,-15.211,-4867.453,11.403,16.138,18983,360.0,0.0,0.0,360.0,0.0,0.0,0.0,0.0,0.0,0.0,0.4987,14.95,0.06,2.017,0.675,0.24,0.085,12,3
94,BiLevel,12.2,0.9,6.892,12,0.3949,-2732.533,1215.576,4970,262,-6.9,34.69,-59.96,59.99,-0.5498,0.4025,7.9190673828125,0.680903434753418,33.438350677490234,25.703393936157227,0.689311146736145,12.856565475463867,21.323524475097656,9.825650215148926,4.254056930541992,137.48805236816406,0.1,1.2756128311157227,472175,-2.68,27.76,-102.68,80.47,-2.2179,0.5,-4.950594425201416,0.22271212935447693,5.94097900390625,0.8420392274856567,0.17460758984088898,5.400485038757324,0.24038608372211456,5.204473972320557,0.05,17030,-6.896123983323859,34.69337646905884,262,-5.899136915646101,-4.356873902913771,0.5174690778210237,0.6758997086143727,0.23982260718893308,0.0842776841966942,0.117,34.977,12.096,18.989,20997,360.0,0.0,0.0,363.581,106.447,0.2928,0.0,0.0,121.786,608.0,0.3891,14.44,0.066,1.961,0.674,0.241,0.084,9,3
95,BiLevel,12.0,1.0,4.427,12,0.6196,-2526.777,1024.583,4970,262,-13.41,34.25,-59.82,59.92,-0.5084,0.368,8.476536750793457,0.822484016418457,21.72632598876953,13.999066352844238,0.7780455946922302,12.853784561157227,13.55508041381836,9.670482635498047,10.796592712402344,197.8759002685547,0.1,1.276601791381836,477145,-2.15,31.37,-102.6,99.43,-1.7737,0.5,-4.979598045349121,0.19706135988235474,6.267803192138672,1.1985186338424683,0.19498950242996216,5.38563871383667,0.7671507000923157,17.907712936401367,0.05,17292,-13.40787659473455,34.25453138979511,262,-4.458203862999615,-8.120706957735512,0.5411456447022169,0.6766456863595358,0.23893397654028034,0.08442033710018391,-8.4,-2184.07,11.698,16.125,19419,360.0,0.0,0.0,364.292,95.955,0.2634,0.0,0.0,46.668,635.0,0.3391,10.32,0.1031,2.679,0.676,0.24,0.084,9,3
96,BiLevel,11.5,1.3,4.128,15,0.4351,-2588.808,1026.482,4970,262,-30.12,28.75,-59.95,59.98,-0.5209,0.3629,8.620957374572754,0.6502705812454224,24.524105072021484,16.825794219970703,0.7209393978118896,13.575541496276855,16.283849716186523,9.938420295715332,6.068215847015381,176.96853637695312,0.1,1.2776093482971191,482115,0.32,29.87,-109.35,109.41,-0.9438,0.0,-4.888251304626465,0.22744916379451752,6.169228553771973,1.1291835308074951,0.16944557428359985,5.34745454788208,0.4144768714904785,10.475567817687988,0.05,17554,-30.124646531356877,28.746198187707805,262,-24.86991942885675,-24.1460663679399,0.6294822635687997,0.6759237555951361,0.23980430644593714,0.08427193795892685,-29.007,-9282.184,11.263,15.391,19286,360.0,0.0,0.0,360.0,0.0,0.0,0.0,0.0,0.0,0.0,0.2997,10.95,0.0526,2.678,0.674,0.242,0.084,15,0
97,BiLevel,11.8,1.0,4.44,12,0.4947,-2685.831,1157.138,4970,262,-10.16,33.83,-59.68,59.96,-0.5404,0.3814,8.009538650512695,0.7253435254096985,20.174789428710938,12.508776664733887,0.6417272090911865,12.772394180297852,7.629836559295654,9.794839859008789,6.947768688201904,112.70452117919922,0.1,1.2784756422042847,487085,-1.76,29.22,-91.68,105.32,-1.7448,0.5,-4.8326592445373535,0.19247427582740784,6.680515766143799,1.6698366403579712,0.16941213607788086,5.228759765625,0.14397849142551422,6.439898490905762,0.05,17816,-10.162200065864104,33.83057459641487,262,-10.975083350625479,-12.529813483514284,0.5131640301435401,0.6767265667618587,0.23894419922666396,0.08432923401147728,-5.965,-1789.402,11.863,16.303,19193,360.0,0.0,0.0,362.335,100.357,0.277,0.0,0.0,64.782,512.0,0.2726,11.48,0.052,2.669,0.676,0.24,0.084,9,3
98,BiLevel,12.0,1.0,3.891,14,0.4709,-2339.586,818.731,4971,262,-22.05,31.06,-59.9,59.97,-0.4706,0.3192,8.295670509338379,0.7252868413925171,19.321962356567383,11.675500869750977,0.6656115055084229,12.957931518554688,9.879342079162598,9.781087875366211,7.171702861785889,140.75746154785156,0.1,1.2793374061584473,492056,-4.16,29.28,-112.43,80.16,-0.9091,0.0,-5.135241508483887,0.19130775332450867,5.934582710266113,0.9501439929008484,0.15780793130397797,5.531758785247803,0.08781519532203674,4.245576858520508,0.05,18078,-22.05349836505056,31.059976676769494,262,-11.044434506367697,-15.511477618468437,0.5618721324546102,0.6764270826954542,0.23929107740576924,0.08428183989877654,-17.864,-5359.152,11.316,15.207,20553,360.0,0.0,0.0,360.0,0.0,0.0,0.0,0.0,0.0,0.0,0.3689,12.16,0.0529,2.626,0.677,0.239,0.084,15,0
99,BiLevel,12.1,0.9,4.844,14,0.4979,-2537.69,986.96,4970,262,-27.11,28.47,-59.84,59.96,-0.5106,0.3517,8.357885360717773,0.8482287526130676,23.383955001831055,15.744595527648926,0.8214536905288696,13.768353462219238,12.847145080566406,11.047005653381348,3.874506950378418,180.11996459960938,0.1,1.280152678489685,497026,-3.46,29.27,-108.72,90.19,-1.1089,0.0,-5.126102924346924,0.1798599809408188,6.176811695098877,1.2179219722747803,0.16538715362548828,5.492853164672852,0.22288376092910767,11.041893005371094,0.05,18340,-27.11220810726862,28.465805889256195,262,-22.246119564614798,-20.47913868850783,0.5884856316074824,0.6763392279029429,0.23946581966838518,0.08419495242867192,-24.154,-7246.279,11.224,16.068,21446,360.0,0.0,0.0,360.0,0.0,0.0,0.0,0.0,0.0,0.0,0.3049,12.17,0.0559,2.599,0.676,0.239,0.084,14,0
100,BiLevel,12.5,1.0,10.242,11,0.5238,-3020.61,1358.11,4972,262,-15.23,32.86,-59.83,59.98,-0.6075,0.3972,8.800721168518066,0.6765936613082886,24.125703811645508,16.51454734802246,0.7119376063346863,13.536279678344727,12.585831642150879,10.120664596557617,5.17575216293335,142.19920349121094,0.1,1.2808525562286377,500000,-4.92,29.93,-114.98,99.45,-3.0186,0.5,-5.1753435134887695,0.1753753125667572,7.05509614944458,2.1217501163482666,0.1726371943950653,5.532763481140137,0.444364458322525,9.44352912902832,0.05,18602,-15.229207457689462,32.86119245226848,262,-15.992876997433209,-17.38738323246178,0.5274690121236103,0.678451024893504,0.23762695523296617,0.08392201987352992,-8.837,-2297.622,11.703,21.945,20993,360.0,0.0,0.0,378.692,128.872,0.3403,0.0,0.0,1140.733,2441.0,0.4715,12.83,0.0562,2.51,0.676,0.239,0.084,8,3
101,BiLevel,11.7,1.2,4.68,15,0.3968,-2421.936,882.213,4970,262,-20.16,28.76,-59.7,59.95,-0.4873,0.3384,8.104596138000488,0.5971208810806274,23.869380950927734,16.292238235473633,0.603020191192627,13.320438385009766,15.284555435180664,10.044713973999023,7.509494781494141,123.67282104492188,0.1,1.2815083265304565,500000,-0.12,30.38,-103.6,90.92,-1.2718,0.0,-5.242987155914307,0.168656587600708,6.137742042541504,1.226623773574829,0.15766876935958862,5.5908002853393555,0.4285891354084015,6.109118461608887,0.05,18864,-20.164535524570187,28.763874695760606,262,-14.097603696976837,-13.054915848374367,0.5106779426732736,0.6778811962726988,0.2383970001217692,0.08372180360553208,-15.038,-4511.412,11.293,15.973,20708,360.0,0.0,0.0,360.0,0.0,0.0,0.0,0.0,0.0,0.0,0.4764,12.94,0.0608,2.448,0.678,0.238,0.084,13,2
102,BiLevel,11.8,1.0,5.504,13,0.4327,-2314.401,802.821,4969,262,-27.11,27.04,-59.93,59.94,-0.4658,0.3128,6.809084415435791,0.6800045967102051,14.77419662475586,7.22623348236084,0.568207859992981,12.713472366333008,7.793532848358154,10.583758354187012,7.6749138832092285,165.8550262451172,0.1,1.2820810079574585,500000,0.25,31.24,-101.82,99.23,-1.8716,0.5,-5.735106468200684,0.19274719059467316,6.042379379272461,1.1549831628799438,0.16554030776023865,6.127439022064209,0.42821744084358215,9.26737117767334,0.05,19126,-27.107125531816074,27.03911399482158,262,-26.092193171225098,-23.670011788763496,0.5677036515147347,0.6784498313936598,0.23793335628037954,0.08361681232596076,-26.59,-8508.958,11.293,16.797,20432,360.0,0.0,0.0,360.0,1.491,0.0041,0.0,0.0,0.065,17.0,0.5406,11.58,0.0769,2.674,0.678,0.238,0.084,10,3
103,BiLevel,12.4,1.2,5.36,12,0.506,-2433.644,897.729,4971,262,-20.88,29.71,-59.85,59.75,-0.4896,0.3437,6.721956253051758,0.6298838257789612,17.654861450195312,10.13107681274414,0.5721614360809326,11.978132247924805,8.377031326293945,9.885690689086914,4.943301677703857,129.65469360351562,0.1,1.2825771570205688,500000,-5.25,30.25,-107.41,84.12,-1.9317,0.5,-5.860156536102295,0.2086803913116455,6.393764495849609,1.5288435220718384,0.17310097813606262,6.283840179443359,0.37357303500175476,15.791240692138672,0.05,19388,-20.88496530240316,29.707301167254688,262,-22.550839651964218,-18.034641817996377,0.5306521204032508,0.6794254221126863,0.23694684216643289,0.08362773572088088,-15.904,-4771.266,11.464,16.824,20597,360.0,0.0,0.0,362.208,65.859,0.1818,0.0,0.0,51.042,457.0,0.4908,10.7,0.0671,2.814,0.678,0.238,0.084,9,3
104,BiLevel,12.1,1.3,5.273,12,0.6041,-2545.954,997.968,4969,262,-18.69,32.56,-59.86,59.94,-0.5124,0.3523,7.634984016418457,0.6197822093963623,18.61144256591797,11.101527214050293,0.6562023758888245,13.066478729248047,7.146520137786865,10.434471130371094,4.230592727661133,127.6362533569336,0.1,1.2828516960144043,500000,-0.67,32.19,-105.06,108.42,-1.9373,0.5,-5.711552619934082,0.22831419110298157,6.858923435211182,2.015763521194458,0.20314477384090424,6.174518585205078,0.2556689977645874,11.458488464355469,0.05,19650,-18.69132838856101,32.563539333743705,262,-14.784265634182253,-9.349715615573682,0.5539430068492932,0.6803266265829887,0.23596638023655633,0.08370699318045509,-9.645,-2893.567,11.547,16.821,19665,360.0,0.0,0.0,361.127,72.38,0.2004,0.0,0.0,44.702,411.0,0.3665,10.54,0.0571,2.822,0.679,0.237,0.084,9,3
105,BiLevel,12.4,1.0,12.947,14,0.5651,-2329.395,830.48,4970,262,-17.68,30.97,-59.78,59.99,-0.4687,0.3309,7.349851608276367,0.6221940517425537,17.348752975463867,9.863896369934082,0.6528093218803406,13.429110527038574,6.768819808959961,11.209146499633789,5.132700443267822,110.98779296875,0.1,1.2829774618148804,500000,-4.27,31.6,-100.64,91.58,-3.3636,0.0,-5.53499698638916,0.2948189079761505,5.733543872833252,0.9146380424499512,0.1974589228630066,6.134496212005615,0.4839265048503876,17.600322723388672,0.05,19912,-17.677867780409947,30.96893374153174,262,-16.519139832258226,-5.273238600555219,0.5225728577669877,0.6819939921530459,0.23480986384003188,0.08319614400692221,-11.783,-3534.988,11.5,24.447,22017,360.0,0.0,0.0,360.0,0.0,0.0,0.0,0.0,0.0,0.0,0.4434,11.05,0.0542,2.782,0.68,0.236,0.084,11,3
106,BiLevel,12.2,1.0,4.581,14,0.468,-2135.872,725.87,4970,262,-13.0,29.95,-59.47,59.88,-0.4298,0.3068,7.915546417236328,0.6751015782356262,12.338390350341797,4.885331630706787,0.540880560874939,13.69336223602295,4.278391361236572,10.808456420898438,4.822789192199707,196.13906860351562,0.1,1.2829509973526,500000,-0.52,29.66,-101.64,95.16,-1.2889,0.0,-5.4053425788879395,0.19834531843662262,6.750028610229492,1.9542334079742432,0.18234622478485107,5.815381050109863,0.8357201218605042,12.599773406982422,0.05,20174,-12.997105563559403,29.94671478587288,262,-10.072839634826309,-10.05480374678185,0.47133240165705914,0.6818359297365214,0.23505067538328472,0.08311339488019395,-8.125,-2437.416,11.394,15.975,20537,360.0,0.0,0.0,360.0,0.0,0.0,0.0,0.0,0.0,0.0,0.6243,11.93,0.0546,2.676,0.682,0.235,0.083,12,2
107,BiLevel,12.2,1.1,3.815,15,0.4766,-2099.173,691.548,4971,262,-18.15,29.65,-59.85,59.96,-0.4223,0.298,7.314256191253662,0.4923270046710968,20.055702209472656,12.628538131713867,0.47967907786369324,13.473937034606934,10.828633308410645,10.774520874023438,4.143224716186523,84.13859558105469,0.1,1.2824931144714355,500000,-1.69,28.9,-102.87,114.33,-1.1162,0.0,-5.648772716522217,0.18525627255439758,6.2066450119018555,1.4336628913879395,0.17590521275997162,6.032732009887695,0.11722658574581146,23.131610870361328,0.05,20436,-18.149356614460327,29.64948540964147,262,-12.932524585880731,-13.925006064380469,0.504357394666668,0.6810320636139513,0.23594452715870265,0.083023409227346,-15.052,-4816.764,11.564,15.379,20394,360.0,0.0,0.0,360.0,0.0,0.0,0.0,0.0,0.0,0.0,0.7465,12.77,0.0553,2.529,0.682,0.235,0.083,13,2
108,BiLevel,12.1,1.1,4.881,13,0.4671,-2322.885,831.169,4970,262,-23.02,28.61,-59.97,59.98,-0.4674,0.3207,7.382725715637207,0.6149682402610779,19.353618621826172,11.94265365600586,0.5705164670944214,13.696044921875,10.662606239318848,11.355733871459961,6.483449935913086,117.54932403564453,0.1,1.2819403409957886,500000,0.65,34.03,-92.77,109.92,-1.7505,0.5,-6.104229927062988,0.19197949767112732,5.843074798583984,1.090529203414917,0.17424699664115906,6.4967217445373535,0.47161364555358887,6.480159282684326,0.05,20698,-23.01944464126703,28.60602428355925,262,-16.995815018446827,-16.946870510044853,0.5396109276748746,0.6814178394383545,0.23560019047075367,0.08298197009089178,-17.948,-5384.292,11.23,16.111,19571,360.0,0.0,0.0,360.0,37.357,0.1038,0.0,0.0,4.737,257.0,0.637,13.51,0.0534,2.422,0.681,0.236,0.083,10,3
109,BiLevel,12.3,1.2,7.116,11,0.4722,-2991.709,1338.434,4970,262,-20.01,31.61,-59.92,59.97,-0.602,0.3925,7.623137950897217,0.5373545289039612,21.55084800720215,14.17131519317627,0.5173254609107971,13.821613311767578,12.967958450317383,10.76468276977539,3.8208065032958984,150.31735229492188,0.1,1.2813358306884766,500000,-3.98,28.36,-100.44,79.44,-2.3675,0.5,-5.712831974029541,0.15856631100177765,5.254671096801758,0.5240824818611145,0.1558135598897934,6.0415825843811035,0.09623130410909653,10.649543762207031,0.05,20960,-20.011902002798735,31.610220594710515,262,-20.091161515063753,-16.500021747538916,0.5502641278615488,0.6827570098761725,0.23436946759343888,0.0828735225303886,-15.401,-4004.148,11.47,18.587,20164,360.0,0.0,0.0,370.862,133.301,0.3594,0.0,0.0,481.5,1702.0,0.8515,14.62,0.0522,2.266,0.681,0.236,0.083,8,3
110,BiLevel,12.6,1.1,9.703,11,0.539,-3000.022,1367.819,4971,262,-20.29,32.81,-59.87,60.0,-0.6035,0.3967,5.9376678466796875,0.597354531288147,16.647188186645508,9.282541275024414,0.6055464148521423,12.775946617126465,9.87424373626709,11.559431076049805,6.6243085861206055,103.1825180053711,0.1,1.2804367542266846,500000,-2.95,30.21,-93.56,84.17,-2.9123,0.5,-5.91602897644043,0.19370737671852112,6.271149635314941,1.5610852241516113,0.15851911902427673,6.307253837585449,0.08457551896572113,12.600115776062012,0.05,21222,-20.288992282993128,32.80672576465123,262,-14.95375922361487,-18.145414803373185,0.5689794811212707,0.6846129367656258,0.23272569079622274,0.08266137243815141,-12.668,-3293.56,11.6,21.302,20975,360.0,0.0,0.0,373.296,124.55,0.3336,0.0,0.0,1027.038,2163.0,0.9574,15.38,0.0554,2.085,0.683,0.234,0.083,8,3
111,BiLevel,13.0,1.2,8.908,11,0.4841,-3421.896,1672.732,4972,262,-17.6,33.39,-59.94,59.98,-0.6882,0.4068,6.525759696960449,0.5441657304763794,14.630687713623047,7.2931108474731445,0.5655616521835327,13.587255477905273,7.96726131439209,11.751867294311523,7.719553470611572,167.50808715820312,0.1,1.2792893648147583,500000,-3.14,31.8,-101.44,102.19,-2.7319,0.5,-6.269504547119141,0.22584176063537598,6.5368828773498535,1.8457189798355103,0.19377003610134125,6.730018615722656,0.39857691526412964,19.140865325927734,0.05,21484,-17.59752841842116,33.38671489117281,262,-14.695261314432873,-9.681966261251977,0.5575304079963985,0.6863062555420857,0.23123212207910274,0.08246162237881165,-11.986,-3356.21,11.838,20.747,21681,360.0,0.0,0.0,381.881,223.069,0.5841,0.0,0.0,1037.702,3016.0,1.2168,16.2,0.0564,1.865,0.686,0.23,0.084,8,3
112,BiLevel,12.0,1.3,4.627,14,0.3743,-2399.266,867.822,4970,262,-22.91,28.04,-59.68,59.96,-0.4827,0.3293,6.305909156799316,0.5591309666633606,19.96015739440918,12.64885139465332,0.5203635692596436,13.429179191589355,14.950995445251465,11.908156394958496,2.710996150970459,119.11637878417969,0.1,1.2779558897018433,500000,-1.89,30.67,-98.19,99.65,-1.0559,0.0,-6.3591508865356445,0.2729720175266266,5.5134782791137695,0.8426321744918823,0.2112303525209427,6.910177230834961,0.31003981828689575,9.191452026367188,0.05,21746,-22.907037144184294,28.038051143477016,262,-20.500013870432188,-9.780885754211951,0.529422998505742,0.6861847866005786,0.23149215902250134,0.08232305437692,-18.675,-5602.431,11.342,15.969,20475,360.0,0.0,0.0,360.0,0.0,0.0,0.0,0.0,0.0,0.0,1.0117,16.63,0.0631,1.655,0.691,0.223,0.086,16,0
113,BiLevel,13.1,1.1,4.629,15,0.6215,-2015.07,624.758,4970,262,-1.24,33.14,-59.35,59.92,-0.4054,0.3028,6.378068923950195,0.461515337228775,21.326183319091797,14.042820930480957,0.47115468978881836,13.334463119506836,13.96639633178711,11.47477912902832,2.0106170177459717,73.76222229003906,0.1,1.2762216329574585,500000,-0.94,31.62,-105.22,110.29,-1.1243,0.0,-6.331409454345703,0.3156929016113281,5.475060939788818,0.8234226107597351,0.21065299212932587,6.972509384155273,0.6755549311637878,10.447301864624023,0.05,22008,-1.2375385597187059,33.14336364147519,262,-4.03621603858314,-1.7208561959823492,0.4818496612161098,0.6854840148942557,0.23223212060069365,0.08228386450505067,4.093,1227.778,12.138,16.767,20263,360.0,0.0,0.0,360.0,0.0,0.0,0.0,0.0,0.0,0.0,1.0905,16.66,0.0794,1.481,0.693,0.22,0.087,16,0
114,BiLevel,12.0,1.0,4.487,13,0.4151,-2082.724,691.704,4970,262,-15.78,31.04,-59.96,59.96,-0.4191,0.3051,6.148862838745117,0.4962095320224762,19.13977813720703,11.88681697845459,0.4638202488422394,14.283330917358398,13.400188446044922,12.768120765686035,3.1534206867218018,73.86376190185547,0.1,1.274214506149292,500000,-6.49,30.51,-103.79,89.9,-1.6361,0.5,-6.190574645996094,0.21312293410301208,5.703731536865234,1.0716803073883057,0.17209768295288086,6.6248273849487305,0.052626270800828934,17.02567481994629,0.05,22270,-15.7774991706291,31.042181298723193,262,-6.182021779449362,-10.042109910183047,0.5044375037155931,0.6857824960999406,0.23198138568780804,0.08223611821225141,-12.452,-3735.74,11.371,15.858,20082,360.0,0.0,0.0,360.0,18.269,0.0507,0.0,0.0,1.809,140.0,1.0645,16.45,0.0979,1.388,0.692,0.221,0.087,10,3
115,BiLevel,12.1,1.0,6.537,12,0.3525,-2602.66,1025.119,4970,262,-17.49,31.16,-59.92,59.94,-0.5237,0.3627,5.718240737915039,0.5280981063842773,14.191715240478516,6.955883979797363,0.5549085140228271,12.963944435119629,6.911450386047363,11.674270629882812,4.7979326248168945,94.98048400878906,0.1,1.2722340822219849,500000,-4.61,28.77,-105.71,99.11,-2.1136,0.5,-6.505074501037598,0.21897578239440918,6.066946983337402,1.4523407220840454,0.1893147975206375,6.9486823081970215,0.589697003364563,11.266080856323242,0.05,22532,-17.48802576203169,31.15602749275298,262,-14.02676061783966,-17.13165552929828,0.5200473586791945,0.6870028409010707,0.23090519345677973,0.08209196564214974,-14.468,-4340.405,11.516,18.053,19836,360.0,0.0,0.0,362.031,87.032,0.2404,0.0,0.0,58.74,494.0,0.8066,15.59,0.1237,1.6,0.692,0.222,0.086,9,3
116,BiLevel,12.2,1.0,3.805,14,0.4688,-2401.483,865.286,4970,262,-18.86,30.09,-59.77,59.92,-0.4832,0.3327,4.8111724853515625,0.4563175141811371,15.055620193481445,7.858712673187256,0.4371308982372284,12.843440055847168,7.932135581970215,12.396078109741211,5.868480205535889,74.1845703125,0.1,1.269880771636963,500000,-1.74,33.26,-110.95,99.78,-1.5016,0.0,-6.441837310791016,0.2588251233100891,5.758811950683594,1.1641960144042969,0.19330400228500366,6.969394683837891,0.45377787947654724,6.026247978210449,0.05,22794,-18.8601058487831,30.09302186843516,262,-13.474851453088615,-12.99800323153797,0.5151474508779263,0.6866636480978716,0.2312754145478484,0.08206093735428001,-13.427,-4028.189,11.365,15.17,18969,360.0,0.0,0.0,360.0,0.0,0.0,0.0,0.0,0.0,0.0,0.6473,15.57,0.0958,1.641,0.663,0.258,0.079,11,3
117,BiLevel,12.2,1.0,4.519,12,0.5408,-2749.946,1113.159,4970,262,-21.76,29.76,-59.67,59.89,-0.5533,0.3724,4.651253700256348,0.5269765853881836,14.809267044067383,7.622979640960693,0.5540724992752075,12.824501991271973,9.788278579711914,12.535880088806152,4.8423237800598145,85.06767272949219,0.1,1.2673953771591187,500000,0.32,30.51,-103.3,99.69,-1.7518,0.5,-6.0719828605651855,0.214462012052536,6.236783027648926,1.6582351922988892,0.17599058151245117,6.511954307556152,0.12135810405015945,19.11374855041504,0.05,23056,-21.759960613249085,29.76228944374038,262,-15.674012496616495,-22.45918438591455,0.5370531711792903,0.6873625498147683,0.2304924954790115,0.08214495470622017,-20.601,-6180.16,11.36,15.879,21081,360.0,0.0,0.0,360.838,71.568,0.1983,0.0,0.0,32.752,400.0,0.6286,15.42,0.0937,1.632,0.689,0.227,0.084,9,3
118,BiLevel,12.2,1.1,3.698,13,0.4797,-2097.563,691.749,4970,262,-13.75,31.8,-59.74,59.87,-0.422,0.3053,5.050944805145264,0.6087700128555298,22.916950225830078,15.766838073730469,0.4812140166759491,12.574528694152832,15.03366470336914,12.284004211425781,12.413482666015625,161.08497619628906,0.1,1.26471745967865,500000,-1.36,29.88,-104.47,111.61,-1.4988,0.5,-6.319633483886719,0.3112274706363678,5.315364360809326,0.7516442537307739,0.22819845378398895,6.951629161834717,0.2196144461631775,12.082773208618164,0.05,23318,-13.75322400184472,31.79537007992303,262,-11.119466925922193,-16.324101282891476,0.5031901614474961,0.6874552371034262,0.2303635901108244,0.08218117278574943,-9.505,-2851.573,11.502,15.2,19253,360.0,0.0,0.0,360.0,18.224,0.0506,0.0,0.0,2.046,156.0,0.7534,15.18,0.1098,1.704,0.689,0.228,0.083,10,3
119,BiLevel,12.5,1.2,5.283,11,0.3326,-3214.544,1452.892,4971,262,-15.31,32.35,-59.87,59.96,-0.6467,0.4083,4.879487037658691,0.43733274936676025,17.597827911376953,10.48265266418457,0.410599023103714,12.669382095336914,14.63615608215332,11.923508644104004,2.4704978466033936,66.52456665039062,0.1,1.2618212699890137,500000,-4.26,29.01,-87.99,96.09,-1.9699,0.5,-6.336785316467285,0.28143876791000366,6.0806121826171875,1.5332386493682861,0.20223185420036316,6.914159774780273,0.4285023808479309,27.76072120666504,0.05,23580,-15.313988827116484,32.34686901943144,262,-12.080719160798349,-13.550639658813413,0.5224117471969207,0.6883992277572666,0.22950515246477635,0.08209561977795708,-12.714,-3559.81,11.625,16.908,20006,360.0,0.0,0.0,380.919,152.15,0.3994,0.0,0.0,1042.355,2778.0,1.0041,16.13,0.0977,1.481,0.677,0.242,0.081,8,3
120,BiLevel,12.7,1.0,10.163,11,0.6645,-3392.897,1699.797,4970,262,-16.22,33.03,-59.85,59.99,-0.6827,0.418,4.98254919052124,0.3962663412094116,12.357439994812012,5.26939582824707,0.40085187554359436,13.449566841125488,5.800853729248047,12.712841033935547,2.7506513595581055,60.51073455810547,0.1,1.2587157487869263,500000,-4.67,32.76,-102.92,103.28,-3.0312,0.5,-6.794680595397949,0.2531372904777527,5.657496929168701,1.1257389783859253,0.1943575143814087,7.306880474090576,0.6234118938446045,15.558320045471191,0.05,23842,-16.221572785419777,33.025454974701724,262,-12.945476213019145,-1.378083140912808,0.5383171870390241,0.6901849873643269,0.2278672531531408,0.08194775948253231,-3.814,-1067.831,11.822,21.984,21840,360.0,0.0,0.0,378.785,209.076,0.552,0.0,0.0,714.935,2619.0,1.1954,16.33,0.1067,1.291,0.693,0.222,0.085,8,3
121,BiLevel,12.7,1.0,4.643,14,0.5715,-2155.55,740.855,4971,262,-19.37,30.61,-59.92,59.91,-0.4336,0.3137,4.106472015380859,0.546305775642395,15.718801498413086,8.65540885925293,0.45109546184539795,12.504844665527344,9.123538970947266,12.676734924316406,4.333078861236572,118.33830261230469,0.1,1.2553635835647583,500000,-2.91,28.4,-95.58,100.48,-1.0908,0.0,-6.475533962249756,0.18839937448501587,5.81666374206543,1.3016738891601562,0.21101926267147064,6.864387035369873,0.2997188866138458,19.29929542541504,0.05,24104,-19.36956272137377,30.60739427297817,262,-20.34220238578947,-17.68469015924554,0.5299212326484511,0.6899633662128236,0.2281018956720913,0.08193473811508521,-15.711,-4713.229,11.393,16.036,20877,360.0,0.0,0.0,360.0,0.0,0.0,0.0,0.0,0.0,0.0,1.1275,16.51,0.1108,1.039,0.683,0.236,0.081,14,0
122,BiLevel,12.6,1.1,7.054,14,0.3331,-1930.861,583.155,4971,262,-6.35,34.31,-59.57,59.0,-0.3884,0.2779,4.603638172149658,0.5383145213127136,13.970444679260254,6.9328718185424805,0.48429352045059204,13.479477882385254,9.150861740112305,13.296024322509766,6.014770030975342,81.2208023071289,0.1,1.2516777515411377,500000,-0.63,30.13,-105.5,99.6,-1.517,0.0,-6.891499042510986,0.19029881060123444,5.5929179191589355,1.094538927078247,0.17706260085105896,7.282004356384277,0.2996809780597687,28.256563186645508,0.05,24366,-6.35354403419084,34.3054929148288,262,-3.5473282305817855,-4.3531487383340535,0.510294341269626,0.6903417411638487,0.22800930578141154,0.0816489530547398,1.416,424.831,12.046,19.1,20617,360.0,0.0,0.0,360.0,0.0,0.0,0.0,0.0,0.0,0.0,1.1706,15.56,0.1668,0.932,0.679,0.241,0.081,16,0
123,BiLevel,12.5,1.2,4.906,12,0.4709,-2228.282,829.326,4970,262,-12.34,35.45,-59.92,59.91,-0.4483,0.3484,5.01238489151001,0.49964579939842224,21.2451171875,14.230074882507324,0.4997631311416626,13.50910472869873,14.451303482055664,12.831408500671387,1.6517115831375122,100.51217651367188,0.1,1.2479075193405151,500000,-3.87,30.35,-108.19,89.54,-1.9341,0.5,-6.959134101867676,0.16882148385047913,6.265563488006592,1.7833430767059326,0.17865991592407227,7.308416366577148,0.07099040597677231,17.88875961303711,0.05,24628,-12.340431503896832,35.45470883626097,262,-5.577925331655301,-10.242461317777634,0.5578670073466181,0.6911235299431203,0.22720666364308553,0.08166980641379405,-7.106,-2131.737,11.788,16.695,19252,360.0,0.0,0.0,363.835,82.124,0.2257,0.0,0.0,82.977,526.0,0.9979,13.46,0.2565,1.155,0.621,0.305,0.073,9,3
124,BiLevel,12.8,1.0,4.33,12,0.512,-2219.723,791.867,4971,262,-10.59,35.73,-59.98,59.71,-0.4465,0.3374,4.087800025939941,0.37908321619033813,12.131836891174316,5.155591011047363,0.37784630060195923,12.69856071472168,6.735037326812744,12.384597778320312,6.2879204750061035,57.492523193359375,0.1,1.2436599731445312,500000,-7.53,30.94,-104.33,104.81,-2.0088,0.5,-7.295719146728516,0.2202797830104828,5.549409866333008,1.0807815790176392,0.1997564733028412,7.744878768920898,0.1390572488307953,19.81624412536621,0.05,24890,-10.588716921389247,35.72763212078195,262,-8.873523658514022,-8.712111708992406,0.5531992663574231,0.6917654538658224,0.22648864467694035,0.0817459014572373,-7.266,-2034.382,11.877,16.207,20353,360.0,0.0,0.0,362.465,74.908,0.2067,0.0,0.0,129.565,619.0,0.8706,12.18,0.2296,1.677,0.529,0.409,0.063,9,3
125,BiLevel,12.5,1.5,9.219,15,0.6137,-2106.041,683.642,4970,262,-10.25,34.61,-59.81,59.98,-0.4238,0.3047,4.064107418060303,0.4374086558818817,16.73213005065918,9.778772354125977,0.4366932809352875,12.665668487548828,11.25045108795166,12.325904846191406,2.4112327098846436,89.4940414428711,0.1,1.2392102479934692,500000,-2.74,30.88,-105.92,86.57,-2.5105,0.0,-7.289206504821777,0.2795528173446655,5.926914691925049,1.4759700298309326,0.19453702867031097,7.85945987701416,0.6193017363548279,17.09877586364746,0.05,25152,-10.253887417674875,34.60677822781316,262,-5.973585316185888,-8.486464134642953,0.5320157848269167,0.6919866239400503,0.22654916176747733,0.08146421429247246,-4.617,-1384.977,12.024,21.243,21264,360.0,0.0,0.0,360.0,0.0,0.0,0.0,0.0,0.0,0.0,0.8391,12.24,0.1298,1.997,0.557,0.377,0.066,12,3
126,BiLevel,12.2,1.1,4.336,13,0.4723,-2142.562,709.887,4971,262,-21.27,31.98,-59.95,59.85,-0.431,0.3098,3.9530234336853027,0.4216116964817047,12.635554313659668,5.711850166320801,0.4324577748775482,12.856180191040039,7.499673843383789,12.769183158874512,4.579240798950195,66.13648223876953,0.1,1.2349238395690918,500000,-3.73,27.93,-94.13,70.88,-1.6753,0.5,-7.187553882598877,0.24507829546928406,5.324690818786621,0.8910084962844849,0.2153111845254898,7.6885199546813965,0.09220775961875916,10.775525093078613,0.05,25414,-21.270402630163442,31.97876286212676,262,-18.926752569526435,-12.41370996652465,0.5701981221780039,0.6921918526085218,0.22634450581296722,0.08146364157851099,-17.9,-5370.094,11.364,15.7,20790,360.0,0.0,0.0,360.0,16.264,0.0452,0.0,0.0,1.042,162.0,0.7773,12.1,0.0819,1.925,0.661,0.261,0.078,10,3
127,BiLevel,12.3,1.2,5.399,12,0.4922,-2359.925,875.609,4971,262,-11.9,36.81,-59.86,59.9,-0.4747,0.3532,4.154906749725342,0.4768039584159851,14.782953262329102,7.88793420791626,0.4247283339500427,13.37993049621582,12.40849494934082,13.176555633544922,12.06904411315918,82.2282943725586,0.1,1.2303507328033447,500000,-2.58,30.03,-104.39,94.38,-1.9206,0.5,-6.934581756591797,0.2646799087524414,5.473323345184326,1.0531277656555176,0.19167876243591309,7.475439548492432,0.571718156337738,10.263566017150879,0.05,25676,-11.899495333271654,36.812692702212196,262,-11.49834023839549,-14.18839753144666,0.5753562246820795,0.6930444343525567,0.22548404372844447,0.08147152191899876,-8.722,-2616.456,12.069,17.468,20963,360.0,0.0,0.0,364.485,100.245,0.275,0.0,0.0,187.912,652.0,0.5755,11.5,0.0663,1.776,0.692,0.226,0.081,9,3
128,BiLevel,12.4,1.1,3.945,14,0.6152,-1976.624,618.546,4970,262,-11.25,34.46,-59.93,59.4,-0.3977,0.2887,3.6415657997131348,0.48022621870040894,13.799074172973633,6.923401832580566,0.4804888367652893,13.491449356079102,9.464140892028809,13.862200736999512,7.2124176025390625,100.55155181884766,0.1,1.2256566286087036,500000,-5.8,30.08,-104.68,84.75,-1.524,0.0,-7.07200813293457,0.206304669380188,5.317667007446289,0.9094175100326538,0.18182146549224854,7.497180938720703,0.8038466572761536,23.665752410888672,0.05,25938,-11.251418177985869,34.459059621894575,262,-10.987787173609984,-6.878025218060143,0.5312061172106965,0.692657665400913,0.22581888746629514,0.08152344713279201,-5.671,-1701.375,11.734,15.679,19760,360.0,0.0,0.0,360.0,0.0,0.0,0.0,0.0,0.0,0.0,0.6941,12.74,0.0516,1.609,0.693,0.225,0.081,11,3
129,BiLevel,12.5,1.1,4.937,12,0.4247,-2413.194,913.455,4970,262,-11.96,36.46,-59.84,59.31,-0.4856,0.35,3.562288999557495,0.4329146444797516,15.782668113708496,8.945810317993164,0.3722642660140991,12.970690727233887,13.502565383911133,13.147760391235352,4.315340995788574,67.85218048095703,0.1,1.2208988666534424,500000,-5.02,30.5,-108.48,83.25,-1.8073,0.5,-7.370288372039795,0.19328078627586365,6.502727031707764,2.107877492904663,0.17483961582183838,7.768096923828125,0.31792211532592773,23.546140670776367,0.05,26200,-11.958031236595087,36.45694316981733,262,-11.907751190015361,-12.776343897220334,0.5721072748306184,0.693441489049399,0.2250430259369449,0.08151548501365623,-10.908,-3054.272,11.669,16.606,19626,360.0,0.0,0.0,363.469,111.111,0.3057,0.0,0.0,147.714,634.0,0.5257,13.6,0.0504,1.588,0.693,0.226,0.082,9,3
130,BiLevel,12.5,1.1,6.104,14,0.2716,-1926.726,599.533,4973,262,-7.79,36.58,-59.84,59.25,-0.3874,0.2825,3.6076221466064453,0.4218471050262451,11.8824462890625,5.067752838134766,0.4237532615661621,13.13008975982666,7.765663146972656,13.23363208770752,2.731414318084717,60.050289154052734,0.1,1.215994119644165,500000,-4.2,28.88,-108.99,102.7,-1.8886,0.0,-7.881728649139404,0.18966428935527802,5.797162055969238,1.4130430221557617,0.17616915702819824,8.270784378051758,0.12311265617609024,33.75231170654297,0.05,26462,-7.790142498061694,36.57518008635481,262,-6.544379421754888,-11.698939695797469,0.5534105172896624,0.6936302397127831,0.22511640973962568,0.08125335054759118,-7.669,-2300.566,12.111,18.215,21026,360.0,0.0,0.0,360.0,0.0,0.0,0.0,0.0,0.0,0.0,0.6831,14.72,0.0501,1.529,0.693,0.225,0.082,11,3
131,BiLevel,12.6,1.0,4.363,15,0.4717,-1986.329,641.287,4970,262,-9.4,36.07,-59.94,59.47,-0.3997,0.2933,4.025391578674316,0.45712390542030334,18.646936416625977,11.855595588684082,0.4643482267856598,13.63587760925293,17.76361656188965,13.430575370788574,8.90716552734375,75.24864959716797,0.1,1.2109127044677734,500000,-4.54,27.4,-106.53,89.2,-1.2306,0.0,-7.625741958618164,0.2452496439218521,6.578845977783203,2.2099108695983887,0.19129250943660736,8.124767303466797,0.650634229183197,13.192973136901855,0.05,26724,-9.402064728539745,36.07382779230128,262,1.0077215257051748,-10.561060867615437,0.5522402078666676,0.6929493461455661,0.22590209500687305,0.08114855884756077,-1.657,-563.429,11.959,16.322,19158,360.0,0.0,0.0,360.0,0.0,0.0,0.0,0.0,0.0,0.0,0.7226,15.68,0.0511,1.421,0.694,0.225,0.081,13,2
132,BiLevel,12.5,1.1,3.439,15,0.5918,-1946.575,597.176,4970,262,-5.17,37.91,-59.93,59.64,-0.3917,0.2814,2.8408050537109375,0.44775694608688354,14.238483428955078,7.474325656890869,0.431114137172699,12.618379592895508,10.818992614746094,13.256474494934082,15.324702262878418,69.2021255493164,0.1,1.2058945894241333,500000,-2.79,32.58,-104.11,93.7,-0.9125,0.0,-7.147555828094482,0.22207143902778625,5.876436710357666,1.522978663444519,0.20767837762832642,7.603683948516846,0.5590588450431824,12.989355087280273,0.05,26986,-5.165181385823928,37.91063306993201,262,2.211372948320288,-9.538732875177734,0.5702395335229515,0.6920421366978579,0.2267958122512884,0.08116205105085379,-3.973,-1191.997,12.042,15.48,18867,360.0,0.0,0.0,360.0,0.0,0.0,0.0,0.0,0.0,0.0,0.7589,16.62,0.0514,1.303,0.696,0.221,0.083,14,1
133,BiLevel,13.4,1.0,4.642,12,0.3289,-2053.332,735.704,4970,262,-2.09,38.25,-59.93,59.69,-0.4131,0.3367,3.0264475345611572,0.43470510840415955,13.813665390014648,7.0734100341796875,0.44084954261779785,13.113533973693848,11.396934509277344,13.625328063964844,3.807344436645508,98.24703979492188,0.1,1.2007313966751099,500000,-1.38,31.88,-91.67,106.8,-1.7046,0.5,-7.632510662078857,0.2081228345632553,5.32320499420166,0.9849899411201477,0.1638275384902954,8.059684753417969,0.37095075845718384,9.414990425109863,0.05,27248,-2.0924841465252326,38.250934274860505,262,4.284889547448409,-8.573574408888817,0.5685589985238824,0.692800505218166,0.22608444684397036,0.0811150479378635,-0.136,-35.376,12.292,16.934,20955,360.0,0.0,0.0,376.938,81.461,0.2161,0.0,0.0,946.103,2299.0,0.6854,17.31,0.0556,1.081,0.699,0.216,0.086,9,3
134,BiLevel,12.7,1.0,7.808,12,0.6576,-2264.841,785.172,4971,262,-14.14,37.24,-59.86,59.47,-0.4556,0.3195,3.562298059463501,0.4265535771846771,15.981119155883789,9.275010108947754,0.3696020543575287,13.288723945617676,14.1061372756958,13.189655303955078,1.8631991147994995,61.63410568237305,0.1,1.195587158203125,500000,-0.94,31.01,-98.4,98.66,-2.4484,0.5,-7.398405075073242,0.18164438009262085,5.024568557739258,0.6984139680862427,0.18140766024589539,7.768835544586182,0.6428208947181702,9.787710189819336,0.05,27510,-14.135938832484257,37.23635077443399,262,-8.055348970544966,-16.914080932736397,0.5974339311209507,0.694020127174888,0.22488306325757054,0.08109680956754144,-13.953,-4186.031,11.907,19.714,20972,360.0,0.0,0.0,362.75,86.874,0.2395,0.0,0.0,188.634,568.0,0.5057,15.66,0.1158,0.996,0.702,0.21,0.087,9,3
135,BiLevel,13.1,1.1,4.344,14,0.4271,-1840.602,541.676,4970,262,-3.33,38.08,-59.9,59.79,-0.3703,0.2727,3.001596450805664,0.38261640071868896,13.468656539916992,6.792116641998291,0.3769080638885498,13.223530769348145,10.276607513427734,13.517239570617676,3.1820719242095947,68.56195831298828,0.1,1.1904244422912598,500000,-2.1,31.45,-86.43,107.01,-0.9846,0.0,-7.552920341491699,0.24160602688789368,5.359682083129883,1.0477025508880615,0.19106103479862213,8.048172950744629,0.29887518286705017,10.657007217407227,0.05,27772,-3.3298656174969263,38.07871562385218,262,-4.617650299323232,-11.906658874275653,0.56858440954674,0.6937975295594756,0.22518215118556573,0.08102031925495869,-1.045,-313.565,12.298,16.642,20009,360.0,0.0,0.0,360.0,0.0,0.0,0.0,0.0,0.0,0.0,0.6739,10.37,0.26,1.689,0.678,0.243,0.079,14,0
136,BiLevel,13.1,1.2,4.386,15,0.489,-1944.669,617.518,4970,262,-7.14,37.36,-59.9,59.83,-0.3913,0.2762,3.5074894428253174,0.3743257522583008,13.125926971435547,6.479528903961182,0.36091357469558716,14.133659362792969,11.493573188781738,14.033102035522461,4.405664920806885,55.001747131347656,0.1,1.1851637363433838,500000,-1.55,30.83,-103.95,96.59,-1.7091,0.0,-7.531683444976807,0.27736011147499084,4.731644153594971,0.43521302938461304,0.18498757481575012,8.09524154663086,0.050259869545698166,7.028630256652832,0.05,28034,-7.142269771975621,37.35790114160962,262,-5.363848761508339,-6.567350826137944,0.5627083801113734,0.693125095974259,0.22594757581085223,0.08092732821488867,-4.193,-1257.964,12.313,16.699,19653,360.0,0.0,0.0,360.0,0.0,0.0,0.0,0.0,0.0,0.0,0.6811,7.39,0.1473,2.487,0.527,0.411,0.062,12,3
137,BiLevel,12.6,1.2,4.819,14,0.4335,-2058.155,684.572,4970,262,-16.07,37.85,-59.96,59.89,-0.4141,0.2992,2.7122302055358887,0.38396376371383667,13.053919792175293,6.439579963684082,0.3551051616668701,13.448552131652832,9.93779182434082,13.933459281921387,3.7494661808013916,60.12893295288086,0.1,1.1797990798950195,500000,-4.24,32.86,-109.73,92.27,-1.3097,0.0,-7.272032737731934,0.2213887870311737,5.89324426651001,1.6090481281280518,0.19639340043067932,7.723207473754883,0.34560641646385193,17.201171875,0.05,28296,-16.06766400465618,37.85240502373395,262,-9.538620057309931,-23.04688933538763,0.6211898369935078,0.6929959539496549,0.226172094645293,0.08083195140505231,-16.629,-4988.785,11.794,16.614,20208,360.0,0.0,0.0,360.0,0.0,0.0,0.0,0.0,0.0,0.0,0.5753,8.53,0.0602,2.578,0.644,0.281,0.075,12,2
138,BiLevel,12.9,1.0,5.571,14,0.5206,-1809.6,547.307,4971,262,-1.53,38.77,-59.84,59.95,-0.364,0.268,2.9904379844665527,0.36107930541038513,13.47705078125,6.893347263336182,0.36056458950042725,13.341068267822266,9.77004623413086,13.429197311401367,8.976941108703613,57.57561111450195,0.1,1.1745185852050781,500000,-1.05,30.6,-96.32,106.88,-1.3366,0.0,-7.527418613433838,0.1871013343334198,4.90041971206665,0.6279647350311279,0.1824653297662735,7.9136643409729,0.2599817216396332,10.180289268493652,0.05,28558,-1.5288458014785002,38.77072335541143,262,-0.6676846371669516,-11.356903094053267,0.5767002596826765,0.6929733918918571,0.2262772829637146,0.0807493251444283,2.534,760.083,12.464,18.035,20579,360.0,0.0,0.0,360.0,0.0,0.0,0.0,0.0,0.0,0.0,0.708,11.04,0.0508,2.486,0.693,0.226,0.081,13,1
139,BiLevel,12.9,1.1,5.716,13,0.5071,-1783.553,524.507,4970,262,1.43,39.8,-59.84,59.83,-0.3589,0.2665,2.33976411819458,0.36449065804481506,9.715383529663086,3.155238389968872,0.38994455337524414,13.289671897888184,6.5504326820373535,13.936589241027832,3.248192071914673,75.98580169677734,0.1,1.1691950559616089,500000,-3.8,32.01,-110.11,84.1,-1.9222,0.5,-7.679370880126953,0.1860235631465912,5.06768798828125,0.8069511651992798,0.1626185029745102,8.060226440429688,0.3205758035182953,33.55701446533203,0.05,28820,1.4316774178847251,39.7960469815864,262,11.483739097337974,-6.650439487162389,0.5980196066412525,0.6934119829795692,0.22588571020955578,0.08070230681087513,5.418,1625.337,12.587,18.303,20718,360.0,0.0,0.0,360.808,53.749,0.149,0.0,0.0,61.76,374.0,0.793,13.1,0.0502,2.329,0.693,0.226,0.081,10,3
140,BiLevel,12.8,1.0,4.373,15,0.4638,-1862.99,574.508,4971,262,-11.91,37.97,-59.96,59.59,-0.3748,0.2748,2.370645761489868,0.38560736179351807,10.936500549316406,4.4055891036987305,0.374338299036026,12.954438209533691,6.350143909454346,13.470430374145508,4.6294145584106445,65.05078125,0.1,1.1639965772628784,500000,-1.58,32.8,-108.01,100.31,-1.0221,0.0,-7.555919170379639,0.16599035263061523,5.202382564544678,0.9541746377944946,0.16230374574661255,7.897185325622559,0.2194659411907196,14.48177433013916,0.05,29082,-11.905393448753275,37.96692058371346,262,-2.1723288332161146,-13.787735641316363,0.5941672515796945,0.6927595318522174,0.22664187959019835,0.08059858855758434,-10.636,-3403.537,12.062,16.435,20748,360.0,0.0,0.0,360.0,0.0,0.0,0.0,0.0,0.0,0.0,0.7597,14.53,0.0508,2.182,0.693,0.226,0.081,16,0
141,BiLevel,13.2,1.2,4.735,15,0.4495,-1804.711,522.017,4970,262,0.64,37.65,-59.68,59.73,-0.3631,0.264,2.6433613300323486,0.38525140285491943,13.90993881225586,7.408575534820557,0.35723432898521423,12.5358247756958,10.398551940917969,12.674699783325195,11.90406608581543,55.017913818359375,0.1,1.1587735414505005,500000,-2.23,30.57,-89.89,105.72,-1.0927,0.0,-8.099563598632812,0.21062186360359192,4.937158584594727,0.7016966342926025,0.18627019226551056,8.525654792785645,0.39690643548965454,9.90566349029541,0.05,29344,0.6444666901018687,37.6500330530763,262,6.438295746947588,-4.525596983338657,0.55838172762152,0.6921870327872568,0.22734305605870644,0.08046991115403672,6.596,2110.849,12.656,17.391,20674,360.0,0.0,0.0,360.0,0.0,0.0,0.0,0.0,0.0,0.0,0.7725,15.73,0.0516,2.017,0.693,0.227,0.081,16,0
142,BiLevel,13.4,1.1,4.274,14,0.595,-1740.524,500.459,4970,262,-0.12,38.72,-59.87,59.84,-0.3502,0.2602,1.9328579902648926,0.3734104037284851,9.944299697875977,3.468358278274536,0.3962461054325104,12.353888511657715,5.953727722167969,13.079629898071289,2.656986951828003,110.5885009765625,0.1,1.1535223722457886,500000,-4.35,29.94,-88.29,106.84,-1.5844,0.5,-8.010241508483887,0.22128337621688843,5.110499382019043,0.888815701007843,0.18962131440639496,8.46388053894043,0.11352743208408356,5.525059223175049,0.05,29606,-0.11621954025929303,38.717494631347336,262,6.793882877497296,-8.034112225718012,0.576385932445158,0.6918937407147424,0.2276106012842376,0.08049565800102,1.711,513.247,12.668,16.943,20795,360.0,0.0,0.0,360.0,3.245,0.009,0.0,0.0,0.141,37.0,0.8183,16.0,0.0664,1.82,0.695,0.222,0.082,11,3
143,BiLevel,12.4,1.0,6.275,14,0.6194,-1856.995,566.909,4971,262,-5.61,39.01,-59.88,59.7,-0.3736,0.2746,2.4078986644744873,0.371277391910553,16.605337142944336,10.160638809204102,0.35759037733078003,13.836603164672852,18.452884674072266,14.278203964233398,1.5215672254562378,83.2642593383789,0.1,1.1483064889907837,500000,-4.45,31.15,-105.09,92.07,-1.6857,0.0,-8.194347381591797,0.22647841274738312,5.317572593688965,1.1056139469146729,0.18885770440101624,8.656499862670898,0.3139411509037018,5.361671447753906,0.05,29868,-5.6067712597775285,39.0053450437047,262,5.867488957235688,-10.637817112719151,0.5904855169856924,0.6919673373861671,0.22759568453310575,0.08043697808072718,-0.75,-225.016,12.416,18.692,19910,360.0,0.0,0.0,360.0,0.0,0.0,0.0,0.0,0.0,0.0,0.7214,14.76,0.0986,2.091,0.696,0.221,0.083,12,2
144,BiLevel,13.0,1.1,4.815,15,0.4791,-1605.164,427.012,4971,262,7.47,38.16,-59.85,59.95,-0.3229,0.2422,1.9232869148254395,0.4100589454174042,12.195050239562988,5.775944232940674,0.3825913071632385,12.926912307739258,11.585477828979492,13.708963394165039,3.928105592727661,82.31591033935547,0.1,1.1432112455368042,500000,-1.6,28.41,-108.33,103.07,-1.1151,0.0,-7.900114059448242,0.211939737200737,5.2776994705200195,1.0767011642456055,0.16853243112564087,8.326587677001953,0.49487248063087463,20.392030715942383,0.05,30130,7.469155630586155,38.15957959069005,262,11.00909464453396,3.0970454686566407,0.5803216797493086,0.691407637490881,0.22826926108304502,0.08032310142607402,10.502,3150.736,13.104,17.919,20696,360.0,0.0,0.0,360.0,0.0,0.0,0.0,0.0,0.0,0.0,0.8702,14.85,0.0837,2.148,0.692,0.228,0.08,15,0
145,BiLevel,13.8,1.1,7.662,12,0.4382,-2022.845,723.181,4971,262,-0.05,38.96,-59.81,59.84,-0.4069,0.3414,2.044290542602539,0.340121328830719,9.422216415405273,3.035767078399658,0.3247488737106323,12.720476150512695,6.7488555908203125,13.125236511230469,5.5177202224731445,55.24747848510742,0.1,1.138109564781189,500000,-5.15,30.76,-110.75,98.18,-2.3796,0.5,-7.978793144226074,0.26235973834991455,5.199496269226074,1.0117079019546509,0.21332217752933502,8.514657020568848,0.2591094672679901,14.115768432617188,0.05,30392,-0.045201693660199486,38.96284561807725,262,13.308979390189052,-4.721298083584559,0.5811839275325039,0.6926512052249826,0.22715380920068978,0.08019498557432768,2.929,761.575,12.554,20.216,21389,360.0,0.0,0.0,380.038,74.682,0.1965,0.0,0.0,1185.538,2717.0,0.6736,14.8,0.0723,2.15,0.691,0.228,0.08,9,3
146,BiLevel,13.6,1.1,8.799,11,0.4808,-2368.944,871.68,4970,262,-12.08,36.51,-59.92,59.9,-0.4766,0.347,2.3734052181243896,0.4146040976047516,17.965974807739258,11.598891258239746,0.4299641251564026,13.372627258300781,23.79741668701172,13.647984504699707,5.018490314483643,76.64781188964844,0.1,1.133105754852295,500000,-3.26,28.54,-111.11,108.36,-2.7108,0.5,-8.581899642944336,0.2572490870952606,4.94440221786499,0.7681070566177368,0.19299866259098053,9.102254867553711,0.23795542120933533,6.589471817016602,0.05,30654,-12.077500963851929,36.51056477228848,262,3.9621003006633955,-11.596021730099853,0.5725369486071474,0.6940775432883193,0.2258858970951986,0.08003655961648212,-6.898,-1793.606,11.929,20.728,21360,360.0,0.0,0.0,392.615,132.044,0.3363,0.0,0.0,1978.84,4306.0,0.8554,14.46,0.0801,2.211,0.693,0.227,0.08,8,3
147,BiLevel,13.5,1.2,4.769,14,0.5224,-1872.605,585.249,4970,262,-6.45,37.76,-59.92,59.67,-0.3768,0.2808,1.9957677125930786,0.3587735891342163,13.282464981079102,6.954779624938965,0.3225874602794647,13.395426750183105,15.715978622436523,13.832342147827148,8.138553619384766,78.60574340820312,0.1,1.128109335899353,500000,-6.62,31.8,-104.43,104.21,-1.673,0.5,-8.648759841918945,0.21856248378753662,5.891286849975586,1.7257936000823975,0.17700111865997314,9.097375869750977,0.21189384162425995,4.89295768737793,0.05,30916,-6.445017623671253,37.76398804361249,262,2.155442663458617,-10.898464115042435,0.5685562839287891,0.6939022243157028,0.22609797748411295,0.07999979820018424,-0.971,-310.642,12.234,17.003,19346,360.0,0.0,0.0,360.0,10.08,0.028,0.0,0.0,0.511,113.0,0.7286,14.88,0.0636,2.109,0.694,0.226,0.08,11,3
148,BiLevel,14.3,1.0,23.3,11,0.4046,-2199.95,751.638,4970,262,2.35,38.42,-59.92,59.98,-0.4426,0.3367,1.7719767093658447,0.32000869512557983,10.057263374328613,3.7656121253967285,0.2890705168247223,13.731290817260742,8.794891357421875,14.296460151672363,4.935447692871094,59.827880859375,0.1,1.1231075525283813,500000,-1.69,30.73,-112.92,99.85,-5.7107,0.5,-8.793932914733887,0.2144574671983719,4.744288444519043,0.5902759432792664,0.18663237988948822,9.230948448181152,0.047420669347047806,7.734004020690918,0.05,31178,2.345326099168112,38.42401448431097,262,0.32377305832740505,0.6775226689482986,0.5712672879474926,0.6979652061751171,0.22291964091076563,0.07911515291411723,5.053,1313.785,12.922,36.223,23738,360.0,0.0,0.0,423.577,104.819,0.2475,0.0,0.0,3913.569,8328.0,0.7224,14.82,0.0676,2.031,0.694,0.226,0.08,8,3
149,BiLevel,12.8,1.1,7.751,15,0.5468,-1806.612,536.145,4971,262,-2.97,38.53,-59.89,59.82,-0.3634,0.275,1.9008101224899292,0.33874231576919556,10.969586372375488,4.7072601318359375,0.30264413356781006,13.447322845458984,9.775145530700684,13.81919002532959,9.311723709106445,43.430118560791016,0.1,1.1182323694229126,500000,-3.68,29.88,-94.12,110.35,-1.9586,0.0,-8.185903549194336,0.18090952932834625,5.571471214294434,1.4281734228134155,0.17570841312408447,8.555809020996094,0.329555869102478,16.558517456054688,0.05,31440,-2.974049979323992,38.530346914682156,262,5.300988245755435,1.659605894669106,0.5732841888846346,0.6978848309186126,0.22320739963163028,0.07890776944975705,6.813,2043.984,12.503,20.254,21443,360.0,0.0,0.0,360.0,0.0,0.0,0.0,0.0,0.0,0.0,0.72,15.53,0.0577,1.858,0.698,0.223,0.079,13,2
150,BiLevel,12.6,1.0,4.784,15,0.6331,-1944.231,600.713,4972,262,-0.39,37.33,-59.81,59.89,-0.391,0.2825,1.5111446380615234,0.31027665734291077,9.970707893371582,3.735633134841919,0.30400899052619934,12.986238479614258,8.6929931640625,13.592546463012695,2.7520980834960938,45.828712463378906,0.1,1.1133922338485718,500000,-2.19,30.27,-91.52,102.7,-1.1572,0.0,-8.526691436767578,0.22080884873867035,5.8976850509643555,1.7659578323364258,0.18720029294490814,8.980712890625,0.4005993604660034,5.587674617767334,0.05,31702,-0.38550920187617777,37.325970764219036,262,12.760289641430502,-3.2817164780277954,0.5522947492487295,0.6972343225403732,0.2238764540906239,0.07888922336900292,7.193,2157.917,12.527,17.311,20627,360.0,0.0,0.0,360.0,0.0,0.0,0.0,0.0,0.0,0.0,0.5564,15.99,0.057,1.708,0.7,0.22,0.08,15,0
151,BiLevel,14.0,1.1,13.339,11,0.6329,-1995.867,646.201,4969,262,-1.98,37.09,-59.85,59.58,-0.4017,0.3036,1.4256181716918945,0.2957030236721039,9.61379623413086,3.409623622894287,0.28013813495635986,12.801586151123047,7.942922115325928,13.36384391784668,8.165800094604492,38.378089904785156,0.1,1.1086710691452026,500000,-1.7,31.73,-103.33,105.76,-3.694,0.5,-8.724672317504883,0.21316826343536377,6.761126518249512,2.636770248413086,0.20568963885307312,9.161555290222168,0.47064295411109924,11.938017845153809,0.05,31964,-1.9777336022453929,37.08546437128128,262,11.270546036644983,-6.021106194861626,0.54756962665767,0.6993655580426035,0.2220232668569448,0.07861117510045165,-0.754,-196.094,12.556,25.895,21734,360.0,0.0,0.0,408.885,84.294,0.2062,0.0,0.0,3034.805,6372.0,0.4147,16.18,0.0587,1.563,0.701,0.217,0.082,8,3
152,BiLevel,12.4,1.1,6.473,14,0.4426,-1928.761,596.666,4970,262,-9.85,35.61,-59.97,59.6,-0.3881,0.2905,1.3795256614685059,0.461767315864563,8.688192367553711,2.504094362258911,0.4061574935913086,13.21788501739502,5.715668678283691,14.159457206726074,4.463836193084717,111.11605072021484,0.1,1.1039389371871948,500000,-2.17,29.9,-111.83,112.85,-2.0015,0.5,-8.919106483459473,0.18858292698860168,5.718976020812988,1.6056413650512695,0.18718412518501282,9.298684120178223,0.17682267725467682,18.066781997680664,0.05,32226,-9.849927634644272,35.61306913047249,262,-1.9219766972096348,-10.968595726239055,0.5431377364488436,0.699506666893801,0.22203542194683182,0.07845791115936715,-7.223,-2166.794,12.084,18.558,20864,360.0,0.0,0.0,360.0,4.283,0.0119,0.0,0.0,0.271,44.0,0.3616,15.62,0.0714,1.428,0.704,0.214,0.082,11,3
153,BiLevel,12.6,1.3,4.315,15,0.5957,-1689.927,462.932,4970,262,1.36,37.48,-59.76,59.84,-0.34,0.2546,1.493584394454956,0.29994139075279236,8.086960792541504,1.9400348663330078,0.32032841444015503,13.538900375366211,5.691573619842529,14.015008926391602,2.6067495346069336,51.07297134399414,0.1,1.0992023944854736,500000,-3.64,30.87,-94.73,90.17,-1.0986,0.0,-8.608307838439941,0.3115289807319641,4.788908958435059,0.6859017610549927,0.20883163809776306,9.240890502929688,0.19670888781547546,12.020363807678223,0.05,32488,1.3579660326872074,37.484654282127046,262,3.431547010807614,-9.640290731819052,0.5551412493572409,0.6987853336127601,0.22277155402638038,0.07844311236085948,0.788,236.526,12.626,16.941,20531,360.0,0.0,0.0,360.0,0.0,0.0,0.0,0.0,0.0,0.0,0.6008,13.78,0.1261,1.607,0.702,0.218,0.08,14,1
154,BiLevel,12.8,1.2,3.52,13,0.553,-1754.925,502.409,4969,262,5.38,36.81,-59.9,59.92,-0.3532,0.2696,1.3848927021026611,0.2887558341026306,10.399711608886719,4.284274578094482,0.30915960669517517,13.452242851257324,9.318942070007324,13.926448822021484,1.5732903480529785,49.91653060913086,0.1,1.0945144891738892,500000,-8.7,28.68,-111.12,93.98,-1.5176,0.5,-8.909664154052734,0.24738548696041107,5.352251052856445,1.2584412097930908,0.20264042913913727,9.414018630981445,0.7171601057052612,26.23883628845215,0.05,32750,5.3849828675866105,36.81094952852541,262,7.962453327994598,-3.1123122885038983,0.5509104422069063,0.6987705920360905,0.22269471321511267,0.07853469474879685,4.711,1413.339,12.874,16.394,19007,360.0,0.0,0.0,361.638,57.88,0.1601,0.0,0.0,53.691,371.0,0.6603,12.36,0.1249,1.773,0.671,0.253,0.075,10,3
155,BiLevel,12.8,1.2,5.052,14,0.4944,-1690.777,482.821,4969,262,-0.79,36.13,-59.86,59.33,-0.3403,0.2612,1.354806900024414,0.29418784379959106,11.999279022216797,5.918957710266113,0.2691712975502014,13.332220077514648,14.629096984863281,13.785598754882812,3.01951265335083,42.28863525390625,0.1,1.0898573398590088,500000,-1.44,28.33,-87.79,101.43,-1.7495,0.5,-9.413125991821289,0.2508690655231476,5.190366744995117,1.1056703329086304,0.19629265367984772,9.922452926635742,0.1580207198858261,22.661781311035156,0.05,33012,-0.7928139603567251,36.13056320913109,262,6.296193513940823,-5.096977794797797,0.531227224923058,0.6986405813520369,0.22288249169321728,0.0784769269547458,0.978,313.115,12.625,17.677,21144,360.0,0.0,0.0,360.0,5.701,0.0158,0.0,0.0,0.248,65.0,0.7566,8.74,0.1541,2.414,0.673,0.252,0.076,11,3
156,BiLevel,12.4,1.3,9.597,15,0.6093,-1804.944,529.923,4971,262,-1.94,37.26,-59.94,59.42,-0.3631,0.2719,1.0814924240112305,0.2584945559501648,10.051048278808594,4.007739543914795,0.22638003528118134,12.887483596801758,10.832967758178711,13.425046920776367,3.6991281509399414,21.96514892578125,0.1,1.0852710008621216,500000,-3.0,27.68,-100.69,89.28,-1.9802,0.0,-9.482931137084961,0.2679261267185211,5.555859565734863,1.4819600582122803,0.24038581550121307,10.032099723815918,0.32218798995018005,28.048368453979492,0.05,33274,-1.944694407218312,37.259329045475525,262,5.511122633987352,-8.737362636704194,0.549992636348569,0.6988570563319543,0.2229154833216489,0.07822746034639684,1.544,494.18,12.512,22.11,22610,360.0,0.0,0.0,360.0,0.0,0.0,0.0,0.0,0.0,0.0,0.6618,7.47,0.0793,2.708,0.642,0.286,0.072,15,0
157,BiLevel,14.3,1.1,7.269,11,0.463,-2113.18,721.785,4970,262,-4.72,37.52,-59.92,59.91,-0.4252,0.3196,1.1543805599212646,0.2943935990333557,7.840039253234863,1.8180900812149048,0.3097211420536041,12.636858940124512,6.169861793518066,13.084213256835938,3.9162654876708984,45.400543212890625,0.1,1.0806711912155151,500000,-5.87,31.91,-102.82,87.59,-2.3849,0.5,-9.404681205749512,0.20224961638450623,5.4873948097229,1.4231332540512085,0.1967388093471527,9.821157455444336,0.06889365613460541,13.947994232177734,0.05,33536,-4.720951888914139,37.52173232738978,262,5.003577005706336,-11.202377914833395,0.5581929549964992,0.6999468344914503,0.22190855339389778,0.07814461211465168,-3.315,-861.799,12.305,19.574,22345,360.0,0.0,0.0,408.062,88.835,0.2177,0.0,0.0,3099.042,6271.0,0.7392,8.92,0.0541,2.69,0.699,0.223,0.078,8,3
158,BiLevel,12.7,1.0,5.248,15,0.5327,-1722.811,491.747,4970,262,0.12,38.59,-59.95,59.56,-0.3466,0.2589,1.1733728647232056,0.27129045128822327,12.68505573272705,6.6925249099731445,0.31937265396118164,13.87850284576416,18.69463348388672,14.325169563293457,5.2407546043396,57.25419998168945,0.1,1.0761021375656128,500000,-2.19,33.61,-89.33,106.18,-1.7261,0.0,-9.250706672668457,0.2184906303882599,5.645429611206055,1.5910258293151855,0.204643115401268,9.699845314025879,1.2516416311264038,28.487112045288086,0.05,33798,0.11642135676873522,38.58588291104926,262,3.8993812335164924,-10.416294983460714,0.5747208152190197,0.6994235539378565,0.22252120921610596,0.07805523684603757,1.838,551.408,12.809,18.057,21597,360.0,0.0,0.0,360.0,0.0,0.0,0.0,0.0,0.0,0.0,0.7737,10.26,0.0523,2.645,0.7,0.222,0.078,12,3
159,BiLevel,12.5,1.1,5.419,14,0.5677,-1785.966,510.788,4970,262,-6.46,38.77,-59.93,59.61,-0.3593,0.2622,0.912593424320221,0.2534126043319702,9.750937461853027,3.7964253425598145,0.24651917815208435,13.469484329223633,12.217987060546875,14.038875579833984,3.9862539768218994,33.33150863647461,0.1,1.0716359615325928,500000,-5.26,30.87,-91.04,90.33,-1.3213,0.0,-9.767772674560547,0.320531964302063,4.8469743728637695,0.8012986183166504,0.2187250256538391,10.420417785644531,0.38034704327583313,25.64406967163086,0.05,34060,-6.455627276531048,38.77360466541404,262,-3.5207149643647044,-6.319370407611133,0.5866432116348267,0.6993264209155722,0.22265066434711153,0.0780229147373163,-2.929,-878.746,12.358,17.776,20824,360.0,0.0,0.0,360.0,0.0,0.0,0.0,0.0,0.0,0.0,0.6959,11.16,0.0529,2.593,0.699,0.223,0.078,13,1
160,BiLevel,14.8,1.1,12.629,11,0.5592,-2078.795,766.393,4970,262,1.07,37.36,-59.66,59.93,-0.4183,0.3397,0.9486445784568787,0.290398508310318,10.784683227539062,4.859410762786865,0.25489354133605957,14.013677597045898,15.855034828186035,14.606740951538086,3.650378704071045,42.06358337402344,0.1,1.0672084093093872,500000,-3.11,28.13,-99.19,88.34,-3.5318,0.5,-10.097187995910645,0.37172144651412964,5.158078193664551,1.120576024055481,0.2403481900691986,10.848246574401855,0.2655582129955292,11.170283317565918,0.05,34322,1.0703101232108216,37.35827518478476,262,2.2762813133040547,-4.48428462335938,0.5513005285305813,0.7012925231735924,0.2209557110424975,0.07775176578391009,3.34,868.319,12.786,25.415,23530,360.0,0.0,0.0,418.231,80.179,0.1917,0.0,0.0,3514.237,7643.0,0.7482,12.07,0.0531,2.52,0.699,0.223,0.078,8,3
161,BiLevel,12.6,1.3,4.737,15,0.4906,-1808.682,535.097,4971,262,4.0,37.86,-59.85,59.97,-0.3638,0.2727,0.9431490302085876,0.27285313606262207,9.466695785522461,3.5723743438720703,0.2336634397506714,13.411182403564453,10.052496910095215,13.853292465209961,1.8149502277374268,32.943580627441406,0.1,1.0627827644348145,500000,-1.64,30.18,-110.88,95.05,-1.1585,0.0,-9.968219757080078,0.3979082405567169,4.921758651733398,0.8930729031562805,0.24289290606975555,10.77005386352539,0.4933253228664398,17.461896896362305,0.05,34584,3.998024043598044,37.858846335607154,262,7.536746141863498,-4.901308553097279,0.5633834768922189,0.7006953808468134,0.22163905822575716,0.0776655609274296,5.391,1617.248,12.624,17.362,20512,360.0,0.0,0.0,360.0,0.0,0.0,0.0,0.0,0.0,0.0,0.6657,12.78,0.0534,2.447,0.701,0.221,0.078,14,1
162,BiLevel,13.2,1.2,5.959,12,0.4687,-1989.599,680.02,4972,262,0.18,38.19,-59.96,59.84,-0.4002,0.3232,0.8891651630401611,0.25831228494644165,11.864568710327148,5.999832630157471,0.242422953248024,13.559098243713379,9.81816291809082,13.9864501953125,2.420839548110962,36.637542724609375,0.1,1.0584417581558228,500000,-2.86,30.37,-91.5,81.15,-2.0267,0.5,-9.531671524047852,0.30418694019317627,5.345875263214111,1.3288142681121826,0.24057288467884064,10.15196418762207,0.3518138825893402,23.013267517089844,0.05,34846,0.17826888464130491,38.18835146372388,262,11.382293670408819,-2.068933214011945,0.568894941143232,0.7015345496979657,0.22081749556371283,0.0776479547383215,7.055,1975.337,12.658,18.617,21237,360.0,0.0,0.0,380.623,78.754,0.2069,0.0,0.0,1271.626,2784.0,0.602,13.04,0.0565,2.373,0.701,0.222,0.078,9,3
163,BiLevel,12.7,1.4,6.419,15,0.5758,-1664.519,456.304,4970,262,5.01,36.68,-59.75,59.93,-0.3349,0.2497,0.7878943085670471,0.28666064143180847,9.473607063293457,3.6330559253692627,0.2900386154651642,13.757461547851562,11.821398735046387,14.311442375183105,10.11827278137207,42.28658676147461,0.1,1.0540382862091064,500000,-0.66,31.03,-94.62,101.23,-1.982,0.0,-9.795852661132812,0.26221799850463867,5.12147331237793,1.114485740661621,0.21128171682357788,10.330970764160156,0.5382843017578125,13.69121265411377,0.05,35108,5.010786594345536,36.68177673725791,262,12.8929682915148,1.9470803963510612,0.5484655915923684,0.7011943309793424,0.2212727510863115,0.0775329179343462,8.237,2470.952,12.81,19.23,19666,360.0,0.0,0.0,360.0,0.0,0.0,0.0,0.0,0.0,0.0,0.775,13.89,0.0541,2.248,0.702,0.221,0.078,12,3
164,BiLevel,13.5,1.2,12.443,11,0.5491,-2227.448,752.193,4970,262,-14.72,37.09,-59.96,59.72,-0.4482,0.3225,0.9883027076721191,0.2549111545085907,9.629731178283691,3.8254005908966064,0.2206619828939438,13.877462387084961,12.247481346130371,14.110085487365723,1.593647837638855,51.40776824951172,0.1,1.0497289896011353,500000,-7.03,27.53,-104.36,77.68,-3.492,0.5,-9.56274700164795,0.19534744322299957,5.217441558837891,1.2200974225997925,0.2041679322719574,9.966766357421875,0.19166387617588043,11.219900131225586,0.05,35370,-14.721763106565211,37.09314354049855,262,1.8775822063809948,-12.663918551018366,0.5954244470983237,0.7030985340372382,0.21963033864751486,0.07727112731524695,-10.547,-2742.296,11.836,24.279,21984,360.0,0.0,0.0,391.642,101.782,0.2599,0.0,0.0,1917.748,4239.0,1.0056,14.44,0.0577,2.094,0.701,0.221,0.078,8,3
165,BiLevel,12.9,1.2,5.872,15,0.5595,-1788.593,510.09,4970,262,-2.01,37.98,-59.97,59.6,-0.3599,0.2616,0.6411601305007935,0.34745341539382935,11.61192512512207,5.8278398513793945,0.31703421473503113,13.224586486816406,19.789169311523438,13.914161682128906,1.9213050603866577,74.69584655761719,0.1,1.0454599857330322,500000,-1.62,32.7,-102.39,101.42,-1.4154,0.0,-9.863971710205078,0.236373171210289,4.615067481994629,0.6252130270004272,0.1764059066772461,10.346607208251953,0.44321146607398987,11.62142562866211,0.05,35632,-2.0088035638505963,37.98053150435073,262,-1.0658028900623315,-6.046455097825905,0.563238286188006,0.7026644610181388,0.22016119996570474,0.07717433901615645,2.773,831.885,12.641,18.513,21282,360.0,0.0,0.0,360.0,0.0,0.0,0.0,0.0,0.0,0.0,0.8824,15.31,0.0531,1.977,0.703,0.22,0.077,14,1
166,BiLevel,12.5,1.2,5.816,14,0.4215,-1702.241,485.22,4970,262,3.33,38.3,-59.79,59.8,-0.3425,0.2585,0.5641677975654602,0.28610554337501526,15.978742599487305,10.230425834655762,0.25027403235435486,13.339251518249512,17.334413528442383,13.909196853637695,7.017927646636963,75.54315948486328,0.1,1.0412068367004395,500000,-0.21,29.56,-95.08,97.2,-1.8621,0.5,-9.954499244689941,0.20665159821510315,4.803121566772461,0.8186466097831726,0.18911290168762207,10.377321243286133,0.36149337887763977,14.953760147094727,0.05,35894,3.3277911736249504,38.29784138772459,262,10.235476393605534,-5.033425889889662,0.572739320044014,0.7026802624150171,0.2202675214410893,0.07705221614389372,4.591,1377.186,12.757,18.572,20420,360.0,0.0,0.0,360.0,6.326,0.0176,0.0,0.0,0.492,67.0,0.9002,15.84,0.0577,1.812,0.704,0.218,0.078,11,3
167,BiLevel,15.2,1.3,22.245,11,0.6708,-2059.055,660.605,4970,262,1.13,39.14,-59.97,59.93,-0.4143,0.312,0.9459508657455444,0.24629966914653778,9.615652084350586,3.897204875946045,0.25599148869514465,14.080086708068848,12.660737991333008,14.175074577331543,1.2183228731155396,54.48476791381836,0.1,1.0370326042175293,500000,-5.53,27.18,-98.04,68.75,-5.5958,0.5,-9.914019584655762,0.22568222880363464,4.832119464874268,0.8566247820854187,0.18969933688640594,10.378073692321777,0.5100394487380981,3.640899181365967,0.05,36156,1.1312931765624186,39.140380487129065,262,16.411302125924514,-4.957341287638012,0.5829072619199779,0.7061438197281825,0.2174213421297638,0.07643483814205373,8.381,2178.96,12.848,35.093,22990,360.0,0.0,0.0,422.408,84.297,0.1996,0.0,0.0,4093.66,8188.0,0.8792,16.48,0.0578,1.618,0.706,0.215,0.079,8,3
168,BiLevel,12.5,1.1,4.908,15,0.4983,-1697.503,470.4,4970,262,2.87,37.94,-59.92,59.94,-0.3415,0.2513,0.2850089967250824,0.22990232706069946,9.225851058959961,3.5416159629821777,0.2161180078983307,13.274032592773438,14.134422302246094,13.897475242614746,3.013674020767212,39.68324661254883,0.1,1.0328712463378906,500000,-5.12,27.15,-112.26,90.83,-1.6358,0.0,-10.452221870422363,0.20618565380573273,5.1055402755737305,1.139739751815796,0.18071506917476654,10.873644828796387,0.09682311117649078,7.15789794921875,0.05,36418,2.8691241319847838,37.93794031288187,262,12.04917432830522,-4.487251688304701,0.5627761344097174,0.7055592348415687,0.21808793563036463,0.07635282952806666,3.86,1235.334,12.859,17.767,20399,360.0,0.0,0.0,360.0,0.0,0.0,0.0,0.0,0.0,0.0,0.9066,17.0,0.0624,1.365,0.712,0.208,0.08,12,3
169,BiLevel,12.5,1.2,4.41,14,0.5147,-1838.721,542.917,4970,262,0.04,36.73,-59.76,59.94,-0.37,0.2646,0.16105684638023376,0.2884049713611603,7.227170944213867,1.5676409006118774,0.2591060400009155,13.113616943359375,6.498889446258545,13.917105674743652,3.7134897708892822,35.69404602050781,0.1,1.0287431478500366,500000,-1.96,31.0,-109.94,99.91,-1.5731,0.5,-9.918641090393066,0.20333798229694366,5.873167514801025,1.9150841236114502,0.19647148251533508,10.339057922363281,0.2487071007490158,20.166364669799805,0.05,36680,0.03778929252634706,36.731818350313816,262,9.879731146363836,-12.89445282095357,0.5390483532961252,0.7052894506473603,0.21836570109415313,0.07634484825848666,-0.104,-31.267,12.47,16.88,19956,360.0,0.0,0.0,360.0,5.465,0.0152,0.0,0.0,0.618,82.0,0.6982,16.75,0.085,1.162,0.713,0.205,0.082,11,3
170,BiLevel,13.2,1.2,3.527,15,0.5324,-1685.214,471.004,4970,262,6.86,35.92,-59.9,59.95,-0.3391,0.252,0.3257445693016052,0.20092342793941498,9.20275592803955,3.5800232887268066,0.19926562905311584,13.394652366638184,14.804884910583496,13.826272010803223,7.985709190368652,30.43534278869629,0.1,1.0246410369873047,500000,-4.07,30.78,-97.46,90.73,-1.0739,0.0,-10.06480884552002,0.2696670889854431,4.781674385070801,0.8290390968322754,0.20581930875778198,10.613839149475098,0.08312433212995529,7.644016265869141,0.05,36942,6.857459265544966,35.91569312562187,262,9.403623468644524,-3.2724180870934525,0.5395332519187845,0.7044686861016543,0.2191902101390114,0.07634110375933427,5.219,1774.403,12.98,16.508,19316,360.0,0.0,0.0,360.0,0.0,0.0,0.0,0.0,0.0,0.0,0.7776,15.78,0.1345,1.122,0.712,0.207,0.081,13,2
171,BiLevel,13.1,1.1,4.106,15,0.5275,-1711.713,472.142,4970,262,5.83,38.03,-59.93,59.96,-0.3444,0.2594,0.20591682195663452,0.2232360690832138,8.744865417480469,3.1495654582977295,0.218420147895813,13.27985954284668,10.929924011230469,13.808581352233887,6.847724437713623,32.747779846191406,0.1,1.020581841468811,500000,-3.79,29.23,-89.41,93.16,-0.9932,0.0,-10.57949161529541,0.3633381426334381,5.161112308502197,1.2173197269439697,0.2296087145805359,11.314326286315918,0.09979332983493805,14.691139221191406,0.05,37204,5.83406933098207,38.025113671627146,262,12.679158409959392,-7.386611277178713,0.5724697365961879,0.7037526939272477,0.21993731268237005,0.07630999339038214,4.19,1257.056,12.958,17.064,19659,360.0,0.0,0.0,360.0,0.0,0.0,0.0,0.0,0.0,0.0,0.7696,14.09,0.1869,1.402,0.668,0.26,0.072,14,1
172,BiLevel,14.9,1.1,26.299,11,0.5558,-2143.054,708.435,4970,262,-3.69,38.96,-60.0,59.93,-0.4312,0.3271,-0.062434643507003784,0.20448632538318634,7.128386497497559,1.565812587738037,0.1732114851474762,13.764883041381836,7.855656623840332,14.452435493469238,3.154768228530884,23.74514389038086,0.1,1.0165724754333496,500000,-6.61,31.14,-91.54,92.36,-6.0245,0.5,-10.501769065856934,0.312188982963562,5.396062850952148,1.461127758026123,0.2219865471124649,11.12865924835205,0.3798721730709076,38.147865295410156,0.05,37466,-3.6948475072426454,38.95617622398759,262,10.073894566297529,-16.264810701420437,0.5838900309448428,0.707860782279612,0.21665836144894607,0.07548085627144187,-2.615,-679.888,12.643,38.941,23559,360.0,0.0,0.0,416.588,92.115,0.2211,0.0,0.0,3484.55,7441.0,0.9726,15.38,0.1456,1.242,0.612,0.322,0.066,8,3
173,BiLevel,12.3,1.2,4.429,15,0.5497,-1820.093,529.903,4970,262,-4.89,36.89,-59.94,59.83,-0.3662,0.2627,0.16853322088718414,0.18953575193881989,8.957191467285156,3.425792694091797,0.17591050267219543,13.907159805297852,15.732827186584473,14.321849822998047,3.430386781692505,17.90709114074707,0.1,1.0126335620880127,500000,-4.13,33.12,-105.93,100.85,-1.2417,0.0,-9.854569435119629,0.23319387435913086,5.541591644287109,1.614510178565979,0.24924376606941223,10.331292152404785,0.3747764825820923,39.607784271240234,0.05,37728,-4.886521809503166,36.888708103158,262,4.074011673072451,-14.509563290445431,0.5486540941677325,0.7071763570592572,0.2173722927975365,0.07545135014320613,-3.81,-1142.966,12.22,16.649,20161,360.0,0.0,0.0,360.0,0.0,0.0,0.0,0.0,0.0,0.0,0.7614,13.86,0.1738,1.577,0.659,0.27,0.07,13,2
174,BiLevel,12.6,1.3,4.52,13,0.4421,-1782.394,500.69,4970,262,5.56,37.15,-59.84,59.91,-0.3586,0.2633,0.10631417483091354,0.18937750160694122,10.702401161193848,5.196202278137207,0.20323124527931213,14.024906158447266,21.995031356811523,14.42414665222168,1.5306437015533447,25.121139526367188,0.1,1.0087682008743286,500000,-3.33,28.49,-101.45,92.62,-1.7627,0.5,-9.865119934082031,0.2874901294708252,4.817339897155762,0.899073600769043,0.26914772391319275,10.45269775390625,0.4923827350139618,20.552322387695312,0.05,37990,5.560141113467919,37.14661530613787,262,9.102086070336794,-3.7791885797130442,0.5556961675742871,0.7073465355942159,0.2172064361378091,0.07544702826797502,8.065,2419.64,12.893,17.413,20826,360.0,0.0,0.0,362.369,65.689,0.1813,0.0,0.0,127.469,348.0,0.6683,13.48,0.121,1.75,0.629,0.304,0.067,10,3
175,BiLevel,13.4,1.0,5.862,15,0.4731,-1853.435,546.933,4971,262,1.95,38.29,-59.92,59.99,-0.3728,0.2686,0.01944504678249359,0.21974211931228638,8.458717346191406,2.982295274734497,0.20195090770721436,14.15131950378418,13.951496124267578,14.653532028198242,2.2358362674713135,21.577486038208008,0.1,1.004942774772644,500000,-2.76,30.08,-95.47,92.65,-1.5318,0.0,-10.7396240234375,0.28042086958885193,4.996862411499023,1.083617925643921,0.23141784965991974,11.310259819030762,0.45252150297164917,26.275423049926758,0.05,38252,1.9510336642842452,38.29145378114578,262,11.926410405259384,-4.070091472654359,0.5697801682891579,0.7069332135513955,0.2177487150033788,0.07531807144522566,5.829,1865.391,12.764,18.626,21238,360.0,0.0,0.0,360.0,0.0,0.0,0.0,0.0,0.0,0.0,0.4782,9.12,0.1252,2.536,0.685,0.242,0.073,13,2
176,BiLevel,14.2,1.0,7.617,11,0.5697,-2078.32,691.677,4971,262,-2.15,36.46,-59.87,59.83,-0.4181,0.3185,-0.2050984650850296,0.2137776017189026,9.095983505249023,3.6497509479522705,0.1993429958820343,13.552031517028809,16.255550384521484,14.21825885772705,3.120295524597168,30.42180061340332,0.1,1.0011911392211914,500000,-6.92,30.99,-111.04,90.12,-2.5128,0.5,-10.474767684936523,0.30827128887176514,5.117778778076172,1.2135095596313477,0.23569145798683167,11.100778579711914,0.2958800196647644,12.451265335083008,0.05,38514,-2.1455226101043436,36.457192884077756,262,9.61170868324606,-8.217691639065743,0.5388023187234909,0.7079509740986587,0.21675703019173848,0.07529199570960268,1.466,381.165,12.436,20.053,22666,360.0,0.0,0.0,410.781,90.994,0.2215,0.0,0.0,3132.901,6682.0,0.6924,10.53,0.0697,2.672,0.68,0.247,0.072,8,3
177,BiLevel,13.1,1.0,5.397,15,0.5521,-1612.047,433.65,4970,262,12.72,36.74,-59.64,59.88,-0.3244,0.2478,0.20876510441303253,0.19869093596935272,9.629199981689453,4.212641716003418,0.18804898858070374,14.366491317749023,16.698318481445312,14.522420883178711,3.134018898010254,21.366939544677734,0.1,0.9974539279937744,500000,-2.78,31.29,-99.0,86.45,-1.271,0.0,-10.586981773376465,0.2032518833875656,5.671321392059326,1.776442289352417,0.1870046854019165,11.00487232208252,0.8406450748443604,9.597966194152832,0.05,38776,12.721207287496844,36.739704307110806,262,19.532932369332567,8.197344419203308,0.5792334628803211,0.7074300955344803,0.21734545527734375,0.07522444918817593,18.179,5817.378,13.435,18.832,20332,360.0,0.0,0.0,360.0,0.0,0.0,0.0,0.0,0.0,0.0,0.8998,12.63,0.0636,2.489,0.708,0.217,0.075,16,0
178,BiLevel,12.4,1.1,3.935,14,0.4557,-1690.282,468.664,4971,262,-4.24,37.95,-59.96,59.8,-0.34,0.2424,-0.10469622164964676,0.1959785521030426,7.026037693023682,1.6395361423492432,0.18012884259223938,13.634081840515137,10.010112762451172,14.081689834594727,5.987309455871582,18.87640953063965,0.1,0.9937626719474792,500000,-3.84,27.15,-105.78,78.1,-0.938,0.0,-10.58488941192627,0.19247551262378693,4.474070072174072,0.5891047716140747,0.17995727062225342,10.981842041015625,0.12225421518087387,9.794384956359863,0.05,39038,-4.235245668860814,37.9511933894883,262,10.233765576387706,-9.204953702499992,0.5649099492455082,0.7071054335042251,0.21768396516899183,0.07521060132678306,-1.575,-472.597,12.406,16.341,21047,360.0,0.0,0.0,360.0,0.0,0.0,0.0,0.0,0.0,0.0,0.8868,13.02,0.0705,2.404,0.707,0.217,0.075,14,0
179,BiLevel,12.5,1.3,5.919,13,0.3148,-1851.032,543.25,4970,262,0.05,38.33,-59.7,59.99,-0.3724,0.275,-0.32030707597732544,0.2122005820274353,7.4835662841796875,2.126411199569702,0.18522679805755615,13.841174125671387,11.705785751342773,14.469252586364746,1.3231865167617798,26.626251220703125,0.1,0.9901016354560852,500000,-5.41,28.78,-97.84,65.54,-1.9144,0.5,-10.520684242248535,0.22236531972885132,6.377596855163574,2.5023138523101807,0.21705716848373413,10.973320960998535,0.18712922930717468,7.280409336090088,0.05,39300,0.05376949244191949,38.33193589261173,262,6.117844949584258,-8.654682193500431,0.5697155849944484,0.7075492977197184,0.21736667566000986,0.07508402662027167,1.645,493.544,12.566,18.486,20109,360.0,0.0,0.0,360.473,48.5,0.1345,0.0,0.0,34.107,365.0,0.6434,12.84,0.0662,2.381,0.707,0.218,0.075,10,3
180,BiLevel,13.0,1.2,5.801,15,0.5314,-1687.823,472.619,4970,262,2.88,38.45,-59.9,59.93,-0.3396,0.2534,-0.4722908139228821,0.16913338005542755,6.252388954162598,0.9235309362411499,0.17345795035362244,13.404871940612793,5.040800094604492,14.052118301391602,5.99437141418457,19.307512283325195,0.1,0.9865165948867798,500000,-3.87,32.35,-88.19,84.28,-1.351,0.0,-10.71385669708252,0.24698874354362488,4.952584266662598,1.0838531255722046,0.21549862623214722,11.21571159362793,0.18085205554962158,20.604671478271484,0.05,39562,2.8771796845566757,38.447958672188655,262,7.527612377781617,-9.458463943945734,0.5750963444118318,0.7071079438770288,0.21790116174724797,0.07499089437572327,0.429,128.628,12.886,18.686,21448,360.0,0.0,0.0,360.0,0.0,0.0,0.0,0.0,0.0,0.0,0.7038,12.14,0.0713,2.42,0.708,0.217,0.075,16,0
181,BiLevel,14.4,1.1,9.625,12,0.489,-1910.148,683.337,4970,262,7.53,37.62,-59.9,59.99,-0.3843,0.3325,-0.32881802320480347,0.2595648169517517,8.718728065490723,3.4093284606933594,0.263285756111145,14.215452194213867,16.80872917175293,14.827731132507324,6.262423038482666,48.310035705566406,0.1,0.9829612970352173,500000,-4.81,31.44,-109.71,93.66,-2.8054,0.5,-11.240978240966797,0.2602848410606384,5.293155193328857,1.4270403385162354,0.20661833882331848,11.770318031311035,0.9984841346740723,19.616554260253906,0.05,39824,7.5331236793687735,37.62203425642603,262,15.28812409764842,-1.6811270826741271,0.5734723169604833,0.7084638218129506,0.21669300437623007,0.0748431738108194,12.991,3377.655,13.11,22.735,22120,360.0,0.0,0.0,394.777,90.705,0.2298,0.0,0.0,2121.729,4573.0,0.6438,11.91,0.0629,2.374,0.707,0.218,0.075,9,3
182,BiLevel,12.4,1.1,5.248,15,0.5613,-1770.678,517.237,4971,262,2.21,39.15,-59.9,59.98,-0.3562,0.2673,-0.32810014486312866,0.22109614312648773,7.786957740783691,2.515017509460449,0.17166918516159058,13.769895553588867,12.897588729858398,14.27805233001709,3.7580008506774902,28.0185489654541,0.1,0.9794415831565857,500000,-7.45,30.91,-109.74,87.58,-1.2879,0.0,-10.993646621704102,0.32570594549179077,4.876893997192383,1.0175304412841797,0.20980368554592133,11.655879974365234,0.3397316634654999,22.19878578186035,0.05,40086,2.2079156502493786,39.14737400034945,262,16.3763583507977,-5.879944898874352,0.5869177471108002,0.7079198126648119,0.2172906927878368,0.07478949454735133,3.784,1210.776,12.835,18.083,21613,360.0,0.0,0.0,360.0,0.0,0.0,0.0,0.0,0.0,0.0,0.6111,12.77,0.0525,2.28,0.708,0.217,0.075,14,1
183,BiLevel,13.2,1.0,4.179,16,0.3884,-1630.946,449.631,4971,262,13.63,36.39,-59.65,59.85,-0.3281,0.2575,-0.47938233613967896,0.17274115979671478,7.229331016540527,1.9881141185760498,0.1475379914045334,13.855433464050293,10.070836067199707,14.36878490447998,4.394494533538818,13.665534019470215,0.1,0.9759487509727478,500000,-3.39,33.41,-101.99,86.3,-0.9747,0.0,-10.99189567565918,0.2020062506198883,4.782228469848633,0.9313873052597046,0.19879698753356934,11.408724784851074,0.8411454558372498,10.036483764648438,0.05,40348,13.633449446841597,36.38707258968245,262,20.35318910746198,3.0952014032163118,0.583615669790959,0.7068898604354249,0.21845848613058325,0.07465165343399184,13.45,4572.988,13.46,17.639,19472,360.0,0.0,0.0,360.0,0.0,0.0,0.0,0.0,0.0,0.0,0.778,13.93,0.0508,2.179,0.708,0.217,0.075,16,0
184,BiLevel,12.8,1.2,6.416,14,0.5885,-1699.178,461.927,4970,262,8.97,38.3,-59.71,59.95,-0.3419,0.2524,-0.2751196622848511,0.20202778279781342,8.702049255371094,3.4825713634490967,0.20438773930072784,14.248408317565918,17.46541976928711,14.561631202697754,3.5487427711486816,28.546646118164062,0.1,0.9724760055541992,500000,-2.4,32.18,-99.99,92.5,-2.0286,0.5,-10.764815330505371,0.2533392012119293,5.702082633972168,1.8611061573028564,0.20709286630153656,11.280614852905273,0.23946426808834076,25.529375076293945,0.05,40610,8.967670112811554,38.30015155523839,262,20.406159653789118,4.652823105297591,0.590786349757095,0.7069174514528287,0.21847640475763092,0.07460614378954045,14.133,4239.872,13.325,19.741,20713,360.0,0.0,0.0,360.177,13.899,0.0386,0.0,0.0,4.298,178.0,0.7428,14.73,0.0527,2.06,0.707,0.218,0.075,11,3
185,BiLevel,12.3,1.4,3.369,15,0.4568,-1758.586,495.937,4970,262,-3.32,37.26,-59.93,59.92,-0.3538,0.2523,-0.45863497257232666,0.17805038392543793,7.147787094116211,1.9599559307098389,0.17297184467315674,13.995652198791504,12.611708641052246,14.399552345275879,4.631085395812988,29.6982479095459,0.1,0.9690424799919128,500000,-2.44,30.86,-86.0,99.75,-1.0185,0.0,-10.679085731506348,0.24384188652038574,4.497479438781738,0.6650139689445496,0.18442440032958984,11.176594734191895,0.43434834480285645,11.522353172302246,0.05,40872,-3.3182548952332027,37.263674596041156,262,3.7713119831132262,-11.22380101398418,0.5519632508882816,0.7061263613312598,0.21929598793747962,0.07457765073126055,-4.743,-1517.888,12.207,15.577,18184,360.0,0.0,0.0,360.0,0.0,0.0,0.0,0.0,0.0,0.0,0.5922,15.39,0.053,1.963,0.707,0.218,0.075,13,2
186,BiLevel,14.8,1.4,8.63,11,0.5464,-2234.794,836.692,4970,262,-3.09,39.41,-59.97,59.6,-0.4497,0.3594,-0.45915237069129944,0.17740517854690552,7.216027736663818,2.0547332763671875,0.18200787901878357,13.829198837280273,11.375563621520996,14.190104484558105,6.739192962646484,27.76854705810547,0.1,0.9656699895858765,500000,-5.64,29.43,-101.77,95.95,-2.6875,0.5,-10.595955848693848,0.2485695481300354,4.792054176330566,0.9649288058280945,0.22709837555885315,11.102931022644043,0.9995110034942627,12.363621711730957,0.05,41134,-3.0946657028708837,39.41067191993562,262,3.8619832969025567,-19.899014503391165,0.5906593793035921,0.7072891108138885,0.2182078454218516,0.07450304376425992,-6.687,-1738.576,12.41,21.04,22336,360.0,0.0,0.0,413.323,101.34,0.2452,0.0,0.0,3495.702,7005.0,1.0697,16.34,0.0555,1.719,0.708,0.217,0.076,8,3
187,BiLevel,14.5,1.3,8.947,11,0.4669,-1996.53,651.438,4970,262,-3.05,39.59,-59.91,59.87,-0.4017,0.3154,-0.33657097816467285,0.1797422170639038,8.709671020507812,3.576794147491455,0.17965039610862732,15.011725425720215,19.39495277404785,15.172060012817383,6.756549835205078,25.921791076660156,0.1,0.9623192548751831,500000,-4.19,26.63,-100.49,80.48,-2.7286,0.5,-10.796195030212402,0.33962640166282654,4.438445091247559,0.6112872362136841,0.286119282245636,11.484886169433594,0.8479324579238892,22.340044021606445,0.05,41396,-3.0545223379665067,39.58557628396231,262,7.815545217300716,-9.315652300182142,0.5952228073114801,0.7085244496093362,0.21709904025383364,0.07437651013682996,0.58,150.866,12.475,21.422,20962,360.0,0.0,0.0,413.8,88.274,0.2133,0.0,0.0,3412.584,7044.0,0.9904,16.98,0.0594,1.473,0.713,0.209,0.078,8,3
188,BiLevel,12.9,1.1,4.378,15,0.6028,-1600.62,420.399,4971,262,8.85,38.02,-59.73,59.87,-0.322,0.24,-0.7933874130249023,0.1990959346294403,5.689321041107178,0.5848717093467712,0.15912681818008423,14.399018287658691,5.030434608459473,15.03249454498291,4.497950077056885,29.144145965576172,0.1,0.9590110778808594,500000,-4.67,27.69,-91.33,74.01,-1.0846,0.0,-11.279090881347656,0.24853332340717316,5.164464473724365,1.347227692604065,0.22232109308242798,11.787515640258789,0.7997121214866638,14.313898086547852,0.05,41658,8.852490882046958,38.02479307876511,262,15.262890588452942,5.952664980762884,0.583756961702247,0.7078359162198069,0.21778262189735628,0.07438146188283677,12.598,4031.246,13.15,17.529,19002,360.0,0.0,0.0,360.0,0.0,0.0,0.0,0.0,0.0,0.0,1.0625,16.19,0.1034,1.496,0.716,0.204,0.08,15,0
189,BiLevel,13.5,1.1,8.382,12,0.615,-1987.906,706.953,4970,262,3.27,39.25,-59.8,59.98,-0.4,0.3384,-0.628051221370697,0.1829908788204193,6.631425857543945,1.5524944067001343,0.180586040019989,14.498510360717773,10.45250129699707,14.859861373901367,3.0174708366394043,21.660371780395508,0.1,0.955727219581604,500000,-4.5,29.45,-84.11,96.12,-2.5727,0.5,-11.018328666687012,0.3075534701347351,4.622598648071289,0.8142998814582825,0.25928550958633423,11.646035194396973,0.6831596493721008,18.519733428955078,0.05,41920,3.2677491935318566,39.24743172897481,262,14.386340365911783,-5.1970882792221875,0.5910726965467588,0.708917971821533,0.21672971904021615,0.07435230913825078,3.854,1079.061,12.772,21.154,21548,360.0,0.0,0.0,388.723,87.476,0.225,0.0,0.0,1789.599,3857.0,0.9838,16.22,0.1016,1.447,0.704,0.222,0.074,9,3
190,BiLevel,14.6,1.2,21.766,11,0.4722,-2158.235,793.747,4971,262,-5.3,39.8,-59.99,59.72,-0.4342,0.3478,-0.7858953475952148,0.16491229832172394,5.891371250152588,0.8423470258712769,0.15942825376987457,14.95357608795166,6.927944183349609,15.370115280151367,1.231612205505371,18.782318115234375,0.1,0.9524713158607483,500000,-1.69,31.17,-109.99,104.68,-5.461,0.5,-10.76533317565918,0.3697531819343567,4.897424697875977,1.095276951789856,0.24035164713859558,11.516233444213867,0.47126859426498413,17.521562576293945,0.05,42182,-5.295554208093919,39.79980634549885,262,8.190052545776492,-16.702248752744573,0.6044093218429789,0.7121146859278971,0.21416226165066057,0.07372305242144223,-2.895,-752.784,12.362,34.128,23686,360.0,0.0,0.0,412.915,92.133,0.2231,0.0,0.0,3332.683,7018.0,1.1277,15.93,0.1128,1.459,0.707,0.219,0.074,8,3
191,BiLevel,13.2,1.3,6.885,13,0.4564,-1735.258,494.412,4970,262,11.11,37.73,-59.93,59.89,-0.3491,0.2656,-0.8175700306892395,0.1622137427330017,6.751436233520508,1.7268779277801514,0.18594709038734436,14.503841400146484,9.502424240112305,14.922014236450195,2.3750107288360596,25.271747589111328,0.1,0.9492542147636414,500000,-3.25,28.74,-100.1,88.6,-2.1606,0.5,-11.231554985046387,0.27005213499069214,7.391994476318359,3.5946717262268066,0.25095251202583313,11.782670974731445,0.7228716015815735,26.861543655395508,0.05,42444,11.109759551605258,37.72835303577055,262,13.767930912697,3.798560616844579,0.5907290628542583,0.7126220432448188,0.2137400453080329,0.07363791144714842,14.852,4455.748,13.376,20.261,21337,360.0,0.0,0.0,370.754,70.149,0.1892,0.0,0.0,692.973,1562.0,0.9899,17.18,0.0713,1.09,0.698,0.229,0.072,10,3
192,BiLevel,12.8,1.1,5.471,15,0.3627,-1653.591,449.598,4971,262,10.31,37.06,-59.8,59.78,-0.3326,0.263,-0.7585378885269165,0.17910540103912354,6.021291255950928,1.0260450839996338,0.1622617095708847,14.477521896362305,6.841177463531494,14.815408706665039,5.948066234588623,39.49687957763672,0.1,0.9460805058479309,500000,-5.36,28.64,-85.75,89.59,-1.454,0.0,-11.770355224609375,0.249700129032135,5.967609405517578,2.179283857345581,0.20801888406276703,12.277091979980469,0.042465940117836,11.908361434936523,0.05,42706,10.30911326458896,37.060080345045336,262,18.519377480408078,6.342156767335377,0.5765856447458648,0.7121806721732399,0.2143355448312896,0.07348378299547054,11.416,3424.855,13.204,18.675,20827,360.0,0.0,0.0,360.0,0.0,0.0,0.0,0.0,0.0,0.0,0.9915,16.34,0.1267,0.91,0.721,0.2,0.079,13,2
193,BiLevel,12.6,1.1,4.509,14,0.4342,-1686.805,467.12,4970,262,2.41,38.28,-59.96,59.94,-0.3394,0.2553,-0.7295942902565002,0.19676120579242706,6.155829429626465,1.1858415603637695,0.16884887218475342,14.561103820800781,8.909172058105469,14.869414329528809,3.840135097503662,27.122472763061523,0.1,0.9429122805595398,500000,-3.77,29.6,-88.44,100.58,-1.62,0.5,-11.625138282775879,0.24784430861473083,4.652752876281738,0.8733752369880676,0.2120477706193924,12.129453659057617,0.558568000793457,15.094380378723145,0.05,42968,2.4057587106661567,38.28098514752782,262,10.074096198301566,-3.0554259777069093,0.5726785415889444,0.7119476652839829,0.2146091749654771,0.07344315975053989,3.394,1018.284,12.889,17.397,20724,360.0,0.0,0.0,360.0,13.897,0.0386,0.0,0.0,1.084,129.0,0.9197,14.48,0.2153,0.96,0.684,0.246,0.071,11,3
194,BiLevel,12.9,1.4,4.263,15,0.5213,-1666.585,450.171,4971,262,8.94,37.25,-59.92,59.7,-0.3353,0.2534,-0.9090151786804199,0.1893318146467209,6.115895748138428,1.1726046800613403,0.17366132140159607,13.990903854370117,8.284286499023438,14.452287673950195,5.256146430969238,30.617979049682617,0.1,0.9397584795951843,500000,-1.98,27.1,-85.96,90.16,-1.6366,0.0,-11.72064208984375,0.22425678372383118,4.607705593109131,0.8345049619674683,0.20239824056625366,12.178712844848633,0.09831486642360687,11.952592849731445,0.05,43230,8.937562310663873,37.25492944199345,262,13.378813832214002,3.3830956251997697,0.5717890286138357,0.7112661672451248,0.21531753750158794,0.07341629525328741,10.045,3415.392,13.235,17.498,19993,360.0,0.0,0.0,360.0,0.0,0.0,0.0,0.0,0.0,0.0,0.8819,10.93,0.3271,1.68,0.589,0.35,0.061,12,3
195,BiLevel,13.0,1.2,3.746,15,0.4927,-1694.533,463.478,4970,262,10.2,37.51,-59.97,59.66,-0.341,0.2647,-0.8281304240226746,0.1713874787092209,6.876095294952393,1.9622361660003662,0.15277187526226044,14.614188194274902,14.93000602722168,14.86986255645752,4.701988697052002,16.456619262695312,0.1,0.9366254806518555,500000,-4.93,29.92,-107.91,93.03,-0.7321,0.0,-11.987072944641113,0.2727239727973938,4.529155731201172,0.7607084512710571,0.2257518172264099,12.543867111206055,0.5258222818374634,24.4427547454834,0.05,43492,10.196980297526858,37.50938863357479,262,11.644023184635135,0.9068853772000264,0.5818251186514194,0.710520878061962,0.21608339156045517,0.07339573037758283,7.9,2527.983,13.21,16.956,19655,360.0,0.0,0.0,360.0,0.0,0.0,0.0,0.0,0.0,0.0,0.7952,13.5,0.113,2.033,0.498,0.451,0.051,14,1
196,BiLevel,14.9,1.2,24.938,11,0.4872,-2098.71,702.111,4970,262,4.85,38.6,-59.83,59.72,-0.4223,0.3243,-0.9934672713279724,0.1923193335533142,6.5976057052612305,1.7086918354034424,0.1659458726644516,14.571828842163086,12.159830093383789,15.014357566833496,2.7568881511688232,33.19702911376953,0.1,0.9335247278213501,500000,-5.16,29.52,-97.42,93.8,-6.098,0.5,-11.868612289428711,0.3146745562553406,4.726115703582764,0.9626086354255676,0.24832241237163544,12.506036758422852,0.27309197187423706,12.007745742797852,0.05,43754,4.850095320150811,38.59572816556913,262,14.7446150340532,-8.11107602307671,0.5820823656236938,0.7141263261399676,0.21320128557366178,0.07267238828637057,3.93,1021.866,12.99,37.928,24102,360.0,0.0,0.0,429.223,84.573,0.197,0.0,0.0,4511.37,9028.0,0.995,16.42,0.0596,1.593,0.697,0.231,0.072,8,3
197,BiLevel,12.6,1.0,3.713,15,0.5516,-1621.493,436.212,4971,262,5.62,37.42,-59.91,59.85,-0.3262,0.2421,-0.8813236951828003,0.16024565696716309,7.71016788482666,2.8500523567199707,0.1479114592075348,14.672443389892578,19.048648834228516,14.880391120910645,4.251771926879883,24.264415740966797,0.1,0.9304302930831909,500000,-2.52,28.28,-86.05,89.22,-0.9716,0.0,-11.984432220458984,0.22485819458961487,5.058588027954102,1.3028771877288818,0.23336142301559448,12.44543170928955,0.6273231506347656,18.463186264038086,0.05,44016,5.622877810398438,37.41603385492656,262,12.548806507630568,-3.4105029208095443,0.561753928787718,0.7133445015809915,0.2139705584542891,0.0726849399647195,5.247,1679.131,12.85,16.563,19820,360.0,0.0,0.0,360.0,0.0,0.0,0.0,0.0,0.0,0.0,0.9967,17.15,0.0641,1.245,0.72,0.204,0.076,14,1
198,BiLevel,14.9,1.1,7.877,12,0.5414,-1866.271,632.038,4971,262,15.98,35.93,-59.77,59.8,-0.3754,0.321,-0.9578653573989868,0.17380134761333466,6.181754112243652,1.3455846309661865,0.173613041639328,14.809104919433594,8.51662540435791,15.05648422241211,1.5409396886825562,22.716367721557617,0.1,0.9273855090141296,500000,-3.87,30.89,-88.47,101.92,-2.4328,0.5,-12.25070571899414,0.22360630333423615,4.858418941497803,1.1095154285430908,0.1985251009464264,12.708802223205566,0.5507638454437256,8.368111610412598,0.05,44278,15.983423664008072,35.929010866703834,262,17.02657423111561,2.2516547098559765,0.589027685715292,0.7143329243649523,0.2130193494924441,0.07264772614260355,15.154,3940.087,13.522,21.399,22334,360.0,0.0,0.0,408.673,75.289,0.1842,0.0,0.0,3187.698,6363.0,0.7877,15.84,0.1261,1.352,0.722,0.2,0.078,9,3
199,BiLevel,13.7,1.2,5.564,15,0.3825,-1690.629,459.495,4971,262,13.19,36.61,-59.92,59.78,-0.3401,0.2536,-0.9777753949165344,0.15263211727142334,7.289630889892578,2.479518175125122,0.16766542196273804,15.486481666564941,19.160676956176758,15.597554206848145,2.859858512878418,22.35934066772461,0.1,0.9243273138999939,500000,-2.85,30.13,-103.89,97.21,-1.7744,0.5,-11.847146987915039,0.24707211554050446,5.147643089294434,1.4049623012542725,0.23643964529037476,12.349477767944336,0.26197072863578796,72.09545135498047,0.05,44540,13.19179257077321,36.61221611601169,262,17.74969856331223,5.136641416267345,0.5842444593309242,0.7138971303962913,0.2135960990070031,0.07250677059670561,11.334,3853.704,13.295,18.859,19717,360.0,0.0,0.0,360.0,4.561,0.0127,0.0,0.0,0.198,52.0,0.7444,15.89,0.1118,1.244,0.686,0.244,0.07,12,3
200,BiLevel,13.7,1.2,4.944,15,0.4373,-1670.327,454.353,4970,262,0.84,38.23,-59.96,59.84,-0.3361,0.2436,-1.1482094526290894,0.1538226306438446,5.873682975769043,1.0899832248687744,0.16148804128170013,15.12161636352539,8.504143714904785,15.406147003173828,3.136906385421753,20.92980194091797,0.1,0.9213027358055115,500000,-5.5,33.01,-103.37,96.8,-1.1335,0.0,-12.119516372680664,0.2330247163772583,4.843592643737793,1.1067886352539062,0.21402046084403992,12.598283767700195,0.688168466091156,19.391084671020508,0.05,44802,0.8415895196888409,38.22927142984386,262,7.486222706029291,-1.9398064015727292,0.5705179640241501,0.7133506194542879,0.21423219066864532,0.07241718987706694,1.512,453.728,12.816,17.76,20423,360.0,0.0,0.0,360.0,0.0,0.0,0.0,0.0,0.0,0.0,0.7319,14.41,0.157,1.457,0.701,0.227,0.071,16,0
201,BiLevel,13.4,1.2,3.791,14,0.6966,-1623.13,440.216,4970,262,5.61,37.94,-59.76,59.76,-0.3266,0.2394,-1.0754247903823853,0.1311349868774414,6.562061309814453,1.8069756031036377,0.13562354445457458,14.994441986083984,13.929088592529297,15.12028980255127,2.1720521450042725,16.606847763061523,0.1,0.9182747602462769,500000,-0.27,30.14,-93.47,103.35,-1.5711,0.5,-12.457069396972656,0.2631711959838867,4.402692794799805,0.6722409129142761,0.2318427860736847,12.987874984741211,0.7640113234519958,14.88563346862793,0.05,45064,5.6053297352368086,37.93693790891923,262,6.420978307096581,0.3279301455146389,0.5698632137027989,0.7129114627536018,0.21455234967965145,0.07253618756674671,5.88,1764.11,12.978,16.769,19913,360.0,0.0,0.0,360.0,9.115,0.0253,0.0,0.0,1.538,87.0,0.7814,13.08,0.1656,1.942,0.652,0.281,0.066,11,3
202,BiLevel,12.7,1.2,5.481,15,0.2839,-1650.989,453.629,4971,262,4.12,37.96,-59.91,59.91,-0.3321,0.251,-1.102346420288086,0.19266262650489807,6.303606033325195,1.5694786310195923,0.19499845802783966,14.821722984313965,11.825427055358887,15.060012817382812,1.8866184949874878,39.73263931274414,0.1,0.9153022170066833,500000,-4.27,30.59,-99.69,92.55,-1.1127,0.0,-12.312037467956543,0.28836336731910706,7.847786903381348,4.123803615570068,0.22908371686935425,12.89838981628418,0.43428313732147217,33.224754333496094,0.05,45326,4.120573813823736,37.96229820226638,262,8.879090443096665,-4.7510267427093105,0.5674483608174508,0.7125103141908735,0.2151373726121056,0.07235231319702086,2.842,852.542,12.851,18.332,21345,360.0,0.0,0.0,360.0,0.0,0.0,0.0,0.0,0.0,0.0,0.7499,13.96,0.0954,1.981,0.643,0.292,0.065,15,0
203,BiLevel,13.6,1.1,5.909,13,0.4729,-1729.093,471.004,4970,262,10.15,37.77,-59.9,59.68,-0.3479,0.268,-1.2956008911132812,0.14653019607067108,5.16394567489624,0.45917201042175293,0.1584395170211792,15.039835929870605,5.229676246643066,15.327970504760742,2.610219955444336,22.621252059936523,0.1,0.9123424291610718,500000,-4.25,29.55,-99.36,104.13,-1.9466,0.5,-12.226613998413086,0.2443697452545166,5.422731399536133,1.7052536010742188,0.2360694259405136,12.72489070892334,1.0193358659744263,25.1270751953125,0.05,45588,10.15088786982577,37.768717508330425,262,12.523567418361965,3.7947890612247734,0.5891689021100595,0.7128489978497521,0.21483061546935667,0.07232038668089133,11.347,3403.961,13.318,19.227,21642,360.0,0.0,0.0,370.712,74.236,0.2003,0.0,0.0,727.347,1507.0,0.6657,12.34,0.1043,2.34,0.713,0.215,0.072,10,3
204,BiLevel,12.7,1.1,4.407,13,0.6151,-1750.687,494.433,4970,262,5.26,38.57,-59.97,59.82,-0.3523,0.2627,-1.2084084749221802,0.1713794618844986,5.7018561363220215,1.0208576917648315,0.16473105549812317,15.586745262145996,9.841001510620117,15.745038986206055,4.125540256500244,24.60986328125,0.1,0.90939861536026,500000,-3.29,29.66,-92.63,95.05,-1.6627,0.5,-12.354740142822266,0.2884558141231537,6.47927188873291,2.766066312789917,0.2231511026620865,12.943719863891602,0.29557541012763977,27.429851531982422,0.05,45850,5.260862381119933,38.56717159009822,262,10.871584698871562,-1.9214593561072104,0.5831418316665288,0.7129083995375224,0.2146776821551451,0.07241391830733256,4.151,1245.28,12.943,17.349,20514,360.0,0.0,0.0,360.758,63.803,0.1769,0.0,0.0,109.439,486.0,0.5378,10.31,0.0848,2.732,0.708,0.22,0.072,10,3
205,BiLevel,13.5,1.2,6.239,15,0.5395,-1602.438,429.242,4971,262,13.35,37.34,-59.78,59.48,-0.3224,0.2497,-1.365828514099121,0.15327803790569305,5.310998439788818,0.6574045419692993,0.15219932794570923,14.702751159667969,6.842749118804932,15.029027938842773,4.720303058624268,22.508955001831055,0.1,0.9064865708351135,500000,-4.9,30.44,-93.42,106.3,-1.9345,0.5,-12.231882095336914,0.2795123755931854,5.21068811416626,1.5005521774291992,0.25241976976394653,12.804434776306152,0.765960156917572,48.524784088134766,0.05,46112,13.351755565777646,37.339100839586514,262,19.617709698802546,-0.6735803824898443,0.5965196518288383,0.7125286988217813,0.21514480323034849,0.07232649794787015,13.372,4278.899,13.59,19.829,21241,360.0,0.0,0.0,360.0,0.263,0.0007,0.0,0.0,0.011,3.0,0.6645,12.19,0.0518,2.627,0.713,0.215,0.072,12,3
206,BiLevel,12.9,1.1,4.79,15,0.4222,-1619.576,436.07,4971,262,5.64,37.89,-59.89,59.74,-0.3258,0.2596,-1.4335232973098755,0.20332849025726318,6.146486282348633,1.514457106590271,0.17185093462467194,14.799890518188477,12.854619026184082,15.241519927978516,1.2701036930084229,27.23725700378418,0.1,0.903593122959137,500000,-2.87,27.05,-102.0,79.41,-1.5995,0.0,-12.580648422241211,0.4204842448234558,4.387310981750488,0.682956874370575,0.27270936965942383,13.429816246032715,0.3477081060409546,19.285987854003906,0.05,46374,5.64201671550295,37.88921674456561,262,19.812484233630332,-3.9249754805313914,0.5713100639202577,0.7119792765984984,0.2157830870687016,0.07223763633279998,6.137,1963.714,12.901,17.69,20870,360.0,0.0,0.0,360.0,0.0,0.0,0.0,0.0,0.0,0.0,0.6972,13.22,0.054,2.472,0.713,0.215,0.072,12,3
207,BiLevel,12.6,1.1,3.791,15,0.5062,-1654.466,439.676,4970,262,5.72,37.97,-59.98,59.75,-0.3329,0.2511,-1.3802094459533691,0.15292517840862274,5.440489768981934,0.8363089561462402,0.15763962268829346,15.06619644165039,7.805566310882568,15.282198905944824,6.013420104980469,25.447763442993164,0.1,0.900708794593811,500000,-5.57,29.39,-90.85,96.73,-1.4049,0.0,-12.728301048278809,0.2161758691072464,4.542442798614502,0.843915581703186,0.24002304673194885,13.171823501586914,0.09544443339109421,39.35661697387695,0.05,46636,5.724206135864229,37.96555792189234,262,10.638082265853882,-1.2480590462292493,0.5734253385084905,0.7112540658804474,0.2165190876202769,0.07222684649927566,6.223,1991.416,13.066,16.857,19813,360.0,0.0,0.0,360.0,0.0,0.0,0.0,0.0,0.0,0.0,0.6351,14.04,0.0535,2.346,0.712,0.216,0.072,12,3
208,BiLevel,13.5,1.1,4.546,14,0.5336,-1691.691,483.043,4970,262,19.41,35.79,-59.86,59.93,-0.3404,0.2694,-1.4083871841430664,0.14533579349517822,5.714291572570801,1.1353175640106201,0.15997838973999023,15.506589889526367,7.692078590393066,15.62817668914795,2.4234561920166016,18.29834747314453,0.1,0.8978298306465149,500000,-2.19,29.35,-93.08,99.74,-1.6171,0.5,-13.352202415466309,0.2696242034435272,5.132090091705322,1.4365224838256836,0.24899066984653473,13.902390480041504,0.8171993494033813,42.083892822265625,0.05,46898,19.40732475720511,35.785350407937464,262,22.312101906381155,12.720891928045372,0.6177517022811279,0.7110020935289322,0.21675959129481656,0.07223831517625126,20.816,6661.148,13.832,18.378,20340,360.0,0.0,0.0,360.412,47.5,0.1318,0.0,0.0,34.485,260.0,0.519,14.29,0.0572,2.248,0.711,0.217,0.072,11,3
209,BiLevel,13.1,1.0,5.265,16,0.676,-1546.381,386.637,4970,262,17.16,36.83,-59.97,59.88,-0.3111,0.2363,-1.5050383806228638,0.1476101279258728,5.085443019866943,0.5343683958053589,0.13315865397453308,15.129533767700195,5.947665214538574,15.352959632873535,2.6194450855255127,21.271709442138672,0.1,0.8949997425079346,500000,-5.56,32.08,-95.96,105.53,-1.7198,0.0,-12.864733695983887,0.4458988606929779,5.763128280639648,2.075077772140503,0.30106014013290405,13.76926040649414,0.5849049687385559,30.0613956451416,0.05,47160,17.159707221866658,36.83251672534535,262,23.959231977713735,8.889174510460151,0.6166121890490335,0.7100776787653734,0.21770561951788653,0.07221670171673994,17.387,5911.426,13.83,19.096,21042,360.0,0.0,0.0,360.0,0.0,0.0,0.0,0.0,0.0,0.0,0.7159,15.41,0.0532,2.07,0.711,0.217,0.072,13,3
210,BiLevel,12.9,1.2,3.902,14,0.6558,-1538.099,403.832,4971,262,8.82,38.2,-59.95,59.76,-0.3094,0.249,-1.4185236692428589,0.13246402144432068,6.201358318328857,1.6763426065444946,0.12436189502477646,14.972038269042969,18.068668365478516,15.071609497070312,0.9367576241493225,12.0795259475708,0.1,0.8921592235565186,500000,-2.17,30.85,-108.23,108.36,-1.5051,0.5,-13.253034591674805,0.3078325688838959,4.370400428771973,0.6866495013237,0.2748512923717499,13.876150131225586,1.013689398765564,23.87781524658203,0.05,47422,8.816637520109731,38.199242583625654,262,15.42545388560546,5.54675313736263,0.5893750005826335,0.7096913987798116,0.21799863346862902,0.07230996775155936,9.149,2744.725,13.199,17.101,19638,360.0,0.0,0.0,360.0,19.89,0.0553,0.0,0.0,3.168,173.0,0.8321,15.91,0.0618,1.85,0.712,0.215,0.073,11,3
211,BiLevel,12.8,1.2,6.411,15,0.6116,-1669.122,450.954,4971,262,4.93,39.28,-59.89,59.97,-0.3358,0.2546,-1.4807049036026,0.13763321936130524,5.641636371612549,1.1399022340774536,0.14456996321678162,15.89542293548584,12.960821151733398,15.916341781616211,1.8562676906585693,17.198749542236328,0.1,0.8893203139305115,500000,-7.2,33.37,-103.44,108.98,-1.986,0.0,-12.739513397216797,0.32976415753364563,5.297033309936523,1.6181278228759766,0.31752121448516846,13.410599708557129,0.2946245074272156,57.61362838745117,0.05,47684,4.925536980910189,39.27563642167467,262,12.954711318957177,-9.225107939855047,0.5964525878775769,0.7093336507090324,0.21841403874658713,0.07225231054438044,1.204,385.178,13.179,19.59,20805,360.0,0.0,0.0,360.0,0.0,0.0,0.0,0.0,0.0,0.0,0.6159,16.28,0.0618,1.665,0.713,0.212,0.075,12,3
212,BiLevel,13.5,1.0,4.612,13,0.5976,-1667.923,451.044,4970,262,10.25,38.28,-59.76,59.84,-0.3356,0.2582,-1.5308661460876465,0.13082435727119446,5.886068344116211,1.4066250324249268,0.17502743005752563,15.05614185333252,14.07516098022461,15.162749290466309,4.68174934387207,31.58894920349121,0.1,0.8864890933036804,500000,-2.46,27.68,-88.32,88.9,-1.6909,0.5,-12.78872299194336,0.29550668597221375,6.685174942016602,3.0138120651245117,0.2502458691596985,13.390954971313477,0.1726914942264557,44.025089263916016,0.05,47946,10.246795600940525,38.278916354648366,262,15.748041691513436,-4.65761687386977,0.5973954299178078,0.709439179508215,0.21823262236891225,0.07232819812287276,7.914,2374.298,13.329,17.94,20668,360.0,0.0,0.0,369.654,70.811,0.1916,0.0,0.0,720.366,1421.0,0.4647,14.96,0.0894,1.784,0.714,0.21,0.076,10,3
213,BiLevel,12.9,1.1,4.363,15,0.4626,-1631.641,450.151,4969,262,8.19,38.08,-59.83,59.81,-0.3284,0.2545,-1.4575176239013672,0.13351354002952576,5.943339824676514,1.4934594631195068,0.12387975305318832,15.994494438171387,16.012474060058594,15.890924453735352,2.09598970413208,17.77051544189453,0.1,0.883682906627655,500000,-3.25,29.5,-92.94,84.21,-1.0289,0.0,-12.987238883972168,0.3010936677455902,4.851119041442871,1.1873703002929688,0.22372514009475708,13.603586196899414,1.084633708000183,25.688081741333008,0.05,48208,8.191651953031544,38.08054394219155,262,9.966033078416398,0.6316001309376016,0.5844657778611123,0.7088354795690174,0.21888879843174208,0.07227572199924057,8.385,2515.422,13.165,17.528,20702,360.0,0.0,0.0,360.0,0.0,0.0,0.0,0.0,0.0,0.0,0.4417,12.39,0.1033,2.249,0.709,0.218,0.072,16,0
214,BiLevel,13.2,1.1,3.981,15,0.6256,-1546.784,382.993,4970,262,15.45,37.31,-59.73,59.89,-0.3112,0.2344,-1.505170226097107,0.13729430735111237,5.300330638885498,0.8703139424324036,0.17476297914981842,16.265785217285156,8.058700561523438,16.119003295898438,4.714524269104004,47.26407241821289,0.1,0.8809232115745544,500000,-4.5,31.67,-103.68,87.82,-0.9773,0.0,-12.608416557312012,0.26981866359710693,4.722500801086426,1.0651228427886963,0.20838560163974762,13.159952163696289,0.5283470153808594,12.787932395935059,0.05,48470,15.452150678546197,37.31296476165528,262,22.05192009038047,6.9016242001793895,0.6108953920539308,0.7081210115465049,0.21956486393905636,0.07231412451443861,16.751,5695.498,13.724,17.705,20231,360.0,0.0,0.0,360.0,0.0,0.0,0.0,0.0,0.0,0.0,0.6144,12.56,0.0756,2.31,0.705,0.223,0.072,15,0
215,BiLevel,13.4,1.2,4.641,16,0.4382,-1609.054,438.55,4971,262,14.3,37.34,-59.85,59.63,-0.3237,0.2541,-1.8200286626815796,0.14248055219650269,5.2961015701293945,0.8956236839294434,0.12913528084754944,15.268095970153809,5.836392879486084,15.544965744018555,1.8697644472122192,23.161500930786133,0.1,0.8781560659408569,500000,-6.08,31.36,-89.27,90.77,-1.1248,0.0,-12.77663803100586,0.26369190216064453,6.528002738952637,2.8748695850372314,0.2052558809518814,13.313742637634277,0.14290104806423187,38.960845947265625,0.05,48732,14.301434275287452,37.339241159860705,262,22.349057651115093,5.514902139337439,0.6017134696088813,0.7072187817831918,0.22057724284012253,0.07220397537668571,14.053,4496.869,13.606,18.247,20979,360.0,0.0,0.0,360.0,0.0,0.0,0.0,0.0,0.0,0.0,0.5645,14.24,0.0515,2.183,0.708,0.22,0.072,15,1
216,BiLevel,13.4,1.2,4.745,16,0.6355,-1574.431,417.806,4970,262,14.18,36.8,-59.88,59.91,-0.3168,0.2555,-1.739471673965454,0.12251336872577667,5.3637237548828125,0.9893523454666138,0.11534816026687622,15.31136703491211,12.095520973205566,15.409828186035156,1.8822336196899414,15.673704147338867,0.1,0.8754000067710876,500000,-8.91,29.03,-99.49,86.12,-1.6026,0.0,-12.942275047302246,0.29871824383735657,4.623462677001953,0.9768104553222656,0.22987951338291168,13.548693656921387,0.2325490117073059,9.12342357635498,0.05,48994,14.183233269412723,36.80041504826738,262,18.654160510042782,2.458595862239599,0.5952177284946771,0.7062688076291568,0.22154824207399315,0.07218295029685008,11.037,3752.514,13.526,18.271,20590,360.0,0.0,0.0,360.0,0.0,0.0,0.0,0.0,0.0,0.0,0.606,15.53,0.0522,2.016,0.707,0.221,0.072,13,3
217,BiLevel,15.4,1.2,24.23,11,0.4861,-1966.85,642.483,4970,262,0.58,40.53,-59.92,59.91,-0.3957,0.3152,-1.7424957752227783,0.12085990607738495,5.624536991119385,1.2734061479568481,0.12255461513996124,15.337964057922363,13.906363487243652,15.393199920654297,1.7495408058166504,14.716670989990234,0.1,0.8726489543914795,500000,-4.83,29.71,-107.57,103.57,-5.9925,0.5,-13.375982284545898,0.37169715762138367,4.99196720123291,1.3490232229232788,0.24048210680484772,14.122701644897461,0.13750745356082916,17.76504898071289,0.05,49256,0.5834918113811395,40.53134749883658,262,14.314578727554334,-10.169518755454764,0.61264855172829,0.7096389107496321,0.21882391492221506,0.07153717432815276,0.468,121.695,12.968,37.198,23207,360.0,0.0,0.0,424.077,81.571,0.1924,0.0,0.0,4259.252,8340.0,1.0549,16.36,0.0699,1.664,0.708,0.218,0.074,8,3
218,BiLevel,14.0,1.2,14.138,12,0.3886,-1863.728,637.366,4971,262,4.05,40.1,-59.95,59.77,-0.3749,0.3194,-1.7586500644683838,0.1470828503370285,5.2515106201171875,0.9245206713676453,0.1309851109981537,15.306416511535645,13.125649452209473,15.376870155334473,1.7146018743515015,21.038631439208984,0.1,0.8699244856834412,500000,-5.55,30.32,-112.29,93.03,-3.7497,0.5,-13.236713409423828,0.301516592502594,4.533082962036133,0.8948434591293335,0.21804620325565338,13.846914291381836,0.877478837966919,18.974695205688477,0.05,49518,4.05146699013562,40.10041666151912,262,14.039217274988951,-3.574100931263284,0.6094835615076794,0.7115553239240019,0.21723309446920788,0.07121158160679025,8.874,2484.64,13.03,27.167,23021,360.0,0.0,0.0,393.719,79.487,0.2019,0.0,0.0,2136.527,4436.0,1.0923,15.87,0.1028,1.675,0.715,0.21,0.075,9,3
219,BiLevel,12.9,1.0,5.229,16,0.5629,-1580.383,418.67,4969,262,10.89,37.75,-59.93,59.7,-0.318,0.2491,-1.8098533153533936,0.13352759182453156,5.2434539794921875,0.9401348829269409,0.13910366594791412,15.83646011352539,15.752619743347168,15.852466583251953,1.096055269241333,20.896963119506836,0.1,0.8672242164611816,500000,-5.0,29.04,-94.76,94.95,-1.2314,0.0,-13.108983993530273,0.2875165045261383,4.353209018707275,0.7163768410682678,0.27288657426834106,13.687169075012207,0.33137500286102295,30.316770553588867,0.05,49780,10.887500254787815,37.74791339679272,262,14.424770171469765,-0.42187042267698943,0.591245128012372,0.7106836792263027,0.21817211932756303,0.07114420144613429,7.608,2586.884,13.348,18.577,20717,360.0,0.0,0.0,360.0,0.0,0.0,0.0,0.0,0.0,0.0,1.0005,15.87,0.1003,1.689,0.709,0.221,0.071,16,0
220,BiLevel,12.8,1.2,5.802,13,0.3744,-1817.818,528.543,4970,262,4.18,39.07,-60.0,59.76,-0.3658,0.2652,-1.8333362340927124,0.16173511743545532,5.0195088386535645,0.7350236773490906,0.16764941811561584,15.937620162963867,9.645668029785156,15.958799362182617,1.176413655281067,21.180078506469727,0.1,0.8645159602165222,500000,-4.36,32.99,-98.48,92.18,-1.9064,0.5,-13.057478904724121,0.2907957434654236,4.784018039703369,1.154920220375061,0.243038609623909,13.651999473571777,0.30119600892066956,15.592888832092285,0.05,50000,4.181716112348005,39.06917894562903,262,11.156002929963565,-0.7097772375141318,0.5888766992691851,0.7110350062636591,0.21788896169218172,0.07107603204415923,5.961,1788.229,12.89,18.692,20257,360.0,0.0,0.0,360.285,71.749,0.1991,0.0,0.0,156.393,645.0,0.9622,15.92,0.0967,1.675,0.71,0.219,0.071,10,3
221,BiLevel,13.3,1.4,4.783,15,0.6315,-1604.732,441.801,4970,262,10.24,37.38,-59.9,59.45,-0.3229,0.259,-1.8481504917144775,0.12029805779457092,4.736813068389893,0.4802994132041931,0.1413266360759735,15.554915428161621,3.592557668685913,15.50879955291748,2.8740880489349365,36.48614501953125,0.1,0.8618160486221313,500000,-3.47,28.17,-104.69,86.75,-1.3602,0.0,-13.173270225524902,0.24207419157028198,12.263480186462402,8.639749526977539,0.25909116864204407,13.659720420837402,0.0842423364520073,29.636962890625,0.05,50000,10.243947580768548,37.378714205079206,262,15.557697907247038,2.4166622182256305,0.5816158062566471,0.7104358765087404,0.21847141803330503,0.0710927054579546,10.889,3702.327,13.258,18.041,20252,360.0,0.0,0.0,360.0,0.0,0.0,0.0,0.0,0.0,0.0,0.8724,15.71,0.0986,1.721,0.715,0.212,0.073,13,2
222,BiLevel,14.9,1.1,20.649,11,0.6116,-1965.18,645.841,4970,262,3.09,39.9,-59.95,59.43,-0.3954,0.3133,-1.9200736284255981,0.12028999626636505,4.787160873413086,0.5585213303565979,0.1110524982213974,15.905149459838867,10.02966022491455,15.84635066986084,3.18146014213562,15.991340637207031,0.1,0.8591439127922058,500000,-4.37,30.19,-103.95,98.57,-5.2738,0.5,-13.083175659179688,0.2991780638694763,5.190024375915527,1.572935700416565,0.23883050680160522,13.688032150268555,0.03354300558567047,28.958600997924805,0.05,50000,3.0884098262617914,39.896079935373464,262,13.589110464798775,-11.482615579311785,0.6044389461459414,0.7131791497390739,0.21617338093240676,0.0706474693285194,1.368,355.802,13.049,33.699,23461,360.0,0.0,0.0,426.823,82.634,0.1936,0.0,0.0,4407.836,8724.0,1.1171,15.78,0.0981,1.663,0.713,0.214,0.073,8,3
223,BiLevel,13.4,1.1,8.28,15,0.6183,-1587.756,411.173,4970,262,12.6,37.77,-59.98,59.82,-0.3195,0.2412,-1.9711170196533203,0.12645992636680603,5.0213212966918945,0.8134318590164185,0.14699284732341766,16.259057998657227,11.539823532104492,16.150310516357422,3.065258026123047,25.179256439208984,0.1,0.8564878106117249,500000,-0.45,33.34,-97.74,107.85,-2.3888,0.5,-13.190343856811523,0.29233837127685547,5.58759069442749,1.9729278087615967,0.22373095154762268,13.784632682800293,1.1382122039794922,24.230792999267578,0.05,50000,12.595304975592695,37.765099643903355,262,17.92473084110963,-5.265867680624912,0.6003820916554194,0.713076892139965,0.21638616720361806,0.07053694065641694,7.983,2714.241,13.457,21.737,22329,360.0,0.0,0.0,360.0,14.084,0.0391,0.0,0.0,1.034,119.0,1.0279,14.51,0.123,2.082,0.716,0.211,0.073,12,3
224,BiLevel,13.0,1.2,4.536,14,0.7029,-1710.241,474.379,4970,262,7.61,38.71,-59.97,59.83,-0.3441,0.2622,-1.968313455581665,0.12365235388278961,5.057655334472656,0.8764516711235046,0.1178208440542221,15.851970672607422,9.678129196166992,15.778613090515137,6.568600177764893,16.59100341796875,0.1,0.853833794593811,500000,-4.72,26.01,-89.59,75.93,-1.678,0.5,-13.637321472167969,0.2685016393661499,11.188949584960938,7.578293800354004,0.22500109672546387,14.183260917663574,0.5923523306846619,11.425660133361816,0.05,50000,7.609099038905451,38.70538126890905,262,10.73461456330199,-9.599053892022685,0.5919740946368401,0.7127657347288507,0.21660172769815716,0.07063253757299208,1.314,420.495,13.286,17.822,19859,360.0,0.0,0.0,360.0,29.25,0.0812,0.0,0.0,4.015,208.0,0.7408,15.03,0.0734,2.094,0.689,0.243,0.068,11,3
225,BiLevel,15.3,1.1,26.478,11,0.4217,-2078.306,737.098,4970,262,1.31,41.23,-59.96,59.6,-0.4182,0.3391,-2.066479206085205,0.12347641587257385,4.780605792999268,0.623163104057312,0.11606345325708389,16.421554565429688,8.679961204528809,16.324417114257812,4.171550750732422,12.168280601501465,0.1,0.8512068390846252,500000,-4.56,31.3,-101.18,109.28,-6.4826,0.5,-13.682991027832031,0.246613010764122,7.668665885925293,4.066177845001221,0.22049766778945923,14.18412971496582,0.17929328978061676,22.865764617919922,0.05,50000,1.3146464585838185,41.23215642496389,262,16.84072624742985,-15.266811225445647,0.6254038201683116,0.7163537456870794,0.21373983508514727,0.06990641922777333,4.034,1048.933,13.067,39.546,22617,360.0,0.0,0.0,424.858,89.472,0.2106,0.0,0.0,4419.702,8447.0,1.1203,15.87,0.0647,1.871,0.713,0.216,0.071,8,3
226,BiLevel,13.2,1.1,10.422,16,0.573,-1666.885,435.608,4970,262,14.32,38.08,-59.95,59.77,-0.3354,0.2529,-2.103503942489624,0.1177670881152153,4.803142547607422,0.6701644659042358,0.11934034526348114,16.093416213989258,12.981821060180664,16.039043426513672,5.298367023468018,25.20637321472168,0.1,0.848596453666687,500000,-3.41,29.94,-108.56,90.18,-2.8067,0.0,-13.64935302734375,0.2859831154346466,5.618013858795166,2.0208847522735596,0.23656995594501495,14.231282234191895,0.4347326457500458,64.44738006591797,0.05,50000,14.320105248120365,38.07525285377231,262,20.44782631459989,2.171530047225717,0.616498509319001,0.7161956764520686,0.21413301364004292,0.06967130990788845,14.658,4983.779,13.757,24.179,22474,360.0,0.0,0.0,360.0,0.0,0.0,0.0,0.0,0.0,0.0,0.9129,15.8,0.0737,1.775,0.72,0.208,0.072,13,3
227,BiLevel,13.0,1.3,5.202,16,0.6021,-1669.447,446.978,4970,262,15.28,37.47,-59.91,59.93,-0.3359,0.2507,-2.092059373855591,0.12798018753528595,5.0430121421813965,0.9330651164054871,0.12652021646499634,16.325220108032227,12.293543815612793,16.17536163330078,5.734389781951904,18.292692184448242,0.1,0.8459972739219666,500000,-5.32,29.88,-108.07,87.73,-1.2939,0.0,-13.598658561706543,0.3118886947631836,5.532973289489746,1.937597632408142,0.2129805088043213,14.232086181640625,1.0111671686172485,35.29331970214844,0.05,50000,15.275812965627363,37.47284734478554,262,19.669501579435252,2.4269585385918626,0.6133064312134406,0.7152953241903044,0.21507343942720789,0.0696312363824878,10.928,3715.615,13.684,18.885,20835,360.0,0.0,0.0,360.0,0.0,0.0,0.0,0.0,0.0,0.0,0.7556,15.52,0.0783,1.719,0.719,0.209,0.072,15,1
228,BiLevel,13.2,1.1,7.91,15,0.4353,-1624.072,408.604,4970,262,13.27,38.01,-59.96,59.85,-0.3268,0.236,-2.1906089782714844,0.11171385645866394,4.70147705078125,0.6161510348320007,0.11968567222356796,15.927848815917969,10.442730903625488,15.899718284606934,3.3970284461975098,14.594437599182129,0.1,0.8434051871299744,500000,-6.85,30.98,-100.6,96.67,-2.2712,0.5,-13.312751770019531,0.29241061210632324,12.622631072998047,9.031949043273926,0.25271904468536377,13.907098770141602,0.33888790011405945,42.04741287231445,0.05,50000,13.26939278697329,38.00592915405723,262,25.189772024907565,-0.4439478415407633,0.6091190795833369,0.7151941590997779,0.21534944500925365,0.06945639589096854,12.709,4320.954,13.721,21.631,20918,360.0,0.0,0.0,360.0,2.456,0.0068,0.0,0.0,0.107,28.0,0.72,16.36,0.0598,1.487,0.717,0.212,0.071,12,3
229,BiLevel,12.9,1.2,10.892,14,0.4338,-1795.679,513.557,4969,262,9.7,38.41,-59.9,59.83,-0.3614,0.2724,-2.2571730613708496,0.11544804275035858,4.705118179321289,0.6454275250434875,0.09795989841222763,15.526527404785156,7.989404678344727,15.571333885192871,4.679978847503662,9.175907135009766,0.1,0.8408406972885132,500000,-6.07,31.31,-110.62,88.57,-2.9563,0.5,-13.834643363952637,0.2585706412792206,4.507813453674316,0.9187142252922058,0.22640471160411835,14.362886428833008,0.3029855787754059,9.836750030517578,0.05,50000,9.698187904004334,38.41468713963607,262,21.014423716695685,5.163205761021297,0.5997143599627203,0.7158632000746747,0.21492204511024185,0.06921475481508346,12.557,3767.12,13.306,24.199,21859,360.0,0.0,0.0,360.362,34.269,0.0951,0.0,0.0,11.626,244.0,0.6513,17.06,0.0582,1.243,0.72,0.207,0.073,11,3
230,BiLevel,13.2,1.2,7.708,14,0.4859,-1779.892,506.591,4971,262,15.63,36.71,-59.83,59.97,-0.3581,0.2756,-2.196842670440674,0.11137279868125916,4.895329475402832,0.8572770953178406,0.11904756724834442,16.374391555786133,12.644819259643555,16.17161750793457,1.6740632057189941,19.089311599731445,0.1,0.8382716178894043,500000,-4.48,29.48,-101.98,96.25,-2.2774,0.5,-13.27617073059082,0.30867794156074524,4.802952766418457,1.2187788486480713,0.23155617713928223,13.898905754089355,0.9657667279243469,23.02647590637207,0.05,50000,15.632147713238158,36.71482758249709,262,23.39087587398918,7.032205125689506,0.6029544251675408,0.7160650092115879,0.21482820737702518,0.0691067834113868,16.241,5197.107,13.689,21.398,22000,360.0,0.0,0.0,360.0,45.561,0.1266,0.0,0.0,32.771,263.0,0.562,16.22,0.0965,1.074,0.724,0.202,0.075,11,3
231,BiLevel,14.4,1.1,16.414,12,0.6074,-1890.323,618.287,4970,262,7.98,39.56,-59.95,59.87,-0.3803,0.3073,-2.425995111465454,0.12188684195280075,4.692140579223633,0.6743003129959106,0.1469944715499878,16.05823516845703,10.191543579101562,16.10559844970703,4.413590908050537,27.323841094970703,0.1,0.835728108882904,500000,-3.3,31.99,-104.47,89.82,-4.3017,0.5,-13.716056823730469,0.29054948687553406,5.48366641998291,1.9059925079345703,0.26748210191726685,14.305610656738281,1.1722707748413086,23.513427734375,0.05,50000,7.984121333681032,39.55864991375286,262,24.277669690706226,-8.19314460738709,0.6099178522582258,0.7181304707994347,0.2130408281130671,0.06882870108749814,8.73,2444.265,13.191,29.605,23368,360.0,0.0,0.0,397.485,81.096,0.204,0.0,0.0,2461.611,4913.0,0.7074,14.21,0.1729,1.134,0.721,0.207,0.072,9,3
232,BiLevel,13.9,1.1,18.949,12,0.7066,-1954.539,612.789,4970,262,2.67,39.53,-59.9,59.64,-0.3933,0.3044,-2.3839354515075684,0.10919764637947083,4.75457763671875,0.7629261612892151,0.1197902262210846,16.735729217529297,17.953094482421875,16.57973861694336,5.614504337310791,18.080001831054688,0.1,0.8331926465034485,500000,-7.27,30.35,-105.86,85.22,-4.6631,0.5,-14.053515434265137,0.3593161702156067,9.281432151794434,5.708135604858398,0.2597023546695709,14.777554512023926,0.09548180550336838,31.506662368774414,0.05,50000,2.6684178529258524,39.526562374509595,262,15.583576043969705,-6.915557013373626,0.5955095167197421,0.7204896702094005,0.2109970642927376,0.06851326549786199,5.232,1464.869,12.826,31.775,23503,360.0,0.0,0.0,389.715,92.042,0.2362,0.0,0.0,1961.569,3983.0,0.8881,10.95,0.2891,1.515,0.64,0.299,0.061,9,3
233,BiLevel,13.2,1.2,8.685,12,0.6966,-2101.914,718.184,4970,262,3.17,37.99,-60.0,59.97,-0.4229,0.3295,-2.3430497646331787,0.12173254042863846,4.449549674987793,0.4811428189277649,0.1241605207324028,16.44282341003418,7.490016937255859,16.258098602294922,5.990245342254639,19.117528915405273,0.1,0.830669641494751,500000,-4.55,31.06,-100.89,95.41,-2.7517,0.5,-14.530879974365234,0.320559561252594,5.183965682983398,1.614255666732788,0.2349393367767334,15.177946090698242,0.17972630262374878,23.18312644958496,0.05,50000,3.166822710328209,37.991676561211754,262,14.897029434379778,-12.498111179627871,0.566677432478987,0.7214342914501332,0.2100260490816623,0.06853965946820445,3.497,979.266,12.76,21.445,21158,360.0,0.0,0.0,385.754,104.738,0.2715,0.0,0.0,1734.821,3462.0,1.1676,11.7,0.2443,1.614,0.516,0.435,0.049,9,3
234,BiLevel,12.9,1.1,5.394,14,0.5806,-1720.505,475.864,4971,262,4.48,37.02,-59.91,59.44,-0.3461,0.258,-2.440598249435425,0.1069796234369278,4.398447036743164,0.45514726638793945,0.10692086815834045,16.136369705200195,7.8091583251953125,16.03375244140625,4.291413307189941,15.584939002990723,0.1,0.828164279460907,500000,-5.53,31.7,-93.81,97.16,-1.9436,0.5,-14.544120788574219,0.24228735268115997,9.486727714538574,5.9182538986206055,0.25033384561538696,15.039796829223633,0.1637754589319229,36.69414520263672,0.05,50000,4.475184021005791,37.01541652428878,262,8.918846320007978,-8.60279717100294,0.5550559201467936,0.721258278464191,0.21018540306708425,0.06855631846872477,-0.236,-70.897,12.963,18.357,20433,360.0,0.0,0.0,360.0,31.794,0.0883,0.0,0.0,4.565,327.0,0.956,9.04,0.1946,2.39,0.565,0.381,0.054,11,3
235,BiLevel,13.0,1.2,4.063,13,0.4306,-1962.548,587.725,4970,262,7.98,37.23,-59.78,59.94,-0.3949,0.2834,-2.4926609992980957,0.11267980933189392,4.314393043518066,0.3948476314544678,0.10381023585796356,15.809311866760254,7.117003440856934,15.771966934204102,1.6185165643692017,14.27064037322998,0.1,0.825676441192627,500000,-4.16,30.59,-113.37,100.7,-1.7006,0.5,-14.095196723937988,0.2277732789516449,4.816493988037109,1.2530558109283447,0.22311106324195862,14.56102180480957,0.3310895562171936,16.453868865966797,0.05,50000,7.983206228365826,37.231845556642625,262,10.355267341513382,-7.5374822578932115,0.5683095906496028,0.7213076548649981,0.2101096203090466,0.06858272482595518,3.089,926.845,13.063,17.127,19690,360.0,0.0,0.0,363.331,90.955,0.2503,0.0,0.0,287.023,666.0,0.9589,9.73,0.0787,2.555,0.619,0.322,0.059,10,3
236,BiLevel,12.5,1.2,5.191,15,0.5686,-1801.734,513.341,4971,262,5.04,36.65,-59.99,59.44,-0.3624,0.2679,-2.5569779872894287,0.11364774405956268,4.37165641784668,0.47538548707962036,0.1016867458820343,16.48748779296875,7.985272407531738,16.398786544799805,4.9036545753479,11.766473770141602,0.1,0.8232101798057556,500000,-6.22,29.01,-97.29,88.93,-1.2404,0.0,-14.110574722290039,0.24323834478855133,4.204017639160156,0.6468373537063599,0.24229399859905243,14.605413436889648,0.6466880440711975,25.351877212524414,0.05,50000,5.037814102201733,36.64796214431325,262,11.146722936277328,-2.636517527777898,0.5452649963072106,0.7207576076878692,0.2106753649456001,0.0685670273665308,4.648,1487.469,12.99,18.182,21239,360.0,0.0,0.0,360.0,0.0,0.0,0.0,0.0,0.0,0.0,0.6873,11.1,0.0516,2.52,0.721,0.21,0.069,15,0
237,BiLevel,13.7,1.1,10.667,12,0.5339,-1953.268,636.228,4970,262,4.18,39.19,-59.95,59.63,-0.393,0.3075,-2.5635783672332764,0.11885006725788116,4.364427089691162,0.4904080331325531,0.11476244032382965,16.48257064819336,9.253805160522461,16.349674224853516,1.1224771738052368,18.76696014404297,0.1,0.8207452893257141,500000,-5.41,31.02,-91.59,105.0,-3.0483,0.5,-14.390380859375,0.2801494598388672,10.828758239746094,7.277153015136719,0.2704410254955292,14.95916748046875,0.9895734190940857,55.89137268066406,0.05,50000,4.182412661357185,39.19255642481964,262,13.166547189378425,-11.341759801303086,0.5912545080294719,0.7220185144438797,0.20952826485591122,0.06845322070020914,1.676,469.393,12.956,23.623,22630,360.0,0.0,0.0,390.35,91.108,0.2334,0.0,0.0,1965.912,4031.0,0.744,12.15,0.0527,2.436,0.721,0.211,0.069,9,3
238,BiLevel,12.9,1.3,5.041,15,0.5689,-1807.255,518.235,4970,262,8.14,36.68,-59.82,59.71,-0.3636,0.2723,-2.6124746799468994,0.1210753321647644,4.509350776672363,0.6583477258682251,0.11629251390695572,15.965155601501465,17.964420318603516,15.939332962036133,2.7882583141326904,23.107070922851562,0.1,0.8182988166809082,500000,-5.84,30.07,-103.98,90.73,-1.2088,0.0,-14.9276704788208,0.274783194065094,5.3610615730285645,1.811423659324646,0.23399756848812103,15.491438865661621,0.09867388010025024,20.542871475219727,0.05,50000,8.139472551358267,36.67901607382393,262,15.951128102290003,-3.964968756782381,0.5596387884475899,0.7214469334540052,0.21010981456215885,0.06844325198383586,8.54,2732.958,13.186,18.227,20980,360.0,0.0,0.0,360.0,0.0,0.0,0.0,0.0,0.0,0.0,0.5526,12.16,0.0575,2.381,0.722,0.21,0.068,15,0
239,BiLevel,14.2,1.1,6.034,12,0.5453,-1904.489,610.439,4969,262,3.49,38.04,-59.98,59.86,-0.3833,0.301,-2.6727781295776367,0.11201027780771255,4.297646999359131,0.4695882201194763,0.11277754604816437,16.68936538696289,8.53588581085205,16.52607536315918,3.321007490158081,21.705245971679688,0.1,0.8158749938011169,500000,-5.3,29.34,-99.2,99.47,-2.0482,0.5,-14.750815391540527,0.23081842064857483,5.052763938903809,1.5077669620513916,0.21899442374706268,15.226690292358398,0.06419423222541809,21.127832412719727,0.05,50000,3.4904618856667105,38.04056976685247,262,12.648248105456954,-4.793814922555496,0.5679612508608337,0.7220719216837485,0.20943871538452216,0.06848936293172948,2.778,777.96,12.794,18.827,21558,360.0,0.0,0.0,383.212,82.887,0.2163,0.0,0.0,1443.996,3052.0,0.5522,12.35,0.0568,2.304,0.721,0.21,0.068,9,3
240,BiLevel,13.1,1.1,4.274,14,0.5048,-1893.098,565.303,4970,262,15.16,36.0,-59.92,59.85,-0.3809,0.2879,-2.7662136554718018,0.09468518942594528,4.27254056930542,0.4674765169620514,0.11332843452692032,15.969900131225586,9.306690216064453,15.973222732543945,2.5616555213928223,15.422262191772461,0.1,0.813459575176239,500000,-8.64,30.47,-103.21,93.24,-1.5437,0.5,-15.294243812561035,0.23127439618110657,5.349820613861084,1.8073428869247437,0.23917913436889648,15.772917747497559,0.3239501416683197,17.421157836914062,0.05,50000,15.157872678964985,36.00001343953009,262,17.382295391747828,0.7852491065859791,0.5868045827760715,0.7217710719905975,0.20971993368283734,0.06850899432656518,11.812,3543.678,13.533,17.807,19624,360.0,0.0,0.0,360.0,57.223,0.159,0.0,0.0,27.366,329.0,0.5173,12.76,0.0546,2.216,0.722,0.209,0.068,11,3
241,BiLevel,13.5,1.1,4.013,15,0.5532,-1833.925,520.462,4970,262,2.35,36.37,-59.96,59.58,-0.369,0.2679,-2.7555065155029297,0.10577811300754547,4.215264320373535,0.4328310489654541,0.11305135488510132,16.61273765563965,9.653355598449707,16.478858947753906,4.436245918273926,21.878923416137695,0.1,0.8110480904579163,500000,-5.73,29.36,-88.67,100.31,-0.9827,0.0,-14.490968704223633,0.27691084146499634,11.194124221801758,7.655457973480225,0.25738006830215454,15.052033424377441,0.4290555417537689,33.42091751098633,0.05,50000,2.3513978997294154,36.366347428330165,262,8.592132155283501,-7.580424005734294,0.5399024445056032,0.7210710885882615,0.2104030532666424,0.06852585814509607,-1.058,-317.524,12.72,16.733,20015,360.0,0.0,0.0,360.0,0.0,0.0,0.0,0.0,0.0,0.0,0.4085,13.47,0.0509,2.202,0.722,0.21,0.069,16,0
242,BiLevel,14.4,1.2,13.514,12,0.4597,-1842.572,570.833,4971,262,10.73,37.31,-59.98,59.48,-0.3707,0.2933,-2.796170234680176,0.11338657885789871,4.261707305908203,0.5031535029411316,0.10224008560180664,16.884933471679688,10.080225944519043,16.696666717529297,6.295006275177002,18.35796356201172,0.1,0.8086589574813843,500000,-3.8,29.33,-90.83,109.63,-3.649,0.5,-14.846673965454102,0.2664242684841156,4.930301189422607,1.3959999084472656,0.2520371079444885,15.388538360595703,0.9435116052627563,24.44794464111328,0.05,50000,10.726061808004948,37.307759305537054,262,16.715187671937443,0.8762636380760297,0.5830085573945122,0.7227233255100715,0.20899005560976075,0.06828661888016767,13.971,3911.939,13.384,26.897,22185,360.0,0.0,0.0,398.227,86.179,0.2164,0.0,0.0,2353.752,5019.0,0.3211,13.81,0.0526,2.163,0.721,0.21,0.069,9,3
243,BiLevel,13.5,1.1,4.316,15,0.3282,-1831.378,503.098,4970,262,5.89,37.32,-60.0,59.68,-0.3685,0.2573,-2.924393653869629,0.12627282738685608,4.103597640991211,0.36474186182022095,0.13110578060150146,16.689783096313477,7.756768226623535,16.649045944213867,4.700991153717041,16.721956253051758,0.1,0.8062695264816284,500000,-5.38,31.14,-95.55,90.49,-1.4733,0.5,-14.974834442138672,0.3438311219215393,5.294485092163086,1.7649555206298828,0.2394617795944214,15.672372817993164,0.6840767860412598,29.349754333496094,0.05,50000,5.887211604010111,37.32395850906773,262,13.740172593217148,1.1091032856389091,0.562107851670643,0.722140983238117,0.20966577949651072,0.06819323726537231,8.287,2817.718,13.094,17.41,20124,360.0,0.0,0.0,360.0,4.388,0.0122,0.0,0.0,0.202,51.0,0.2464,13.65,0.0562,2.113,0.723,0.209,0.068,12,3
244,BiLevel,13.3,1.2,10.157,16,0.421,-1824.736,495.325,4970,262,13.01,36.8,-59.72,59.95,-0.3672,0.266,-2.8763914108276367,0.11800386756658554,4.188751697540283,0.47472071647644043,0.09648220986127853,16.47926139831543,10.95798110961914,16.365793228149414,1.7453927993774414,12.390612602233887,0.1,0.8038960695266724,500000,-4.34,27.17,-92.59,101.09,-2.4663,0.0,-15.099854469299316,0.2806936800479889,5.111334800720215,1.5863730907440186,0.2362368404865265,15.670762062072754,0.2754036784172058,22.927885055541992,0.05,50000,13.008258898240294,36.80417236127604,262,22.454150189224045,9.874795492699272,0.5860241604796865,0.721963561802088,0.21011773707146594,0.06791870112644606,17.473,5940.884,13.509,23.666,21513,360.0,0.0,0.0,360.0,0.0,0.0,0.0,0.0,0.0,0.0,0.2065,14.09,0.0505,2.149,0.722,0.21,0.068,14,2
245,BiLevel,14.8,1.4,22.219,11,0.5371,-2017.419,637.367,4970,262,-0.62,39.43,-59.94,59.46,-0.4059,0.2989,-2.9630980491638184,0.13894638419151306,4.124398231506348,0.4333063066005707,0.1026025265455246,16.94221305847168,6.107507705688477,16.842126846313477,1.8698114156723022,25.66193389892578,0.1,0.8015451431274414,500000,-5.1,30.49,-101.51,106.32,-5.6309,0.5,-15.247441291809082,0.31039220094680786,4.894881248474121,1.3694504499435425,0.2995721101760864,15.879711151123047,0.3250091075897217,30.234882354736328,0.05,50000,-0.6232596861771954,39.42600877028467,262,17.85688498020172,-5.885541551050386,0.590983014941326,0.7247203372439196,0.20784111823872162,0.06743854451735878,2.375,617.51,12.721,34.94,22980,360.0,0.0,0.0,417.304,92.899,0.2226,0.0,0.0,3696.107,7481.0,0.5829,15.32,0.0559,1.934,0.722,0.21,0.068,8,3
246,BiLevel,12.8,1.2,4.501,15,0.5327,-1887.502,545.546,4971,262,7.83,36.58,-59.96,59.69,-0.3797,0.2752,-3.1142098903656006,0.11312011629343033,4.054391860961914,0.38537055253982544,0.10893997550010681,17.028316497802734,8.029562950134277,17.0012149810791,5.478195667266846,11.954583168029785,0.1,0.7992066144943237,500000,-6.39,27.06,-104.69,63.28,-1.0892,0.0,-15.170998573303223,0.2618202865123749,5.1121439933776855,1.5913500785827637,0.2436554878950119,15.70583438873291,0.9190598130226135,23.008554458618164,0.05,50000,7.8330612952735335,36.58386417340914,262,15.829802498064542,-10.08385239525845,0.5551051943487949,0.7240864274290334,0.2084793777314364,0.06743419483953013,3.885,1165.562,13.229,17.73,19978,360.0,0.0,0.0,360.0,0.0,0.0,0.0,0.0,0.0,0.0,0.493,14.82,0.0739,1.884,0.726,0.206,0.068,16,0
247,BiLevel,13.9,1.2,9.964,13,0.6519,-1908.645,534.439,4970,262,14.51,36.62,-59.94,59.71,-0.384,0.2702,-3.1527647972106934,0.10563386976718903,4.122891426086426,0.4773999750614166,0.09562105685472488,17.040267944335938,8.334996223449707,16.97709846496582,2.4583306312561035,14.671995162963867,0.1,0.7968770861625671,500000,-8.66,30.93,-106.94,89.65,-2.8591,0.5,-15.397769927978516,0.42655378580093384,5.292186260223389,1.7732884883880615,0.3215658366680145,16.26435089111328,1.704816460609436,23.61149024963379,0.05,50000,14.514132425520321,36.62107409277631,262,19.847596591397338,3.9678276334938247,0.5918693908192628,0.7248283076166024,0.20780025865423965,0.06737143372915777,15.476,4642.877,13.764,23.728,22177,360.0,0.0,0.0,375.012,80.397,0.2144,0.0,0.0,878.565,2008.0,0.4816,13.74,0.0834,1.949,0.724,0.208,0.067,10,3
248,BiLevel,15.5,1.1,17.183,11,0.5122,-2098.902,725.622,4971,262,7.68,38.7,-59.96,59.75,-0.4222,0.3176,-3.0128860473632812,0.11225781589746475,4.0937066078186035,0.4693504273891449,0.1055680513381958,16.741756439208984,17.952693939208984,16.551250457763672,1.333095669746399,15.088879585266113,0.1,0.7945576906204224,500000,-7.42,32.21,-110.37,99.65,-4.5412,0.5,-15.12358283996582,0.4451155662536621,4.930911540985107,1.4175169467926025,0.29216697812080383,16.025653839111328,0.2717967629432678,29.87279510498047,0.05,50000,7.679668024848166,38.70243445759734,262,24.173955032699986,-3.8359705506186734,0.5931970653939661,0.7269009736710074,0.20605106094318484,0.0670479653858078,5.712,1485.199,13.356,30.539,23749,360.0,0.0,0.0,434.781,103.027,0.237,0.0,0.0,4893.248,9762.0,0.8771,13.75,0.1033,1.864,0.725,0.208,0.067,8,3
249,BiLevel,15.1,1.2,24.001,11,0.4989,-2145.239,737.189,4971,262,1.27,38.74,-59.95,59.55,-0.4316,0.3184,-3.0797698497772217,0.09324934333562851,3.984849214553833,0.38335126638412476,0.09847088903188705,16.16511344909668,13.145312309265137,16.089099884033203,1.413746953010559,18.72335433959961,0.1,0.7922459840774536,500000,-8.6,28.2,-106.91,80.47,-6.0166,0.5,-15.417648315429688,0.3206327557563782,5.6541748046875,2.145214796066284,0.31376466155052185,16.066946029663086,0.6511142253875732,37.887916564941406,0.05,50000,1.2716005769273664,38.74024742988807,262,18.255795594893,-8.797669236440408,0.578834198918705,0.7298369646060655,0.2036574027974857,0.0665056325964487,4.294,1116.332,12.814,36.816,22813,360.0,0.0,0.0,418.385,98.103,0.2345,0.0,0.0,3773.763,7667.0,1.1352,11.7,0.1502,2.251,0.723,0.21,0.067,8,3
250,BiLevel,14.1,1.2,14.751,11,0.462,-2091.714,671.956,4971,262,-3.24,38.31,-59.99,59.4,-0.4208,0.2929,-3.204216241836548,0.10232871025800705,3.8959548473358154,0.315326452255249,0.1059459000825882,17.301897048950195,6.425053119659424,17.101022720336914,5.518289566040039,13.485828399658203,0.1,0.7899545431137085,500000,-3.87,29.06,-106.89,95.07,-3.9615,0.5,-15.555108070373535,0.3267518877983093,4.4765214920043945,0.9648529291152954,0.28046533465385437,16.21772575378418,1.1216274499893188,29.337846755981445,0.05,50000,-3.2420731242592487,38.305383931457655,262,7.764624905429389,-10.602249378279636,0.5732679512544393,0.7315756507456576,0.2021807142748975,0.06624363497944487,-2.952,-767.547,12.67,27.421,22250,360.0,0.0,0.0,409.869,97.233,0.2372,0.0,0.0,3141.542,6540.0,1.1482,11.08,0.0992,2.531,0.675,0.264,0.061,8,3
251,BiLevel,12.9,1.3,3.992,14,0.5914,-1888.486,540.393,4970,262,7.6,36.74,-59.99,59.65,-0.38,0.2712,-3.196610927581787,0.11362148821353912,3.8845534324645996,0.32703161239624023,0.09501118957996368,17.293865203857422,17.165569305419922,17.068267822265625,3.7642390727996826,17.141088485717773,0.1,0.7876684665679932,500000,-7.19,30.74,-102.5,82.52,-1.49,0.5,-15.380693435668945,0.2846994996070862,4.803455829620361,1.2957992553710938,0.2759351432323456,15.96325397491455,0.31023940443992615,14.527938842773438,0.05,50000,7.600096131408104,36.74432853922148,262,13.915928283490633,-2.5344089004554244,0.5603747352699563,0.731181355804204,0.20250072899941873,0.06631791519637742,8.65,2594.922,13.006,16.998,19857,360.0,0.0,0.0,360.0,24.136,0.067,0.0,0.0,4.454,226.0,0.8885,11.87,0.0588,2.47,0.732,0.202,0.066,11,3
252,BiLevel,13.2,1.1,5.622,16,0.6926,-1847.465,499.344,4970,262,15.98,34.99,-59.98,59.9,-0.3717,0.2546,-3.196274995803833,0.08948828279972076,3.877953290939331,0.3401661217212677,0.11304429918527603,17.171646118164062,7.259356498718262,16.880590438842773,4.064210891723633,17.972246170043945,0.1,0.7854031920433044,500000,-5.58,30.79,-106.24,85.18,-1.7916,0.5,-15.81485366821289,0.3186138868331909,8.787976264953613,5.286698341369629,0.24231022596359253,16.460241317749023,0.9942918419837952,23.63473892211914,0.05,50000,15.983862458573096,34.98919160815678,262,26.108667275780128,10.955546651859033,0.5773121807287273,0.7302666461272526,0.20341136146006578,0.06632199241268165,20.293,6899.529,13.704,19.326,20979,360.0,0.0,0.0,360.0,0.789,0.0022,0.0,0.0,0.034,9.0,0.7891,12.94,0.0514,2.411,0.731,0.203,0.066,13,3
253,BiLevel,12.9,1.1,3.876,13,0.6152,-1907.654,547.109,4970,262,4.39,36.95,-59.95,59.38,-0.3838,0.2734,-3.3402669429779053,0.1035395935177803,3.8884434700012207,0.3732079565525055,0.10367105156183243,16.647951126098633,10.756303787231445,16.593246459960938,2.984292984008789,17.070688247680664,0.1,0.7831401824951172,500000,-8.03,29.66,-100.61,86.73,-1.5208,0.5,-15.992490768432617,0.3145782947540283,5.796727657318115,2.2967066764831543,0.38912782073020935,16.634126663208008,0.499807745218277,58.7548828125,0.05,50000,4.385729338885688,36.9529695135643,262,19.94614291855771,3.865457488674867,0.5537262018373862,0.7302028520712562,0.20335563463325754,0.06644151329548631,9.858,2957.471,12.855,16.732,19369,360.0,0.0,0.0,362.358,55.491,0.1531,0.0,0.0,77.985,418.0,0.6161,13.46,0.0537,2.339,0.73,0.203,0.066,10,3
254,BiLevel,13.5,1.2,8.972,16,0.6627,-1906.1,517.207,4971,262,12.63,36.91,-59.96,59.84,-0.3834,0.2633,-3.24231219291687,0.11560103297233582,3.881815195083618,0.3882617652416229,0.10060915350914001,16.758216857910156,6.706289291381836,16.555160522460938,2.825672149658203,15.581297874450684,0.1,0.7808802127838135,500000,-6.89,31.08,-102.76,85.33,-2.2717,0.0,-15.891911506652832,0.3216395676136017,4.867934226989746,1.374483346939087,0.2287893295288086,16.54275894165039,0.13302791118621826,31.026227951049805,0.05,50000,12.628075636236858,36.90944683584739,262,17.585786636252156,4.800054841292532,0.5854478478649405,0.7297369251200758,0.20393669086271518,0.06632638401720901,11.405,3877.793,13.566,22.537,21557,360.0,0.0,0.0,360.0,0.0,0.0,0.0,0.0,0.0,0.0,0.4784,14.03,0.0524,2.289,0.73,0.203,0.066,14,2
255,BiLevel,12.8,1.2,11.308,15,0.4403,-1835.005,517.009,4972,262,2.31,37.57,-59.98,59.66,-0.3691,0.2545,-3.406379222869873,0.12160267680883408,3.737391233444214,0.26508331298828125,0.10132835805416107,16.481966018676758,2.563866138458252,16.490055084228516,3.9414966106414795,13.22045612335205,0.1,0.7786382436752319,500000,-9.0,33.9,-114.0,78.69,-3.022,0.5,-15.69029426574707,0.2638188302516937,4.810811519622803,1.3214120864868164,0.32521170377731323,16.237245559692383,0.6486096978187561,34.578094482421875,0.05,50000,2.310321117852075,37.5659838605123,262,13.726113681897129,-0.4333327235359895,0.5599924392006904,0.7299944897558271,0.2039330661819388,0.06607244406223396,7.088,2409.848,12.753,24.061,21062,360.0,0.0,0.0,360.0,2.28,0.0063,0.0,0.0,0.099,26.0,0.5342,14.62,0.0541,2.194,0.73,0.204,0.066,12,3
256,BiLevel,13.4,1.1,9.677,15,0.6642,-1801.849,479.818,4971,262,12.47,36.08,-59.98,59.57,-0.3625,0.2545,-3.405973196029663,0.09207466244697571,3.766608238220215,0.31673815846443176,0.09217709302902222,17.432619094848633,15.413066864013672,17.130298614501953,1.4832667112350464,12.005111694335938,0.1,0.7764065861701965,500000,-4.46,27.71,-101.4,90.57,-2.7096,0.5,-15.837194442749023,0.3856995701789856,5.031879901885986,1.546094536781311,0.2947917580604553,16.629270553588867,1.122886300086975,20.244508743286133,0.05,50000,12.473815953577459,36.07934331092669,262,21.058725813815464,12.26684525373735,0.5700515210737237,0.7299651781864899,0.20406482342237792,0.06596999839113218,17.7,6017.938,13.653,23.329,22201,360.0,0.0,0.0,360.0,11.525,0.032,0.0,0.0,1.115,83.0,0.637,15.51,0.0534,2.061,0.73,0.204,0.066,12,3
257,BiLevel,14.1,1.1,10.604,12,0.5116,-2039.682,727.55,4970,262,11.1,36.63,-60.0,59.85,-0.4104,0.3351,-3.4979898929595947,0.11220958083868027,3.8837053775787354,0.45222124457359314,0.1111610010266304,17.475086212158203,13.308115005493164,17.264312744140625,3.853242874145508,18.720600128173828,0.1,0.7741885781288147,500000,-9.68,26.87,-93.59,66.12,-3.034,0.5,-15.634017944335938,0.269471138715744,5.373531341552734,1.889693021774292,0.27597641944885254,16.19819450378418,0.7920070290565491,51.97863006591797,0.05,50000,11.104632565826627,36.62589306203903,262,22.481236151645057,5.535955798155383,0.5730010378524392,0.7311383603577432,0.20299607699038505,0.06586556265187167,14.183,3687.609,13.446,24.05,22233,360.0,0.0,0.0,400.415,96.794,0.2417,0.0,0.0,2433.065,5320.0,0.7938,16.02,0.0613,1.869,0.732,0.201,0.067,9,3
258,BiLevel,14.1,1.3,3.8,14,0.4939,-1919.327,546.886,4970,262,5.39,35.49,-59.98,59.48,-0.3862,0.2689,-3.5949082374572754,0.12183813005685806,3.799497604370117,0.38836708664894104,0.11999313533306122,17.006328582763672,5.089775562286377,16.98040771484375,2.866621971130371,18.643749237060547,0.1,0.7719826698303223,500000,-9.75,25.16,-80.99,77.76,-1.4221,0.5,-15.51263427734375,0.2683195173740387,5.432973384857178,1.9522960186004639,0.25237560272216797,16.078615188598633,1.5007405281066895,25.01470947265625,0.05,50000,5.3915601814941505,35.48541992762759,262,15.862600675225261,-0.60509032677663,0.5318507023576085,0.7307600869109881,0.20333692669441708,0.06590298639459473,5.869,1760.719,12.863,16.663,19367,360.0,0.0,0.0,360.0,22.357,0.0621,0.0,0.0,3.156,206.0,0.6213,16.24,0.0645,1.716,0.735,0.197,0.068,11,3
259,BiLevel,19.2,1.7,4.069,14,0.6519,-1765.263,497.958,4970,262,15.79,34.58,-59.9,59.72,-0.3552,0.2657,-3.6314265727996826,0.11791115999221802,3.7526659965515137,0.3633119463920593,0.11603114753961563,16.79616355895996,5.249115467071533,16.799911499023438,3.574761390686035,19.181659698486328,0.1,0.7697787284851074,500000,-8.94,21.35,-69.36,57.59,-1.5128,0.5,-15.835403442382812,0.2877609133720398,4.88214111328125,1.4043138027191162,0.2650998830795288,16.448896408081055,0.7244414687156677,42.36400604248047,0.05,50000,15.79391566997083,34.58313576924625,262,17.22854371698279,4.025439953960872,0.5680560819905339,0.7303635385346054,0.20363510102686544,0.06600136043852911,14.136,4240.755,13.603,17.671,20236,360.0,0.0,0.0,360.0,44.663,0.1241,0.0,0.0,26.947,278.0,0.801,16.65,0.0716,1.475,0.735,0.196,0.069,11,3
260,BiLevel,19.8,1.8,6.591,15,0.4272,-1902.978,527.694,4970,262,3.16,36.99,-59.93,59.45,-0.3829,0.2636,-3.5341238975524902,0.10935254395008087,3.7276179790496826,0.358604371547699,0.11961125582456589,17.182964324951172,9.55337905883789,16.953046798706055,4.764772891998291,26.494686126708984,0.1,0.7675760388374329,500000,-12.11,25.5,-85.42,65.45,-1.5458,0.0,-15.917768478393555,0.28547242283821106,4.650261402130127,1.178153157234192,0.29373252391815186,16.527908325195312,1.0242363214492798,32.70793533325195,0.05,50000,3.1590095743626896,36.98918518931139,262,12.621428520742214,-1.2737830673393449,0.5513806060047173,0.7300231309572498,0.20408523289681166,0.0658916361459386,3.844,1229.996,12.745,19.336,21155,360.0,0.0,0.0,360.0,0.0,0.0,0.0,0.0,0.0,0.0,0.5765,16.13,0.0881,1.383,0.736,0.194,0.07,16,0
261,BiLevel,24.9,1.7,8.518,12,0.5244,-2111.267,740.902,4970,262,11.6,36.02,-59.98,59.72,-0.4248,0.3319,-3.6487507820129395,0.12174958735704422,3.652862071990967,0.30463507771492004,0.11770583689212799,16.975067138671875,8.476598739624023,16.895273208618164,1.1047003269195557,19.84902000427246,0.1,0.7653875946998596,500000,-10.49,23.61,-76.41,53.32,-2.5756,0.5,-16.03081512451172,0.2608889639377594,4.970032691955566,1.502366065979004,0.2720189690589905,16.584611892700195,1.1747416257858276,16.39557647705078,0.05,50000,11.599636532642112,36.02134811099187,262,16.82048720217457,2.5936571171409204,0.5662997034614597,0.7309203164264508,0.20322145599351674,0.06585822758003247,12.255,3431.367,13.427,21.944,22083,360.0,0.0,0.0,400.485,110.081,0.2749,0.0,0.0,2422.87,5427.0,0.9057,16.14,0.1145,1.177,0.734,0.197,0.069,9,3
262,BiLevel,21.3,1.9,4.469,16,0.5739,-1777.113,481.225,4970,262,7.08,35.75,-59.97,59.18,-0.3576,0.2524,-3.6967899799346924,0.1254274994134903,3.6852118968963623,0.3569733798503876,0.12457949668169022,17.430749893188477,12.857366561889648,17.248563766479492,3.9328980445861816,24.43648338317871,0.1,0.7632086277008057,500000,-9.45,23.73,-78.69,51.78,-1.5277,0.0,-16.114315032958984,0.24869215488433838,8.661760330200195,5.196847438812256,0.25618019700050354,16.645174026489258,0.198316752910614,17.580734252929688,0.05,50000,7.0783810918254995,35.74786984659076,262,15.634363111696747,4.359382984826439,0.5409855383604334,0.7299194583097063,0.20423245803711065,0.06584808365318316,8.734,2794.767,13.105,17.574,20518,360.0,0.0,0.0,360.0,0.0,0.0,0.0,0.0,0.0,0.0,0.9643,15.2,0.1632,1.186,0.715,0.221,0.064,13,3
263,BiLevel,43.5,13.6,18.067,11,0.3095,-1966.753,604.977,4970,262,9.62,36.53,-59.99,59.61,-0.3957,0.279,-3.7202932834625244,0.09566088020801544,3.5834810733795166,0.27906280755996704,0.08936131745576859,17.375186920166016,3.0056793689727783,17.153675079345703,2.746852397918701,9.467991828918457,0.1,0.7610349059104919,500000,-8.32,20.43,-75.24,63.47,-4.5804,0.5,-16.520771026611328,0.23317691683769226,5.385781288146973,1.9213775396347046,0.249627947807312,17.021045684814453,0.6544638872146606,74.97798156738281,0.05,50000,9.619054846655224,36.528030775749805,262,19.140310777880643,1.4012462528128375,0.5655399262557226,0.7320799194890178,0.2024900891640956,0.06542999134688655,8.923,2320.006,13.266,31.333,24014,360.0,0.0,0.0,435.131,90.868,0.2088,0.0,0.0,4616.775,9774.0,0.8245,13.12,0.2049,1.735,0.661,0.28,0.06,8,3
264,BiLevel,43.1,15.7,5.194,16,0.4845,-1888.575,521.237,4970,262,2.38,36.63,-60.0,59.79,-0.38,0.2554,-3.9312238693237305,0.11761917173862457,3.715538263320923,0.43028050661087036,0.10330454260110855,17.04823875427246,4.688761234283447,17.110122680664062,2.5608103275299072,22.168975830078125,0.1,0.7588778138160706,500000,-7.17,23.33,-82.01,68.36,-1.7225,0.0,-16.504915237426758,0.25030919909477234,8.192975997924805,4.731447696685791,0.24464966356754303,17.04251480102539,1.42116379737854,23.379623413085938,0.05,50000,2.3752133918592566,36.6349074014333,262,9.632415958690016,2.633780002201858,0.5421988904413715,0.7311980801911093,0.2034412765166478,0.06536064329224289,2.931,938.013,12.761,17.955,20869,360.0,0.0,0.0,360.0,0.0,0.0,0.0,0.0,0.0,0.0,0.6483,13.19,0.1031,1.926,0.617,0.328,0.055,13,3
265,BiLevel,39.6,30.9,3.526,13,0.4408,-1793.708,482.362,4970,262,8.45,35.91,-59.97,59.44,-0.3609,0.2546,-3.85265851020813,0.12244580686092377,3.615368366241455,0.3505163788795471,0.09977176040410995,17.295656204223633,11.349270820617676,17.195758819580078,2.0874199867248535,20.05180549621582,0.1,0.7567251920700073,500000,-8.32,23.93,-77.23,60.5,-1.415,0.5,-16.263015747070312,0.24269598722457886,5.352370738983154,1.8949005603790283,0.2474948763847351,16.789051055908203,0.8739264011383057,21.483989715576172,0.05,50000,8.448992483859032,35.91127383340158,262,11.620410306045883,6.620860985980222,0.548586647255671,0.7311487729016383,0.20343644875910952,0.06541477833925222,10.826,3247.698,12.959,16.485,18093,360.0,0.0,0.0,361.692,57.908,0.1601,0.0,0.0,76.992,358.0,0.7478,11.24,0.12,2.411,0.728,0.207,0.065,10,3
266,BiLevel,54.2,19.6,8.2,11,0.6451,-2106.926,695.433,4970,262,7.22,35.63,-59.85,59.78,-0.4239,0.3017,-3.8621795177459717,0.12153983116149902,3.498980760574341,0.253412127494812,0.1092827171087265,17.52433967590332,13.89564323425293,17.344282150268555,1.351267695426941,15.742412567138672,0.1,0.7545807361602783,500000,-10.84,24.69,-87.95,61.64,-2.6346,0.5,-16.13724136352539,0.28586748242378235,4.56978702545166,1.1148622035980225,0.2667846083641052,16.747150421142578,0.4793456792831421,26.342952728271484,0.05,50000,7.222486662590348,35.62733639426434,262,15.862907574678724,4.802680165987265,0.539552461824916,0.7319532478958239,0.20260108374125932,0.0654456683629167,10.68,2776.75,13.011,21.211,20936,360.0,0.0,0.0,421.062,101.824,0.2418,0.0,0.0,4006.683,7980.0,1.008,12.05,0.0744,2.25,0.709,0.227,0.063,8,3
267,BiLevel,43.6,25.1,4.03,15,0.5664,-1916.081,539.406,4969,262,6.42,35.83,-60.0,59.72,-0.3856,0.2676,-3.86482310295105,0.12352430820465088,3.5554449558258057,0.32949358224868774,0.11442107707262039,17.975393295288086,10.936955451965332,17.670928955078125,2.185049295425415,14.051421165466309,0.1,0.752446711063385,500000,-8.37,22.96,-71.96,55.06,-0.9962,0.0,-15.846762657165527,0.2894287109375,9.091959953308105,5.638393878936768,0.35919660329818726,16.47654914855957,1.6607531309127808,86.1072769165039,0.05,50000,6.421153562213168,35.831746373815406,262,14.630441333902514,7.118456714776785,0.5388330335793177,0.7312432708296434,0.20327892981426685,0.06547779935608987,9.463,3217.328,13.065,17.095,19438,360.0,0.0,0.0,360.0,0.0,0.0,0.0,0.0,0.0,0.0,0.718,13.33,0.0511,2.141,0.732,0.203,0.065,15,0
268,BiLevel,51.3,17.1,4.148,16,0.3728,-1824.666,499.365,4970,262,5.09,36.39,-60.0,59.82,-0.3671,0.2534,-3.918367862701416,0.09687768667936325,3.6881251335144043,0.4815414845943451,0.1198159009218216,17.085725784301758,11.232592582702637,16.894052505493164,2.6919336318969727,34.259010314941406,0.1,0.7503142952919006,500000,-9.97,21.42,-67.27,38.42,-1.4053,0.0,-16.33902931213379,0.28119516372680664,5.39378023147583,1.9453541040420532,0.292056143283844,16.949512481689453,1.6859450340270996,49.414955139160156,0.05,50000,5.093544876218306,36.38706805774026,262,11.296168469833699,1.8374300329308764,0.5427868221376642,0.7302796899788079,0.20432817017780408,0.06539213984338807,7.876,2677.681,12.945,17.093,20355,360.0,0.0,0.0,360.0,0.0,0.0,0.0,0.0,0.0,0.0,0.7354,14.43,0.0502,2.074,0.731,0.203,0.065,13,3
269,BiLevel,52.7,11.0,4.156,16,0.5702,-1783.222,488.063,4969,262,7.51,36.2,-59.98,59.44,-0.3589,0.2573,-4.072655200958252,0.10186678171157837,3.5104408264160156,0.3254210948944092,0.103348508477211,17.44881820678711,9.855133056640625,17.314435958862305,1.3624002933502197,16.53561782836914,0.1,0.7481981515884399,500000,-9.86,20.26,-66.99,36.59,-1.0632,0.0,-16.263179779052734,0.25842341780662537,4.351539134979248,0.9067816734313965,0.26962000131607056,16.829235076904297,0.8158170580863953,13.874938011169434,0.05,50000,7.512269768144948,36.19708860411537,262,14.752891416298715,4.161098252354483,0.5459535020103082,0.7292570495508044,0.20535101155010904,0.06539193889908651,9.242,3142.424,13.115,17.271,20223,360.0,0.0,0.0,360.0,0.0,0.0,0.0,0.0,0.0,0.0,0.8254,15.48,0.0507,1.977,0.73,0.204,0.065,15,1
270,BiLevel,49.6,21.8,4.335,15,0.439,-1740.334,475.94,4971,262,9.13,36.08,-59.89,59.41,-0.3501,0.2612,-4.102737903594971,0.14336712658405304,3.5021960735321045,0.3341258764266968,0.12354186177253723,17.895469665527344,4.703564643859863,17.7521915435791,2.5426948070526123,27.134681701660156,0.1,0.7460903525352478,500000,-10.89,20.49,-66.75,48.49,-1.4937,0.0,-16.667278289794922,0.2253337949514389,4.966695785522461,1.5261218547821045,0.24472472071647644,17.179658889770508,0.622019350528717,17.239160537719727,0.05,50000,9.12757404680094,36.082384888667974,262,13.119340723752975,7.483986650779843,0.5542398204049884,0.7286429075426907,0.20599707204682932,0.06536002041048009,11.89,3804.839,13.086,17.421,19837,360.0,0.0,0.0,360.0,0.0,0.0,0.0,0.0,0.0,0.0,0.9531,16.23,0.0552,1.78,0.731,0.202,0.067,12,3
271,BiLevel,54.8,25.0,10.491,11,0.5665,-2010.529,636.653,4971,262,5.18,34.71,-59.89,59.76,-0.4045,0.2993,-3.987515926361084,0.13394474983215332,3.4807074069976807,0.329856276512146,0.1468629240989685,17.170286178588867,7.633909225463867,17.063045501708984,1.0266497135162354,29.15268898010254,0.1,0.7439913749694824,500000,-11.57,21.56,-67.79,56.91,-3.0935,0.5,-16.50115394592285,0.2482401430606842,7.841738224029541,4.404048442840576,0.26187676191329956,17.050077438354492,0.655941903591156,31.25960350036621,0.05,50000,5.178829823621554,34.7067707583374,262,14.352945268546279,2.1213787497266337,0.5172844037865009,0.7297589620687008,0.20495267190471414,0.06528836602658504,6.241,1622.575,12.857,23.348,21952,360.0,0.0,0.0,417.035,91.981,0.2206,0.0,0.0,3630.134,7443.0,0.977,16.84,0.0597,1.54,0.733,0.198,0.068,8,3
272,BiLevel,43.1,15.2,4.264,16,0.586,-1828.971,505.595,4970,262,5.78,35.25,-59.96,59.6,-0.368,0.2598,-4.163646221160889,0.11329805850982666,3.441420078277588,0.315689355134964,0.0914999395608902,17.223941802978516,9.175579071044922,17.20279312133789,2.9055895805358887,12.459502220153809,0.1,0.7419053316116333,500000,-8.57,19.54,-61.3,45.73,-1.0649,0.0,-16.413909912109375,0.24892190098762512,4.74666690826416,1.3103474378585815,0.3119903802871704,16.965282440185547,0.5025527477264404,28.998218536376953,0.05,50000,5.780164196408191,35.2476617015271,262,7.850024052905409,3.787564975062483,0.5278523868260944,0.7287526276377156,0.20595522765836327,0.0652921447039211,4.296,1374.606,13.006,17.27,20735,360.0,0.0,0.0,360.0,0.0,0.0,0.0,0.0,0.0,0.0,0.8445,16.67,0.0823,1.378,0.737,0.194,0.07,16,0
273,BiLevel,43.2,12.3,5.213,14,0.5452,-1888.079,536.088,4970,262,2.47,36.94,-59.99,59.47,-0.3799,0.2579,-4.1000871658325195,0.13717162609100342,3.353924036026001,0.24392791092395782,0.12126310169696808,18.2425594329834,3.8610610961914062,17.88912582397461,1.5732406377792358,26.43919563293457,0.1,0.7398303747177124,500000,-10.33,19.74,-65.96,45.8,-1.7432,0.5,-16.454805374145508,0.24981792271137238,8.890722274780273,5.458040714263916,0.2877886891365051,17.0078182220459,1.3865376710891724,47.89683532714844,0.05,50000,2.4652059220152363,36.939273892352254,262,2.2502382378829155,2.219264911350451,0.5492416979968716,0.7285510003207034,0.20613920372582134,0.06530979595347539,2.462,837.099,12.979,18.193,20975,360.0,0.0,0.0,360.0,30.693,0.0853,0.0,0.0,3.641,273.0,0.6374,15.2,0.1221,1.654,0.735,0.196,0.069,11,3
274,BiLevel,42.5,17.6,9.137,15,0.6429,-1882.839,539.781,4970,262,2.17,36.67,-59.99,59.26,-0.3788,0.2715,-4.27506160736084,0.12725435197353363,3.431281089782715,0.3399493098258972,0.12309224158525467,18.25187873840332,5.757323265075684,17.973623275756836,1.6263536214828491,18.244232177734375,0.1,0.7377611994743347,500000,-8.98,19.22,-70.13,53.32,-2.5756,0.0,-16.955625534057617,0.2317834198474884,5.608489990234375,2.1786468029022217,0.2757820188999176,17.482120513916016,1.0581095218658447,51.81486511230469,0.05,50000,2.168032606667886,36.66627052759588,262,6.431491445299042,4.9103629256549635,0.5444474468343996,0.7284717919747201,0.2063057827927973,0.06522242523248266,6.504,2211.429,12.861,21.998,21157,360.0,0.0,0.0,360.0,0.0,0.0,0.0,0.0,0.0,0.0,0.5094,13.86,0.1035,1.956,0.704,0.232,0.063,12,3
275,BiLevel,42.2,16.1,6.835,13,0.4521,-1939.935,552.377,4971,262,10.22,35.33,-59.96,59.73,-0.3903,0.2725,-4.207118034362793,0.10507895052433014,3.419912815093994,0.34836599230766296,0.11147096008062363,18.19251251220703,10.264174461364746,17.751922607421875,0.9382627010345459,16.711891174316406,0.1,0.7356985807418823,500000,-8.73,17.89,-56.51,41.81,-2.1422,0.5,-16.509937286376953,0.24970673024654388,4.7369279861450195,1.310749888420105,0.23637676239013672,17.066667556762695,2.412515878677368,27.552825927734375,0.05,50000,10.217534169251577,35.32941229558626,262,7.320522741894972,9.486394734445371,0.5430992132229808,0.7288355240517932,0.20598234857911984,0.06518212736908705,9.943,2982.885,13.291,20.127,21483,360.0,0.0,0.0,364.442,88.816,0.2437,0.0,0.0,268.844,658.0,0.5082,13.68,0.0793,2.011,0.725,0.21,0.065,10,3
276,BiLevel,46.6,24.0,3.641,15,0.5675,-1807.038,499.832,4971,262,5.52,36.27,-59.9,59.15,-0.3635,0.2614,-4.320191860198975,0.11884386837482452,3.4085257053375244,0.3563549518585205,0.10408418625593185,18.03082847595215,6.661550521850586,17.82844352722168,1.5870060920715332,15.34184741973877,0.1,0.733630895614624,500000,-8.15,18.44,-65.66,42.51,-1.3705,0.0,-16.852317810058594,0.21682123839855194,4.433005332946777,1.0074995756149292,0.23912644386291504,17.351438522338867,0.792286217212677,20.64759063720703,0.05,50000,5.515778964496677,36.27365467684587,262,10.249807555895101,9.881363634765147,0.54339281539085,0.7281012745192701,0.20667215354218815,0.06522657193854182,10.834,3466.873,12.91,16.551,18284,360.0,0.0,0.0,360.0,0.0,0.0,0.0,0.0,0.0,0.0,0.6053,14.77,0.0675,1.799,0.729,0.206,0.065,12,3
277,BiLevel,49.6,16.0,5.399,15,0.5096,-1716.387,445.844,4971,262,9.48,35.74,-59.88,59.82,-0.3453,0.2488,-4.261677265167236,0.09899136424064636,3.417201042175293,0.38344162702560425,0.10451029986143112,17.68948745727539,9.544435501098633,17.41305923461914,2.8237345218658447,12.76866340637207,0.1,0.7315691709518433,500000,-9.39,18.44,-91.73,36.81,-1.279,0.0,-17.037477493286133,0.23283955454826355,5.126176357269287,1.702554702758789,0.25296851992607117,17.572240829467773,1.2530126571655273,60.11835479736328,0.05,50000,9.477087388684803,35.74218434613619,262,12.023248687543367,9.596623262606169,0.5470878146245026,0.7276078434808237,0.20719802852942418,0.06519412798975226,12.492,3997.569,13.104,18.503,20568,360.0,0.0,0.0,360.0,0.0,0.0,0.0,0.0,0.0,0.0,0.8769,14.51,0.1105,1.836,0.728,0.207,0.065,15,0
278,BiLevel,53.8,26.2,5.709,13,0.5622,-1990.468,600.969,4970,262,8.68,36.68,-59.98,59.79,-0.4005,0.2777,-4.347428321838379,0.10259106755256653,3.4823215007781982,0.4664626717567444,0.11314430832862854,18.478939056396484,5.079813003540039,18.092247009277344,1.0927326679229736,19.645395278930664,0.1,0.729525089263916,500000,-7.45,18.6,-58.7,46.63,-1.9279,0.5,-16.915477752685547,0.2884351909160614,4.429487228393555,1.0095038414001465,0.29841089248657227,17.556377410888672,0.20555396378040314,31.49322509765625,0.05,50000,8.677645317539273,36.68396508570641,262,14.168063524208572,12.502527064928099,0.5593166128753253,0.7277974167841917,0.20696849054877858,0.06523409266702972,13.386,4015.68,13.324,19.033,21062,360.0,0.0,0.0,364.496,99.994,0.2743,0.0,0.0,304.634,725.0,0.9446,15.81,0.0824,1.497,0.716,0.22,0.064,10,3
279,BiLevel,46.9,18.2,4.846,13,0.5849,-1890.602,532.76,4970,262,7.5,36.41,-59.98,59.61,-0.3804,0.2661,-4.419407844543457,0.10225014388561249,3.4220616817474365,0.42368632555007935,0.115889772772789,17.648521423339844,9.34766960144043,17.420690536499023,2.496577024459839,18.55257797241211,0.1,0.7274883389472961,500000,-8.47,17.56,-41.73,42.89,-1.7257,0.5,-17.268930435180664,0.24007581174373627,4.332492351531982,0.9175788164138794,0.26252448558807373,17.82293701171875,1.1129339933395386,29.423534393310547,0.05,50000,7.503900787257168,36.40593857919,262,8.603642054921703,5.766755206333963,0.5496345823079798,0.7278723558646608,0.2068186956356815,0.0653089484996577,5.887,1765.984,13.101,17.947,21300,360.0,0.0,0.0,361.815,77.34,0.2138,0.0,0.0,92.954,451.0,0.6935,12.97,0.1421,2.112,0.731,0.202,0.067,10,3
280,BiLevel,49.3,21.4,9.351,16,0.5277,-1720.716,449.549,4970,262,9.96,35.51,-59.97,59.21,-0.3462,0.2483,-4.486018657684326,0.098622627556324,3.433973550796509,0.4531932473182678,0.118440642952919,17.604625701904297,8.526677131652832,17.50884246826172,7.084202289581299,19.123445510864258,0.1,0.7254582047462463,500000,-5.78,19.65,-51.42,53.12,-2.5434,0.0,-17.477190017700195,0.22964973747730255,4.863452911376953,1.4482890367507935,0.2513660192489624,18.005338668823242,1.0692778825759888,57.49446105957031,0.05,50000,9.955871469211921,35.50936556730049,262,11.275822388263126,5.1637418386183285,0.5493220465333508,0.7275342786069025,0.2073272978411006,0.065138423551997,9.685,3292.981,13.367,22.718,22064,360.0,0.0,0.0,360.0,0.0,0.0,0.0,0.0,0.0,0.0,0.9093,15.29,0.0656,1.787,0.682,0.257,0.061,13,3
281,BiLevel,46.4,15.1,3.999,14,0.4684,-1993.715,587.075,4970,262,-4.89,35.99,-59.99,59.35,-0.4011,0.2752,-4.5119309425354,0.1691199392080307,3.3562686443328857,0.38652148842811584,0.1796913594007492,18.790081024169922,5.692608833312988,18.434783935546875,2.1137304306030273,30.113561630249023,0.1,0.7234390377998352,500000,-7.45,18.91,-64.24,52.02,-0.9666,0.0,-17.206958770751953,0.2645067572593689,4.26533842086792,0.8517807722091675,0.35904017090797424,17.795804977416992,2.8520665168762207,27.725849151611328,0.05,50000,-4.891135784981386,35.992388216391596,262,0.9536546155810359,0.21482146099994015,0.5357708675793357,0.7272158533038462,0.207624485491517,0.06515966120463695,-3.183,-954.818,12.38,16.379,20821,360.0,0.0,0.0,360.0,0.0,0.0,0.0,0.0,0.0,0.0,0.9749,16.16,0.0678,1.404,0.729,0.206,0.066,16,0
282,BiLevel,45.5,9.4,4.699,15,0.6234,-1757.982,462.732,4970,262,10.58,34.32,-59.97,59.77,-0.3537,0.2513,-4.526963710784912,0.11997554451227188,3.426553964614868,0.4775378108024597,0.12829509377479553,18.28144645690918,7.014340877532959,17.94976043701172,8.009978294372559,19.564876556396484,0.1,0.7214166522026062,500000,-6.38,18.66,-76.39,42.29,-1.3435,0.0,-17.672521591186523,0.24227146804332733,4.916685104370117,1.5052516460418701,0.2654038667678833,18.225276947021484,3.5618772506713867,56.0811882019043,0.05,50000,10.57503746405836,34.32283430335701,262,7.564727467808285,9.41403907545303,0.5317832329357327,0.7266075211861149,0.2081963615840299,0.0651961172298553,11.168,3797.036,13.345,18.043,21528,360.0,0.0,0.0,360.0,0.0,0.0,0.0,0.0,0.0,0.0,0.9932,14.69,0.1236,1.413,0.732,0.2,0.068,13,2
283,BiLevel,42.5,32.7,6.132,16,0.5099,-1988.442,593.263,4970,262,7.5,34.75,-60.0,59.34,-0.4001,0.2863,-4.542508125305176,0.14027954638004303,3.3584957122802734,0.4291262626647949,0.12065660953521729,18.479108810424805,7.621952533721924,18.15605926513672,3.213757276535034,20.285066604614258,0.1,0.7194051742553711,500000,-10.37,18.43,-53.2,33.93,-1.3855,0.0,-17.468505859375,0.2420223355293274,8.957282066345215,5.547860145568848,0.34691721200942993,18.025060653686523,1.1938235759735107,46.79716873168945,0.05,50000,7.498923128807329,34.74862479681673,262,12.161934608417122,10.728466842519609,0.523128006704291,0.725890456245329,0.20899581397595837,0.06511372977871274,10.316,3301.209,13.112,19.244,20797,360.0,0.0,0.0,360.0,0.0,0.0,0.0,0.0,0.0,0.0,1.0137,10.8,0.1782,2.056,0.701,0.236,0.063,16,0
284,BiLevel,51.0,29.3,4.213,16,0.497,-1653.209,432.835,4970,262,15.54,33.71,-59.92,59.9,-0.3326,0.2458,-4.520237922668457,0.1464730054140091,3.3242955207824707,0.4099828600883484,0.15210053324699402,18.978811264038086,6.430616855621338,18.422611236572266,2.1135168075561523,25.71935272216797,0.1,0.7173994183540344,500000,-9.33,20.06,-67.25,49.32,-1.1542,0.0,-17.67192268371582,0.20487813651561737,5.481332778930664,2.0770137310028076,0.28088510036468506,18.155963897705078,0.8109053373336792,55.94040298461914,0.05,50000,15.537027962298565,33.71105483199189,262,19.72899100592262,14.217823551830492,0.5509814382483799,0.7249467679625778,0.20997089202603705,0.06508234001138513,18.829,6401.74,13.545,17.759,19070,360.0,0.0,0.0,360.0,0.0,0.0,0.0,0.0,0.0,0.0,1.2238,12.31,0.0672,1.948,0.641,0.302,0.057,14,2
285,BiLevel,52.3,19.4,3.923,16,0.5661,-1814.936,490.703,4971,262,8.56,35.34,-59.97,59.84,-0.3651,0.2618,-4.879691123962402,0.13556000590324402,3.4606003761291504,0.5669430494308472,0.12283746153116226,18.334341049194336,7.2100019454956055,18.270984649658203,8.877845764160156,20.51565933227539,0.1,0.7154000401496887,500000,-9.85,20.51,-56.57,59.28,-1.0057,0.0,-17.516122817993164,0.27739638090133667,4.905477523803711,1.4993759393692017,0.3660842180252075,18.140226364135742,0.3481462001800537,36.163368225097656,0.05,50000,8.56467889134516,35.342710251938534,262,14.064899016328548,14.572826191704525,0.5356318554380438,0.7239511547725386,0.21096045114607043,0.06508839408139105,13.576,4615.717,13.132,17.055,19583,360.0,0.0,0.0,360.0,0.0,0.0,0.0,0.0,0.0,0.0,0.9543,13.29,0.0535,1.848,0.725,0.21,0.065,15,1
286,BiLevel,43.8,21.2,5.763,15,0.5019,-1927.507,570.975,4970,262,-2.57,35.88,-60.0,59.61,-0.3878,0.2698,-4.685521125793457,0.11056089401245117,3.2304604053497314,0.354959636926651,0.10972771048545837,18.10856056213379,2.3302993774414062,17.800865173339844,1.3972867727279663,17.178770065307617,0.1,0.7133984565734863,500000,-12.74,19.44,-69.04,45.27,-1.5443,0.0,-17.974807739257812,0.23766584694385529,5.213200569152832,1.8085466623306274,0.2681731879711151,18.540851593017578,2.9371190071105957,63.00315475463867,0.05,50000,-2.5748414313431898,35.88062841859514,262,2.4679007015338073,-1.2777596654076322,0.5304025563758756,0.723530969075168,0.211425639870333,0.06504339105449908,0.179,57.198,12.445,18.207,21362,360.0,0.0,0.0,360.0,0.0,0.0,0.0,0.0,0.0,0.0,0.8575,13.47,0.0585,1.696,0.724,0.211,0.065,13,2
287,BiLevel,48.0,30.7,7.814,16,0.4222,-1726.879,460.627,4970,262,9.6,34.47,-59.92,59.2,-0.3475,0.2502,-4.794992923736572,0.10416090488433838,3.328615188598633,0.4682447910308838,0.12443883717060089,18.988685607910156,8.606098175048828,18.550914764404297,1.515703797340393,18.635082244873047,0.1,0.7113969922065735,500000,-10.5,18.82,-56.33,50.99,-1.7785,0.0,-17.392126083374023,0.267973393201828,4.568100452423096,1.170151948928833,0.24779391288757324,18.00994300842285,1.5147442817687988,10.519384384155273,0.05,50000,9.596029334570801,34.47054585191606,262,12.602806888442291,7.259518648684025,0.5311543333470292,0.7230701786658311,0.21205212956173292,0.06487769177243592,13.236,4235.573,13.172,20.986,20384,360.0,0.0,0.0,360.0,0.0,0.0,0.0,0.0,0.0,0.0,0.9245,14.27,0.0532,1.562,0.724,0.211,0.065,16,0
288,BiLevel,48.5,23.5,3.859,15,0.5167,-1815.004,506.19,4971,262,9.42,35.69,-59.96,59.49,-0.3651,0.2721,-4.884128570556641,0.1363448202610016,3.3611929416656494,0.5161792635917664,0.13866262137889862,18.503700256347656,4.531095504760742,18.265151977539062,5.495953559875488,31.221012115478516,0.1,0.7094106078147888,500000,-11.72,18.68,-66.23,45.52,-0.9377,0.0,-17.682579040527344,0.27260953187942505,5.209447860717773,1.8148462772369385,0.2654845118522644,18.304645538330078,3.084718704223633,39.07551193237305,0.05,50000,9.423366187807316,35.69288919064326,262,12.797308936558272,10.555456776691504,0.5481379094382901,0.7224165148465669,0.21268887306925421,0.06489461208417886,12.146,4129.65,13.216,17.075,19184,360.0,0.0,0.0,360.0,0.0,0.0,0.0,0.0,0.0,0.0,0.727,15.1,0.0514,1.495,0.723,0.212,0.065,16,0
289,BiLevel,55.3,22.9,20.042,11,0.4078,-2042.53,656.51,4970,262,7.79,35.63,-59.85,59.54,-0.411,0.2935,-4.897204399108887,0.2425508052110672,3.4326069355010986,0.5983390808105469,0.20209790766239166,18.540485382080078,8.237638473510742,18.61467742919922,4.583755970001221,36.760704040527344,0.1,0.7074438333511353,500000,-7.92,20.03,-56.36,53.85,-5.1413,0.5,-17.58987808227539,0.2344936728477478,7.840517044067383,4.448160171508789,0.2499788999557495,18.137792587280273,0.677661120891571,36.94453048706055,0.05,50000,7.78618935743493,35.62587779661196,262,14.060042329838401,6.000223675585891,0.5408603495608049,0.7247340176931506,0.21077570727203984,0.06449027503480959,7.823,2033.851,13.225,33.267,23064,360.0,0.0,0.0,425.035,99.457,0.234,0.0,0.0,4028.718,8526.0,0.9811,16.09,0.0509,1.409,0.723,0.212,0.065,8,3
290,BiLevel,55.7,16.9,26.109,11,0.5069,-2195.478,747.619,4971,262,11.0,35.37,-59.93,59.95,-0.4417,0.3114,-4.888216495513916,0.1696465164422989,3.4795587062835693,0.6643763184547424,0.1711617410182953,18.206893920898438,6.010484218597412,18.142335891723633,4.693204402923584,32.10976028442383,0.1,0.7054721117019653,500000,-8.67,18.26,-66.36,42.66,-6.4995,0.5,-17.710708618164062,0.2697547972202301,5.307829856872559,1.9165112972259521,0.2863522171974182,18.333332061767578,1.2988249063491821,47.98582077026367,0.05,50000,11.003811689239468,35.36841809476058,262,15.850177888258505,11.374212462258965,0.5500213631615692,0.7277270018282567,0.20831359838591582,0.06395939978582749,15.428,4011.315,13.361,39.47,23587,360.0,0.0,0.0,431.231,119.048,0.2761,0.0,0.0,4633.882,9314.0,1.3103,16.98,0.0523,1.274,0.729,0.204,0.067,8,3
291,BiLevel,50.8,15.9,12.739,16,0.556,-1922.483,545.574,4970,262,5.61,36.3,-59.99,59.68,-0.3868,0.2631,-5.035006523132324,0.1082727238535881,3.2808494567871094,0.48581424355506897,0.12911824882030487,18.031583786010742,7.246549606323242,17.98855209350586,1.5819711685180664,30.144062042236328,0.1,0.7035094499588013,500000,-9.88,20.32,-72.67,46.68,-3.3315,0.0,-18.217615127563477,0.2785402834415436,4.702389717102051,1.313681960105896,0.2981293797492981,18.84670066833496,1.7606093883514404,21.986167907714844,0.05,50000,5.6126398151092065,36.29634650216927,262,10.107683283169019,9.285328579811672,0.543215024463632,0.7277945136829004,0.2084888203761577,0.06371666594094187,9.356,3181.0,13.137,25.876,21599,360.0,0.0,0.0,360.0,0.0,0.0,0.0,0.0,0.0,0.0,1.0074,17.43,0.0634,0.955,0.735,0.196,0.069,13,3
292,BiLevel,44.5,16.6,5.462,15,0.4338,-1836.507,506.011,4969,262,3.07,36.93,-60.0,59.6,-0.3696,0.253,-5.051151752471924,0.15599645674228668,3.2707226276397705,0.49345335364341736,0.12080887705087662,18.60031509399414,8.796758651733398,18.495594024658203,4.381994724273682,23.604759216308594,0.1,0.7015640139579773,500000,-10.33,19.86,-51.64,43.49,-1.2985,0.0,-18.05057144165039,0.2475832998752594,5.73769998550415,2.350944995880127,0.2965400218963623,18.613296508789062,1.078706979751587,17.250083923339844,0.05,50000,3.068586523075037,36.93488602973975,262,8.526413779588122,3.5267173269861622,0.5500263965947304,0.7273470093943746,0.2089951346646823,0.06365785594094316,6.365,2036.803,12.913,18.375,20621,360.0,0.0,0.0,360.0,0.0,0.0,0.0,0.0,0.0,0.0,0.8321,16.15,0.1373,0.764,0.737,0.193,0.07,15,0
293,BiLevel,49.4,18.4,8.313,14,0.3927,-1726.009,464.182,4970,262,12.21,34.83,-59.94,59.37,-0.3473,0.2594,-5.208308696746826,0.144680917263031,3.4488749504089355,0.6866495013237,0.13063007593154907,18.970951080322266,8.256978988647461,18.65049171447754,4.062364101409912,18.78240203857422,0.1,0.6996216177940369,500000,-11.46,18.55,-52.59,62.04,-2.4048,0.5,-17.853601455688477,0.23985818028450012,13.764434814453125,10.379278182983398,0.31229710578918457,18.404983520507812,1.537986159324646,31.10690689086914,0.05,50000,12.210214086327424,34.826788859027545,262,12.867938436018793,18.990358970510332,0.5492298450707446,0.7275789636688899,0.20889048135659344,0.06353055497451672,20.32,6502.457,13.18,21.493,20811,360.0,0.0,0.0,360.0,29.162,0.081,0.0,0.0,7.137,167.0,0.9201,12.23,0.3278,0.959,0.687,0.253,0.06,11,3
294,BiLevel,55.4,18.1,10.721,16,0.5142,-1862.825,532.099,4971,262,1.74,35.57,-59.98,59.36,-0.3747,0.2778,-5.0820441246032715,0.1092495247721672,3.1861026287078857,0.4420498311519623,0.10611017048358917,19.33266830444336,3.182424545288086,18.730541229248047,1.715150237083435,16.141542434692383,0.09965351223945618,0.6976736187934875,500000,-10.99,17.46,-51.59,52.51,-2.0892,0.0,-17.904539108276367,0.24402576684951782,4.874154567718506,1.494365930557251,0.2662826180458069,18.466533660888672,1.0452154874801636,11.90766429901123,0.05,50000,1.7357620025895577,35.565694078359854,262,6.4920340186671215,9.400910909042548,0.5258178934501012,0.7274191867332911,0.20924959530350634,0.06333121796320268,6.593,2109.909,12.813,23.534,21749,360.0,0.0,0.0,360.0,0.0,0.0,0.0,0.0,0.0,0.0,0.6723,7.14,0.2704,1.474,0.509,0.446,0.044,14,2
295,BiLevel,54.5,9.9,3.879,13,0.3063,-1984.674,588.219,4971,262,0.97,35.74,-59.99,59.48,-0.3993,0.2783,-5.172092437744141,0.12212465703487396,3.3161168098449707,0.5860604643821716,0.10833792388439178,18.164907455444336,4.293384075164795,18.06279754638672,2.4542908668518066,15.751408576965332,0.09866707026958466,0.6957422494888306,500000,-12.1,17.27,-54.23,37.98,-1.7841,0.5,-17.773460388183594,0.21596139669418335,7.71964168548584,4.340874671936035,0.25559765100479126,18.280147552490234,3.818952798843384,37.905696868896484,0.05,50000,0.9673823284858688,35.74396363027097,262,4.618406798023927,8.959171109450491,0.5280419097935847,0.7274663573796555,0.2092121445645801,0.06332149805576438,7.265,2179.431,12.578,16.456,19589,360.0,0.0,0.0,360.065,57.083,0.1585,0.0,0.0,29.634,372.0,0.7105,5.3,0.1314,1.835,0.542,0.411,0.047,10,3
296,BiLevel,48.0,22.1,3.656,16,0.5419,-1704.721,443.924,4971,262,15.0,33.48,-60.0,59.72,-0.3429,0.2502,-5.204630374908447,0.1147470474243164,3.2854578495025635,0.5676674246788025,0.13395796716213226,19.209693908691406,7.072848796844482,18.747461318969727,2.577573299407959,22.248605728149414,0.09773938357830048,0.6938192844390869,500000,-11.54,19.25,-58.8,57.18,-0.8585,0.0,-18.229257583618164,0.23169468343257904,5.384082794189453,2.008892059326172,0.2719080448150635,18.764497756958008,0.23821549117565155,43.21883010864258,0.05,50000,14.99831437181252,33.47964960195631,262,19.06938334577962,18.70862920503867,0.5433223972319973,0.7264529212646947,0.21021557348912967,0.06333150524617553,19.722,6705.498,13.446,17.103,18862,360.0,0.0,0.0,360.0,0.0,0.0,0.0,0.0,0.0,0.0,0.8785,8.76,0.0726,1.923,0.693,0.246,0.06,16,0
297,BiLevel,46.3,21.0,4.287,15,0.4536,-1978.734,600.903,4969,262,-6.25,37.37,-60.0,59.67,-0.3982,0.281,-5.366628170013428,0.16601219773292542,3.3736555576324463,0.6730155944824219,0.11936196684837341,18.870563507080078,8.044159889221191,18.807815551757812,2.1820156574249268,21.997907638549805,0.09685692936182022,0.6919159293174744,500000,-10.89,18.37,-76.62,36.32,-1.0204,0.0,-18.052282333374023,0.27376487851142883,4.57331657409668,1.200910210609436,0.2743580639362335,18.671157836914062,1.3434712886810303,15.705127716064453,0.05,50000,-6.25097849459831,37.37369782527176,262,4.797412189449133,-1.3672901428059532,0.5620508619049908,0.7258674455996428,0.21081707321216503,0.06331548118819215,-2.146,-686.679,12.371,16.658,19923,360.0,0.0,0.0,360.0,0.0,0.0,0.0,0.0,0.0,0.0,0.8553,10.09,0.0776,1.772,0.726,0.21,0.063,15,0
298,BiLevel,45.2,20.2,4.782,15,0.2294,-1724.396,454.802,4970,262,13.01,35.24,-59.95,59.4,-0.347,0.2549,-5.224534034729004,0.09283434599637985,3.217493772506714,0.5327484011650085,0.11411088705062866,18.900617599487305,3.715170383453369,18.441604614257812,0.8431046009063721,17.749422073364258,0.0959690734744072,0.68999844789505,500000,-7.02,19.77,-60.38,52.07,-1.2796,0.0,-17.985393524169922,0.2249203622341156,11.88946533203125,8.520187377929688,0.2712310254573822,18.499135971069336,3.2219066619873047,41.00068664550781,0.05,50000,13.013177000539718,35.242262633614374,262,10.670887693841205,10.398326241264218,0.5582354093330902,0.7254158452151445,0.2113901243274112,0.06319403045744439,15.61,4995.329,13.555,18.338,20561,360.0,0.0,0.0,360.0,0.0,0.0,0.0,0.0,0.0,0.0,0.926,6.83,0.1185,1.938,0.726,0.211,0.063,13,2
299,BiLevel,47.2,17.0,4.426,16,0.6188,-1719.546,462.898,4971,262,12.15,34.38,-59.74,59.87,-0.3459,0.2587,-5.333345890045166,0.1169220432639122,3.331709861755371,0.6627365946769714,0.10824547708034515,19.843725204467773,5.597386360168457,19.234302520751953,3.6096532344818115,16.554731369018555,0.09507732093334198,0.6880874037742615,500000,-11.86,19.21,-56.93,43.51,-1.0972,0.0,-18.240310668945312,0.21158438920974731,9.310321807861328,5.941891670227051,0.23080521821975708,18.749513626098633,1.2856817245483398,25.32544708251953,0.05,50000,12.149986567866005,34.37691641132769,262,14.85259724996592,14.776158722607713,0.5413232815791417,0.7244848392165711,0.21230053368717838,0.06321462709625059,14.268,4851.039,13.277,17.703,19795,360.0,0.0,0.0,360.0,0.0,0.0,0.0,0.0,0.0,0.0,0.9532,7.39,0.063,1.897,0.705,0.233,0.061,15,1
