check,metric,treatment,control,direction,n_common,delta_mean,delta_ci95_low,delta_ci95_high,improvement_mean,improvement_ci95_low,improvement_ci95_high,win_rate,sign_p_value,status
native_promotion_replan_vs_interval_ep_reward,ep_reward,native_promotion_replan,interval_only,increase,12,0.016750000000115506,-11.274937500000282,16.24351250000026,0.016750000000115506,-12.02963333333354,15.980983333333645,0.25,0.14599609375,inconclusive
native_promotion_replan_vs_interval_avg_wait_min,avg_wait_min,native_promotion_replan,interval_only,decrease,12,0.009166666666666915,-0.03726458333333281,0.0715854166666665,-0.009166666666666915,-0.07359374999999993,0.03958958333333238,0.5,0.5078125,not_supported
native_promotion_replan_vs_interval_score,score,native_promotion_replan,interval_only,increase,12,-0.0435500000000002,-0.1877683333333336,0.07490166666666603,-0.0435500000000002,-0.1869254166666664,0.07540041666666619,0.5,0.75390625,not_supported
native_promotion_replan_vs_interval_upper_plan_decisions,upper_plan_decisions,native_promotion_replan,interval_only,increase,12,49.416666666666664,36.41458333333333,62.0,49.416666666666664,36.9125,62.08541666666666,1.0,0.00048828125,supported
native_learned_gate_vs_interval_ep_reward,ep_reward,native_learned_gate,interval_only,increase,12,11.19225000000055,-9.130247916665793,33.66360000000031,11.19225000000055,-8.510858333332799,34.32359166666682,0.5833333333333334,0.7744140625,positive_mixed
native_learned_gate_vs_interval_avg_wait_min,avg_wait_min,native_learned_gate,interval_only,decrease,12,-0.0065833333333333854,-0.05225000000000028,0.04383541666666671,0.0065833333333333854,-0.04284583333333342,0.05592291666666681,0.3333333333333333,1.0,inconclusive
native_learned_gate_vs_interval_score,score,native_learned_gate,interval_only,increase,12,0.03849999999999946,0.0047462499999999675,0.07521249999999878,0.03849999999999946,0.005566249999999264,0.07566791666666658,0.5833333333333334,0.1796875,supported
native_learned_gate_vs_interval_upper_plan_decisions,upper_plan_decisions,native_learned_gate,interval_only,increase,12,4.333333333333333,3.25,5.5,4.333333333333333,3.1666666666666665,5.5,1.0,0.00048828125,supported
native_learned_gate_vs_interval_shared_ppo_gate_replans,shared_ppo_gate_replans,native_learned_gate,interval_only,increase,12,15.666666666666666,11.0,20.416666666666668,15.666666666666666,11.25,20.5,1.0,0.00048828125,supported
