seed,variant,status,ep_reward,avg_wait_min,headway_cv,score,upper_plan_decisions,upper_plan_reuse_ratio,freq_promotion_strength,shared_ppo_lower_samples,shared_ppo_loss
31,interval_only,supported_native_episode_loop,-11870.205,4.49,0.2265,-4.9430000000000005,66.0,0.7480916030534351,1.0,4970.0,39813.542578125
41,interval_only,supported_native_episode_loop,-2919.928,5.336,0.6167,-6.5694,66.0,0.7480916030534351,0.6249999999999999,4970.0,33993.98596191406
31,native_promotion_replan,supported_native_episode_loop,-10594.317,4.912,0.5596,-6.0312,260.0,0.007633587786259542,1.0,4970.0,13904.946557617188
41,native_promotion_replan,supported_native_episode_loop,-2657.148,4.457,0.4375,-5.332,254.0,0.030534351145038167,1.0,4969.0,106535.37978515626
