{
 "method": "fixed",
 "seed": 42,
 "ep": 249,
 "headways": [
  360.0,
  360.0,
  360.0
 ],
 "wait_mean": 6.359748423219608,
 "wait_std": 2.629694818692034,
 "cv_mean": 0.5510906648235988,
 "cv_std": 0.14054770752886037,
 "overshoot_mean": 2.05,
 "overshoot_std": 1.2031209415515967,
 "composite_mean": 1.7462916976217504,
 "composite_std": 0.6074066250312022,
 "n_eps": 20,
 "wall_s": 661.6
}