{
 "method": "fixed",
 "seed": 123,
 "ep": 149,
 "headways": [
  360.0,
  360.0,
  360.0
 ],
 "wait_mean": 5.505462968185318,
 "wait_std": 1.7643464288446242,
 "cv_mean": 0.4939219895331274,
 "cv_std": 0.10703370938168659,
 "overshoot_mean": 1.75,
 "overshoot_std": 1.3369741957120937,
 "composite_mean": 1.5445919127252856,
 "composite_std": 0.5259706141843203,
 "n_eps": 20,
 "wall_s": 768.0
}