{
 "method": "fixed",
 "seed": 456,
 "ep": 149,
 "headways": [
  360.0,
  360.0,
  360.0
 ],
 "wait_mean": 5.6778294857658285,
 "wait_std": 1.7964264610000311,
 "cv_mean": 0.5228822467596906,
 "cv_std": 0.0885481824615764,
 "overshoot_mean": 1.55,
 "overshoot_std": 1.3955285736952865,
 "composite_mean": 1.551274169695248,
 "composite_std": 0.6143478695580351,
 "n_eps": 20,
 "wall_s": 667.0
}