{
 "method": "fixed",
 "seed": 123,
 "ep": 119,
 "wait_mean": 5.248265540362925,
 "wait_std": 1.879256628322345,
 "cv_mean": 0.5594262803824137,
 "cv_std": 0.11875720070793204,
 "overshoot_mean": 1.65,
 "overshoot_std": 1.4239030865898141,
 "composite_mean": 1.5772336036494756,
 "composite_std": 0.5845467026121124,
 "n_eps": 20,
 "wall_s": 963.6
}