{
 "method": "fixed",
 "seed": 123,
 "ep": 199,
 "headways": [
  360.0,
  360.0,
  360.0
 ],
 "wait_mean": 5.850345507030456,
 "wait_std": 1.4224598401431556,
 "cv_mean": 0.5277749098387281,
 "cv_std": 0.1197129836339334,
 "overshoot_mean": 1.8,
 "overshoot_std": 1.2884098726725128,
 "composite_mean": 1.6165045154868285,
 "composite_std": 0.5330915514503376,
 "n_eps": 20,
 "wall_s": 709.3
}