{
 "method": "fixed",
 "seed": 456,
 "ep": 249,
 "headways": [
  360.0,
  360.0,
  360.0
 ],
 "wait_mean": 7.150805045681784,
 "wait_std": 4.911531016494607,
 "cv_mean": 0.5341060976638176,
 "cv_std": 0.11601027051367757,
 "overshoot_mean": 1.95,
 "overshoot_std": 1.2031209415515964,
 "composite_mean": 1.7784677377631315,
 "composite_std": 0.8404787180720311,
 "n_eps": 20,
 "wall_s": 645.2
}