{
 "method": "fixed",
 "seed": 123,
 "ep": 299,
 "headways": [
  360.0,
  360.0,
  360.0
 ],
 "wait_mean": 5.968846052335548,
 "wait_std": 1.8740697991749518,
 "cv_mean": 0.5250396414016819,
 "cv_std": 0.09807708747244978,
 "overshoot_mean": 1.95,
 "overshoot_std": 1.2031209415515964,
 "composite_mean": 1.6512053821663724,
 "composite_std": 0.4856660828675809,
 "n_eps": 20,
 "wall_s": 689.1
}