{
 "method": "fixed",
 "seed": 123,
 "ep": 99,
 "headways": [
  360.0,
  360.0,
  360.0
 ],
 "wait_mean": 5.925856268159835,
 "wait_std": 2.442304604436188,
 "cv_mean": 0.5139957298898117,
 "cv_std": 0.0729277301930718,
 "overshoot_mean": 1.6,
 "overshoot_std": 1.3564659966250538,
 "composite_mean": 1.5707617596361982,
 "composite_std": 0.5941859100803133,
 "n_eps": 20,
 "wall_s": 745.3
}