{
 "method": "fixed",
 "seed": 456,
 "ep": 199,
 "headways": [
  360.0,
  360.0,
  360.0
 ],
 "wait_mean": 7.545147820339682,
 "wait_std": 3.5370722108397947,
 "cv_mean": 0.5476443073782636,
 "cv_std": 0.06527886276113173,
 "overshoot_mean": 1.9,
 "overshoot_std": 1.2206555615733703,
 "composite_mean": 1.8207259392290815,
 "composite_std": 0.6780038427127113,
 "n_eps": 20,
 "wall_s": 665.5
}