{
 "method": "fixed",
 "seed": 42,
 "ep": 199,
 "headways": [
  360.0,
  360.0,
  360.0
 ],
 "wait_mean": 5.5236011516557175,
 "wait_std": 1.7972776264418187,
 "cv_mean": 0.5149817165502072,
 "cv_std": 0.09489559049897539,
 "overshoot_mean": 1.9,
 "overshoot_std": 1.260952021291849,
 "composite_mean": 1.5932896339135811,
 "composite_std": 0.5593909793185872,
 "n_eps": 20,
 "wall_s": 678.2
}