{
 "method": "fixed",
 "seed": 42,
 "ep": 99,
 "headways": [
  360.0,
  360.0,
  360.0
 ],
 "wait_mean": 11.300527761207618,
 "wait_std": 6.579724050585907,
 "cv_mean": 0.5631485517207842,
 "cv_std": 0.13161045025380355,
 "overshoot_mean": 3.0,
 "overshoot_std": 0.0,
 "composite_mean": 2.480735668500887,
 "composite_std": 0.8677866175705471,
 "n_eps": 20,
 "wall_s": 672.7
}