{
 "method": "fixed",
 "seed": 456,
 "ep": 99,
 "headways": [
  360.0,
  360.0,
  360.0
 ],
 "wait_mean": 5.775424959862046,
 "wait_std": 1.6923128462810646,
 "cv_mean": 0.45613843788686104,
 "cv_std": 0.07290479460123177,
 "overshoot_mean": 1.55,
 "overshoot_std": 1.3955285736952865,
 "composite_mean": 1.49428990823204,
 "composite_std": 0.5626870658855525,
 "n_eps": 20,
 "wall_s": 665.1
}