{
 "exp": "H_hiro_no_morl",
 "seed": 456,
 "ep": 149,
 "wait_mean": 5.5051499999999995,
 "wait_std": 1.7146706761066393,
 "cv_mean": 0.47185999999999995,
 "cv_std": 0.07196755796885149,
 "overshoot_mean": 1.6,
 "overshoot_std": 1.4282856857085702,
 "composite_mean": 1.5038173076923076,
 "composite_std": 0.5240672972271109,
 "n_eps": 20,
 "wall_s": 1357.7
}