{
 "exp": "H_hiro_no_morl",
 "seed": 456,
 "ep": 249,
 "wait_mean": 5.760200000000001,
 "wait_std": 2.8552670382995697,
 "cv_mean": 0.521675,
 "cv_std": 0.08820310581266401,
 "overshoot_mean": 1.8,
 "overshoot_std": 1.2884098726725126,
 "composite_mean": 1.601390054945055,
 "composite_std": 0.6642822825379208,
 "n_eps": 20,
 "wall_s": 1120.3
}