{
 "exp": "H_hiro_no_morl",
 "seed": 42,
 "ep": 299,
 "wait_mean": 6.373450000000001,
 "wait_std": 2.861868978045641,
 "cv_mean": 0.555065,
 "cv_std": 0.08968428666717486,
 "overshoot_mean": 1.75,
 "overshoot_std": 1.3369741957120937,
 "composite_mean": 1.6925336263736264,
 "composite_std": 0.6818643398334667,
 "n_eps": 20,
 "wall_s": 1394.3
}