{
 "exp": "H_hiro_no_morl",
 "seed": 123,
 "ep": 199,
 "wait_mean": 5.8549999999999995,
 "wait_std": 1.8779326132745018,
 "cv_mean": 0.49701500000000004,
 "cv_std": 0.13734611124818932,
 "overshoot_mean": 1.8,
 "overshoot_std": 1.2884098726725128,
 "composite_mean": 1.5853858791208792,
 "composite_std": 0.6144219480295421,
 "n_eps": 20,
 "wall_s": 1446.2
}