{
 "exp": "H_hiro_no_morl",
 "seed": 456,
 "ep": 49,
 "wait_mean": 6.537000000000001,
 "wait_std": 1.6776905554958577,
 "cv_mean": 0.47939999999999994,
 "cv_std": 0.12815267457216803,
 "overshoot_mean": 2.3,
 "overshoot_std": 1.004987562112089,
 "composite_mean": 1.738937912087912,
 "composite_std": 0.4723899703044698,
 "n_eps": 20,
 "wall_s": 1502.7
}