{
 "exp": "H_hiro_no_morl",
 "seed": 123,
 "ep": 149,
 "wait_mean": 5.97115,
 "wait_std": 2.7853450284480017,
 "cv_mean": 0.50489,
 "cv_std": 0.09374403927717218,
 "overshoot_mean": 1.55,
 "overshoot_std": 1.3955285736952865,
 "composite_mean": 1.5626139743589742,
 "composite_std": 0.6123789672070963,
 "n_eps": 20,
 "wall_s": 1429.0
}