{
 "exp": "H_hiro_no_morl",
 "seed": 456,
 "ep": 299,
 "wait_mean": 7.399099999999999,
 "wait_std": 4.4127265596227465,
 "cv_mean": 0.48555000000000004,
 "cv_std": 0.12180372531248788,
 "overshoot_mean": 2.0,
 "overshoot_std": 1.140175425099138,
 "composite_mean": 1.758074468864469,
 "composite_std": 0.8205282108678043,
 "n_eps": 20,
 "wall_s": 1100.6
}