{
 "exp": "H_hiro_no_morl",
 "seed": 42,
 "ep": 149,
 "wait_mean": 4.7036500000000006,
 "wait_std": 1.807888001923792,
 "cv_mean": 0.4916600000000001,
 "cv_std": 0.05691343778054529,
 "overshoot_mean": 1.6,
 "overshoot_std": 1.392838827718412,
 "composite_mean": 1.4341724358974361,
 "composite_std": 0.5563242339215851,
 "n_eps": 20,
 "wall_s": 1233.6
}