{"avg_wait_min": [5.15, 4.709, 4.579, 4.321, 32.185, 5.852, 5.323, 4.455, 8.261, 5.023, 3.616, 14.463, 30.664, 5.704, 3.97, 4.372, 4.574, 4.145, 5.114, 4.094, 6.423, 4.666, 4.098, 5.195, 8.066, 5.662, 4.084, 4.8, 4.708, 3.711, 4.198, 6.147], "peak_fleet": [15.0, 14.0, 14.0, 15.0, 11.0, 16.0, 16.0, 16.0, 13.0, 15.0, 15.0, 14.0, 11.0, 15.0, 14.0, 15.0, 15.0, 14.0, 14.0, 14.0, 15.0, 14.0, 15.0, 14.0, 14.0, 15.0, 14.0, 14.0, 14.0, 14.0, 14.0, 14.0], "headway_cv": [0.5165, 0.5321, 0.5402, 0.4759, 0.4637, 0.6033, 0.4898, 0.5192, 0.6714, 0.3465, 0.5017, 0.4412, 0.4294, 0.4476, 0.5113, 0.4864, 0.5443, 0.5155, 0.4107, 0.4368, 0.4011, 0.3795, 0.4254, 0.4138, 0.4054, 0.5858, 0.5639, 0.4161, 0.3962, 0.3656, 0.5614, 0.4837], "lower_lambda": [1.0030062198638916, 1.0058250427246094, 1.0088001489639282, 1.0119839906692505, 1.0143071413040161, 1.0166288614273071, 1.0193849802017212, 1.0224734544754028, 1.025763988494873, 1.0291732549667358, 1.0326380729675293, 1.036192536354065, 1.0394411087036133, 1.0425761938095093, 1.045810580253601, 1.049125075340271, 1.0524966716766357, 1.0559455156326294, 1.0594303607940674, 1.0629390478134155, 1.066448450088501, 1.069987177848816, 1.0735188722610474, 1.0770632028579712, 1.0806326866149902, 1.0841838121414185, 1.0877212285995483, 1.0913355350494385, 1.0949615240097046, 1.0985722541809082, 1.102206826210022, 1.1058025360107422], "lower_alpha": [0.1, 0.1, 0.1, 0.1, 0.1, 0.1, 0.1, 0.1, 0.1, 0.1, 0.1, 0.1, 0.1, 0.1, 0.1, 0.1, 0.1, 0.1, 0.1, 0.1, 0.1, 0.1, 0.1, 0.1, 0.1, 0.1, 0.1, 0.1, 0.1, 0.1, 0.1, 0.1], "lower_q_mean": [-7.5650634765625, -8.500958442687988, -8.333587646484375, -7.958608627319336, -9.219918251037598, -9.891998291015625, -8.067911148071289, -8.789608001708984, -10.63746166229248, -9.405008316040039, -8.463787078857422, -7.88338041305542, -9.01646900177002, -10.934176445007324, -9.713001251220703, -10.514730453491211, -8.499648094177246, -10.825052261352539, -10.747986793518066, -10.918246269226074, -10.847589492797852, -11.54609203338623, -10.503432273864746, -9.59341812133789, -9.271563529968262, -9.909798622131348, -10.747072219848633, -9.832513809204102, -10.260066986083984, -9.793753623962402, -11.111363410949707, -9.813300132751465], "lower_q_std": [2.6935930252075195, 1.1083753108978271, 0.97603839635849, 0.8042399287223816, 5.335539817810059, 2.4985859394073486, 1.9730818271636963, 2.6832876205444336, 1.584540843963623, 1.52164626121521, 1.4063256978988647, 1.5901074409484863, 2.017864227294922, 1.4355247020721436, 1.3797498941421509, 1.5966477394104004, 1.6582821607589722, 1.3007352352142334, 2.254481554031372, 1.8260581493377686, 1.538176417350769, 1.831793189048767, 1.3481647968292236, 1.1696221828460693, 1.4210702180862427, 1.5546740293502808, 1.6457258462905884, 1.3480795621871948, 1.378252625465393, 1.4171582460403442, 1.3500826358795166, 0.8473498821258545], "upper_delta_mean": [0.0, 0.0, 0.0, 0.0, 0.0, 0.0, 0.0, 0.0, 0.0, 0.0, 0.0, 0.0, 0.0, 0.0, 0.0, 0.0, 0.0, 0.0, 0.0, 0.0, 0.0, 0.0, 0.0, 0.0, 0.0, 0.0, 0.0, 0.0, 0.0, 0.0, -0.63, -5.98], "upper_q_mean": [0.0, 0.0, 0.0, 0.0, 0.0, 0.0, 0.0, 0.0, 0.0, 0.0, 0.0, 0.0, 0.0, 0.0, 0.0, 0.0, 0.0, 0.0, 0.0, 0.0, 0.0, 0.0, 0.0, 0.0, 0.0, 0.0, 0.0, 0.0, 0.0, 0.0, -0.7963867783546448, -1.1326899528503418], "hold_fb_mean": [-8.431574691009054, -15.4839344472049, 2.2475453957087046, 8.681551110189055, 10.660534131361478, 24.77925080228863, 18.917967302882126, 14.832887553853139, 7.057040588791956, 12.290027602635309, 5.6397724487071095, 5.248787776839263, 22.420037316772177, -1.5701325168570792, -6.359955623032485, -2.7464442522696113, -0.29737789085588345, -7.228384774709701, -9.51468899656028, -20.867599056077225, -17.310309929815187, -26.175686572076803, -11.037959498611285, -32.034691903167015, -26.479140831763956, -26.271926663147507, -35.42716696729932, -23.69978065086046, -29.427254233272865, -28.804745610339857, -17.176976878959355, -22.317674105539094], "hold_penalty_mean": [0.5847661556434919, 0.48907833532365547, 0.19850563028913285, 0.3393007375992244, 0.9032116609822892, 0.5767165066587523, 0.4701464989941787, 0.40145687495796906, 0.38837033096544304, 0.38676250520551675, 0.3738056261342043, 0.32233790029941295, 0.7038347623513509, 0.3035657688613667, 0.2997499446398911, 0.2713694900359427, 0.34169855951073463, 0.3377067943259723, 0.34472890752878427, 0.419767027705801, 0.3932302231074001, 0.4920219619235978, 0.3516141803086757, 0.5750877159542133, 0.5017981716302801, 0.5212795494669492, 0.6307605189628376, 0.5001364540368516, 0.5602762212319479, 0.5554023136922683, 0.435893702215112, 0.5116919451394835], "theta_wait": [0.5075155423459264, 0.5139414324807746, 0.5184480953509498, 0.5195929339948792, 0.5694984064068161, 0.5692022263271997, 0.5685152614260948, 0.5669648786425652, 0.5727750788146101, 0.5732475231882487, 0.5723437314445885, 0.5811084242402464, 0.6028946617520516, 0.603223961038082, 0.6033274211379427, 0.6027157336623994, 0.6022028833341937, 0.6024128573785302, 0.6032976563307691, 0.6035269776063458, 0.6042412423423803, 0.6048221647785927, 0.604193406188757, 0.6050065847441425, 0.6073067714440977, 0.6073665720831506, 0.6074260805284534, 0.6079531395343348, 0.6084373775250804, 0.6084542266459436, 0.6085567394735999, 0.609615987817006], "theta_fleet": [0.3036820786716922, 0.30244544731362527, 0.30169495477654173, 0.30435349296878905, 0.27177349834507, 0.27513550705235845, 0.278539180629009, 0.28213433766473195, 0.27815221441263893, 0.2795363724550448, 0.2815029050636406, 0.2764531989704295, 0.26158486412024795, 0.26265416621544957, 0.26316443716003296, 0.2647087296653339, 0.26607663052200564, 0.26643328636200336, 0.26642601786045667, 0.26681306362642765, 0.26736120702165417, 0.2675263900181663, 0.2688985998762338, 0.2688360543561884, 0.26775284013079803, 0.26843838561828126, 0.26871617288698585, 0.26879338561211696, 0.2689057744283485, 0.2693544045328349, 0.26957068094076353, 0.2691840978937675], "surprise": [0.1564, 0.2784, 0.3714, 0.3289, 0.5398, 2.0681, 1.6072, 1.1881, 0.9397, 0.7806, 0.5707, 0.4222, 0.6399, 0.5286, 0.4566, 0.3406, 0.2856, 0.2198, 0.2185, 0.3729, 0.3181, 0.2781, 0.2519, 0.2556, 0.2386, 0.2315, 0.2554, 0.2449, 0.2428, 0.2091, 0.1883, 0.2096], "belief_window": [9.59, 9.9, 10.42, 10.74, 11.61, 14.94, 15.66, 15.99, 16.16, 16.22, 15.92, 15.08, 15.23, 14.41, 12.71, 9.66, 6.7, 5.35, 5.51, 6.36, 7.2, 7.97, 8.7, 9.41, 10.09, 10.74, 11.42, 12.03, 12.41, 12.06, 11.42, 11.45]}