{
 "composite": 0.817132150616605,
 "params": [
  180.0,
  350.9270015151318,
  240.0
 ],
 "episode": 208,
 "z": [
  3.67234491066051,
  15.0,
  0.37846908812198266
 ],
 "n_fleet": 14
}