{
 "variant": "rule_ga",
 "seed": 42,
 "params": [
  180.0,
  350.9270015151318,
  240.0
 ],
 "n_eval": 20,
 "wait_mean": 6.281205891735824,
 "wait_std": 3.462934275366726,
 "cv_mean": 0.5291853204661292,
 "cv_std": 0.11474762919487996,
 "overshoot_mean": 2.45,
 "overshoot_std": 0.9733961166965891,
 "composite_mean": 1.841779769113571,
 "composite_std": 0.6563977908818502
}