{
 "exp": "H_hiro_fixed_fleet",
 "seed": 42,
 "ep": 49,
 "wait_mean": 7.1937,
 "wait_std": 5.627392025618972,
 "cv_mean": 0.5298450000000001,
 "cv_std": 0.11586015050482196,
 "overshoot_mean": 2.1,
 "overshoot_std": 1.0908712114635715,
 "composite_mean": 1.8043935714285713,
 "composite_std": 0.8414118005909138,
 "n_eps": 20,
 "wall_s": 1053.7
}