{
 "exp": "H_hiro_fixed_fleet",
 "seed": 456,
 "ep": 49,
 "wait_mean": 7.5939,
 "wait_std": 5.405883590126595,
 "cv_mean": 0.51568,
 "cv_std": 0.10818467821276727,
 "overshoot_mean": 2.1,
 "overshoot_std": 1.1789826122551597,
 "composite_mean": 1.8450104761904764,
 "composite_std": 0.8253935054192002,
 "n_eps": 20,
 "wall_s": 1525.4
}