{
 "exp": "H_hiro_fixed_fleet",
 "seed": 456,
 "ep": 299,
 "wait_mean": 6.198,
 "wait_std": 1.9045276579771688,
 "cv_mean": 0.49711,
 "cv_std": 0.07328152495684025,
 "overshoot_mean": 1.9,
 "overshoot_std": 1.260952021291849,
 "composite_mean": 1.6428578021978022,
 "composite_std": 0.554777732884992,
 "n_eps": 20,
 "wall_s": 1036.9
}