{
 "exp": "H_hiro_fixed_fleet",
 "seed": 123,
 "ep": 249,
 "wait_mean": 6.913900000000001,
 "wait_std": 4.403667493124339,
 "cv_mean": 0.516525,
 "cv_std": 0.0750575837274289,
 "overshoot_mean": 1.8,
 "overshoot_std": 1.32664991614216,
 "composite_mean": 1.719577087912088,
 "composite_std": 0.8226379570444574,
 "n_eps": 20,
 "wall_s": 1512.8
}