{
 "exp": "H_hiro_fixed_fleet",
 "seed": 456,
 "ep": 249,
 "wait_mean": 7.4826,
 "wait_std": 5.089164375415673,
 "cv_mean": 0.5681700000000001,
 "cv_std": 0.09524608180917471,
 "overshoot_mean": 2.05,
 "overshoot_std": 1.116915395184434,
 "composite_mean": 1.8597587545787544,
 "composite_std": 0.8686074376752482,
 "n_eps": 20,
 "wall_s": 1139.0
}