{
 "exp": "H_hiro_fixed_fleet",
 "seed": 123,
 "ep": 299,
 "wait_mean": 8.118549999999997,
 "wait_std": 5.923189330715337,
 "cv_mean": 0.5061850000000001,
 "cv_std": 0.08670624126901132,
 "overshoot_mean": 1.9,
 "overshoot_std": 1.2206555615733703,
 "composite_mean": 1.83660684981685,
 "composite_std": 0.964855829088667,
 "n_eps": 20,
 "wall_s": 1577.1
}