{
 "exp": "H_hiro_fixed_fleet",
 "seed": 123,
 "ep": 49,
 "wait_mean": 4.82015,
 "wait_std": 0.9445405907106373,
 "cv_mean": 0.47856499999999985,
 "cv_std": 0.06267975171456888,
 "overshoot_mean": 1.55,
 "overshoot_std": 1.3955285736952865,
 "composite_mean": 1.4211889743589743,
 "composite_std": 0.49543418450845006,
 "n_eps": 20,
 "wall_s": 1178.3
}