{
 "exp": "H_hiro_fixed_fleet",
 "seed": 456,
 "ep": 199,
 "wait_mean": 8.55485,
 "wait_std": 7.995319545052594,
 "cv_mean": 0.53156,
 "cv_std": 0.06340723460300095,
 "overshoot_mean": 2.05,
 "overshoot_std": 1.243985530462473,
 "composite_mean": 1.9547876739926742,
 "composite_std": 1.086072249680941,
 "n_eps": 20,
 "wall_s": 1179.0
}