seed,scenario,control_intervention,ablated_intervention,control_total_return,ablated_total_return,total_return_delta,control_sharpe,ablated_sharpe,sharpe_delta,control_max_drawdown,ablated_max_drawdown,max_drawdown_reduction,control_turnover,ablated_turnover,turnover_delta,control_hf_overlay_task_effect,ablated_hf_overlay_task_effect,lower_hf_action_sensitivity,lower_hf_overlay_sensitivity,control_upper_decision_count,ablated_upper_decision_count,control_promotion_replan_count,ablated_promotion_replan_count,paired_exogenous_path_identity,variant_id,candidate_id,training_replicate_seed,optimizer_seed,evaluation_role,tuning_protocol_version,code_revision,source_manifest_sha256
68207,stationary_low_noise,none,zero_residual_frequency,-0.0001746036100300774,-0.00016417439166815928,-1.0429218361918124e-05,-275.90325251164387,-278.33038663225574,2.4271341206118677,0.0001746036100300774,0.00016417439166815928,-1.0429218361918124e-05,0.01847436843187563,0.017067760109065154,0.0014066083228104764,2.7831573047231817e-05,8.180309541899162e-06,0.0008146136563760188,0.0009450334545742105,4,4,0,0,True,freq_hrl_full_v4,freq_lr1e4_std05_exploratory,2026,4044,tuning_validation_mechanism_diagnostic,full_method_nested_hpo_v2,e71e450a28940aa51ea98625171e91a6efc840d2,79590490efcc7dd75975795a340d82b6b88a46f7b52eb4da8297cf0a4a910403
68209,stationary_low_noise,none,zero_residual_frequency,-0.00019538669769458838,-0.0001609177595364164,-3.446893815817198e-05,-333.28035292753697,-336.7490162299608,3.4686633024238063,0.00019538669769458838,0.0001609177595364164,-3.446893815817198e-05,0.0222751189308971,0.02111794485895304,0.0011571740719440587,5.607367178189566e-06,-1.3200893196559344e-05,0.0010674624336192867,0.0011422426171154461,4,4,0,0,True,freq_hrl_full_v4,freq_lr1e4_std05_exploratory,2026,4044,tuning_validation_mechanism_diagnostic,full_method_nested_hpo_v2,e71e450a28940aa51ea98625171e91a6efc840d2,79590490efcc7dd75975795a340d82b6b88a46f7b52eb4da8297cf0a4a910403
68213,stationary_low_noise,none,zero_residual_frequency,-0.00012983968243507338,-9.132762647667825e-05,-3.851205595839513e-05,-276.80476091267394,-205.6541935356634,-71.15056737701053,0.00012983968243507338,9.132762647667825e-05,-3.851205595839513e-05,0.028605217025272488,0.02646091374662319,0.0021443032786492983,1.7887301801591968e-05,-5.423018438202478e-06,0.0010681254105116345,0.001299313645409307,4,4,0,0,True,freq_hrl_full_v4,freq_lr1e4_std05_exploratory,2026,4044,tuning_validation_mechanism_diagnostic,full_method_nested_hpo_v2,e71e450a28940aa51ea98625171e91a6efc840d2,79590490efcc7dd75975795a340d82b6b88a46f7b52eb4da8297cf0a4a910403
68219,stationary_low_noise,none,zero_residual_frequency,-0.000124541561444369,-0.00010162956250303612,-2.291199894133289e-05,-345.2503128318962,-338.84715688028547,-6.403155951610756,0.000124541561444369,0.00010162956250303612,-2.291199894133289e-05,0.018800639361701933,0.017473031126984874,0.0013276082347170592,2.4719681366395012e-05,4.018979220565676e-06,0.0008182072640295246,0.0009382556417714719,4,4,0,0,True,freq_hrl_full_v4,freq_lr1e4_std05_exploratory,2026,4044,tuning_validation_mechanism_diagnostic,full_method_nested_hpo_v2,e71e450a28940aa51ea98625171e91a6efc840d2,79590490efcc7dd75975795a340d82b6b88a46f7b52eb4da8297cf0a4a910403
68227,stationary_low_noise,none,zero_residual_frequency,-0.00015579176861024724,-0.00014565581429992758,-1.0135954310319661e-05,-271.7603813674159,-281.09758525126443,9.337203883848531,0.00015579176861024724,0.00014565581429992758,-1.0135954310319661e-05,0.018464407913911515,0.017294771194872154,0.001169636719039361,2.9040736456555258e-05,3.4177363641246694e-06,0.0009020380653813239,0.0010427564152223566,4,4,0,0,True,freq_hrl_full_v4,freq_lr1e4_std05_exploratory,2026,4044,tuning_validation_mechanism_diagnostic,full_method_nested_hpo_v2,e71e450a28940aa51ea98625171e91a6efc840d2,79590490efcc7dd75975795a340d82b6b88a46f7b52eb4da8297cf0a4a910403
68207,stationary_low_noise,none,zero_residual_frequency,-0.00017547573551046636,-0.00017428281653453226,-1.1929189759340986e-06,-91.4996400450524,-90.27290851350467,-1.2267315315477276,0.0002598368622983571,0.00026046358410480863,6.267218064515134e-07,0.06282747471400207,0.06267928155371677,0.00014819316028530372,5.5551805712708287e-05,2.310016748926524e-05,0.0013286180399215179,0.0013560028994915126,4,4,0,0,True,freq_hrl_full_v4,freq_lr1e4_std05_exploratory,2039,4057,tuning_validation_mechanism_diagnostic,full_method_nested_hpo_v2,e71e450a28940aa51ea98625171e91a6efc840d2,79590490efcc7dd75975795a340d82b6b88a46f7b52eb4da8297cf0a4a910403
68209,stationary_low_noise,none,zero_residual_frequency,-0.00014254413463465898,-0.00014446424488923082,1.9201102545718385e-06,-92.95498375009517,-91.20814568313266,-1.7468380669625105,0.00016769592172261039,0.00017537238994025373,7.67646821764334e-06,0.05433164918711695,0.055000230969822345,-0.000668581782705395,4.873603082326564e-05,2.7572761409489264e-05,0.001824809845826773,0.002017842860813188,4,4,0,0,True,freq_hrl_full_v4,freq_lr1e4_std05_exploratory,2039,4057,tuning_validation_mechanism_diagnostic,full_method_nested_hpo_v2,e71e450a28940aa51ea98625171e91a6efc840d2,79590490efcc7dd75975795a340d82b6b88a46f7b52eb4da8297cf0a4a910403
68213,stationary_low_noise,none,zero_residual_frequency,-0.00013853876168012924,-0.00014000346190479185,1.4647002246626073e-06,-73.58880106218749,-72.00784284358957,-1.5809582185979139,0.00018330961386936462,0.00019167835746769502,8.368743598330397e-06,0.06678989366441906,0.06757385814289354,-0.0007839644784744804,3.7185920613201303e-05,1.6301707542488468e-05,0.001829184119540312,0.0017350773926106437,4,4,0,0,True,freq_hrl_full_v4,freq_lr1e4_std05_exploratory,2039,4057,tuning_validation_mechanism_diagnostic,full_method_nested_hpo_v2,e71e450a28940aa51ea98625171e91a6efc840d2,79590490efcc7dd75975795a340d82b6b88a46f7b52eb4da8297cf0a4a910403
68219,stationary_low_noise,none,zero_residual_frequency,-0.00020075593167567796,-0.00020148868691283184,7.327552371538815e-07,-112.22764909910889,-112.1558388435136,-0.07181025559528109,0.000228976474568654,0.00023054186515703012,1.5653905883761254e-06,0.06322121391417079,0.06302254512686079,0.00019866878731000792,3.0397018205034072e-05,1.0252146129468654e-05,0.0014076438006769523,0.0014096736820243274,4,4,0,0,True,freq_hrl_full_v4,freq_lr1e4_std05_exploratory,2039,4057,tuning_validation_mechanism_diagnostic,full_method_nested_hpo_v2,e71e450a28940aa51ea98625171e91a6efc840d2,79590490efcc7dd75975795a340d82b6b88a46f7b52eb4da8297cf0a4a910403
68227,stationary_low_noise,none,zero_residual_frequency,-0.00021343689037456315,-0.00021496949077171035,1.532600397147199e-06,-126.63129640914912,-125.91525539782637,-0.7160410113227442,0.0002236760241743907,0.00022715903387815484,3.4830097037641394e-06,0.06264260153920598,0.06267028471850118,-2.7683179295204252e-05,3.288094194848215e-05,1.708849836590253e-05,0.001239501913803704,0.0012362208595732226,4,4,0,0,True,freq_hrl_full_v4,freq_lr1e4_std05_exploratory,2039,4057,tuning_validation_mechanism_diagnostic,full_method_nested_hpo_v2,e71e450a28940aa51ea98625171e91a6efc840d2,79590490efcc7dd75975795a340d82b6b88a46f7b52eb4da8297cf0a4a910403
68207,stationary_low_noise,none,zero_residual_frequency,-0.00010502264444156584,-9.929656011775645e-05,-5.726084323809388e-06,-231.66275014952822,-217.02293787444236,-14.639812275085859,0.00010502264444156584,9.929656011775645e-05,-5.726084323809388e-06,0.013810136606894799,0.01400407086344658,-0.00019393425655178133,5.834976343658602e-05,3.0629536079171486e-05,0.0009406447101835308,0.0010708895183344997,4,4,0,0,True,freq_hrl_full_v4,freq_lr1e4_std05_exploratory,2053,4071,tuning_validation_mechanism_diagnostic,full_method_nested_hpo_v2,e71e450a28940aa51ea98625171e91a6efc840d2,79590490efcc7dd75975795a340d82b6b88a46f7b52eb4da8297cf0a4a910403
68209,stationary_low_noise,none,zero_residual_frequency,-0.00015711098768589338,-0.0001531546090782765,-3.956378607616884e-06,-343.0606553560231,-362.0654155969836,19.00476024096048,0.00015711098768589338,0.0001531546090782765,-3.956378607616884e-06,0.015361818594437849,0.014594973911786418,0.0007668446826514311,5.9712956500750824e-05,3.921997072179815e-05,0.0012490994787311945,0.001284264102565026,4,4,0,0,True,freq_hrl_full_v4,freq_lr1e4_std05_exploratory,2053,4071,tuning_validation_mechanism_diagnostic,full_method_nested_hpo_v2,e71e450a28940aa51ea98625171e91a6efc840d2,79590490efcc7dd75975795a340d82b6b88a46f7b52eb4da8297cf0a4a910403
68213,stationary_low_noise,none,zero_residual_frequency,-5.8385044338193914e-05,-4.984872314817146e-05,-8.536321190022456e-06,-83.50841110431111,-69.28196030454109,-14.22645079977002,5.8385044338193914e-05,4.984872314817146e-05,-8.536321190022456e-06,0.020241175852470417,0.02060789614986826,-0.0003667202973978434,3.5435079830706236e-05,1.0736524799630758e-05,0.0013433085204686299,0.0015217312974704733,4,4,0,0,True,freq_hrl_full_v4,freq_lr1e4_std05_exploratory,2053,4071,tuning_validation_mechanism_diagnostic,full_method_nested_hpo_v2,e71e450a28940aa51ea98625171e91a6efc840d2,79590490efcc7dd75975795a340d82b6b88a46f7b52eb4da8297cf0a4a910403
68219,stationary_low_noise,none,zero_residual_frequency,-5.3143043357017916e-05,-4.855240870982325e-05,-4.590634647194669e-06,-104.21769136750063,-94.69724068913588,-9.520450678364753,5.757512529724895e-05,5.289266034069762e-05,-4.6824649565513354e-06,0.013640599676591505,0.013520161649762769,0.0001204380268287359,5.14051253700694e-05,2.574454214703743e-05,0.0009220166322544779,0.0010551275643441234,4,4,0,0,True,freq_hrl_full_v4,freq_lr1e4_std05_exploratory,2053,4071,tuning_validation_mechanism_diagnostic,full_method_nested_hpo_v2,e71e450a28940aa51ea98625171e91a6efc840d2,79590490efcc7dd75975795a340d82b6b88a46f7b52eb4da8297cf0a4a910403
68227,stationary_low_noise,none,zero_residual_frequency,-7.116879165780521e-05,-6.457191063236056e-05,-6.596881025444645e-06,-135.36144210862912,-119.34870670129754,-16.012735407331576,7.305920084998974e-05,6.654645219894562e-05,-6.51274865104412e-06,0.013871035973741654,0.013902067489930111,-3.103151618845737e-05,5.4292740743643386e-05,2.1696943073770644e-05,0.0009645565397679294,0.00104680518266428,4,4,0,0,True,freq_hrl_full_v4,freq_lr1e4_std05_exploratory,2053,4071,tuning_validation_mechanism_diagnostic,full_method_nested_hpo_v2,e71e450a28940aa51ea98625171e91a6efc840d2,79590490efcc7dd75975795a340d82b6b88a46f7b52eb4da8297cf0a4a910403
68207,persistent_shift,none,zero_residual_frequency,-0.0013044103221434566,-0.0013013447811505152,-3.065540992941429e-06,-121.78971637992589,-121.89202359195087,0.10230721202498216,0.0013044103221434566,0.0013013447811505152,-3.065540992941429e-06,0.1898850425999116,0.19025238630511804,-0.000367343705206441,-0.00013146404534724378,-0.00015398768252238942,0.0020000322633172297,0.00194763554128359,4,4,0,0,True,freq_hrl_full_v4,freq_lr1e4_std05_exploratory,2026,2026,tuning_validation_mechanism_diagnostic,full_method_nested_hpo_v2,e71e450a28940aa51ea98625171e91a6efc840d2,79590490efcc7dd75975795a340d82b6b88a46f7b52eb4da8297cf0a4a910403
68209,persistent_shift,none,zero_residual_frequency,-0.00010357413558892414,-7.426261426712877e-05,-2.9311521321795375e-05,-15.410775156154166,-11.02701000274154,-4.383765153412627,0.0005051232359570834,0.0005007946398993823,-4.328596057701084e-06,0.21023044512192823,0.20910826978520083,0.001122175336727399,-3.6458147502946484e-05,-3.0396262401143737e-05,0.0032544591536861843,0.0025054775119416357,4,4,0,0,True,freq_hrl_full_v4,freq_lr1e4_std05_exploratory,2026,2026,tuning_validation_mechanism_diagnostic,full_method_nested_hpo_v2,e71e450a28940aa51ea98625171e91a6efc840d2,79590490efcc7dd75975795a340d82b6b88a46f7b52eb4da8297cf0a4a910403
68213,persistent_shift,none,zero_residual_frequency,-0.0005080884742195702,-0.0005213234513711251,1.3234977151554972e-05,-41.731360296353564,-42.67383976708572,0.9424794707321524,0.0005088610859739218,0.0005223259162301375,1.3464830256215699e-05,0.24015009214161498,0.2410603981602067,-0.0009103060185917111,-4.350368358893228e-05,-8.405771599058609e-05,0.0027206760875843534,0.002391285818925503,4,4,0,0,True,freq_hrl_full_v4,freq_lr1e4_std05_exploratory,2026,2026,tuning_validation_mechanism_diagnostic,full_method_nested_hpo_v2,e71e450a28940aa51ea98625171e91a6efc840d2,79590490efcc7dd75975795a340d82b6b88a46f7b52eb4da8297cf0a4a910403
68219,persistent_shift,none,zero_residual_frequency,-0.0010790716560309388,-0.001082892473774577,3.820817743638294e-06,-111.5112187678716,-111.77278147041096,0.261562702539365,0.0010790716560309388,0.001082892473774577,3.820817743638294e-06,0.22219522059891583,0.22201007109134172,0.0001851495075741172,-0.000133163312601767,-0.0001511802868378755,0.002791374462018818,0.0026491102800921197,4,4,0,0,True,freq_hrl_full_v4,freq_lr1e4_std05_exploratory,2026,2026,tuning_validation_mechanism_diagnostic,full_method_nested_hpo_v2,e71e450a28940aa51ea98625171e91a6efc840d2,79590490efcc7dd75975795a340d82b6b88a46f7b52eb4da8297cf0a4a910403
68227,persistent_shift,none,zero_residual_frequency,-7.374185613073792e-05,-4.1514960230526476e-05,-3.222689590021144e-05,-9.773673832014682,-5.495142411844666,-4.278531420170015,0.0002530958147983764,0.0002454816497695633,-7.614165028813069e-06,0.17999218109896784,0.17790023165238958,0.002091949446578256,-5.472518379676867e-05,-0.00011891945229362217,0.0028085124362405623,0.0028104943222489157,4,4,0,0,True,freq_hrl_full_v4,freq_lr1e4_std05_exploratory,2026,2026,tuning_validation_mechanism_diagnostic,full_method_nested_hpo_v2,e71e450a28940aa51ea98625171e91a6efc840d2,79590490efcc7dd75975795a340d82b6b88a46f7b52eb4da8297cf0a4a910403
68207,persistent_shift,none,zero_residual_frequency,-0.00033768039568549124,-0.0003508560212417411,1.3175625556249848e-05,-17.94135870893606,-18.664766340084164,0.7234076311481026,0.0012241951378036964,0.001219229322242943,-4.965815560753484e-06,0.26671613825303037,0.26488146260164247,0.001834675651387896,-7.422850214631657e-05,-8.631986763724211e-05,0.0023280902404722937,0.0023606056186609853,4,4,0,0,True,freq_hrl_full_v4,freq_lr1e4_std05_exploratory,2039,2039,tuning_validation_mechanism_diagnostic,full_method_nested_hpo_v2,e71e450a28940aa51ea98625171e91a6efc840d2,79590490efcc7dd75975795a340d82b6b88a46f7b52eb4da8297cf0a4a910403
68209,persistent_shift,none,zero_residual_frequency,-0.0004130909621602452,-0.00044585219408843635,3.276123192819114e-05,-31.466288185602323,-33.99631440306338,2.5300262174610566,0.00101782738659284,0.0010352576915659828,1.7430304973142796e-05,0.26469739343207066,0.26352902847523263,0.0011683649568380305,-7.561535299119227e-06,-6.672649889003208e-05,0.0030713006820102845,0.00338434187239424,4,4,0,0,True,freq_hrl_full_v4,freq_lr1e4_std05_exploratory,2039,2039,tuning_validation_mechanism_diagnostic,full_method_nested_hpo_v2,e71e450a28940aa51ea98625171e91a6efc840d2,79590490efcc7dd75975795a340d82b6b88a46f7b52eb4da8297cf0a4a910403
68213,persistent_shift,none,zero_residual_frequency,-5.7103711761929965e-05,-9.126893863831143e-05,3.416522687638146e-05,-3.2678369380046717,-5.298211130173225,2.0303741921685536,0.0010676164233004437,0.0010797266579658515,1.2110234665407837e-05,0.30297887765994214,0.3005271085312998,0.0024517691286423116,-3.809434460296634e-05,-8.040850569931473e-05,0.002690810150872696,0.002278017219860986,4,4,0,0,True,freq_hrl_full_v4,freq_lr1e4_std05_exploratory,2039,2039,tuning_validation_mechanism_diagnostic,full_method_nested_hpo_v2,e71e450a28940aa51ea98625171e91a6efc840d2,79590490efcc7dd75975795a340d82b6b88a46f7b52eb4da8297cf0a4a910403
68219,persistent_shift,none,zero_residual_frequency,-0.0005163454398023903,-0.0005452253209419222,2.8879881139531882e-05,-25.553081323924474,-27.016404904139193,1.4633235802147198,0.001549868754042727,0.0015728441501023926,2.2975396059665698e-05,0.282265109018931,0.2818337019504782,0.00043140706845279375,-4.466964778827097e-05,-9.113275014004135e-05,0.002847849750671432,0.002739966609321224,4,4,0,0,True,freq_hrl_full_v4,freq_lr1e4_std05_exploratory,2039,2039,tuning_validation_mechanism_diagnostic,full_method_nested_hpo_v2,e71e450a28940aa51ea98625171e91a6efc840d2,79590490efcc7dd75975795a340d82b6b88a46f7b52eb4da8297cf0a4a910403
68227,persistent_shift,none,zero_residual_frequency,-0.00042797517244141936,-0.0004515638676068079,2.358869516538853e-05,-31.185216293573422,-32.93744856338827,1.7522322698148507,0.0010217756300041625,0.0010355321112696103,1.3756481265447817e-05,0.24161663910094827,0.23846769796756306,0.003148941133385208,-3.7786523134814324e-05,-7.681321727983075e-05,0.003497542835773654,0.003386900251886497,4,4,0,0,True,freq_hrl_full_v4,freq_lr1e4_std05_exploratory,2039,2039,tuning_validation_mechanism_diagnostic,full_method_nested_hpo_v2,e71e450a28940aa51ea98625171e91a6efc840d2,79590490efcc7dd75975795a340d82b6b88a46f7b52eb4da8297cf0a4a910403
68207,persistent_shift,none,zero_residual_frequency,0.0034793153223067197,0.0033928187318090774,8.649659049764225e-05,191.21520114547883,189.40975319968186,1.8054479457969705,0.0002369324179104515,0.00023222949237799995,-4.702925532451552e-06,0.1754496016469499,0.17454492019277007,0.0009046814541798232,0.00017484172107953196,6.971464237550686e-05,0.00413710641385276,0.005056368852254107,4,4,0,0,True,freq_hrl_full_v4,freq_lr1e4_std05_exploratory,2053,2053,tuning_validation_mechanism_diagnostic,full_method_nested_hpo_v2,e71e450a28940aa51ea98625171e91a6efc840d2,79590490efcc7dd75975795a340d82b6b88a46f7b52eb4da8297cf0a4a910403
68209,persistent_shift,none,zero_residual_frequency,0.002730964323781837,0.002605176117840946,0.00012578820594089102,160.95446365257078,156.6716685610236,4.282795091547172,0.00032848298146381794,0.0003315072568930155,3.024275429197587e-06,0.18517102013719564,0.18679533463352518,-0.0016243144963295486,0.0003286143192609685,0.00014601051570987692,0.00586052575834199,0.007910658666838167,4,4,0,0,True,freq_hrl_full_v4,freq_lr1e4_std05_exploratory,2053,2053,tuning_validation_mechanism_diagnostic,full_method_nested_hpo_v2,e71e450a28940aa51ea98625171e91a6efc840d2,79590490efcc7dd75975795a340d82b6b88a46f7b52eb4da8297cf0a4a910403
68213,persistent_shift,none,zero_residual_frequency,0.004936333058399356,0.004817373544951931,0.00011895951344742528,210.9857795639699,209.9022653601255,1.083514203844402,0.00022801726105670106,0.00023673563321291446,8.718372156213405e-06,0.21392260701845583,0.21306717364769545,0.0008554333707603834,0.00015437805532275692,3.767550396902578e-05,0.006354092529484963,0.008311255857552168,4,4,0,0,True,freq_hrl_full_v4,freq_lr1e4_std05_exploratory,2053,2053,tuning_validation_mechanism_diagnostic,full_method_nested_hpo_v2,e71e450a28940aa51ea98625171e91a6efc840d2,79590490efcc7dd75975795a340d82b6b88a46f7b52eb4da8297cf0a4a910403
68219,persistent_shift,none,zero_residual_frequency,0.003678528882568921,0.0035788697376322176,9.965914493670347e-05,185.44168193699983,183.75986100834686,1.681820928652968,0.0004303842040953576,0.00043614434337335695,5.760139277999343e-06,0.19310924660179288,0.19615816482542722,-0.003048918223634345,0.00015944619584080803,1.9404727420800515e-05,0.004746882697832511,0.005653075269704763,4,4,0,0,True,freq_hrl_full_v4,freq_lr1e4_std05_exploratory,2053,2053,tuning_validation_mechanism_diagnostic,full_method_nested_hpo_v2,e71e450a28940aa51ea98625171e91a6efc840d2,79590490efcc7dd75975795a340d82b6b88a46f7b52eb4da8297cf0a4a910403
68227,persistent_shift,none,zero_residual_frequency,0.002536357609769224,0.002461870954615808,7.448665515341624e-05,169.50185609105318,168.4870332193207,1.0148228717324912,0.0002720873371646615,0.0002691588497913955,-2.928487373266009e-06,0.17828164926442905,0.17120850793181835,0.007073141332610694,0.0003157366543414951,8.783283187237107e-05,0.005432742345308522,0.0073271847397942715,4,4,0,0,True,freq_hrl_full_v4,freq_lr1e4_std05_exploratory,2053,2053,tuning_validation_mechanism_diagnostic,full_method_nested_hpo_v2,e71e450a28940aa51ea98625171e91a6efc840d2,79590490efcc7dd75975795a340d82b6b88a46f7b52eb4da8297cf0a4a910403
68207,ood_period,none,zero_residual_frequency,0.0024945452401106127,0.002511760791496176,-1.7215551385563188e-05,125.20034373195377,125.60388631953347,-0.4035425875797074,0.0003033184216167939,0.00030997605808036344,6.657636463569538e-06,0.19840169018092318,0.19798056346117332,0.0004211267197498647,8.263689414975768e-05,-8.710567588868012e-06,0.004474435079100658,0.00350711387881246,4,4,0,0,True,freq_hrl_full_v4,freq_lr1e4_std05_exploratory,2026,7071,tuning_validation_mechanism_diagnostic,full_method_nested_hpo_v2,e71e450a28940aa51ea98625171e91a6efc840d2,79590490efcc7dd75975795a340d82b6b88a46f7b52eb4da8297cf0a4a910403
68209,ood_period,none,zero_residual_frequency,0.0012566278984549317,0.0013344632548861757,-7.783535643124395e-05,90.50627499482128,92.4014730069368,-1.8951980121155145,0.00027802236051266416,0.0003021483874530162,2.412602694035204e-05,0.1746555808199431,0.17759885296822042,-0.0029432721482773316,0.00012833354616677961,-7.49427515162759e-06,0.007940510310395945,0.004386931588992917,4,4,0,0,True,freq_hrl_full_v4,freq_lr1e4_std05_exploratory,2026,7071,tuning_validation_mechanism_diagnostic,full_method_nested_hpo_v2,e71e450a28940aa51ea98625171e91a6efc840d2,79590490efcc7dd75975795a340d82b6b88a46f7b52eb4da8297cf0a4a910403
68213,ood_period,none,zero_residual_frequency,0.0017011512515179295,0.0017873787159776722,-8.622746445974272e-05,109.19070911287702,111.88088139280859,-2.6901722799315735,0.00017504113801058985,0.0001677448182361152,-7.296319774474647e-06,0.20592098292148522,0.20644762093768088,-0.0005266380161956519,0.0002126906962148371,-4.205395158252948e-06,0.007073444946076455,0.005478730458182527,4,4,0,0,True,freq_hrl_full_v4,freq_lr1e4_std05_exploratory,2026,7071,tuning_validation_mechanism_diagnostic,full_method_nested_hpo_v2,e71e450a28940aa51ea98625171e91a6efc840d2,79590490efcc7dd75975795a340d82b6b88a46f7b52eb4da8297cf0a4a910403
68219,ood_period,none,zero_residual_frequency,0.0007272717068149692,0.0008027249798288061,-7.545327301383686e-05,56.63220681006077,60.59479819162162,-3.9625913815608484,0.0002567180984084372,0.00026286067004288594,6.142571634448757e-06,0.16745317328478604,0.16861616861756812,-0.0011629953327820797,7.316879439367061e-05,-8.77759295426022e-06,0.005641741265096951,0.0029445243917103248,4,4,0,0,True,freq_hrl_full_v4,freq_lr1e4_std05_exploratory,2026,7071,tuning_validation_mechanism_diagnostic,full_method_nested_hpo_v2,e71e450a28940aa51ea98625171e91a6efc840d2,79590490efcc7dd75975795a340d82b6b88a46f7b52eb4da8297cf0a4a910403
68227,ood_period,none,zero_residual_frequency,0.0010762238441468508,0.0011447013708947296,-6.847752674787877e-05,80.82764729170295,84.00147704127062,-3.1738297495676733,0.0002794255458233863,0.0002817340844436522,2.308538620265921e-06,0.19310877128225534,0.19406084803789497,-0.0009520767556396303,7.667473905332343e-05,-1.1246603073907316e-05,0.006274146518929532,0.003461777693115032,4,4,0,0,True,freq_hrl_full_v4,freq_lr1e4_std05_exploratory,2026,7071,tuning_validation_mechanism_diagnostic,full_method_nested_hpo_v2,e71e450a28940aa51ea98625171e91a6efc840d2,79590490efcc7dd75975795a340d82b6b88a46f7b52eb4da8297cf0a4a910403
68207,ood_period,none,zero_residual_frequency,0.004808157642933741,0.004845189199032429,-3.70315560986878e-05,174.97443137327082,175.829064456533,-0.854633083262172,0.00026752327591328395,0.0002642385921910462,-3.28468372223778e-06,0.21400059314683378,0.21425756760588524,-0.00025697445905145666,0.00014301570896503896,4.9070576031971196e-05,0.0034158915985042565,0.0035263789782119504,4,4,0,0,True,freq_hrl_full_v4,freq_lr1e4_std05_exploratory,2039,7084,tuning_validation_mechanism_diagnostic,full_method_nested_hpo_v2,e71e450a28940aa51ea98625171e91a6efc840d2,79590490efcc7dd75975795a340d82b6b88a46f7b52eb4da8297cf0a4a910403
68209,ood_period,none,zero_residual_frequency,0.002743411891382941,0.002804321953057576,-6.0910061674634974e-05,128.67433125768545,130.63746412889682,-1.9631328712113714,0.00033511350277815044,0.00032639341719442605,-8.72008558372439e-06,0.19580464742222067,0.19562690479180517,0.0001777426304155061,0.00019805784551268994,3.692126375434725e-05,0.0055355454086869335,0.005265457240036792,4,4,0,0,True,freq_hrl_full_v4,freq_lr1e4_std05_exploratory,2039,7084,tuning_validation_mechanism_diagnostic,full_method_nested_hpo_v2,e71e450a28940aa51ea98625171e91a6efc840d2,79590490efcc7dd75975795a340d82b6b88a46f7b52eb4da8297cf0a4a910403
68213,ood_period,none,zero_residual_frequency,0.005245048421414378,0.005273531963260414,-2.8483541846036076e-05,158.95060134600914,159.7089230772085,-0.7583217311993735,0.0003047470331813962,0.00030675599229523787,2.0089591138416907e-06,0.26786903122569083,0.26793467733628773,-6.564611059689529e-05,3.874279642394152e-05,-1.983991481551652e-05,0.004009199117354001,0.004037841970663673,4,4,0,0,True,freq_hrl_full_v4,freq_lr1e4_std05_exploratory,2039,7084,tuning_validation_mechanism_diagnostic,full_method_nested_hpo_v2,e71e450a28940aa51ea98625171e91a6efc840d2,79590490efcc7dd75975795a340d82b6b88a46f7b52eb4da8297cf0a4a910403
68219,ood_period,none,zero_residual_frequency,0.0029523261898021236,0.0029746463818136615,-2.2320192011537898e-05,135.15350125075742,136.189330346747,-1.035829095989584,0.00037801767629941363,0.0003655364531184313,-1.2481223180982326e-05,0.1991241219931903,0.19769834507794937,0.0014257769152409283,0.00010312120651340126,1.3327046363856113e-05,0.003166088671039486,0.00324043061975519,4,4,0,0,True,freq_hrl_full_v4,freq_lr1e4_std05_exploratory,2039,7084,tuning_validation_mechanism_diagnostic,full_method_nested_hpo_v2,e71e450a28940aa51ea98625171e91a6efc840d2,79590490efcc7dd75975795a340d82b6b88a46f7b52eb4da8297cf0a4a910403
68227,ood_period,none,zero_residual_frequency,0.0033608017311232974,0.003412430211333417,-5.1628480210119676e-05,141.85350075890196,143.3635674856987,-1.5100667267967367,0.0003292292320417056,0.00031722741599760074,-1.2001816044104885e-05,0.21628968759293196,0.21618700837150998,0.00010267922142198627,8.413319131367816e-05,1.9098633550588072e-07,0.0036271941315741667,0.003637386875440522,4,4,0,0,True,freq_hrl_full_v4,freq_lr1e4_std05_exploratory,2039,7084,tuning_validation_mechanism_diagnostic,full_method_nested_hpo_v2,e71e450a28940aa51ea98625171e91a6efc840d2,79590490efcc7dd75975795a340d82b6b88a46f7b52eb4da8297cf0a4a910403
68207,ood_period,none,zero_residual_frequency,-1.1183338390008402e-05,-4.37859033619592e-06,-6.804748053812482e-06,-4.888701859664229,-2.000521106857241,-2.888180752806988,0.00012482545567882308,0.00012137532778844218,-3.450127890380905e-06,0.030388633008506194,0.028890140733240206,0.0014984922752659877,-1.0831788686487092e-05,-1.1093071325740699e-05,0.0018039600396497868,0.002227325715188676,4,4,0,0,True,freq_hrl_full_v4,freq_lr1e4_std05_exploratory,2053,7098,tuning_validation_mechanism_diagnostic,full_method_nested_hpo_v2,e71e450a28940aa51ea98625171e91a6efc840d2,79590490efcc7dd75975795a340d82b6b88a46f7b52eb4da8297cf0a4a910403
68209,ood_period,none,zero_residual_frequency,-0.00019433469151941551,-0.0002026786006704695,8.343909151053985e-06,-56.41585221094974,-64.19352192359477,7.777669712645036,0.00019433469151941551,0.0002026786006704695,8.343909151053985e-06,0.03709848050762239,0.034834978299984255,0.0022635022076381364,-3.306456648894963e-05,-1.9036140214904905e-05,0.0027510551221534268,0.002904647816400383,4,4,0,0,True,freq_hrl_full_v4,freq_lr1e4_std05_exploratory,2053,7098,tuning_validation_mechanism_diagnostic,full_method_nested_hpo_v2,e71e450a28940aa51ea98625171e91a6efc840d2,79590490efcc7dd75975795a340d82b6b88a46f7b52eb4da8297cf0a4a910403
68213,ood_period,none,zero_residual_frequency,9.697105958439423e-06,3.1135749090305254e-05,-2.143864313186583e-05,2.734120057530897,8.895675389893432,-6.161555332362536,0.00019605421869617334,0.0001917149498135151,-4.3392688826582315e-06,0.04354282994829135,0.04255675348486912,0.0009860764634222335,1.9336527320905033e-05,-1.4473722075397425e-05,0.00285503137780678,0.0036731018701478507,4,4,0,0,True,freq_hrl_full_v4,freq_lr1e4_std05_exploratory,2053,7098,tuning_validation_mechanism_diagnostic,full_method_nested_hpo_v2,e71e450a28940aa51ea98625171e91a6efc840d2,79590490efcc7dd75975795a340d82b6b88a46f7b52eb4da8297cf0a4a910403
68219,ood_period,none,zero_residual_frequency,-4.320702601812165e-05,-2.6912198529793763e-05,-1.629482748832789e-05,-16.255280658195733,-11.827292978610602,-4.427987679585131,8.715803064074379e-05,7.509350009038407e-05,-1.206453055035972e-05,0.03314262458549275,0.029007390281794665,0.004135234303698082,-3.685176820489896e-05,-1.6017893584845125e-05,0.0017067249906530277,0.001967063673616091,4,4,0,0,True,freq_hrl_full_v4,freq_lr1e4_std05_exploratory,2053,7098,tuning_validation_mechanism_diagnostic,full_method_nested_hpo_v2,e71e450a28940aa51ea98625171e91a6efc840d2,79590490efcc7dd75975795a340d82b6b88a46f7b52eb4da8297cf0a4a910403
68227,ood_period,none,zero_residual_frequency,-1.6485780337416323e-05,-8.16407616521797e-06,-8.321704172198352e-06,-6.901041086570652,-3.8345300329920584,-3.0665110535785938,8.956714489183337e-05,7.533965850992086e-05,-1.4227486381912513e-05,0.03238155324840411,0.02867717434130295,0.0037043789071011593,-7.070045318235546e-06,-1.4442444848966887e-05,0.002026716900685541,0.0024842829686917865,4,4,0,0,True,freq_hrl_full_v4,freq_lr1e4_std05_exploratory,2053,7098,tuning_validation_mechanism_diagnostic,full_method_nested_hpo_v2,e71e450a28940aa51ea98625171e91a6efc840d2,79590490efcc7dd75975795a340d82b6b88a46f7b52eb4da8297cf0a4a910403
68207,stationary_low_noise,none,zero_residual_frequency,-0.00016427368046911806,-0.0001585469720002397,-5.72670846887835e-06,-269.90864487693875,-277.33957673836426,7.430931861425506,0.00016427368046911806,0.0001585469720002397,-5.72670846887835e-06,0.017563720604418978,0.016618132850177332,0.000945587754241646,1.4351133088347884e-05,4.082540630891817e-06,0.000814609992235344,0.0009450331126900994,4,4,0,0,True,freq_hrl_full_v4,freq_lr1e4_std10_balanced,2026,4044,tuning_validation_mechanism_diagnostic,full_method_nested_hpo_v2,e71e450a28940aa51ea98625171e91a6efc840d2,79590490efcc7dd75975795a340d82b6b88a46f7b52eb4da8297cf0a4a910403
68209,stationary_low_noise,none,zero_residual_frequency,-0.00018130471746136134,-0.00015610693578804735,-2.519778167331399e-05,-338.7701375566866,-337.01774928657727,-1.7523882701093498,0.00018130471746136134,0.00015610693578804735,-2.519778167331399e-05,0.02173106337364391,0.020896761531666756,0.0008343018419771538,-6.144755186181976e-06,-1.1092085678427823e-05,0.001067452374520725,0.0011422560951624898,4,4,0,0,True,freq_hrl_full_v4,freq_lr1e4_std10_balanced,2026,4044,tuning_validation_mechanism_diagnostic,full_method_nested_hpo_v2,e71e450a28940aa51ea98625171e91a6efc840d2,79590490efcc7dd75975795a340d82b6b88a46f7b52eb4da8297cf0a4a910403
68213,stationary_low_noise,none,zero_residual_frequency,-0.00011871006103569837,-8.564751382378333e-05,-3.306254721191504e-05,-257.5629385610164,-194.40421648440778,-63.1587220766086,0.00011871006103569837,8.564751382378333e-05,-3.306254721191504e-05,0.028021618171920434,0.026190846839427302,0.0018307713324931321,2.7775028887905625e-06,-4.953840547548783e-06,0.0010681227446613976,0.0012993222913286848,4,4,0,0,True,freq_hrl_full_v4,freq_lr1e4_std10_balanced,2026,4044,tuning_validation_mechanism_diagnostic,full_method_nested_hpo_v2,e71e450a28940aa51ea98625171e91a6efc840d2,79590490efcc7dd75975795a340d82b6b88a46f7b52eb4da8297cf0a4a910403
68219,stationary_low_noise,none,zero_residual_frequency,-0.00011447821886967358,-9.454780156459286e-05,-1.9930417305080717e-05,-344.1470235093457,-331.69861241430453,-12.448411095041138,0.00011447821886967358,9.454780156459286e-05,-1.9930417305080717e-05,0.01823963476015463,0.01705466795074642,0.0011849668094082097,1.0792499853800684e-05,2.5802677432951804e-07,0.0008182084964984267,0.0009382623736643029,4,4,0,0,True,freq_hrl_full_v4,freq_lr1e4_std10_balanced,2026,4044,tuning_validation_mechanism_diagnostic,full_method_nested_hpo_v2,e71e450a28940aa51ea98625171e91a6efc840d2,79590490efcc7dd75975795a340d82b6b88a46f7b52eb4da8297cf0a4a910403
68227,stationary_low_noise,none,zero_residual_frequency,-0.00014681859101772776,-0.00013777897831324104,-9.039612704486721e-06,-268.3421218656228,-280.61357546555365,12.271453599930851,0.00014681859101772776,0.00013777897831324104,-9.039612704486721e-06,0.0178391031189732,0.016851589112704467,0.000987514006268734,1.1371346786253783e-05,-1.071969243119815e-06,0.0009020376062001864,0.0010427603244529057,4,4,0,0,True,freq_hrl_full_v4,freq_lr1e4_std10_balanced,2026,4044,tuning_validation_mechanism_diagnostic,full_method_nested_hpo_v2,e71e450a28940aa51ea98625171e91a6efc840d2,79590490efcc7dd75975795a340d82b6b88a46f7b52eb4da8297cf0a4a910403
68207,stationary_low_noise,none,zero_residual_frequency,-8.640147354610495e-05,-8.11988225767335e-05,-5.202650969371447e-06,-138.01111770347273,-131.09771442937404,-6.913403274098698,8.640147354610495e-05,8.11988225767335e-05,-5.202650969371447e-06,0.018096454655176328,0.01808077930584584,1.5675349330487864e-05,3.294209446522861e-05,1.7582911140564407e-05,0.0009265821090088543,0.0011951785201189421,4,4,0,0,True,freq_hrl_full_v4,freq_lr1e4_std10_balanced,2039,4057,tuning_validation_mechanism_diagnostic,full_method_nested_hpo_v2,e71e450a28940aa51ea98625171e91a6efc840d2,79590490efcc7dd75975795a340d82b6b88a46f7b52eb4da8297cf0a4a910403
68209,stationary_low_noise,none,zero_residual_frequency,-4.5609994060336057e-05,-5.715286075691495e-05,1.154286669657889e-05,-94.54239666414553,-114.10324600349966,19.560849339354135,4.5609994060336057e-05,5.715286075691495e-05,1.154286669657889e-05,0.019228174660900963,0.017899170166558655,0.0013290044943423084,4.990691005624689e-05,2.9603779259115116e-05,0.0011388755017365938,0.0017548456462362892,4,4,0,0,True,freq_hrl_full_v4,freq_lr1e4_std10_balanced,2039,4057,tuning_validation_mechanism_diagnostic,full_method_nested_hpo_v2,e71e450a28940aa51ea98625171e91a6efc840d2,79590490efcc7dd75975795a340d82b6b88a46f7b52eb4da8297cf0a4a910403
68213,stationary_low_noise,none,zero_residual_frequency,-0.00015100260258260612,-0.00015163048247912592,6.278798965198007e-07,-217.97598948729163,-219.07264134446962,1.0966518571779886,0.00015100260258260612,0.00015163048247912592,6.278798965198007e-07,0.0292128843462916,0.029301018035600444,-8.81336893088433e-05,4.609342943159122e-05,2.690150416175626e-05,0.001018069945121801,0.0014199096501026057,4,4,0,0,True,freq_hrl_full_v4,freq_lr1e4_std10_balanced,2039,4057,tuning_validation_mechanism_diagnostic,full_method_nested_hpo_v2,e71e450a28940aa51ea98625171e91a6efc840d2,79590490efcc7dd75975795a340d82b6b88a46f7b52eb4da8297cf0a4a910403
68219,stationary_low_noise,none,zero_residual_frequency,-7.400983136829353e-05,-7.767077707432346e-05,3.6609457060299277e-06,-126.65886053838292,-131.32672689372615,4.667866355343222,7.400983136829353e-05,7.767077707432346e-05,3.6609457060299277e-06,0.021778875095132558,0.02159039162418722,0.000188483470945338,3.448075115376952e-05,1.7181583707837467e-05,0.0008118138128149137,0.001204774230652422,4,4,0,0,True,freq_hrl_full_v4,freq_lr1e4_std10_balanced,2039,4057,tuning_validation_mechanism_diagnostic,full_method_nested_hpo_v2,e71e450a28940aa51ea98625171e91a6efc840d2,79590490efcc7dd75975795a340d82b6b88a46f7b52eb4da8297cf0a4a910403
68227,stationary_low_noise,none,zero_residual_frequency,-7.67660517422275e-05,-8.04351822704108e-05,3.6691305281832953e-06,-128.49680919594542,-134.42333838564804,5.92652918970262,7.735597862290611e-05,8.08075288102339e-05,3.45155018732779e-06,0.01902502568975719,0.018718575655916295,0.00030645003384089514,4.3468387961942125e-05,2.284501480950711e-05,0.0008059191627814421,0.0011119578862450097,4,4,0,0,True,freq_hrl_full_v4,freq_lr1e4_std10_balanced,2039,4057,tuning_validation_mechanism_diagnostic,full_method_nested_hpo_v2,e71e450a28940aa51ea98625171e91a6efc840d2,79590490efcc7dd75975795a340d82b6b88a46f7b52eb4da8297cf0a4a910403
68207,stationary_low_noise,none,zero_residual_frequency,6.560348951500927e-05,7.99613889763684e-05,-1.4357899461359125e-05,14.028042491918278,17.122138100569426,-3.0940956086511484,0.0001524118949413067,0.00014962552688846387,-2.7863680528428247e-06,0.14090867275550467,0.14000631775888703,0.0009023549966176436,7.056919426479659e-05,4.0399429355974816e-05,0.0016608102293200016,0.002102179735569128,4,4,0,0,True,freq_hrl_full_v4,freq_lr1e4_std10_balanced,2053,4071,tuning_validation_mechanism_diagnostic,full_method_nested_hpo_v2,e71e450a28940aa51ea98625171e91a6efc840d2,79590490efcc7dd75975795a340d82b6b88a46f7b52eb4da8297cf0a4a910403
68209,stationary_low_noise,none,zero_residual_frequency,-2.083071124214797e-05,4.3026720497607585e-07,-2.1260978447124046e-05,-4.681693770385637,0.09726583208316673,-4.778959602468804,0.00016155613044044337,0.00015790654271896631,-3.6495877214770545e-06,0.1322111464370226,0.13263702566965613,-0.00042587923263354144,0.0001275054682228178,5.0139198630325054e-05,0.0024944734698793677,0.00346155490579905,4,4,0,0,True,freq_hrl_full_v4,freq_lr1e4_std10_balanced,2053,4071,tuning_validation_mechanism_diagnostic,full_method_nested_hpo_v2,e71e450a28940aa51ea98625171e91a6efc840d2,79590490efcc7dd75975795a340d82b6b88a46f7b52eb4da8297cf0a4a910403
68213,stationary_low_noise,none,zero_residual_frequency,0.0006170859869689682,0.0006383225887365285,-2.123660176756026e-05,107.1286664698847,110.70681202120915,-3.5781455513244396,9.72083688640657e-05,9.722669451395216e-05,1.832564988646368e-08,0.16659800584314438,0.16450610164501125,0.0020919041981331266,9.15555039570777e-05,4.7769598291604664e-05,0.002333749681343357,0.003336414659942319,4,4,0,0,True,freq_hrl_full_v4,freq_lr1e4_std10_balanced,2053,4071,tuning_validation_mechanism_diagnostic,full_method_nested_hpo_v2,e71e450a28940aa51ea98625171e91a6efc840d2,79590490efcc7dd75975795a340d82b6b88a46f7b52eb4da8297cf0a4a910403
68219,stationary_low_noise,none,zero_residual_frequency,0.0003438500475361206,0.0003532614066983353,-9.411359162214694e-06,69.04579059451834,70.7438612521173,-1.6980706575989615,9.779580419333467e-05,9.843471051762531e-05,6.389063242906445e-07,0.14342372061024355,0.1433739931211911,4.97274890524646e-05,0.00010126580032617954,4.782029471438168e-05,0.0018450628615735497,0.0025208135876811063,4,4,0,0,True,freq_hrl_full_v4,freq_lr1e4_std10_balanced,2053,4071,tuning_validation_mechanism_diagnostic,full_method_nested_hpo_v2,e71e450a28940aa51ea98625171e91a6efc840d2,79590490efcc7dd75975795a340d82b6b88a46f7b52eb4da8297cf0a4a910403
68227,stationary_low_noise,none,zero_residual_frequency,0.0002485293145222389,0.0002638226755580231,-1.529336103578416e-05,49.71015230614062,52.39685379394968,-2.68670148780906,0.00011076251823249894,0.0001132563369243833,2.493818691884364e-06,0.1437559226146688,0.14379918591138352,-4.326329671472395e-05,0.00010264525954530919,4.156750585898372e-05,0.0020473712400214733,0.002717493728859052,4,4,0,0,True,freq_hrl_full_v4,freq_lr1e4_std10_balanced,2053,4071,tuning_validation_mechanism_diagnostic,full_method_nested_hpo_v2,e71e450a28940aa51ea98625171e91a6efc840d2,79590490efcc7dd75975795a340d82b6b88a46f7b52eb4da8297cf0a4a910403
68207,persistent_shift,none,zero_residual_frequency,0.004748274505866901,0.00475294806259563,-4.673556728729267e-06,178.35617169427925,178.2424298969179,0.11374179736134238,0.0004313924307801642,0.0004353778692969268,3.985438516762585e-06,0.21899302705622226,0.21863066049971785,0.00036236655650440097,0.00010137432709636358,6.730752170306467e-05,0.0035149546561620408,0.0021929361378877524,4,4,0,0,True,freq_hrl_full_v4,freq_lr1e4_std10_balanced,2026,2026,tuning_validation_mechanism_diagnostic,full_method_nested_hpo_v2,e71e450a28940aa51ea98625171e91a6efc840d2,79590490efcc7dd75975795a340d82b6b88a46f7b52eb4da8297cf0a4a910403
68209,persistent_shift,none,zero_residual_frequency,0.0049766066119212304,0.00497786409479728,-1.2574828760492096e-06,172.36191877952615,172.30956717752292,0.052351602003227526,0.0005385113623533888,0.0005403825181963251,1.8711558429362896e-06,0.24816762988913454,0.24841993429974646,-0.00025230441061191433,0.00011261688937616249,7.987706647079462e-05,0.004887786197974088,0.002474049068243605,4,4,0,0,True,freq_hrl_full_v4,freq_lr1e4_std10_balanced,2026,2026,tuning_validation_mechanism_diagnostic,full_method_nested_hpo_v2,e71e450a28940aa51ea98625171e91a6efc840d2,79590490efcc7dd75975795a340d82b6b88a46f7b52eb4da8297cf0a4a910403
68213,persistent_shift,none,zero_residual_frequency,0.006559916443813041,0.006570225834916288,-1.0309391103247023e-05,183.6874234087147,183.45680631737727,0.2306170913374217,0.00035592887596591627,0.00036462206049603374,8.69318453011747e-06,0.2622649425187964,0.2617905884589824,0.00047435405981399725,0.00012133293793808238,8.439017977333719e-05,0.004799447716828178,0.0029724524634528082,4,4,0,0,True,freq_hrl_full_v4,freq_lr1e4_std10_balanced,2026,2026,tuning_validation_mechanism_diagnostic,full_method_nested_hpo_v2,e71e450a28940aa51ea98625171e91a6efc840d2,79590490efcc7dd75975795a340d82b6b88a46f7b52eb4da8297cf0a4a910403
68219,persistent_shift,none,zero_residual_frequency,0.004087060052153868,0.004085035715704288,2.0243364495797778e-06,152.4166555137096,152.128391766115,0.2882637475946126,0.0007356936748361687,0.0007394054988210108,3.7118239848421553e-06,0.23217568419480827,0.23239577153573426,-0.00022008734092598958,8.833362377036976e-05,6.807125212577621e-05,0.004289848538408276,0.0026549045269752647,4,4,0,0,True,freq_hrl_full_v4,freq_lr1e4_std10_balanced,2026,2026,tuning_validation_mechanism_diagnostic,full_method_nested_hpo_v2,e71e450a28940aa51ea98625171e91a6efc840d2,79590490efcc7dd75975795a340d82b6b88a46f7b52eb4da8297cf0a4a910403
68227,persistent_shift,none,zero_residual_frequency,0.004048481360563461,0.004094208369098684,-4.572700853522349e-05,163.88867409069778,163.80145910248802,0.08721498820975171,0.0005294780482894001,0.0005368016328924918,7.323584603091682e-06,0.2168653644854521,0.21812635378761677,-0.0012609893021646723,0.00010267672867980126,7.639257353422959e-05,0.0050976721534324405,0.0030838378102796718,4,4,0,0,True,freq_hrl_full_v4,freq_lr1e4_std10_balanced,2026,2026,tuning_validation_mechanism_diagnostic,full_method_nested_hpo_v2,e71e450a28940aa51ea98625171e91a6efc840d2,79590490efcc7dd75975795a340d82b6b88a46f7b52eb4da8297cf0a4a910403
68207,persistent_shift,none,zero_residual_frequency,0.004190490575461503,0.004200782470815456,-1.0291895353953251e-05,160.09416717130648,159.5081194444085,0.5860477268979878,0.0005627740924667446,0.0005791461127254705,1.637202025872586e-05,0.22759757092886768,0.2272362343600286,0.00036133656883907683,0.00026924962982741136,0.00013692698007296327,0.005303819197140708,0.006092837467662724,4,4,0,0,True,freq_hrl_full_v4,freq_lr1e4_std10_balanced,2039,2039,tuning_validation_mechanism_diagnostic,full_method_nested_hpo_v2,e71e450a28940aa51ea98625171e91a6efc840d2,79590490efcc7dd75975795a340d82b6b88a46f7b52eb4da8297cf0a4a910403
68209,persistent_shift,none,zero_residual_frequency,0.0042372165407129625,0.00425823556272098,-2.101902200801753e-05,166.69290069839832,166.10824345508857,0.5846572433097492,0.0005485479297533402,0.000563575906482261,1.5027976728920756e-05,0.25346531834856706,0.25495146959830667,-0.001486151249739609,0.00019416631985121264,6.302202681327576e-05,0.006860098757412439,0.009060568391012365,4,4,0,0,True,freq_hrl_full_v4,freq_lr1e4_std10_balanced,2039,2039,tuning_validation_mechanism_diagnostic,full_method_nested_hpo_v2,e71e450a28940aa51ea98625171e91a6efc840d2,79590490efcc7dd75975795a340d82b6b88a46f7b52eb4da8297cf0a4a910403
68213,persistent_shift,none,zero_residual_frequency,0.0048197801340792434,0.004826298392238471,-6.5182581592271305e-06,156.53550942075833,155.5287466782368,1.0067627425215164,0.0005180576791384839,0.000548148355455913,3.009067631742912e-05,0.2810043491954498,0.2809916971430157,1.2652052434114491e-05,0.00029778323969656493,9.573299759991816e-05,0.008268131091901726,0.010503097402983661,4,4,0,0,True,freq_hrl_full_v4,freq_lr1e4_std10_balanced,2039,2039,tuning_validation_mechanism_diagnostic,full_method_nested_hpo_v2,e71e450a28940aa51ea98625171e91a6efc840d2,79590490efcc7dd75975795a340d82b6b88a46f7b52eb4da8297cf0a4a910403
68219,persistent_shift,none,zero_residual_frequency,0.003336818868215241,0.003342116103095094,-5.297234879853008e-06,126.2507508854593,125.78657024414076,0.464180641318535,0.0009742385262571096,0.0009850745831789798,1.0836056921870174e-05,0.24584699690337725,0.2458921427442452,-4.5145840867955034e-05,0.00025893662472562684,0.00013612343629138923,0.005488934154325558,0.006247577818228617,4,4,0,0,True,freq_hrl_full_v4,freq_lr1e4_std10_balanced,2039,2039,tuning_validation_mechanism_diagnostic,full_method_nested_hpo_v2,e71e450a28940aa51ea98625171e91a6efc840d2,79590490efcc7dd75975795a340d82b6b88a46f7b52eb4da8297cf0a4a910403
68227,persistent_shift,none,zero_residual_frequency,0.003686237515401647,0.00367728838610204,8.949129299606895e-06,155.74758724123214,155.18712223061283,0.5604650106193105,0.0005860210742644201,0.0005906465162832664,4.625442018846293e-06,0.21717070319834889,0.217091432899925,7.927029842388911e-05,0.000250090778122216,0.0001217987563725497,0.005559935043311271,0.00638411327353323,4,4,0,0,True,freq_hrl_full_v4,freq_lr1e4_std10_balanced,2039,2039,tuning_validation_mechanism_diagnostic,full_method_nested_hpo_v2,e71e450a28940aa51ea98625171e91a6efc840d2,79590490efcc7dd75975795a340d82b6b88a46f7b52eb4da8297cf0a4a910403
68207,persistent_shift,none,zero_residual_frequency,0.0013894384263135606,0.0013837960111806602,5.642415132900425e-06,85.88629016666943,85.96912627160101,-0.08283610493158733,0.0006417547655238609,0.0006355652693519342,-6.189496171926656e-06,0.17836833621834586,0.1764080760089289,0.0019602602094169475,-2.3353878194732048e-05,1.4117152244579206e-05,0.0039064157374721405,0.004158496177539443,4,4,0,0,True,freq_hrl_full_v4,freq_lr1e4_std10_balanced,2053,2053,tuning_validation_mechanism_diagnostic,full_method_nested_hpo_v2,e71e450a28940aa51ea98625171e91a6efc840d2,79590490efcc7dd75975795a340d82b6b88a46f7b52eb4da8297cf0a4a910403
68209,persistent_shift,none,zero_residual_frequency,0.0021901355521412036,0.00221114382169052,-2.100826954931634e-05,142.39678303304933,146.60910657329666,-4.212323540247326,0.0004120360435845294,0.0003873280513483346,-2.4707992236194798e-05,0.17540080719596773,0.17046347660115904,0.004937330594808692,-0.00010597759959763538,-1.1560739718382348e-06,0.005999806211861545,0.006805929302693888,4,4,0,0,True,freq_hrl_full_v4,freq_lr1e4_std10_balanced,2053,2053,tuning_validation_mechanism_diagnostic,full_method_nested_hpo_v2,e71e450a28940aa51ea98625171e91a6efc840d2,79590490efcc7dd75975795a340d82b6b88a46f7b52eb4da8297cf0a4a910403
68213,persistent_shift,none,zero_residual_frequency,0.0015507594298487248,0.0015426575600958614,8.101869752863422e-06,90.59938368732085,91.09656944001108,-0.49718575269022836,0.0006571236955075221,0.0006498813277604487,-7.2423677470734305e-06,0.20671985251124247,0.2014736119539506,0.005246240557291865,-3.981051529399434e-05,1.1667681113649065e-05,0.006227514155196129,0.007012007339855903,4,4,0,0,True,freq_hrl_full_v4,freq_lr1e4_std10_balanced,2053,2053,tuning_validation_mechanism_diagnostic,full_method_nested_hpo_v2,e71e450a28940aa51ea98625171e91a6efc840d2,79590490efcc7dd75975795a340d82b6b88a46f7b52eb4da8297cf0a4a910403
68219,persistent_shift,none,zero_residual_frequency,0.0003800067179462463,0.000378888171960412,1.1185459858342739e-06,22.890308558198594,22.84345669791877,0.04685186027982269,0.0009490341171238814,0.000944093523533529,-4.940593590352371e-06,0.1982496241604271,0.2000687965719258,-0.001819172411498704,-3.4672153297538115e-06,2.0719675256345396e-05,0.004581077573513741,0.0054539221617031005,4,4,0,0,True,freq_hrl_full_v4,freq_lr1e4_std10_balanced,2053,2053,tuning_validation_mechanism_diagnostic,full_method_nested_hpo_v2,e71e450a28940aa51ea98625171e91a6efc840d2,79590490efcc7dd75975795a340d82b6b88a46f7b52eb4da8297cf0a4a910403
68227,persistent_shift,none,zero_residual_frequency,0.0014059695602397504,0.001388911340754806,1.705821948494446e-05,113.7651903874662,112.89206202209319,0.8731283653730202,0.00040017180642537564,0.0003988182424683462,-1.3535639570294578e-06,0.1606923268653367,0.1605192710603937,0.00017305580494297867,-5.268452057702981e-05,9.21421752759702e-06,0.0044229160170087,0.005733729989151471,4,4,0,0,True,freq_hrl_full_v4,freq_lr1e4_std10_balanced,2053,2053,tuning_validation_mechanism_diagnostic,full_method_nested_hpo_v2,e71e450a28940aa51ea98625171e91a6efc840d2,79590490efcc7dd75975795a340d82b6b88a46f7b52eb4da8297cf0a4a910403
68207,ood_period,none,zero_residual_frequency,0.005361328216736183,0.0052939514641716645,6.737675256451858e-05,177.91939414597155,178.20385985288516,-0.2844657069136076,0.00021185598146022944,0.00020507544428727265,-6.780537172956791e-06,0.26026040062082045,0.25689234250793747,0.003368058112882988,-0.0001727596984879669,-0.00013778402657865638,0.004515152274891282,0.005507224479353884,4,4,0,0,True,freq_hrl_full_v4,freq_lr1e4_std10_balanced,2026,7071,tuning_validation_mechanism_diagnostic,full_method_nested_hpo_v2,e71e450a28940aa51ea98625171e91a6efc840d2,79590490efcc7dd75975795a340d82b6b88a46f7b52eb4da8297cf0a4a910403
68209,ood_period,none,zero_residual_frequency,0.0035298501105422986,0.0036330760393910033,-0.00010322592884870474,139.6917975491509,141.53794506537005,-1.8461475162191618,0.00036797406750066486,0.00038595256849649484,1.7978500995829982e-05,0.2312698632804493,0.2305909340465706,0.000678929233878689,-0.00022350082110794817,-0.00015683539984688322,0.006968514482367836,0.00903938212383461,4,4,0,0,True,freq_hrl_full_v4,freq_lr1e4_std10_balanced,2026,7071,tuning_validation_mechanism_diagnostic,full_method_nested_hpo_v2,e71e450a28940aa51ea98625171e91a6efc840d2,79590490efcc7dd75975795a340d82b6b88a46f7b52eb4da8297cf0a4a910403
68213,ood_period,none,zero_residual_frequency,0.004775689692267049,0.004686010578037303,8.967911422974595e-05,140.83689685198237,140.85909160383753,-0.022194751855153072,0.00033642804869271625,0.00032520844386985104,-1.1219604822865215e-05,0.30839019135373813,0.30472569825238394,0.0036644931013541937,-0.00037210420878327555,-0.00016831003426696502,0.007489581927034629,0.009066895298181204,4,4,0,0,True,freq_hrl_full_v4,freq_lr1e4_std10_balanced,2026,7071,tuning_validation_mechanism_diagnostic,full_method_nested_hpo_v2,e71e450a28940aa51ea98625171e91a6efc840d2,79590490efcc7dd75975795a340d82b6b88a46f7b52eb4da8297cf0a4a910403
68219,ood_period,none,zero_residual_frequency,0.002746396399214257,0.002646515996841403,9.98804023728539e-05,119.9548979534483,119.47980791861788,0.4750900348304157,0.0004265840845530944,0.0004146538789588927,-1.193020559420166e-05,0.239802832400323,0.23471494467421067,0.005087887726112322,-0.00022572182296641508,-0.00014574239379310145,0.003969811774044906,0.004729628218208544,4,4,0,0,True,freq_hrl_full_v4,freq_lr1e4_std10_balanced,2026,7071,tuning_validation_mechanism_diagnostic,full_method_nested_hpo_v2,e71e450a28940aa51ea98625171e91a6efc840d2,79590490efcc7dd75975795a340d82b6b88a46f7b52eb4da8297cf0a4a910403
68227,ood_period,none,zero_residual_frequency,0.003360823149284986,0.003288079308978009,7.274384030697689e-05,138.2730745308193,138.663106964543,-0.390032433723718,0.0003728521021123532,0.0003538171059034312,-1.9034996208922017e-05,0.2616329882742934,0.25710040987985444,0.004532578394438935,-0.0002300001287007271,-0.0001447922196530499,0.004685236559129811,0.005557431459763191,4,4,0,0,True,freq_hrl_full_v4,freq_lr1e4_std10_balanced,2026,7071,tuning_validation_mechanism_diagnostic,full_method_nested_hpo_v2,e71e450a28940aa51ea98625171e91a6efc840d2,79590490efcc7dd75975795a340d82b6b88a46f7b52eb4da8297cf0a4a910403
68207,ood_period,none,zero_residual_frequency,-0.0002794123237744861,-0.00028041638713971473,1.0040633652286246e-06,-23.167285506063667,-23.392914253346976,0.2256287472833094,0.0004919231628772724,0.0004890082416383335,-2.9149212389389945e-06,0.23870190786054543,0.2391492550127522,-0.0004473471522067618,-4.2192648001948905e-05,-4.8500161626840946e-05,0.004857402934430865,0.00482323832434809,4,4,0,0,True,freq_hrl_full_v4,freq_lr1e4_std10_balanced,2039,7084,tuning_validation_mechanism_diagnostic,full_method_nested_hpo_v2,e71e450a28940aa51ea98625171e91a6efc840d2,79590490efcc7dd75975795a340d82b6b88a46f7b52eb4da8297cf0a4a910403
68209,ood_period,none,zero_residual_frequency,-0.0005304661871965433,-0.0005350769662609833,4.610779064440074e-06,-55.80402479052645,-59.02063611425329,3.2166113237268448,0.0005304661871965433,0.0005350769662609833,4.610779064440074e-06,0.2181610742067297,0.21348293078855368,0.004678143418176017,5.8388467838942876e-05,-1.4590188714572368e-05,0.0085831545982526,0.008950272247764386,4,4,0,0,True,freq_hrl_full_v4,freq_lr1e4_std10_balanced,2039,7084,tuning_validation_mechanism_diagnostic,full_method_nested_hpo_v2,e71e450a28940aa51ea98625171e91a6efc840d2,79590490efcc7dd75975795a340d82b6b88a46f7b52eb4da8297cf0a4a910403
68213,ood_period,none,zero_residual_frequency,0.0017873167288962044,0.0017932150622881338,-5.898333391929356e-06,94.95852639725864,95.09827122788799,-0.13974483062935406,0.0002900435514774369,0.00029107793936100634,1.0343878835694653e-06,0.29184174745548197,0.2904154968720899,0.0014262505833920747,4.2270683446304e-05,-3.247267627880335e-05,0.006088725635507014,0.005205825518270204,4,4,0,0,True,freq_hrl_full_v4,freq_lr1e4_std10_balanced,2039,7084,tuning_validation_mechanism_diagnostic,full_method_nested_hpo_v2,e71e450a28940aa51ea98625171e91a6efc840d2,79590490efcc7dd75975795a340d82b6b88a46f7b52eb4da8297cf0a4a910403
68219,ood_period,none,zero_residual_frequency,-0.00010479274591268517,-0.00010000505904572687,-4.787686866958296e-06,-9.822855874333444,-9.538884866275954,-0.28397100805749,0.00038965831299209164,0.00038434381597285405,-5.314497019237585e-06,0.216477703935757,0.21443903139145126,0.0020386725443057307,-4.7140596582599754e-05,-4.117521606783411e-05,0.004491571651710224,0.00426901111778635,4,4,0,0,True,freq_hrl_full_v4,freq_lr1e4_std10_balanced,2039,7084,tuning_validation_mechanism_diagnostic,full_method_nested_hpo_v2,e71e450a28940aa51ea98625171e91a6efc840d2,79590490efcc7dd75975795a340d82b6b88a46f7b52eb4da8297cf0a4a910403
68227,ood_period,none,zero_residual_frequency,5.712210112363003e-05,6.71960704590191e-05,-1.0073969335389066e-05,5.546419965291304,6.547856511969208,-1.0014365466779038,0.0002962199145986055,0.00029291320485380634,-3.3067097447991856e-06,0.24072574298585261,0.23908050328767844,0.001645239698174178,-5.3416613569182934e-05,-3.8961486846891545e-05,0.005298929395454858,0.004887952244704744,4,4,0,0,True,freq_hrl_full_v4,freq_lr1e4_std10_balanced,2039,7084,tuning_validation_mechanism_diagnostic,full_method_nested_hpo_v2,e71e450a28940aa51ea98625171e91a6efc840d2,79590490efcc7dd75975795a340d82b6b88a46f7b52eb4da8297cf0a4a910403
68207,ood_period,none,zero_residual_frequency,0.0013362871091149309,0.0013419102835301455,-5.623174415214649e-06,117.08477346523584,117.23041006356883,-0.1456365983329846,0.0002446563451737882,0.00024656712414872217,1.9107789749339688e-06,0.19593608166164084,0.19678012002170409,-0.0008440383600632484,1.297911379455854e-05,2.0829523694178195e-05,0.005741913106784421,0.004449210847512101,4,4,0,0,True,freq_hrl_full_v4,freq_lr1e4_std10_balanced,2053,7098,tuning_validation_mechanism_diagnostic,full_method_nested_hpo_v2,e71e450a28940aa51ea98625171e91a6efc840d2,79590490efcc7dd75975795a340d82b6b88a46f7b52eb4da8297cf0a4a910403
68209,ood_period,none,zero_residual_frequency,0.00044339327424114394,0.00046350689861496264,-2.0113624373818695e-05,39.918462160189264,41.56085548774123,-1.6423933275519644,0.0004377701499098663,0.00043450661782895583,-3.2635320809104584e-06,0.20859489315243282,0.2092464517318355,-0.000651558579402689,5.676205165543345e-06,3.7201804765604435e-05,0.009401471130816692,0.006044961682912092,4,4,0,0,True,freq_hrl_full_v4,freq_lr1e4_std10_balanced,2053,7098,tuning_validation_mechanism_diagnostic,full_method_nested_hpo_v2,e71e450a28940aa51ea98625171e91a6efc840d2,79590490efcc7dd75975795a340d82b6b88a46f7b52eb4da8297cf0a4a910403
68213,ood_period,none,zero_residual_frequency,0.0013901914315299635,0.001414564804706142,-2.4373373176178603e-05,82.95753109444193,84.34685449658106,-1.3893234021391265,0.0004269925203509439,0.0004160081399195992,-1.0984380431344754e-05,0.2537828432439452,0.2542989799060504,-0.0005161366621052044,-3.707259272041024e-05,4.1313715430719884e-05,0.008793314288535232,0.007312391764975877,4,4,0,0,True,freq_hrl_full_v4,freq_lr1e4_std10_balanced,2053,7098,tuning_validation_mechanism_diagnostic,full_method_nested_hpo_v2,e71e450a28940aa51ea98625171e91a6efc840d2,79590490efcc7dd75975795a340d82b6b88a46f7b52eb4da8297cf0a4a910403
68219,ood_period,none,zero_residual_frequency,0.0006995449928943742,0.0007713789482486355,-7.183395535426129e-05,68.39598187461014,73.07300761973114,-4.677025745121,0.00036360303105553715,0.0003700123682350842,6.409337179547059e-06,0.18027370124718406,0.1833032682311551,-0.003029566983971027,3.745747274686217e-05,3.3875485645179185e-05,0.00617895420392516,0.0041963934415737945,4,4,0,0,True,freq_hrl_full_v4,freq_lr1e4_std10_balanced,2053,7098,tuning_validation_mechanism_diagnostic,full_method_nested_hpo_v2,e71e450a28940aa51ea98625171e91a6efc840d2,79590490efcc7dd75975795a340d82b6b88a46f7b52eb4da8297cf0a4a910403
68227,ood_period,none,zero_residual_frequency,0.0009971195262719057,0.0010625738367984194,-6.545431052651374e-05,88.83124558704819,92.68430875268349,-3.853063165635305,0.0003270948773977933,0.00032219103169739416,-4.903845700399145e-06,0.20336730869830144,0.20517956397992299,-0.0018122552816215443,9.14405196999682e-06,2.7921549087772272e-05,0.007350135461314898,0.005288368951369193,4,4,0,0,True,freq_hrl_full_v4,freq_lr1e4_std10_balanced,2053,7098,tuning_validation_mechanism_diagnostic,full_method_nested_hpo_v2,e71e450a28940aa51ea98625171e91a6efc840d2,79590490efcc7dd75975795a340d82b6b88a46f7b52eb4da8297cf0a4a910403
68207,stationary_low_noise,none,zero_residual_frequency,0.0005505895335262689,0.0005495618438500216,1.0276896762473342e-06,74.83672659784776,75.13485514042097,-0.29812854257320964,0.00016415903919597685,0.00016246361334892878,-1.695425847048071e-06,0.1683198290673259,0.16771484618310778,0.0006049828842181193,3.101830430178266e-05,1.5462171052070053e-05,0.0035283439505292336,0.003274369400929168,4,4,0,0,True,freq_hrl_full_v4,freq_lr1e4_std15_conservative,2026,4044,tuning_validation_mechanism_diagnostic,full_method_nested_hpo_v2,e71e450a28940aa51ea98625171e91a6efc840d2,79590490efcc7dd75975795a340d82b6b88a46f7b52eb4da8297cf0a4a910403
68209,stationary_low_noise,none,zero_residual_frequency,0.0002398977226318877,0.00025427827185553475,-1.4380549223647066e-05,43.07859343732227,41.910806958877636,1.1677864784446328,0.00014452716752588746,0.00016417672213386858,1.9649554607981123e-05,0.14297393648984894,0.1530080687153808,-0.010034132225531872,5.9825229390112026e-05,2.2755319549264783e-05,0.004999444236990611,0.004689058186846119,4,4,0,0,True,freq_hrl_full_v4,freq_lr1e4_std15_conservative,2026,4044,tuning_validation_mechanism_diagnostic,full_method_nested_hpo_v2,e71e450a28940aa51ea98625171e91a6efc840d2,79590490efcc7dd75975795a340d82b6b88a46f7b52eb4da8297cf0a4a910403
68213,stationary_low_noise,none,zero_residual_frequency,0.0010658722078162874,0.0011010286410717551,-3.515643325546769e-05,138.8378536325347,140.4377880491067,-1.5999344165720117,6.42765792526756e-05,6.630642192295699e-05,2.02984267028139e-06,0.20063664302372747,0.2023244478128491,-0.0016878047891216441,5.8978162074907616e-05,8.855465125305444e-06,0.006122564638806377,0.005564656700880732,4,4,0,0,True,freq_hrl_full_v4,freq_lr1e4_std15_conservative,2026,4044,tuning_validation_mechanism_diagnostic,full_method_nested_hpo_v2,e71e450a28940aa51ea98625171e91a6efc840d2,79590490efcc7dd75975795a340d82b6b88a46f7b52eb4da8297cf0a4a910403
68219,stationary_low_noise,none,zero_residual_frequency,0.0006644629963157289,0.0006671363055748003,-2.673309259071388e-06,94.38636887472707,94.39408664634787,-0.007717771620804115,8.266709642545944e-05,8.338259634332879e-05,7.154999178693444e-07,0.17357082547008293,0.17401827702867725,-0.00044745155859432506,3.1707375169447144e-05,1.5791049715841068e-05,0.0036890073629264305,0.003314572174632405,4,4,0,0,True,freq_hrl_full_v4,freq_lr1e4_std15_conservative,2026,4044,tuning_validation_mechanism_diagnostic,full_method_nested_hpo_v2,e71e450a28940aa51ea98625171e91a6efc840d2,79590490efcc7dd75975795a340d82b6b88a46f7b52eb4da8297cf0a4a910403
68227,stationary_low_noise,none,zero_residual_frequency,0.0007198300318589368,0.00069329225854875,2.6537773310186807e-05,102.0423118359893,98.58056661051873,3.4617452254705654,0.00010256204987013628,0.00010374782417954531,1.1857743094090267e-06,0.1718579542130374,0.17378731884741627,-0.0019293646343788717,1.3962612403649028e-05,1.5402983875829538e-05,0.0039001516222924694,0.0035717477041341938,4,4,0,0,True,freq_hrl_full_v4,freq_lr1e4_std15_conservative,2026,4044,tuning_validation_mechanism_diagnostic,full_method_nested_hpo_v2,e71e450a28940aa51ea98625171e91a6efc840d2,79590490efcc7dd75975795a340d82b6b88a46f7b52eb4da8297cf0a4a910403
68207,stationary_low_noise,none,zero_residual_frequency,-8.740014191421785e-05,-8.413608837198883e-05,-3.2640535422290284e-06,-138.12207833270946,-133.6664325081253,-4.455645824584167,8.740014191421785e-05,8.413608837198883e-05,-3.2640535422290284e-06,0.01797987208642856,0.01793742315528395,4.244893114460982e-05,2.15273405028153e-05,1.14465974439468e-05,0.0009265829218482699,0.0011951800290994974,4,4,0,0,True,freq_hrl_full_v4,freq_lr1e4_std15_conservative,2039,4057,tuning_validation_mechanism_diagnostic,full_method_nested_hpo_v2,e71e450a28940aa51ea98625171e91a6efc840d2,79590490efcc7dd75975795a340d82b6b88a46f7b52eb4da8297cf0a4a910403
68209,stationary_low_noise,none,zero_residual_frequency,-4.980225580020203e-05,-5.99787448516409e-05,1.0176489051438864e-05,-103.65578125063486,-117.48564972137902,13.82986847074416,4.980225580020203e-05,5.99787448516409e-05,1.0176489051438864e-05,0.018714459642529987,0.017783197130141,0.0009312625123889876,3.59175952061063e-05,2.1167345423105113e-05,0.0011388788170986824,0.0017548385939183694,4,4,0,0,True,freq_hrl_full_v4,freq_lr1e4_std15_conservative,2039,4057,tuning_validation_mechanism_diagnostic,full_method_nested_hpo_v2,e71e450a28940aa51ea98625171e91a6efc840d2,79590490efcc7dd75975795a340d82b6b88a46f7b52eb4da8297cf0a4a910403
68213,stationary_low_noise,none,zero_residual_frequency,-0.00015297294974225828,-0.00015403044548201184,1.0574957397535556e-06,-219.51072858632654,-220.727192381773,1.216463795446458,0.00015297294974225828,0.00015403044548201184,1.0574957397535556e-06,0.029221971681163004,0.02927924680252214,-5.727512135913701e-05,3.247415601806269e-05,1.9031724749976936e-05,0.0010180728481938358,0.0014199129903640065,4,4,0,0,True,freq_hrl_full_v4,freq_lr1e4_std15_conservative,2039,4057,tuning_validation_mechanism_diagnostic,full_method_nested_hpo_v2,e71e450a28940aa51ea98625171e91a6efc840d2,79590490efcc7dd75975795a340d82b6b88a46f7b52eb4da8297cf0a4a910403
68219,stationary_low_noise,none,zero_residual_frequency,-7.594992035475645e-05,-7.931891945678338e-05,3.368999102026926e-06,-129.462867561551,-133.5884161766582,4.125548615107192,7.594992035475645e-05,7.931891945678338e-05,3.368999102026926e-06,0.021673924292488874,0.02147348494791588,0.0002004393445729953,2.343712933634846e-05,1.114762172317069e-05,0.0008118156437553302,0.0012047738353784451,4,4,0,0,True,freq_hrl_full_v4,freq_lr1e4_std15_conservative,2039,4057,tuning_validation_mechanism_diagnostic,full_method_nested_hpo_v2,e71e450a28940aa51ea98625171e91a6efc840d2,79590490efcc7dd75975795a340d82b6b88a46f7b52eb4da8297cf0a4a910403
68227,stationary_low_noise,none,zero_residual_frequency,-7.94116249521748e-05,-8.335331436581939e-05,3.941689413644589e-06,-133.17767243246348,-139.52834233535705,6.350669902893571,7.97340386027301e-05,8.387265301512681e-05,4.138614412396713e-06,0.01883742114684188,0.01860819474688974,0.0002292263999521399,3.167112744435879e-05,1.600198605171392e-05,0.0008059192038653388,0.0011119544998829647,4,4,0,0,True,freq_hrl_full_v4,freq_lr1e4_std15_conservative,2039,4057,tuning_validation_mechanism_diagnostic,full_method_nested_hpo_v2,e71e450a28940aa51ea98625171e91a6efc840d2,79590490efcc7dd75975795a340d82b6b88a46f7b52eb4da8297cf0a4a910403
68207,stationary_low_noise,none,zero_residual_frequency,-0.00010598757712798612,-0.00010390849705543825,-2.0790800725478675e-06,-223.67401316790685,-217.4004712865203,-6.2735418813865635,0.00010598757712798612,0.00010390849705543825,-2.0790800725478675e-06,0.014399245594735844,0.014645130084341956,-0.00024588448960611263,2.053431617328955e-05,9.473461115731169e-06,0.0009406532355064379,0.001070898178740107,4,4,0,0,True,freq_hrl_full_v4,freq_lr1e4_std15_conservative,2053,4071,tuning_validation_mechanism_diagnostic,full_method_nested_hpo_v2,e71e450a28940aa51ea98625171e91a6efc840d2,79590490efcc7dd75975795a340d82b6b88a46f7b52eb4da8297cf0a4a910403
68209,stationary_low_noise,none,zero_residual_frequency,-0.00015691193898914602,-0.00015740008446674114,4.881454775951255e-07,-348.54662004866054,-366.7524249891126,18.205804940452083,0.00015691193898914602,0.00015740008446674114,4.881454775951255e-07,0.01518066183328132,0.014906686099922146,0.0002739757333591747,1.849117333453905e-05,1.3193320894971593e-05,0.001249098231248682,0.0012842787598717426,4,4,0,0,True,freq_hrl_full_v4,freq_lr1e4_std15_conservative,2053,4071,tuning_validation_mechanism_diagnostic,full_method_nested_hpo_v2,e71e450a28940aa51ea98625171e91a6efc840d2,79590490efcc7dd75975795a340d82b6b88a46f7b52eb4da8297cf0a4a910403
68213,stationary_low_noise,none,zero_residual_frequency,-5.695446696096784e-05,-5.2713406334725654e-05,-4.241060626242188e-06,-78.8506592054605,-72.20490783634519,-6.645751369115317,5.695446696096784e-05,5.2713406334725654e-05,-4.241060626242188e-06,0.02084417558464463,0.020946829227640445,-0.000102653642995814,-1.865576630036e-06,9.538904705143695e-07,0.0013433146375809377,0.0015217418277163434,4,4,0,0,True,freq_hrl_full_v4,freq_lr1e4_std15_conservative,2053,4071,tuning_validation_mechanism_diagnostic,full_method_nested_hpo_v2,e71e450a28940aa51ea98625171e91a6efc840d2,79590490efcc7dd75975795a340d82b6b88a46f7b52eb4da8297cf0a4a910403
68219,stationary_low_noise,none,zero_residual_frequency,-5.346295702035597e-05,-5.193846057638396e-05,-1.5244964439720121e-06,-101.50413486356321,-98.61159366802318,-2.8925411955400335,5.8086080290675746e-05,5.6436883774990676e-05,-1.6491965156850696e-06,0.014142364736065751,0.014114435099561416,2.7929636504334804e-05,1.5074870254652783e-05,6.190788579366416e-06,0.000922016088050744,0.0010551304414447157,4,4,0,0,True,freq_hrl_full_v4,freq_lr1e4_std15_conservative,2053,4071,tuning_validation_mechanism_diagnostic,full_method_nested_hpo_v2,e71e450a28940aa51ea98625171e91a6efc840d2,79590490efcc7dd75975795a340d82b6b88a46f7b52eb4da8297cf0a4a910403
68227,stationary_low_noise,none,zero_residual_frequency,-6.973908130147866e-05,-6.73233317048938e-05,-2.4157495965848597e-06,-126.68553849844285,-119.35203588883081,-7.33350260961204,7.182728368693159e-05,6.951249905617907e-05,-2.31478463075252e-06,0.014111724108509218,0.014415926987205735,-0.00030420287869651653,1.6964161327307235e-05,5.015912422617036e-06,0.0009645632345483238,0.0010468141417530003,4,4,0,0,True,freq_hrl_full_v4,freq_lr1e4_std15_conservative,2053,4071,tuning_validation_mechanism_diagnostic,full_method_nested_hpo_v2,e71e450a28940aa51ea98625171e91a6efc840d2,79590490efcc7dd75975795a340d82b6b88a46f7b52eb4da8297cf0a4a910403
68207,persistent_shift,none,zero_residual_frequency,0.004449829863353072,0.0044768699425303815,-2.704007917730955e-05,218.48734144454608,218.69363358996333,-0.20629214541725105,0.00019564724483922546,0.00019306790909756621,-2.57933574165925e-06,0.1760202663555394,0.17639467225326455,-0.00037440589772513855,-1.4024753265364167e-05,-4.615058906963314e-06,0.00562036357049591,0.004751429438652446,4,4,0,0,True,freq_hrl_full_v4,freq_lr1e4_std15_conservative,2026,2026,tuning_validation_mechanism_diagnostic,full_method_nested_hpo_v2,e71e450a28940aa51ea98625171e91a6efc840d2,79590490efcc7dd75975795a340d82b6b88a46f7b52eb4da8297cf0a4a910403
68209,persistent_shift,none,zero_residual_frequency,0.00420554789876193,0.004170226862271198,3.532103649073193e-05,200.90029582815694,201.50222763387566,-0.6019318057187206,0.00027143220258374345,0.0002606193932812584,-1.0812809302485071e-05,0.19679969249391738,0.19495152040468805,0.0018481720892293274,-2.6127711887430443e-05,-1.87746787367771e-05,0.01043124311864732,0.008459896287968149,4,4,0,0,True,freq_hrl_full_v4,freq_lr1e4_std15_conservative,2026,2026,tuning_validation_mechanism_diagnostic,full_method_nested_hpo_v2,e71e450a28940aa51ea98625171e91a6efc840d2,79590490efcc7dd75975795a340d82b6b88a46f7b52eb4da8297cf0a4a910403
68213,persistent_shift,none,zero_residual_frequency,0.005147435729716765,0.00517420193135032,-2.6766201633554587e-05,216.1728515828356,216.47379629768994,-0.3009447148543529,0.00025426216460133766,0.0002511741685199409,-3.08799608139676e-06,0.2284430141829586,0.22842295935122087,2.005483173772582e-05,-2.5903282141215955e-05,-2.115079105223078e-05,0.009243632886783516,0.007202659299218794,4,4,0,0,True,freq_hrl_full_v4,freq_lr1e4_std15_conservative,2026,2026,tuning_validation_mechanism_diagnostic,full_method_nested_hpo_v2,e71e450a28940aa51ea98625171e91a6efc840d2,79590490efcc7dd75975795a340d82b6b88a46f7b52eb4da8297cf0a4a910403
68219,persistent_shift,none,zero_residual_frequency,0.004032962729014322,0.004083839512314613,-5.0876783300290995e-05,199.5057915858757,199.2097195056813,0.29607208019439213,0.0003560016195167659,0.00035768430489280245,1.6826853760365523e-06,0.19928424283066284,0.20267037377172709,-0.0033861309410642415,2.9033376594443585e-05,-1.361106449762423e-05,0.006479429064711439,0.00534176188804041,4,4,0,0,True,freq_hrl_full_v4,freq_lr1e4_std15_conservative,2026,2026,tuning_validation_mechanism_diagnostic,full_method_nested_hpo_v2,e71e450a28940aa51ea98625171e91a6efc840d2,79590490efcc7dd75975795a340d82b6b88a46f7b52eb4da8297cf0a4a910403
68227,persistent_shift,none,zero_residual_frequency,0.0032313746451861913,0.0035793323412067757,-0.00034795769602058435,200.57051530625927,202.05100358798356,-1.4804882817242913,0.0001078792032568332,0.00012537335711648723,1.7494153859654027e-05,0.14928115410668846,0.15865500934996254,-0.009373855243274082,-1.0404092746502468e-05,5.851543050653208e-06,0.007273691637722853,0.006946290037012659,4,4,0,0,True,freq_hrl_full_v4,freq_lr1e4_std15_conservative,2026,2026,tuning_validation_mechanism_diagnostic,full_method_nested_hpo_v2,e71e450a28940aa51ea98625171e91a6efc840d2,79590490efcc7dd75975795a340d82b6b88a46f7b52eb4da8297cf0a4a910403
68207,persistent_shift,none,zero_residual_frequency,0.005239850113081035,0.005215569899364114,2.4280213716920684e-05,204.18149075791493,203.57081086305845,0.6106798948564744,0.00022455318378866718,0.00022282186201594278,-1.7313217727243924e-06,0.21828604493992165,0.21968218480602347,-0.0013961398661018198,-4.3549968186792036e-05,-5.317366032772696e-05,0.005320622984537396,0.0038366978496924276,4,4,0,0,True,freq_hrl_full_v4,freq_lr1e4_std15_conservative,2039,2039,tuning_validation_mechanism_diagnostic,full_method_nested_hpo_v2,e71e450a28940aa51ea98625171e91a6efc840d2,79590490efcc7dd75975795a340d82b6b88a46f7b52eb4da8297cf0a4a910403
68209,persistent_shift,none,zero_residual_frequency,0.002658208151218311,0.0027309863174260762,-7.277816620776534e-05,165.17355947561643,164.77452838295756,0.3990310926588734,0.00020812921533053252,0.00022902582430261997,2.089660897208745e-05,0.24683592540676558,0.24942407832360924,-0.0025881529168436668,1.0272632026837427e-05,-1.5307998544344132e-05,0.00893986644031328,0.007896722845786523,4,4,0,0,True,freq_hrl_full_v4,freq_lr1e4_std15_conservative,2039,2039,tuning_validation_mechanism_diagnostic,full_method_nested_hpo_v2,e71e450a28940aa51ea98625171e91a6efc840d2,79590490efcc7dd75975795a340d82b6b88a46f7b52eb4da8297cf0a4a910403
68213,persistent_shift,none,zero_residual_frequency,0.005694429543580126,0.005712931582951164,-1.8502039371037782e-05,208.97789317159197,206.0233975173385,2.9544956542534635,0.00013996473908395313,0.00015119207948155466,1.1227340397601537e-05,0.2722175795475479,0.27795277921489064,-0.005735199667342761,-2.2714240152570776e-05,-4.1238269226346255e-05,0.008646983888946934,0.006213061678014734,4,4,0,0,True,freq_hrl_full_v4,freq_lr1e4_std15_conservative,2039,2039,tuning_validation_mechanism_diagnostic,full_method_nested_hpo_v2,e71e450a28940aa51ea98625171e91a6efc840d2,79590490efcc7dd75975795a340d82b6b88a46f7b52eb4da8297cf0a4a910403
68219,persistent_shift,none,zero_residual_frequency,0.0047768272774233456,0.004748134677422966,2.8692600000379542e-05,176.31729026907388,176.2621976088494,0.055092660224488554,0.0004989476727484954,0.0004966449511639714,-2.302721584523937e-06,0.2460587105201641,0.24456073848020765,0.0014979720399564411,-2.2584658594205206e-05,-6.097428855836179e-05,0.005724346909988122,0.004378967936200853,4,4,0,0,True,freq_hrl_full_v4,freq_lr1e4_std15_conservative,2039,2039,tuning_validation_mechanism_diagnostic,full_method_nested_hpo_v2,e71e450a28940aa51ea98625171e91a6efc840d2,79590490efcc7dd75975795a340d82b6b88a46f7b52eb4da8297cf0a4a910403
68227,persistent_shift,none,zero_residual_frequency,0.003647391830758906,0.003603092438168698,4.4299392590207987e-05,179.5124356505218,179.4968290995522,0.015606550969607724,0.0003050196304017483,0.0003005136679478104,-4.505962453937862e-06,0.21904846171252132,0.21741797060978194,0.0016304911027393842,-2.2542059961305952e-05,-4.650394770466867e-05,0.005747059009101778,0.004346209382856614,4,4,0,0,True,freq_hrl_full_v4,freq_lr1e4_std15_conservative,2039,2039,tuning_validation_mechanism_diagnostic,full_method_nested_hpo_v2,e71e450a28940aa51ea98625171e91a6efc840d2,79590490efcc7dd75975795a340d82b6b88a46f7b52eb4da8297cf0a4a910403
68207,persistent_shift,none,zero_residual_frequency,0.004840159416289902,0.00481514748913181,2.501192715809175e-05,165.05511698583172,164.3853103045031,0.6698066813286232,0.0005814419723051412,0.0005858392418215397,4.3972695163985165e-06,0.21798819310397807,0.21859691642511941,-0.0006087233211413412,4.6138202028449584e-05,3.42110133388575e-05,0.005665996393013807,0.008222919672132574,4,4,0,0,True,freq_hrl_full_v4,freq_lr1e4_std15_conservative,2053,2053,tuning_validation_mechanism_diagnostic,full_method_nested_hpo_v2,e71e450a28940aa51ea98625171e91a6efc840d2,79590490efcc7dd75975795a340d82b6b88a46f7b52eb4da8297cf0a4a910403
68209,persistent_shift,none,zero_residual_frequency,0.006245766559970667,0.006208791070204667,3.697548976600018e-05,211.56244509410578,211.29366848876205,0.2687766053437315,0.00020937152019218086,0.0002081460666113477,-1.2254535808331468e-06,0.22999430494052298,0.23048491452835826,-0.0004906095878352834,-7.55582762760383e-05,-7.743857860427624e-05,0.009562345087387155,0.014478684363550402,4,4,0,0,True,freq_hrl_full_v4,freq_lr1e4_std15_conservative,2053,2053,tuning_validation_mechanism_diagnostic,full_method_nested_hpo_v2,e71e450a28940aa51ea98625171e91a6efc840d2,79590490efcc7dd75975795a340d82b6b88a46f7b52eb4da8297cf0a4a910403
68213,persistent_shift,none,zero_residual_frequency,0.006859744765358666,0.006811655215676504,4.808954968216206e-05,195.10558044087742,193.9130433099508,1.1925371309266097,0.00028102815490060884,0.00027939863237735896,-1.6295225232498822e-06,0.24676368653186015,0.24957460289237224,-0.002810916360512089,-1.7938027019031577e-05,-2.4454113295710297e-05,0.010063257556198045,0.015433123989431703,4,4,0,0,True,freq_hrl_full_v4,freq_lr1e4_std15_conservative,2053,2053,tuning_validation_mechanism_diagnostic,full_method_nested_hpo_v2,e71e450a28940aa51ea98625171e91a6efc840d2,79590490efcc7dd75975795a340d82b6b88a46f7b52eb4da8297cf0a4a910403
68219,persistent_shift,none,zero_residual_frequency,0.003831101303789941,0.003806436889819631,2.466441397031005e-05,126.60332591868233,125.90468641409193,0.6986395045904032,0.0011166776717516091,0.0011175157947510561,8.381229994469663e-07,0.23722089472753255,0.23895608079759695,-0.0017351860700643984,8.650799068550267e-05,4.527617375674923e-05,0.006209695981336457,0.009092427429762514,4,4,0,0,True,freq_hrl_full_v4,freq_lr1e4_std15_conservative,2053,2053,tuning_validation_mechanism_diagnostic,full_method_nested_hpo_v2,e71e450a28940aa51ea98625171e91a6efc840d2,79590490efcc7dd75975795a340d82b6b88a46f7b52eb4da8297cf0a4a910403
68227,persistent_shift,none,zero_residual_frequency,0.004526962893019348,0.0044940173956744545,3.294549734489394e-05,175.4448035517233,174.7713676511088,0.6734359006145212,0.00044517532585963693,0.00044957754772723124,4.402221867594314e-06,0.2010233915017614,0.20167840668453846,-0.0006550151827770523,4.638707410640206e-05,7.940474861102072e-06,0.006275596018106929,0.009271191157717516,4,4,0,0,True,freq_hrl_full_v4,freq_lr1e4_std15_conservative,2053,2053,tuning_validation_mechanism_diagnostic,full_method_nested_hpo_v2,e71e450a28940aa51ea98625171e91a6efc840d2,79590490efcc7dd75975795a340d82b6b88a46f7b52eb4da8297cf0a4a910403
68207,ood_period,none,zero_residual_frequency,0.0034535390146943623,0.0034493966942794607,4.14232041490159e-06,183.7892162340641,183.62672812300312,0.1624881110609806,0.00013311666239712583,0.00013322919900815577,1.1253661102994528e-07,0.12988168933123964,0.12954961904767753,0.0003320702835621081,-0.00014177325071417654,-0.0001171313742922557,0.004889372166745589,0.004797732337869496,4,4,0,0,True,freq_hrl_full_v4,freq_lr1e4_std15_conservative,2026,7071,tuning_validation_mechanism_diagnostic,full_method_nested_hpo_v2,e71e450a28940aa51ea98625171e91a6efc840d2,79590490efcc7dd75975795a340d82b6b88a46f7b52eb4da8297cf0a4a910403
68209,ood_period,none,zero_residual_frequency,0.0013090018828783023,0.0013010255448133723,7.976338064930033e-06,94.49097992721836,93.94116483622459,0.5498150909937749,0.00028138168450919654,0.00027581216621264115,-5.569518296555387e-06,0.12628186661460683,0.12463178723172794,0.001650079382878894,0.00010429086820830819,9.569285671901122e-06,0.006945305526025752,0.007075452313842512,4,4,0,0,True,freq_hrl_full_v4,freq_lr1e4_std15_conservative,2026,7071,tuning_validation_mechanism_diagnostic,full_method_nested_hpo_v2,e71e450a28940aa51ea98625171e91a6efc840d2,79590490efcc7dd75975795a340d82b6b88a46f7b52eb4da8297cf0a4a910403
68213,ood_period,none,zero_residual_frequency,0.0038613367822519784,0.0038693532703744093,-8.016488122430943e-06,155.90312441362101,155.76349451757088,0.1396298960501383,0.0002500590020690918,0.00024949287774178597,-5.661243273058503e-07,0.1788626824273461,0.18034508133782984,-0.0014823989104837398,-0.00028171901606533693,-0.0001592729637869959,0.00826944837764232,0.00836911587765725,4,4,0,0,True,freq_hrl_full_v4,freq_lr1e4_std15_conservative,2026,7071,tuning_validation_mechanism_diagnostic,full_method_nested_hpo_v2,e71e450a28940aa51ea98625171e91a6efc840d2,79590490efcc7dd75975795a340d82b6b88a46f7b52eb4da8297cf0a4a910403
68219,ood_period,none,zero_residual_frequency,0.0024280494693211807,0.0024499280449892247,-2.1878575668043965e-05,142.7386078086365,144.15900083569042,-1.420393027053933,0.00019501684209966008,0.00019427645085912104,-7.4039124053904e-07,0.13633555337637376,0.1339213780569612,0.0024141753194125704,-0.00021917413475710493,-0.00016985733478591208,0.004874308981228145,0.005269908515846409,4,4,0,0,True,freq_hrl_full_v4,freq_lr1e4_std15_conservative,2026,7071,tuning_validation_mechanism_diagnostic,full_method_nested_hpo_v2,e71e450a28940aa51ea98625171e91a6efc840d2,79590490efcc7dd75975795a340d82b6b88a46f7b52eb4da8297cf0a4a910403
68227,ood_period,none,zero_residual_frequency,0.0027010235026145857,0.0027334501142861622,-3.2426611671576566e-05,151.9610495477686,153.17532899957936,-1.2142794518107678,0.00017992254594634272,0.00017625091368400625,-3.671632262336466e-06,0.1423723842855352,0.14213373063085016,0.00023865365468503374,-0.00021761127630036067,-0.00015416390380895576,0.0059457409193328205,0.0064266746611489605,4,4,0,0,True,freq_hrl_full_v4,freq_lr1e4_std15_conservative,2026,7071,tuning_validation_mechanism_diagnostic,full_method_nested_hpo_v2,e71e450a28940aa51ea98625171e91a6efc840d2,79590490efcc7dd75975795a340d82b6b88a46f7b52eb4da8297cf0a4a910403
68207,ood_period,none,zero_residual_frequency,0.0006299593581708951,0.0006395954211579902,-9.636062987095073e-06,28.080470921207485,28.434800439230564,-0.35432951802307855,0.0007160331036829559,0.0007146953609009632,-1.3377427819927235e-06,0.2477270807001452,0.2479256342058896,-0.00019855350574438102,1.5024582934606893e-05,4.919612771492629e-05,0.0038396758435636806,0.003946497566115188,4,4,0,0,True,freq_hrl_full_v4,freq_lr1e4_std15_conservative,2039,7084,tuning_validation_mechanism_diagnostic,full_method_nested_hpo_v2,e71e450a28940aa51ea98625171e91a6efc840d2,79590490efcc7dd75975795a340d82b6b88a46f7b52eb4da8297cf0a4a910403
68209,ood_period,none,zero_residual_frequency,0.0006683955669348762,0.0006592465389752,9.149027959676204e-06,33.0944752647941,32.7171646794844,0.37731058530970074,0.0008466958599122609,0.0008440889137777408,-2.6069461345201717e-06,0.24815222530027994,0.24513586842310645,0.0030163568771734983,9.401838147292219e-05,3.333555517369044e-05,0.006416478973632265,0.006180224608316267,4,4,0,0,True,freq_hrl_full_v4,freq_lr1e4_std15_conservative,2039,7084,tuning_validation_mechanism_diagnostic,full_method_nested_hpo_v2,e71e450a28940aa51ea98625171e91a6efc840d2,79590490efcc7dd75975795a340d82b6b88a46f7b52eb4da8297cf0a4a910403
68213,ood_period,none,zero_residual_frequency,0.0019109693796546257,0.0019168922510079955,-5.922871353369885e-06,76.15445884448147,76.18228491637835,-0.027826071896882354,0.00036768662215369563,0.0003723047660898482,4.618143936152563e-06,0.30992456938778323,0.3106816384700313,-0.0007570690822480408,4.036536743994373e-05,2.9927454135843704e-05,0.006302256278124535,0.0055077829080498,4,4,0,0,True,freq_hrl_full_v4,freq_lr1e4_std15_conservative,2039,7084,tuning_validation_mechanism_diagnostic,full_method_nested_hpo_v2,e71e450a28940aa51ea98625171e91a6efc840d2,79590490efcc7dd75975795a340d82b6b88a46f7b52eb4da8297cf0a4a910403
68219,ood_period,none,zero_residual_frequency,0.0008837728044031046,0.000887225433327421,-3.4526289243164143e-06,52.13475772159102,52.16338435150183,-0.028626629910810664,0.0004757657636045298,0.0004781491675401872,2.383403935657391e-06,0.22966141741639864,0.22938285644656795,0.000278560969830699,8.318415853028651e-05,3.884564355875652e-05,0.004188931547630797,0.0037396942236227913,4,4,0,0,True,freq_hrl_full_v4,freq_lr1e4_std15_conservative,2039,7084,tuning_validation_mechanism_diagnostic,full_method_nested_hpo_v2,e71e450a28940aa51ea98625171e91a6efc840d2,79590490efcc7dd75975795a340d82b6b88a46f7b52eb4da8297cf0a4a910403
68227,ood_period,none,zero_residual_frequency,0.0008297941728150349,0.0008244324775152911,5.3616952997437295e-06,43.12942530349784,42.80450293457113,0.3249223689267069,0.0005915960251401398,0.000595453970715587,3.857945575447275e-06,0.2509587491992262,0.2508156174170292,0.00014313178219704792,5.804961580293659e-05,3.580293017876544e-05,0.005249015893302082,0.004908073831595377,4,4,0,0,True,freq_hrl_full_v4,freq_lr1e4_std15_conservative,2039,7084,tuning_validation_mechanism_diagnostic,full_method_nested_hpo_v2,e71e450a28940aa51ea98625171e91a6efc840d2,79590490efcc7dd75975795a340d82b6b88a46f7b52eb4da8297cf0a4a910403
68207,ood_period,none,zero_residual_frequency,-0.0015344918491280168,-0.0015443050160488525,9.81316692083567e-06,-94.65829344142739,-97.46510970130718,2.8068162598797954,0.0015344918491280168,0.0015443050160488525,9.81316692083567e-06,0.25980385889515467,0.25685003627234115,0.002953822622813518,-0.0001194613959268345,-9.353317345225443e-05,0.00892808293049004,0.011621931480476633,4,4,0,0,True,freq_hrl_full_v4,freq_lr1e4_std15_conservative,2053,7098,tuning_validation_mechanism_diagnostic,full_method_nested_hpo_v2,e71e450a28940aa51ea98625171e91a6efc840d2,79590490efcc7dd75975795a340d82b6b88a46f7b52eb4da8297cf0a4a910403
68209,ood_period,none,zero_residual_frequency,-0.00011009841117692876,-0.00012040824254133664,1.0309831364407884e-05,-6.903818651389363,-7.93555868165508,1.0317400302657171,0.0005218363358518996,0.0005075488354844282,-1.4287500367471395e-05,0.24318032423147096,0.2388912967984476,0.004289027433023368,4.468686854918762e-05,-7.855278111827739e-05,0.016675095467063427,0.023090236586803155,4,4,0,0,True,freq_hrl_full_v4,freq_lr1e4_std15_conservative,2053,7098,tuning_validation_mechanism_diagnostic,full_method_nested_hpo_v2,e71e450a28940aa51ea98625171e91a6efc840d2,79590490efcc7dd75975795a340d82b6b88a46f7b52eb4da8297cf0a4a910403
68213,ood_period,none,zero_residual_frequency,0.0013120694133721411,0.0013969297362803612,-8.48603229082201e-05,71.87208447420645,76.25835155019492,-4.386267075988471,0.00026536381291553113,0.0002482648556059175,-1.7098957309613638e-05,0.2676588324359535,0.2663125761105114,0.0013462563254421078,1.2847478097660197e-05,-6.459528769069867e-05,0.014846088320498692,0.019277148789195862,4,4,0,0,True,freq_hrl_full_v4,freq_lr1e4_std15_conservative,2053,7098,tuning_validation_mechanism_diagnostic,full_method_nested_hpo_v2,e71e450a28940aa51ea98625171e91a6efc840d2,79590490efcc7dd75975795a340d82b6b88a46f7b52eb4da8297cf0a4a910403
68219,ood_period,none,zero_residual_frequency,-0.00038505846868563953,-0.00031377777605623436,-7.128069262940517e-05,-29.735725702632525,-24.04566827700657,-5.690057425625955,0.0004352418526147872,0.00042760779447714725,-7.634058137639954e-06,0.21696984861436558,0.2137865370967795,0.0031833115175860793,-8.685212328989098e-05,-9.23515364080193e-05,0.00987291549459365,0.014257572075196852,4,4,0,0,True,freq_hrl_full_v4,freq_lr1e4_std15_conservative,2053,7098,tuning_validation_mechanism_diagnostic,full_method_nested_hpo_v2,e71e450a28940aa51ea98625171e91a6efc840d2,79590490efcc7dd75975795a340d82b6b88a46f7b52eb4da8297cf0a4a910403
68227,ood_period,none,zero_residual_frequency,0.0001169131334401996,0.00017286093300827865,-5.594779956807905e-05,9.336829625326459,13.675100163613072,-4.338270538286613,0.0004090356927651806,0.00039747965347569636,-1.1556039289484232e-05,0.23680646816214168,0.2381079968083699,-0.001301528646228206,-1.1861160217601751e-05,-8.431798823826912e-05,0.011405132218836418,0.015819309538993468,4,4,0,0,True,freq_hrl_full_v4,freq_lr1e4_std15_conservative,2053,7098,tuning_validation_mechanism_diagnostic,full_method_nested_hpo_v2,e71e450a28940aa51ea98625171e91a6efc840d2,79590490efcc7dd75975795a340d82b6b88a46f7b52eb4da8297cf0a4a910403
68207,stationary_low_noise,none,zero_residual_frequency,-0.00014395281943591076,-0.00015151424135240177,7.561421916491007e-06,-159.47989202542516,-166.53691122282373,7.057019197398574,0.00014428433592683643,0.00015195053387628832,7.666197949451892e-06,0.020399700135680036,0.020041178980351994,0.00035852115532804263,3.892799386724302e-05,9.107280679108864e-06,0.0008092557378871687,0.0009413900387951596,7,7,4,4,True,freq_hrl_full_v4,freq_lr3e4_std05_activegate,2026,4044,tuning_validation_mechanism_diagnostic,full_method_nested_hpo_v2,e71e450a28940aa51ea98625171e91a6efc840d2,79590490efcc7dd75975795a340d82b6b88a46f7b52eb4da8297cf0a4a910403
68209,stationary_low_noise,none,zero_residual_frequency,-0.00010680512345884186,-0.00010006950225449618,-6.7356212043456765e-06,-123.92058742943165,-126.27263401575223,2.352046586320583,0.00012886129630029775,0.00012085531965677632,-8.005976643521429e-06,0.023082943288546893,0.02274787068114341,0.0003350726074034839,5.051891338127354e-05,1.6196515016706636e-06,0.0010106073386452862,0.0011542149330744504,11,10,8,7,True,freq_hrl_full_v4,freq_lr3e4_std05_activegate,2026,4044,tuning_validation_mechanism_diagnostic,full_method_nested_hpo_v2,e71e450a28940aa51ea98625171e91a6efc840d2,79590490efcc7dd75975795a340d82b6b88a46f7b52eb4da8297cf0a4a910403
68213,stationary_low_noise,none,zero_residual_frequency,-0.00013270490278871616,-9.993334866109649e-05,-3.277155412761967e-05,-290.5737299477271,-240.7244864303243,-49.84924351740278,0.00013270490278871616,9.993334866109649e-05,-3.277155412761967e-05,0.027548927475663745,0.02564019485657974,0.001908732619084006,3.448611649451811e-05,-4.688156571829122e-06,0.0010599529351073519,0.0012918490866443081,5,5,1,1,True,freq_hrl_full_v4,freq_lr3e4_std05_activegate,2026,4044,tuning_validation_mechanism_diagnostic,full_method_nested_hpo_v2,e71e450a28940aa51ea98625171e91a6efc840d2,79590490efcc7dd75975795a340d82b6b88a46f7b52eb4da8297cf0a4a910403
68219,stationary_low_noise,none,zero_residual_frequency,-0.00014763493002256656,-0.00013005646113994906,-1.7578468882617493e-05,-299.0935632981215,-294.92141072241463,-4.172152575706889,0.00014763493002256656,0.00013005646113994906,-1.7578468882617493e-05,0.017537133943076443,0.016407699901144678,0.0011294340419317657,4.139911885044272e-05,9.623322111722972e-06,0.0008017002448373963,0.0009196203540429653,5,5,3,3,True,freq_hrl_full_v4,freq_lr3e4_std05_activegate,2026,4044,tuning_validation_mechanism_diagnostic,full_method_nested_hpo_v2,e71e450a28940aa51ea98625171e91a6efc840d2,79590490efcc7dd75975795a340d82b6b88a46f7b52eb4da8297cf0a4a910403
68227,stationary_low_noise,none,zero_residual_frequency,-0.0001800466569864545,-0.0001908579495101259,1.0811292523671412e-05,-211.02669903293028,-223.40390675540579,12.377207722475504,0.0001805177533183988,0.0001908579495101259,1.0340196191727102e-05,0.02152996704167775,0.020988083710692655,0.0005418833309850934,3.776430126330464e-05,1.056815986179267e-05,0.0008904143246051414,0.0010392898460723802,7,7,4,4,True,freq_hrl_full_v4,freq_lr3e4_std05_activegate,2026,4044,tuning_validation_mechanism_diagnostic,full_method_nested_hpo_v2,e71e450a28940aa51ea98625171e91a6efc840d2,79590490efcc7dd75975795a340d82b6b88a46f7b52eb4da8297cf0a4a910403
68207,stationary_low_noise,none,zero_residual_frequency,-9.115150887073487e-05,-8.160334294982086e-05,-9.548165920914009e-06,-155.79850932807088,-144.81087756170314,-10.987631766367741,9.115150887073487e-05,8.160334294982086e-05,-9.548165920914009e-06,0.018231060399317333,0.01850736517832533,-0.0002763047790079985,7.554735550346429e-05,4.2414013751425e-05,0.0009257246005240127,0.00118886995062692,5,5,1,1,True,freq_hrl_full_v4,freq_lr3e4_std05_activegate,2039,4057,tuning_validation_mechanism_diagnostic,full_method_nested_hpo_v2,e71e450a28940aa51ea98625171e91a6efc840d2,79590490efcc7dd75975795a340d82b6b88a46f7b52eb4da8297cf0a4a910403
68209,stationary_low_noise,none,zero_residual_frequency,-0.0001106807838939794,-0.00011949769617580763,8.816912281828237e-06,-220.12583198250192,-232.15494559216032,12.029113609658395,0.00011285087471635258,0.00012558025320108523,1.2729378484732656e-05,0.022644876497475167,0.01964374736568024,0.0030011291317949274,8.518345771180879e-05,3.671940734919251e-05,0.0010943650108654565,0.0016744139766008933,6,6,2,3,True,freq_hrl_full_v4,freq_lr3e4_std05_activegate,2039,4057,tuning_validation_mechanism_diagnostic,full_method_nested_hpo_v2,e71e450a28940aa51ea98625171e91a6efc840d2,79590490efcc7dd75975795a340d82b6b88a46f7b52eb4da8297cf0a4a910403
68213,stationary_low_noise,none,zero_residual_frequency,-0.00014579136972869833,-0.00014427211988732314,-1.519249841375192e-06,-213.89078296028666,-213.16201430787495,-0.7287686524117021,0.00014579136972869833,0.00014427211988732314,-1.519249841375192e-06,0.029162536063415314,0.029354510783239557,-0.00019197471982424288,9.263134925754193e-05,5.57928442502857e-05,0.0010180614023833337,0.0014199005438854328,4,4,0,0,True,freq_hrl_full_v4,freq_lr3e4_std05_activegate,2039,4057,tuning_validation_mechanism_diagnostic,full_method_nested_hpo_v2,e71e450a28940aa51ea98625171e91a6efc840d2,79590490efcc7dd75975795a340d82b6b88a46f7b52eb4da8297cf0a4a910403
68219,stationary_low_noise,none,zero_residual_frequency,-6.96153603234606e-05,-7.311443814850271e-05,3.4990778250421073e-06,-120.07232287992048,-124.3248356259613,4.252512746040821,6.96153603234606e-05,7.311443814850271e-05,3.4990778250421073e-06,0.021991154238342102,0.02192425952235484,6.689471598726043e-05,7.62187630710683e-05,4.122760619784454e-05,0.0008118093357552425,0.0012047721288076393,4,4,0,0,True,freq_hrl_full_v4,freq_lr3e4_std05_activegate,2039,4057,tuning_validation_mechanism_diagnostic,full_method_nested_hpo_v2,e71e450a28940aa51ea98625171e91a6efc840d2,79590490efcc7dd75975795a340d82b6b88a46f7b52eb4da8297cf0a4a910403
68227,stationary_low_noise,none,zero_residual_frequency,-7.142503714530068e-05,-7.317488818492368e-05,1.749851039622996e-06,-118.59844701288127,-120.66377528357341,2.0653282706921487,7.255008217743608e-05,7.414643651293407e-05,1.5963543354979848e-06,0.019531008981492383,0.01901782369429479,0.0005131852871975914,8.409761531614304e-05,4.847280494826078e-05,0.0008059184431810233,0.0011119620984320336,4,4,0,0,True,freq_hrl_full_v4,freq_lr3e4_std05_activegate,2039,4057,tuning_validation_mechanism_diagnostic,full_method_nested_hpo_v2,e71e450a28940aa51ea98625171e91a6efc840d2,79590490efcc7dd75975795a340d82b6b88a46f7b52eb4da8297cf0a4a910403
68207,stationary_low_noise,none,zero_residual_frequency,0.003151235533186192,0.003187894088545473,-3.665855535928131e-05,121.64423013511498,122.8661924669015,-1.2219623317865143,0.0007023676000608159,0.0006991728617145032,-3.1947383463126755e-06,0.5176211372949864,0.5168099705411533,0.0008111667538330813,9.830712807473852e-05,-0.00011023104952342664,0.0039215952244477294,0.004462079674218937,4,4,0,0,True,freq_hrl_full_v4,freq_lr3e4_std05_activegate,2053,4071,tuning_validation_mechanism_diagnostic,full_method_nested_hpo_v2,e71e450a28940aa51ea98625171e91a6efc840d2,79590490efcc7dd75975795a340d82b6b88a46f7b52eb4da8297cf0a4a910403
68209,stationary_low_noise,none,zero_residual_frequency,0.0014711103255866664,0.0015263388437483094,-5.522851816164298e-05,63.00567807105053,65.21077911465729,-2.205101043606753,0.0007723634935475898,0.0007525367037991559,-1.9826789748433882e-05,0.5035334626522959,0.5014606424987198,0.002072820153576127,0.00017584080396629252,-0.0002056329213553502,0.0057510163170971075,0.006723865057574585,4,4,0,0,True,freq_hrl_full_v4,freq_lr3e4_std05_activegate,2053,4071,tuning_validation_mechanism_diagnostic,full_method_nested_hpo_v2,e71e450a28940aa51ea98625171e91a6efc840d2,79590490efcc7dd75975795a340d82b6b88a46f7b52eb4da8297cf0a4a910403
68213,stationary_low_noise,none,zero_residual_frequency,0.003983826879320862,0.004021536917036883,-3.7710037716021105e-05,118.53655124821532,120.05107036901008,-1.514519120794759,0.0008501630639340396,0.0008431101133949959,-7.052950539043756e-06,0.652739527356078,0.6491644400905277,0.0035750872655503363,-0.0003510484733301206,-0.00046534826562830215,0.0056592660665046425,0.006168765116793414,4,4,0,0,True,freq_hrl_full_v4,freq_lr3e4_std05_activegate,2053,4071,tuning_validation_mechanism_diagnostic,full_method_nested_hpo_v2,e71e450a28940aa51ea98625171e91a6efc840d2,79590490efcc7dd75975795a340d82b6b88a46f7b52eb4da8297cf0a4a910403
68219,stationary_low_noise,none,zero_residual_frequency,0.0021643466156382463,0.002190075957142934,-2.5729341504687753e-05,89.50375683008053,90.67818678721773,-1.1744299571371926,0.0006703233433809075,0.0006633934727174884,-6.929870663419102e-06,0.5547091491093086,0.5527867968356913,0.001922352273617256,-6.286408586235947e-05,-0.00025794484586849896,0.004369149217058697,0.004933618055656552,4,4,0,0,True,freq_hrl_full_v4,freq_lr3e4_std05_activegate,2053,4071,tuning_validation_mechanism_diagnostic,full_method_nested_hpo_v2,e71e450a28940aa51ea98625171e91a6efc840d2,79590490efcc7dd75975795a340d82b6b88a46f7b52eb4da8297cf0a4a910403
68227,stationary_low_noise,none,zero_residual_frequency,0.003044420472746001,0.0030905839975539084,-4.616352480790731e-05,108.77993990957447,110.39782778705137,-1.6178878774769032,0.0006457802772109611,0.0006457836943208894,3.4171099283497597e-09,0.5424674619434517,0.5405538487467998,0.0019136131966519532,5.9268725232086674e-05,-0.0002100055722339784,0.004801238108403697,0.005831277514516842,4,4,0,0,True,freq_hrl_full_v4,freq_lr3e4_std05_activegate,2053,4071,tuning_validation_mechanism_diagnostic,full_method_nested_hpo_v2,e71e450a28940aa51ea98625171e91a6efc840d2,79590490efcc7dd75975795a340d82b6b88a46f7b52eb4da8297cf0a4a910403
68207,persistent_shift,none,zero_residual_frequency,-0.0002950796841976189,-0.00018424618122936387,-0.000110833502968255,-218.38766948121923,-123.66490569957777,-94.72276378164146,0.00030372040774551134,0.00019884326073937864,-0.00010487714700613271,0.02902299322380067,0.031018202082279456,-0.0019952088584787864,1.4750343816835738e-05,1.4612787421916738e-05,0.0014933115153850296,0.0016435533785839754,4,5,0,1,True,freq_hrl_full_v4,freq_lr3e4_std05_activegate,2026,2026,tuning_validation_mechanism_diagnostic,full_method_nested_hpo_v2,e71e450a28940aa51ea98625171e91a6efc840d2,79590490efcc7dd75975795a340d82b6b88a46f7b52eb4da8297cf0a4a910403
68209,persistent_shift,none,zero_residual_frequency,0.0001816400139991181,0.00024121306499980122,-5.957305100068311e-05,60.849210158369615,77.03792431457838,-16.18871415620876,0.00020552795323547368,0.0002017375794428622,-3.79037379261149e-06,0.042195253228626606,0.042040781867967086,0.00015447136065951939,1.2938771146732757e-05,5.657423993252449e-06,0.002516843892486362,0.0028694637573210002,4,4,0,0,True,freq_hrl_full_v4,freq_lr3e4_std05_activegate,2026,2026,tuning_validation_mechanism_diagnostic,full_method_nested_hpo_v2,e71e450a28940aa51ea98625171e91a6efc840d2,79590490efcc7dd75975795a340d82b6b88a46f7b52eb4da8297cf0a4a910403
68213,persistent_shift,none,zero_residual_frequency,-0.0004891726645016581,-0.0005078263659571425,1.8653701455484395e-05,-341.44718771907634,-336.88208987211925,-4.565097846957087,0.0004891726645016581,0.0005078263659571425,1.8653701455484395e-05,0.051218702616802184,0.049215383622817785,0.0020033189939843987,5.2123357332400935e-05,-1.742013305523936e-06,0.0020598725890446684,0.002681824556958645,4,4,0,0,True,freq_hrl_full_v4,freq_lr3e4_std05_activegate,2026,2026,tuning_validation_mechanism_diagnostic,full_method_nested_hpo_v2,e71e450a28940aa51ea98625171e91a6efc840d2,79590490efcc7dd75975795a340d82b6b88a46f7b52eb4da8297cf0a4a910403
68219,persistent_shift,none,zero_residual_frequency,-0.0005136285057494305,-0.0005062355282563491,-7.392977493081432e-06,-393.8610720117749,-388.5167335305066,-5.3443384812683234,0.0005136285057494305,0.0005062355282563491,-7.392977493081432e-06,0.03834625068716292,0.03811358264632836,0.00023266804083456327,3.811663593520173e-05,1.4031496246496253e-06,0.0019926182123334176,0.0021207778704409623,4,4,0,0,True,freq_hrl_full_v4,freq_lr3e4_std05_activegate,2026,2026,tuning_validation_mechanism_diagnostic,full_method_nested_hpo_v2,e71e450a28940aa51ea98625171e91a6efc840d2,79590490efcc7dd75975795a340d82b6b88a46f7b52eb4da8297cf0a4a910403
68227,persistent_shift,none,zero_residual_frequency,-0.00015489574211857704,-0.00016830562165748297,1.3409879538905933e-05,-128.69552033552557,-144.56779138355228,15.872271048026704,0.00015489574211857704,0.00016830562165748297,1.3409879538905933e-05,0.027812440487291423,0.025738201275412775,0.0020742392118786486,4.387425811810047e-05,1.578103407398529e-05,0.002149497002492574,0.0024031318388520306,4,4,0,0,True,freq_hrl_full_v4,freq_lr3e4_std05_activegate,2026,2026,tuning_validation_mechanism_diagnostic,full_method_nested_hpo_v2,e71e450a28940aa51ea98625171e91a6efc840d2,79590490efcc7dd75975795a340d82b6b88a46f7b52eb4da8297cf0a4a910403
68207,persistent_shift,none,zero_residual_frequency,-0.0003261984977668275,-0.0003171438774705049,-9.054620296322646e-06,-76.52793750330306,-67.97144901800159,-8.556488485301472,0.0005013865554325259,0.0005129259861510471,1.153943071852126e-05,0.03362356557887819,0.03513310311971609,-0.0015095375408379005,-1.2260052092885672e-05,-1.1493319836946014e-05,0.0009820075987420295,0.0008997491022859727,24,24,23,23,True,freq_hrl_full_v4,freq_lr3e4_std05_activegate,2039,2039,tuning_validation_mechanism_diagnostic,full_method_nested_hpo_v2,e71e450a28940aa51ea98625171e91a6efc840d2,79590490efcc7dd75975795a340d82b6b88a46f7b52eb4da8297cf0a4a910403
68209,persistent_shift,none,zero_residual_frequency,-0.0003203050165370147,-0.00028784596957387443,-3.245904696314028e-05,-121.51625057502423,-105.19500020412767,-16.321250370896564,0.0003203050165370147,0.00028784596957387443,-3.245904696314028e-05,0.027121759485267273,0.0282828062969825,-0.0011610468117152287,3.393766616218437e-05,3.958848946630936e-05,0.0013602621541205433,0.00105473352703282,17,17,15,15,True,freq_hrl_full_v4,freq_lr3e4_std05_activegate,2039,2039,tuning_validation_mechanism_diagnostic,full_method_nested_hpo_v2,e71e450a28940aa51ea98625171e91a6efc840d2,79590490efcc7dd75975795a340d82b6b88a46f7b52eb4da8297cf0a4a910403
68213,persistent_shift,none,zero_residual_frequency,-0.0006507227507237534,-0.0006370690078094654,-1.3653742914288003e-05,-119.20164305999391,-116.78670155345708,-2.4149415065368345,0.0008418396988769672,0.0008369895752414758,-4.850123635491421e-06,0.043217297030000754,0.04310391202935185,0.00011338500064890511,-2.639761688445723e-05,-1.0297552650248921e-05,0.0013702668622954661,0.0009786108287749408,24,22,23,21,True,freq_hrl_full_v4,freq_lr3e4_std05_activegate,2039,2039,tuning_validation_mechanism_diagnostic,full_method_nested_hpo_v2,e71e450a28940aa51ea98625171e91a6efc840d2,79590490efcc7dd75975795a340d82b6b88a46f7b52eb4da8297cf0a4a910403
68219,persistent_shift,none,zero_residual_frequency,-0.0008303394540877251,-0.0008418535865702959,1.1514132482570716e-05,-130.96492519282256,-126.97419204592327,-3.990733146899288,0.0009330314972009202,0.0009579184594354917,2.488696223457154e-05,0.051243099857368316,0.05237343953618962,-0.0011303396788213058,-8.704469730122742e-06,-2.8592175551010713e-05,0.0011465319189975767,0.001009451471521869,24,24,23,23,True,freq_hrl_full_v4,freq_lr3e4_std05_activegate,2039,2039,tuning_validation_mechanism_diagnostic,full_method_nested_hpo_v2,e71e450a28940aa51ea98625171e91a6efc840d2,79590490efcc7dd75975795a340d82b6b88a46f7b52eb4da8297cf0a4a910403
68227,persistent_shift,none,zero_residual_frequency,-0.00034958517980365755,-0.0003423702226036385,-7.214957200019079e-06,-99.83501270417948,-99.28638849667524,-0.5486242075042327,0.0004483025155714859,0.0004397121555897998,-8.590359981686113e-06,0.033787849369933995,0.032239604563341726,0.0015482448065922694,1.7149507223664384e-05,-1.834970266834956e-05,0.001276642217669001,0.001149950960399969,24,24,23,23,True,freq_hrl_full_v4,freq_lr3e4_std05_activegate,2039,2039,tuning_validation_mechanism_diagnostic,full_method_nested_hpo_v2,e71e450a28940aa51ea98625171e91a6efc840d2,79590490efcc7dd75975795a340d82b6b88a46f7b52eb4da8297cf0a4a910403
68207,persistent_shift,none,zero_residual_frequency,-0.0013888514719244682,-0.001580471225072877,0.00019161975314840873,-23.734528899535167,-27.353695817118155,3.6191669175829873,0.003875908759348623,0.003998048346518401,0.00012213958716977835,0.9571831971697005,0.9457111472501089,0.01147204991959161,0.00014795469858734943,1.5596025191591724e-05,0.011396101914174828,0.011516012131889714,4,4,0,0,True,freq_hrl_full_v4,freq_lr3e4_std05_activegate,2053,2053,tuning_validation_mechanism_diagnostic,full_method_nested_hpo_v2,e71e450a28940aa51ea98625171e91a6efc840d2,79590490efcc7dd75975795a340d82b6b88a46f7b52eb4da8297cf0a4a910403
68209,persistent_shift,none,zero_residual_frequency,0.00329579708483152,0.003011098418285618,0.0002846986665459017,62.78845591354579,58.28984979433488,4.498606119210912,0.001907624396421892,0.0019294144864004936,2.1790089978601657e-05,0.8504676629310812,0.8444841628981825,0.005983500032898714,0.00011581709309463644,-0.0001222687750396975,0.018028398093156282,0.019409582883721063,4,4,0,0,True,freq_hrl_full_v4,freq_lr3e4_std05_activegate,2053,2053,tuning_validation_mechanism_diagnostic,full_method_nested_hpo_v2,e71e450a28940aa51ea98625171e91a6efc840d2,79590490efcc7dd75975795a340d82b6b88a46f7b52eb4da8297cf0a4a910403
68213,persistent_shift,none,zero_residual_frequency,0.0004999083388821379,0.00015100850378813035,0.00034889983509400757,8.080914081649334,2.4856965978974177,5.595217483751917,0.0038424260167276847,0.004054696570522154,0.00021227055379446913,1.0417302102538089,1.0385993727086587,0.0031308375451502,0.0002837811722230235,1.3475650943449622e-05,0.017013963671828,0.01876119515412332,4,4,0,0,True,freq_hrl_full_v4,freq_lr3e4_std05_activegate,2053,2053,tuning_validation_mechanism_diagnostic,full_method_nested_hpo_v2,e71e450a28940aa51ea98625171e91a6efc840d2,79590490efcc7dd75975795a340d82b6b88a46f7b52eb4da8297cf0a4a910403
68219,persistent_shift,none,zero_residual_frequency,-0.0048767965004261615,-0.005042387423557004,0.00016559092313084278,-83.69866650129202,-87.05844293739119,3.3597764360991675,0.006808036133834627,0.006902456081605113,9.441994777048546e-05,1.0415390330067256,1.0412845320593578,0.00025450094736778617,0.00026989352515951147,3.0307302973714272e-05,0.012298472389941001,0.011681010426319617,4,4,0,0,True,freq_hrl_full_v4,freq_lr3e4_std05_activegate,2053,2053,tuning_validation_mechanism_diagnostic,full_method_nested_hpo_v2,e71e450a28940aa51ea98625171e91a6efc840d2,79590490efcc7dd75975795a340d82b6b88a46f7b52eb4da8297cf0a4a910403
68227,persistent_shift,none,zero_residual_frequency,0.00030241097389871463,0.0001399499167709095,0.00016246105712780512,6.92361107881632,3.2609027305309946,3.6627083482853253,0.0026429171979305277,0.002638881884412636,-4.035313517891659e-06,0.8158402725296534,0.8130094951734878,0.002830777356165659,8.384389527645545e-05,-1.4527294274393786e-05,0.01441619117516287,0.012556996261668651,4,4,0,0,True,freq_hrl_full_v4,freq_lr3e4_std05_activegate,2053,2053,tuning_validation_mechanism_diagnostic,full_method_nested_hpo_v2,e71e450a28940aa51ea98625171e91a6efc840d2,79590490efcc7dd75975795a340d82b6b88a46f7b52eb4da8297cf0a4a910403
68207,ood_period,none,zero_residual_frequency,0.024876595836204274,0.024986166218459616,-0.00010957038225534177,189.68243817901345,189.76883457169635,-0.08639639268290011,0.0005690838964429457,0.0005725070215265582,3.4231250836125326e-06,0.9167545727194205,0.9201953225806639,-0.0034407498612434306,-0.00012045133328734931,-0.00011076285287996004,0.006655576959423746,0.004873947434114396,24,24,23,23,True,freq_hrl_full_v4,freq_lr3e4_std05_activegate,2026,7071,tuning_validation_mechanism_diagnostic,full_method_nested_hpo_v2,e71e450a28940aa51ea98625171e91a6efc840d2,79590490efcc7dd75975795a340d82b6b88a46f7b52eb4da8297cf0a4a910403
68209,ood_period,none,zero_residual_frequency,0.016995871727496725,0.016987485469869057,8.386257627668314e-06,146.05241335845815,146.08534149757173,-0.03292813911357939,0.0018468397453040852,0.0018292124697302237,-1.7627275573861567e-05,0.8701768670619769,0.869392189890188,0.0007846771717889833,7.404473983507195e-05,-0.00014491596062238631,0.010032459654111233,0.00832020095735465,23,23,22,22,True,freq_hrl_full_v4,freq_lr3e4_std05_activegate,2026,7071,tuning_validation_mechanism_diagnostic,full_method_nested_hpo_v2,e71e450a28940aa51ea98625171e91a6efc840d2,79590490efcc7dd75975795a340d82b6b88a46f7b52eb4da8297cf0a4a910403
68213,ood_period,none,zero_residual_frequency,0.02312561381569056,0.0231730272188575,-4.7413403166940427e-05,170.42727968513674,170.8386626237377,-0.4113829386009513,0.0007438548557013869,0.0007366039458366336,-7.2509098647532966e-06,0.9267393111109458,0.9281772428697138,-0.0014379317587680518,-0.0002312284632295071,-0.00015207619914886408,0.01112883591655797,0.007937251914457495,22,22,21,21,True,freq_hrl_full_v4,freq_lr3e4_std05_activegate,2026,7071,tuning_validation_mechanism_diagnostic,full_method_nested_hpo_v2,e71e450a28940aa51ea98625171e91a6efc840d2,79590490efcc7dd75975795a340d82b6b88a46f7b52eb4da8297cf0a4a910403
68219,ood_period,none,zero_residual_frequency,0.015792466356182144,0.015942591279088036,-0.00015012492290589208,146.23919841269299,146.51283468252512,-0.2736362698321386,0.001147231801775006,0.001163790328172265,1.6558526397258966e-05,0.8092485269204625,0.8141154801057305,-0.004866953185268086,-8.288505809766385e-05,-0.0001371318179947673,0.006521448084458825,0.005083856990192241,24,24,23,23,True,freq_hrl_full_v4,freq_lr3e4_std05_activegate,2026,7071,tuning_validation_mechanism_diagnostic,full_method_nested_hpo_v2,e71e450a28940aa51ea98625171e91a6efc840d2,79590490efcc7dd75975795a340d82b6b88a46f7b52eb4da8297cf0a4a910403
68227,ood_period,none,zero_residual_frequency,0.019051430038589112,0.019157689114689402,-0.00010625907610029017,153.91418463781253,154.11969280085583,-0.2055081630433051,0.0007867472147304877,0.000776789320679705,-9.957894050782734e-06,0.9093750764747673,0.9129225792205209,-0.00354750274575355,-0.00012208383334753986,-0.00014000853144095242,0.007885692770246856,0.006229048079856309,24,24,23,23,True,freq_hrl_full_v4,freq_lr3e4_std05_activegate,2026,7071,tuning_validation_mechanism_diagnostic,full_method_nested_hpo_v2,e71e450a28940aa51ea98625171e91a6efc840d2,79590490efcc7dd75975795a340d82b6b88a46f7b52eb4da8297cf0a4a910403
68207,ood_period,none,zero_residual_frequency,0.03768020860019283,0.03774363148493731,-6.342288474447955e-05,169.37234898306207,169.54039645232817,-0.16804746926609937,0.0009914600055261902,0.0009989792719220514,7.519266395861202e-06,1.0151845912190363,1.013464621995923,0.001719969223113349,-0.0004152671015264001,-0.00025809939522614903,0.012337797640571403,0.009937196517946886,24,24,23,23,True,freq_hrl_full_v4,freq_lr3e4_std05_activegate,2039,7084,tuning_validation_mechanism_diagnostic,full_method_nested_hpo_v2,e71e450a28940aa51ea98625171e91a6efc840d2,79590490efcc7dd75975795a340d82b6b88a46f7b52eb4da8297cf0a4a910403
68209,ood_period,none,zero_residual_frequency,0.02399270513873386,0.024166274986195946,-0.00017356984746208504,120.93342465760497,121.84404136795021,-0.9106167103452378,0.003325537558245162,0.0033040616781752075,-2.147588006995438e-05,1.0121836865915368,1.0065653810161943,0.005618305575342486,8.041067355652417e-05,-0.0002748976222901469,0.018267880573815395,0.013207593236115322,24,24,23,23,True,freq_hrl_full_v4,freq_lr3e4_std05_activegate,2039,7084,tuning_validation_mechanism_diagnostic,full_method_nested_hpo_v2,e71e450a28940aa51ea98625171e91a6efc840d2,79590490efcc7dd75975795a340d82b6b88a46f7b52eb4da8297cf0a4a910403
68213,ood_period,none,zero_residual_frequency,0.03297978355412834,0.033141763447288586,-0.00016197989316024675,159.4741489014415,160.0810963467045,-0.606947445262989,0.0030294841339230105,0.003030123068676449,6.389347534385692e-07,1.0261587585126668,1.0184006147787348,0.007758143733932021,2.214098046450167e-05,-8.107290168117651e-05,0.014810111886112686,0.012702072136703968,24,24,23,23,True,freq_hrl_full_v4,freq_lr3e4_std05_activegate,2039,7084,tuning_validation_mechanism_diagnostic,full_method_nested_hpo_v2,e71e450a28940aa51ea98625171e91a6efc840d2,79590490efcc7dd75975795a340d82b6b88a46f7b52eb4da8297cf0a4a910403
68219,ood_period,none,zero_residual_frequency,0.02764945294794119,0.027798163183203384,-0.00014871023526219496,145.43473782816957,145.8074559473024,-0.37271811913282704,0.0021848081283982745,0.0022155707731913443,3.076264479306978e-05,1.0060150431939325,1.0029400929678998,0.003074950226032769,-0.00031185095363500594,-0.0002517282365031913,0.01152724654754517,0.007545442048730265,24,24,23,23,True,freq_hrl_full_v4,freq_lr3e4_std05_activegate,2039,7084,tuning_validation_mechanism_diagnostic,full_method_nested_hpo_v2,e71e450a28940aa51ea98625171e91a6efc840d2,79590490efcc7dd75975795a340d82b6b88a46f7b52eb4da8297cf0a4a910403
68227,ood_period,none,zero_residual_frequency,0.02826742681749983,0.028397327082654966,-0.0001299002651551362,135.7332090838358,135.9163321113931,-0.1831230275573148,0.0028025216419578225,0.0028282910105535963,2.5769368595773834e-05,1.0108088564617008,1.0089238081174026,0.0018850483442982569,-0.000389894224416156,-0.00024245071963754054,0.014929737950013884,0.011498183614700489,24,24,23,23,True,freq_hrl_full_v4,freq_lr3e4_std05_activegate,2039,7084,tuning_validation_mechanism_diagnostic,full_method_nested_hpo_v2,e71e450a28940aa51ea98625171e91a6efc840d2,79590490efcc7dd75975795a340d82b6b88a46f7b52eb4da8297cf0a4a910403
68207,ood_period,none,zero_residual_frequency,0.003124652927229743,0.003215628727421649,-9.097580019190588e-05,61.55963389986078,63.02810066257761,-1.4684667627168295,0.001933927514760514,0.0018899606739715136,-4.396684078900037e-05,0.9735595689730907,0.9725754383238743,0.0009841306492164303,0.0002754415584063874,0.00017042543383611014,0.010022345881023081,0.009181887286508249,4,4,0,0,True,freq_hrl_full_v4,freq_lr3e4_std05_activegate,2053,7098,tuning_validation_mechanism_diagnostic,full_method_nested_hpo_v2,e71e450a28940aa51ea98625171e91a6efc840d2,79590490efcc7dd75975795a340d82b6b88a46f7b52eb4da8297cf0a4a910403
68209,ood_period,none,zero_residual_frequency,-0.0005340507661895089,-0.0004429090930704316,-9.114167311907728e-05,-11.684874786872625,-9.636288542561203,-2.048586244311421,0.0033446626954865,0.003310994122859956,-3.366857262654399e-05,0.9590800490178137,0.960388421689181,-0.0013083726713672972,0.0005619565578790064,0.00021056366140462018,0.014901414390078572,0.015520563803834698,4,4,0,0,True,freq_hrl_full_v4,freq_lr3e4_std05_activegate,2053,7098,tuning_validation_mechanism_diagnostic,full_method_nested_hpo_v2,e71e450a28940aa51ea98625171e91a6efc840d2,79590490efcc7dd75975795a340d82b6b88a46f7b52eb4da8297cf0a4a910403
68213,ood_period,none,zero_residual_frequency,0.00706940629534869,0.0071535452615314465,-8.413896618275629e-05,87.33273749375815,87.92526950166767,-0.5925320079095258,0.0022047255956251233,0.002236825501869766,3.209990624464254e-05,1.2390408396499764,1.2425327492686444,-0.0034919096186680765,0.0006226413538791987,0.0002855965377504947,0.013743394325077436,0.012734723646078944,4,4,0,0,True,freq_hrl_full_v4,freq_lr3e4_std05_activegate,2053,7098,tuning_validation_mechanism_diagnostic,full_method_nested_hpo_v2,e71e450a28940aa51ea98625171e91a6efc840d2,79590490efcc7dd75975795a340d82b6b88a46f7b52eb4da8297cf0a4a910403
68219,ood_period,none,zero_residual_frequency,0.003292224824163359,0.003397145510684263,-0.00010492068652090403,59.17246268776114,60.79262909183271,-1.6201664040715684,0.002316108925853211,0.002272883267853687,-4.3225657999523825e-05,0.9287705675483069,0.9238411822871745,0.004929385261132402,0.000494387072680629,0.00028731173604050047,0.012427268417114747,0.010426603144434112,4,4,0,0,True,freq_hrl_full_v4,freq_lr3e4_std05_activegate,2053,7098,tuning_validation_mechanism_diagnostic,full_method_nested_hpo_v2,e71e450a28940aa51ea98625171e91a6efc840d2,79590490efcc7dd75975795a340d82b6b88a46f7b52eb4da8297cf0a4a910403
68227,ood_period,none,zero_residual_frequency,0.0034660153418328843,0.00354861312046717,-8.259777863428575e-05,59.0467336864328,59.908749676090174,-0.8620159896573725,0.001901944792155108,0.0019188186998323475,1.6873907677239508e-05,1.0104570522432177,1.0140547342640596,-0.0035976820208418747,0.0005631237719618056,0.00026114155280706884,0.015217551662802482,0.012360413743550047,4,4,0,0,True,freq_hrl_full_v4,freq_lr3e4_std05_activegate,2053,7098,tuning_validation_mechanism_diagnostic,full_method_nested_hpo_v2,e71e450a28940aa51ea98625171e91a6efc840d2,79590490efcc7dd75975795a340d82b6b88a46f7b52eb4da8297cf0a4a910403
68207,stationary_low_noise,none,zero_residual_frequency,0.0010709783797711037,0.0010754360198346191,-4.457640063515456e-06,87.99910598090287,89.00335601992013,-1.0042500390172648,0.0002434579073080645,0.00024014112223968986,-3.316785068374628e-06,0.20269869668608642,0.2012021574187131,0.0014965392673733091,0.0003074447487662814,0.00028570340184048916,0.004013199868677475,0.004122465922046103,4,4,0,0,True,freq_hrl_full_v4,freq_lr3e4_std10_balanced,2026,4044,tuning_validation_mechanism_diagnostic,full_method_nested_hpo_v2,e71e450a28940aa51ea98625171e91a6efc840d2,79590490efcc7dd75975795a340d82b6b88a46f7b52eb4da8297cf0a4a910403
68209,stationary_low_noise,none,zero_residual_frequency,0.0003122715263284004,0.00027270206759921756,3.956945872918283e-05,28.884934614481235,26.092559665393882,2.7923749490873533,0.0005035328341149725,0.0004982295657922631,-5.303268322709442e-06,0.19799863984744598,0.194953212659361,0.0030454271880849815,0.0003072188549889856,0.0002412267581804047,0.004243304115556788,0.005348300826315406,4,4,0,0,True,freq_hrl_full_v4,freq_lr3e4_std10_balanced,2026,4044,tuning_validation_mechanism_diagnostic,full_method_nested_hpo_v2,e71e450a28940aa51ea98625171e91a6efc840d2,79590490efcc7dd75975795a340d82b6b88a46f7b52eb4da8297cf0a4a910403
68213,stationary_low_noise,none,zero_residual_frequency,0.0012119319964014608,0.0012147957999464332,-2.8638035449723986e-06,105.27309093279979,105.5780465033416,-0.3049555705418072,0.00018935803277486674,0.0001876514290712894,-1.7066037035773363e-06,0.24756968860633619,0.24719562470391432,0.00037406390242186727,0.0003327458923960693,0.00024227677356211214,0.004396522367925273,0.004948264397413974,4,4,0,0,True,freq_hrl_full_v4,freq_lr3e4_std10_balanced,2026,4044,tuning_validation_mechanism_diagnostic,full_method_nested_hpo_v2,e71e450a28940aa51ea98625171e91a6efc840d2,79590490efcc7dd75975795a340d82b6b88a46f7b52eb4da8297cf0a4a910403
68219,stationary_low_noise,none,zero_residual_frequency,0.0009167497924220669,0.000922838298184292,-6.088505762225083e-06,81.74463333453913,82.91220954693335,-1.1675762123942235,0.0001836708425591027,0.00018278513742098212,-8.857051381205849e-07,0.20193339888650907,0.1999372933199487,0.00199610556656038,0.0003235993131310397,0.00031472919139921346,0.0034385881182970477,0.004138600751401909,4,4,0,0,True,freq_hrl_full_v4,freq_lr3e4_std10_balanced,2026,4044,tuning_validation_mechanism_diagnostic,full_method_nested_hpo_v2,e71e450a28940aa51ea98625171e91a6efc840d2,79590490efcc7dd75975795a340d82b6b88a46f7b52eb4da8297cf0a4a910403
68227,stationary_low_noise,none,zero_residual_frequency,0.0012361552736543935,0.0012475265027529492,-1.1371229098555702e-05,105.96926366281956,106.29064179366026,-0.3213781308406993,0.00023646745602434738,0.00023828161461825204,1.8141585939046578e-06,0.208589895496165,0.20664135639899647,0.0019485390971685224,0.00030120389024209944,0.0002738924160003956,0.0038111344931166967,0.0044391780725871076,4,4,0,0,True,freq_hrl_full_v4,freq_lr3e4_std10_balanced,2026,4044,tuning_validation_mechanism_diagnostic,full_method_nested_hpo_v2,e71e450a28940aa51ea98625171e91a6efc840d2,79590490efcc7dd75975795a340d82b6b88a46f7b52eb4da8297cf0a4a910403
68207,stationary_low_noise,none,zero_residual_frequency,0.0033411710294422026,0.003335284802113536,5.8862273286663935e-06,112.61837114631307,113.7595310877873,-1.1411599414742284,0.0004456150379260615,0.00045197361589988105,6.358577973819557e-06,0.6468635074988796,0.6372780342925609,0.00958547320631864,-0.0013158259515958562,-0.0011385279567258124,0.008753429775323538,0.009777733705090618,4,4,0,0,True,freq_hrl_full_v4,freq_lr3e4_std10_balanced,2039,4057,tuning_validation_mechanism_diagnostic,full_method_nested_hpo_v2,e71e450a28940aa51ea98625171e91a6efc840d2,79590490efcc7dd75975795a340d82b6b88a46f7b52eb4da8297cf0a4a910403
68209,stationary_low_noise,none,zero_residual_frequency,0.0019369211772273243,0.0019080359410799108,2.888523614741345e-05,71.76410485681254,71.60880820784058,0.15529664897195516,0.0004137505506700556,0.0004133459175741372,-4.0463309591842744e-07,0.5984958545074457,0.5943443800795319,0.004151474427913748,-0.0011965977870589915,-0.0011187728319482378,0.011002078063873138,0.011925607398572739,4,4,0,0,True,freq_hrl_full_v4,freq_lr3e4_std10_balanced,2039,4057,tuning_validation_mechanism_diagnostic,full_method_nested_hpo_v2,e71e450a28940aa51ea98625171e91a6efc840d2,79590490efcc7dd75975795a340d82b6b88a46f7b52eb4da8297cf0a4a910403
68213,stationary_low_noise,none,zero_residual_frequency,0.005626340460100021,0.00584297766801023,-0.00021663720791020857,159.80778895853328,161.13199433282307,-1.3242053742897895,0.0003919116558362967,0.00041732091102641977,2.5409255190123048e-05,0.7627181362549676,0.7732321990846901,-0.010514062829722448,-0.0016210837713038432,-0.0013101186148339883,0.014346196949756833,0.01680169468454551,4,4,0,0,True,freq_hrl_full_v4,freq_lr3e4_std10_balanced,2039,4057,tuning_validation_mechanism_diagnostic,full_method_nested_hpo_v2,e71e450a28940aa51ea98625171e91a6efc840d2,79590490efcc7dd75975795a340d82b6b88a46f7b52eb4da8297cf0a4a910403
68219,stationary_low_noise,none,zero_residual_frequency,0.0033106238363618257,0.0033462887683377573,-3.566493197593168e-05,118.15538263562799,119.25941575790644,-1.1040331222784516,0.00030440661622044285,0.00031235871776558177,7.952101545138923e-06,0.6582974778897874,0.6554505391764653,0.002846938713322089,-0.001380673637722762,-0.0012193402711866504,0.009279242493923649,0.010010806036492188,4,4,0,0,True,freq_hrl_full_v4,freq_lr3e4_std10_balanced,2039,4057,tuning_validation_mechanism_diagnostic,full_method_nested_hpo_v2,e71e450a28940aa51ea98625171e91a6efc840d2,79590490efcc7dd75975795a340d82b6b88a46f7b52eb4da8297cf0a4a910403
68227,stationary_low_noise,none,zero_residual_frequency,0.003646837044787521,0.0036466310585603345,2.0598622718637216e-07,118.28851464911443,118.55278320205898,-0.264268552944543,0.0003535746648190008,0.00035520323730231507,1.6285724833142723e-06,0.6527162123895,0.6514399581563468,0.0012762542331531401,-0.0012020281075892415,-0.0011444926214315724,0.008271264014345232,0.008910071282945057,4,4,0,0,True,freq_hrl_full_v4,freq_lr3e4_std10_balanced,2039,4057,tuning_validation_mechanism_diagnostic,full_method_nested_hpo_v2,e71e450a28940aa51ea98625171e91a6efc840d2,79590490efcc7dd75975795a340d82b6b88a46f7b52eb4da8297cf0a4a910403
68207,stationary_low_noise,none,zero_residual_frequency,-0.0001047915825280743,-0.00010054210439236488,-4.249478135709417e-06,-228.71537766937274,-217.26208155195965,-11.453296117413089,0.0001047915825280743,0.00010054210439236488,-4.249478135709417e-06,0.013875147044003984,0.014153051802824761,-0.00027790475882077774,4.434561337469445e-05,2.2439593373653665e-05,0.0009406471741625763,0.0010708925616073532,4,4,0,0,True,freq_hrl_full_v4,freq_lr3e4_std10_balanced,2053,4071,tuning_validation_mechanism_diagnostic,full_method_nested_hpo_v2,e71e450a28940aa51ea98625171e91a6efc840d2,79590490efcc7dd75975795a340d82b6b88a46f7b52eb4da8297cf0a4a910403
68209,stationary_low_noise,none,zero_residual_frequency,-0.00015675882019483556,-0.00015443365460432457,-2.3251655905109914e-06,-344.20118524759147,-363.67746116267335,19.476275915081885,0.00015675882019483556,0.00015443365460432457,-2.3251655905109914e-06,0.01528352826455223,0.014670979738034665,0.0006125485265175649,4.415793183983119e-05,2.8974942886815124e-05,0.0012490993056297206,0.0012842687749033152,4,4,0,0,True,freq_hrl_full_v4,freq_lr3e4_std10_balanced,2053,4071,tuning_validation_mechanism_diagnostic,full_method_nested_hpo_v2,e71e450a28940aa51ea98625171e91a6efc840d2,79590490efcc7dd75975795a340d82b6b88a46f7b52eb4da8297cf0a4a910403
68213,stationary_low_noise,none,zero_residual_frequency,-5.784442201328677e-05,-5.077511342332919e-05,-7.069308589957579e-06,-82.20421276199974,-70.26515673087803,-11.939056031121709,5.784442201328677e-05,5.077511342332919e-05,-7.069308589957579e-06,0.02033201853206618,0.020703996698404628,-0.00037197816633844846,1.8003831438835905e-05,6.1463095266017804e-06,0.0013433101465055743,0.0015217353677257962,4,4,0,0,True,freq_hrl_full_v4,freq_lr3e4_std10_balanced,2053,4071,tuning_validation_mechanism_diagnostic,full_method_nested_hpo_v2,e71e450a28940aa51ea98625171e91a6efc840d2,79590490efcc7dd75975795a340d82b6b88a46f7b52eb4da8297cf0a4a910403
68219,stationary_low_noise,none,zero_residual_frequency,-5.295349249523351e-05,-4.9481022215580595e-05,-3.4724702796529172e-06,-102.95355086436632,-95.79143826568313,-7.162112598683194,5.746655059069017e-05,5.386817863084481e-05,-3.598371959845359e-06,0.013728127081927064,0.013664444216131482,6.368286579558173e-05,3.6300680393073284e-05,1.7892765848598776e-05,0.000922016699253921,0.0010551292470609042,4,4,0,0,True,freq_hrl_full_v4,freq_lr3e4_std10_balanced,2053,4071,tuning_validation_mechanism_diagnostic,full_method_nested_hpo_v2,e71e450a28940aa51ea98625171e91a6efc840d2,79590490efcc7dd75975795a340d82b6b88a46f7b52eb4da8297cf0a4a910403
68227,stationary_low_noise,none,zero_residual_frequency,-7.057332871551747e-05,-6.535573988619703e-05,-5.217588829320441e-06,-132.66437746356766,-119.44109463628139,-13.223282827286269,7.251067845281955e-05,6.738495084057661e-05,-5.125727612242947e-06,0.013886290635730367,0.014029417671598408,-0.00014312703586804101,3.9096998485640326e-05,1.4472639798003212e-05,0.0009645585830614638,0.0010468087854608003,4,4,0,0,True,freq_hrl_full_v4,freq_lr3e4_std10_balanced,2053,4071,tuning_validation_mechanism_diagnostic,full_method_nested_hpo_v2,e71e450a28940aa51ea98625171e91a6efc840d2,79590490efcc7dd75975795a340d82b6b88a46f7b52eb4da8297cf0a4a910403
68207,persistent_shift,none,zero_residual_frequency,0.011274708652250442,0.011159394327501237,0.000115314324749205,191.38226183636434,190.6050514082941,0.7772104280702479,0.0004551795171809925,0.0004535308635542634,-1.6486536267290575e-06,0.6093147382897461,0.6035454124734345,0.005769325816311621,0.00013849653554823144,9.192392702676203e-05,0.015363709650894937,0.01583762579021924,4,4,0,0,True,freq_hrl_full_v4,freq_lr3e4_std10_balanced,2026,2026,tuning_validation_mechanism_diagnostic,full_method_nested_hpo_v2,e71e450a28940aa51ea98625171e91a6efc840d2,79590490efcc7dd75975795a340d82b6b88a46f7b52eb4da8297cf0a4a910403
68209,persistent_shift,none,zero_residual_frequency,0.010111566671915373,0.01036036677422314,-0.00024880010230776683,175.804515657234,177.74473153146272,-1.940215874228727,0.00044682187020606,0.0004816266698959293,3.480479968986927e-05,0.6665532497100539,0.6693796036280126,-0.0028263539179587127,0.0002787718179239452,5.609552141888718e-05,0.025091023941382042,0.025898661009139488,4,4,0,0,True,freq_hrl_full_v4,freq_lr3e4_std10_balanced,2026,2026,tuning_validation_mechanism_diagnostic,full_method_nested_hpo_v2,e71e450a28940aa51ea98625171e91a6efc840d2,79590490efcc7dd75975795a340d82b6b88a46f7b52eb4da8297cf0a4a910403
68213,persistent_shift,none,zero_residual_frequency,0.01336896213213068,0.013482853934518646,-0.00011389180238796648,217.24703522295778,217.46477125598497,-0.2177360330271938,0.00026942948054820004,0.0003026509288239776,3.3221448275777554e-05,0.7130966684934412,0.7121824413566555,0.0009142271367856836,0.00025413525774768355,6.626688616059677e-05,0.024143442473400178,0.024811882869754397,4,4,0,0,True,freq_hrl_full_v4,freq_lr3e4_std10_balanced,2026,2026,tuning_validation_mechanism_diagnostic,full_method_nested_hpo_v2,e71e450a28940aa51ea98625171e91a6efc840d2,79590490efcc7dd75975795a340d82b6b88a46f7b52eb4da8297cf0a4a910403
68219,persistent_shift,none,zero_residual_frequency,0.008506563845573467,0.00850351681189454,3.0470336789267805e-06,160.7216080584513,159.9994478341498,0.72216022430149,0.0004906912506263961,0.0005312490603104347,4.055780968403866e-05,0.6513264783411401,0.6593034588464095,-0.007976980505269404,0.0002531278713839132,0.0001404768015731119,0.016941044351794214,0.017159425357304928,4,4,0,0,True,freq_hrl_full_v4,freq_lr3e4_std10_balanced,2026,2026,tuning_validation_mechanism_diagnostic,full_method_nested_hpo_v2,e71e450a28940aa51ea98625171e91a6efc840d2,79590490efcc7dd75975795a340d82b6b88a46f7b52eb4da8297cf0a4a910403
68227,persistent_shift,none,zero_residual_frequency,0.00894864722365396,0.00910511948302073,-0.0001564722593667689,172.54654474481163,174.4036364195645,-1.8570916747528656,0.0002783719386170169,0.00029061417175046955,1.2242233133452629e-05,0.5720804057450446,0.5691193328126438,0.0029610729324007767,0.000296959957827276,0.00010345153748646358,0.01995344379275694,0.01956314374951439,4,4,0,0,True,freq_hrl_full_v4,freq_lr3e4_std10_balanced,2026,2026,tuning_validation_mechanism_diagnostic,full_method_nested_hpo_v2,e71e450a28940aa51ea98625171e91a6efc840d2,79590490efcc7dd75975795a340d82b6b88a46f7b52eb4da8297cf0a4a910403
68207,persistent_shift,none,zero_residual_frequency,0.025757120004865186,0.025646953721518928,0.000110166283346258,214.79370282247072,214.2011857441444,0.592517078326324,0.000810706448284515,0.0008248767434736459,1.4170295189130933e-05,0.8117300742876936,0.8087868267176715,0.0029432475700220673,0.00015277079568388045,7.766188929391852e-05,0.01398247251236171,0.013579894655332384,4,4,0,0,True,freq_hrl_full_v4,freq_lr3e4_std10_balanced,2039,2039,tuning_validation_mechanism_diagnostic,full_method_nested_hpo_v2,e71e450a28940aa51ea98625171e91a6efc840d2,79590490efcc7dd75975795a340d82b6b88a46f7b52eb4da8297cf0a4a910403
68209,persistent_shift,none,zero_residual_frequency,0.022095673231683266,0.022365102045835306,-0.00026942881415203956,188.10410813830885,187.68283071597423,0.42127742233461163,0.002103296590707515,0.0021599781651252536,5.668157441773847e-05,0.899929743205532,0.9108232631220555,-0.010893519916523542,6.69428003052042e-05,0.00011448355243618184,0.022723090669993933,0.01860348295303993,4,4,0,0,True,freq_hrl_full_v4,freq_lr3e4_std10_balanced,2039,2039,tuning_validation_mechanism_diagnostic,full_method_nested_hpo_v2,e71e450a28940aa51ea98625171e91a6efc840d2,79590490efcc7dd75975795a340d82b6b88a46f7b52eb4da8297cf0a4a910403
68213,persistent_shift,none,zero_residual_frequency,0.030810965410740687,0.03069565535538521,0.00011531005535547756,204.03223730412176,202.94985087324014,1.082386430881627,0.0010971482182320358,0.001151562682980889,5.441446474885314e-05,1.0284870976576896,1.0315097188400322,-0.003022621182342533,0.00014999473125777962,0.00011773406526133824,0.02384728153693787,0.021368881668766136,4,4,0,0,True,freq_hrl_full_v4,freq_lr3e4_std10_balanced,2039,2039,tuning_validation_mechanism_diagnostic,full_method_nested_hpo_v2,e71e450a28940aa51ea98625171e91a6efc840d2,79590490efcc7dd75975795a340d82b6b88a46f7b52eb4da8297cf0a4a910403
68219,persistent_shift,none,zero_residual_frequency,0.022479386488942765,0.022363995203954934,0.00011539128498783136,188.04013571304978,187.43780976426302,0.6023259487867563,0.0017345048902936977,0.0017728983613006788,3.8393471006981095e-05,0.8996785798635263,0.8985412787694221,0.0011373010941041484,0.00022072327932322057,0.00010480741952196982,0.01479570214942214,0.013393548187903233,4,4,0,0,True,freq_hrl_full_v4,freq_lr3e4_std10_balanced,2039,2039,tuning_validation_mechanism_diagnostic,full_method_nested_hpo_v2,e71e450a28940aa51ea98625171e91a6efc840d2,79590490efcc7dd75975795a340d82b6b88a46f7b52eb4da8297cf0a4a910403
68227,persistent_shift,none,zero_residual_frequency,0.02077573135491706,0.020757071880055156,1.8659474861904002e-05,195.07583544380157,194.68743959379864,0.3883958500029223,0.0010429251963675057,0.0010774977834412391,3.457258707373345e-05,0.7865571709560173,0.7874995755775611,-0.0009424046215438242,0.00023190725015334801,0.00013684845143528275,0.01588205295378834,0.013484114437596872,4,4,0,0,True,freq_hrl_full_v4,freq_lr3e4_std10_balanced,2039,2039,tuning_validation_mechanism_diagnostic,full_method_nested_hpo_v2,e71e450a28940aa51ea98625171e91a6efc840d2,79590490efcc7dd75975795a340d82b6b88a46f7b52eb4da8297cf0a4a910403
68207,persistent_shift,none,zero_residual_frequency,0.0081705837292676,0.00808261144824951,8.79722810180894e-05,137.80080659743336,136.7180272937481,1.082779303685271,0.001271877970706381,0.001302548284947025,3.0670314240643926e-05,0.6596817335737939,0.6571431735503305,0.002538560023463421,-0.0001587709601890018,-0.0001680818880710566,0.014986394527659286,0.014880857462089303,4,4,0,0,True,freq_hrl_full_v4,freq_lr3e4_std10_balanced,2053,2053,tuning_validation_mechanism_diagnostic,full_method_nested_hpo_v2,e71e450a28940aa51ea98625171e91a6efc840d2,79590490efcc7dd75975795a340d82b6b88a46f7b52eb4da8297cf0a4a910403
68209,persistent_shift,none,zero_residual_frequency,0.011888738482195516,0.012078785029860706,-0.00019004654766519025,175.98703413356253,176.1581659365517,-0.17113180298917996,0.0008584396403668038,0.0008699321033198704,1.1492462953066607e-05,0.7242532635639547,0.7303929857422369,-0.006139722178282181,-0.0003850987430212195,-0.00028146023126619465,0.029015335496741398,0.02814671430613897,4,4,0,0,True,freq_hrl_full_v4,freq_lr3e4_std10_balanced,2053,2053,tuning_validation_mechanism_diagnostic,full_method_nested_hpo_v2,e71e450a28940aa51ea98625171e91a6efc840d2,79590490efcc7dd75975795a340d82b6b88a46f7b52eb4da8297cf0a4a910403
68213,persistent_shift,none,zero_residual_frequency,0.010381004963652574,0.01033028605230868,5.071891134389439e-05,164.77481031291163,163.49377767489625,1.2810326380153754,0.000586791199420178,0.0006115301348696978,2.4738935449519772e-05,0.7812379471013908,0.7857196866676471,-0.004481739566256304,1.21161400725592e-05,-0.00017058659670616665,0.02543134206627858,0.024748093477683142,4,4,0,0,True,freq_hrl_full_v4,freq_lr3e4_std10_balanced,2053,2053,tuning_validation_mechanism_diagnostic,full_method_nested_hpo_v2,e71e450a28940aa51ea98625171e91a6efc840d2,79590490efcc7dd75975795a340d82b6b88a46f7b52eb4da8297cf0a4a910403
68219,persistent_shift,none,zero_residual_frequency,0.006130530660866995,0.005985677595323535,0.0001448530655434599,126.47452022414808,124.20239996975887,2.2721202543892076,0.001788836506834035,0.0018133224322056662,2.448592537163119e-05,0.7013840854154623,0.703934691549984,-0.002550606134521738,5.38527110233629e-05,-0.00011476832720653084,0.01629660844644402,0.01714542684559193,4,4,0,0,True,freq_hrl_full_v4,freq_lr3e4_std10_balanced,2053,2053,tuning_validation_mechanism_diagnostic,full_method_nested_hpo_v2,e71e450a28940aa51ea98625171e91a6efc840d2,79590490efcc7dd75975795a340d82b6b88a46f7b52eb4da8297cf0a4a910403
68227,persistent_shift,none,zero_residual_frequency,0.008735682394211297,0.008572397334462245,0.00016328505974905205,159.1435494698283,157.48003377771803,1.663515692110252,0.000854543258700935,0.0008798226476719462,2.527938897101123e-05,0.6365825739614968,0.6346778914798505,0.0019046824816462138,-0.0001833846712643658,-0.00020588143805046075,0.017739246005496374,0.018802265267327634,4,4,0,0,True,freq_hrl_full_v4,freq_lr3e4_std10_balanced,2053,2053,tuning_validation_mechanism_diagnostic,full_method_nested_hpo_v2,e71e450a28940aa51ea98625171e91a6efc840d2,79590490efcc7dd75975795a340d82b6b88a46f7b52eb4da8297cf0a4a910403
68207,ood_period,none,zero_residual_frequency,-0.00013591251567079965,-8.914141500482309e-05,-4.677110066597656e-05,-116.33406891052593,-95.6920068080363,-20.642062102489632,0.0001366175552550697,8.982634791687705e-05,-4.679120733819264e-05,0.022787667537794792,0.021872390957562545,0.0009152765802322473,3.372990168376113e-05,1.9983934338214486e-05,0.0013692594141452396,0.0012886810262216386,4,4,0,0,True,freq_hrl_full_v4,freq_lr3e4_std10_balanced,2026,7071,tuning_validation_mechanism_diagnostic,full_method_nested_hpo_v2,e71e450a28940aa51ea98625171e91a6efc840d2,79590490efcc7dd75975795a340d82b6b88a46f7b52eb4da8297cf0a4a910403
68209,ood_period,none,zero_residual_frequency,-0.0001334386840809998,-0.00013303219113725007,-4.0649294374972555e-07,-49.1938931447561,-49.673408934727384,0.4795157899712805,0.00020588908014229634,0.00020194327345324226,-3.945806689054088e-06,0.028514374621167106,0.028325130539904535,0.0001892440812625712,4.039844600926672e-05,3.6998119444703796e-05,0.0019837689699695855,0.0019594063627500365,4,4,0,0,True,freq_hrl_full_v4,freq_lr3e4_std10_balanced,2026,7071,tuning_validation_mechanism_diagnostic,full_method_nested_hpo_v2,e71e450a28940aa51ea98625171e91a6efc840d2,79590490efcc7dd75975795a340d82b6b88a46f7b52eb4da8297cf0a4a910403
68213,ood_period,none,zero_residual_frequency,0.0005906288712806962,0.0005847679120971616,5.860959183534575e-06,108.61684920396296,108.82957024768247,-0.21272104371951173,0.00011701592726220955,0.00011750766326112938,4.917359989198289e-07,0.03867509418753161,0.03792359400996067,0.0007515001775709393,4.590358624587923e-05,2.5729891161599976e-05,0.0016130871457935177,0.0011764515444850885,4,4,0,0,True,freq_hrl_full_v4,freq_lr3e4_std10_balanced,2026,7071,tuning_validation_mechanism_diagnostic,full_method_nested_hpo_v2,e71e450a28940aa51ea98625171e91a6efc840d2,79590490efcc7dd75975795a340d82b6b88a46f7b52eb4da8297cf0a4a910403
68219,ood_period,none,zero_residual_frequency,4.4803664106529695e-05,4.7571762598730416e-05,-2.7680984922007212e-06,21.602090237058455,24.99649811242621,-3.3944078753677545,5.029702417691517e-05,4.978624859541814e-05,-5.107755814970361e-07,0.022552220011308386,0.020925421996943392,0.001626798014364994,4.7353069677733044e-05,1.670557396549923e-05,0.0011467706829932922,0.001170003487521222,4,4,0,0,True,freq_hrl_full_v4,freq_lr3e4_std10_balanced,2026,7071,tuning_validation_mechanism_diagnostic,full_method_nested_hpo_v2,e71e450a28940aa51ea98625171e91a6efc840d2,79590490efcc7dd75975795a340d82b6b88a46f7b52eb4da8297cf0a4a910403
68227,ood_period,none,zero_residual_frequency,9.281019456297557e-06,-3.5413954421192884e-06,1.2822414898416845e-05,4.600195842491671,-1.9669489942350618,6.567144836726733,7.218787019247497e-05,7.098205311784067e-05,-1.2058170746342967e-06,0.022881428049484162,0.02227216639533841,0.0006092616541457513,4.3728837166096454e-05,2.7060637082820318e-05,0.0012447600239602885,0.0011651365465746091,4,4,0,0,True,freq_hrl_full_v4,freq_lr3e4_std10_balanced,2026,7071,tuning_validation_mechanism_diagnostic,full_method_nested_hpo_v2,e71e450a28940aa51ea98625171e91a6efc840d2,79590490efcc7dd75975795a340d82b6b88a46f7b52eb4da8297cf0a4a910403
68207,ood_period,none,zero_residual_frequency,0.023721573909436078,0.02390368023547218,-0.00018210632603610222,178.8476570698998,179.49769989054198,-0.6500428206421702,0.0007725936485142304,0.0007770231684525175,4.4295199382871075e-06,0.8187084230396262,0.8215791148892013,-0.0028706918495751133,0.00035136675126237445,6.666151576345642e-05,0.01804806902809004,0.015457771464005217,4,4,0,0,True,freq_hrl_full_v4,freq_lr3e4_std10_balanced,2039,7084,tuning_validation_mechanism_diagnostic,full_method_nested_hpo_v2,e71e450a28940aa51ea98625171e91a6efc840d2,79590490efcc7dd75975795a340d82b6b88a46f7b52eb4da8297cf0a4a910403
68209,ood_period,none,zero_residual_frequency,0.014147907297695772,0.014453122231044224,-0.0003052149333484522,136.22395411928957,138.05700691682298,-1.833052797533412,0.0011850195930781515,0.0011901926712374333,5.173078159281808e-06,0.6849522694743466,0.6816276020425733,0.003324667431773287,0.00022265576458318766,8.597140470221095e-05,0.02954188548549913,0.02321573545632418,4,4,0,0,True,freq_hrl_full_v4,freq_lr3e4_std10_balanced,2039,7084,tuning_validation_mechanism_diagnostic,full_method_nested_hpo_v2,e71e450a28940aa51ea98625171e91a6efc840d2,79590490efcc7dd75975795a340d82b6b88a46f7b52eb4da8297cf0a4a910403
68213,ood_period,none,zero_residual_frequency,0.021836294171692083,0.022035945706526894,-0.00019965153483481046,157.61667527293739,158.0987125318963,-0.48203725895891125,0.001452974489913439,0.001464971474652299,1.1996984738860128e-05,0.8663054050038934,0.8799152722340714,-0.013609867230177985,0.0001325564550363891,8.500340316163797e-05,0.025726636235413027,0.018917998111444626,4,4,0,0,True,freq_hrl_full_v4,freq_lr3e4_std10_balanced,2039,7084,tuning_validation_mechanism_diagnostic,full_method_nested_hpo_v2,e71e450a28940aa51ea98625171e91a6efc840d2,79590490efcc7dd75975795a340d82b6b88a46f7b52eb4da8297cf0a4a910403
68219,ood_period,none,zero_residual_frequency,0.014980580262329513,0.015371585766475127,-0.00039100550414561397,148.34864480845897,149.61644592309108,-1.2678011146321069,0.001215925637100157,0.0012096920099452513,-6.233627154905719e-06,0.7179674417906571,0.7228988540230681,-0.004931412232411003,2.468890341609019e-05,5.290091101898341e-05,0.019501302339590947,0.01712116984676363,4,4,0,0,True,freq_hrl_full_v4,freq_lr3e4_std10_balanced,2039,7084,tuning_validation_mechanism_diagnostic,full_method_nested_hpo_v2,e71e450a28940aa51ea98625171e91a6efc840d2,79590490efcc7dd75975795a340d82b6b88a46f7b52eb4da8297cf0a4a910403
68227,ood_period,none,zero_residual_frequency,0.016379221435570468,0.016892303371244033,-0.000513081935673565,145.7919828481122,147.63495475546438,-1.8429719073521653,0.0011090716887804941,0.0011070511448735276,-2.0205439069664877e-06,0.7648937601770991,0.7710084560416839,-0.006114695864584796,6.909585516990668e-05,5.35182611533846e-05,0.023912184841295432,0.022518342412594292,4,4,0,0,True,freq_hrl_full_v4,freq_lr3e4_std10_balanced,2039,7084,tuning_validation_mechanism_diagnostic,full_method_nested_hpo_v2,e71e450a28940aa51ea98625171e91a6efc840d2,79590490efcc7dd75975795a340d82b6b88a46f7b52eb4da8297cf0a4a910403
68207,ood_period,none,zero_residual_frequency,0.003521696550470521,0.0035650759500613916,-4.337939959087045e-05,125.77040241136586,126.09185872335466,-0.321456311988797,0.0003585098445613166,0.00035663927380369387,-1.8705707576227582e-06,0.30196891086736377,0.30306060078154595,-0.0010916899141821812,0.0002529715098736224,8.602753316443168e-05,0.006801341276271463,0.006411777065174345,4,4,0,0,True,freq_hrl_full_v4,freq_lr3e4_std10_balanced,2053,7098,tuning_validation_mechanism_diagnostic,full_method_nested_hpo_v2,e71e450a28940aa51ea98625171e91a6efc840d2,79590490efcc7dd75975795a340d82b6b88a46f7b52eb4da8297cf0a4a910403
68209,ood_period,none,zero_residual_frequency,0.0032757321844947285,0.0033291331823732673,-5.34009978785388e-05,122.71528003307077,123.05268903660145,-0.3374090035306807,0.000612194032230784,0.0006157097579092552,3.5157256784712487e-06,0.2874417106814984,0.28985224856984326,-0.002410537888344888,0.0005722741738767525,0.00016848146726809184,0.012973749984929681,0.012937906853969453,4,4,0,0,True,freq_hrl_full_v4,freq_lr3e4_std10_balanced,2053,7098,tuning_validation_mechanism_diagnostic,full_method_nested_hpo_v2,e71e450a28940aa51ea98625171e91a6efc840d2,79590490efcc7dd75975795a340d82b6b88a46f7b52eb4da8297cf0a4a910403
68213,ood_period,none,zero_residual_frequency,0.00698028086673097,0.007010333299320548,-3.0052432589577904e-05,157.56227942769416,157.02396561506774,0.5383138126264271,0.0004933527095901669,0.000501741875276962,8.389165686795153e-06,0.34290362612369196,0.34743523174503405,-0.004531605621342083,0.0006339439638914389,0.00020345327252032822,0.011820405551508074,0.012558601950998612,4,4,0,0,True,freq_hrl_full_v4,freq_lr3e4_std10_balanced,2053,7098,tuning_validation_mechanism_diagnostic,full_method_nested_hpo_v2,e71e450a28940aa51ea98625171e91a6efc840d2,79590490efcc7dd75975795a340d82b6b88a46f7b52eb4da8297cf0a4a910403
68219,ood_period,none,zero_residual_frequency,0.003726396111539021,0.003786371410006373,-5.9975298467351834e-05,131.44292944242642,132.01024555504702,-0.5673161126206026,0.0005544988861850841,0.0005468674629108827,-7.63142327420141e-06,0.2756672318100579,0.2720034082990996,0.0036638235109583417,0.0003686131702731488,0.00015054114536158276,0.0101447904668425,0.009989287351062455,4,4,0,0,True,freq_hrl_full_v4,freq_lr3e4_std10_balanced,2053,7098,tuning_validation_mechanism_diagnostic,full_method_nested_hpo_v2,e71e450a28940aa51ea98625171e91a6efc840d2,79590490efcc7dd75975795a340d82b6b88a46f7b52eb4da8297cf0a4a910403
68227,ood_period,none,zero_residual_frequency,0.004019556569775373,0.004085354464215651,-6.579789444027817e-05,126.55859479735622,126.45281642254228,0.10577837481393715,0.0004902936694703985,0.0004997756286860833,9.481959215684732e-06,0.2957507868959002,0.2965019944772407,-0.0007512075813405072,0.00047900617496684605,0.00016411169849477275,0.011515250935270968,0.010996895570860945,4,4,0,0,True,freq_hrl_full_v4,freq_lr3e4_std10_balanced,2053,7098,tuning_validation_mechanism_diagnostic,full_method_nested_hpo_v2,e71e450a28940aa51ea98625171e91a6efc840d2,79590490efcc7dd75975795a340d82b6b88a46f7b52eb4da8297cf0a4a910403
68207,stationary_low_noise,none,zero_residual_frequency,0.0006999409970482873,0.0006939469872415671,5.9940098067201575e-06,56.98412878752481,56.23422118887234,0.7499075986524701,0.00037255110885414666,0.00037834795168845137,5.796842834304705e-06,0.34181281213112863,0.3439435438736531,-0.002130731742524483,-0.00026812791026268993,-0.00022035660544620047,0.005886314028369573,0.005506718592045621,4,4,0,0,True,freq_hrl_full_v4,freq_lr3e4_std15_lowgate,2026,4044,tuning_validation_mechanism_diagnostic,full_method_nested_hpo_v2,e71e450a28940aa51ea98625171e91a6efc840d2,79590490efcc7dd75975795a340d82b6b88a46f7b52eb4da8297cf0a4a910403
68209,stationary_low_noise,none,zero_residual_frequency,-0.0002898652324667683,-0.0002774217450162153,-1.2443487450553015e-05,-27.172573010855164,-26.470921715649055,-0.7016512952061085,0.000772384244655866,0.0007579724413542266,-1.4411803301639381e-05,0.36940226533262105,0.36164910980435494,0.007753155528266109,-0.00019383654928977918,-0.00019802273284086786,0.009565623684385275,0.008429209254164663,4,4,0,0,True,freq_hrl_full_v4,freq_lr3e4_std15_lowgate,2026,4044,tuning_validation_mechanism_diagnostic,full_method_nested_hpo_v2,e71e450a28940aa51ea98625171e91a6efc840d2,79590490efcc7dd75975795a340d82b6b88a46f7b52eb4da8297cf0a4a910403
68213,stationary_low_noise,none,zero_residual_frequency,0.0007993005301085709,0.0008097592583309332,-1.0458728222362268e-05,64.23482033642797,64.05516721900791,0.17965311742005952,0.0003349098592334565,0.00034552457605652176,1.0614716823065251e-05,0.4206622683352307,0.42612319449051894,-0.005460926155288259,-0.00015242513577870003,-0.00015421106841713065,0.007762826330953329,0.00744474204612844,4,4,0,0,True,freq_hrl_full_v4,freq_lr3e4_std15_lowgate,2026,4044,tuning_validation_mechanism_diagnostic,full_method_nested_hpo_v2,e71e450a28940aa51ea98625171e91a6efc840d2,79590490efcc7dd75975795a340d82b6b88a46f7b52eb4da8297cf0a4a910403
68219,stationary_low_noise,none,zero_residual_frequency,0.0002296923877125323,0.00023585126106939747,-6.158873356865158e-06,26.954634671263317,27.51520529536987,-0.5605706241065533,0.0004970313125256531,0.0005014925669073467,4.461254381693536e-06,0.3457274263394194,0.3462243772711022,-0.000496950931682838,-0.00017312895878118903,-0.00015095223744158488,0.006573098080763076,0.00587950769016364,4,4,0,0,True,freq_hrl_full_v4,freq_lr3e4_std15_lowgate,2026,4044,tuning_validation_mechanism_diagnostic,full_method_nested_hpo_v2,e71e450a28940aa51ea98625171e91a6efc840d2,79590490efcc7dd75975795a340d82b6b88a46f7b52eb4da8297cf0a4a910403
68227,stationary_low_noise,none,zero_residual_frequency,0.0004963661356787163,0.0004890705125815131,7.295623097203219e-06,45.63196905033339,44.98642726333143,0.6455417870019602,0.00035495155103937304,0.0003539571107565864,-9.944402827866128e-07,0.34175636458848935,0.3432659779969597,-0.0015096134084703339,-0.000199257731722476,-0.0001664171413389102,0.006922534492332488,0.00672042254882399,4,4,0,0,True,freq_hrl_full_v4,freq_lr3e4_std15_lowgate,2026,4044,tuning_validation_mechanism_diagnostic,full_method_nested_hpo_v2,e71e450a28940aa51ea98625171e91a6efc840d2,79590490efcc7dd75975795a340d82b6b88a46f7b52eb4da8297cf0a4a910403
68207,stationary_low_noise,none,zero_residual_frequency,0.0009829205807316832,0.001033829319113888,-5.090873838220489e-05,55.5038008180139,58.44396629002818,-2.9401654720142787,0.00039094400028460985,0.0003857895887259266,-5.154411558683236e-06,0.6182148054397798,0.6109686955949918,0.007246109844788018,-0.0001630474703432749,-0.00025600688225572066,0.00747541349547747,0.01146353780835246,4,4,0,0,True,freq_hrl_full_v4,freq_lr3e4_std15_lowgate,2039,4057,tuning_validation_mechanism_diagnostic,full_method_nested_hpo_v2,e71e450a28940aa51ea98625171e91a6efc840d2,79590490efcc7dd75975795a340d82b6b88a46f7b52eb4da8297cf0a4a910403
68209,stationary_low_noise,none,zero_residual_frequency,0.0001966990808661695,0.0002715460190196861,-7.484693815351662e-05,11.627318530561974,16.1903333945299,-4.563014863967927,0.00045233844643344234,0.00043595255756878615,-1.6385888864656195e-05,0.5928670871484726,0.584271481576803,0.008595605571669607,3.3029357375100355e-06,-0.00020401994595499687,0.011981994426848056,0.017779121948923504,4,4,0,0,True,freq_hrl_full_v4,freq_lr3e4_std15_lowgate,2039,4057,tuning_validation_mechanism_diagnostic,full_method_nested_hpo_v2,e71e450a28940aa51ea98625171e91a6efc840d2,79590490efcc7dd75975795a340d82b6b88a46f7b52eb4da8297cf0a4a910403
68213,stationary_low_noise,none,zero_residual_frequency,0.0022215874593782825,0.002307321099623172,-8.573364024488939e-05,107.14600477188884,112.17072110221247,-5.024716330323628,0.0003160564826084622,0.000317492530574226,1.4360479657637981e-06,0.7059138353727407,0.6897756439879995,0.016138191384741152,-0.00013661555113344455,-0.0002261818169951104,0.011299243643588853,0.018708179514699927,4,4,0,0,True,freq_hrl_full_v4,freq_lr3e4_std15_lowgate,2039,4057,tuning_validation_mechanism_diagnostic,full_method_nested_hpo_v2,e71e450a28940aa51ea98625171e91a6efc840d2,79590490efcc7dd75975795a340d82b6b88a46f7b52eb4da8297cf0a4a910403
68219,stationary_low_noise,none,zero_residual_frequency,0.0010370942080224488,0.0010867365558742126,-4.96423478517638e-05,65.02938048199714,68.51624488438028,-3.486864402383148,0.000406245214832901,0.0003946145688361602,-1.1630645996740796e-05,0.631996468345872,0.6245776006748497,0.007418867671022289,-0.00016896955423901594,-0.00024378410306844802,0.009122280446576446,0.014246817774579139,4,4,0,0,True,freq_hrl_full_v4,freq_lr3e4_std15_lowgate,2039,4057,tuning_validation_mechanism_diagnostic,full_method_nested_hpo_v2,e71e450a28940aa51ea98625171e91a6efc840d2,79590490efcc7dd75975795a340d82b6b88a46f7b52eb4da8297cf0a4a910403
68227,stationary_low_noise,none,zero_residual_frequency,0.0011326925810790645,0.0011768934049112278,-4.4200823832163394e-05,64.03216288114179,66.5369657554236,-2.5048028742818076,0.0002714616291701333,0.0002724441351786844,9.825060085510984e-07,0.6232026126259969,0.6200420364078132,0.003160576218183664,-0.00017704508286475973,-0.00023459929492961263,0.008314317073462814,0.011889599482270164,4,4,0,0,True,freq_hrl_full_v4,freq_lr3e4_std15_lowgate,2039,4057,tuning_validation_mechanism_diagnostic,full_method_nested_hpo_v2,e71e450a28940aa51ea98625171e91a6efc840d2,79590490efcc7dd75975795a340d82b6b88a46f7b52eb4da8297cf0a4a910403
68207,stationary_low_noise,none,zero_residual_frequency,-0.00010506156058232019,-0.00010201911639695638,-3.042444185363813e-06,-226.18635448226536,-217.34781653182353,-8.838537950441832,0.00010506156058232019,0.00010201911639695638,-3.042444185363813e-06,0.014061666667118207,0.014357241307998345,-0.0002955746408801387,3.146350576865175e-05,1.544023199617685e-05,0.0009406499858010244,0.0010708954549550579,4,4,0,0,True,freq_hrl_full_v4,freq_lr3e4_std15_lowgate,2053,4071,tuning_validation_mechanism_diagnostic,full_method_nested_hpo_v2,e71e450a28940aa51ea98625171e91a6efc840d2,79590490efcc7dd75975795a340d82b6b88a46f7b52eb4da8297cf0a4a910403
68209,stationary_low_noise,none,zero_residual_frequency,-0.00015665863686742387,-0.0001558457312480499,-8.129056193739714e-07,-345.9179003692083,-365.2739350160068,19.35603464679849,0.00015665863686742387,0.0001558457312480499,-8.129056193739714e-07,0.01522229833023808,0.014773785819742894,0.0004485125104951859,3.0093648969164565e-05,2.0297973518343696e-05,0.0012490988981628307,0.0012842735906209177,4,4,0,0,True,freq_hrl_full_v4,freq_lr3e4_std15_lowgate,2053,4071,tuning_validation_mechanism_diagnostic,full_method_nested_hpo_v2,e71e450a28940aa51ea98625171e91a6efc840d2,79590490efcc7dd75975795a340d82b6b88a46f7b52eb4da8297cf0a4a910403
68213,stationary_low_noise,none,zero_residual_frequency,-5.7299795651943874e-05,-5.173807432445887e-05,-5.561721327485003e-06,-80.56982064872835,-71.24807558525968,-9.321745063468668,5.7299795651943874e-05,5.173807432445887e-05,-5.561721327485003e-06,0.02051945681127828,0.020819493265522765,-0.00030003645424448583,5.958194074606569e-06,2.9383380537602563e-06,0.0013433122619359338,0.0015217389446699296,4,4,0,0,True,freq_hrl_full_v4,freq_lr3e4_std15_lowgate,2053,4071,tuning_validation_mechanism_diagnostic,full_method_nested_hpo_v2,e71e450a28940aa51ea98625171e91a6efc840d2,79590490efcc7dd75975795a340d82b6b88a46f7b52eb4da8297cf0a4a910403
68219,stationary_low_noise,none,zero_residual_frequency,-5.303105587672885e-05,-5.058755270503923e-05,-2.4435031716896205e-06,-101.99882792066155,-97.05945621073587,-4.93937170992568,5.7594897461710204e-05,5.502813430124931e-05,-2.5667631604608943e-06,0.013893169674072161,0.013859623195538576,3.35464785335849e-05,2.4489452548950244e-05,1.1340621250208466e-05,0.0009220164917173357,0.001055130144752386,4,4,0,0,True,freq_hrl_full_v4,freq_lr3e4_std15_lowgate,2053,4071,tuning_validation_mechanism_diagnostic,full_method_nested_hpo_v2,e71e450a28940aa51ea98625171e91a6efc840d2,79590490efcc7dd75975795a340d82b6b88a46f7b52eb4da8297cf0a4a910403
68227,stationary_low_noise,none,zero_residual_frequency,-7.004894626516656e-05,-6.62308684711288e-05,-3.818077794037755e-06,-129.7390932609997,-119.3981393906635,-10.340953870336207,7.204894265078199e-05,6.833077192758275e-05,-3.7181707231992434e-06,0.013954946739288269,0.014195635948317813,-0.0002406892090295442,2.6473074012237195e-05,8.799717300122999e-06,0.0009645607971151549,0.001046811823658168,4,4,0,0,True,freq_hrl_full_v4,freq_lr3e4_std15_lowgate,2053,4071,tuning_validation_mechanism_diagnostic,full_method_nested_hpo_v2,e71e450a28940aa51ea98625171e91a6efc840d2,79590490efcc7dd75975795a340d82b6b88a46f7b52eb4da8297cf0a4a910403
68207,persistent_shift,none,zero_residual_frequency,0.0004883663520205417,0.0004688343964196484,1.953195560089327e-05,31.56141200486745,30.63642449510359,0.9249875097638594,0.00040055398352845106,0.0003964050152617249,-4.148968266726172e-06,0.20510299155878434,0.20290311198978367,0.002199879569000668,-6.285173461702071e-05,8.353298842571914e-06,0.007120422698466832,0.005847128293519036,4,4,0,0,True,freq_hrl_full_v4,freq_lr3e4_std15_lowgate,2026,2026,tuning_validation_mechanism_diagnostic,full_method_nested_hpo_v2,e71e450a28940aa51ea98625171e91a6efc840d2,79590490efcc7dd75975795a340d82b6b88a46f7b52eb4da8297cf0a4a910403
68209,persistent_shift,none,zero_residual_frequency,0.0015467303143024136,0.0015283832606751702,1.8347053627243426e-05,103.35906633546912,103.16012281714826,0.19894351832085988,0.00037100403268697235,0.00034542376477164627,-2.5580267915326083e-05,0.22706891440822902,0.22643901047793172,0.0006299039302972986,-0.00011411362463033092,3.0066903474286338e-05,0.010508292744836781,0.009071726820386376,4,4,0,0,True,freq_hrl_full_v4,freq_lr3e4_std15_lowgate,2026,2026,tuning_validation_mechanism_diagnostic,full_method_nested_hpo_v2,e71e450a28940aa51ea98625171e91a6efc840d2,79590490efcc7dd75975795a340d82b6b88a46f7b52eb4da8297cf0a4a910403
68213,persistent_shift,none,zero_residual_frequency,0.0024190575834472927,0.0023924314049064144,2.6626178540878342e-05,138.027618109986,137.25389684914217,0.7737212608438426,0.00025056736773010346,0.0002664279710197226,1.5860603289619135e-05,0.2832332045913655,0.2848430857668647,-0.001609881175499206,-3.7073980218577716e-05,2.533641666086405e-05,0.01051733690558952,0.00808111992842492,4,4,0,0,True,freq_hrl_full_v4,freq_lr3e4_std15_lowgate,2026,2026,tuning_validation_mechanism_diagnostic,full_method_nested_hpo_v2,e71e450a28940aa51ea98625171e91a6efc840d2,79590490efcc7dd75975795a340d82b6b88a46f7b52eb4da8297cf0a4a910403
68219,persistent_shift,none,zero_residual_frequency,0.0007374595331259837,0.0007078304416172632,2.9629091508720506e-05,43.31313507617509,42.02916519490899,1.2839698812660956,0.00032980644468472153,0.00032625942808217623,-3.5470166025453054e-06,0.24144314888317991,0.2419263521521156,-0.00048320326893569465,-4.0488008596340785e-05,1.4758673043602364e-05,0.008883133602527475,0.008238362470082293,4,4,0,0,True,freq_hrl_full_v4,freq_lr3e4_std15_lowgate,2026,2026,tuning_validation_mechanism_diagnostic,full_method_nested_hpo_v2,e71e450a28940aa51ea98625171e91a6efc840d2,79590490efcc7dd75975795a340d82b6b88a46f7b52eb4da8297cf0a4a910403
68227,persistent_shift,none,zero_residual_frequency,0.0009487428840893042,0.000919758266056947,2.898461803235719e-05,66.2636945813268,64.15903913793721,2.104655443389589,0.0003372024135013252,0.00033940300828416703,2.200594782841847e-06,0.19896410823734217,0.19759880432658172,0.0013653039107604514,-9.281869019344476e-05,1.929240727191325e-05,0.010262263428618705,0.008993976825715639,4,4,0,0,True,freq_hrl_full_v4,freq_lr3e4_std15_lowgate,2026,2026,tuning_validation_mechanism_diagnostic,full_method_nested_hpo_v2,e71e450a28940aa51ea98625171e91a6efc840d2,79590490efcc7dd75975795a340d82b6b88a46f7b52eb4da8297cf0a4a910403
68207,persistent_shift,none,zero_residual_frequency,0.018970225124167017,0.019061746290010895,-9.152116584387748e-05,219.02834421862664,219.34427544455806,-0.315931225931422,0.000779999556049904,0.0007813814379837858,1.381881933881779e-06,0.6833713914409855,0.6789253074521077,0.0044460839888778025,0.00026691155751289473,0.0002208494257243023,0.010198934279631228,0.013490176205393962,4,4,0,0,True,freq_hrl_full_v4,freq_lr3e4_std15_lowgate,2039,2039,tuning_validation_mechanism_diagnostic,full_method_nested_hpo_v2,e71e450a28940aa51ea98625171e91a6efc840d2,79590490efcc7dd75975795a340d82b6b88a46f7b52eb4da8297cf0a4a910403
68209,persistent_shift,none,zero_residual_frequency,0.013110913338671537,0.0131664855926652,-5.557225399366317e-05,181.852837224222,182.02447322787538,-0.17163600365338993,0.0007282996885638049,0.0007805853902526083,5.228570168880342e-05,0.7344094452452162,0.7344681802288103,-5.873498359409979e-05,0.0002478130080210867,0.00014229367495209908,0.016925040087436276,0.02582096791771215,4,4,0,0,True,freq_hrl_full_v4,freq_lr3e4_std15_lowgate,2039,2039,tuning_validation_mechanism_diagnostic,full_method_nested_hpo_v2,e71e450a28940aa51ea98625171e91a6efc840d2,79590490efcc7dd75975795a340d82b6b88a46f7b52eb4da8297cf0a4a910403
68213,persistent_shift,none,zero_residual_frequency,0.017288059256871158,0.017428055396983666,-0.00013999614011250827,203.20495881839304,204.13891305150727,-0.9339542331142354,0.0005390292726780155,0.0005531540917872446,1.4124819109229136e-05,0.7730171393045095,0.767776114634274,0.005241024670235572,0.00012652732011379236,0.0001700273114544007,0.015875734641748646,0.022795043502749954,4,4,0,0,True,freq_hrl_full_v4,freq_lr3e4_std15_lowgate,2039,2039,tuning_validation_mechanism_diagnostic,full_method_nested_hpo_v2,e71e450a28940aa51ea98625171e91a6efc840d2,79590490efcc7dd75975795a340d82b6b88a46f7b52eb4da8297cf0a4a910403
68219,persistent_shift,none,zero_residual_frequency,0.015174184082260567,0.015254489342793498,-8.03052605329313e-05,189.43015651107413,189.28645817076608,0.14369834030804896,0.0011657343612297977,0.0011849633899180256,1.9229028688227956e-05,0.7034178067348964,0.7070120258470686,-0.00359421911217217,0.0002883675702342796,0.00022991521562443006,0.011664701060524547,0.014897183671645407,4,4,0,0,True,freq_hrl_full_v4,freq_lr3e4_std15_lowgate,2039,2039,tuning_validation_mechanism_diagnostic,full_method_nested_hpo_v2,e71e450a28940aa51ea98625171e91a6efc840d2,79590490efcc7dd75975795a340d82b6b88a46f7b52eb4da8297cf0a4a910403
68227,persistent_shift,none,zero_residual_frequency,0.014261622614959446,0.014400269443545,-0.00013864682858555355,192.09464023955277,192.20150049996317,-0.10686026041040009,0.0006722664858349603,0.0007036205473121004,3.135406147714015e-05,0.6413047586984028,0.6434103053401831,-0.0021055466417803093,0.00026344044632591816,0.0002188828916684741,0.012767824242150203,0.017421109617053943,4,4,0,0,True,freq_hrl_full_v4,freq_lr3e4_std15_lowgate,2039,2039,tuning_validation_mechanism_diagnostic,full_method_nested_hpo_v2,e71e450a28940aa51ea98625171e91a6efc840d2,79590490efcc7dd75975795a340d82b6b88a46f7b52eb4da8297cf0a4a910403
68207,persistent_shift,none,zero_residual_frequency,-0.00039097670091148284,-0.0003933546829825163,2.3779820710334576e-06,-147.00307805252243,-146.907721359176,-0.09535669334641739,0.00044068156883647625,0.0004439603853533258,3.278816516849581e-06,0.025078837492036484,0.024739737658872784,0.0003390998331637002,1.6051854383455368e-05,1.3831598936112696e-05,0.0011959116767059185,0.0010273060271856593,4,4,0,0,True,freq_hrl_full_v4,freq_lr3e4_std15_lowgate,2053,2053,tuning_validation_mechanism_diagnostic,full_method_nested_hpo_v2,e71e450a28940aa51ea98625171e91a6efc840d2,79590490efcc7dd75975795a340d82b6b88a46f7b52eb4da8297cf0a4a910403
68209,persistent_shift,none,zero_residual_frequency,2.740862086625384e-05,6.738439690856524e-05,-3.9975776042311395e-05,18.863387433747484,46.32755206659949,-27.464164632852004,5.659132321433891e-05,4.9683812481271517e-05,-6.90751073306739e-06,0.02710467748984548,0.028001820474527338,-0.000897142984681857,1.56643435737137e-05,1.7161849384424519e-06,0.0013138962882761815,0.0013479410512243501,4,4,0,0,True,freq_hrl_full_v4,freq_lr3e4_std15_lowgate,2053,2053,tuning_validation_mechanism_diagnostic,full_method_nested_hpo_v2,e71e450a28940aa51ea98625171e91a6efc840d2,79590490efcc7dd75975795a340d82b6b88a46f7b52eb4da8297cf0a4a910403
68213,persistent_shift,none,zero_residual_frequency,-0.0006560915576465653,-0.000581010356074052,-7.50812015725133e-05,-297.24455743518183,-305.72410335433375,8.479545919151917,0.0006560915576465653,0.000581010356074052,-7.50812015725133e-05,0.02247281863236417,0.021408425086229456,0.0010643935461347141,4.422121027506201e-06,-1.1066803359779508e-05,0.0013167312313246133,0.0014085653036242244,4,4,0,0,True,freq_hrl_full_v4,freq_lr3e4_std15_lowgate,2053,2053,tuning_validation_mechanism_diagnostic,full_method_nested_hpo_v2,e71e450a28940aa51ea98625171e91a6efc840d2,79590490efcc7dd75975795a340d82b6b88a46f7b52eb4da8297cf0a4a910403
68219,persistent_shift,none,zero_residual_frequency,-0.0007101085265154294,-0.0007526890083385807,4.258048182315122e-05,-223.2415109698749,-232.89498734915352,9.65347637927863,0.0007253093497061602,0.0007599983466136662,3.468899690750593e-05,0.02974744818726952,0.03050479584170824,-0.0007573476544387205,8.110946831801455e-07,1.1955559288638563e-05,0.001334534400844076,0.0013504899908437233,4,4,0,0,True,freq_hrl_full_v4,freq_lr3e4_std15_lowgate,2053,2053,tuning_validation_mechanism_diagnostic,full_method_nested_hpo_v2,e71e450a28940aa51ea98625171e91a6efc840d2,79590490efcc7dd75975795a340d82b6b88a46f7b52eb4da8297cf0a4a910403
68227,persistent_shift,none,zero_residual_frequency,-0.0001244073012023339,-0.00010052379136438194,-2.3883509837951955e-05,-121.80158742646758,-94.18067670979488,-27.620910716672697,0.00014392732002443953,0.0001312864008815584,-1.2640919142881124e-05,0.014321502544404355,0.014093000026897796,0.00022850251750655866,5.4291047200544904e-05,3.2253854581530586e-05,0.0013300738796147016,0.0014737677993657092,4,4,0,0,True,freq_hrl_full_v4,freq_lr3e4_std15_lowgate,2053,2053,tuning_validation_mechanism_diagnostic,full_method_nested_hpo_v2,e71e450a28940aa51ea98625171e91a6efc840d2,79590490efcc7dd75975795a340d82b6b88a46f7b52eb4da8297cf0a4a910403
68207,ood_period,none,zero_residual_frequency,0.006266650499050508,0.006710607253790801,-0.0004439567547402934,124.36603329182212,129.58422127587434,-5.218187984052221,0.0004251621257844729,0.000408587953875994,-1.6574171908478874e-05,0.5076600841886768,0.5113469543505484,-0.003686870161871636,0.00013147256927601965,3.488551034800079e-05,0.013041355340182135,0.016026631840537046,4,4,0,0,True,freq_hrl_full_v4,freq_lr3e4_std15_lowgate,2026,7071,tuning_validation_mechanism_diagnostic,full_method_nested_hpo_v2,e71e450a28940aa51ea98625171e91a6efc840d2,79590490efcc7dd75975795a340d82b6b88a46f7b52eb4da8297cf0a4a910403
68209,ood_period,none,zero_residual_frequency,0.006962691131349619,0.007283424660053717,-0.000320733528704098,91.92242932816839,95.07958997658,-3.1571606484116046,0.001295689903652586,0.0012865404862967278,-9.14941735585817e-06,0.5834440707540155,0.5904826206161766,-0.007038549862161125,-0.0002473409414008469,-9.506201348686213e-05,0.013423919473239542,0.016089222348657332,4,4,0,0,True,freq_hrl_full_v4,freq_lr3e4_std15_lowgate,2026,7071,tuning_validation_mechanism_diagnostic,full_method_nested_hpo_v2,e71e450a28940aa51ea98625171e91a6efc840d2,79590490efcc7dd75975795a340d82b6b88a46f7b52eb4da8297cf0a4a910403
68213,ood_period,none,zero_residual_frequency,0.011563710322358922,0.011582503029613944,-1.8792707255022023e-05,136.6908782709889,136.2340424339892,0.4568358369996872,0.001279847106767762,0.0012838558784813436,4.008771713581716e-06,0.7277651344663373,0.7293022903328943,-0.001537155866557005,-0.00034293582451068043,-9.677793885314728e-05,0.011853688932266475,0.015429960819084144,4,4,0,0,True,freq_hrl_full_v4,freq_lr3e4_std15_lowgate,2026,7071,tuning_validation_mechanism_diagnostic,full_method_nested_hpo_v2,e71e450a28940aa51ea98625171e91a6efc840d2,79590490efcc7dd75975795a340d82b6b88a46f7b52eb4da8297cf0a4a910403
68219,ood_period,none,zero_residual_frequency,0.005782389490370354,0.006149831174276921,-0.0003674416839065664,114.2230111838224,117.8836484338739,-3.660637250051508,0.0010743718055169493,0.0010902554831864197,1.588367766947041e-05,0.4980778955886454,0.5097619701896048,-0.011684074600959382,-1.3380864182056589e-05,-1.61340084714334e-05,0.010451045976959804,0.012586416188100379,4,4,0,0,True,freq_hrl_full_v4,freq_lr3e4_std15_lowgate,2026,7071,tuning_validation_mechanism_diagnostic,full_method_nested_hpo_v2,e71e450a28940aa51ea98625171e91a6efc840d2,79590490efcc7dd75975795a340d82b6b88a46f7b52eb4da8297cf0a4a910403
68227,ood_period,none,zero_residual_frequency,0.006215537928244919,0.006680010495623501,-0.0004644725673785821,106.92009272107478,111.08904927974227,-4.168956558667489,0.0008848730246261427,0.0008428658991249671,-4.200712550117558e-05,0.5740070183635293,0.585252706934116,-0.01124568857058672,2.0238744045001627e-05,-2.3196779393246197e-05,0.013126784640917322,0.0156259137186377,4,4,0,0,True,freq_hrl_full_v4,freq_lr3e4_std15_lowgate,2026,7071,tuning_validation_mechanism_diagnostic,full_method_nested_hpo_v2,e71e450a28940aa51ea98625171e91a6efc840d2,79590490efcc7dd75975795a340d82b6b88a46f7b52eb4da8297cf0a4a910403
68207,ood_period,none,zero_residual_frequency,0.014740354350782914,0.014800574133572164,-6.021978278925033e-05,173.77764891081503,174.20243786284593,-0.4247889520308945,0.0009525794390298215,0.0009517507198374409,-8.287191923805892e-07,0.7204805785761529,0.721554782500017,-0.0010742039238641476,0.00023303537915131647,0.00010971268874066905,0.014958208694426704,0.01617412145715207,4,4,0,0,True,freq_hrl_full_v4,freq_lr3e4_std15_lowgate,2039,7084,tuning_validation_mechanism_diagnostic,full_method_nested_hpo_v2,e71e450a28940aa51ea98625171e91a6efc840d2,79590490efcc7dd75975795a340d82b6b88a46f7b52eb4da8297cf0a4a910403
68209,ood_period,none,zero_residual_frequency,0.007273762613588586,0.007059133655929584,0.00021462895765900214,125.28471437807131,125.09662998100356,0.1880843970677546,0.0010186716788911365,0.0009865050019209898,-3.2166676970146746e-05,0.6077479724202828,0.5917781421646462,0.015969830255636586,7.177607323849078e-05,6.052799551873777e-05,0.022392195773378868,0.020675075621046642,4,4,0,0,True,freq_hrl_full_v4,freq_lr3e4_std15_lowgate,2039,7084,tuning_validation_mechanism_diagnostic,full_method_nested_hpo_v2,e71e450a28940aa51ea98625171e91a6efc840d2,79590490efcc7dd75975795a340d82b6b88a46f7b52eb4da8297cf0a4a910403
68213,ood_period,none,zero_residual_frequency,0.01324333395078181,0.013469884887418182,-0.0002265509366363716,150.17209946865506,150.51528671764248,-0.3431872489874195,0.0007929995091378039,0.0007713176264037003,-2.1681882734103652e-05,0.7426449854487929,0.7553716038955405,-0.012726618446747606,-0.00012583236451673622,5.8921823746691254e-05,0.022351517717632104,0.021304022948930246,4,4,0,0,True,freq_hrl_full_v4,freq_lr3e4_std15_lowgate,2039,7084,tuning_validation_mechanism_diagnostic,full_method_nested_hpo_v2,e71e450a28940aa51ea98625171e91a6efc840d2,79590490efcc7dd75975795a340d82b6b88a46f7b52eb4da8297cf0a4a910403
68219,ood_period,none,zero_residual_frequency,0.008964206170108513,0.00920948644917785,-0.0002452802790693376,129.2980012254168,130.5112004811042,-1.2131992556873854,0.0011995541555354094,0.0012115000597835435,1.194590424813402e-05,0.6166171727461576,0.6227995372364482,-0.006182364490290637,0.00019592025187870432,8.71456679824044e-05,0.015349198496086399,0.01476807108394698,4,4,0,0,True,freq_hrl_full_v4,freq_lr3e4_std15_lowgate,2039,7084,tuning_validation_mechanism_diagnostic,full_method_nested_hpo_v2,e71e450a28940aa51ea98625171e91a6efc840d2,79590490efcc7dd75975795a340d82b6b88a46f7b52eb4da8297cf0a4a910403
68227,ood_period,none,zero_residual_frequency,0.010262627905222477,0.01058377851874348,-0.00032115061352100405,138.70053920970415,139.56778510276536,-0.8672458930612095,0.0009280411904846186,0.0009410361638597653,1.2994973375146657e-05,0.6737444756813339,0.6832873206177803,-0.009542844936446415,0.00011747052088663978,9.335073027062742e-05,0.017682387271876602,0.017511461160676037,4,4,0,0,True,freq_hrl_full_v4,freq_lr3e4_std15_lowgate,2039,7084,tuning_validation_mechanism_diagnostic,full_method_nested_hpo_v2,e71e450a28940aa51ea98625171e91a6efc840d2,79590490efcc7dd75975795a340d82b6b88a46f7b52eb4da8297cf0a4a910403
68207,ood_period,none,zero_residual_frequency,0.005060066571038746,0.005106619693859393,-4.6553122820647275e-05,99.87981511997594,100.40950224666582,-0.529687126689879,0.0005562247785058094,0.0005438149931270564,-1.2409785378753035e-05,0.6487096450409512,0.6500445640791167,-0.0013349190381655163,4.955480949984329e-05,0.00010855387602068663,0.012141610033551036,0.012121403718366413,4,4,0,0,True,freq_hrl_full_v4,freq_lr3e4_std15_lowgate,2053,7098,tuning_validation_mechanism_diagnostic,full_method_nested_hpo_v2,e71e450a28940aa51ea98625171e91a6efc840d2,79590490efcc7dd75975795a340d82b6b88a46f7b52eb4da8297cf0a4a910403
68209,ood_period,none,zero_residual_frequency,0.003398143586982094,0.0034310155179271273,-3.2871930945033156e-05,94.66687125188442,96.21477297452275,-1.5479017226383291,0.0008130167532770516,0.0007581948968414798,-5.48218564355718e-05,0.5199900753200246,0.5144125612279611,0.005577514092063529,0.0003958746287060649,6.007368810487017e-05,0.023617838588688756,0.024217838407397115,4,4,0,0,True,freq_hrl_full_v4,freq_lr3e4_std15_lowgate,2053,7098,tuning_validation_mechanism_diagnostic,full_method_nested_hpo_v2,e71e450a28940aa51ea98625171e91a6efc840d2,79590490efcc7dd75975795a340d82b6b88a46f7b52eb4da8297cf0a4a910403
68213,ood_period,none,zero_residual_frequency,0.006822448531174752,0.006874181753391495,-5.173322221674326e-05,119.85489231145229,120.91269243706701,-1.057800125614719,0.0007475411244430852,0.0007431409997555871,-4.400124687498064e-06,0.7463598758047624,0.7458125363654564,0.0005473394393059605,9.620510148945062e-05,5.101102278063743e-05,0.01363476037907579,0.013156191745454432,4,4,0,0,True,freq_hrl_full_v4,freq_lr3e4_std15_lowgate,2053,7098,tuning_validation_mechanism_diagnostic,full_method_nested_hpo_v2,e71e450a28940aa51ea98625171e91a6efc840d2,79590490efcc7dd75975795a340d82b6b88a46f7b52eb4da8297cf0a4a910403
68219,ood_period,none,zero_residual_frequency,0.002811600408809678,0.002845537085341965,-3.3936676532286825e-05,72.89088106241385,73.3886868508789,-0.497805788465044,0.000876680356023507,0.0008839018994498682,7.2215434263611655e-06,0.5978667662575461,0.5983088539798391,-0.0004420877222930386,0.00022432646662054158,8.172749374038743e-05,0.01279664682509368,0.011265111372348556,4,4,0,0,True,freq_hrl_full_v4,freq_lr3e4_std15_lowgate,2053,7098,tuning_validation_mechanism_diagnostic,full_method_nested_hpo_v2,e71e450a28940aa51ea98625171e91a6efc840d2,79590490efcc7dd75975795a340d82b6b88a46f7b52eb4da8297cf0a4a910403
68227,ood_period,none,zero_residual_frequency,0.003479796065058771,0.003560683482158211,-8.088741709944003e-05,83.48344251371257,84.93715018407856,-1.4537076703659864,0.0006927219402229623,0.0006502135533142939,-4.250838690866843e-05,0.6349028088994431,0.6369241596367725,-0.0020213507373294526,0.00015822698387161756,8.497314331834392e-05,0.014483640531691181,0.013334953584550628,4,4,0,0,True,freq_hrl_full_v4,freq_lr3e4_std15_lowgate,2053,7098,tuning_validation_mechanism_diagnostic,full_method_nested_hpo_v2,e71e450a28940aa51ea98625171e91a6efc840d2,79590490efcc7dd75975795a340d82b6b88a46f7b52eb4da8297cf0a4a910403
68207,stationary_low_noise,none,zero_residual_frequency,-4.696441914031624e-05,-4.542422966413717e-05,-1.5401894761790658e-06,-45.01547774941612,-42.62815469511282,-2.3873230543033017,0.000117226891040767,0.0001169854319063024,-2.4145913446460554e-07,0.01704012933671072,0.017840367284164334,-0.0008002379474536143,3.597915407666284e-05,4.002869362569726e-05,0.0007708897650714005,0.0008249630955535597,4,4,0,0,True,freq_hrl_no_promotion_v4,freq_lr1e4_std05_exploratory,2026,4044,tuning_validation_mechanism_diagnostic,full_method_nested_hpo_v2,e71e450a28940aa51ea98625171e91a6efc840d2,79590490efcc7dd75975795a340d82b6b88a46f7b52eb4da8297cf0a4a910403
68209,stationary_low_noise,none,zero_residual_frequency,-1.981137183137971e-05,-1.1083934441935561e-05,-8.727437389444148e-06,-20.22016557040605,-11.484375202621964,-8.735790367784086,9.225781380850506e-05,8.458458610838271e-05,-7.673227700122354e-06,0.0154600975422015,0.015117247876152177,0.00034284966604932257,2.59428784615529e-05,4.0434600947585334e-05,0.0010189596334985002,0.0011016141597224305,4,4,0,0,True,freq_hrl_no_promotion_v4,freq_lr1e4_std05_exploratory,2026,4044,tuning_validation_mechanism_diagnostic,full_method_nested_hpo_v2,e71e450a28940aa51ea98625171e91a6efc840d2,79590490efcc7dd75975795a340d82b6b88a46f7b52eb4da8297cf0a4a910403
68213,stationary_low_noise,none,zero_residual_frequency,-0.00012795074382165872,-0.0001208933358427533,-7.057407978905417e-06,-123.51220913043254,-119.78597010202562,-3.7262390284069227,0.0001639673627773508,0.00015661372313735544,-7.353639639995357e-06,0.020859367140221165,0.020667446879549807,0.0001919202606713577,2.0074157362641802e-05,3.68128214162363e-05,0.0011783062867291646,0.001325628398881741,4,4,0,0,True,freq_hrl_no_promotion_v4,freq_lr1e4_std05_exploratory,2026,4044,tuning_validation_mechanism_diagnostic,full_method_nested_hpo_v2,e71e450a28940aa51ea98625171e91a6efc840d2,79590490efcc7dd75975795a340d82b6b88a46f7b52eb4da8297cf0a4a910403
68219,stationary_low_noise,none,zero_residual_frequency,-0.00011085057562121303,-0.000107639003371518,-3.2115722496950383e-06,-113.53751930352462,-111.5719877862729,-1.9655315172517192,0.00014754441236686233,0.00014437961281654754,-3.1647995503147897e-06,0.01843396779379025,0.018450624027362826,-1.6656233572574786e-05,1.1315833130874098e-05,3.810833322589681e-05,0.0007741380730383045,0.0008650929461086636,4,4,0,0,True,freq_hrl_no_promotion_v4,freq_lr1e4_std05_exploratory,2026,4044,tuning_validation_mechanism_diagnostic,full_method_nested_hpo_v2,e71e450a28940aa51ea98625171e91a6efc840d2,79590490efcc7dd75975795a340d82b6b88a46f7b52eb4da8297cf0a4a910403
68227,stationary_low_noise,none,zero_residual_frequency,-0.00010072486768997191,-9.703416059869685e-05,-3.6907070912750584e-06,-125.54768452658048,-123.90533258008476,-1.6423519464957224,0.0001295733558636103,0.00012356850860228974,-6.004847261320556e-06,0.016622097660637027,0.016987736360324884,-0.0003656386996878577,1.0047527048945823e-05,3.992546207421408e-05,0.0007981115907590997,0.0008779889433734903,4,4,0,0,True,freq_hrl_no_promotion_v4,freq_lr1e4_std05_exploratory,2026,4044,tuning_validation_mechanism_diagnostic,full_method_nested_hpo_v2,e71e450a28940aa51ea98625171e91a6efc840d2,79590490efcc7dd75975795a340d82b6b88a46f7b52eb4da8297cf0a4a910403
68207,stationary_low_noise,none,zero_residual_frequency,-0.00013665265534390514,-0.000135333388733061,-1.3192666108441387e-06,-425.7640296809561,-440.03083340238516,14.266803721429028,0.00013665265534390514,0.000135333388733061,-1.3192666108441387e-06,0.012839087474528868,0.011619763164814511,0.0012193243097143574,5.457812786579326e-05,1.235993823868219e-05,0.0008757059754076283,0.0010512892800786885,4,4,0,0,True,freq_hrl_no_promotion_v4,freq_lr1e4_std05_exploratory,2039,4057,tuning_validation_mechanism_diagnostic,full_method_nested_hpo_v2,e71e450a28940aa51ea98625171e91a6efc840d2,79590490efcc7dd75975795a340d82b6b88a46f7b52eb4da8297cf0a4a910403
68209,stationary_low_noise,none,zero_residual_frequency,-9.296110561862747e-05,-8.610501907468926e-05,-6.856086543938211e-06,-152.69803930100448,-147.2977084146448,-5.400330886359683,9.296110561862747e-05,8.610501907468926e-05,-6.856086543938211e-06,0.020597596513039933,0.0185855406757894,0.0020120558372505315,1.1232855027907695e-05,-1.3264765769749393e-05,0.0010349997010532914,0.0011072928041888494,4,4,0,0,True,freq_hrl_no_promotion_v4,freq_lr1e4_std05_exploratory,2039,4057,tuning_validation_mechanism_diagnostic,full_method_nested_hpo_v2,e71e450a28940aa51ea98625171e91a6efc840d2,79590490efcc7dd75975795a340d82b6b88a46f7b52eb4da8297cf0a4a910403
68213,stationary_low_noise,none,zero_residual_frequency,-0.0002042524482029906,-0.0002078807610782496,3.628312875258999e-06,-424.49521199205896,-440.4757226818839,15.98051068982494,0.0002042524482029906,0.0002078807610782496,3.628312875258999e-06,0.017524900223193397,0.01689573506809567,0.0006291651550977273,6.406088190747932e-05,1.4118846392260856e-06,0.0012356742956455946,0.001545493858673631,4,4,0,0,True,freq_hrl_no_promotion_v4,freq_lr1e4_std05_exploratory,2039,4057,tuning_validation_mechanism_diagnostic,full_method_nested_hpo_v2,e71e450a28940aa51ea98625171e91a6efc840d2,79590490efcc7dd75975795a340d82b6b88a46f7b52eb4da8297cf0a4a910403
68219,stationary_low_noise,none,zero_residual_frequency,-0.00012556499790628006,-0.00011963312461926723,-5.931873287012834e-06,-429.71213537120695,-426.79536767849214,-2.9167676927148136,0.00012556499790628006,0.00011963312461926723,-5.931873287012834e-06,0.011194829522446097,0.0098171669842421,0.001377662538203997,4.435626626786246e-05,1.2394235257826761e-05,0.0008928614281741273,0.0010377474034372527,4,4,0,0,True,freq_hrl_no_promotion_v4,freq_lr1e4_std05_exploratory,2039,4057,tuning_validation_mechanism_diagnostic,full_method_nested_hpo_v2,e71e450a28940aa51ea98625171e91a6efc840d2,79590490efcc7dd75975795a340d82b6b88a46f7b52eb4da8297cf0a4a910403
68227,stationary_low_noise,none,zero_residual_frequency,-0.00011357501394226865,-0.00011244816837208127,-1.1268455701873847e-06,-443.6205963318846,-437.6120354680346,-6.008560863849993,0.00011357501394226865,0.00011244816837208127,-1.1268455701873847e-06,0.01006769071048138,0.00927232786525092,0.0007953628452304594,6.28926353309722e-05,2.2201526846635094e-05,0.0009357494197849468,0.0011184706700621268,4,4,0,0,True,freq_hrl_no_promotion_v4,freq_lr1e4_std05_exploratory,2039,4057,tuning_validation_mechanism_diagnostic,full_method_nested_hpo_v2,e71e450a28940aa51ea98625171e91a6efc840d2,79590490efcc7dd75975795a340d82b6b88a46f7b52eb4da8297cf0a4a910403
68207,stationary_low_noise,none,zero_residual_frequency,0.0007258378671022303,0.0007092457442658961,1.6592122836334156e-05,99.6267207492005,98.08963690468316,1.5370838445173405,0.00012821406026752857,0.0001283414724000398,1.2741213251121764e-07,0.16513374096673356,0.16486490971140086,0.0002688312553326966,0.0002652345943821265,0.0002381583205928243,0.0024492100037099996,0.0026724663393300338,4,4,0,0,True,freq_hrl_no_promotion_v4,freq_lr1e4_std05_exploratory,2053,4071,tuning_validation_mechanism_diagnostic,full_method_nested_hpo_v2,e71e450a28940aa51ea98625171e91a6efc840d2,79590490efcc7dd75975795a340d82b6b88a46f7b52eb4da8297cf0a4a910403
68209,stationary_low_noise,none,zero_residual_frequency,0.00043408535414890537,0.0004244810856106618,9.604268538243588e-06,60.55199803191881,59.280828779829186,1.2711692520896207,0.00012440190498042014,0.00012794245150005157,3.5405465196314267e-06,0.1749553484417083,0.17637711642543216,-0.0014217679837238706,0.0002534152750062844,0.0002361909922198046,0.003614728508035922,0.0036211991828976253,4,4,0,0,True,freq_hrl_no_promotion_v4,freq_lr1e4_std05_exploratory,2053,4071,tuning_validation_mechanism_diagnostic,full_method_nested_hpo_v2,e71e450a28940aa51ea98625171e91a6efc840d2,79590490efcc7dd75975795a340d82b6b88a46f7b52eb4da8297cf0a4a910403
68213,stationary_low_noise,none,zero_residual_frequency,0.001337141784967688,0.0013174711297108121,1.9670655256875946e-05,149.63913755936107,148.47322075673276,1.1659168026283169,7.475113004407063e-05,7.806986350344935e-05,3.31873345937872e-06,0.20941496545217464,0.20730021452560904,0.0021147509265656006,0.00021167487501809001,0.0001897524863896723,0.0042241520469461745,0.004879751349168752,4,4,0,0,True,freq_hrl_no_promotion_v4,freq_lr1e4_std05_exploratory,2053,4071,tuning_validation_mechanism_diagnostic,full_method_nested_hpo_v2,e71e450a28940aa51ea98625171e91a6efc840d2,79590490efcc7dd75975795a340d82b6b88a46f7b52eb4da8297cf0a4a910403
68219,stationary_low_noise,none,zero_residual_frequency,0.0007232169973976355,0.0007288321890037697,-5.615191606134218e-06,102.58158881843951,103.3376603588424,-0.7560715404028855,8.146656390739526e-05,8.118232751608279e-05,-2.842363913124757e-07,0.1758889922754555,0.1757066258299136,0.00018236644554192605,0.00022629456536907858,0.00021734734870208002,0.002632527815563258,0.0026040389937406873,4,4,0,0,True,freq_hrl_no_promotion_v4,freq_lr1e4_std05_exploratory,2053,4071,tuning_validation_mechanism_diagnostic,full_method_nested_hpo_v2,e71e450a28940aa51ea98625171e91a6efc840d2,79590490efcc7dd75975795a340d82b6b88a46f7b52eb4da8297cf0a4a910403
68227,stationary_low_noise,none,zero_residual_frequency,0.0008390148940682352,0.0008223707511842981,1.6644142883937008e-05,113.27501794723517,111.58389997980728,1.6911179674278856,8.9417110190948e-05,8.998130908344226e-05,5.641988924942609e-07,0.16939613235732698,0.17012764288593502,-0.000731510528608037,0.00022802630962037596,0.00023249743642725655,0.0027091223858961818,0.002805088051536586,4,4,0,0,True,freq_hrl_no_promotion_v4,freq_lr1e4_std05_exploratory,2053,4071,tuning_validation_mechanism_diagnostic,full_method_nested_hpo_v2,e71e450a28940aa51ea98625171e91a6efc840d2,79590490efcc7dd75975795a340d82b6b88a46f7b52eb4da8297cf0a4a910403
68207,persistent_shift,none,zero_residual_frequency,0.0029736325664888597,0.0029406461893561886,3.298637713267105e-05,166.76902839276454,164.63970858696172,2.1293198058028224,0.00020047943458589845,0.00020831589176861787,7.836457182719414e-06,0.1407731271421182,0.14147685016178807,-0.0007037230196698663,0.0004373777833980013,0.00022663493720259534,0.005105795082353224,0.006311815042136004,4,4,0,0,True,freq_hrl_no_promotion_v4,freq_lr1e4_std05_exploratory,2026,2026,tuning_validation_mechanism_diagnostic,full_method_nested_hpo_v2,e71e450a28940aa51ea98625171e91a6efc840d2,79590490efcc7dd75975795a340d82b6b88a46f7b52eb4da8297cf0a4a910403
68209,persistent_shift,none,zero_residual_frequency,0.0032973088872541023,0.0032640979407947412,3.321094645936107e-05,149.48516854221486,147.50998171999288,1.9751868222219855,0.0006146563443610864,0.0006188185807481927,4.162236387106333e-06,0.18819545727632098,0.18713034244005947,0.0010651148362615104,0.0005670273648400589,0.00021431215118266342,0.007721610726134209,0.009540313467409255,4,4,0,0,True,freq_hrl_no_promotion_v4,freq_lr1e4_std05_exploratory,2026,2026,tuning_validation_mechanism_diagnostic,full_method_nested_hpo_v2,e71e450a28940aa51ea98625171e91a6efc840d2,79590490efcc7dd75975795a340d82b6b88a46f7b52eb4da8297cf0a4a910403
68213,persistent_shift,none,zero_residual_frequency,0.005276169436966738,0.00515980021979745,0.00011636921716928761,185.30091183525207,181.9937943895141,3.3071174457379584,0.0002725413072681704,0.0003085382917863422,3.599698451817179e-05,0.20290950720327958,0.20229028490897577,0.0006192222943038062,0.0004933097463749108,0.0001739421640467006,0.007825486555965553,0.011010348463282247,4,4,0,0,True,freq_hrl_no_promotion_v4,freq_lr1e4_std05_exploratory,2026,2026,tuning_validation_mechanism_diagnostic,full_method_nested_hpo_v2,e71e450a28940aa51ea98625171e91a6efc840d2,79590490efcc7dd75975795a340d82b6b88a46f7b52eb4da8297cf0a4a910403
68219,persistent_shift,none,zero_residual_frequency,0.003028002764152493,0.0029936388451627938,3.436391898969937e-05,155.86066875694442,153.98233825521035,1.8783305017340695,0.00043567728946736217,0.000434621105499855,-1.0561839675071738e-06,0.16233816629972048,0.162737653704192,-0.00039948740447151576,0.00037132982944090506,0.00019488793228873136,0.005755337864209449,0.007327055326216699,4,4,0,0,True,freq_hrl_no_promotion_v4,freq_lr1e4_std05_exploratory,2026,2026,tuning_validation_mechanism_diagnostic,full_method_nested_hpo_v2,e71e450a28940aa51ea98625171e91a6efc840d2,79590490efcc7dd75975795a340d82b6b88a46f7b52eb4da8297cf0a4a910403
68227,persistent_shift,none,zero_residual_frequency,0.0020724749589406954,0.0020669224301326228,5.552528808072665e-06,124.49164821671516,123.64092834308795,0.850719873627213,0.0005199162684373926,0.0005091922182479669,-1.0724050189425682e-05,0.15773037442992774,0.15782410869638697,-9.373426645922778e-05,0.0005324355868252301,0.00025748464080522447,0.005961141829933088,0.006774674733201714,4,4,0,0,True,freq_hrl_no_promotion_v4,freq_lr1e4_std05_exploratory,2026,2026,tuning_validation_mechanism_diagnostic,full_method_nested_hpo_v2,e71e450a28940aa51ea98625171e91a6efc840d2,79590490efcc7dd75975795a340d82b6b88a46f7b52eb4da8297cf0a4a910403
68207,persistent_shift,none,zero_residual_frequency,0.004744908444850315,0.00495705067941965,-0.00021214223456933468,218.78727768653837,221.3865340504887,-2.5992563639503317,0.0001238337874558404,0.00012771646673548354,3.882679279643142e-06,0.20072336002559277,0.2008168085172554,-9.344849166262326e-05,-0.00020058413889706327,-0.00012767938288630622,0.004624171901115107,0.0034854592115152625,4,4,0,0,True,freq_hrl_no_promotion_v4,freq_lr1e4_std05_exploratory,2039,2039,tuning_validation_mechanism_diagnostic,full_method_nested_hpo_v2,e71e450a28940aa51ea98625171e91a6efc840d2,79590490efcc7dd75975795a340d82b6b88a46f7b52eb4da8297cf0a4a910403
68209,persistent_shift,none,zero_residual_frequency,0.003894407181914472,0.00423446138087602,-0.000340054198961548,167.78799256356194,172.77083761381422,-4.98284505025228,0.00022046352489213383,0.00022091985453798202,4.563296458481858e-07,0.23473690772798048,0.23658863037684147,-0.0018517226488609928,-0.0002447499889941772,-0.00013315927482190969,0.008420817897391924,0.006269626922423614,4,4,0,0,True,freq_hrl_no_promotion_v4,freq_lr1e4_std05_exploratory,2039,2039,tuning_validation_mechanism_diagnostic,full_method_nested_hpo_v2,e71e450a28940aa51ea98625171e91a6efc840d2,79590490efcc7dd75975795a340d82b6b88a46f7b52eb4da8297cf0a4a910403
68213,persistent_shift,none,zero_residual_frequency,0.005496847568459584,0.005519557671033626,-2.2710102574041713e-05,219.55659190386353,218.08913908676644,1.4674528170970973,6.182230431417413e-05,6.870517884915994e-05,6.882874534985817e-06,0.2595651520928066,0.2632804835142091,-0.003715331421402457,-0.00018553814525735441,-0.00014669588084361798,0.006794710069364858,0.003685832012383293,4,4,0,0,True,freq_hrl_no_promotion_v4,freq_lr1e4_std05_exploratory,2039,2039,tuning_validation_mechanism_diagnostic,full_method_nested_hpo_v2,e71e450a28940aa51ea98625171e91a6efc840d2,79590490efcc7dd75975795a340d82b6b88a46f7b52eb4da8297cf0a4a910403
68219,persistent_shift,none,zero_residual_frequency,0.004148550599994527,0.004259163356925999,-0.00011061275693147188,188.12941806477752,189.44506364580266,-1.3156455810251373,0.0001103826348800574,0.0001102132001717937,-1.6943470826369378e-07,0.22283903555624435,0.22434040291847254,-0.0015013673622281953,-0.00021363399264509236,-0.00014292507607114105,0.005457111962247533,0.004270938737156231,4,4,0,0,True,freq_hrl_no_promotion_v4,freq_lr1e4_std05_exploratory,2039,2039,tuning_validation_mechanism_diagnostic,full_method_nested_hpo_v2,e71e450a28940aa51ea98625171e91a6efc840d2,79590490efcc7dd75975795a340d82b6b88a46f7b52eb4da8297cf0a4a910403
68227,persistent_shift,none,zero_residual_frequency,0.003924820274941343,0.004100027571068088,-0.0001752072961267448,183.52031686601526,185.64413664316754,-2.1238197771522778,0.0001123310684989498,0.00010827755381193072,-4.0535146870190886e-06,0.19160422706144692,0.19203795089116402,-0.00043372382971709755,-0.00021205859182766646,-0.00011209251987898276,0.006038401997900817,0.004755008188092487,4,4,0,0,True,freq_hrl_no_promotion_v4,freq_lr1e4_std05_exploratory,2039,2039,tuning_validation_mechanism_diagnostic,full_method_nested_hpo_v2,e71e450a28940aa51ea98625171e91a6efc840d2,79590490efcc7dd75975795a340d82b6b88a46f7b52eb4da8297cf0a4a910403
68207,persistent_shift,none,zero_residual_frequency,0.004771105981427937,0.004696955856438478,7.415012498945828e-05,199.6353597171658,197.9435488026353,1.691810914530521,0.00018332583670122027,0.00017710926314606912,-6.21657355515115e-06,0.23701971169866876,0.2350810144713803,0.001938697227288455,-1.2749515934301019e-06,1.0624912581248191e-05,0.006160947888949724,0.006098722187097236,4,4,0,0,True,freq_hrl_no_promotion_v4,freq_lr1e4_std05_exploratory,2053,2053,tuning_validation_mechanism_diagnostic,full_method_nested_hpo_v2,e71e450a28940aa51ea98625171e91a6efc840d2,79590490efcc7dd75975795a340d82b6b88a46f7b52eb4da8297cf0a4a910403
68209,persistent_shift,none,zero_residual_frequency,0.005266421109034525,0.00518604049874094,8.038061029358445e-05,192.10342936350065,190.29186933878935,1.811560024711298,0.00029756323460694567,0.0003035526153793988,5.989380772453146e-06,0.3007076020249341,0.3016402480397719,-0.0009326460148378346,5.244543106970321e-05,2.2642271452171e-06,0.009905011630770684,0.009084329772304046,4,4,0,0,True,freq_hrl_no_promotion_v4,freq_lr1e4_std05_exploratory,2053,2053,tuning_validation_mechanism_diagnostic,full_method_nested_hpo_v2,e71e450a28940aa51ea98625171e91a6efc840d2,79590490efcc7dd75975795a340d82b6b88a46f7b52eb4da8297cf0a4a910403
68213,persistent_shift,none,zero_residual_frequency,0.007068962050354344,0.0069891635266285945,7.979852372574925e-05,228.84454160686815,225.63232965792187,3.212211948946276,0.00018383701564905763,0.00019873280571924834,1.4895790070190706e-05,0.2959860365469634,0.300017886737183,-0.004031850190219566,-0.00010155861665883641,-3.613857309472784e-05,0.010714650965180933,0.010425494585069828,4,4,0,0,True,freq_hrl_no_promotion_v4,freq_lr1e4_std05_exploratory,2053,2053,tuning_validation_mechanism_diagnostic,full_method_nested_hpo_v2,e71e450a28940aa51ea98625171e91a6efc840d2,79590490efcc7dd75975795a340d82b6b88a46f7b52eb4da8297cf0a4a910403
68219,persistent_shift,none,zero_residual_frequency,0.004676948108183865,0.004661345112352722,1.5602995831143218e-05,200.85332872092096,197.44915005227278,3.4041786686481714,0.00020727694708710942,0.00023198413960656694,2.470719251945752e-05,0.23655691082325614,0.24692841358556472,-0.010371502762308582,3.386455103967312e-05,-2.395813102449955e-05,0.006806402891864613,0.0067635205486213735,4,4,0,0,True,freq_hrl_no_promotion_v4,freq_lr1e4_std05_exploratory,2053,2053,tuning_validation_mechanism_diagnostic,full_method_nested_hpo_v2,e71e450a28940aa51ea98625171e91a6efc840d2,79590490efcc7dd75975795a340d82b6b88a46f7b52eb4da8297cf0a4a910403
68227,persistent_shift,none,zero_residual_frequency,0.0038721228437599287,0.003781457904826313,9.06649389336156e-05,186.3198059206661,184.8240284557648,1.4957774649013231,0.0001236202633762007,0.00012730353752121726,3.6832741450165685e-06,0.21419929420469944,0.21280847027558472,0.001390823929114715,4.2966918656653835e-05,1.8644848470299553e-05,0.0077178785982646835,0.007867644852861606,4,4,0,0,True,freq_hrl_no_promotion_v4,freq_lr1e4_std05_exploratory,2053,2053,tuning_validation_mechanism_diagnostic,full_method_nested_hpo_v2,e71e450a28940aa51ea98625171e91a6efc840d2,79590490efcc7dd75975795a340d82b6b88a46f7b52eb4da8297cf0a4a910403
68207,ood_period,none,zero_residual_frequency,0.005543135221099282,0.005579726115414907,-3.659089431562457e-05,178.85980652422225,179.0492641214989,-0.18945759727665745,0.00017504151469571738,0.0001762557449259683,1.2142302302509123e-06,0.22867972504778153,0.22919169176437532,-0.0005119667165937869,0.00014889347473918046,0.00021093171044247195,0.003907301598741873,0.004363812266092282,4,4,0,0,True,freq_hrl_no_promotion_v4,freq_lr1e4_std05_exploratory,2026,7071,tuning_validation_mechanism_diagnostic,full_method_nested_hpo_v2,e71e450a28940aa51ea98625171e91a6efc840d2,79590490efcc7dd75975795a340d82b6b88a46f7b52eb4da8297cf0a4a910403
68209,ood_period,none,zero_residual_frequency,0.004359777682747978,0.004344357804294319,1.5419878453659663e-05,133.71396799586196,133.43296447873115,0.28100351713081295,0.0006359934139880119,0.0006274942155563012,-8.499198431710653e-06,0.26753569822839396,0.26785324256114046,-0.00031754433274649996,0.0003349554794713999,0.000255982306162882,0.0074646098290233765,0.007761922285620434,4,4,0,0,True,freq_hrl_no_promotion_v4,freq_lr1e4_std05_exploratory,2026,7071,tuning_validation_mechanism_diagnostic,full_method_nested_hpo_v2,e71e450a28940aa51ea98625171e91a6efc840d2,79590490efcc7dd75975795a340d82b6b88a46f7b52eb4da8297cf0a4a910403
68213,ood_period,none,zero_residual_frequency,0.007557063626761673,0.00760581889159373,-4.875526483205661e-05,153.081321555273,153.89327839561255,-0.8119568403395476,0.0004349532823836322,0.0004237829101295665,-1.1170372254065697e-05,0.3553923527973875,0.35616312584487314,-0.0007707730474856289,0.00020251748284697533,0.0002571431282673042,0.007753996875989186,0.009453747335808454,4,4,0,0,True,freq_hrl_no_promotion_v4,freq_lr1e4_std05_exploratory,2026,7071,tuning_validation_mechanism_diagnostic,full_method_nested_hpo_v2,e71e450a28940aa51ea98625171e91a6efc840d2,79590490efcc7dd75975795a340d82b6b88a46f7b52eb4da8297cf0a4a910403
68219,ood_period,none,zero_residual_frequency,0.00408422052365176,0.004122260210025486,-3.8039686373725345e-05,136.62936972965366,136.87657148221916,-0.24720175256550192,0.0003809624299857539,0.00038541938344960336,4.4569534638494446e-06,0.23135520781038796,0.23274942485180852,-0.0013942170414205646,0.0003373196427414021,0.0002756464391101244,0.005143696489762482,0.0055692171031195255,4,4,0,0,True,freq_hrl_no_promotion_v4,freq_lr1e4_std05_exploratory,2026,7071,tuning_validation_mechanism_diagnostic,full_method_nested_hpo_v2,e71e450a28940aa51ea98625171e91a6efc840d2,79590490efcc7dd75975795a340d82b6b88a46f7b52eb4da8297cf0a4a910403
68227,ood_period,none,zero_residual_frequency,0.004478901018083903,0.004501550182166136,-2.2649164082233497e-05,142.34652678477508,142.2676394467788,0.07888733799629222,0.0002837523714113166,0.00028079417643978033,-2.9581949715362654e-06,0.26507127882361203,0.266149489161115,-0.0010782103375029939,0.000324527161137251,0.0002750602244867452,0.005924128144639932,0.006558867761891128,4,4,0,0,True,freq_hrl_no_promotion_v4,freq_lr1e4_std05_exploratory,2026,7071,tuning_validation_mechanism_diagnostic,full_method_nested_hpo_v2,e71e450a28940aa51ea98625171e91a6efc840d2,79590490efcc7dd75975795a340d82b6b88a46f7b52eb4da8297cf0a4a910403
68207,ood_period,none,zero_residual_frequency,0.001823761058223683,0.0018126826368356497,1.1078421388033277e-05,147.39854247547464,148.42397839185116,-1.025435916376523,0.00022531795882407835,0.00022007152081493508,-5.246438009143262e-06,0.13814373001535607,0.13414930018079796,0.003994429834558111,0.00015946910454834,4.329845064052213e-05,0.004493764805617198,0.0040828896644395886,4,4,0,0,True,freq_hrl_no_promotion_v4,freq_lr1e4_std05_exploratory,2039,7084,tuning_validation_mechanism_diagnostic,full_method_nested_hpo_v2,e71e450a28940aa51ea98625171e91a6efc840d2,79590490efcc7dd75975795a340d82b6b88a46f7b52eb4da8297cf0a4a910403
68209,ood_period,none,zero_residual_frequency,0.001991738547402866,0.0020104021671742967,-1.8663619771430717e-05,120.08799831550263,120.79615552655426,-0.7081572110516277,0.0005062128510928687,0.0005043269924389637,-1.8858586539050037e-06,0.18465488747349537,0.1848827139067723,-0.00022782643327692864,1.7565868895825765e-05,-7.734937080137786e-05,0.007651147594515351,0.005407540771395563,4,4,0,0,True,freq_hrl_no_promotion_v4,freq_lr1e4_std05_exploratory,2039,7084,tuning_validation_mechanism_diagnostic,full_method_nested_hpo_v2,e71e450a28940aa51ea98625171e91a6efc840d2,79590490efcc7dd75975795a340d82b6b88a46f7b52eb4da8297cf0a4a910403
68213,ood_period,none,zero_residual_frequency,0.002942553454676533,0.0029726400633593997,-3.008660868286661e-05,131.81123823047565,131.85646486875237,-0.04522663827671636,0.000378028811967579,0.00039413383737330054,1.6105025405721562e-05,0.22995997385928268,0.2290970308695518,0.000862942989730886,6.446173104515345e-05,-6.228947605445366e-06,0.007857546288869343,0.005979399271058759,4,4,0,0,True,freq_hrl_no_promotion_v4,freq_lr1e4_std05_exploratory,2039,7084,tuning_validation_mechanism_diagnostic,full_method_nested_hpo_v2,e71e450a28940aa51ea98625171e91a6efc840d2,79590490efcc7dd75975795a340d82b6b88a46f7b52eb4da8297cf0a4a910403
68219,ood_period,none,zero_residual_frequency,0.001426783593863723,0.0014066788415021403,2.0104752361582712e-05,106.89441698029499,106.03120297173648,0.8632140085585149,0.0003093322803481291,0.0003124744024102233,3.142122062094188e-06,0.15672080493367888,0.15721102482616997,-0.000490219892491095,0.00020392116940771347,2.7614763685377052e-05,0.00632949745373076,0.00522270469009527,4,4,0,0,True,freq_hrl_no_promotion_v4,freq_lr1e4_std05_exploratory,2039,7084,tuning_validation_mechanism_diagnostic,full_method_nested_hpo_v2,e71e450a28940aa51ea98625171e91a6efc840d2,79590490efcc7dd75975795a340d82b6b88a46f7b52eb4da8297cf0a4a910403
68227,ood_period,none,zero_residual_frequency,0.0018250760142524136,0.0018021085183854701,2.2967495866943466e-05,125.14472479503347,125.74635156719438,-0.6016267721609125,0.0003144676718553896,0.0003021042388908768,-1.236343296451281e-05,0.1700802854418355,0.1672825062595181,0.0027977791823174114,0.000150836084707167,-2.9906643931645454e-06,0.0073033123108365945,0.006160350781283341,4,4,0,0,True,freq_hrl_no_promotion_v4,freq_lr1e4_std05_exploratory,2039,7084,tuning_validation_mechanism_diagnostic,full_method_nested_hpo_v2,e71e450a28940aa51ea98625171e91a6efc840d2,79590490efcc7dd75975795a340d82b6b88a46f7b52eb4da8297cf0a4a910403
68207,ood_period,none,zero_residual_frequency,0.004298698164778347,0.004427996613711738,-0.00012929844893339038,115.62145905692425,117.06379551268346,-1.4423364557592038,0.0003944678953106129,0.000401535556623589,7.067661312976092e-06,0.32585140395568796,0.32877277190378595,-0.002921367948097997,0.0004251721356816714,0.0003025196520968801,0.004901971029418443,0.005655898199054515,4,4,0,0,True,freq_hrl_no_promotion_v4,freq_lr1e4_std05_exploratory,2053,7098,tuning_validation_mechanism_diagnostic,full_method_nested_hpo_v2,e71e450a28940aa51ea98625171e91a6efc840d2,79590490efcc7dd75975795a340d82b6b88a46f7b52eb4da8297cf0a4a910403
68209,ood_period,none,zero_residual_frequency,0.002583144215373423,0.0027598111874294062,-0.00017666697205598325,90.58000421802063,94.36248115692379,-3.7824769389031587,0.0006169955081685163,0.0006133969469260814,-3.598561242434961e-06,0.33351348539335435,0.33314106237875046,0.00037242301460388427,0.0007581702227917853,0.0003225438842671592,0.007652073099759743,0.010977971102693117,4,4,0,0,True,freq_hrl_no_promotion_v4,freq_lr1e4_std05_exploratory,2053,7098,tuning_validation_mechanism_diagnostic,full_method_nested_hpo_v2,e71e450a28940aa51ea98625171e91a6efc840d2,79590490efcc7dd75975795a340d82b6b88a46f7b52eb4da8297cf0a4a910403
68213,ood_period,none,zero_residual_frequency,0.00523520473496264,0.00536284164543388,-0.00012763691047124048,123.39349525493775,124.6907778515714,-1.29728259663365,0.0007204702582956912,0.0007327711606477383,1.230090235204706e-05,0.4065714058266496,0.4071929318891556,-0.0006215260625060393,0.0007826728199479501,0.00030587120310327767,0.008543717425760001,0.010427397068835692,4,4,0,0,True,freq_hrl_no_promotion_v4,freq_lr1e4_std05_exploratory,2053,7098,tuning_validation_mechanism_diagnostic,full_method_nested_hpo_v2,e71e450a28940aa51ea98625171e91a6efc840d2,79590490efcc7dd75975795a340d82b6b88a46f7b52eb4da8297cf0a4a910403
68219,ood_period,none,zero_residual_frequency,0.0026914338765913204,0.0027883691201626704,-9.693524357134997e-05,96.93382638978275,98.95190178153442,-2.0180753917516654,0.0007813604706712329,0.0007719576463449673,-9.402824326265602e-06,0.304239207204961,0.3030799067803891,0.0011593004245719074,0.0005661120416322815,0.00031491039720842105,0.005219270742923578,0.0073250150932128435,4,4,0,0,True,freq_hrl_no_promotion_v4,freq_lr1e4_std05_exploratory,2053,7098,tuning_validation_mechanism_diagnostic,full_method_nested_hpo_v2,e71e450a28940aa51ea98625171e91a6efc840d2,79590490efcc7dd75975795a340d82b6b88a46f7b52eb4da8297cf0a4a910403
68227,ood_period,none,zero_residual_frequency,0.0031575797865524002,0.003267167236741697,-0.00010958745018929683,98.12346559931122,99.88119903622272,-1.7577334369115079,0.0006915887646112839,0.0006962395504324093,4.650785821125325e-06,0.32899049426536625,0.33046722149288715,-0.001476727227520902,0.0006137261046996654,0.0003132132218097526,0.00638154505068087,0.008075508532864558,4,4,0,0,True,freq_hrl_no_promotion_v4,freq_lr1e4_std05_exploratory,2053,7098,tuning_validation_mechanism_diagnostic,full_method_nested_hpo_v2,e71e450a28940aa51ea98625171e91a6efc840d2,79590490efcc7dd75975795a340d82b6b88a46f7b52eb4da8297cf0a4a910403
68207,stationary_low_noise,none,zero_residual_frequency,-4.561319655038698e-05,-4.51440560841343e-05,-4.6914046625268213e-07,-43.80450858901002,-42.41412391503274,-1.3903846739772803,0.00011607815992387138,0.00011680391975088522,7.257598270138388e-07,0.016879158039476184,0.017692701364319212,-0.0008135433248430274,2.0200107112093178e-05,2.6389297403279525e-05,0.0007708875232768579,0.0008249594786194495,4,4,0,0,True,freq_hrl_no_promotion_v4,freq_lr1e4_std10_balanced,2026,4044,tuning_validation_mechanism_diagnostic,full_method_nested_hpo_v2,e71e450a28940aa51ea98625171e91a6efc840d2,79590490efcc7dd75975795a340d82b6b88a46f7b52eb4da8297cf0a4a910403
68209,stationary_low_noise,none,zero_residual_frequency,-1.741027888890745e-05,-1.1518845240310327e-05,-5.891433648597122e-06,-17.789864969322167,-11.889147493329531,-5.900717475992636,9.029366454826881e-05,8.519477781909757e-05,-5.098886729171248e-06,0.01537817003173253,0.01516412420213463,0.0002140458295979003,1.1027868419234021e-05,2.6225644392507602e-05,0.0010189597022411412,0.0011016109892441112,4,4,0,0,True,freq_hrl_no_promotion_v4,freq_lr1e4_std10_balanced,2026,4044,tuning_validation_mechanism_diagnostic,full_method_nested_hpo_v2,e71e450a28940aa51ea98625171e91a6efc840d2,79590490efcc7dd75975795a340d82b6b88a46f7b52eb4da8297cf0a4a910403
68213,stationary_low_noise,none,zero_residual_frequency,-0.00012488859037418365,-0.00012065633176228108,-4.232258611902573e-06,-121.81745591595447,-119.264983099206,-2.5524728167484625,0.0001611636438766384,0.00015669896116432547,-4.4646827123129285e-06,0.020519167220038742,0.020590564416891333,-7.13971968525906e-05,4.297151049757177e-06,2.347353716263153e-05,0.0011782992481547201,0.0013256086593514738,4,4,0,0,True,freq_hrl_no_promotion_v4,freq_lr1e4_std10_balanced,2026,4044,tuning_validation_mechanism_diagnostic,full_method_nested_hpo_v2,e71e450a28940aa51ea98625171e91a6efc840d2,79590490efcc7dd75975795a340d82b6b88a46f7b52eb4da8297cf0a4a910403
68219,stationary_low_noise,none,zero_residual_frequency,-0.00010908179266044815,-0.00010727229861096088,-1.8094940494872702e-06,-112.44427435546984,-111.1422946666977,-1.3019796887721498,0.0001460367593314471,0.00014430782482866,-1.728934502787105e-06,0.018210393841576814,0.018321937853486594,-0.00011154401190978033,4.514291378961825e-06,2.463763993160877e-05,0.0007741327870746772,0.0008650827699745555,4,4,0,0,True,freq_hrl_no_promotion_v4,freq_lr1e4_std10_balanced,2026,4044,tuning_validation_mechanism_diagnostic,full_method_nested_hpo_v2,e71e450a28940aa51ea98625171e91a6efc840d2,79590490efcc7dd75975795a340d82b6b88a46f7b52eb4da8297cf0a4a910403
68227,stationary_low_noise,none,zero_residual_frequency,-9.809766984592017e-05,-9.654741524101063e-05,-1.55025460490954e-06,-123.54017675478006,-123.36873137870788,-0.17144537607218524,0.00012716770292164892,0.00012350271300243243,-3.664989919216488e-06,0.016367631995677458,0.016840828517017518,-0.00047319652134006004,4.157881432244141e-06,2.6228890129808336e-05,0.0007981070205842242,0.0008779796026961625,4,4,0,0,True,freq_hrl_no_promotion_v4,freq_lr1e4_std10_balanced,2026,4044,tuning_validation_mechanism_diagnostic,full_method_nested_hpo_v2,e71e450a28940aa51ea98625171e91a6efc840d2,79590490efcc7dd75975795a340d82b6b88a46f7b52eb4da8297cf0a4a910403
68207,stationary_low_noise,none,zero_residual_frequency,-0.00013652890734427992,-0.00013329911823634077,-3.2297891079391405e-06,-432.2633470146578,-446.54584261548183,14.282495600824006,0.00013652890734427992,0.00013329911823634077,-3.2297891079391405e-06,0.012300573755259003,0.010966191879608268,0.001334381875650735,3.032991225446011e-05,4.3874497967162234e-06,0.000875709648751884,0.0010512972197931148,4,4,0,0,True,freq_hrl_no_promotion_v4,freq_lr1e4_std10_balanced,2039,4057,tuning_validation_mechanism_diagnostic,full_method_nested_hpo_v2,e71e450a28940aa51ea98625171e91a6efc840d2,79590490efcc7dd75975795a340d82b6b88a46f7b52eb4da8297cf0a4a910403
68209,stationary_low_noise,none,zero_residual_frequency,-8.879306826914402e-05,-8.555662085663052e-05,-3.236447412513499e-06,-150.3139674004273,-148.16776443033334,-2.1462029700939524,8.879306826914402e-05,8.555662085663052e-05,-3.236447412513499e-06,0.019493524379595242,0.018281989533585827,0.0012115348460094155,-2.0497341831677524e-06,-1.2631622183890592e-05,0.001035008600220206,0.001107308139242175,4,4,0,0,True,freq_hrl_no_promotion_v4,freq_lr1e4_std10_balanced,2039,4057,tuning_validation_mechanism_diagnostic,full_method_nested_hpo_v2,e71e450a28940aa51ea98625171e91a6efc840d2,79590490efcc7dd75975795a340d82b6b88a46f7b52eb4da8297cf0a4a910403
68213,stationary_low_noise,none,zero_residual_frequency,-0.0002072545721802932,-0.00020689271614104943,-3.6185603924376863e-07,-431.65736298349077,-447.54014095407894,15.882777970588165,0.0002072545721802932,0.00020689271614104943,-3.6185603924376863e-07,0.01740017847116663,0.01647849999335134,0.0009216784778152895,3.5376230396868747e-05,-2.6814274719326626e-06,0.0012356773176034294,0.0015454971550058062,4,4,0,0,True,freq_hrl_no_promotion_v4,freq_lr1e4_std10_balanced,2039,4057,tuning_validation_mechanism_diagnostic,full_method_nested_hpo_v2,e71e450a28940aa51ea98625171e91a6efc840d2,79590490efcc7dd75975795a340d82b6b88a46f7b52eb4da8297cf0a4a910403
68219,stationary_low_noise,none,zero_residual_frequency,-0.00012355203410352456,-0.00011572140946913834,-7.830624634386218e-06,-435.8543551535812,-441.5746204140549,5.720265260473695,0.00012355203410352456,0.00011572140946913834,-7.830624634386218e-06,0.010576022478694314,0.009074914270685219,0.0015011082080090953,2.237811754098693e-05,4.90278301852103e-06,0.0008928664981245523,0.0010377569189952535,4,4,0,0,True,freq_hrl_no_promotion_v4,freq_lr1e4_std10_balanced,2039,4057,tuning_validation_mechanism_diagnostic,full_method_nested_hpo_v2,e71e450a28940aa51ea98625171e91a6efc840d2,79590490efcc7dd75975795a340d82b6b88a46f7b52eb4da8297cf0a4a910403
68227,stationary_low_noise,none,zero_residual_frequency,-0.00011295834131141991,-0.00011131487608995183,-1.6434652214680767e-06,-440.5576721051461,-439.77370253741884,-0.7839695677272402,0.00011295834131141991,0.00011131487608995183,-1.6434652214680767e-06,0.009579795670348695,0.008757123229499092,0.0008226724408496033,3.7466114588585755e-05,1.3092556784376873e-05,0.0009357530408117833,0.001118477750094371,4,4,0,0,True,freq_hrl_no_promotion_v4,freq_lr1e4_std10_balanced,2039,4057,tuning_validation_mechanism_diagnostic,full_method_nested_hpo_v2,e71e450a28940aa51ea98625171e91a6efc840d2,79590490efcc7dd75975795a340d82b6b88a46f7b52eb4da8297cf0a4a910403
68207,stationary_low_noise,none,zero_residual_frequency,0.0005643243313859791,0.000552788553610295,1.1535777775684153e-05,80.43347110240005,79.27769118140385,1.1557799209961956,0.000140387413763432,0.00014074904649330477,3.6163272987277395e-07,0.1665162028028137,0.16610382719342137,0.00041237560939233475,0.00022669865326947308,0.00020475161643605322,0.002529498241074179,0.002905679501741866,4,4,0,0,True,freq_hrl_no_promotion_v4,freq_lr1e4_std10_balanced,2053,4071,tuning_validation_mechanism_diagnostic,full_method_nested_hpo_v2,e71e450a28940aa51ea98625171e91a6efc840d2,79590490efcc7dd75975795a340d82b6b88a46f7b52eb4da8297cf0a4a910403
68209,stationary_low_noise,none,zero_residual_frequency,0.0002851028354131646,0.0002891218093319381,-4.018973918773483e-06,41.51916083800093,41.73939642665825,-0.2202355886573244,0.0001787091367329019,0.0001798164799411417,1.1073432082397971e-06,0.176017587939586,0.17800455966804718,-0.0019869717284611843,0.00021695958175076783,0.00019000894827296536,0.003558559768685478,0.003776960525930109,4,4,0,0,True,freq_hrl_no_promotion_v4,freq_lr1e4_std10_balanced,2053,4071,tuning_validation_mechanism_diagnostic,full_method_nested_hpo_v2,e71e450a28940aa51ea98625171e91a6efc840d2,79590490efcc7dd75975795a340d82b6b88a46f7b52eb4da8297cf0a4a910403
68213,stationary_low_noise,none,zero_residual_frequency,0.0012677149001814048,0.0012437413471972913,2.397355298411341e-05,152.52667602499614,151.15537688144923,1.3712991435469064,6.044779910341358e-05,6.223339270583494e-05,1.7855936024213648e-06,0.20004455382380046,0.19839041548402597,0.0016541383397744858,0.0002231511582878986,0.0001857560211814466,0.004434093525722144,0.0053319752760419056,4,4,0,0,True,freq_hrl_no_promotion_v4,freq_lr1e4_std10_balanced,2053,4071,tuning_validation_mechanism_diagnostic,full_method_nested_hpo_v2,e71e450a28940aa51ea98625171e91a6efc840d2,79590490efcc7dd75975795a340d82b6b88a46f7b52eb4da8297cf0a4a910403
68219,stationary_low_noise,none,zero_residual_frequency,0.0006739385121334873,0.0006711551459930298,2.7833661404574883e-06,98.27752983104712,98.31009122815699,-0.03256139710987327,8.36808524024013e-05,8.330281309087972e-05,-3.78039311521583e-07,0.17431099196135552,0.1737874403605636,0.0005235516007919272,0.00021134406835008357,0.00019907274764281515,0.002656234520994379,0.0028392839776643086,4,4,0,0,True,freq_hrl_no_promotion_v4,freq_lr1e4_std10_balanced,2053,4071,tuning_validation_mechanism_diagnostic,full_method_nested_hpo_v2,e71e450a28940aa51ea98625171e91a6efc840d2,79590490efcc7dd75975795a340d82b6b88a46f7b52eb4da8297cf0a4a910403
68227,stationary_low_noise,none,zero_residual_frequency,0.0007177605033881207,0.0007019098178890903,1.5850685499030348e-05,101.62368445083949,100.10806313324846,1.5156213175910267,0.00010360859787028609,0.0001038501139359882,2.415160657021076e-07,0.17103351510947526,0.17104409267923595,-1.0577569760694683e-05,0.00020581191353858557,0.00020372594104372692,0.002705756628317128,0.003007918539757763,4,4,0,0,True,freq_hrl_no_promotion_v4,freq_lr1e4_std10_balanced,2053,4071,tuning_validation_mechanism_diagnostic,full_method_nested_hpo_v2,e71e450a28940aa51ea98625171e91a6efc840d2,79590490efcc7dd75975795a340d82b6b88a46f7b52eb4da8297cf0a4a910403
68207,persistent_shift,none,zero_residual_frequency,0.0021182712605256615,0.0020690375681191586,4.923369240650288e-05,136.1269292657143,132.6117204106011,3.515208855113201,0.0001740002449340805,0.0001845008063399156,1.0500561405835107e-05,0.12857754539492666,0.12930907016527343,-0.0007315247703467698,0.00024216348832213026,0.00013342212600675712,0.004858775450055771,0.005699970206478611,4,4,0,0,True,freq_hrl_no_promotion_v4,freq_lr1e4_std10_balanced,2026,2026,tuning_validation_mechanism_diagnostic,full_method_nested_hpo_v2,e71e450a28940aa51ea98625171e91a6efc840d2,79590490efcc7dd75975795a340d82b6b88a46f7b52eb4da8297cf0a4a910403
68209,persistent_shift,none,zero_residual_frequency,0.001706296640381355,0.0016827772131391416,2.3519427242213453e-05,99.22641778560342,97.42131289458533,1.8051048910180896,0.0006667932997046488,0.000666291937895136,-5.013618095128791e-07,0.18137282040088165,0.1827664154408999,-0.0013935950400182362,0.0003005513634791089,0.00012415231752784924,0.007689401466632262,0.008816911642174496,4,4,0,0,True,freq_hrl_no_promotion_v4,freq_lr1e4_std10_balanced,2026,2026,tuning_validation_mechanism_diagnostic,full_method_nested_hpo_v2,e71e450a28940aa51ea98625171e91a6efc840d2,79590490efcc7dd75975795a340d82b6b88a46f7b52eb4da8297cf0a4a910403
68213,persistent_shift,none,zero_residual_frequency,0.0036554486397180064,0.0035230602067233274,0.00013238843299467895,166.28608318829984,161.42639107559089,4.859692112708956,0.00022893419115632696,0.0002616677497382369,3.273355858190996e-05,0.19131372603152091,0.1909328799638689,0.0003808460676520131,0.00023774225165267555,0.00010293971090008519,0.007419808486156398,0.00995750157405079,4,4,0,0,True,freq_hrl_no_promotion_v4,freq_lr1e4_std10_balanced,2026,2026,tuning_validation_mechanism_diagnostic,full_method_nested_hpo_v2,e71e450a28940aa51ea98625171e91a6efc840d2,79590490efcc7dd75975795a340d82b6b88a46f7b52eb4da8297cf0a4a910403
68219,persistent_shift,none,zero_residual_frequency,0.002224454932043818,0.0020888946105384054,0.00013556032150541242,144.29729056183754,135.9164748367154,8.380815725122147,0.00031960625568572265,0.0003543647394359528,3.475848375023016e-05,0.14344321713142896,0.14862391433761063,-0.005180697206181667,0.00020939401477215166,0.00011580029598040395,0.005689915493106431,0.00697735538390892,4,4,0,0,True,freq_hrl_no_promotion_v4,freq_lr1e4_std10_balanced,2026,2026,tuning_validation_mechanism_diagnostic,full_method_nested_hpo_v2,e71e450a28940aa51ea98625171e91a6efc840d2,79590490efcc7dd75975795a340d82b6b88a46f7b52eb4da8297cf0a4a910403
68227,persistent_shift,none,zero_residual_frequency,0.001046866357143461,0.0010403993477801077,6.4670093633534265e-06,77.00454658327251,76.19451206398902,0.8100345192834908,0.0005239354130736062,0.0005161262403516886,-7.809172721917612e-06,0.14887470480258672,0.14987496540651357,-0.0010002606039268558,0.0003119849301222963,0.00015566617177637822,0.005761372571982468,0.006299335403875578,4,4,0,0,True,freq_hrl_no_promotion_v4,freq_lr1e4_std10_balanced,2026,2026,tuning_validation_mechanism_diagnostic,full_method_nested_hpo_v2,e71e450a28940aa51ea98625171e91a6efc840d2,79590490efcc7dd75975795a340d82b6b88a46f7b52eb4da8297cf0a4a910403
68207,persistent_shift,none,zero_residual_frequency,0.004498742591783733,0.004692050199481379,-0.00019330760769764588,214.48751368372106,217.68799259059327,-3.200478906872206,0.00012183429317491612,0.00012150730857840575,-3.2698459651037126e-07,0.19143619081435362,0.19163078370543926,-0.00019459289108564315,-0.000147661017502563,-0.00014255963871563187,0.004801916166494872,0.003126853220439645,4,4,0,0,True,freq_hrl_no_promotion_v4,freq_lr1e4_std10_balanced,2039,2039,tuning_validation_mechanism_diagnostic,full_method_nested_hpo_v2,e71e450a28940aa51ea98625171e91a6efc840d2,79590490efcc7dd75975795a340d82b6b88a46f7b52eb4da8297cf0a4a910403
68209,persistent_shift,none,zero_residual_frequency,0.0038836641841968333,0.00436421815693544,-0.00048055397273860656,173.29685243211046,180.2418238004797,-6.944971368369238,0.00020044609807245983,0.00020240377883362637,1.957680761166536e-06,0.2138388264033786,0.21662545647392056,-0.0027866300705419733,-0.0001584212680808781,-8.617216503602012e-05,0.008831580260145225,0.005838121419947129,4,4,0,0,True,freq_hrl_no_promotion_v4,freq_lr1e4_std10_balanced,2039,2039,tuning_validation_mechanism_diagnostic,full_method_nested_hpo_v2,e71e450a28940aa51ea98625171e91a6efc840d2,79590490efcc7dd75975795a340d82b6b88a46f7b52eb4da8297cf0a4a910403
68213,persistent_shift,none,zero_residual_frequency,0.005553681300664248,0.005491598688686539,6.208261197770959e-05,226.72598482127736,225.53543642438672,1.190548396890648,6.806106016610247e-05,6.81115558923695e-05,5.049572626703025e-08,0.24275258473066855,0.2438043390767861,-0.0010517543461175394,-8.892538754917008e-05,-0.00011656509366594725,0.007071416378302174,0.003043186386397186,4,4,0,0,True,freq_hrl_no_promotion_v4,freq_lr1e4_std10_balanced,2039,2039,tuning_validation_mechanism_diagnostic,full_method_nested_hpo_v2,e71e450a28940aa51ea98625171e91a6efc840d2,79590490efcc7dd75975795a340d82b6b88a46f7b52eb4da8297cf0a4a910403
68219,persistent_shift,none,zero_residual_frequency,0.0039653917358069,0.004028414137532188,-6.302240172528784e-05,183.92308066991023,184.65763179178433,-0.734551121874091,0.0001267514861412744,0.00012601235133391508,-7.391348073593207e-07,0.2157779481773725,0.21728666806702485,-0.0015087198896523435,-0.00015831711062768398,-0.00014743439797294114,0.005708265615349874,0.004176969590237907,4,4,0,0,True,freq_hrl_no_promotion_v4,freq_lr1e4_std10_balanced,2039,2039,tuning_validation_mechanism_diagnostic,full_method_nested_hpo_v2,e71e450a28940aa51ea98625171e91a6efc840d2,79590490efcc7dd75975795a340d82b6b88a46f7b52eb4da8297cf0a4a910403
68227,persistent_shift,none,zero_residual_frequency,0.0035987843837275157,0.004056688510112094,-0.00045790412638457845,183.29761910846796,189.50855327413058,-6.210934165662621,0.00013130285087714633,0.00012135446930683358,-9.948381570312748e-06,0.17310716070380144,0.17605090879519103,-0.0029437480913895864,-0.00014781425510876372,-8.822122615190518e-05,0.006071101106125651,0.004127199508932083,4,4,0,0,True,freq_hrl_no_promotion_v4,freq_lr1e4_std10_balanced,2039,2039,tuning_validation_mechanism_diagnostic,full_method_nested_hpo_v2,e71e450a28940aa51ea98625171e91a6efc840d2,79590490efcc7dd75975795a340d82b6b88a46f7b52eb4da8297cf0a4a910403
68207,persistent_shift,none,zero_residual_frequency,0.004791500778851487,0.004741917817207009,4.958296164447873e-05,200.45461922282263,199.38816599961618,1.0664532232064516,0.00019560773513693785,0.0001868779589032643,-8.729776233673547e-06,0.2349848052409249,0.23439055906960318,0.0005942461713217273,-7.73584402729128e-05,-8.444876345777008e-06,0.006039531936504418,0.006609275949853731,4,4,0,0,True,freq_hrl_no_promotion_v4,freq_lr1e4_std10_balanced,2053,2053,tuning_validation_mechanism_diagnostic,full_method_nested_hpo_v2,e71e450a28940aa51ea98625171e91a6efc840d2,79590490efcc7dd75975795a340d82b6b88a46f7b52eb4da8297cf0a4a910403
68209,persistent_shift,none,zero_residual_frequency,0.004573091739567214,0.004517072414323087,5.601932524412767e-05,187.1481714667604,185.1590796783382,1.9890917884222006,0.0002642104491861197,0.00027465032437756776,1.0439875191448067e-05,0.2737046827037227,0.27617227587176685,-0.0024675931680441243,1.951584035926165e-06,1.0816187855417936e-05,0.009764546396177643,0.010325689678777254,4,4,0,0,True,freq_hrl_no_promotion_v4,freq_lr1e4_std10_balanced,2053,2053,tuning_validation_mechanism_diagnostic,full_method_nested_hpo_v2,e71e450a28940aa51ea98625171e91a6efc840d2,79590490efcc7dd75975795a340d82b6b88a46f7b52eb4da8297cf0a4a910403
68213,persistent_shift,none,zero_residual_frequency,0.0063757077901243076,0.006350588642050958,2.511914807334925e-05,222.80026099205207,220.10212259091503,2.6981384011370437,0.00020547094099410135,0.00021458347339486927,9.112532400767925e-06,0.2908780256791931,0.295979452688884,-0.0051014270096909065,-0.000235527460765482,-3.582364983425928e-05,0.01036894164487118,0.011497128673161367,4,4,0,0,True,freq_hrl_no_promotion_v4,freq_lr1e4_std10_balanced,2053,2053,tuning_validation_mechanism_diagnostic,full_method_nested_hpo_v2,e71e450a28940aa51ea98625171e91a6efc840d2,79590490efcc7dd75975795a340d82b6b88a46f7b52eb4da8297cf0a4a910403
68219,persistent_shift,none,zero_residual_frequency,0.0046484985442907245,0.004638869312909133,9.629231381591552e-06,196.76476864762282,194.35921014546395,2.4055585021588684,0.00023008061236995392,0.000245444431734243,1.53638193642891e-05,0.24773268664467554,0.2553593156188667,-0.007626628974191169,-0.00011764459006849603,-3.3728196860702544e-05,0.006782984972030843,0.007590566405391049,4,4,0,0,True,freq_hrl_no_promotion_v4,freq_lr1e4_std10_balanced,2053,2053,tuning_validation_mechanism_diagnostic,full_method_nested_hpo_v2,e71e450a28940aa51ea98625171e91a6efc840d2,79590490efcc7dd75975795a340d82b6b88a46f7b52eb4da8297cf0a4a910403
68227,persistent_shift,none,zero_residual_frequency,0.003555868294126352,0.003534719144987264,2.1149149139088053e-05,184.2757681150485,181.23475371447438,3.041014400574113,0.00010926893203866417,0.0001154650755391673,6.196143500503126e-06,0.19556418512581533,0.20164906410277927,-0.006084878976963942,-6.954125605176401e-05,-5.396836118371177e-06,0.007740525996107156,0.009052751886540337,4,4,0,0,True,freq_hrl_no_promotion_v4,freq_lr1e4_std10_balanced,2053,2053,tuning_validation_mechanism_diagnostic,full_method_nested_hpo_v2,e71e450a28940aa51ea98625171e91a6efc840d2,79590490efcc7dd75975795a340d82b6b88a46f7b52eb4da8297cf0a4a910403
68207,ood_period,none,zero_residual_frequency,0.005233084350378725,0.005264730274547658,-3.164592416893264e-05,177.53141332223115,177.79706888679735,-0.26565556456620243,0.00013897245070226827,0.00014121875677552964,2.2463060732613727e-06,0.2100321423314367,0.210417523168514,-0.00038538083707731485,0.00012075340115137739,0.000154973665713786,0.0039127531698821055,0.0045102558648472445,4,4,0,0,True,freq_hrl_no_promotion_v4,freq_lr1e4_std10_balanced,2026,7071,tuning_validation_mechanism_diagnostic,full_method_nested_hpo_v2,e71e450a28940aa51ea98625171e91a6efc840d2,79590490efcc7dd75975795a340d82b6b88a46f7b52eb4da8297cf0a4a910403
68209,ood_period,none,zero_residual_frequency,0.004100675475476212,0.004076807103635893,2.386837184031876e-05,137.06081601549494,136.90164726024204,0.15916875525289242,0.0005968893319251434,0.0005899860000659896,-6.903331859153816e-06,0.25059777191820337,0.24992493107145003,0.000672840846753342,0.0003274851001251537,0.00020253664345335588,0.007031003235738353,0.008308233041963023,4,4,0,0,True,freq_hrl_no_promotion_v4,freq_lr1e4_std10_balanced,2026,7071,tuning_validation_mechanism_diagnostic,full_method_nested_hpo_v2,e71e450a28940aa51ea98625171e91a6efc840d2,79590490efcc7dd75975795a340d82b6b88a46f7b52eb4da8297cf0a4a910403
68213,ood_period,none,zero_residual_frequency,0.006900225907533475,0.006946637419404711,-4.6411511871236044e-05,152.58597372388152,153.35641191034148,-0.7704381864599554,0.0004266634290308602,0.0004165265007984864,-1.0136928232373776e-05,0.3272493070384999,0.32790276513825933,-0.0006534580997594186,0.0002405237523002318,0.0002170543946503149,0.007567151329564897,0.009717706810624805,4,4,0,0,True,freq_hrl_no_promotion_v4,freq_lr1e4_std10_balanced,2026,7071,tuning_validation_mechanism_diagnostic,full_method_nested_hpo_v2,e71e450a28940aa51ea98625171e91a6efc840d2,79590490efcc7dd75975795a340d82b6b88a46f7b52eb4da8297cf0a4a910403
68219,ood_period,none,zero_residual_frequency,0.003728925245102266,0.0037860440735442147,-5.711882844194882e-05,138.81022360438342,139.12327666949457,-0.3130530651111485,0.00034210465267692225,0.00035106552480823616,8.960872131313913e-06,0.2081619138257157,0.2102584602167123,-0.002096546390996601,0.00031284213482372323,0.00022884757252354302,0.005037355728488061,0.005954768602451724,4,4,0,0,True,freq_hrl_no_promotion_v4,freq_lr1e4_std10_balanced,2026,7071,tuning_validation_mechanism_diagnostic,full_method_nested_hpo_v2,e71e450a28940aa51ea98625171e91a6efc840d2,79590490efcc7dd75975795a340d82b6b88a46f7b52eb4da8297cf0a4a910403
68227,ood_period,none,zero_residual_frequency,0.00409676194921893,0.004131996193700749,-3.523424448181878e-05,144.53395718747916,144.71250575035464,-0.17854856287547705,0.00027663603967920114,0.0002744079075576167,-2.2281321215844585e-06,0.23961741779309478,0.24075633242453265,-0.001138914631437865,0.0003101233385575016,0.00022912705051220713,0.006134904655275225,0.007006965655050914,4,4,0,0,True,freq_hrl_no_promotion_v4,freq_lr1e4_std10_balanced,2026,7071,tuning_validation_mechanism_diagnostic,full_method_nested_hpo_v2,e71e450a28940aa51ea98625171e91a6efc840d2,79590490efcc7dd75975795a340d82b6b88a46f7b52eb4da8297cf0a4a910403
68207,ood_period,none,zero_residual_frequency,0.001177100275767673,0.0011653256755825847,1.1774600185088246e-05,127.4389015307776,128.28407833841544,-0.8451768076378414,0.0002057514618423184,0.00019788061417669311,-7.870847665625291e-06,0.14174557874592347,0.13770073320471932,0.004044845541204156,0.00010428554607328132,4.6256208269684334e-05,0.004828855314917746,0.004278926808830065,4,4,0,0,True,freq_hrl_no_promotion_v4,freq_lr1e4_std10_balanced,2039,7084,tuning_validation_mechanism_diagnostic,full_method_nested_hpo_v2,e71e450a28940aa51ea98625171e91a6efc840d2,79590490efcc7dd75975795a340d82b6b88a46f7b52eb4da8297cf0a4a910403
68209,ood_period,none,zero_residual_frequency,0.0014358992320759878,0.0014207736813651728,1.5125550710815006e-05,100.39741711631608,99.50858590152677,0.888831214789306,0.0004597307749416579,0.0004614019020346971,1.671127093039182e-06,0.18012477377588942,0.18018518663169222,-6.0412855802799426e-05,4.398025107493722e-05,-3.651009544054806e-05,0.008284685884225634,0.006294979976276712,4,4,0,0,True,freq_hrl_no_promotion_v4,freq_lr1e4_std10_balanced,2039,7084,tuning_validation_mechanism_diagnostic,full_method_nested_hpo_v2,e71e450a28940aa51ea98625171e91a6efc840d2,79590490efcc7dd75975795a340d82b6b88a46f7b52eb4da8297cf0a4a910403
68213,ood_period,none,zero_residual_frequency,0.0023508092961610494,0.00234469440359919,6.114892561859264e-06,128.6879659988428,128.02079557418728,0.6671704246555237,0.00029624760675706074,0.0003051497729961161,8.902166239055376e-06,0.21635257849071673,0.21734711138136217,-0.0009945328906454387,5.6248473742317504e-05,3.6701677480054125e-06,0.008374332696419313,0.006643965270066271,4,4,0,0,True,freq_hrl_no_promotion_v4,freq_lr1e4_std10_balanced,2039,7084,tuning_validation_mechanism_diagnostic,full_method_nested_hpo_v2,e71e450a28940aa51ea98625171e91a6efc840d2,79590490efcc7dd75975795a340d82b6b88a46f7b52eb4da8297cf0a4a910403
68219,ood_period,none,zero_residual_frequency,0.001156704612016446,0.0011323474092794772,2.435720273696873e-05,105.62452269852578,103.9914309258505,1.6330917726752858,0.000323382940858985,0.0003319952218227007,8.61228096371569e-06,0.15202784642601927,0.1529661359629805,-0.0009382895369612343,0.00014547044087483054,2.2995343343276478e-05,0.006777530059642029,0.0057381898456595895,4,4,0,0,True,freq_hrl_no_promotion_v4,freq_lr1e4_std10_balanced,2039,7084,tuning_validation_mechanism_diagnostic,full_method_nested_hpo_v2,e71e450a28940aa51ea98625171e91a6efc840d2,79590490efcc7dd75975795a340d82b6b88a46f7b52eb4da8297cf0a4a910403
68227,ood_period,none,zero_residual_frequency,0.0014635408482297496,0.0014367710260168032,2.6769822212946437e-05,118.94389961406756,118.5401855740598,0.4037140400077561,0.0003045008780219183,0.00029902319964381086,-5.47767837810742e-06,0.16342289864513573,0.1613872633651548,0.002035635279980935,8.985536790842296e-05,1.275483579901292e-06,0.007849050218788357,0.006575945425599154,4,4,0,0,True,freq_hrl_no_promotion_v4,freq_lr1e4_std10_balanced,2039,7084,tuning_validation_mechanism_diagnostic,full_method_nested_hpo_v2,e71e450a28940aa51ea98625171e91a6efc840d2,79590490efcc7dd75975795a340d82b6b88a46f7b52eb4da8297cf0a4a910403
68207,ood_period,none,zero_residual_frequency,0.004422703025483532,0.004569866234990672,-0.00014716320950713957,120.78349673811381,122.50388922925488,-1.7203924911410695,0.00033496330943427743,0.00033960229317531176,4.63898374103433e-06,0.29900426318746,0.30171282206155103,-0.0027085588740910493,0.00029300451331283704,0.00020892323569023043,0.0048589629156898205,0.005857884671746028,4,4,0,0,True,freq_hrl_no_promotion_v4,freq_lr1e4_std10_balanced,2053,7098,tuning_validation_mechanism_diagnostic,full_method_nested_hpo_v2,e71e450a28940aa51ea98625171e91a6efc840d2,79590490efcc7dd75975795a340d82b6b88a46f7b52eb4da8297cf0a4a910403
68209,ood_period,none,zero_residual_frequency,0.002748878472224492,0.0028640194295286303,-0.00011514095730413842,91.1141789853788,93.78577559595985,-2.671596610581048,0.000595698808270706,0.0005980526817038756,2.3538734331696176e-06,0.3281342363373301,0.3268260664469651,0.001308169890364974,0.0005135380208293819,0.00021539870063438802,0.008434447022187265,0.011676769604835298,4,4,0,0,True,freq_hrl_no_promotion_v4,freq_lr1e4_std10_balanced,2053,7098,tuning_validation_mechanism_diagnostic,full_method_nested_hpo_v2,e71e450a28940aa51ea98625171e91a6efc840d2,79590490efcc7dd75975795a340d82b6b88a46f7b52eb4da8297cf0a4a910403
68213,ood_period,none,zero_residual_frequency,0.005330950805157775,0.005436916445647144,-0.0001059656404893694,123.83838229432621,124.76976096770423,-0.9313786733780205,0.0006846951067372986,0.0006939699060539706,9.274799316671967e-06,0.3947069684963353,0.39601068583802235,-0.0013037173416870496,0.0005394363421596371,0.00021471039585303672,0.008269414232886952,0.01103687345457729,4,4,0,0,True,freq_hrl_no_promotion_v4,freq_lr1e4_std10_balanced,2053,7098,tuning_validation_mechanism_diagnostic,full_method_nested_hpo_v2,e71e450a28940aa51ea98625171e91a6efc840d2,79590490efcc7dd75975795a340d82b6b88a46f7b52eb4da8297cf0a4a910403
68219,ood_period,none,zero_residual_frequency,0.002891494656211524,0.0029719353656660896,-8.04407094545656e-05,102.67699788079253,104.20237058580199,-1.5253727050094597,0.0007155612367227837,0.0007137540755188798,-1.8071612039038953e-06,0.28808504038511323,0.2873228679289604,0.0007621724561528431,0.0003903013281315086,0.00021826803058484754,0.005644565347999257,0.007910693424249379,4,4,0,0,True,freq_hrl_no_promotion_v4,freq_lr1e4_std10_balanced,2053,7098,tuning_validation_mechanism_diagnostic,full_method_nested_hpo_v2,e71e450a28940aa51ea98625171e91a6efc840d2,79590490efcc7dd75975795a340d82b6b88a46f7b52eb4da8297cf0a4a910403
68227,ood_period,none,zero_residual_frequency,0.0033579744313669835,0.0034447904884136182,-8.681605704663475e-05,101.7347173324504,103.1331371499253,-1.3984198174749025,0.0006457843970359978,0.0006517456018527712,5.961204816773424e-06,0.3122255680377029,0.31304990421036,-0.0008243361726570919,0.00042078319288464433,0.0002155493276634765,0.006830208684146378,0.008667980630545774,4,4,0,0,True,freq_hrl_no_promotion_v4,freq_lr1e4_std10_balanced,2053,7098,tuning_validation_mechanism_diagnostic,full_method_nested_hpo_v2,e71e450a28940aa51ea98625171e91a6efc840d2,79590490efcc7dd75975795a340d82b6b88a46f7b52eb4da8297cf0a4a910403
68207,stationary_low_noise,none,zero_residual_frequency,-6.334705491939374e-06,1.2326151948904851e-05,-1.8660857440844225e-05,-1.180786164484882,2.3065159970783626,-3.4873021615632447,0.00026015254458833237,0.00025617665281130186,-3.975891777030505e-06,0.1487871744606804,0.1477336226044718,0.0010535518562086177,0.00018873089989149876,0.0001293551410783365,0.0021942881558061345,0.0028031487978296354,4,4,0,0,True,freq_hrl_no_promotion_v4,freq_lr1e4_std15_conservative,2026,4044,tuning_validation_mechanism_diagnostic,full_method_nested_hpo_v2,e71e450a28940aa51ea98625171e91a6efc840d2,79590490efcc7dd75975795a340d82b6b88a46f7b52eb4da8297cf0a4a910403
68209,stationary_low_noise,none,zero_residual_frequency,-7.791968192161214e-05,-6.38463811371004e-05,-1.4073300784511744e-05,-16.299601347914678,-13.355478974597041,-2.9441223733176365,0.0002504198091370924,0.00024766391371322527,-2.7558954238671163e-06,0.14176604126395176,0.14034982662625267,0.001416214637699087,0.00022358573654240676,0.0001313480277730227,0.002813264961433662,0.0037350266922860304,4,4,0,0,True,freq_hrl_no_promotion_v4,freq_lr1e4_std15_conservative,2026,4044,tuning_validation_mechanism_diagnostic,full_method_nested_hpo_v2,e71e450a28940aa51ea98625171e91a6efc840d2,79590490efcc7dd75975795a340d82b6b88a46f7b52eb4da8297cf0a4a910403
68213,stationary_low_noise,none,zero_residual_frequency,0.00024835517742016755,0.0002753396510699613,-2.6984473649793728e-05,47.23817876547728,52.07114338924339,-4.8329646237661095,0.0001236577025500729,0.00012357084501590787,-8.685753416504127e-08,0.1816697231790468,0.18046677780441794,0.0012029453746288665,0.0002217970228091538,0.00011983708359163913,0.00358144160060571,0.004829038574340908,4,4,0,0,True,freq_hrl_no_promotion_v4,freq_lr1e4_std15_conservative,2026,4044,tuning_validation_mechanism_diagnostic,full_method_nested_hpo_v2,e71e450a28940aa51ea98625171e91a6efc840d2,79590490efcc7dd75975795a340d82b6b88a46f7b52eb4da8297cf0a4a910403
68219,stationary_low_noise,none,zero_residual_frequency,9.349242627187948e-05,0.00010194498207805047,-8.452555806170992e-06,17.899121595871865,19.574639601182202,-1.6755180053103373,0.00013644078476204857,0.00013486499890535963,-1.5757858566889382e-06,0.15873215410604885,0.15754135636543903,0.001190797740609817,0.00019760267448035363,0.00012503233897750673,0.0024076309355021094,0.003199847397950685,4,4,0,0,True,freq_hrl_no_promotion_v4,freq_lr1e4_std15_conservative,2026,4044,tuning_validation_mechanism_diagnostic,full_method_nested_hpo_v2,e71e450a28940aa51ea98625171e91a6efc840d2,79590490efcc7dd75975795a340d82b6b88a46f7b52eb4da8297cf0a4a910403
68227,stationary_low_noise,none,zero_residual_frequency,6.0444151707805815e-05,7.493385038181977e-05,-1.4489698674013951e-05,12.375495563654171,15.255274769780577,-2.879779206126406,0.00018991141571578218,0.0001827394063528276,-7.17200936295459e-06,0.15487933680033972,0.15486916405869766,1.017274164205606e-05,0.0002020543992354177,0.00012739564185481039,0.00241205636650395,0.0029741966487361227,4,4,0,0,True,freq_hrl_no_promotion_v4,freq_lr1e4_std15_conservative,2026,4044,tuning_validation_mechanism_diagnostic,full_method_nested_hpo_v2,e71e450a28940aa51ea98625171e91a6efc840d2,79590490efcc7dd75975795a340d82b6b88a46f7b52eb4da8297cf0a4a910403
68207,stationary_low_noise,none,zero_residual_frequency,-0.000135739022176673,-0.00013211083542352675,-3.6281867531462453e-06,-436.8517721338055,-449.47669035250715,12.624918218701623,0.000135739022176673,0.00013211083542352675,-3.6281867531462453e-06,0.011866763987957787,0.010592910697662779,0.0012738532902950087,2.00752791159903e-05,1.0863761591186171e-06,0.0008757125094462026,0.0010513035377142739,4,4,0,0,True,freq_hrl_no_promotion_v4,freq_lr1e4_std15_conservative,2039,4057,tuning_validation_mechanism_diagnostic,full_method_nested_hpo_v2,e71e450a28940aa51ea98625171e91a6efc840d2,79590490efcc7dd75975795a340d82b6b88a46f7b52eb4da8297cf0a4a910403
68209,stationary_low_noise,none,zero_residual_frequency,-8.664397692070835e-05,-8.595512096820634e-05,-6.888559525020099e-07,-148.8638490870541,-149.40072381632,0.536874729265918,8.664397692070835e-05,8.595512096820634e-05,-6.888559525020099e-07,0.018888412157683977,0.01826478618695052,0.0006236259707334581,-5.982582191879371e-06,-1.107672387616475e-05,0.001035012779622472,0.0011073144308006197,4,4,0,0,True,freq_hrl_no_promotion_v4,freq_lr1e4_std15_conservative,2039,4057,tuning_validation_mechanism_diagnostic,full_method_nested_hpo_v2,e71e450a28940aa51ea98625171e91a6efc840d2,79590490efcc7dd75975795a340d82b6b88a46f7b52eb4da8297cf0a4a910403
68213,stationary_low_noise,none,zero_residual_frequency,-0.00020843128140402012,-0.00020615162420500877,-2.2796571990113534e-06,-437.318086330259,-451.53682837483524,14.218742044576231,0.00020843128140402012,0.00020615162420500877,-2.2796571990113534e-06,0.017263005193584632,0.016218941599056173,0.001044063594528459,2.388214131901267e-05,-3.477240865648224e-06,0.0012356793450957564,0.0015455004759069703,4,4,0,0,True,freq_hrl_no_promotion_v4,freq_lr1e4_std15_conservative,2039,4057,tuning_validation_mechanism_diagnostic,full_method_nested_hpo_v2,e71e450a28940aa51ea98625171e91a6efc840d2,79590490efcc7dd75975795a340d82b6b88a46f7b52eb4da8297cf0a4a910403
68219,stationary_low_noise,none,zero_residual_frequency,-0.00012106332423089672,-0.00011328884014594198,-7.774484084954736e-06,-441.55059161011224,-448.2164421578131,6.66585054770087,0.00012106332423089672,0.00011328884014594198,-7.774484084954736e-06,0.010039659064813269,0.008626078616755805,0.0014135804480574637,1.3401174103848095e-05,2.5797860063294066e-06,0.000892871370133561,0.001037765911750436,4,4,0,0,True,freq_hrl_no_promotion_v4,freq_lr1e4_std15_conservative,2039,4057,tuning_validation_mechanism_diagnostic,full_method_nested_hpo_v2,e71e450a28940aa51ea98625171e91a6efc840d2,79590490efcc7dd75975795a340d82b6b88a46f7b52eb4da8297cf0a4a910403
68227,stationary_low_noise,none,zero_residual_frequency,-0.00011235042113899585,-0.00011051356599167672,-1.8368551473191275e-06,-440.037668270013,-439.14377965879777,-0.8938886112152318,0.00011235042113899585,0.00011051356599167672,-1.8368551473191275e-06,0.00924274378117846,0.008436415510552523,0.0008063282706259368,2.5579899373911344e-05,9.694896229004807e-06,0.0009357562482332721,0.0011184845003084673,4,4,0,0,True,freq_hrl_no_promotion_v4,freq_lr1e4_std15_conservative,2039,4057,tuning_validation_mechanism_diagnostic,full_method_nested_hpo_v2,e71e450a28940aa51ea98625171e91a6efc840d2,79590490efcc7dd75975795a340d82b6b88a46f7b52eb4da8297cf0a4a910403
68207,stationary_low_noise,none,zero_residual_frequency,0.0005146539165088448,0.0005028071953505631,1.1846721158281781e-05,70.94783061449843,69.48893511936863,1.458895495129795,0.00016300263308333118,0.000164687039803324,1.6844067199928148e-06,0.17752785098785012,0.17799957552009033,-0.00047172453224020305,0.0001720364130437865,0.00015657139405598447,0.0029998480164269694,0.003340446844999355,4,4,0,0,True,freq_hrl_no_promotion_v4,freq_lr1e4_std15_conservative,2053,4071,tuning_validation_mechanism_diagnostic,full_method_nested_hpo_v2,e71e450a28940aa51ea98625171e91a6efc840d2,79590490efcc7dd75975795a340d82b6b88a46f7b52eb4da8297cf0a4a910403
68209,stationary_low_noise,none,zero_residual_frequency,0.00024629682517418594,0.00024618764227613,1.0918289805594839e-07,34.737986312926154,34.643545522541146,0.09444079038500774,0.00018687075131362807,0.00018838755174555022,1.5168004319221495e-06,0.18626779923642584,0.1872241681702846,-0.0009563689338587533,0.00016942655487285835,0.00015231042472787663,0.004078149806567429,0.004269652893142645,4,4,0,0,True,freq_hrl_no_promotion_v4,freq_lr1e4_std15_conservative,2053,4071,tuning_validation_mechanism_diagnostic,full_method_nested_hpo_v2,e71e450a28940aa51ea98625171e91a6efc840d2,79590490efcc7dd75975795a340d82b6b88a46f7b52eb4da8297cf0a4a910403
68213,stationary_low_noise,none,zero_residual_frequency,0.001280795805473245,0.001240915747027005,3.9880058446239985e-05,149.88509818700018,147.827824521925,2.057273665075172,5.8656332696416236e-05,5.852750316526212e-05,-1.2882953115411766e-07,0.21027603093420905,0.20800821703931707,0.0022678138948919735,0.00016633049171620195,0.00014711713157681633,0.005256903650863224,0.006082573470848729,4,4,0,0,True,freq_hrl_no_promotion_v4,freq_lr1e4_std15_conservative,2053,4071,tuning_validation_mechanism_diagnostic,full_method_nested_hpo_v2,e71e450a28940aa51ea98625171e91a6efc840d2,79590490efcc7dd75975795a340d82b6b88a46f7b52eb4da8297cf0a4a910403
68219,stationary_low_noise,none,zero_residual_frequency,0.0006681307083720167,0.000661924822169091,6.2058862029257256e-06,94.00279520792272,93.93825213125949,0.06454307666322734,9.501353439733684e-05,9.449080307155633e-05,-5.227313257805122e-07,0.18562964193978992,0.1842084211993426,0.0014212207404473154,0.00015382172013816416,0.00015248753770283623,0.0031130301915052567,0.003252788478817416,4,4,0,0,True,freq_hrl_no_promotion_v4,freq_lr1e4_std15_conservative,2053,4071,tuning_validation_mechanism_diagnostic,full_method_nested_hpo_v2,e71e450a28940aa51ea98625171e91a6efc840d2,79590490efcc7dd75975795a340d82b6b88a46f7b52eb4da8297cf0a4a910403
68227,stationary_low_noise,none,zero_residual_frequency,0.0006852698520252165,0.0006722824401173,1.2987411907916524e-05,93.58933246184168,92.41368143123003,1.1756510306116468,0.00011418226741344295,0.00011444730084586574,2.6503343242278987e-07,0.18284221854898813,0.18249777929944508,0.0003444392495430548,0.0001536752397274942,0.00015853338996255848,0.0031713130968152353,0.003480780391045199,4,4,0,0,True,freq_hrl_no_promotion_v4,freq_lr1e4_std15_conservative,2053,4071,tuning_validation_mechanism_diagnostic,full_method_nested_hpo_v2,e71e450a28940aa51ea98625171e91a6efc840d2,79590490efcc7dd75975795a340d82b6b88a46f7b52eb4da8297cf0a4a910403
68207,persistent_shift,none,zero_residual_frequency,0.00219822349906873,0.002190099079927732,8.12441914099793e-06,130.49411554510772,129.00741766159894,1.486697883508782,0.0002212309036985216,0.00022950850483771656,8.277601139194957e-06,0.14951564195045197,0.1509092055896341,-0.0013935636391821382,0.00014862664852823427,9.263999989533417e-05,0.004788133544601199,0.005303169217283236,4,4,0,0,True,freq_hrl_no_promotion_v4,freq_lr1e4_std15_conservative,2026,2026,tuning_validation_mechanism_diagnostic,full_method_nested_hpo_v2,e71e450a28940aa51ea98625171e91a6efc840d2,79590490efcc7dd75975795a340d82b6b88a46f7b52eb4da8297cf0a4a910403
68209,persistent_shift,none,zero_residual_frequency,0.0019077188869893735,0.0018901896766556625,1.752921033371102e-05,99.11916019280562,97.87301361642693,1.2461465763786919,0.0007457662113846686,0.0007437279740863945,-2.038237298274126e-06,0.21703316910812717,0.2190605902750532,-0.00202742116692603,0.00019613241834698348,9.137536140725235e-05,0.007730180756455715,0.008527808803369731,4,4,0,0,True,freq_hrl_no_promotion_v4,freq_lr1e4_std15_conservative,2026,2026,tuning_validation_mechanism_diagnostic,full_method_nested_hpo_v2,e71e450a28940aa51ea98625171e91a6efc840d2,79590490efcc7dd75975795a340d82b6b88a46f7b52eb4da8297cf0a4a910403
68213,persistent_shift,none,zero_residual_frequency,0.004160292134906651,0.004107618903884891,5.267323102176036e-05,167.0429047440474,164.8574283015059,2.1854764425415,0.00022370850004960197,0.0002456799583092639,2.1971458259661958e-05,0.2286056891996049,0.22860037453623264,5.314663372252282e-06,0.00016022002904842093,8.115474097623218e-05,0.006967670562011739,0.009061755020270033,4,4,0,0,True,freq_hrl_no_promotion_v4,freq_lr1e4_std15_conservative,2026,2026,tuning_validation_mechanism_diagnostic,full_method_nested_hpo_v2,e71e450a28940aa51ea98625171e91a6efc840d2,79590490efcc7dd75975795a340d82b6b88a46f7b52eb4da8297cf0a4a910403
68219,persistent_shift,none,zero_residual_frequency,0.002311235787663346,0.00225244788206469,5.878790559865621e-05,139.33185320272014,133.27899174953654,6.052861453183596,0.0003825837644200192,0.00042467557694636504,4.209181252634586e-05,0.16640965716125394,0.17458961235608023,-0.008179955194826283,0.00013115178841780498,7.870211653584775e-05,0.005996340730052907,0.007266183651922298,4,4,0,0,True,freq_hrl_no_promotion_v4,freq_lr1e4_std15_conservative,2026,2026,tuning_validation_mechanism_diagnostic,full_method_nested_hpo_v2,e71e450a28940aa51ea98625171e91a6efc840d2,79590490efcc7dd75975795a340d82b6b88a46f7b52eb4da8297cf0a4a910403
68227,persistent_shift,none,zero_residual_frequency,0.0012464826685598673,0.0012510343966720683,-4.551728112200948e-06,82.1693526729184,82.3278941526109,-0.1585414796925022,0.000581273936654747,0.0005697987821248196,-1.1475154529927423e-05,0.175888494101757,0.1769368769029388,-0.001048382801181802,0.00020786550949974903,0.00010434994342357003,0.006131058029061226,0.006578828140744816,4,4,0,0,True,freq_hrl_no_promotion_v4,freq_lr1e4_std15_conservative,2026,2026,tuning_validation_mechanism_diagnostic,full_method_nested_hpo_v2,e71e450a28940aa51ea98625171e91a6efc840d2,79590490efcc7dd75975795a340d82b6b88a46f7b52eb4da8297cf0a4a910403
68207,persistent_shift,none,zero_residual_frequency,0.004778706073898853,0.004897675453021444,-0.00011896937912259098,215.45282688920688,217.32542323208557,-1.872596342878694,0.00013192432958919476,0.00013034001997347389,-1.5843096157208691e-06,0.1986779740239698,0.1986992066713163,-2.1232647346491884e-05,-7.428468110454873e-05,-8.033133447325197e-05,0.005339900510949115,0.0030201911431504413,4,4,0,0,True,freq_hrl_no_promotion_v4,freq_lr1e4_std15_conservative,2039,2039,tuning_validation_mechanism_diagnostic,full_method_nested_hpo_v2,e71e450a28940aa51ea98625171e91a6efc840d2,79590490efcc7dd75975795a340d82b6b88a46f7b52eb4da8297cf0a4a910403
68209,persistent_shift,none,zero_residual_frequency,0.004376072322758384,0.004670093720646307,-0.0002940213978879225,181.76126083053822,185.2162128810576,-3.454952050519381,0.0001912497941247704,0.00019141465589966877,1.6486177489838383e-07,0.21065317718979187,0.2134674686146583,-0.0028142914248664164,-8.671851435487125e-05,-3.883640639698689e-05,0.009794542972607208,0.0059754953914509515,4,4,0,0,True,freq_hrl_no_promotion_v4,freq_lr1e4_std15_conservative,2039,2039,tuning_validation_mechanism_diagnostic,full_method_nested_hpo_v2,e71e450a28940aa51ea98625171e91a6efc840d2,79590490efcc7dd75975795a340d82b6b88a46f7b52eb4da8297cf0a4a910403
68213,persistent_shift,none,zero_residual_frequency,0.005772102866628881,0.005732038284937735,4.006458169114602e-05,227.61624829940823,227.4518442489727,0.16440405043553596,6.703696676035875e-05,6.704493606768391e-05,7.969307325161878e-09,0.2445038449216277,0.2436648166605011,0.0008390282611265842,-4.906870104634173e-05,-9.166776302102237e-05,0.008226325475718315,0.003351482627961862,4,4,0,0,True,freq_hrl_no_promotion_v4,freq_lr1e4_std15_conservative,2039,2039,tuning_validation_mechanism_diagnostic,full_method_nested_hpo_v2,e71e450a28940aa51ea98625171e91a6efc840d2,79590490efcc7dd75975795a340d82b6b88a46f7b52eb4da8297cf0a4a910403
68219,persistent_shift,none,zero_residual_frequency,0.004115239209116384,0.004153564165063406,-3.832495594702223e-05,184.1430574089066,184.51911957833119,-0.3760621694245856,0.0001414843026451562,0.00014065453717537757,-8.297654697786427e-07,0.22231035138269478,0.22326674682829267,-0.0009563954455978907,-8.375351881598282e-05,-8.514587125216339e-05,0.006304025640646514,0.004279460613340942,4,4,0,0,True,freq_hrl_no_promotion_v4,freq_lr1e4_std15_conservative,2039,2039,tuning_validation_mechanism_diagnostic,full_method_nested_hpo_v2,e71e450a28940aa51ea98625171e91a6efc840d2,79590490efcc7dd75975795a340d82b6b88a46f7b52eb4da8297cf0a4a910403
68227,persistent_shift,none,zero_residual_frequency,0.0037227711627636495,0.004224592674315408,-0.0005018215115517588,184.25936434656913,190.5044525604874,-6.2450882139182795,0.00013404034496855566,0.0001224464360370936,-1.159390893146206e-05,0.17737565749259193,0.1828551393738442,-0.005479481881252274,-7.922986520921883e-05,-6.50933254971808e-05,0.006496364659667759,0.0039006588547231833,4,4,0,0,True,freq_hrl_no_promotion_v4,freq_lr1e4_std15_conservative,2039,2039,tuning_validation_mechanism_diagnostic,full_method_nested_hpo_v2,e71e450a28940aa51ea98625171e91a6efc840d2,79590490efcc7dd75975795a340d82b6b88a46f7b52eb4da8297cf0a4a910403
68207,persistent_shift,none,zero_residual_frequency,0.004684619264317291,0.004639747006746964,4.4872257570327534e-05,193.74551926185308,192.60033267201288,1.1451865898401934,0.00018426117916647833,0.00018028577375150956,-3.975405414968769e-06,0.23879228477475567,0.239346322273181,-0.000554037498425336,-0.00012827662147531075,-2.3624000801184737e-05,0.005606755158411639,0.0066279034040740556,4,4,0,0,True,freq_hrl_no_promotion_v4,freq_lr1e4_std15_conservative,2053,2053,tuning_validation_mechanism_diagnostic,full_method_nested_hpo_v2,e71e450a28940aa51ea98625171e91a6efc840d2,79590490efcc7dd75975795a340d82b6b88a46f7b52eb4da8297cf0a4a910403
68209,persistent_shift,none,zero_residual_frequency,0.0043797452802161185,0.004322029926352222,5.771535386389637e-05,180.9243484226816,179.2889038564348,1.6354445662467754,0.00026953645958605055,0.0002797338458525589,1.0197386266508346e-05,0.27141146944006594,0.2726067632363016,-0.0011952937962356747,-5.7788954646816645e-05,-5.03452928781094e-06,0.008881087144274916,0.010681253449971943,4,4,0,0,True,freq_hrl_no_promotion_v4,freq_lr1e4_std15_conservative,2053,2053,tuning_validation_mechanism_diagnostic,full_method_nested_hpo_v2,e71e450a28940aa51ea98625171e91a6efc840d2,79590490efcc7dd75975795a340d82b6b88a46f7b52eb4da8297cf0a4a910403
68213,persistent_shift,none,zero_residual_frequency,0.006078305495002212,0.00605686925252602,2.143624247619158e-05,214.70721898757307,212.4393652243747,2.26785376319836,0.00020726037317564394,0.00021252609073985074,5.2657175642067955e-06,0.29822648211015407,0.30243186227281926,-0.004205380162665195,-0.00026336751568194867,-2.6033543684532693e-05,0.009316067808524368,0.011424657500901958,4,4,0,0,True,freq_hrl_no_promotion_v4,freq_lr1e4_std15_conservative,2053,2053,tuning_validation_mechanism_diagnostic,full_method_nested_hpo_v2,e71e450a28940aa51ea98625171e91a6efc840d2,79590490efcc7dd75975795a340d82b6b88a46f7b52eb4da8297cf0a4a910403
68219,persistent_shift,none,zero_residual_frequency,0.004552670261727565,0.004536930796299465,1.5739465428099564e-05,191.64512117987888,189.8018523589256,1.8432688209532841,0.0002219038114009697,0.00023220422568293042,1.0300414281960713e-05,0.2573190491320765,0.2629741388950349,-0.005655089762958421,-0.00016501124943371593,-2.8546831572375644e-05,0.006457433639975028,0.00793334556039756,4,4,0,0,True,freq_hrl_no_promotion_v4,freq_lr1e4_std15_conservative,2053,2053,tuning_validation_mechanism_diagnostic,full_method_nested_hpo_v2,e71e450a28940aa51ea98625171e91a6efc840d2,79590490efcc7dd75975795a340d82b6b88a46f7b52eb4da8297cf0a4a910403
68227,persistent_shift,none,zero_residual_frequency,0.0034829559597353565,0.0034733027771531866,9.653182582169961e-06,179.3121448537457,176.31667654071362,2.9954683130320916,9.720287202030775e-05,0.00011973687758382034,2.2534005563512594e-05,0.19998848522163906,0.20576084890864674,-0.0057723636870076755,-0.00015291099896875052,-1.800100348250588e-05,0.007502157210425745,0.009760480160386779,4,4,0,0,True,freq_hrl_no_promotion_v4,freq_lr1e4_std15_conservative,2053,2053,tuning_validation_mechanism_diagnostic,full_method_nested_hpo_v2,e71e450a28940aa51ea98625171e91a6efc840d2,79590490efcc7dd75975795a340d82b6b88a46f7b52eb4da8297cf0a4a910403
68207,ood_period,none,zero_residual_frequency,0.004607460921562945,0.004629763051098079,-2.230212953513444e-05,172.31074637592033,172.49707270221867,-0.18632632629834234,0.00011873289874386739,0.00012223290935187148,3.5000106080040894e-06,0.18971383905845024,0.19018077566959474,-0.00046693661114449725,7.256208068022791e-05,9.744434475695181e-05,0.003810287307775676,0.004292339197288836,4,4,0,0,True,freq_hrl_no_promotion_v4,freq_lr1e4_std15_conservative,2026,7071,tuning_validation_mechanism_diagnostic,full_method_nested_hpo_v2,e71e450a28940aa51ea98625171e91a6efc840d2,79590490efcc7dd75975795a340d82b6b88a46f7b52eb4da8297cf0a4a910403
68209,ood_period,none,zero_residual_frequency,0.003712937207486444,0.0036979415626479106,1.499564483853355e-05,139.31934270529618,139.17472479039128,0.14461791490489873,0.0005395690950966703,0.00053687600884611,-2.693086250560306e-06,0.22981020493394272,0.22944889492467962,0.00036131000926309387,0.0002646708122707379,0.0001407191615441301,0.006529807669640933,0.0077029260603012515,4,4,0,0,True,freq_hrl_no_promotion_v4,freq_lr1e4_std15_conservative,2026,7071,tuning_validation_mechanism_diagnostic,full_method_nested_hpo_v2,e71e450a28940aa51ea98625171e91a6efc840d2,79590490efcc7dd75975795a340d82b6b88a46f7b52eb4da8297cf0a4a910403
68213,ood_period,none,zero_residual_frequency,0.0062628057907205825,0.0063022855972065805,-3.9479806485998026e-05,153.58864763929085,154.28691253042481,-0.6982648911339595,0.00041422695418569244,0.000407423606053392,-6.803348132300435e-06,0.2923061278947745,0.29292914148014987,-0.0006230135853753649,0.0002011901845090838,0.00017018731207762365,0.007149773129094683,0.008706766672063774,4,4,0,0,True,freq_hrl_no_promotion_v4,freq_lr1e4_std15_conservative,2026,7071,tuning_validation_mechanism_diagnostic,full_method_nested_hpo_v2,e71e450a28940aa51ea98625171e91a6efc840d2,79590490efcc7dd75975795a340d82b6b88a46f7b52eb4da8297cf0a4a910403
68219,ood_period,none,zero_residual_frequency,0.0033261799122672464,0.003389002852407952,-6.282294014070544e-05,142.01143401696405,142.37392789449737,-0.36249387753332485,0.00029743665402970354,0.00030470492715761743,7.2682731279138935e-06,0.17962936613621844,0.18171206547316893,-0.0020826993369504887,0.0002574865085091677,0.00017257436201825307,0.00474644862580236,0.005585526155644199,4,4,0,0,True,freq_hrl_no_promotion_v4,freq_lr1e4_std15_conservative,2026,7071,tuning_validation_mechanism_diagnostic,full_method_nested_hpo_v2,e71e450a28940aa51ea98625171e91a6efc840d2,79590490efcc7dd75975795a340d82b6b88a46f7b52eb4da8297cf0a4a910403
68227,ood_period,none,zero_residual_frequency,0.0036678681029778115,0.0037002927197065105,-3.242461672869901e-05,146.95046374494783,147.17894406457674,-0.22848031962891469,0.0002500212828103754,0.0002479408563510477,-2.080426459327711e-06,0.20678830257860248,0.2078562166128401,-0.0010679140342376159,0.00025767580452663207,0.00017586250245655162,0.005758470848458172,0.006566423710965965,4,4,0,0,True,freq_hrl_no_promotion_v4,freq_lr1e4_std15_conservative,2026,7071,tuning_validation_mechanism_diagnostic,full_method_nested_hpo_v2,e71e450a28940aa51ea98625171e91a6efc840d2,79590490efcc7dd75975795a340d82b6b88a46f7b52eb4da8297cf0a4a910403
68207,ood_period,none,zero_residual_frequency,0.0010538507872976943,0.0010293229632236667,2.452782407402765e-05,123.98796167270378,124.30787784351998,-0.3199161708161995,0.00018759770346732374,0.0001797080058116851,-7.889697655638628e-06,0.14240956212727368,0.1384473837450016,0.003962178382272086,7.033823070093747e-05,3.3566829213821126e-05,0.005196474912473705,0.004830713847938265,4,4,0,0,True,freq_hrl_no_promotion_v4,freq_lr1e4_std15_conservative,2039,7084,tuning_validation_mechanism_diagnostic,full_method_nested_hpo_v2,e71e450a28940aa51ea98625171e91a6efc840d2,79590490efcc7dd75975795a340d82b6b88a46f7b52eb4da8297cf0a4a910403
68209,ood_period,none,zero_residual_frequency,0.001241948222743705,0.0012242638785531224,1.7684344190582735e-05,91.97916309252369,90.8873077859798,1.0918553065438914,0.0004397918604763795,0.00044125439637965336,1.4625359032738317e-06,0.17535676125667493,0.174883517395662,0.0004732438610129397,3.393624673585084e-05,-2.4523490709318376e-05,0.008543292517262872,0.006969543845560919,4,4,0,0,True,freq_hrl_no_promotion_v4,freq_lr1e4_std15_conservative,2039,7084,tuning_validation_mechanism_diagnostic,full_method_nested_hpo_v2,e71e450a28940aa51ea98625171e91a6efc840d2,79590490efcc7dd75975795a340d82b6b88a46f7b52eb4da8297cf0a4a910403
68213,ood_period,none,zero_residual_frequency,0.0020199993244689463,0.002024984183091716,-4.98485862276965e-06,124.59803854222874,123.93823255889902,0.6598059833297185,0.0002697520266206066,0.0002805458329636634,1.0793806343056822e-05,0.20788903348815052,0.21009991510382497,-0.0022108816156744537,4.3078399826761776e-05,3.0896107814044875e-06,0.009119888288437829,0.008170048362404083,4,4,0,0,True,freq_hrl_no_promotion_v4,freq_lr1e4_std15_conservative,2039,7084,tuning_validation_mechanism_diagnostic,full_method_nested_hpo_v2,e71e450a28940aa51ea98625171e91a6efc840d2,79590490efcc7dd75975795a340d82b6b88a46f7b52eb4da8297cf0a4a910403
68219,ood_period,none,zero_residual_frequency,0.0009967096806016151,0.0009795566718879822,1.71530087136329e-05,100.97544537133761,99.57306366434365,1.402381706993964,0.00031679145209917436,0.00032551149030901616,8.720038209841796e-06,0.1491107582462607,0.15034685235583606,-0.0012360941095753697,0.00010931235500284796,1.6085665547849267e-05,0.006906546355013335,0.006279709096432068,4,4,0,0,True,freq_hrl_no_promotion_v4,freq_lr1e4_std15_conservative,2039,7084,tuning_validation_mechanism_diagnostic,full_method_nested_hpo_v2,e71e450a28940aa51ea98625171e91a6efc840d2,79590490efcc7dd75975795a340d82b6b88a46f7b52eb4da8297cf0a4a910403
68227,ood_period,none,zero_residual_frequency,0.0012901232358941694,0.0012675259447176845,2.25972911764849e-05,114.93641085618695,114.37715748858668,0.5592533676002773,0.0002872315076544174,0.0002857301059834283,-1.501401670989111e-06,0.15912795232724414,0.15799305015961146,0.0011349021676326787,5.530360434874266e-05,1.7464733083147772e-06,0.007981659641427542,0.006914835872460875,4,4,0,0,True,freq_hrl_no_promotion_v4,freq_lr1e4_std15_conservative,2039,7084,tuning_validation_mechanism_diagnostic,full_method_nested_hpo_v2,e71e450a28940aa51ea98625171e91a6efc840d2,79590490efcc7dd75975795a340d82b6b88a46f7b52eb4da8297cf0a4a910403
68207,ood_period,none,zero_residual_frequency,0.004513343984730023,0.00461526032586268,-0.00010191634113265735,119.42887579987584,120.65027553664898,-1.2213997367731366,0.0003628644713213891,0.0003667885485739708,3.924077252581704e-06,0.3037180606206317,0.30543373270125074,-0.0017156720806190129,0.00017577318584766018,0.00012887640070631754,0.004849110805258129,0.005419368788554696,4,4,0,0,True,freq_hrl_no_promotion_v4,freq_lr1e4_std15_conservative,2053,7098,tuning_validation_mechanism_diagnostic,full_method_nested_hpo_v2,e71e450a28940aa51ea98625171e91a6efc840d2,79590490efcc7dd75975795a340d82b6b88a46f7b52eb4da8297cf0a4a910403
68209,ood_period,none,zero_residual_frequency,0.002842911005269233,0.0028893178925586405,-4.640688728940745e-05,90.56836876837362,92.10154449569595,-1.5331757273223303,0.000615530194089331,0.0006091033923438793,-6.426801745451627e-06,0.3346131588163882,0.33130865961215383,0.003304499204234368,0.0003131003819185881,0.00013046087089465768,0.00850593955138821,0.010213816749940936,4,4,0,0,True,freq_hrl_no_promotion_v4,freq_lr1e4_std15_conservative,2053,7098,tuning_validation_mechanism_diagnostic,full_method_nested_hpo_v2,e71e450a28940aa51ea98625171e91a6efc840d2,79590490efcc7dd75975795a340d82b6b88a46f7b52eb4da8297cf0a4a910403
68213,ood_period,none,zero_residual_frequency,0.005426819544221306,0.005508554682595035,-8.173513837372859e-05,122.82972442775264,123.46319636190377,-0.6334719341511317,0.000687202092146566,0.0006943620851189714,7.159992972405327e-06,0.3969005810602001,0.39805434300794984,-0.001153761947749743,0.00033641514605051495,0.0001336593305158867,0.00754068765652644,0.00916325819675371,4,4,0,0,True,freq_hrl_no_promotion_v4,freq_lr1e4_std15_conservative,2053,7098,tuning_validation_mechanism_diagnostic,full_method_nested_hpo_v2,e71e450a28940aa51ea98625171e91a6efc840d2,79590490efcc7dd75975795a340d82b6b88a46f7b52eb4da8297cf0a4a910403
68219,ood_period,none,zero_residual_frequency,0.0029803975619275835,0.003003826502238738,-2.3428940311154278e-05,102.65033030857732,103.40929148502245,-0.7589611764451263,0.0007280648559800929,0.0007203048425492575,-7.760013430835322e-06,0.2916151647755506,0.289321183007784,0.0022939817677666285,0.00023451162207684955,0.00013543600408736023,0.00546281035132981,0.006556453194773187,4,4,0,0,True,freq_hrl_no_promotion_v4,freq_lr1e4_std15_conservative,2053,7098,tuning_validation_mechanism_diagnostic,full_method_nested_hpo_v2,e71e450a28940aa51ea98625171e91a6efc840d2,79590490efcc7dd75975795a340d82b6b88a46f7b52eb4da8297cf0a4a910403
68227,ood_period,none,zero_residual_frequency,0.0034569962008821342,0.0034931379582459066,-3.614175736377234e-05,101.81189458090583,102.52074835779722,-0.7088537768913881,0.0006650916997996692,0.0006672577117736722,2.1660119740030126e-06,0.3161369887372447,0.315622284365915,0.0005147043713297217,0.0002460324433219924,0.000133432557871247,0.0065105462740272435,0.007133843031220346,4,4,0,0,True,freq_hrl_no_promotion_v4,freq_lr1e4_std15_conservative,2053,7098,tuning_validation_mechanism_diagnostic,full_method_nested_hpo_v2,e71e450a28940aa51ea98625171e91a6efc840d2,79590490efcc7dd75975795a340d82b6b88a46f7b52eb4da8297cf0a4a910403
68207,stationary_low_noise,none,zero_residual_frequency,-4.767719368636847e-05,-4.553740196777678e-05,-2.139791718591688e-06,-45.6127137111217,-42.726537234944125,-2.8861764761775746,0.00011791016831752543,0.00011704027925529825,-8.698890622271804e-07,0.01713330079465612,0.017895495018493603,-0.000762194223837484,4.434683947296793e-05,4.694871552242102e-05,0.000770891082679744,0.0008249653979558187,4,4,0,0,True,freq_hrl_no_promotion_v4,freq_lr3e4_std05_activegate,2026,4044,tuning_validation_mechanism_diagnostic,full_method_nested_hpo_v2,e71e450a28940aa51ea98625171e91a6efc840d2,79590490efcc7dd75975795a340d82b6b88a46f7b52eb4da8297cf0a4a910403
68209,stationary_low_noise,none,zero_residual_frequency,-2.0948808306608946e-05,-1.0899537221997768e-05,-1.0049271084611178e-05,-21.382692061188216,-11.319793199797537,-10.062898861390678,9.315117107555615e-05,8.42603935889974e-05,-8.890777486558754e-06,0.015488432387641658,0.01508993958586164,0.00039849280178001767,3.408422943892926e-05,4.7483920190217893e-05,0.0010189591218887825,0.0011016144647189522,4,4,0,0,True,freq_hrl_no_promotion_v4,freq_lr3e4_std05_activegate,2026,4044,tuning_validation_mechanism_diagnostic,full_method_nested_hpo_v2,e71e450a28940aa51ea98625171e91a6efc840d2,79590490efcc7dd75975795a340d82b6b88a46f7b52eb4da8297cf0a4a910403
68213,stationary_low_noise,none,zero_residual_frequency,-0.0001294597563002986,-0.00012098371501012561,-8.476041290172986e-06,-124.31243908208373,-120.02618244142467,-4.286256640659062,0.00016541404138370464,0.00015656264791685803,-8.851393466846602e-06,0.021006852305246352,0.02069334661257486,0.0003135056926714917,3.0915720577491635e-05,4.351198938066306e-05,0.0011783096369261633,0.001325637988057022,4,4,0,0,True,freq_hrl_no_promotion_v4,freq_lr3e4_std05_activegate,2026,4044,tuning_validation_mechanism_diagnostic,full_method_nested_hpo_v2,e71e450a28940aa51ea98625171e91a6efc840d2,79590490efcc7dd75975795a340d82b6b88a46f7b52eb4da8297cf0a4a910403
68219,stationary_low_noise,none,zero_residual_frequency,-0.00011179154231522048,-0.00010777901689429381,-4.012525420926671e-06,-114.0883668583457,-111.76626661287214,-2.3221002454735498,0.00014839499482333096,0.00014438276642181336,-4.0122284015176035e-06,0.01854752562835349,0.018499152556474198,4.8373071879291574e-05,1.6807789780949932e-05,4.494467838477389e-05,0.0007741406390474973,0.0008650978991612293,4,4,0,0,True,freq_hrl_no_promotion_v4,freq_lr3e4_std05_activegate,2026,4044,tuning_validation_mechanism_diagnostic,full_method_nested_hpo_v2,e71e450a28940aa51ea98625171e91a6efc840d2,79590490efcc7dd75975795a340d82b6b88a46f7b52eb4da8297cf0a4a910403
68227,stationary_low_noise,none,zero_residual_frequency,-0.00010203086670346195,-9.721208700974593e-05,-4.818779693716024e-06,-126.59045771053657,-124.11787275938019,-2.472584951156378,0.00013076705624259777,0.0001235808821336004,-7.186174108997356e-06,0.016738349683516233,0.017041164787043768,-0.0003028151035275352,1.4454171450186745e-05,4.680523798722022e-05,0.0007981135322365971,0.0008779928806493191,4,4,0,0,True,freq_hrl_no_promotion_v4,freq_lr3e4_std05_activegate,2026,4044,tuning_validation_mechanism_diagnostic,full_method_nested_hpo_v2,e71e450a28940aa51ea98625171e91a6efc840d2,79590490efcc7dd75975795a340d82b6b88a46f7b52eb4da8297cf0a4a910403
68207,stationary_low_noise,none,zero_residual_frequency,-0.00013650750975680026,-0.00013596213106148447,-5.453786953157902e-07,-423.71481775411434,-436.81622778770145,13.101410033587115,0.00013650750975680026,0.00013596213106148447,-5.453786953157902e-07,0.013050111555985202,0.011860737598779952,0.0011893739572052496,6.720801773872222e-05,1.7244806307456627e-05,0.0008757047549383716,0.0010512866926761589,4,4,0,0,True,freq_hrl_no_promotion_v4,freq_lr3e4_std05_activegate,2039,4057,tuning_validation_mechanism_diagnostic,full_method_nested_hpo_v2,e71e450a28940aa51ea98625171e91a6efc840d2,79590490efcc7dd75975795a340d82b6b88a46f7b52eb4da8297cf0a4a910403
68209,stationary_low_noise,none,zero_residual_frequency,-9.451007427674352e-05,-8.686843861149818e-05,-7.641635665245339e-06,-153.1805701011035,-147.46521609828645,-5.715354002817065,9.451007427674352e-05,8.686843861149818e-05,-7.641635665245339e-06,0.0210429957286763,0.018821034329010396,0.002221961399665906,2.0671951310425568e-05,-1.2673123034612602e-05,0.0010349960483615128,0.0011072863357425276,4,4,0,0,True,freq_hrl_no_promotion_v4,freq_lr3e4_std05_activegate,2039,4057,tuning_validation_mechanism_diagnostic,full_method_nested_hpo_v2,e71e450a28940aa51ea98625171e91a6efc840d2,79590490efcc7dd75975795a340d82b6b88a46f7b52eb4da8297cf0a4a910403
68213,stationary_low_noise,none,zero_residual_frequency,-0.00020268052513838786,-0.00020809015079159554,5.409625653207684e-06,-421.7908112984853,-437.73936108208903,15.94854978360371,0.00020268052513838786,0.00020809015079159554,5.409625653207684e-06,0.01756436601427418,0.017043519030765328,0.0005208469835088526,8.052624202268359e-05,4.987063945133754e-06,0.0012356730265745833,0.0015454928450316804,4,4,0,0,True,freq_hrl_no_promotion_v4,freq_lr3e4_std05_activegate,2039,4057,tuning_validation_mechanism_diagnostic,full_method_nested_hpo_v2,e71e450a28940aa51ea98625171e91a6efc840d2,79590490efcc7dd75975795a340d82b6b88a46f7b52eb4da8297cf0a4a910403
68219,stationary_low_noise,none,zero_residual_frequency,-0.00012585794060770983,-0.00012096810995609886,-4.889830651610971e-06,-428.01544277589454,-420.8047328592278,-7.210709916666758,0.00012585794060770983,0.00012096810995609886,-4.889830651610971e-06,0.011397705808868525,0.010086875929384197,0.0013108298794843286,5.6154828467206924e-05,1.7926936189520635e-05,0.0008928601673618333,0.001037744968937204,4,4,0,0,True,freq_hrl_no_promotion_v4,freq_lr3e4_std05_activegate,2039,4057,tuning_validation_mechanism_diagnostic,full_method_nested_hpo_v2,e71e450a28940aa51ea98625171e91a6efc840d2,79590490efcc7dd75975795a340d82b6b88a46f7b52eb4da8297cf0a4a910403
68227,stationary_low_noise,none,zero_residual_frequency,-0.00011370104090624444,-0.00011277286808664133,-9.281728196031125e-07,-445.4169005873392,-435.57467726082467,-9.842223326514556,0.00011370104090624444,0.00011277286808664133,-9.281728196031125e-07,0.010263529275653879,0.009464595605285186,0.0007989336703686928,7.603267511787729e-05,2.7944356807031734e-05,0.0009357483342019653,0.0011184688655640055,4,4,0,0,True,freq_hrl_no_promotion_v4,freq_lr3e4_std05_activegate,2039,4057,tuning_validation_mechanism_diagnostic,full_method_nested_hpo_v2,e71e450a28940aa51ea98625171e91a6efc840d2,79590490efcc7dd75975795a340d82b6b88a46f7b52eb4da8297cf0a4a910403
68207,stationary_low_noise,none,zero_residual_frequency,0.0029638707601640224,0.0028974124005660684,6.645835959795399e-05,107.43866277220629,105.92406051704731,1.5146022551589766,0.00046520915342573854,0.0004644573946108732,-7.517588148653331e-07,0.6110455882690045,0.6095948045701853,0.0014507836988191247,0.0008538689102431693,0.0007189313985992162,0.007013890627563847,0.007603868896128713,4,4,0,0,True,freq_hrl_no_promotion_v4,freq_lr3e4_std05_activegate,2053,4071,tuning_validation_mechanism_diagnostic,full_method_nested_hpo_v2,e71e450a28940aa51ea98625171e91a6efc840d2,79590490efcc7dd75975795a340d82b6b88a46f7b52eb4da8297cf0a4a910403
68209,stationary_low_noise,none,zero_residual_frequency,0.001791431679376343,0.0017389051072864703,5.252657208987266e-05,67.58580521169368,65.99650878409562,1.5892964275980574,0.00040322648064994304,0.00040480808891263376,1.5816082626907146e-06,0.6317765199421189,0.6344518376848705,-0.0026753177427515373,0.0008165440809079251,0.0007363070285170656,0.010291211104615488,0.010435063581260489,4,4,0,0,True,freq_hrl_no_promotion_v4,freq_lr3e4_std05_activegate,2053,4071,tuning_validation_mechanism_diagnostic,full_method_nested_hpo_v2,e71e450a28940aa51ea98625171e91a6efc840d2,79590490efcc7dd75975795a340d82b6b88a46f7b52eb4da8297cf0a4a910403
68213,stationary_low_noise,none,zero_residual_frequency,0.0051332822299365866,0.005084744391437024,4.8537838499562724e-05,152.81519478354514,152.0352336564426,0.7799611271025242,0.00028525054560335494,0.0003014196014117232,1.616905580836825e-05,0.7808688744224288,0.7747701225369283,0.006098751885500464,0.000664021394829045,0.0005915276096968166,0.01250833810857633,0.014080502237710686,4,4,0,0,True,freq_hrl_no_promotion_v4,freq_lr3e4_std05_activegate,2053,4071,tuning_validation_mechanism_diagnostic,full_method_nested_hpo_v2,e71e450a28940aa51ea98625171e91a6efc840d2,79590490efcc7dd75975795a340d82b6b88a46f7b52eb4da8297cf0a4a910403
68219,stationary_low_noise,none,zero_residual_frequency,0.0028549548616023657,0.0028677150581688515,-1.276019656648586e-05,107.58355955727977,108.04750569074972,-0.4639461334699462,0.0002919770166763813,0.0002908331998935365,-1.1438167828448087e-06,0.6546353810905683,0.6539943745750075,0.0006410065155607603,0.0007066724250302183,0.0006402291819533109,0.007493852553590033,0.007449851245554682,4,4,0,0,True,freq_hrl_no_promotion_v4,freq_lr3e4_std05_activegate,2053,4071,tuning_validation_mechanism_diagnostic,full_method_nested_hpo_v2,e71e450a28940aa51ea98625171e91a6efc840d2,79590490efcc7dd75975795a340d82b6b88a46f7b52eb4da8297cf0a4a910403
68227,stationary_low_noise,none,zero_residual_frequency,0.0033111425822058838,0.0032532040030692766,5.793857913660716e-05,117.43689421447198,116.18172420464187,1.2551700098301097,0.0003217319412954778,0.0003224647958470772,7.328545515994378e-07,0.6338484406019192,0.6332613550161614,0.0005870855857578183,0.0007064673629304499,0.0006857222102771513,0.007520671601600448,0.00801270720775291,4,4,0,0,True,freq_hrl_no_promotion_v4,freq_lr3e4_std05_activegate,2053,4071,tuning_validation_mechanism_diagnostic,full_method_nested_hpo_v2,e71e450a28940aa51ea98625171e91a6efc840d2,79590490efcc7dd75975795a340d82b6b88a46f7b52eb4da8297cf0a4a910403
68207,persistent_shift,none,zero_residual_frequency,0.010975701150849781,0.010914494184357082,6.120696649269952e-05,172.8010498323209,171.43579264827014,1.365257184050762,0.0007381139386026803,0.0007560597493726506,1.7945810769970372e-05,0.44701918775165017,0.44640479046511294,0.0006143972865372271,0.0013863794219991013,0.0006711851723147195,0.014688231398597257,0.018017286997767064,4,4,0,0,True,freq_hrl_no_promotion_v4,freq_lr3e4_std05_activegate,2026,2026,tuning_validation_mechanism_diagnostic,full_method_nested_hpo_v2,e71e450a28940aa51ea98625171e91a6efc840d2,79590490efcc7dd75975795a340d82b6b88a46f7b52eb4da8297cf0a4a910403
68209,persistent_shift,none,zero_residual_frequency,0.012695806713900248,0.012577421088579621,0.00011838562532062724,160.08457554738598,158.08713290048425,1.9974426469017317,0.0020368551205776075,0.002076251309806154,3.9396189228546596e-05,0.5981688887605472,0.5987179279673225,-0.0005490392067752925,0.0017298492881662178,0.0005354585946825266,0.022558636824234982,0.0269181266763351,4,4,0,0,True,freq_hrl_no_promotion_v4,freq_lr3e4_std05_activegate,2026,2026,tuning_validation_mechanism_diagnostic,full_method_nested_hpo_v2,e71e450a28940aa51ea98625171e91a6efc840d2,79590490efcc7dd75975795a340d82b6b88a46f7b52eb4da8297cf0a4a910403
68213,persistent_shift,none,zero_residual_frequency,0.01893275582108167,0.018695614907557,0.00023714091352466937,186.26559369485798,183.88383246042295,2.3817612344350323,0.0010830005058639625,0.0011782045978024902,9.520409193852775e-05,0.6578139165662111,0.6539163287664882,0.0038975877997229347,0.0014472972717139991,0.00036587184148328825,0.02258555326981069,0.03122557222620041,4,4,0,0,True,freq_hrl_no_promotion_v4,freq_lr3e4_std05_activegate,2026,2026,tuning_validation_mechanism_diagnostic,full_method_nested_hpo_v2,e71e450a28940aa51ea98625171e91a6efc840d2,79590490efcc7dd75975795a340d82b6b88a46f7b52eb4da8297cf0a4a910403
68219,persistent_shift,none,zero_residual_frequency,0.010910853625943684,0.010906886666898874,3.966959044809926e-06,157.63899608801296,156.75437352048854,0.884622567524417,0.0015141727823100304,0.001501887643715727,-1.2285138594303469e-05,0.5183197610775951,0.5196562039216613,-0.001336442844066199,0.0011403760339861058,0.0005132014302105899,0.016225538604137706,0.01998735258821398,4,4,0,0,True,freq_hrl_no_promotion_v4,freq_lr3e4_std05_activegate,2026,2026,tuning_validation_mechanism_diagnostic,full_method_nested_hpo_v2,e71e450a28940aa51ea98625171e91a6efc840d2,79590490efcc7dd75975795a340d82b6b88a46f7b52eb4da8297cf0a4a910403
68227,persistent_shift,none,zero_residual_frequency,0.008402633476495724,0.008396263419437888,6.37005705783622e-06,138.2176547818865,137.56281311295825,0.6548416689282419,0.001679003317024641,0.0016482513105527952,-3.075200647184584e-05,0.5023603424628754,0.5012794473416501,0.0010808951212253337,0.0016343944112062088,0.0007694645289621407,0.016921878287191956,0.018618399420584963,4,4,0,0,True,freq_hrl_no_promotion_v4,freq_lr3e4_std05_activegate,2026,2026,tuning_validation_mechanism_diagnostic,full_method_nested_hpo_v2,e71e450a28940aa51ea98625171e91a6efc840d2,79590490efcc7dd75975795a340d82b6b88a46f7b52eb4da8297cf0a4a910403
68207,persistent_shift,none,zero_residual_frequency,0.01952929094096434,0.01997894133214473,-0.0004496503911803895,216.79309959947804,217.6014188633936,-0.8083192639155641,0.000592471883586021,0.0006119152157916252,1.9443332205604236e-05,0.8912573350416982,0.8963845087163367,-0.005127173674638441,-0.0007614342549776845,-0.0005392361426722562,0.013044236238824346,0.010203895803877256,4,4,0,0,True,freq_hrl_no_promotion_v4,freq_lr3e4_std05_activegate,2039,2039,tuning_validation_mechanism_diagnostic,full_method_nested_hpo_v2,e71e450a28940aa51ea98625171e91a6efc840d2,79590490efcc7dd75975795a340d82b6b88a46f7b52eb4da8297cf0a4a910403
68209,persistent_shift,none,zero_residual_frequency,0.01566780381531996,0.016490540852678315,-0.0008227370373583565,164.7530659049111,167.7836228827304,-3.030556977819316,0.001007029758148481,0.0010190649046371014,1.2035146488620363e-05,1.0380644962581653,1.0472237044233603,-0.009159208165194999,-0.0010133469288945702,-0.0005652326703558406,0.02380117410850491,0.018986547629659376,4,4,0,0,True,freq_hrl_no_promotion_v4,freq_lr3e4_std05_activegate,2039,2039,tuning_validation_mechanism_diagnostic,full_method_nested_hpo_v2,e71e450a28940aa51ea98625171e91a6efc840d2,79590490efcc7dd75975795a340d82b6b88a46f7b52eb4da8297cf0a4a910403
68213,persistent_shift,none,zero_residual_frequency,0.02183282052596347,0.021972570317711604,-0.00013974979174813384,215.783603237919,214.89713659508598,0.8864666428330281,0.0004332613813019526,0.0004513283387080902,1.8066957406137618e-05,1.131232206973665,1.145367105060724,-0.014134898087058811,-0.0006811612743252628,-0.0005798008401490482,0.019566835691997162,0.011833660061044308,4,4,0,0,True,freq_hrl_no_promotion_v4,freq_lr3e4_std05_activegate,2039,2039,tuning_validation_mechanism_diagnostic,full_method_nested_hpo_v2,e71e450a28940aa51ea98625171e91a6efc840d2,79590490efcc7dd75975795a340d82b6b88a46f7b52eb4da8297cf0a4a910403
68219,persistent_shift,none,zero_residual_frequency,0.016791924686696102,0.016955063403610415,-0.0001631387169143128,187.96185333143436,187.88316377359564,0.07868955783871456,0.0005543429653859233,0.0005749332454834111,2.0590280097487756e-05,0.9680774863384696,0.976970984831026,-0.008893498492556384,-0.0008076664602039761,-0.0005637458646407403,0.015669277811442346,0.01245733349480563,4,4,0,0,True,freq_hrl_no_promotion_v4,freq_lr3e4_std05_activegate,2039,2039,tuning_validation_mechanism_diagnostic,full_method_nested_hpo_v2,e71e450a28940aa51ea98625171e91a6efc840d2,79590490efcc7dd75975795a340d82b6b88a46f7b52eb4da8297cf0a4a910403
68227,persistent_shift,none,zero_residual_frequency,0.015091479779085093,0.015678988823929707,-0.0005875090448446141,175.2823600537863,176.89000127143888,-1.6076412176525707,0.0005219448829445472,0.0005080477794958682,-1.3897103448679005e-05,0.856251256180654,0.8646672819407625,-0.00841602576010847,-0.0008873231990646454,-0.0004991970505083823,0.017064396976153754,0.01460251276795235,4,4,0,0,True,freq_hrl_no_promotion_v4,freq_lr3e4_std05_activegate,2039,2039,tuning_validation_mechanism_diagnostic,full_method_nested_hpo_v2,e71e450a28940aa51ea98625171e91a6efc840d2,79590490efcc7dd75975795a340d82b6b88a46f7b52eb4da8297cf0a4a910403
68207,persistent_shift,none,zero_residual_frequency,0.018164007963901385,0.017829602900343078,0.00033440506355830735,202.307161907863,200.73637315631413,1.5707887515488608,0.0007046958862667596,0.0006799463608998524,-2.474952536690722e-05,0.8873554301968115,0.8751151629064957,0.012240267290315798,0.0002702508008664671,4.7790802219832584e-05,0.018642219736809944,0.018068742092064997,4,4,0,0,True,freq_hrl_no_promotion_v4,freq_lr3e4_std05_activegate,2053,2053,tuning_validation_mechanism_diagnostic,full_method_nested_hpo_v2,e71e450a28940aa51ea98625171e91a6efc840d2,79590490efcc7dd75975795a340d82b6b88a46f7b52eb4da8297cf0a4a910403
68209,persistent_shift,none,zero_residual_frequency,0.019200478533340393,0.018918203018150503,0.00028227551518988925,187.64758930029774,186.1101770937895,1.537412206508236,0.0012756710572446872,0.0013065602527273512,3.0889195482664e-05,1.168317434119096,1.164676546384992,0.0036408877341040924,0.0006235090270342292,2.316754306490094e-05,0.02988320081236048,0.02680349893570464,4,4,0,0,True,freq_hrl_no_promotion_v4,freq_lr3e4_std05_activegate,2053,2053,tuning_validation_mechanism_diagnostic,full_method_nested_hpo_v2,e71e450a28940aa51ea98625171e91a6efc840d2,79590490efcc7dd75975795a340d82b6b88a46f7b52eb4da8297cf0a4a910403
68213,persistent_shift,none,zero_residual_frequency,0.025944553944877047,0.02576038218784582,0.00018417175703122624,221.78583413512132,219.90530197790642,1.8805321572149012,0.0007891450329319261,0.000835676627976456,4.653159504452997e-05,1.1465537125537573,1.1427177765622956,0.003835935991461703,0.00021455628284560487,-0.00015176605849730876,0.03222280168637452,0.03029545757874277,4,4,0,0,True,freq_hrl_no_promotion_v4,freq_lr3e4_std05_activegate,2053,2053,tuning_validation_mechanism_diagnostic,full_method_nested_hpo_v2,e71e450a28940aa51ea98625171e91a6efc840d2,79590490efcc7dd75975795a340d82b6b88a46f7b52eb4da8297cf0a4a910403
68219,persistent_shift,none,zero_residual_frequency,0.017573346291741343,0.01769594406552888,-0.0001225977737875361,202.9608255938288,200.61406723110738,2.3467583627214026,0.0008489996423791668,0.0009254079979464924,7.640835556732561e-05,0.8838785614665122,0.9175227947282816,-0.03364423326176935,0.000410963910160996,-0.00010060514374162237,0.02031086965071154,0.019860130363182786,4,4,0,0,True,freq_hrl_no_promotion_v4,freq_lr3e4_std05_activegate,2053,2053,tuning_validation_mechanism_diagnostic,full_method_nested_hpo_v2,e71e450a28940aa51ea98625171e91a6efc840d2,79590490efcc7dd75975795a340d82b6b88a46f7b52eb4da8297cf0a4a910403
68227,persistent_shift,none,zero_residual_frequency,0.015232015355258088,0.01483773282711276,0.0003942825281453288,186.06047562709279,184.5418318690693,1.5186437580234724,0.0005170294087770699,0.0005701007186854623,5.307130990839237e-05,0.8615026268136312,0.8509014159401835,0.010601210873447675,0.0004597477308020861,0.00010569939976024447,0.022820463244392568,0.02329971897480492,4,4,0,0,True,freq_hrl_no_promotion_v4,freq_lr3e4_std05_activegate,2053,2053,tuning_validation_mechanism_diagnostic,full_method_nested_hpo_v2,e71e450a28940aa51ea98625171e91a6efc840d2,79590490efcc7dd75975795a340d82b6b88a46f7b52eb4da8297cf0a4a910403
68207,ood_period,none,zero_residual_frequency,0.021473355382484627,0.02160194277143823,-0.00012858738895360489,179.6789071670324,179.74644076262777,-0.0675335955953642,0.0006167037499230643,0.0006227042195984245,6.000469675360165e-06,0.875113352870672,0.878918520862856,-0.003805167992184,0.000492057582701866,0.0006495168440647473,0.01111180466363698,0.010717189929629159,4,4,0,0,True,freq_hrl_no_promotion_v4,freq_lr3e4_std05_activegate,2026,7071,tuning_validation_mechanism_diagnostic,full_method_nested_hpo_v2,e71e450a28940aa51ea98625171e91a6efc840d2,79590490efcc7dd75975795a340d82b6b88a46f7b52eb4da8297cf0a4a910403
68209,ood_period,none,zero_residual_frequency,0.017020758385317913,0.01700506375046973,1.5694634848184563e-05,135.0311370924701,134.68736643635816,0.3437706561119285,0.002203969489986579,0.002187932497550782,-1.603699243579726e-05,1.0030325447818236,1.003323227759735,-0.0002906829779114606,0.001112749556961744,0.0007403965080082103,0.02216674349797864,0.019948412159768242,4,4,0,0,True,freq_hrl_no_promotion_v4,freq_lr3e4_std05_activegate,2026,7071,tuning_validation_mechanism_diagnostic,full_method_nested_hpo_v2,e71e450a28940aa51ea98625171e91a6efc840d2,79590490efcc7dd75975795a340d82b6b88a46f7b52eb4da8297cf0a4a910403
68213,ood_period,none,zero_residual_frequency,0.027477122473414273,0.02761300254149579,-0.00013588006808151754,160.79099098690142,161.46209232415177,-0.6711013372503487,0.0013274899495577808,0.001303778639287212,-2.371131027056883e-05,1.0411809426710439,1.040460060740382,0.0007208819306618874,0.0007335314466552027,0.0006662117334154192,0.021600590939164655,0.022253741359519255,4,4,0,0,True,freq_hrl_no_promotion_v4,freq_lr3e4_std05_activegate,2026,7071,tuning_validation_mechanism_diagnostic,full_method_nested_hpo_v2,e71e450a28940aa51ea98625171e91a6efc840d2,79590490efcc7dd75975795a340d82b6b88a46f7b52eb4da8297cf0a4a910403
68219,ood_period,none,zero_residual_frequency,0.015714183995063413,0.015874710741405007,-0.0001605267463415938,135.46019605259232,135.7025187403481,-0.2423226877557738,0.0014284040941414666,0.0014466966351225352,1.8292540981068584e-05,0.8978746632919742,0.9039095903147281,-0.006034927022753878,0.0010743288660169277,0.0007285388640599005,0.015905118729198066,0.015376317654995041,4,4,0,0,True,freq_hrl_no_promotion_v4,freq_lr3e4_std05_activegate,2026,7071,tuning_validation_mechanism_diagnostic,full_method_nested_hpo_v2,e71e450a28940aa51ea98625171e91a6efc840d2,79590490efcc7dd75975795a340d82b6b88a46f7b52eb4da8297cf0a4a910403
68227,ood_period,none,zero_residual_frequency,0.01743591922497889,0.017563911888960115,-0.00012799266398122455,141.96702793231412,141.86403514999412,0.1029927823200012,0.0010039864941429055,0.0009914486539794876,-1.2537840163417968e-05,0.9970002240612801,1.000995222263053,-0.003994998201772848,0.001003191432963725,0.0006984943910163584,0.01793594508764929,0.018129589278638985,4,4,0,0,True,freq_hrl_no_promotion_v4,freq_lr3e4_std05_activegate,2026,7071,tuning_validation_mechanism_diagnostic,full_method_nested_hpo_v2,e71e450a28940aa51ea98625171e91a6efc840d2,79590490efcc7dd75975795a340d82b6b88a46f7b52eb4da8297cf0a4a910403
68207,ood_period,none,zero_residual_frequency,0.005443554694072095,0.005483693332564599,-4.0138638492503986e-05,148.8386343066046,151.30484463118532,-2.4662103245807145,0.0007039739266592182,0.0006599471533920154,-4.4026773267202834e-05,0.41122786947500517,0.39562405464489225,0.015603814830112916,0.0004893552790259869,0.00010893823300277663,0.01425310073662129,0.012162242410623652,4,4,0,0,True,freq_hrl_no_promotion_v4,freq_lr3e4_std05_activegate,2039,7084,tuning_validation_mechanism_diagnostic,full_method_nested_hpo_v2,e71e450a28940aa51ea98625171e91a6efc840d2,79590490efcc7dd75975795a340d82b6b88a46f7b52eb4da8297cf0a4a910403
68209,ood_period,none,zero_residual_frequency,0.0065814411606874845,0.006650430282851172,-6.898912216368736e-05,124.83651790084984,126.19931138304528,-1.3627934821954426,0.0014285594521360467,0.0013929368378828855,-3.562261425316127e-05,0.5567724697600076,0.5529086668921337,0.003863802867873911,0.00014455257729090122,-0.00031347247514479907,0.026593690769570664,0.018447934009277054,4,4,0,0,True,freq_hrl_no_promotion_v4,freq_lr3e4_std05_activegate,2039,7084,tuning_validation_mechanism_diagnostic,full_method_nested_hpo_v2,e71e450a28940aa51ea98625171e91a6efc840d2,79590490efcc7dd75975795a340d82b6b88a46f7b52eb4da8297cf0a4a910403
68213,ood_period,none,zero_residual_frequency,0.010820640013981864,0.010953051179212858,-0.0001324111652309945,148.8261441501433,149.7060534210294,-0.8799092708860883,0.0008071811474743562,0.0008387503803969354,3.156923292257918e-05,0.6917478891367849,0.6810637917801952,0.010684097356589706,7.253538108303231e-05,-0.00013914708757166872,0.027002101613106788,0.020049847850653654,4,4,0,0,True,freq_hrl_no_promotion_v4,freq_lr3e4_std05_activegate,2039,7084,tuning_validation_mechanism_diagnostic,full_method_nested_hpo_v2,e71e450a28940aa51ea98625171e91a6efc840d2,79590490efcc7dd75975795a340d82b6b88a46f7b52eb4da8297cf0a4a910403
68219,ood_period,none,zero_residual_frequency,0.005334181119516668,0.005218779797953488,0.00011540132156317995,121.33313772995065,121.04043137669915,0.2927063532515035,0.0009276359428026515,0.0008907946363443386,-3.684130645831285e-05,0.4644287603097875,0.460759068506506,0.0036696918032815273,0.0006981629975113582,1.974526753078572e-05,0.021896915182393666,0.016943208368563015,4,4,0,0,True,freq_hrl_no_promotion_v4,freq_lr3e4_std05_activegate,2039,7084,tuning_validation_mechanism_diagnostic,full_method_nested_hpo_v2,e71e450a28940aa51ea98625171e91a6efc840d2,79590490efcc7dd75975795a340d82b6b88a46f7b52eb4da8297cf0a4a910403
68227,ood_period,none,zero_residual_frequency,0.006396486951767866,0.00628320587574982,0.00011328107601804582,132.5600519585167,133.85511243156725,-1.2950604730505404,0.0008804115381194633,0.000823001051408645,-5.7410486710818276e-05,0.5254522128790374,0.5094883585718907,0.015963854307146752,0.0005277265810526613,-0.0001094741710371171,0.02528866151345331,0.02015513885441275,4,4,0,0,True,freq_hrl_no_promotion_v4,freq_lr3e4_std05_activegate,2039,7084,tuning_validation_mechanism_diagnostic,full_method_nested_hpo_v2,e71e450a28940aa51ea98625171e91a6efc840d2,79590490efcc7dd75975795a340d82b6b88a46f7b52eb4da8297cf0a4a910403
68207,ood_period,none,zero_residual_frequency,0.019241846337348267,0.01960941000619365,-0.00036756366884538316,130.01878323218747,130.71595578459943,-0.6971725524119563,0.0012814213854759338,0.0013072363036680246,2.5814918192090808e-05,1.2830257553875533,1.289998610464115,-0.006972855076561757,0.0017605687410859592,0.001216262009461171,0.015607754901429871,0.01717066653234522,4,4,0,0,True,freq_hrl_no_promotion_v4,freq_lr3e4_std05_activegate,2053,7098,tuning_validation_mechanism_diagnostic,full_method_nested_hpo_v2,e71e450a28940aa51ea98625171e91a6efc840d2,79590490efcc7dd75975795a340d82b6b88a46f7b52eb4da8297cf0a4a910403
68209,ood_period,none,zero_residual_frequency,0.011134784970318723,0.011604556707634384,-0.0004697717373156607,94.27135322137968,96.54503312839257,-2.273679907012891,0.002557731044805611,0.0025553002951697046,-2.430749635906615e-06,1.3239701230577032,1.3259736379132994,-0.0020035148555961335,0.0028611576836797036,0.001297694990788233,0.025015439671470734,0.03328206504973221,4,4,0,0,True,freq_hrl_no_promotion_v4,freq_lr3e4_std05_activegate,2053,7098,tuning_validation_mechanism_diagnostic,full_method_nested_hpo_v2,e71e450a28940aa51ea98625171e91a6efc840d2,79590490efcc7dd75975795a340d82b6b88a46f7b52eb4da8297cf0a4a910403
68213,ood_period,none,zero_residual_frequency,0.020325979039372166,0.020659593008788724,-0.0003336139694165574,122.95000777003924,123.60932738272672,-0.659319612687483,0.0027672780431616806,0.002830629313734012,6.335127057233159e-05,1.538908325287356,1.5387312053607203,0.00017711992663582699,0.002728418529366013,0.0011280792962608905,0.0285131297393592,0.03191558814659301,4,4,0,0,True,freq_hrl_no_promotion_v4,freq_lr3e4_std05_activegate,2053,7098,tuning_validation_mechanism_diagnostic,full_method_nested_hpo_v2,e71e450a28940aa51ea98625171e91a6efc840d2,79590490efcc7dd75975795a340d82b6b88a46f7b52eb4da8297cf0a4a910403
68219,ood_period,none,zero_residual_frequency,0.011162419383716093,0.011429048921067109,-0.00026662953735101524,100.32632688436566,101.62223525166644,-1.2959083673007825,0.0030743242637705226,0.0030518824501046815,-2.244181366584108e-05,1.2246965021496687,1.219449297194212,0.00524720495545683,0.002204065405445822,0.0012887802926635507,0.01688276969107392,0.021832586860465297,4,4,0,0,True,freq_hrl_no_promotion_v4,freq_lr3e4_std05_activegate,2053,7098,tuning_validation_mechanism_diagnostic,full_method_nested_hpo_v2,e71e450a28940aa51ea98625171e91a6efc840d2,79590490efcc7dd75975795a340d82b6b88a46f7b52eb4da8297cf0a4a910403
68227,ood_period,none,zero_residual_frequency,0.013015251089737223,0.0133646618617842,-0.00034941077204697635,102.60923306221933,103.74338200315636,-1.134148940937024,0.002602205972469074,0.0026420622274623273,3.9856254993253515e-05,1.3020178660559014,1.3090861685329565,-0.007068302477055033,0.002361525007288072,0.0012664812557798507,0.020679625957604406,0.024642142388620412,4,4,0,0,True,freq_hrl_no_promotion_v4,freq_lr3e4_std05_activegate,2053,7098,tuning_validation_mechanism_diagnostic,full_method_nested_hpo_v2,e71e450a28940aa51ea98625171e91a6efc840d2,79590490efcc7dd75975795a340d82b6b88a46f7b52eb4da8297cf0a4a910403
68207,stationary_low_noise,none,zero_residual_frequency,-4.627315135929955e-05,-4.529398859753897e-05,-9.79162761760577e-07,-44.41516673192742,-42.52447228126911,-1.8906944506583088,0.00011660456120410334,0.00011690739490599622,3.028337018928795e-07,0.016952324675898352,0.017773404070577183,-0.0008210793946788301,2.787734673699795e-05,3.314921863050819e-05,0.0007708885439497078,0.0008249610495315411,4,4,0,0,True,freq_hrl_no_promotion_v4,freq_lr3e4_std10_balanced,2026,4044,tuning_validation_mechanism_diagnostic,full_method_nested_hpo_v2,e71e450a28940aa51ea98625171e91a6efc840d2,79590490efcc7dd75975795a340d82b6b88a46f7b52eb4da8297cf0a4a910403
68209,stationary_low_noise,none,zero_residual_frequency,-1.863298304571881e-05,-1.1289240688605595e-05,-7.343742357113214e-06,-19.023739689992034,-11.672838200736837,-7.350901489255197,9.130003342172621e-05,8.489653198151537e-05,-6.403501440210846e-06,0.015423846107290255,0.015142259119551431,0.00028158698773882336,1.8243463441386187e-05,3.335086357490349e-05,0.0010189598308241127,0.0011016130314904634,4,4,0,0,True,freq_hrl_no_promotion_v4,freq_lr3e4_std10_balanced,2026,4044,tuning_validation_mechanism_diagnostic,full_method_nested_hpo_v2,e71e450a28940aa51ea98625171e91a6efc840d2,79590490efcc7dd75975795a340d82b6b88a46f7b52eb4da8297cf0a4a910403
68213,stationary_low_noise,none,zero_residual_frequency,-0.00012643418049573807,-0.00012078443220364665,-5.649748292091417e-06,-122.7012046825772,-119.53232589126598,-3.168878791311215,0.00016255117725316737,0.0001566586751770016,-5.892502076165762e-06,0.020697046495642,0.02063342354706442,6.362294857758036e-05,1.1229299188961946e-05,3.0142802931880167e-05,0.0011783027589400616,0.001325618472719725,4,4,0,0,True,freq_hrl_no_promotion_v4,freq_lr3e4_std10_balanced,2026,4044,tuning_validation_mechanism_diagnostic,full_method_nested_hpo_v2,e71e450a28940aa51ea98625171e91a6efc840d2,79590490efcc7dd75975795a340d82b6b88a46f7b52eb4da8297cf0a4a910403
68219,stationary_low_noise,none,zero_residual_frequency,-0.00010996641019989095,-0.00010747151188883475,-2.494898311056204e-06,-113.00540404396212,-111.36506131527236,-1.6403427286897596,0.00014677497812198848,0.00014435539328194746,-2.4195848400410114e-06,0.018324239138064358,0.01839204881631168,-6.780967824732143e-05,6.823556267848787e-06,3.133478908776713e-05,0.0007741354390791204,0.0008650878482645415,4,4,0,0,True,freq_hrl_no_promotion_v4,freq_lr3e4_std10_balanced,2026,4044,tuning_validation_mechanism_diagnostic,full_method_nested_hpo_v2,e71e450a28940aa51ea98625171e91a6efc840d2,79590490efcc7dd75975795a340d82b6b88a46f7b52eb4da8297cf0a4a910403
68227,stationary_low_noise,none,zero_residual_frequency,-9.941503199195623e-05,-9.681541881034761e-05,-2.5996131816086177e-06,-124.53627983018993,-123.65913065217076,-0.8771491780191667,0.00012838229036382653,0.00012354263770297802,-4.839652660848515e-06,0.016497976444737154,0.016921776153211734,-0.0004237997084745801,6.626264666591239e-06,3.307275450701935e-05,0.0007981094368545883,0.0008779845035184684,4,4,0,0,True,freq_hrl_no_promotion_v4,freq_lr3e4_std10_balanced,2026,4044,tuning_validation_mechanism_diagnostic,full_method_nested_hpo_v2,e71e450a28940aa51ea98625171e91a6efc840d2,79590490efcc7dd75975795a340d82b6b88a46f7b52eb4da8297cf0a4a910403
68207,stationary_low_noise,none,zero_residual_frequency,-0.00013675167492788187,-0.0001344537951109004,-2.297879816981485e-06,-428.69614992620393,-443.4170007483521,14.72085082214818,0.00013675167492788187,0.0001344537951109004,-2.297879816981485e-06,0.012607022322091656,0.011323089110970862,0.0012839332111207937,4.20914511201217e-05,8.05892817354535e-06,0.0008757075643296097,0.0010512926827396366,4,4,0,0,True,freq_hrl_no_promotion_v4,freq_lr3e4_std10_balanced,2039,4057,tuning_validation_mechanism_diagnostic,full_method_nested_hpo_v2,e71e450a28940aa51ea98625171e91a6efc840d2,79590490efcc7dd75975795a340d82b6b88a46f7b52eb4da8297cf0a4a910403
68209,stationary_low_noise,none,zero_residual_frequency,-9.105984984425497e-05,-8.563204870837282e-05,-5.427801135882149e-06,-151.80232578551443,-147.48914327008796,-4.313182515426462,9.105984984425497e-05,8.563204870837282e-05,-5.427801135882149e-06,0.020085454588839112,0.018396774432412215,0.0016886801564268972,3.5658500777647667e-06,-1.3300621084277837e-05,0.0010350039629246212,0.0011073003309939448,4,4,0,0,True,freq_hrl_no_promotion_v4,freq_lr3e4_std10_balanced,2039,4057,tuning_validation_mechanism_diagnostic,full_method_nested_hpo_v2,e71e450a28940aa51ea98625171e91a6efc840d2,79590490efcc7dd75975795a340d82b6b88a46f7b52eb4da8297cf0a4a910403
68213,stationary_low_noise,none,zero_residual_frequency,-0.0002058143974071891,-0.00020748493593081285,1.6705385236237547e-06,-427.6230012416767,-443.7758096887055,16.152808447028804,0.0002058143974071891,0.00020748493593081285,1.6705385236237547e-06,0.01747764645706805,0.016707698893559293,0.000769947563508757,4.857889155844802e-05,-1.1206303615686956e-06,0.0012356756930046232,0.001545495187761187,4,4,0,0,True,freq_hrl_no_promotion_v4,freq_lr3e4_std10_balanced,2039,4057,tuning_validation_mechanism_diagnostic,full_method_nested_hpo_v2,e71e450a28940aa51ea98625171e91a6efc840d2,79590490efcc7dd75975795a340d82b6b88a46f7b52eb4da8297cf0a4a910403
68219,stationary_low_noise,none,zero_residual_frequency,-0.00012490462855885287,-0.000117873727959239,-7.030900599613865e-06,-432.1670961617084,-433.92158694552325,1.7544907838148447,0.00012490462855885287,0.000117873727959239,-7.030900599613865e-06,0.010937888777678801,0.009478106096034087,0.0014597826816447144,3.297272791070885e-05,8.095463430059115e-06,0.0008928634115041707,0.0010377511555525922,4,4,0,0,True,freq_hrl_no_promotion_v4,freq_lr3e4_std10_balanced,2039,4057,tuning_validation_mechanism_diagnostic,full_method_nested_hpo_v2,e71e450a28940aa51ea98625171e91a6efc840d2,79590490efcc7dd75975795a340d82b6b88a46f7b52eb4da8297cf0a4a910403
68227,stationary_low_noise,none,zero_residual_frequency,-0.00011334721221234467,-0.00011196902322541114,-1.3781889869335373e-06,-441.99645874412323,-439.08716795301945,-2.9092907911037855,0.00011334721221234467,0.00011196902322541114,-1.3781889869335373e-06,0.009845922057330175,0.009038117567902716,0.0008078044894274591,4.99633760111347e-05,1.7241133319825262e-05,0.0009357509050933762,0.001118473457976658,4,4,0,0,True,freq_hrl_no_promotion_v4,freq_lr3e4_std10_balanced,2039,4057,tuning_validation_mechanism_diagnostic,full_method_nested_hpo_v2,e71e450a28940aa51ea98625171e91a6efc840d2,79590490efcc7dd75975795a340d82b6b88a46f7b52eb4da8297cf0a4a910403
68207,stationary_low_noise,none,zero_residual_frequency,0.0022934713454252353,0.0022718705456166166,2.160079980861873e-05,93.0382297762512,92.136505201253,0.9017245749981981,0.00045607742003062057,0.0004579732547569382,1.8958347263176023e-06,0.5648603418764928,0.5673498693856117,-0.002489527509118905,0.0005973533023639514,0.0005062980457576675,0.007200722503734545,0.00744754478623185,4,4,0,0,True,freq_hrl_no_promotion_v4,freq_lr3e4_std10_balanced,2053,4071,tuning_validation_mechanism_diagnostic,full_method_nested_hpo_v2,e71e450a28940aa51ea98625171e91a6efc840d2,79590490efcc7dd75975795a340d82b6b88a46f7b52eb4da8297cf0a4a910403
68209,stationary_low_noise,none,zero_residual_frequency,0.001255530960277973,0.0012658002642698118,-1.0269303991838896e-05,52.64165204830186,52.883242776428965,-0.24159072812710747,0.0005260552349234393,0.0005279020237157761,1.8467887923367954e-06,0.5888479291652395,0.5922682586610475,-0.00342032949580795,0.0005844627740591123,0.0004995370995273393,0.010312313736034815,0.010174544233531278,4,4,0,0,True,freq_hrl_no_promotion_v4,freq_lr3e4_std10_balanced,2053,4071,tuning_validation_mechanism_diagnostic,full_method_nested_hpo_v2,e71e450a28940aa51ea98625171e91a6efc840d2,79590490efcc7dd75975795a340d82b6b88a46f7b52eb4da8297cf0a4a910403
68213,stationary_low_noise,none,zero_residual_frequency,0.004562055980651403,0.004527612908548306,3.4443072103096384e-05,154.48325899000665,153.67545687127412,0.8078021187325248,0.00023469841167311767,0.00024524986966811824,1.0551457995000568e-05,0.6961769348552795,0.693797975960756,0.002378958894523553,0.0004953395360336229,0.00042289569050600205,0.012377895900216469,0.013220683560939505,4,4,0,0,True,freq_hrl_no_promotion_v4,freq_lr3e4_std10_balanced,2053,4071,tuning_validation_mechanism_diagnostic,full_method_nested_hpo_v2,e71e450a28940aa51ea98625171e91a6efc840d2,79590490efcc7dd75975795a340d82b6b88a46f7b52eb4da8297cf0a4a910403
68219,stationary_low_noise,none,zero_residual_frequency,0.0025092681220015844,0.0025295143702355194,-2.024624823393495e-05,104.53843285817659,104.98812689920989,-0.4496940410332968,0.0002794303551524324,0.000279436789954457,6.434802024557484e-09,0.5924803620842413,0.594549297413899,-0.002068935329657684,0.0005433534271819204,0.0004841498755730185,0.007585184183618468,0.007313365660310309,4,4,0,0,True,freq_hrl_no_promotion_v4,freq_lr3e4_std10_balanced,2053,4071,tuning_validation_mechanism_diagnostic,full_method_nested_hpo_v2,e71e450a28940aa51ea98625171e91a6efc840d2,79590490efcc7dd75975795a340d82b6b88a46f7b52eb4da8297cf0a4a910403
68227,stationary_low_noise,none,zero_residual_frequency,0.0027572924977279367,0.0027274909819516857,2.980151577625101e-05,109.83310308625786,109.05280970396092,0.7802933822969464,0.0003327832423039023,0.00033333224508858006,5.490027846777323e-07,0.584925177616304,0.5853780648318843,-0.00045288721558023326,0.0005258123650515899,0.00050419703950587,0.007657898605490724,0.008026200890081884,4,4,0,0,True,freq_hrl_no_promotion_v4,freq_lr3e4_std10_balanced,2053,4071,tuning_validation_mechanism_diagnostic,full_method_nested_hpo_v2,e71e450a28940aa51ea98625171e91a6efc840d2,79590490efcc7dd75975795a340d82b6b88a46f7b52eb4da8297cf0a4a910403
68207,persistent_shift,none,zero_residual_frequency,0.00551023294518016,0.005362440550311431,0.00014779239486872875,140.8788373087083,136.50913378780885,4.3697035208994635,0.00038721942075758964,0.0004171600983309265,2.994067757333685e-05,0.3457424094021831,0.3501128742366677,-0.004370464834484611,0.0006426270973498762,0.0003988717849520007,0.01110767438019846,0.012310193852721972,4,4,0,0,True,freq_hrl_no_promotion_v4,freq_lr3e4_std10_balanced,2026,2026,tuning_validation_mechanism_diagnostic,full_method_nested_hpo_v2,e71e450a28940aa51ea98625171e91a6efc840d2,79590490efcc7dd75975795a340d82b6b88a46f7b52eb4da8297cf0a4a910403
68209,persistent_shift,none,zero_residual_frequency,0.00445522148135491,0.004392818701382195,6.240277997271448e-05,106.14005191563314,104.07894341438077,2.061108501252363,0.0015898033879114815,0.001600549774913529,1.0746387002047442e-05,0.4867854562878492,0.49215486047795104,-0.005369404190101845,0.0008190280800680894,0.0003716332317455447,0.017351910671196593,0.018410288607831008,4,4,0,0,True,freq_hrl_no_promotion_v4,freq_lr3e4_std10_balanced,2026,2026,tuning_validation_mechanism_diagnostic,full_method_nested_hpo_v2,e71e450a28940aa51ea98625171e91a6efc840d2,79590490efcc7dd75975795a340d82b6b88a46f7b52eb4da8297cf0a4a910403
68213,persistent_shift,none,zero_residual_frequency,0.0104690271529575,0.010304801623933768,0.00016422552902373155,184.10013234727953,182.02533075774315,2.074801589536378,0.0006074146548064041,0.000621154798041812,1.3740143235407842e-05,0.5196302814767595,0.5134681004453203,0.006162181031439173,0.0006393116303181809,0.0002723629544618192,0.015343662165711675,0.020300191789687637,4,4,0,0,True,freq_hrl_no_promotion_v4,freq_lr3e4_std10_balanced,2026,2026,tuning_validation_mechanism_diagnostic,full_method_nested_hpo_v2,e71e450a28940aa51ea98625171e91a6efc840d2,79590490efcc7dd75975795a340d82b6b88a46f7b52eb4da8297cf0a4a910403
68219,persistent_shift,none,zero_residual_frequency,0.006182779625190982,0.005845066884866856,0.00033771274032412535,154.30580519497752,146.8425564721504,7.463248722827132,0.0007478365012736354,0.0008078070924821823,5.9970591208546864e-05,0.3855335136764501,0.4002043866918117,-0.014670873015361574,0.0004930078829069722,0.0003465902023595768,0.013511170148174441,0.015708726259900788,4,4,0,0,True,freq_hrl_no_promotion_v4,freq_lr3e4_std10_balanced,2026,2026,tuning_validation_mechanism_diagnostic,full_method_nested_hpo_v2,e71e450a28940aa51ea98625171e91a6efc840d2,79590490efcc7dd75975795a340d82b6b88a46f7b52eb4da8297cf0a4a910403
68227,persistent_shift,none,zero_residual_frequency,0.0023607802173963854,0.0023606834378704367,9.677952594877581e-08,69.29630585932043,68.68121034666515,0.6150955126552731,0.001317009101207578,0.0012877376705190402,-2.927143068853777e-05,0.4101836838445645,0.41321949324177987,-0.003035809397215372,0.0008462286334752564,0.00046403815081407906,0.013947746428554335,0.01479284182342882,4,4,0,0,True,freq_hrl_no_promotion_v4,freq_lr3e4_std10_balanced,2026,2026,tuning_validation_mechanism_diagnostic,full_method_nested_hpo_v2,e71e450a28940aa51ea98625171e91a6efc840d2,79590490efcc7dd75975795a340d82b6b88a46f7b52eb4da8297cf0a4a910403
68207,persistent_shift,none,zero_residual_frequency,0.01775355694749936,0.01830229982154541,-0.0005487428740460487,221.48508748679944,223.31197157100823,-1.8268840842087855,0.000474588202177495,0.00047884466589676045,4.256463719265469e-06,0.7441942280574059,0.7457247284914007,-0.0015305004339948303,-0.0005597450612228828,-0.0004341240186326392,0.01439889339310159,0.010226981432060711,4,4,0,0,True,freq_hrl_no_promotion_v4,freq_lr3e4_std10_balanced,2039,2039,tuning_validation_mechanism_diagnostic,full_method_nested_hpo_v2,e71e450a28940aa51ea98625171e91a6efc840d2,79590490efcc7dd75975795a340d82b6b88a46f7b52eb4da8297cf0a4a910403
68209,persistent_shift,none,zero_residual_frequency,0.01481287471444559,0.01601285193475377,-0.0011999772203081793,175.69991018270264,180.26499312294146,-4.565082940238824,0.0008773269693015395,0.0008901057537088475,1.2778784407307953e-05,0.8585290833486448,0.8681057029132362,-0.009576619564591438,-0.0007136404747852416,-0.0004536259468833118,0.026881587245467624,0.01982239933212339,4,4,0,0,True,freq_hrl_no_promotion_v4,freq_lr3e4_std10_balanced,2039,2039,tuning_validation_mechanism_diagnostic,full_method_nested_hpo_v2,e71e450a28940aa51ea98625171e91a6efc840d2,79590490efcc7dd75975795a340d82b6b88a46f7b52eb4da8297cf0a4a910403
68213,persistent_shift,none,zero_residual_frequency,0.020925377084512586,0.02102038465473899,-9.500757022640194e-05,226.6620191502099,226.2706073439754,0.3914118062344869,0.0003685506193059629,0.00037182107640210127,3.2704570961383794e-06,0.9530309172244088,0.9617781296592252,-0.008747212434816354,-0.0004057319497374532,-0.0004937846672843137,0.02158012469614429,0.010909088681607197,4,4,0,0,True,freq_hrl_no_promotion_v4,freq_lr3e4_std10_balanced,2039,2039,tuning_validation_mechanism_diagnostic,full_method_nested_hpo_v2,e71e450a28940aa51ea98625171e91a6efc840d2,79590490efcc7dd75975795a340d82b6b88a46f7b52eb4da8297cf0a4a910403
68219,persistent_shift,none,zero_residual_frequency,0.01581129369204981,0.015931780199190948,-0.00012048650714113762,195.05228124536987,194.9805991905299,0.07168205483998236,0.0004889899391337105,0.000490367864095953,1.3779249622425382e-06,0.822397269235265,0.8258319845671613,-0.003434715331896321,-0.0005994887549920349,-0.0004761335175199867,0.017651525571758007,0.013506703334213752,4,4,0,0,True,freq_hrl_no_promotion_v4,freq_lr3e4_std10_balanced,2039,2039,tuning_validation_mechanism_diagnostic,full_method_nested_hpo_v2,e71e450a28940aa51ea98625171e91a6efc840d2,79590490efcc7dd75975795a340d82b6b88a46f7b52eb4da8297cf0a4a910403
68227,persistent_shift,none,zero_residual_frequency,0.013628213526619248,0.014532074976147058,-0.0009038614495278097,182.84433164394582,185.8764117359949,-3.0320800920490854,0.0004214947585748918,0.00040139933618843493,-2.0095422386456896e-05,0.7059282791731702,0.7160204853082706,-0.010092206135100312,-0.000640013102498603,-0.00039372952143172413,0.01873687879964968,0.014278050198400808,4,4,0,0,True,freq_hrl_no_promotion_v4,freq_lr3e4_std10_balanced,2039,2039,tuning_validation_mechanism_diagnostic,full_method_nested_hpo_v2,e71e450a28940aa51ea98625171e91a6efc840d2,79590490efcc7dd75975795a340d82b6b88a46f7b52eb4da8297cf0a4a910403
68207,persistent_shift,none,zero_residual_frequency,0.01678969555281995,0.01658383526092977,0.00020586029189018085,198.0789772327835,197.22623209928122,0.8527451335022818,0.0006889073604569029,0.0006562263333830254,-3.2681027073877544e-05,0.8075197474688984,0.8015882632622893,0.005931484206609161,-6.220843491048074e-05,3.9018366270177157e-05,0.01603490578135178,0.016607971320950633,4,4,0,0,True,freq_hrl_no_promotion_v4,freq_lr3e4_std10_balanced,2053,2053,tuning_validation_mechanism_diagnostic,full_method_nested_hpo_v2,e71e450a28940aa51ea98625171e91a6efc840d2,79590490efcc7dd75975795a340d82b6b88a46f7b52eb4da8297cf0a4a910403
68209,persistent_shift,none,zero_residual_frequency,0.015514900144477206,0.015318236593404144,0.00019666355107306188,182.09213546642448,181.0458770812224,1.0462583852020941,0.0010693954406613138,0.001073919506077492,4.5240654161782246e-06,0.9728459814192781,0.9704142097136631,0.002431771705615038,0.0002777204107410887,0.00011350251788280738,0.025039248138475363,0.024113329040119424,4,4,0,0,True,freq_hrl_no_promotion_v4,freq_lr3e4_std10_balanced,2053,2053,tuning_validation_mechanism_diagnostic,full_method_nested_hpo_v2,e71e450a28940aa51ea98625171e91a6efc840d2,79590490efcc7dd75975795a340d82b6b88a46f7b52eb4da8297cf0a4a910403
68213,persistent_shift,none,zero_residual_frequency,0.02246110317065919,0.022360803796454665,0.00010029937420452661,218.95924191000375,217.0879052286251,1.871336681378665,0.000793319291112704,0.0008209469666737856,2.7627675561081588e-05,1.0104575396366877,1.0163149527551603,-0.005857413118472543,-0.00021924540342885311,-4.213535561450473e-05,0.026395532264319226,0.027023799280868843,4,4,0,0,True,freq_hrl_no_promotion_v4,freq_lr3e4_std10_balanced,2053,2053,tuning_validation_mechanism_diagnostic,full_method_nested_hpo_v2,e71e450a28940aa51ea98625171e91a6efc840d2,79590490efcc7dd75975795a340d82b6b88a46f7b52eb4da8297cf0a4a910403
68219,persistent_shift,none,zero_residual_frequency,0.01650888675250295,0.016566052354547,-5.716560204405141e-05,198.98327641102682,197.21386758279283,1.769408828233992,0.0008739331697089625,0.0009219459972031885,4.8012827494225974e-05,0.8453108027998646,0.8681386553739192,-0.02282785257405462,-0.00015465882001515377,-6.523877241311738e-05,0.01806332860901926,0.019030270621361627,4,4,0,0,True,freq_hrl_no_promotion_v4,freq_lr3e4_std10_balanced,2053,2053,tuning_validation_mechanism_diagnostic,full_method_nested_hpo_v2,e71e450a28940aa51ea98625171e91a6efc840d2,79590490efcc7dd75975795a340d82b6b88a46f7b52eb4da8297cf0a4a910403
68227,persistent_shift,none,zero_residual_frequency,0.012935398114120922,0.01296536882860666,-2.9970714485738625e-05,183.4922219758168,181.46777053693424,2.0244514388825507,0.00042613946225922295,0.00044667323435121364,2.05337720919907e-05,0.7136972170002549,0.7272510910469854,-0.013553874046730474,-3.147546210768879e-05,7.562927677689677e-05,0.020750573059033037,0.02295954325010017,4,4,0,0,True,freq_hrl_no_promotion_v4,freq_lr3e4_std10_balanced,2053,2053,tuning_validation_mechanism_diagnostic,full_method_nested_hpo_v2,e71e450a28940aa51ea98625171e91a6efc840d2,79590490efcc7dd75975795a340d82b6b88a46f7b52eb4da8297cf0a4a910403
68207,ood_period,none,zero_residual_frequency,0.017778874708644254,0.017876779892232575,-9.790518358832045e-05,179.64254465603855,179.91325264450813,-0.27070798846958155,0.0004873952108186419,0.00048804887446618483,6.536636475429347e-07,0.7144022211382715,0.7148490467973776,-0.0004468256591061426,0.00025905193406570314,0.00038519235237333366,0.009905826929752948,0.011342966617343742,4,4,0,0,True,freq_hrl_no_promotion_v4,freq_lr3e4_std10_balanced,2026,7071,tuning_validation_mechanism_diagnostic,full_method_nested_hpo_v2,e71e450a28940aa51ea98625171e91a6efc840d2,79590490efcc7dd75975795a340d82b6b88a46f7b52eb4da8297cf0a4a910403
68209,ood_period,none,zero_residual_frequency,0.014314337141960065,0.014294330697307567,2.0006444652498345e-05,138.01465239929726,137.66842028736798,0.3462321119292824,0.0019071250980533527,0.0019123082746302922,5.183176576939452e-06,0.8467576156724219,0.8468650449732524,-0.00010742930083051938,0.0008810648038078579,0.0005017857113540561,0.017941225764661794,0.01911885785165295,4,4,0,0,True,freq_hrl_no_promotion_v4,freq_lr3e4_std10_balanced,2026,7071,tuning_validation_mechanism_diagnostic,full_method_nested_hpo_v2,e71e450a28940aa51ea98625171e91a6efc840d2,79590490efcc7dd75975795a340d82b6b88a46f7b52eb4da8297cf0a4a910403
68213,ood_period,none,zero_residual_frequency,0.02353257458661151,0.023701976357606513,-0.00016940177099500353,158.12841047564814,158.6760058816614,-0.5475954060132722,0.0011347077898272717,0.001133619449757095,-1.0883400701766632e-06,1.0212894939050319,1.0224856529563064,-0.0011961590512745701,0.00035473394457326756,0.0003876604247911188,0.017963411133880277,0.02209948252679573,4,4,0,0,True,freq_hrl_no_promotion_v4,freq_lr3e4_std10_balanced,2026,7071,tuning_validation_mechanism_diagnostic,full_method_nested_hpo_v2,e71e450a28940aa51ea98625171e91a6efc840d2,79590490efcc7dd75975795a340d82b6b88a46f7b52eb4da8297cf0a4a910403
68219,ood_period,none,zero_residual_frequency,0.012810823498956792,0.013005294778555498,-0.00019447127959870691,138.9419759808467,139.2378926915749,-0.2959167107281928,0.001135812559645788,0.0011685491847717167,3.2736625125928676e-05,0.7077926923299556,0.7143340092511361,-0.00654131692118054,0.0008421990355927721,0.0005725052367685733,0.012788132900136084,0.013761462394743122,4,4,0,0,True,freq_hrl_no_promotion_v4,freq_lr3e4_std10_balanced,2026,7071,tuning_validation_mechanism_diagnostic,full_method_nested_hpo_v2,e71e450a28940aa51ea98625171e91a6efc840d2,79590490efcc7dd75975795a340d82b6b88a46f7b52eb4da8297cf0a4a910403
68227,ood_period,none,zero_residual_frequency,0.014250193037595338,0.014400458161743845,-0.00015026512414850757,145.4552826191075,145.64655258320116,-0.1912699640936637,0.0009172983177642147,0.0009210686019354153,3.770284171200622e-06,0.8071346753426496,0.8127554224182965,-0.005620747075646859,0.0008018902430372496,0.0005747779644599572,0.015004860327058445,0.016861592558820523,4,4,0,0,True,freq_hrl_no_promotion_v4,freq_lr3e4_std10_balanced,2026,7071,tuning_validation_mechanism_diagnostic,full_method_nested_hpo_v2,e71e450a28940aa51ea98625171e91a6efc840d2,79590490efcc7dd75975795a340d82b6b88a46f7b52eb4da8297cf0a4a910403
68207,ood_period,none,zero_residual_frequency,0.0035920740125867656,0.003575506233164605,1.656777942216081e-05,130.9131856661993,132.66228099447022,-1.7490953282709256,0.0006475248995190253,0.0006165318737895165,-3.0993025729508794e-05,0.38999024490984524,0.37701934647428836,0.012970898435556877,0.00017392624142628527,4.936649150824456e-05,0.01425308850145181,0.011903294727785074,4,4,0,0,True,freq_hrl_no_promotion_v4,freq_lr3e4_std10_balanced,2039,7084,tuning_validation_mechanism_diagnostic,full_method_nested_hpo_v2,e71e450a28940aa51ea98625171e91a6efc840d2,79590490efcc7dd75975795a340d82b6b88a46f7b52eb4da8297cf0a4a910403
68209,ood_period,none,zero_residual_frequency,0.005740611401936047,0.005710764241147137,2.9847160788909477e-05,122.92196233478381,122.87663289238637,0.04532944239744552,0.0012128455916255998,0.0012029711431702506,-9.874448455349238e-06,0.5051125175955646,0.5036308884658969,0.0014816291296677608,-4.6620365173510175e-05,-0.0002576645380531817,0.02603819241865292,0.018579092791899007,4,4,0,0,True,freq_hrl_no_promotion_v4,freq_lr3e4_std10_balanced,2039,7084,tuning_validation_mechanism_diagnostic,full_method_nested_hpo_v2,e71e450a28940aa51ea98625171e91a6efc840d2,79590490efcc7dd75975795a340d82b6b88a46f7b52eb4da8297cf0a4a910403
68213,ood_period,none,zero_residual_frequency,0.009709416499186219,0.009776872828896055,-6.745632970983628e-05,147.4933099789992,147.92979251189257,-0.4364825328933648,0.0007718152571536407,0.0007715890191375419,-2.2623801609888972e-07,0.6408545383462191,0.6397840873386552,0.0010704510075638662,-0.00015538548584618383,-0.0001395569300374597,0.024894004368494885,0.018297511475490563,4,4,0,0,True,freq_hrl_no_promotion_v4,freq_lr3e4_std10_balanced,2039,7084,tuning_validation_mechanism_diagnostic,full_method_nested_hpo_v2,e71e450a28940aa51ea98625171e91a6efc840d2,79590490efcc7dd75975795a340d82b6b88a46f7b52eb4da8297cf0a4a910403
68219,ood_period,none,zero_residual_frequency,0.004553494882636011,0.004473486359527934,8.000852310807716e-05,118.29308340693593,117.8447283013373,0.4483551055986368,0.0008506991804925201,0.0008537815057596543,3.082325267134145e-06,0.4338857319166157,0.43229257673935806,0.0015931551772576658,0.0002957599961894014,-6.53359325602205e-05,0.02063723942030467,0.015931083775811,4,4,0,0,True,freq_hrl_no_promotion_v4,freq_lr3e4_std10_balanced,2039,7084,tuning_validation_mechanism_diagnostic,full_method_nested_hpo_v2,e71e450a28940aa51ea98625171e91a6efc840d2,79590490efcc7dd75975795a340d82b6b88a46f7b52eb4da8297cf0a4a910403
68227,ood_period,none,zero_residual_frequency,0.005541602622507913,0.005440578414920738,0.00010102420758717479,130.52342788117667,131.14509061164202,-0.6216627304653457,0.0007892299422993521,0.0007596700605975171,-2.955988170183499e-05,0.48579147972242775,0.47510231962354715,0.010689160098880601,6.287018787719657e-05,-0.0001478612970170146,0.024214598305924383,0.01878261478624255,4,4,0,0,True,freq_hrl_no_promotion_v4,freq_lr3e4_std10_balanced,2039,7084,tuning_validation_mechanism_diagnostic,full_method_nested_hpo_v2,e71e450a28940aa51ea98625171e91a6efc840d2,79590490efcc7dd75975795a340d82b6b88a46f7b52eb4da8297cf0a4a910403
68207,ood_period,none,zero_residual_frequency,0.019998920698706346,0.020312535475145665,-0.00031361477643931934,136.01966168082234,136.67754944067656,-0.6578877598542192,0.001067901191597942,0.0010806333280857228,1.273213648778082e-05,1.1853296881785076,1.1916968967224013,-0.006367208543893721,0.0013285012605482455,0.0009369116097590423,0.01611049902259967,0.018834248361721016,4,4,0,0,True,freq_hrl_no_promotion_v4,freq_lr3e4_std10_balanced,2053,7098,tuning_validation_mechanism_diagnostic,full_method_nested_hpo_v2,e71e450a28940aa51ea98625171e91a6efc840d2,79590490efcc7dd75975795a340d82b6b88a46f7b52eb4da8297cf0a4a910403
68209,ood_period,none,zero_residual_frequency,0.011789385708040001,0.012100718784298081,-0.00031133307625808015,97.82818154045526,99.54042124314239,-1.7122397026871283,0.002336200134010591,0.002348678111544822,1.2477977534230966e-05,1.2465407094375305,1.2461000368620923,0.0004406725754382279,0.002200046806615309,0.0009613786810811643,0.026902671148612476,0.03718288516910333,4,4,0,0,True,freq_hrl_no_promotion_v4,freq_lr3e4_std10_balanced,2053,7098,tuning_validation_mechanism_diagnostic,full_method_nested_hpo_v2,e71e450a28940aa51ea98625171e91a6efc840d2,79590490efcc7dd75975795a340d82b6b88a46f7b52eb4da8297cf0a4a910403
68213,ood_period,none,zero_residual_frequency,0.020778818269707067,0.02109416755724025,-0.00031534928753318425,126.93905925962395,127.39083098773006,-0.45177172810610955,0.0026089666782947996,0.0026708918805394832,6.192520224468367e-05,1.4271013484212887,1.4312368951943184,-0.004135546773029741,0.002094891661057192,0.0008866961752070957,0.027899727293535962,0.0354375178350084,4,4,0,0,True,freq_hrl_no_promotion_v4,freq_lr3e4_std10_balanced,2053,7098,tuning_validation_mechanism_diagnostic,full_method_nested_hpo_v2,e71e450a28940aa51ea98625171e91a6efc840d2,79590490efcc7dd75975795a340d82b6b88a46f7b52eb4da8297cf0a4a910403
68219,ood_period,none,zero_residual_frequency,0.011973609123036466,0.012236869263950734,-0.00026326014091426764,108.00314958368475,109.12694498096664,-1.1237953972818957,0.0026954159197203342,0.002693198879754277,-2.217039966057044e-06,1.1221424963644107,1.117889328588506,0.004253167775904565,0.0016421250459162796,0.0009565379484308596,0.018532159614551347,0.024779184197217953,4,4,0,0,True,freq_hrl_no_promotion_v4,freq_lr3e4_std10_balanced,2053,7098,tuning_validation_mechanism_diagnostic,full_method_nested_hpo_v2,e71e450a28940aa51ea98625171e91a6efc840d2,79590490efcc7dd75975795a340d82b6b88a46f7b52eb4da8297cf0a4a910403
68227,ood_period,none,zero_residual_frequency,0.01369700953020403,0.014015472206778012,-0.00031846267657398286,107.51293076659124,108.41111413531532,-0.8981833687240766,0.002290171108186856,0.0023470713492493855,5.6900241062529666e-05,1.2010948415355083,1.2093618433822606,-0.008267001846752331,0.001822038144455211,0.000948680562332117,0.02278501167254742,0.02804793601519325,4,4,0,0,True,freq_hrl_no_promotion_v4,freq_lr3e4_std10_balanced,2053,7098,tuning_validation_mechanism_diagnostic,full_method_nested_hpo_v2,e71e450a28940aa51ea98625171e91a6efc840d2,79590490efcc7dd75975795a340d82b6b88a46f7b52eb4da8297cf0a4a910403
68207,stationary_low_noise,none,zero_residual_frequency,0.00036396844061803435,0.00043184365718595963,-6.787521656792528e-05,20.759281963572253,24.47459786459979,-3.7153159010275374,0.0007219380258259855,0.0007096202697765008,-1.2317756049484707e-05,0.46728276517506784,0.4672527064818429,3.0058693224921385e-05,0.0004791384982985417,0.00034461844061589987,0.004933628747191203,0.005885759829996257,4,4,0,0,True,freq_hrl_no_promotion_v4,freq_lr3e4_std15_lowgate,2026,4044,tuning_validation_mechanism_diagnostic,full_method_nested_hpo_v2,e71e450a28940aa51ea98625171e91a6efc840d2,79590490efcc7dd75975795a340d82b6b88a46f7b52eb4da8297cf0a4a910403
68209,stationary_low_noise,none,zero_residual_frequency,1.4619798606396728e-05,8.725070137516333e-05,-7.26309027687666e-05,0.9277243454297002,5.427311689736144,-4.499587344306444,0.000719166473453825,0.0007092057365113424,-9.960736942482562e-06,0.4487584656964845,0.44911737929961515,-0.0003589136031306728,0.0005913172720550709,0.0003570990878230423,0.006710194124672044,0.007677163753154067,4,4,0,0,True,freq_hrl_no_promotion_v4,freq_lr3e4_std15_lowgate,2026,4044,tuning_validation_mechanism_diagnostic,full_method_nested_hpo_v2,e71e450a28940aa51ea98625171e91a6efc840d2,79590490efcc7dd75975795a340d82b6b88a46f7b52eb4da8297cf0a4a910403
68213,stationary_low_noise,none,zero_residual_frequency,0.001480144846000675,0.001567737516139145,-8.759267013846994e-05,83.49700882622196,87.35518760194243,-3.858178775720475,0.0002932805805091476,0.00029781801588535384,4.537435376206211e-06,0.571317064338903,0.5721363140325134,-0.0008192496936104687,0.0005563702453462968,0.00030893513667984234,0.0072396632321922675,0.008761921525001526,4,4,0,0,True,freq_hrl_no_promotion_v4,freq_lr3e4_std15_lowgate,2026,4044,tuning_validation_mechanism_diagnostic,full_method_nested_hpo_v2,e71e450a28940aa51ea98625171e91a6efc840d2,79590490efcc7dd75975795a340d82b6b88a46f7b52eb4da8297cf0a4a910403
68219,stationary_low_noise,none,zero_residual_frequency,0.0007072964286352068,0.0007392779266328642,-3.198149799765737e-05,40.402181541255985,42.11555395161761,-1.7133724103616288,0.00035404354068790944,0.0003608484811423729,6.804940454463448e-06,0.5031685917265131,0.5024039284693627,0.0007646632571504108,0.00051284234047958,0.0003342910732381312,0.005364045959302327,0.006354373074201349,4,4,0,0,True,freq_hrl_no_promotion_v4,freq_lr3e4_std15_lowgate,2026,4044,tuning_validation_mechanism_diagnostic,full_method_nested_hpo_v2,e71e450a28940aa51ea98625171e91a6efc840d2,79590490efcc7dd75975795a340d82b6b88a46f7b52eb4da8297cf0a4a910403
68227,stationary_low_noise,none,zero_residual_frequency,0.0006411457634631912,0.000693320582771273,-5.2174819308081766e-05,39.47444153169256,42.297918001172356,-2.823476469479793,0.00042439065381050245,0.0004136845709522552,-1.0706082858247257e-05,0.49027588165652136,0.4921513690325866,-0.0018754873760652435,0.0005102864511626632,0.0003441701614091974,0.0054419971909535686,0.005777932881836831,4,4,0,0,True,freq_hrl_no_promotion_v4,freq_lr3e4_std15_lowgate,2026,4044,tuning_validation_mechanism_diagnostic,full_method_nested_hpo_v2,e71e450a28940aa51ea98625171e91a6efc840d2,79590490efcc7dd75975795a340d82b6b88a46f7b52eb4da8297cf0a4a910403
68207,stationary_low_noise,none,zero_residual_frequency,-0.00013652890734427992,-0.00013329911823634077,-3.2297891079391405e-06,-432.2633470146578,-446.54584261548183,14.282495600824006,0.00013652890734427992,0.00013329911823634077,-3.2297891079391405e-06,0.012300573755259003,0.010966191879608268,0.001334381875650735,3.032991225446011e-05,4.3874497967162234e-06,0.000875709648751884,0.0010512972197931148,4,4,0,0,True,freq_hrl_no_promotion_v4,freq_lr3e4_std15_lowgate,2039,4057,tuning_validation_mechanism_diagnostic,full_method_nested_hpo_v2,e71e450a28940aa51ea98625171e91a6efc840d2,79590490efcc7dd75975795a340d82b6b88a46f7b52eb4da8297cf0a4a910403
68209,stationary_low_noise,none,zero_residual_frequency,-8.879306826914402e-05,-8.555662085663052e-05,-3.236447412513499e-06,-150.3139674004273,-148.16776443033334,-2.1462029700939524,8.879306826914402e-05,8.555662085663052e-05,-3.236447412513499e-06,0.019493524379595242,0.018281989533585827,0.0012115348460094155,-2.0497341831677524e-06,-1.2631622183890592e-05,0.001035008600220206,0.001107308139242175,4,4,0,0,True,freq_hrl_no_promotion_v4,freq_lr3e4_std15_lowgate,2039,4057,tuning_validation_mechanism_diagnostic,full_method_nested_hpo_v2,e71e450a28940aa51ea98625171e91a6efc840d2,79590490efcc7dd75975795a340d82b6b88a46f7b52eb4da8297cf0a4a910403
68213,stationary_low_noise,none,zero_residual_frequency,-0.0002072545721802932,-0.00020689271614104943,-3.6185603924376863e-07,-431.65736298349077,-447.54014095407894,15.882777970588165,0.0002072545721802932,0.00020689271614104943,-3.6185603924376863e-07,0.01740017847116663,0.01647849999335134,0.0009216784778152895,3.5376230396868747e-05,-2.6814274719326626e-06,0.0012356773176034294,0.0015454971550058062,4,4,0,0,True,freq_hrl_no_promotion_v4,freq_lr3e4_std15_lowgate,2039,4057,tuning_validation_mechanism_diagnostic,full_method_nested_hpo_v2,e71e450a28940aa51ea98625171e91a6efc840d2,79590490efcc7dd75975795a340d82b6b88a46f7b52eb4da8297cf0a4a910403
68219,stationary_low_noise,none,zero_residual_frequency,-0.00012355203410352456,-0.00011572140946913834,-7.830624634386218e-06,-435.8543551535812,-441.5746204140549,5.720265260473695,0.00012355203410352456,0.00011572140946913834,-7.830624634386218e-06,0.010576022478694314,0.009074914270685219,0.0015011082080090953,2.237811754098693e-05,4.90278301852103e-06,0.0008928664981245523,0.0010377569189952535,4,4,0,0,True,freq_hrl_no_promotion_v4,freq_lr3e4_std15_lowgate,2039,4057,tuning_validation_mechanism_diagnostic,full_method_nested_hpo_v2,e71e450a28940aa51ea98625171e91a6efc840d2,79590490efcc7dd75975795a340d82b6b88a46f7b52eb4da8297cf0a4a910403
68227,stationary_low_noise,none,zero_residual_frequency,-0.00011295834131141991,-0.00011131487608995183,-1.6434652214680767e-06,-440.5576721051461,-439.77370253741884,-0.7839695677272402,0.00011295834131141991,0.00011131487608995183,-1.6434652214680767e-06,0.009579795670348695,0.008757123229499092,0.0008226724408496033,3.7466114588585755e-05,1.3092556784376873e-05,0.0009357530408117833,0.001118477750094371,4,4,0,0,True,freq_hrl_no_promotion_v4,freq_lr3e4_std15_lowgate,2039,4057,tuning_validation_mechanism_diagnostic,full_method_nested_hpo_v2,e71e450a28940aa51ea98625171e91a6efc840d2,79590490efcc7dd75975795a340d82b6b88a46f7b52eb4da8297cf0a4a910403
68207,stationary_low_noise,none,zero_residual_frequency,0.0017766561313641294,0.0017677438135688117,8.912317795317648e-06,79.44088603047047,78.38289832839357,1.0579877020769004,0.0004508012593376076,0.0004559631077432069,5.161848405599301e-06,0.5436468114681976,0.5508639202088716,-0.00721710874067405,0.0005031047440277369,0.00042316707798029774,0.006982625962498584,0.007372121811527499,4,4,0,0,True,freq_hrl_no_promotion_v4,freq_lr3e4_std15_lowgate,2053,4071,tuning_validation_mechanism_diagnostic,full_method_nested_hpo_v2,e71e450a28940aa51ea98625171e91a6efc840d2,79590490efcc7dd75975795a340d82b6b88a46f7b52eb4da8297cf0a4a910403
68209,stationary_low_noise,none,zero_residual_frequency,0.0009102343834395121,0.0008950287100220056,1.520567341750656e-05,40.89553556555017,40.645134129039434,0.2504014365107352,0.0004979339764336066,0.0005045902254717793,6.656249038172746e-06,0.5759336316089431,0.5724825027192155,0.0034511288897275394,0.0005260001762226528,0.0004336003678287986,0.010115076617593229,0.010376305440149735,4,4,0,0,True,freq_hrl_no_promotion_v4,freq_lr3e4_std15_lowgate,2053,4071,tuning_validation_mechanism_diagnostic,full_method_nested_hpo_v2,e71e450a28940aa51ea98625171e91a6efc840d2,79590490efcc7dd75975795a340d82b6b88a46f7b52eb4da8297cf0a4a910403
68213,stationary_low_noise,none,zero_residual_frequency,0.004071924574585717,0.0040316034847869275,4.0321089798789345e-05,151.48459327051617,149.90307476875387,1.5815185017623037,0.00019126098937094493,0.00019907484097225758,7.813851601312649e-06,0.6496523845085527,0.6515321123185442,-0.0018797278099915715,0.00043684559749776995,0.0003760428296546481,0.01107544693344001,0.012689961838704118,4,4,0,0,True,freq_hrl_no_promotion_v4,freq_lr3e4_std15_lowgate,2053,4071,tuning_validation_mechanism_diagnostic,full_method_nested_hpo_v2,e71e450a28940aa51ea98625171e91a6efc840d2,79590490efcc7dd75975795a340d82b6b88a46f7b52eb4da8297cf0a4a910403
68219,stationary_low_noise,none,zero_residual_frequency,0.0021549935420848154,0.002191163883486613,-3.6170341401797756e-05,98.61255097371533,99.79846948972559,-1.1859185160102612,0.0002679079984408972,0.000268144761941036,2.3676350013879244e-07,0.5685859547641284,0.5683605208043724,0.00022543395975604952,0.00044026714331006904,0.00041239111391906577,0.007095371675030846,0.007067766772039855,4,4,0,0,True,freq_hrl_no_promotion_v4,freq_lr3e4_std15_lowgate,2053,4071,tuning_validation_mechanism_diagnostic,full_method_nested_hpo_v2,e71e450a28940aa51ea98625171e91a6efc840d2,79590490efcc7dd75975795a340d82b6b88a46f7b52eb4da8297cf0a4a910403
68227,stationary_low_noise,none,zero_residual_frequency,0.002265853220796421,0.0022462128242901613,1.9640396506259705e-05,98.90731480132054,98.3410554791322,0.5662593221883441,0.0003368598916970722,0.00033744320347406376,5.833117769915575e-07,0.5664371487771658,0.5660960822108488,0.00034106656631693877,0.0004393250653356624,0.0004303869120158134,0.007753317715145789,0.008428789152821992,4,4,0,0,True,freq_hrl_no_promotion_v4,freq_lr3e4_std15_lowgate,2053,4071,tuning_validation_mechanism_diagnostic,full_method_nested_hpo_v2,e71e450a28940aa51ea98625171e91a6efc840d2,79590490efcc7dd75975795a340d82b6b88a46f7b52eb4da8297cf0a4a910403
68207,persistent_shift,none,zero_residual_frequency,0.004958797145050209,0.004977713586820087,-1.891644176987839e-05,142.02568463025688,139.3997602091841,2.6259244210727672,0.00041870702507129653,0.00045691642038026004,3.82093953089635e-05,0.3386074175723325,0.35132172918378807,-0.012714311611455587,0.00032453779100631195,0.0001968385982924207,0.010713224196620607,0.010943615611904534,4,4,0,0,True,freq_hrl_no_promotion_v4,freq_lr3e4_std15_lowgate,2026,2026,tuning_validation_mechanism_diagnostic,full_method_nested_hpo_v2,e71e450a28940aa51ea98625171e91a6efc840d2,79590490efcc7dd75975795a340d82b6b88a46f7b52eb4da8297cf0a4a910403
68209,persistent_shift,none,zero_residual_frequency,0.004025247230133644,0.004052476599417876,-2.7229369284231808e-05,107.32600541223478,107.70239695349981,-0.37639154126503627,0.0014298715075586887,0.0014282506286704688,-1.6208788882199343e-06,0.48816098141854286,0.49043919371751243,-0.002278212298969573,0.0005096635414625491,0.00018936254627953636,0.017406117919017562,0.017125637144393597,4,4,0,0,True,freq_hrl_no_promotion_v4,freq_lr3e4_std15_lowgate,2026,2026,tuning_validation_mechanism_diagnostic,full_method_nested_hpo_v2,e71e450a28940aa51ea98625171e91a6efc840d2,79590490efcc7dd75975795a340d82b6b88a46f7b52eb4da8297cf0a4a910403
68213,persistent_shift,none,zero_residual_frequency,0.01133444928681504,0.011333286819323662,1.1624674913779387e-06,204.18732435276883,204.10053892784555,0.08678542492327779,0.0004698029596293951,0.00047879037989739803,8.987420268002921e-06,0.5180098148232833,0.5155678627752103,0.0024419520480730705,0.00035355041542686045,0.00014270777418589784,0.01288194457075507,0.014031084593605355,4,4,0,0,True,freq_hrl_no_promotion_v4,freq_lr3e4_std15_lowgate,2026,2026,tuning_validation_mechanism_diagnostic,full_method_nested_hpo_v2,e71e450a28940aa51ea98625171e91a6efc840d2,79590490efcc7dd75975795a340d82b6b88a46f7b52eb4da8297cf0a4a910403
68219,persistent_shift,none,zero_residual_frequency,0.006173666278765921,0.00608486775020789,8.879852855803172e-05,161.0058665819366,156.98700517817443,4.018861403762173,0.0007881904334742229,0.000840801343306441,5.2610909832218056e-05,0.3886938062818448,0.4072909301912483,-0.01859712390940349,0.00022279792065372627,0.00017203584151591193,0.01373524297378026,0.01481056036427617,4,4,0,0,True,freq_hrl_no_promotion_v4,freq_lr3e4_std15_lowgate,2026,2026,tuning_validation_mechanism_diagnostic,full_method_nested_hpo_v2,e71e450a28940aa51ea98625171e91a6efc840d2,79590490efcc7dd75975795a340d82b6b88a46f7b52eb4da8297cf0a4a910403
68227,persistent_shift,none,zero_residual_frequency,0.0021114946463562934,0.002191987162521114,-8.049251616482067e-05,69.76439158050196,71.77575093557935,-2.0113593550773885,0.0011834905415303298,0.0011436802829514203,-3.981025857890952e-05,0.4039492105477553,0.4065008466497837,-0.0025516361020284095,0.00047049388886289366,0.00022260493871727573,0.014473286741526358,0.01502852776417664,4,4,0,0,True,freq_hrl_no_promotion_v4,freq_lr3e4_std15_lowgate,2026,2026,tuning_validation_mechanism_diagnostic,full_method_nested_hpo_v2,e71e450a28940aa51ea98625171e91a6efc840d2,79590490efcc7dd75975795a340d82b6b88a46f7b52eb4da8297cf0a4a910403
68207,persistent_shift,none,zero_residual_frequency,0.015148893546153896,0.015763513879165858,-0.0006146203330119615,233.2107228258421,235.29890911586094,-2.0881862900188253,0.0003665920736418693,0.0003785681054920831,1.1976031850213786e-05,0.5341917636220356,0.5350018483293351,-0.0008100847072994855,-0.00015690945398140203,-0.000157872932122012,0.013847718487927018,0.009920599749117779,4,4,0,0,True,freq_hrl_no_promotion_v4,freq_lr3e4_std15_lowgate,2039,2039,tuning_validation_mechanism_diagnostic,full_method_nested_hpo_v2,e71e450a28940aa51ea98625171e91a6efc840d2,79590490efcc7dd75975795a340d82b6b88a46f7b52eb4da8297cf0a4a910403
68209,persistent_shift,none,zero_residual_frequency,0.014448455025485973,0.015584184954577252,-0.0011357299290912781,193.79649330684103,198.01178066868212,-4.215287361841092,0.0007461219882868297,0.0007537555275234364,7.633539236606701e-06,0.6386967526191696,0.6466069799356495,-0.007910227316479945,-0.00040340900114660275,-0.00022385975405839968,0.026338176121054047,0.02023188957051995,4,4,0,0,True,freq_hrl_no_promotion_v4,freq_lr3e4_std15_lowgate,2039,2039,tuning_validation_mechanism_diagnostic,full_method_nested_hpo_v2,e71e450a28940aa51ea98625171e91a6efc840d2,79590490efcc7dd75975795a340d82b6b88a46f7b52eb4da8297cf0a4a910403
68213,persistent_shift,none,zero_residual_frequency,0.01934450131523957,0.01951756378929237,-0.00017306247405279862,236.5433402140548,236.73785765255525,-0.19451743850044068,0.0002936653587193305,0.0002901350711977946,-3.5302875215359464e-06,0.6961882913606201,0.7003417966687628,-0.004153505308142735,-8.743205533213444e-05,-0.00023397594833721345,0.021614248250585257,0.012383752291983303,4,4,0,0,True,freq_hrl_no_promotion_v4,freq_lr3e4_std15_lowgate,2039,2039,tuning_validation_mechanism_diagnostic,full_method_nested_hpo_v2,e71e450a28940aa51ea98625171e91a6efc840d2,79590490efcc7dd75975795a340d82b6b88a46f7b52eb4da8297cf0a4a910403
68219,persistent_shift,none,zero_residual_frequency,0.013934411309784345,0.01406897791694739,-0.0001345666071630447,212.5446942349709,212.3755121901889,0.16918204478199073,0.0004502588504539107,0.0004594720721604606,9.213221706549923e-06,0.5913392346612398,0.5943528203664054,-0.0030135857051655224,-0.0001858005050207516,-0.00019010130838345373,0.017572461101897512,0.014302850414727194,4,4,0,0,True,freq_hrl_no_promotion_v4,freq_lr3e4_std15_lowgate,2039,2039,tuning_validation_mechanism_diagnostic,full_method_nested_hpo_v2,e71e450a28940aa51ea98625171e91a6efc840d2,79590490efcc7dd75975795a340d82b6b88a46f7b52eb4da8297cf0a4a910403
68227,persistent_shift,none,zero_residual_frequency,0.011866597875502816,0.012728462825053244,-0.0008618649495504282,198.69582237128932,201.6656596798143,-2.9698373085249727,0.0003176280103839302,0.00034187092467075075,2.424291428682057e-05,0.5000618517137935,0.5057730563882555,-0.005711204674462067,-0.00026990454225442513,-0.00013286919135342256,0.017974507768586688,0.013675676878645189,4,4,0,0,True,freq_hrl_no_promotion_v4,freq_lr3e4_std15_lowgate,2039,2039,tuning_validation_mechanism_diagnostic,full_method_nested_hpo_v2,e71e450a28940aa51ea98625171e91a6efc840d2,79590490efcc7dd75975795a340d82b6b88a46f7b52eb4da8297cf0a4a910403
68207,persistent_shift,none,zero_residual_frequency,0.012392106758005061,0.012202307756840947,0.00018979900116411486,187.5113235125347,186.77534286992338,0.7359806426113096,0.0005491548170361016,0.0005378456202793647,-1.1309196756736917e-05,0.6870258434415466,0.683076124898117,0.003949718543429626,-0.00021430339617771216,4.765106323985448e-05,0.014311542458300313,0.014864772144533666,4,4,0,0,True,freq_hrl_no_promotion_v4,freq_lr3e4_std15_lowgate,2053,2053,tuning_validation_mechanism_diagnostic,full_method_nested_hpo_v2,e71e450a28940aa51ea98625171e91a6efc840d2,79590490efcc7dd75975795a340d82b6b88a46f7b52eb4da8297cf0a4a910403
68209,persistent_shift,none,zero_residual_frequency,0.01230328685156934,0.012103707951710119,0.00019957889985922073,178.46141379339616,177.7723225004535,0.6890912929426634,0.0007880839546511309,0.0007961092065984499,8.025251947318957e-06,0.7861888985687042,0.7806100827181829,0.005578815850521335,3.289233821997966e-05,9.864990790306203e-05,0.021141037181789415,0.020886085008937193,4,4,0,0,True,freq_hrl_no_promotion_v4,freq_lr3e4_std15_lowgate,2053,2053,tuning_validation_mechanism_diagnostic,full_method_nested_hpo_v2,e71e450a28940aa51ea98625171e91a6efc840d2,79590490efcc7dd75975795a340d82b6b88a46f7b52eb4da8297cf0a4a910403
68213,persistent_shift,none,zero_residual_frequency,0.017490544809532826,0.01734412910437766,0.00014641570515516733,211.96312303908428,210.43146401258784,1.5316590264964418,0.0006985351664163808,0.0007160107432897522,1.7475576873371423e-05,0.8893874586691382,0.8890331790569095,0.00035427961222866955,-0.0004284378278864659,3.638163813975049e-05,0.021061790345508296,0.02269184891653519,4,4,0,0,True,freq_hrl_no_promotion_v4,freq_lr3e4_std15_lowgate,2053,2053,tuning_validation_mechanism_diagnostic,full_method_nested_hpo_v2,e71e450a28940aa51ea98625171e91a6efc840d2,79590490efcc7dd75975795a340d82b6b88a46f7b52eb4da8297cf0a4a910403
68219,persistent_shift,none,zero_residual_frequency,0.012420422861982416,0.012366437949041353,5.3984912941063e-05,188.91847928599202,187.40562637610233,1.5128529098896877,0.0005750599086147279,0.0006021458723006745,2.7085963685946624e-05,0.7490547040348089,0.7616994724685797,-0.012644768433770825,-0.0003316738518690255,3.0496769023094656e-05,0.016266986895465785,0.01774664459080668,4,4,0,0,True,freq_hrl_no_promotion_v4,freq_lr3e4_std15_lowgate,2053,2053,tuning_validation_mechanism_diagnostic,full_method_nested_hpo_v2,e71e450a28940aa51ea98625171e91a6efc840d2,79590490efcc7dd75975795a340d82b6b88a46f7b52eb4da8297cf0a4a910403
68227,persistent_shift,none,zero_residual_frequency,0.009687572979726111,0.00963620122002462,5.137175970149066e-05,175.46818401332277,172.90924522500728,2.558938788315487,0.00029366325797641757,0.00037108494747395415,7.742168949753658e-05,0.5971701218005365,0.6079950257544001,-0.010824903953863596,-0.00027727153346740084,6.300972766510672e-05,0.01936367891329509,0.02152752438204415,4,4,0,0,True,freq_hrl_no_promotion_v4,freq_lr3e4_std15_lowgate,2053,2053,tuning_validation_mechanism_diagnostic,full_method_nested_hpo_v2,e71e450a28940aa51ea98625171e91a6efc840d2,79590490efcc7dd75975795a340d82b6b88a46f7b52eb4da8297cf0a4a910403
68207,ood_period,none,zero_residual_frequency,0.013556416622088285,0.013588138134282168,-3.172151219388297e-05,178.74378143973018,178.86694607620962,-0.1231646364794301,0.0003480933039133882,0.0003537717061402601,5.6784022268718815e-06,0.5441163719094345,0.5439550845291443,0.00016128738029019818,-2.9525767535568196e-05,0.00013593476183383727,0.007794069704484879,0.00969622544265197,4,4,0,0,True,freq_hrl_no_promotion_v4,freq_lr3e4_std15_lowgate,2026,7071,tuning_validation_mechanism_diagnostic,full_method_nested_hpo_v2,e71e450a28940aa51ea98625171e91a6efc840d2,79590490efcc7dd75975795a340d82b6b88a46f7b52eb4da8297cf0a4a910403
68209,ood_period,none,zero_residual_frequency,0.010909471860117481,0.010878347554541534,3.112430557594692e-05,141.00003314944158,140.74328562338346,0.25674752605812046,0.0014579891878314655,0.0014640398167447,6.05062891323449e-06,0.6668735450132368,0.663891018492005,0.0029825265212317653,0.0002957077800577808,0.00014170627239138138,0.011015841913629427,0.01366924343811762,4,4,0,0,True,freq_hrl_no_promotion_v4,freq_lr3e4_std15_lowgate,2026,7071,tuning_validation_mechanism_diagnostic,full_method_nested_hpo_v2,e71e450a28940aa51ea98625171e91a6efc840d2,79590490efcc7dd75975795a340d82b6b88a46f7b52eb4da8297cf0a4a910403
68213,ood_period,none,zero_residual_frequency,0.018335544929660497,0.01847635236991052,-0.00014080744025002367,158.59011392448943,158.93805594406388,-0.3479420195744467,0.0010769009753403003,0.0010820430352852517,5.142059944951427e-06,0.7994198121600358,0.8037779056165246,-0.004358093456488854,0.00012086288903088222,0.00017012934288462817,0.010409034320804898,0.013666603720533506,4,4,0,0,True,freq_hrl_no_promotion_v4,freq_lr3e4_std15_lowgate,2026,7071,tuning_validation_mechanism_diagnostic,full_method_nested_hpo_v2,e71e450a28940aa51ea98625171e91a6efc840d2,79590490efcc7dd75975795a340d82b6b88a46f7b52eb4da8297cf0a4a910403
68219,ood_period,none,zero_residual_frequency,0.009924623041966507,0.010127284605482512,-0.0002026615635160045,143.15046275204767,143.39370888574456,-0.24324613369688564,0.0008231999860415229,0.0008378635219309372,1.466353588941427e-05,0.5214652996038245,0.527543705583031,-0.006078405979206503,0.0003295683307061107,0.00022460358163197986,0.007178202868898451,0.008393528354968616,4,4,0,0,True,freq_hrl_no_promotion_v4,freq_lr3e4_std15_lowgate,2026,7071,tuning_validation_mechanism_diagnostic,full_method_nested_hpo_v2,e71e450a28940aa51ea98625171e91a6efc840d2,79590490efcc7dd75975795a340d82b6b88a46f7b52eb4da8297cf0a4a910403
68227,ood_period,none,zero_residual_frequency,0.01112372415313434,0.011318476335061556,-0.00019475218192721577,149.10751932629088,149.31588753219293,-0.20836820590204752,0.0007302840750683659,0.0007519294850496516,2.1645409981285724e-05,0.5964578695024785,0.6026942310596406,-0.006236361557162118,0.0002624054963568388,0.0002150139572675725,0.00922397421442535,0.011017578887791995,4,4,0,0,True,freq_hrl_no_promotion_v4,freq_lr3e4_std15_lowgate,2026,7071,tuning_validation_mechanism_diagnostic,full_method_nested_hpo_v2,e71e450a28940aa51ea98625171e91a6efc840d2,79590490efcc7dd75975795a340d82b6b88a46f7b52eb4da8297cf0a4a910403
68207,ood_period,none,zero_residual_frequency,0.0033400376555459133,0.0032282736444830817,0.00011176401106283151,127.67769710999977,128.33444206079434,-0.6567449507945753,0.000622626783051472,0.0005818088969080648,-4.08178861434072e-05,0.3604998853950476,0.3455262464359726,0.014973638959075053,-3.617674750338986e-05,-8.088044034819066e-05,0.013351380785752553,0.01211105552696002,4,4,0,0,True,freq_hrl_no_promotion_v4,freq_lr3e4_std15_lowgate,2039,7084,tuning_validation_mechanism_diagnostic,full_method_nested_hpo_v2,e71e450a28940aa51ea98625171e91a6efc840d2,79590490efcc7dd75975795a340d82b6b88a46f7b52eb4da8297cf0a4a910403
68209,ood_period,none,zero_residual_frequency,0.0055880487264756695,0.005510466850978668,7.758187549700146e-05,123.97123773025906,124.0755114262784,-0.10427369601933378,0.0010770481396755738,0.0010477425242173544,-2.9305615458219414e-05,0.47328476683938014,0.4653069571209541,0.007977809718426043,4.245354895265466e-05,-0.0001840692513104842,0.021155969736557582,0.015531083643145394,4,4,0,0,True,freq_hrl_no_promotion_v4,freq_lr3e4_std15_lowgate,2039,7084,tuning_validation_mechanism_diagnostic,full_method_nested_hpo_v2,e71e450a28940aa51ea98625171e91a6efc840d2,79590490efcc7dd75975795a340d82b6b88a46f7b52eb4da8297cf0a4a910403
68213,ood_period,none,zero_residual_frequency,0.009560535687588523,0.009636084711748483,-7.55490241599599e-05,151.62736441962238,152.34615839348936,-0.7187939738669797,0.0006712212049899691,0.0006446755294586826,-2.6545675531286506e-05,0.5790001725341174,0.5785317205001789,0.00046845203393852675,-0.0002586310234595217,-0.0001480661265534414,0.019122925657413567,0.014966021144937258,4,4,0,0,True,freq_hrl_no_promotion_v4,freq_lr3e4_std15_lowgate,2039,7084,tuning_validation_mechanism_diagnostic,full_method_nested_hpo_v2,e71e450a28940aa51ea98625171e91a6efc840d2,79590490efcc7dd75975795a340d82b6b88a46f7b52eb4da8297cf0a4a910403
68219,ood_period,none,zero_residual_frequency,0.004408196751359839,0.004415750598760315,-7.553847400476599e-06,122.11850595213265,121.75644652065756,0.3620594314750889,0.0007653265351524885,0.000759167253575832,-6.159281576656461e-06,0.3838927227989136,0.39033237146855504,-0.006439648669641418,4.826157412597667e-05,-0.00013297774485324115,0.01567957138653987,0.012396223819652934,4,4,0,0,True,freq_hrl_no_promotion_v4,freq_lr3e4_std15_lowgate,2039,7084,tuning_validation_mechanism_diagnostic,full_method_nested_hpo_v2,e71e450a28940aa51ea98625171e91a6efc840d2,79590490efcc7dd75975795a340d82b6b88a46f7b52eb4da8297cf0a4a910403
68227,ood_period,none,zero_residual_frequency,0.005253059224650025,0.005262637231907119,-9.578007257093901e-06,131.65766681462742,131.72787488271737,-0.07020806808995417,0.0006416879767835448,0.0006599671910445526,1.827921426100776e-05,0.4344502533342241,0.4372421064448947,-0.0027918531106705946,-8.35866799790251e-05,-0.00015313084822318922,0.018907532007304124,0.014641048676761177,4,4,0,0,True,freq_hrl_no_promotion_v4,freq_lr3e4_std15_lowgate,2039,7084,tuning_validation_mechanism_diagnostic,full_method_nested_hpo_v2,e71e450a28940aa51ea98625171e91a6efc840d2,79590490efcc7dd75975795a340d82b6b88a46f7b52eb4da8297cf0a4a910403
68207,ood_period,none,zero_residual_frequency,0.018247285256062895,0.018492196629261493,-0.00024491137319859746,140.85584283357184,141.45522065723407,-0.5993778236622234,0.0009459510804160631,0.0009470069029930972,1.0558225770340712e-06,0.9931690901000938,0.9949691440907446,-0.0018000539906507518,0.0005966545274877365,0.0004515148843168207,0.0156160457193942,0.016752637625581376,4,4,0,0,True,freq_hrl_no_promotion_v4,freq_lr3e4_std15_lowgate,2053,7098,tuning_validation_mechanism_diagnostic,full_method_nested_hpo_v2,e71e450a28940aa51ea98625171e91a6efc840d2,79590490efcc7dd75975795a340d82b6b88a46f7b52eb4da8297cf0a4a910403
68209,ood_period,none,zero_residual_frequency,0.01164603219115179,0.011806378888465252,-0.00016034669731346263,108.37342702552702,109.7992698437664,-1.4258428182393743,0.0019025338435684214,0.0019415781769606122,3.904433339219082e-05,1.0434874432934234,1.034144267083518,0.009343176209905435,0.0011056897731542168,0.00041383653775382313,0.024115177397874908,0.029584236914848183,4,4,0,0,True,freq_hrl_no_promotion_v4,freq_lr3e4_std15_lowgate,2053,7098,tuning_validation_mechanism_diagnostic,full_method_nested_hpo_v2,e71e450a28940aa51ea98625171e91a6efc840d2,79590490efcc7dd75975795a340d82b6b88a46f7b52eb4da8297cf0a4a910403
68213,ood_period,none,zero_residual_frequency,0.019625694806661542,0.019919278929943385,-0.0002935841232818426,134.85128464517533,135.03071853026438,-0.179433885089054,0.0021648067275645833,0.0022154819538754422,5.067522631085897e-05,1.2021205716625962,1.2096987680830433,-0.007578196420447103,0.0010707266322487721,0.00040518236330635947,0.023538792241500534,0.027126586084098864,4,4,0,0,True,freq_hrl_no_promotion_v4,freq_lr3e4_std15_lowgate,2053,7098,tuning_validation_mechanism_diagnostic,full_method_nested_hpo_v2,e71e450a28940aa51ea98625171e91a6efc840d2,79590490efcc7dd75975795a340d82b6b88a46f7b52eb4da8297cf0a4a910403
68219,ood_period,none,zero_residual_frequency,0.011524201379503163,0.011670909424418285,-0.00014670804491512257,117.25346135153329,118.1542225888989,-0.9007612373656144,0.0021225946546789,0.002094208376842821,-2.8386277836078833e-05,0.9268430206954057,0.920918793012554,0.005924227682851724,0.0008132151277579105,0.00044549006369815276,0.015268988639258574,0.017472409916485455,4,4,0,0,True,freq_hrl_no_promotion_v4,freq_lr3e4_std15_lowgate,2053,7098,tuning_validation_mechanism_diagnostic,full_method_nested_hpo_v2,e71e450a28940aa51ea98625171e91a6efc840d2,79590490efcc7dd75975795a340d82b6b88a46f7b52eb4da8297cf0a4a910403
68227,ood_period,none,zero_residual_frequency,0.01292386271635948,0.013122816600101173,-0.00019895388374169265,115.15063892044336,115.63571473054304,-0.48507581009968703,0.0017912367359284032,0.001853336281727569,6.209954579916577e-05,0.9900877048612766,0.9970097719568608,-0.006922067095584183,0.0007931857860351888,0.0003933483182344254,0.0193291783859119,0.01998752167306116,4,4,0,0,True,freq_hrl_no_promotion_v4,freq_lr3e4_std15_lowgate,2053,7098,tuning_validation_mechanism_diagnostic,full_method_nested_hpo_v2,e71e450a28940aa51ea98625171e91a6efc840d2,79590490efcc7dd75975795a340d82b6b88a46f7b52eb4da8297cf0a4a910403
68207,stationary_low_noise,none,zero_residual_frequency,-0.0001746036100300774,-0.00016417439166815928,-1.0429218361918124e-05,-275.90325251164387,-278.33038663225574,2.4271341206118677,0.0001746036100300774,0.00016417439166815928,-1.0429218361918124e-05,0.01847436843187563,0.017067760109065154,0.0014066083228104764,2.7831573047231817e-05,8.180309541899162e-06,0.0008146136563760188,0.0009450334545742105,4,4,0,0,True,freq_hrl_no_leakage_v4,freq_lr1e4_std05_exploratory,2026,4044,tuning_validation_mechanism_diagnostic,full_method_nested_hpo_v2,e71e450a28940aa51ea98625171e91a6efc840d2,79590490efcc7dd75975795a340d82b6b88a46f7b52eb4da8297cf0a4a910403
68209,stationary_low_noise,none,zero_residual_frequency,-0.00019538669769458838,-0.0001609177595364164,-3.446893815817198e-05,-333.28035292753697,-336.7490162299608,3.4686633024238063,0.00019538669769458838,0.0001609177595364164,-3.446893815817198e-05,0.0222751189308971,0.02111794485895304,0.0011571740719440587,5.607367178189566e-06,-1.3200893196559344e-05,0.0010674624336192867,0.0011422426171154461,4,4,0,0,True,freq_hrl_no_leakage_v4,freq_lr1e4_std05_exploratory,2026,4044,tuning_validation_mechanism_diagnostic,full_method_nested_hpo_v2,e71e450a28940aa51ea98625171e91a6efc840d2,79590490efcc7dd75975795a340d82b6b88a46f7b52eb4da8297cf0a4a910403
68213,stationary_low_noise,none,zero_residual_frequency,-0.00012983968243507338,-9.132762647667825e-05,-3.851205595839513e-05,-276.80476091267394,-205.6541935356634,-71.15056737701053,0.00012983968243507338,9.132762647667825e-05,-3.851205595839513e-05,0.028605217025272488,0.02646091374662319,0.0021443032786492983,1.7887301801591968e-05,-5.423018438202478e-06,0.0010681254105116345,0.001299313645409307,4,4,0,0,True,freq_hrl_no_leakage_v4,freq_lr1e4_std05_exploratory,2026,4044,tuning_validation_mechanism_diagnostic,full_method_nested_hpo_v2,e71e450a28940aa51ea98625171e91a6efc840d2,79590490efcc7dd75975795a340d82b6b88a46f7b52eb4da8297cf0a4a910403
68219,stationary_low_noise,none,zero_residual_frequency,-0.000124541561444369,-0.00010162956250303612,-2.291199894133289e-05,-345.2503128318962,-338.84715688028547,-6.403155951610756,0.000124541561444369,0.00010162956250303612,-2.291199894133289e-05,0.018800639361701933,0.017473031126984874,0.0013276082347170592,2.4719681366395012e-05,4.018979220565676e-06,0.0008182072640295246,0.0009382556417714719,4,4,0,0,True,freq_hrl_no_leakage_v4,freq_lr1e4_std05_exploratory,2026,4044,tuning_validation_mechanism_diagnostic,full_method_nested_hpo_v2,e71e450a28940aa51ea98625171e91a6efc840d2,79590490efcc7dd75975795a340d82b6b88a46f7b52eb4da8297cf0a4a910403
68227,stationary_low_noise,none,zero_residual_frequency,-0.00015579176861024724,-0.00014565581429992758,-1.0135954310319661e-05,-271.7603813674159,-281.09758525126443,9.337203883848531,0.00015579176861024724,0.00014565581429992758,-1.0135954310319661e-05,0.018464407913911515,0.017294771194872154,0.001169636719039361,2.9040736456555258e-05,3.4177363641246694e-06,0.0009020380653813239,0.0010427564152223566,4,4,0,0,True,freq_hrl_no_leakage_v4,freq_lr1e4_std05_exploratory,2026,4044,tuning_validation_mechanism_diagnostic,full_method_nested_hpo_v2,e71e450a28940aa51ea98625171e91a6efc840d2,79590490efcc7dd75975795a340d82b6b88a46f7b52eb4da8297cf0a4a910403
68207,stationary_low_noise,none,zero_residual_frequency,-4.233818402477052e-05,-4.128939769598716e-05,-1.0487863287833576e-06,-39.561378047392495,-37.737921777265576,-1.8234562701269184,0.00010918416689231769,0.00011049607951596485,1.31191262364716e-06,0.033817413781871794,0.03393865444481106,-0.00012124066293926761,8.630032380867194e-05,4.55994100195562e-05,0.0009941744228828813,0.0011763131371683106,4,4,0,0,True,freq_hrl_no_leakage_v4,freq_lr1e4_std05_exploratory,2039,4057,tuning_validation_mechanism_diagnostic,full_method_nested_hpo_v2,e71e450a28940aa51ea98625171e91a6efc840d2,79590490efcc7dd75975795a340d82b6b88a46f7b52eb4da8297cf0a4a910403
68209,stationary_low_noise,none,zero_residual_frequency,-1.145306118277567e-05,-1.3497007413709738e-05,2.0439462309340684e-06,-11.749130243566437,-14.629837837152623,2.8807075935861857,5.7423397338829396e-05,5.507743436261592e-05,-2.345962976213478e-06,0.029281879820512148,0.02855215711101918,0.0007297227094929665,8.113287740735294e-05,3.4421768539200915e-05,0.001226196885126127,0.0017277708150585465,4,4,0,0,True,freq_hrl_no_leakage_v4,freq_lr1e4_std05_exploratory,2039,4057,tuning_validation_mechanism_diagnostic,full_method_nested_hpo_v2,e71e450a28940aa51ea98625171e91a6efc840d2,79590490efcc7dd75975795a340d82b6b88a46f7b52eb4da8297cf0a4a910403
68213,stationary_low_noise,none,zero_residual_frequency,6.3972641517473505e-06,8.0398772226431e-06,-1.6426130708957487e-06,6.401592111473469,7.917000716308749,-1.5154086048352804,5.11882203300118e-05,5.2140145152534956e-05,9.519248225231536e-07,0.031233073118008714,0.03084951384845606,0.0003835592695526531,8.149139408753464e-05,3.8046057216597476e-05,0.0012226272559524257,0.001513042557518121,4,4,0,0,True,freq_hrl_no_leakage_v4,freq_lr1e4_std05_exploratory,2039,4057,tuning_validation_mechanism_diagnostic,full_method_nested_hpo_v2,e71e450a28940aa51ea98625171e91a6efc840d2,79590490efcc7dd75975795a340d82b6b88a46f7b52eb4da8297cf0a4a910403
68219,stationary_low_noise,none,zero_residual_frequency,-5.315589805410248e-05,-5.414314726048808e-05,9.872492063855987e-07,-52.56746075958889,-54.28963521619769,1.7221744566087978,8.463234356881344e-05,8.500174191838905e-05,3.6939834957561146e-07,0.03286229020612236,0.03265355347610681,0.00020873673001554904,6.185326139176845e-05,2.684058634302444e-05,0.0008912992488831151,0.0011926277462609707,4,4,0,0,True,freq_hrl_no_leakage_v4,freq_lr1e4_std05_exploratory,2039,4057,tuning_validation_mechanism_diagnostic,full_method_nested_hpo_v2,e71e450a28940aa51ea98625171e91a6efc840d2,79590490efcc7dd75975795a340d82b6b88a46f7b52eb4da8297cf0a4a910403
68227,stationary_low_noise,none,zero_residual_frequency,-6.033425752072219e-05,-6.007355994175345e-05,-2.6069757896873824e-07,-58.15251769604011,-58.222768435370526,0.07025073933041881,9.415350531993827e-05,9.322118965982007e-05,-9.323156601181992e-07,0.033789605907989115,0.03317593275042783,0.0006136731575612855,7.769481623188603e-05,4.0676699237649026e-05,0.0008811813050038431,0.0010892517488577545,4,4,0,0,True,freq_hrl_no_leakage_v4,freq_lr1e4_std05_exploratory,2039,4057,tuning_validation_mechanism_diagnostic,full_method_nested_hpo_v2,e71e450a28940aa51ea98625171e91a6efc840d2,79590490efcc7dd75975795a340d82b6b88a46f7b52eb4da8297cf0a4a910403
68207,stationary_low_noise,none,zero_residual_frequency,-8.592828369702321e-05,-7.587651557539044e-05,-1.0051768121632776e-05,-166.84450170479107,-150.84633649466264,-15.998165210128434,9.321053140021185e-05,8.167799717051505e-05,-1.15325342296968e-05,0.028431897345579594,0.02790001752536044,0.0005318798202191555,7.4323926877271e-05,1.266601417906318e-05,0.0011848522765527984,0.0014051307051987452,4,4,0,0,True,freq_hrl_no_leakage_v4,freq_lr1e4_std05_exploratory,2053,4071,tuning_validation_mechanism_diagnostic,full_method_nested_hpo_v2,e71e450a28940aa51ea98625171e91a6efc840d2,79590490efcc7dd75975795a340d82b6b88a46f7b52eb4da8297cf0a4a910403
68209,stationary_low_noise,none,zero_residual_frequency,-0.00014176441941760043,-0.00013796257699227876,-3.8018424253216665e-06,-311.71563294200604,-318.16704975261706,6.451416810611022,0.00014186098568891303,0.00013796257699227876,-3.89840869663427e-06,0.023429075020154615,0.02323782051340353,0.00019125450675108388,8.294915565060807e-05,1.8142571066469002e-05,0.0014195410706785575,0.0015367414269247903,4,4,0,0,True,freq_hrl_no_leakage_v4,freq_lr1e4_std05_exploratory,2053,4071,tuning_validation_mechanism_diagnostic,full_method_nested_hpo_v2,e71e450a28940aa51ea98625171e91a6efc840d2,79590490efcc7dd75975795a340d82b6b88a46f7b52eb4da8297cf0a4a910403
68213,stationary_low_noise,none,zero_residual_frequency,-5.038443111127222e-05,-4.5124119041117794e-05,-5.260312070154427e-06,-95.27919887884711,-87.6663330355831,-7.612865843264018,6.784107305024545e-05,6.214320850095323e-05,-5.69786454929222e-06,0.02679891619006294,0.026868548741530617,-6.96325514676771e-05,0.0001189409661587657,2.654562791769467e-05,0.0017962457334760984,0.0020327866868279265,4,4,0,0,True,freq_hrl_no_leakage_v4,freq_lr1e4_std05_exploratory,2053,4071,tuning_validation_mechanism_diagnostic,full_method_nested_hpo_v2,e71e450a28940aa51ea98625171e91a6efc840d2,79590490efcc7dd75975795a340d82b6b88a46f7b52eb4da8297cf0a4a910403
68219,stationary_low_noise,none,zero_residual_frequency,-9.984604923596319e-05,-9.029108014646514e-05,-9.554969089498044e-06,-227.72366627266607,-208.40422412120682,-19.319442151459242,9.984604923596319e-05,9.029108014646514e-05,-9.554969089498044e-06,0.02627610676831873,0.025632750848911263,0.0006433559194074651,9.11901865344447e-05,2.608768411204676e-05,0.0011460941688609535,0.0013209555862583025,4,4,0,0,True,freq_hrl_no_leakage_v4,freq_lr1e4_std05_exploratory,2053,4071,tuning_validation_mechanism_diagnostic,full_method_nested_hpo_v2,e71e450a28940aa51ea98625171e91a6efc840d2,79590490efcc7dd75975795a340d82b6b88a46f7b52eb4da8297cf0a4a910403
68227,stationary_low_noise,none,zero_residual_frequency,-8.195450371051294e-05,-7.245642554287723e-05,-9.498078167635704e-06,-162.44803802842893,-146.37718960832282,-16.070848420106103,8.67971849879412e-05,7.632294343740131e-05,-1.0474241550539887e-05,0.028590566016513913,0.02838170076996077,0.00020886524655314154,7.63280758765894e-05,1.5260595475948576e-05,0.001142304885873576,0.0013101951618914934,4,4,0,0,True,freq_hrl_no_leakage_v4,freq_lr1e4_std05_exploratory,2053,4071,tuning_validation_mechanism_diagnostic,full_method_nested_hpo_v2,e71e450a28940aa51ea98625171e91a6efc840d2,79590490efcc7dd75975795a340d82b6b88a46f7b52eb4da8297cf0a4a910403
68207,persistent_shift,none,zero_residual_frequency,-0.0008936431077944951,-0.0009027831896505356,9.140081856040538e-06,-71.9823195881001,-72.64968682236102,0.6673672342609223,0.0008936431077944951,0.0009027831896505356,9.140081856040538e-06,0.19522014032489862,0.19444776192902338,0.0007723783958752395,-7.506624668655263e-05,-0.00013084302712329212,0.0025466133148054526,0.0024904287561488066,4,4,0,0,True,freq_hrl_no_leakage_v4,freq_lr1e4_std05_exploratory,2026,2026,tuning_validation_mechanism_diagnostic,full_method_nested_hpo_v2,e71e450a28940aa51ea98625171e91a6efc840d2,79590490efcc7dd75975795a340d82b6b88a46f7b52eb4da8297cf0a4a910403
68209,persistent_shift,none,zero_residual_frequency,9.18206204614247e-05,0.00011370659194898103,-2.1885971487556333e-05,11.485872361492591,14.154973872838738,-2.669101511346147,0.0004886932667731436,0.00048436075540558843,-4.332511367555192e-06,0.21211646982261717,0.2118943406245646,0.00022212919805256193,-2.166994701318917e-05,-4.3431348645702354e-05,0.0035746918213893273,0.0029561147713037723,4,4,0,0,True,freq_hrl_no_leakage_v4,freq_lr1e4_std05_exploratory,2026,2026,tuning_validation_mechanism_diagnostic,full_method_nested_hpo_v2,e71e450a28940aa51ea98625171e91a6efc840d2,79590490efcc7dd75975795a340d82b6b88a46f7b52eb4da8297cf0a4a910403
68213,persistent_shift,none,zero_residual_frequency,-0.0003286472629995263,-0.0003518436437983663,2.319638079884001e-05,-23.658312378173072,-25.20216405369416,1.5438516755210863,0.0005150323208011898,0.0005175725597291736,2.540238927983829e-06,0.2543114053016413,0.25372057141423965,0.000590833887401665,1.2719178021077198e-06,-8.624142247066471e-05,0.003151167739108334,0.0030282790776659063,4,4,0,0,True,freq_hrl_no_leakage_v4,freq_lr1e4_std05_exploratory,2026,2026,tuning_validation_mechanism_diagnostic,full_method_nested_hpo_v2,e71e450a28940aa51ea98625171e91a6efc840d2,79590490efcc7dd75975795a340d82b6b88a46f7b52eb4da8297cf0a4a910403
68219,persistent_shift,none,zero_residual_frequency,-0.0007570639147580493,-0.0007434777429504713,-1.358617180757804e-05,-69.19175100103803,-67.75878565756636,-1.4329653434716647,0.0007570639147580493,0.0007434777429504713,-1.358617180757804e-05,0.22831359325479045,0.229613391145217,-0.0012997978904265572,-4.7084702189350596e-05,-0.00012851900926277892,0.0034170876978552966,0.0032147700140234925,4,4,0,0,True,freq_hrl_no_leakage_v4,freq_lr1e4_std05_exploratory,2026,2026,tuning_validation_mechanism_diagnostic,full_method_nested_hpo_v2,e71e450a28940aa51ea98625171e91a6efc840d2,79590490efcc7dd75975795a340d82b6b88a46f7b52eb4da8297cf0a4a910403
68227,persistent_shift,none,zero_residual_frequency,0.00022759930048366073,0.00028794895314021574,-6.034965265655501e-05,25.358372241667887,31.764203428334277,-6.40583118666639,0.0002088638145515409,0.00020295195040287428,-5.9118641486666235e-06,0.18412734454833504,0.18260068918114425,0.0015266553671907934,3.134841630643408e-05,-0.00011155172908572616,0.003868895200392015,0.004034868773730219,4,4,0,0,True,freq_hrl_no_leakage_v4,freq_lr1e4_std05_exploratory,2026,2026,tuning_validation_mechanism_diagnostic,full_method_nested_hpo_v2,e71e450a28940aa51ea98625171e91a6efc840d2,79590490efcc7dd75975795a340d82b6b88a46f7b52eb4da8297cf0a4a910403
68207,persistent_shift,none,zero_residual_frequency,3.9273137471873554e-05,1.1910136296311435e-05,2.7363001175562118e-05,1.9122462780218976,0.5850414970090588,1.327204781012839,0.001285164193579269,0.001293589811718232,8.425618138963031e-06,0.30337284121582786,0.301684586554266,0.001688254661561861,-4.257253349588358e-05,-7.429386638764604e-05,0.003102345562931279,0.003083782881812011,4,4,0,0,True,freq_hrl_no_leakage_v4,freq_lr1e4_std05_exploratory,2039,2039,tuning_validation_mechanism_diagnostic,full_method_nested_hpo_v2,e71e450a28940aa51ea98625171e91a6efc840d2,79590490efcc7dd75975795a340d82b6b88a46f7b52eb4da8297cf0a4a910403
68209,persistent_shift,none,zero_residual_frequency,-0.0002204196129321767,-0.0002813643789442155,6.09447660120388e-05,-15.798936916128548,-20.253572515068154,4.454635598939605,0.0009607661422302849,0.0009985782564332357,3.781211420295083e-05,0.29993487012777265,0.2967202084435059,0.003214661684266762,3.326000561294908e-05,-6.829828944142172e-05,0.004703208172819965,0.004564726384948396,4,4,0,0,True,freq_hrl_no_leakage_v4,freq_lr1e4_std05_exploratory,2039,2039,tuning_validation_mechanism_diagnostic,full_method_nested_hpo_v2,e71e450a28940aa51ea98625171e91a6efc840d2,79590490efcc7dd75975795a340d82b6b88a46f7b52eb4da8297cf0a4a910403
68213,persistent_shift,none,zero_residual_frequency,0.0002253559313933895,0.00017640586031952843,4.895007107386107e-05,11.914848875291126,9.387974703839815,2.526874171451311,0.0009791256497301282,0.0010069646690105127,2.783901928038457e-05,0.34193616832542806,0.3401543429999404,0.0017818253254876515,-6.175237283892304e-07,-7.367615130392909e-05,0.004190379010227238,0.0038425240741667543,4,4,0,0,True,freq_hrl_no_leakage_v4,freq_lr1e4_std05_exploratory,2039,2039,tuning_validation_mechanism_diagnostic,full_method_nested_hpo_v2,e71e450a28940aa51ea98625171e91a6efc840d2,79590490efcc7dd75975795a340d82b6b88a46f7b52eb4da8297cf0a4a910403
68219,persistent_shift,none,zero_residual_frequency,-0.0002220978869256207,-0.0002691524566154069,4.705456968978616e-05,-10.081664513715166,-12.198915532270481,2.117251018555315,0.00152989577804441,0.00154941377362261,1.9517995578199887e-05,0.3208576360726775,0.3212144949437373,-0.0003568588710598508,1.0115876512128187e-06,-7.878273548914492e-05,0.0036660212250151547,0.0036874599342506067,4,4,0,0,True,freq_hrl_no_leakage_v4,freq_lr1e4_std05_exploratory,2039,2039,tuning_validation_mechanism_diagnostic,full_method_nested_hpo_v2,e71e450a28940aa51ea98625171e91a6efc840d2,79590490efcc7dd75975795a340d82b6b88a46f7b52eb4da8297cf0a4a910403
68227,persistent_shift,none,zero_residual_frequency,-0.0001530485789558167,-0.0001928277887696117,3.9779209813795013e-05,-10.400016954891028,-13.071343671693812,2.6713267168027848,0.0009207366226963165,0.0009501957303361674,2.9459107639850934e-05,0.27380240982175463,0.27045137197844676,0.003351037843307869,-8.362258167124765e-06,-7.046378898672246e-05,0.004482936798295769,0.0039349962293474365,4,4,0,0,True,freq_hrl_no_leakage_v4,freq_lr1e4_std05_exploratory,2039,2039,tuning_validation_mechanism_diagnostic,full_method_nested_hpo_v2,e71e450a28940aa51ea98625171e91a6efc840d2,79590490efcc7dd75975795a340d82b6b88a46f7b52eb4da8297cf0a4a910403
68207,persistent_shift,none,zero_residual_frequency,0.0036848287510393707,0.0036187477556595127,6.608099537985801e-05,191.47016627686156,190.61692634889496,0.8532399279665981,0.0002561712789088677,0.0002508251472760348,-5.346131632832929e-06,0.17897761737882845,0.1776497220537158,0.0013278953251126546,0.00017079085417624678,7.055782776957041e-05,0.004450405638352903,0.0053552067700366026,4,4,0,0,True,freq_hrl_no_leakage_v4,freq_lr1e4_std05_exploratory,2053,2053,tuning_validation_mechanism_diagnostic,full_method_nested_hpo_v2,e71e450a28940aa51ea98625171e91a6efc840d2,79590490efcc7dd75975795a340d82b6b88a46f7b52eb4da8297cf0a4a910403
68209,persistent_shift,none,zero_residual_frequency,0.0031170648729157424,0.003007553400158791,0.00010951147275695128,174.88158851651082,171.759071552447,3.1225169640638057,0.00027813235085460963,0.0002793534387878216,1.2210879332119617e-06,0.1847747277941609,0.18613795190096472,-0.001363224106803812,0.00034273890194284385,0.00014297571941516968,0.006567950621683849,0.008006599672242171,4,4,0,0,True,freq_hrl_no_leakage_v4,freq_lr1e4_std05_exploratory,2053,2053,tuning_validation_mechanism_diagnostic,full_method_nested_hpo_v2,e71e450a28940aa51ea98625171e91a6efc840d2,79590490efcc7dd75975795a340d82b6b88a46f7b52eb4da8297cf0a4a910403
68213,persistent_shift,none,zero_residual_frequency,0.00537699684185311,0.005281198553087618,9.579828876549179e-05,214.02711630491015,214.1224414796686,-0.09532517475844315,0.0002431618741939312,0.00024560571346488036,2.443839270949155e-06,0.21873751628126006,0.21780100323408574,0.0009365130471743199,0.00011943847196143595,3.0445460232580918e-05,0.007286767125333426,0.008789756273553292,4,4,0,0,True,freq_hrl_no_leakage_v4,freq_lr1e4_std05_exploratory,2053,2053,tuning_validation_mechanism_diagnostic,full_method_nested_hpo_v2,e71e450a28940aa51ea98625171e91a6efc840d2,79590490efcc7dd75975795a340d82b6b88a46f7b52eb4da8297cf0a4a910403
68219,persistent_shift,none,zero_residual_frequency,0.0038769871615593754,0.0037950689253438696,8.191823621550576e-05,183.57702145929144,182.45592696195502,1.1210944973364292,0.0004727074439891954,0.00047691202244903863,4.204578459843233e-06,0.19805505996827288,0.2000166657643389,-0.001961605796066024,0.0001888972694471368,2.0525127598603434e-05,0.005362023672791514,0.006604535881948929,4,4,0,0,True,freq_hrl_no_leakage_v4,freq_lr1e4_std05_exploratory,2053,2053,tuning_validation_mechanism_diagnostic,full_method_nested_hpo_v2,e71e450a28940aa51ea98625171e91a6efc840d2,79590490efcc7dd75975795a340d82b6b88a46f7b52eb4da8297cf0a4a910403
68227,persistent_shift,none,zero_residual_frequency,0.002758812907723396,0.002666202925812877,9.260998191051861e-05,174.03155491012546,172.62564433459738,1.4059105755280825,0.0002659952265383625,0.00026799426019219474,1.9990336538322495e-06,0.1805245888775991,0.1730283476103951,0.007496241267203996,0.00035618306430375865,9.032058492796165e-05,0.00606135614693307,0.007926857343247523,4,4,0,0,True,freq_hrl_no_leakage_v4,freq_lr1e4_std05_exploratory,2053,2053,tuning_validation_mechanism_diagnostic,full_method_nested_hpo_v2,e71e450a28940aa51ea98625171e91a6efc840d2,79590490efcc7dd75975795a340d82b6b88a46f7b52eb4da8297cf0a4a910403
68207,ood_period,none,zero_residual_frequency,0.0016237391007836166,0.001646816854309563,-2.307775352594632e-05,95.14926495119582,95.57396274315154,-0.42469779195572244,0.0003086936228074988,0.00031925999694182305,1.0566374134324263e-05,0.19812414105631238,0.19863863272312277,-0.0005144916668103905,0.00011056582576556435,-9.231378056561863e-06,0.004472370736039011,0.004471330334814006,4,4,0,0,True,freq_hrl_no_leakage_v4,freq_lr1e4_std05_exploratory,2026,7071,tuning_validation_mechanism_diagnostic,full_method_nested_hpo_v2,e71e450a28940aa51ea98625171e91a6efc840d2,79590490efcc7dd75975795a340d82b6b88a46f7b52eb4da8297cf0a4a910403
68209,ood_period,none,zero_residual_frequency,0.001015085306115493,0.001020940781644386,-5.855475528893095e-06,78.65719491863327,77.2538029634647,1.4033919551685727,0.0002623886471706527,0.0002887886682610974,2.6400021090444703e-05,0.1758179312567701,0.1762090711859324,-0.0003911399291623152,0.00016524276072675152,7.175438188884725e-06,0.007806586727100592,0.0054185548270955525,4,4,0,0,True,freq_hrl_no_leakage_v4,freq_lr1e4_std05_exploratory,2026,7071,tuning_validation_mechanism_diagnostic,full_method_nested_hpo_v2,e71e450a28940aa51ea98625171e91a6efc840d2,79590490efcc7dd75975795a340d82b6b88a46f7b52eb4da8297cf0a4a910403
68213,ood_period,none,zero_residual_frequency,0.001734578714453594,0.0018047954783004805,-7.021676384688647e-05,110.32289715930183,111.79389823460563,-1.4710010753038034,0.0001788250123206936,0.00017451794620859662,-4.307066112096969e-06,0.20367714465008901,0.2050422061771199,-0.001365061527030892,0.00014356143971172168,4.1085435591224884e-07,0.005936808899706294,0.005615916332155596,4,4,0,0,True,freq_hrl_no_leakage_v4,freq_lr1e4_std05_exploratory,2026,7071,tuning_validation_mechanism_diagnostic,full_method_nested_hpo_v2,e71e450a28940aa51ea98625171e91a6efc840d2,79590490efcc7dd75975795a340d82b6b88a46f7b52eb4da8297cf0a4a910403
68219,ood_period,none,zero_residual_frequency,0.0004527812139023535,0.0005293240161765578,-7.654280227420429e-05,38.25194059922885,42.89471779145204,-4.6427771922231855,0.0002476657031231788,0.0002526247848734231,4.9590817502442874e-06,0.16387992101188353,0.16590031032367342,-0.002020389311789883,0.0001160065773986196,-3.1038922244644563e-06,0.005515166100869667,0.004024003643280594,4,4,0,0,True,freq_hrl_no_leakage_v4,freq_lr1e4_std05_exploratory,2026,7071,tuning_validation_mechanism_diagnostic,full_method_nested_hpo_v2,e71e450a28940aa51ea98625171e91a6efc840d2,79590490efcc7dd75975795a340d82b6b88a46f7b52eb4da8297cf0a4a910403
68227,ood_period,none,zero_residual_frequency,0.0007641674262415243,0.0008339786577620245,-6.981123152050017e-05,63.155786999299174,66.6230521748429,-3.467265175543723,0.00025669331108113536,0.0002698182602559607,1.3124949174825318e-05,0.18773790228094756,0.19104059937556525,-0.003302697094617696,0.0001430492694710853,-5.3323530418726415e-06,0.006231978236206083,0.004987273534223075,4,4,0,0,True,freq_hrl_no_leakage_v4,freq_lr1e4_std05_exploratory,2026,7071,tuning_validation_mechanism_diagnostic,full_method_nested_hpo_v2,e71e450a28940aa51ea98625171e91a6efc840d2,79590490efcc7dd75975795a340d82b6b88a46f7b52eb4da8297cf0a4a910403
68207,ood_period,none,zero_residual_frequency,0.005133250386699206,0.005148586668436872,-1.5336281737665658e-05,174.8570696741707,175.11893855388007,-0.26186887970936823,0.000273973508530978,0.0002764245408461985,2.4510323152204805e-06,0.2157615252151681,0.21674695438089447,-0.000985429165726387,3.4647670733086865e-05,-1.7567862157647374e-05,0.0031045538654224302,0.002881785346431166,4,4,0,0,True,freq_hrl_no_leakage_v4,freq_lr1e4_std05_exploratory,2039,7084,tuning_validation_mechanism_diagnostic,full_method_nested_hpo_v2,e71e450a28940aa51ea98625171e91a6efc840d2,79590490efcc7dd75975795a340d82b6b88a46f7b52eb4da8297cf0a4a910403
68209,ood_period,none,zero_residual_frequency,0.0033368161779001593,0.0034080391921742503,-7.122301427409106e-05,139.3923046888334,140.51266320224008,-1.1203585134066714,0.00037407334834138606,0.00037506494693162473,9.915985902386737e-07,0.19662922057641205,0.19791391043996198,-0.0012846898635499315,2.396121521634232e-05,-2.9111073542245796e-05,0.0053082322720001685,0.00400485969164745,4,4,0,0,True,freq_hrl_no_leakage_v4,freq_lr1e4_std05_exploratory,2039,7084,tuning_validation_mechanism_diagnostic,full_method_nested_hpo_v2,e71e450a28940aa51ea98625171e91a6efc840d2,79590490efcc7dd75975795a340d82b6b88a46f7b52eb4da8297cf0a4a910403
68213,ood_period,none,zero_residual_frequency,0.005791752377759085,0.005799029928573285,-7.277550814199785e-06,160.20271394375155,160.4817199597778,-0.2790060160262442,0.0003038086877834578,0.0003083993277209762,4.590639937518404e-06,0.2802472335630801,0.2801505426754809,9.669088759922673e-05,-6.993642052242998e-05,-7.385201386568929e-05,0.004231005415042293,0.00336438799907531,4,4,0,0,True,freq_hrl_no_leakage_v4,freq_lr1e4_std05_exploratory,2039,7084,tuning_validation_mechanism_diagnostic,full_method_nested_hpo_v2,e71e450a28940aa51ea98625171e91a6efc840d2,79590490efcc7dd75975795a340d82b6b88a46f7b52eb4da8297cf0a4a910403
68219,ood_period,none,zero_residual_frequency,0.0032672239283926263,0.003277798273324084,-1.0574344931457702e-05,137.22640601457897,137.83515591383775,-0.6087498992587825,0.0003879449708035221,0.000381798739783612,-6.146231019910076e-06,0.20565334680506078,0.20425675730318765,0.00139658950187313,-2.122687734212312e-05,-4.660198932834572e-05,0.0036290137128768643,0.0022961601095933776,4,4,0,0,True,freq_hrl_no_leakage_v4,freq_lr1e4_std05_exploratory,2039,7084,tuning_validation_mechanism_diagnostic,full_method_nested_hpo_v2,e71e450a28940aa51ea98625171e91a6efc840d2,79590490efcc7dd75975795a340d82b6b88a46f7b52eb4da8297cf0a4a910403
68227,ood_period,none,zero_residual_frequency,0.003754114541572706,0.0037720931066660413,-1.7978565093335064e-05,144.6464770885179,145.38682765609437,-0.7403505675764563,0.0003463268966674704,0.00033825593637826223,-8.070960289208173e-06,0.2250007235771778,0.22354675353706788,0.0014539700401099143,-4.6364674797146605e-05,-5.487507695638432e-05,0.004016158456902809,0.0023979580608688086,4,4,0,0,True,freq_hrl_no_leakage_v4,freq_lr1e4_std05_exploratory,2039,7084,tuning_validation_mechanism_diagnostic,full_method_nested_hpo_v2,e71e450a28940aa51ea98625171e91a6efc840d2,79590490efcc7dd75975795a340d82b6b88a46f7b52eb4da8297cf0a4a910403
68207,ood_period,none,zero_residual_frequency,-1.1183338390008402e-05,-4.37859033619592e-06,-6.804748053812482e-06,-4.888701859664229,-2.000521106857241,-2.888180752806988,0.00012482545567882308,0.00012137532778844218,-3.450127890380905e-06,0.030388633008506194,0.028890140733240206,0.0014984922752659877,-1.0831788686487092e-05,-1.1093071325740699e-05,0.0018039600396497868,0.002227325715188676,4,4,0,0,True,freq_hrl_no_leakage_v4,freq_lr1e4_std05_exploratory,2053,7098,tuning_validation_mechanism_diagnostic,full_method_nested_hpo_v2,e71e450a28940aa51ea98625171e91a6efc840d2,79590490efcc7dd75975795a340d82b6b88a46f7b52eb4da8297cf0a4a910403
68209,ood_period,none,zero_residual_frequency,-0.00019433469151941551,-0.0002026786006704695,8.343909151053985e-06,-56.41585221094974,-64.19352192359477,7.777669712645036,0.00019433469151941551,0.0002026786006704695,8.343909151053985e-06,0.03709848050762239,0.034834978299984255,0.0022635022076381364,-3.306456648894963e-05,-1.9036140214904905e-05,0.0027510551221534268,0.002904647816400383,4,4,0,0,True,freq_hrl_no_leakage_v4,freq_lr1e4_std05_exploratory,2053,7098,tuning_validation_mechanism_diagnostic,full_method_nested_hpo_v2,e71e450a28940aa51ea98625171e91a6efc840d2,79590490efcc7dd75975795a340d82b6b88a46f7b52eb4da8297cf0a4a910403
68213,ood_period,none,zero_residual_frequency,9.697105958439423e-06,3.1135749090305254e-05,-2.143864313186583e-05,2.734120057530897,8.895675389893432,-6.161555332362536,0.00019605421869617334,0.0001917149498135151,-4.3392688826582315e-06,0.04354282994829135,0.04255675348486912,0.0009860764634222335,1.9336527320905033e-05,-1.4473722075397425e-05,0.00285503137780678,0.0036731018701478507,4,4,0,0,True,freq_hrl_no_leakage_v4,freq_lr1e4_std05_exploratory,2053,7098,tuning_validation_mechanism_diagnostic,full_method_nested_hpo_v2,e71e450a28940aa51ea98625171e91a6efc840d2,79590490efcc7dd75975795a340d82b6b88a46f7b52eb4da8297cf0a4a910403
68219,ood_period,none,zero_residual_frequency,-4.320702601812165e-05,-2.6912198529793763e-05,-1.629482748832789e-05,-16.255280658195733,-11.827292978610602,-4.427987679585131,8.715803064074379e-05,7.509350009038407e-05,-1.206453055035972e-05,0.03314262458549275,0.029007390281794665,0.004135234303698082,-3.685176820489896e-05,-1.6017893584845125e-05,0.0017067249906530277,0.001967063673616091,4,4,0,0,True,freq_hrl_no_leakage_v4,freq_lr1e4_std05_exploratory,2053,7098,tuning_validation_mechanism_diagnostic,full_method_nested_hpo_v2,e71e450a28940aa51ea98625171e91a6efc840d2,79590490efcc7dd75975795a340d82b6b88a46f7b52eb4da8297cf0a4a910403
68227,ood_period,none,zero_residual_frequency,-1.6485780337416323e-05,-8.16407616521797e-06,-8.321704172198352e-06,-6.901041086570652,-3.8345300329920584,-3.0665110535785938,8.956714489183337e-05,7.533965850992086e-05,-1.4227486381912513e-05,0.03238155324840411,0.02867717434130295,0.0037043789071011593,-7.070045318235546e-06,-1.4442444848966887e-05,0.002026716900685541,0.0024842829686917865,4,4,0,0,True,freq_hrl_no_leakage_v4,freq_lr1e4_std05_exploratory,2053,7098,tuning_validation_mechanism_diagnostic,full_method_nested_hpo_v2,e71e450a28940aa51ea98625171e91a6efc840d2,79590490efcc7dd75975795a340d82b6b88a46f7b52eb4da8297cf0a4a910403
68207,stationary_low_noise,none,zero_residual_frequency,-0.00016427368046911806,-0.0001585469720002397,-5.72670846887835e-06,-269.90864487693875,-277.33957673836426,7.430931861425506,0.00016427368046911806,0.0001585469720002397,-5.72670846887835e-06,0.017563720604418978,0.016618132850177332,0.000945587754241646,1.4351133088347884e-05,4.082540630891817e-06,0.000814609992235344,0.0009450331126900994,4,4,0,0,True,freq_hrl_no_leakage_v4,freq_lr1e4_std10_balanced,2026,4044,tuning_validation_mechanism_diagnostic,full_method_nested_hpo_v2,e71e450a28940aa51ea98625171e91a6efc840d2,79590490efcc7dd75975795a340d82b6b88a46f7b52eb4da8297cf0a4a910403
68209,stationary_low_noise,none,zero_residual_frequency,-0.00018130471746136134,-0.00015610693578804735,-2.519778167331399e-05,-338.7701375566866,-337.01774928657727,-1.7523882701093498,0.00018130471746136134,0.00015610693578804735,-2.519778167331399e-05,0.02173106337364391,0.020896761531666756,0.0008343018419771538,-6.144755186181976e-06,-1.1092085678427823e-05,0.001067452374520725,0.0011422560951624898,4,4,0,0,True,freq_hrl_no_leakage_v4,freq_lr1e4_std10_balanced,2026,4044,tuning_validation_mechanism_diagnostic,full_method_nested_hpo_v2,e71e450a28940aa51ea98625171e91a6efc840d2,79590490efcc7dd75975795a340d82b6b88a46f7b52eb4da8297cf0a4a910403
68213,stationary_low_noise,none,zero_residual_frequency,-0.00011871006103569837,-8.564751382378333e-05,-3.306254721191504e-05,-257.5629385610164,-194.40421648440778,-63.1587220766086,0.00011871006103569837,8.564751382378333e-05,-3.306254721191504e-05,0.028021618171920434,0.026190846839427302,0.0018307713324931321,2.7775028887905625e-06,-4.953840547548783e-06,0.0010681227446613976,0.0012993222913286848,4,4,0,0,True,freq_hrl_no_leakage_v4,freq_lr1e4_std10_balanced,2026,4044,tuning_validation_mechanism_diagnostic,full_method_nested_hpo_v2,e71e450a28940aa51ea98625171e91a6efc840d2,79590490efcc7dd75975795a340d82b6b88a46f7b52eb4da8297cf0a4a910403
68219,stationary_low_noise,none,zero_residual_frequency,-0.00011447821886967358,-9.454780156459286e-05,-1.9930417305080717e-05,-344.1470235093457,-331.69861241430453,-12.448411095041138,0.00011447821886967358,9.454780156459286e-05,-1.9930417305080717e-05,0.01823963476015463,0.01705466795074642,0.0011849668094082097,1.0792499853800684e-05,2.5802677432951804e-07,0.0008182084964984267,0.0009382623736643029,4,4,0,0,True,freq_hrl_no_leakage_v4,freq_lr1e4_std10_balanced,2026,4044,tuning_validation_mechanism_diagnostic,full_method_nested_hpo_v2,e71e450a28940aa51ea98625171e91a6efc840d2,79590490efcc7dd75975795a340d82b6b88a46f7b52eb4da8297cf0a4a910403
68227,stationary_low_noise,none,zero_residual_frequency,-0.00014681859101772776,-0.00013777897831324104,-9.039612704486721e-06,-268.3421218656228,-280.61357546555365,12.271453599930851,0.00014681859101772776,0.00013777897831324104,-9.039612704486721e-06,0.0178391031189732,0.016851589112704467,0.000987514006268734,1.1371346786253783e-05,-1.071969243119815e-06,0.0009020376062001864,0.0010427603244529057,4,4,0,0,True,freq_hrl_no_leakage_v4,freq_lr1e4_std10_balanced,2026,4044,tuning_validation_mechanism_diagnostic,full_method_nested_hpo_v2,e71e450a28940aa51ea98625171e91a6efc840d2,79590490efcc7dd75975795a340d82b6b88a46f7b52eb4da8297cf0a4a910403
68207,stationary_low_noise,none,zero_residual_frequency,-8.640147354610495e-05,-8.11988225767335e-05,-5.202650969371447e-06,-138.01111770347273,-131.09771442937404,-6.913403274098698,8.640147354610495e-05,8.11988225767335e-05,-5.202650969371447e-06,0.018096454655176328,0.01808077930584584,1.5675349330487864e-05,3.294209446522861e-05,1.7582911140564407e-05,0.0009265821090088543,0.0011951785201189421,4,4,0,0,True,freq_hrl_no_leakage_v4,freq_lr1e4_std10_balanced,2039,4057,tuning_validation_mechanism_diagnostic,full_method_nested_hpo_v2,e71e450a28940aa51ea98625171e91a6efc840d2,79590490efcc7dd75975795a340d82b6b88a46f7b52eb4da8297cf0a4a910403
68209,stationary_low_noise,none,zero_residual_frequency,-4.5609994060336057e-05,-5.715286075691495e-05,1.154286669657889e-05,-94.54239666414553,-114.10324600349966,19.560849339354135,4.5609994060336057e-05,5.715286075691495e-05,1.154286669657889e-05,0.019228174660900963,0.017899170166558655,0.0013290044943423084,4.990691005624689e-05,2.9603779259115116e-05,0.0011388755017365938,0.0017548456462362892,4,4,0,0,True,freq_hrl_no_leakage_v4,freq_lr1e4_std10_balanced,2039,4057,tuning_validation_mechanism_diagnostic,full_method_nested_hpo_v2,e71e450a28940aa51ea98625171e91a6efc840d2,79590490efcc7dd75975795a340d82b6b88a46f7b52eb4da8297cf0a4a910403
68213,stationary_low_noise,none,zero_residual_frequency,-0.00015100260258260612,-0.00015163048247912592,6.278798965198007e-07,-217.97598948729163,-219.07264134446962,1.0966518571779886,0.00015100260258260612,0.00015163048247912592,6.278798965198007e-07,0.0292128843462916,0.029301018035600444,-8.81336893088433e-05,4.609342943159122e-05,2.690150416175626e-05,0.001018069945121801,0.0014199096501026057,4,4,0,0,True,freq_hrl_no_leakage_v4,freq_lr1e4_std10_balanced,2039,4057,tuning_validation_mechanism_diagnostic,full_method_nested_hpo_v2,e71e450a28940aa51ea98625171e91a6efc840d2,79590490efcc7dd75975795a340d82b6b88a46f7b52eb4da8297cf0a4a910403
68219,stationary_low_noise,none,zero_residual_frequency,-7.400983136829353e-05,-7.767077707432346e-05,3.6609457060299277e-06,-126.65886053838292,-131.32672689372615,4.667866355343222,7.400983136829353e-05,7.767077707432346e-05,3.6609457060299277e-06,0.021778875095132558,0.02159039162418722,0.000188483470945338,3.448075115376952e-05,1.7181583707837467e-05,0.0008118138128149137,0.001204774230652422,4,4,0,0,True,freq_hrl_no_leakage_v4,freq_lr1e4_std10_balanced,2039,4057,tuning_validation_mechanism_diagnostic,full_method_nested_hpo_v2,e71e450a28940aa51ea98625171e91a6efc840d2,79590490efcc7dd75975795a340d82b6b88a46f7b52eb4da8297cf0a4a910403
68227,stationary_low_noise,none,zero_residual_frequency,-7.67660517422275e-05,-8.04351822704108e-05,3.6691305281832953e-06,-128.49680919594542,-134.42333838564804,5.92652918970262,7.735597862290611e-05,8.08075288102339e-05,3.45155018732779e-06,0.01902502568975719,0.018718575655916295,0.00030645003384089514,4.3468387961942125e-05,2.284501480950711e-05,0.0008059191627814421,0.0011119578862450097,4,4,0,0,True,freq_hrl_no_leakage_v4,freq_lr1e4_std10_balanced,2039,4057,tuning_validation_mechanism_diagnostic,full_method_nested_hpo_v2,e71e450a28940aa51ea98625171e91a6efc840d2,79590490efcc7dd75975795a340d82b6b88a46f7b52eb4da8297cf0a4a910403
68207,stationary_low_noise,none,zero_residual_frequency,-9.073978704976504e-05,-7.985274648303342e-05,-1.088704056673162e-05,-24.915840100412023,-21.842248484696494,-3.0735916157155287,0.00020450035481511808,0.00020306069091968748,-1.4396638954305985e-06,0.11168418246901671,0.11122636344779993,0.00045781902121677653,0.00015506158389498134,0.00011807457845724849,0.001267670139317387,0.0015024436704051268,4,4,0,0,True,freq_hrl_no_leakage_v4,freq_lr1e4_std10_balanced,2053,4071,tuning_validation_mechanism_diagnostic,full_method_nested_hpo_v2,e71e450a28940aa51ea98625171e91a6efc840d2,79590490efcc7dd75975795a340d82b6b88a46f7b52eb4da8297cf0a4a910403
68209,stationary_low_noise,none,zero_residual_frequency,-0.00017567771256388198,-0.0001645283313599366,-1.1149381203945374e-05,-54.22394891029357,-50.88630586795788,-3.337643042335692,0.00021410420005174569,0.00020826036280330307,-5.843837248442618e-06,0.10325837537305646,0.10274639954519985,0.0005119758278566144,0.0001832777744955413,0.00011250445307627252,0.001945391726861898,0.002516935252060648,4,4,0,0,True,freq_hrl_no_leakage_v4,freq_lr1e4_std10_balanced,2053,4071,tuning_validation_mechanism_diagnostic,full_method_nested_hpo_v2,e71e450a28940aa51ea98625171e91a6efc840d2,79590490efcc7dd75975795a340d82b6b88a46f7b52eb4da8297cf0a4a910403
68213,stationary_low_noise,none,zero_residual_frequency,0.0002882754218591632,0.0003051295734277648,-1.6854151568601594e-05,69.73215408636158,73.65199039810588,-3.919836311744305,5.96155833092471e-05,5.9921948180829965e-05,3.0636487158286485e-07,0.13226801130857804,0.13085178902478778,0.0014162222837902638,0.00016943576654998655,0.0001167841676184933,0.0017168607838357274,0.0023703388064556445,4,4,0,0,True,freq_hrl_no_leakage_v4,freq_lr1e4_std10_balanced,2053,4071,tuning_validation_mechanism_diagnostic,full_method_nested_hpo_v2,e71e450a28940aa51ea98625171e91a6efc840d2,79590490efcc7dd75975795a340d82b6b88a46f7b52eb4da8297cf0a4a910403
68219,stationary_low_noise,none,zero_residual_frequency,0.00013547817345682667,0.00014215187781818628,-6.6737043613596114e-06,35.69684111642381,37.39593768257319,-1.6990965661493789,6.983340973010232e-05,6.94793504516511e-05,-3.540592784512242e-07,0.11248927600397646,0.11232983795249749,0.00015943805147897172,0.00017156953304873845,0.00012813089876040286,0.0014090736707127387,0.0019029592872054006,4,4,0,0,True,freq_hrl_no_leakage_v4,freq_lr1e4_std10_balanced,2053,4071,tuning_validation_mechanism_diagnostic,full_method_nested_hpo_v2,e71e450a28940aa51ea98625171e91a6efc840d2,79590490efcc7dd75975795a340d82b6b88a46f7b52eb4da8297cf0a4a910403
68227,stationary_low_noise,none,zero_residual_frequency,5.14339345745185e-05,6.0186946336360236e-05,-8.753011761841734e-06,13.97936594213127,16.25115221844707,-2.271786276315801,0.00015999310858338944,0.0001574606217386032,-2.5324868447862414e-06,0.11289272599944,0.11333865894632121,-0.00044593294688120844,0.00019111032053206742,0.0001279149009426799,0.0016383818071062707,0.0021563868662471774,4,4,0,0,True,freq_hrl_no_leakage_v4,freq_lr1e4_std10_balanced,2053,4071,tuning_validation_mechanism_diagnostic,full_method_nested_hpo_v2,e71e450a28940aa51ea98625171e91a6efc840d2,79590490efcc7dd75975795a340d82b6b88a46f7b52eb4da8297cf0a4a910403
68207,persistent_shift,none,zero_residual_frequency,0.004684239049321359,0.00469246404849244,-8.224999171080327e-06,179.14106308610457,179.26971666816033,-0.12865358205576172,0.00043431570799334906,0.0004367379637636448,2.422255770295756e-06,0.21778325038823526,0.21693808912031412,0.0008451612679211407,8.658688789656136e-05,6.18402027117313e-05,0.004412731429915261,0.003170008699372476,4,4,0,0,True,freq_hrl_no_leakage_v4,freq_lr1e4_std10_balanced,2026,2026,tuning_validation_mechanism_diagnostic,full_method_nested_hpo_v2,e71e450a28940aa51ea98625171e91a6efc840d2,79590490efcc7dd75975795a340d82b6b88a46f7b52eb4da8297cf0a4a910403
68209,persistent_shift,none,zero_residual_frequency,0.00494947715499694,0.004962514484343927,-1.3037329346987647e-05,173.26959909807192,173.2351746398221,0.034424458249816325,0.0005487507582375706,0.0005563152691878681,7.564510950297532e-06,0.2429054656463206,0.24317197549951272,-0.00026650985319212617,0.0001440969799577189,8.69935617465989e-05,0.006974662416541833,0.005433784881784556,4,4,0,0,True,freq_hrl_no_leakage_v4,freq_lr1e4_std10_balanced,2026,2026,tuning_validation_mechanism_diagnostic,full_method_nested_hpo_v2,e71e450a28940aa51ea98625171e91a6efc840d2,79590490efcc7dd75975795a340d82b6b88a46f7b52eb4da8297cf0a4a910403
68213,persistent_shift,none,zero_residual_frequency,0.00642653970103324,0.006458038209304906,-3.149850827166567e-05,183.8466438951815,183.72637985931294,0.1202640358685585,0.0003669642351484814,0.00037994351432224516,1.2979279173763736e-05,0.2549989574681619,0.25558365822588125,-0.0005847007577193253,0.00011856636139104994,8.856501496699114e-05,0.0059891764895938756,0.005006427070313496,4,4,0,0,True,freq_hrl_no_leakage_v4,freq_lr1e4_std10_balanced,2026,2026,tuning_validation_mechanism_diagnostic,full_method_nested_hpo_v2,e71e450a28940aa51ea98625171e91a6efc840d2,79590490efcc7dd75975795a340d82b6b88a46f7b52eb4da8297cf0a4a910403
68219,persistent_shift,none,zero_residual_frequency,0.004013112245520256,0.004016015340414736,-2.9030948944797075e-06,152.7804104636774,152.60646875243933,0.17394171123808633,0.0007351816242320286,0.0007397054542563897,4.523830024361075e-06,0.2309267719728379,0.23091153612934534,1.5235843492555912e-05,9.21500346651912e-05,6.55946934188334e-05,0.005165885889032829,0.0037187167643828113,4,4,0,0,True,freq_hrl_no_leakage_v4,freq_lr1e4_std10_balanced,2026,2026,tuning_validation_mechanism_diagnostic,full_method_nested_hpo_v2,e71e450a28940aa51ea98625171e91a6efc840d2,79590490efcc7dd75975795a340d82b6b88a46f7b52eb4da8297cf0a4a910403
68227,persistent_shift,none,zero_residual_frequency,0.00402028273492272,0.004056620745733097,-3.633801081037724e-05,164.3165410486375,164.3108456355545,0.0056954130830035865,0.0005323870238997941,0.0005397720474031864,7.385023503392318e-06,0.21504299986734415,0.21534202794495086,-0.0002990280776067056,9.738425677840953e-05,7.094859810319068e-05,0.00574226941668409,0.004225056996559336,4,4,0,0,True,freq_hrl_no_leakage_v4,freq_lr1e4_std10_balanced,2026,2026,tuning_validation_mechanism_diagnostic,full_method_nested_hpo_v2,e71e450a28940aa51ea98625171e91a6efc840d2,79590490efcc7dd75975795a340d82b6b88a46f7b52eb4da8297cf0a4a910403
68207,persistent_shift,none,zero_residual_frequency,0.00448286941401177,0.0044691419357807405,1.3727478231029266e-05,165.3022093725317,164.39734831481667,0.9048610577150384,0.0005475936797298964,0.0005653887610949093,1.7795081365012955e-05,0.2278728182969588,0.227613153324747,0.00025966497221180385,0.0002932502244752833,0.00016455090609345725,0.005535037786911642,0.006050107958031326,4,4,0,0,True,freq_hrl_no_leakage_v4,freq_lr1e4_std10_balanced,2039,2039,tuning_validation_mechanism_diagnostic,full_method_nested_hpo_v2,e71e450a28940aa51ea98625171e91a6efc840d2,79590490efcc7dd75975795a340d82b6b88a46f7b52eb4da8297cf0a4a910403
68209,persistent_shift,none,zero_residual_frequency,0.0044887511166871175,0.00447740281748632,1.1348299200797385e-05,172.15299296111806,171.05203401332494,1.1009589477931172,0.0005251878477479099,0.000541986277130535,1.6798429382625102e-05,0.2514148922915169,0.25225865649775797,-0.0008437642062410489,0.00021606753019035653,9.01136951254481e-05,0.007929458133932914,0.008971776218499547,4,4,0,0,True,freq_hrl_no_leakage_v4,freq_lr1e4_std10_balanced,2039,2039,tuning_validation_mechanism_diagnostic,full_method_nested_hpo_v2,e71e450a28940aa51ea98625171e91a6efc840d2,79590490efcc7dd75975795a340d82b6b88a46f7b52eb4da8297cf0a4a910403
68213,persistent_shift,none,zero_residual_frequency,0.005206871647943867,0.005238115192819581,-3.1243544875714235e-05,165.8013015035811,164.6117477917947,1.1895537117864023,0.0004233464005007903,0.0004587108704909859,3.53644699901956e-05,0.2746785461210397,0.27601627053892963,-0.0013377244178899295,0.00030371986017998343,0.00013078862512800265,0.0088596502809297,0.01007540251634459,4,4,0,0,True,freq_hrl_no_leakage_v4,freq_lr1e4_std10_balanced,2039,2039,tuning_validation_mechanism_diagnostic,full_method_nested_hpo_v2,e71e450a28940aa51ea98625171e91a6efc840d2,79590490efcc7dd75975795a340d82b6b88a46f7b52eb4da8297cf0a4a910403
68219,persistent_shift,none,zero_residual_frequency,0.003695323526627714,0.00368896388613682,6.359640490893881e-06,134.739058069888,133.91837911773166,0.820678952156328,0.0009508446103169144,0.0009658082932701983,1.4963682953283985e-05,0.24597478256488753,0.245987090792554,-1.2308227666457672e-05,0.0003213275185128464,0.00016674312333289756,0.00587347292716408,0.006256110183635934,4,4,0,0,True,freq_hrl_no_leakage_v4,freq_lr1e4_std10_balanced,2039,2039,tuning_validation_mechanism_diagnostic,full_method_nested_hpo_v2,e71e450a28940aa51ea98625171e91a6efc840d2,79590490efcc7dd75975795a340d82b6b88a46f7b52eb4da8297cf0a4a910403
68227,persistent_shift,none,zero_residual_frequency,0.003925625686328926,0.0039070821425124524,1.854354381647383e-05,160.51915336766507,159.47199773310822,1.0471556345568445,0.00055984686251076,0.0005727471196508294,1.2900257140069371e-05,0.2159896405529088,0.21609312195998434,-0.00010348140707552855,0.0003155051481843269,0.00014806126549581387,0.006661014582641655,0.006924597357121659,4,4,0,0,True,freq_hrl_no_leakage_v4,freq_lr1e4_std10_balanced,2039,2039,tuning_validation_mechanism_diagnostic,full_method_nested_hpo_v2,e71e450a28940aa51ea98625171e91a6efc840d2,79590490efcc7dd75975795a340d82b6b88a46f7b52eb4da8297cf0a4a910403
68207,persistent_shift,none,zero_residual_frequency,0.0009760216985599257,0.0009807610352181584,-4.7393366582326735e-06,62.80190843264739,63.09504344205493,-0.29313500940754267,0.0007175398617884632,0.0007124320273534934,-5.10783443496976e-06,0.18157746150401957,0.17885532294637096,0.002722138557648607,4.6190908218883024e-05,1.4394907449693545e-05,0.005317857089499335,0.005846727183395867,4,4,0,0,True,freq_hrl_no_leakage_v4,freq_lr1e4_std10_balanced,2053,2053,tuning_validation_mechanism_diagnostic,full_method_nested_hpo_v2,e71e450a28940aa51ea98625171e91a6efc840d2,79590490efcc7dd75975795a340d82b6b88a46f7b52eb4da8297cf0a4a910403
68209,persistent_shift,none,zero_residual_frequency,0.0020875642557316443,0.0021234512054786325,-3.588694974698825e-05,138.63087576127143,142.90578711617957,-4.2749113549081414,0.00041096161916265306,0.00039405445954521223,-1.6907159617440826e-05,0.17938556771656064,0.17235566948081749,0.007029898235743154,-3.856171142207846e-06,-9.559252557433854e-06,0.008638586692076287,0.0106467952977659,4,4,0,0,True,freq_hrl_no_leakage_v4,freq_lr1e4_std10_balanced,2053,2053,tuning_validation_mechanism_diagnostic,full_method_nested_hpo_v2,e71e450a28940aa51ea98625171e91a6efc840d2,79590490efcc7dd75975795a340d82b6b88a46f7b52eb4da8297cf0a4a910403
68213,persistent_shift,none,zero_residual_frequency,0.0012624919743791096,0.0012586440060187165,3.847968360393139e-06,76.91421653903855,77.10686174553635,-0.1926452064978008,0.0006879488180995263,0.0006882619768652232,3.1315876569681933e-07,0.20890781668241762,0.2030604585235008,0.005847358158916821,5.627116535645341e-05,1.1655852230079678e-05,0.008908069607180854,0.01063620199719379,4,4,0,0,True,freq_hrl_no_leakage_v4,freq_lr1e4_std10_balanced,2053,2053,tuning_validation_mechanism_diagnostic,full_method_nested_hpo_v2,e71e450a28940aa51ea98625171e91a6efc840d2,79590490efcc7dd75975795a340d82b6b88a46f7b52eb4da8297cf0a4a910403
68219,persistent_shift,none,zero_residual_frequency,-2.8525753685282318e-05,-2.2727942100342347e-05,-5.797811584939971e-06,-1.7535146738085805,-1.3924214996306616,-0.36109317417791886,0.0010768054179604025,0.0010693364366948233,-7.4689812655792664e-06,0.20152869508718396,0.20228940906952014,-0.0007607139823361808,6.637183512132931e-05,2.3965703097797094e-05,0.005312329238950042,0.005900771333997706,4,4,0,0,True,freq_hrl_no_leakage_v4,freq_lr1e4_std10_balanced,2053,2053,tuning_validation_mechanism_diagnostic,full_method_nested_hpo_v2,e71e450a28940aa51ea98625171e91a6efc840d2,79590490efcc7dd75975795a340d82b6b88a46f7b52eb4da8297cf0a4a910403
68227,persistent_shift,none,zero_residual_frequency,0.001201609574861262,0.0011937909664259116,7.818608435350427e-06,101.95807816611593,100.22051083197138,1.7375673341445435,0.00041348781128225376,0.0004198870172714697,6.39920598921595e-06,0.159191065280595,0.16214998582764723,-0.002958920547052213,1.221836158597919e-05,6.249300013546662e-06,0.005297485257768939,0.006176197971055646,4,4,0,0,True,freq_hrl_no_leakage_v4,freq_lr1e4_std10_balanced,2053,2053,tuning_validation_mechanism_diagnostic,full_method_nested_hpo_v2,e71e450a28940aa51ea98625171e91a6efc840d2,79590490efcc7dd75975795a340d82b6b88a46f7b52eb4da8297cf0a4a910403
68207,ood_period,none,zero_residual_frequency,0.0048064559617664315,0.004748690656921628,5.776530484480347e-05,174.95111282684738,174.79091315757347,0.16019966927390783,0.00020541756387193466,0.00020497105641270608,-4.465074592285845e-07,0.25028253270371514,0.24924825646095772,0.001034276242757426,-0.0002525070585223443,-0.0001705542579300863,0.005801702448257452,0.007273695088709549,4,4,0,0,True,freq_hrl_no_leakage_v4,freq_lr1e4_std10_balanced,2026,7071,tuning_validation_mechanism_diagnostic,full_method_nested_hpo_v2,e71e450a28940aa51ea98625171e91a6efc840d2,79590490efcc7dd75975795a340d82b6b88a46f7b52eb4da8297cf0a4a910403
68209,ood_period,none,zero_residual_frequency,0.0034383968719657876,0.0035188854168948236,-8.048854492903601e-05,138.5799326613738,140.53230812849077,-1.9523754671169797,0.00035557165457633655,0.00037050481556855086,1.4933160992214312e-05,0.23242935375304435,0.22971045005022794,0.002718903702816411,-0.0002946646911467392,-0.00020042197995070462,0.008599383458284945,0.011475691909597826,4,4,0,0,True,freq_hrl_no_leakage_v4,freq_lr1e4_std10_balanced,2026,7071,tuning_validation_mechanism_diagnostic,full_method_nested_hpo_v2,e71e450a28940aa51ea98625171e91a6efc840d2,79590490efcc7dd75975795a340d82b6b88a46f7b52eb4da8297cf0a4a910403
68213,ood_period,none,zero_residual_frequency,0.0046317453744801895,0.004807684400915724,-0.00017593902643553427,141.8819922477467,143.3305119826557,-1.4485197349090129,0.0003050154828545537,0.0003177768108434398,1.2761327988886073e-05,0.2997606514231978,0.3061681865529664,-0.0064075351297686045,-0.0004942442282816163,-0.0002172240682718999,0.010445848281314184,0.01249557504569465,4,4,0,0,True,freq_hrl_no_leakage_v4,freq_lr1e4_std10_balanced,2026,7071,tuning_validation_mechanism_diagnostic,full_method_nested_hpo_v2,e71e450a28940aa51ea98625171e91a6efc840d2,79590490efcc7dd75975795a340d82b6b88a46f7b52eb4da8297cf0a4a910403
68219,ood_period,none,zero_residual_frequency,0.00246199947623138,0.002387862300156085,7.413717607529513e-05,115.39401536663782,115.20662637814448,0.18738898849333907,0.0004181125602721325,0.0004045238786086758,-1.3588681663456725e-05,0.2339731541914087,0.22852285102383124,0.005450303167577469,-0.00032061286650025866,-0.00018009539705743236,0.005635711550308366,0.00702512117762429,4,4,0,0,True,freq_hrl_no_leakage_v4,freq_lr1e4_std10_balanced,2026,7071,tuning_validation_mechanism_diagnostic,full_method_nested_hpo_v2,e71e450a28940aa51ea98625171e91a6efc840d2,79590490efcc7dd75975795a340d82b6b88a46f7b52eb4da8297cf0a4a910403
68227,ood_period,none,zero_residual_frequency,0.003002907950421907,0.0030064789602579634,-3.5710098360564047e-06,134.51798830232937,135.61019368665595,-1.0922053843265758,0.0003477621108760598,0.0003392340788154202,-8.528032060639568e-06,0.2540489291223575,0.25207056948921513,0.001978359633142357,-0.0003476220505530405,-0.00018070352392501025,0.0061130404877783595,0.007728858490332237,4,4,0,0,True,freq_hrl_no_leakage_v4,freq_lr1e4_std10_balanced,2026,7071,tuning_validation_mechanism_diagnostic,full_method_nested_hpo_v2,e71e450a28940aa51ea98625171e91a6efc840d2,79590490efcc7dd75975795a340d82b6b88a46f7b52eb4da8297cf0a4a910403
68207,ood_period,none,zero_residual_frequency,-0.00023547033356263736,-0.0002311007946481647,-4.36953891447267e-06,-19.885327816840306,-19.685504694702185,-0.19982312213812037,0.00044275033552942933,0.0004339922942070418,-8.758041322387555e-06,0.23872525322568217,0.23867298555046762,5.226767521454567e-05,-7.463329652016045e-05,-6.803795654276535e-05,0.004790173882267683,0.005216992785184023,4,4,0,0,True,freq_hrl_no_leakage_v4,freq_lr1e4_std10_balanced,2039,7084,tuning_validation_mechanism_diagnostic,full_method_nested_hpo_v2,e71e450a28940aa51ea98625171e91a6efc840d2,79590490efcc7dd75975795a340d82b6b88a46f7b52eb4da8297cf0a4a910403
68209,ood_period,none,zero_residual_frequency,-0.0005826328711578954,-0.0005770880990243477,-5.5447721335477596e-06,-63.01148266805506,-64.59467142337343,1.5831887553183677,0.0005826328711578954,0.0005770880990243477,-5.5447721335477596e-06,0.21104142195336947,0.20794136117831763,0.003100060775051844,5.3350251472620684e-05,-1.769138605929791e-05,0.007614597504935874,0.008636549629672018,4,4,0,0,True,freq_hrl_no_leakage_v4,freq_lr1e4_std10_balanced,2039,7084,tuning_validation_mechanism_diagnostic,full_method_nested_hpo_v2,e71e450a28940aa51ea98625171e91a6efc840d2,79590490efcc7dd75975795a340d82b6b88a46f7b52eb4da8297cf0a4a910403
68213,ood_period,none,zero_residual_frequency,0.0017084183561988375,0.0017249431917460978,-1.6524835547260253e-05,93.73168700488414,94.96341758611237,-1.2317305812282342,0.00028086835793761367,0.0002709631286982317,-9.905229239381974e-06,0.2865180932783517,0.28490515324526633,0.001612940033085375,1.600287518450839e-05,-3.3171871986240976e-05,0.005620893166067415,0.00650393700634595,4,4,0,0,True,freq_hrl_no_leakage_v4,freq_lr1e4_std10_balanced,2039,7084,tuning_validation_mechanism_diagnostic,full_method_nested_hpo_v2,e71e450a28940aa51ea98625171e91a6efc840d2,79590490efcc7dd75975795a340d82b6b88a46f7b52eb4da8297cf0a4a910403
68219,ood_period,none,zero_residual_frequency,-0.00014048409998101974,-0.00011986364483440592,-2.0620455146613814e-05,-13.206672219815651,-11.745629168885378,-1.4610430509302734,0.00038278267994207305,0.0003736367418193387,-9.145938122734343e-06,0.21680041492937618,0.21260073120948403,0.0041996837198921555,-6.938048941241033e-05,-4.641623405133266e-05,0.0046517223709088285,0.004575785630085092,4,4,0,0,True,freq_hrl_no_leakage_v4,freq_lr1e4_std10_balanced,2039,7084,tuning_validation_mechanism_diagnostic,full_method_nested_hpo_v2,e71e450a28940aa51ea98625171e91a6efc840d2,79590490efcc7dd75975795a340d82b6b88a46f7b52eb4da8297cf0a4a910403
68227,ood_period,none,zero_residual_frequency,1.812127292266652e-05,3.226182134175026e-05,-1.4140548419083743e-05,1.759636496240195,3.1843757345465433,-1.4247392383063484,0.00031884124350023413,0.00030711305785102727,-1.1728185649206857e-05,0.23974534945147385,0.23673124350765024,0.0030141059438236195,-6.863461105992443e-05,-4.492596764786983e-05,0.005764943778356407,0.005504309018821611,4,4,0,0,True,freq_hrl_no_leakage_v4,freq_lr1e4_std10_balanced,2039,7084,tuning_validation_mechanism_diagnostic,full_method_nested_hpo_v2,e71e450a28940aa51ea98625171e91a6efc840d2,79590490efcc7dd75975795a340d82b6b88a46f7b52eb4da8297cf0a4a910403
68207,ood_period,none,zero_residual_frequency,0.0011087974784931287,0.0010903395097605628,1.8457968732565888e-05,107.96061268306302,106.60587305967773,1.354739623385285,0.00024575217582034625,0.00024384885809769496,-1.9033177226512876e-06,0.19862622568477462,0.19908980047140673,-0.00046357478663211493,2.396420654099951e-05,3.635544184657659e-05,0.004938003637916053,0.0033595254662941443,4,4,0,0,True,freq_hrl_no_leakage_v4,freq_lr1e4_std10_balanced,2053,7098,tuning_validation_mechanism_diagnostic,full_method_nested_hpo_v2,e71e450a28940aa51ea98625171e91a6efc840d2,79590490efcc7dd75975795a340d82b6b88a46f7b52eb4da8297cf0a4a910403
68209,ood_period,none,zero_residual_frequency,-3.204459317807107e-05,-4.9011673029841774e-05,1.6967079851770706e-05,-3.4928301757531814,-5.362519480713087,1.8696893049599055,0.00047560438186156073,0.0004718503339047331,-3.7540479568276552e-06,0.213503778887172,0.21275998088035042,0.0007437980068215888,6.845993996460335e-05,5.751532822468689e-05,0.008736291084521024,0.0048916189076812265,4,4,0,0,True,freq_hrl_no_leakage_v4,freq_lr1e4_std10_balanced,2053,7098,tuning_validation_mechanism_diagnostic,full_method_nested_hpo_v2,e71e450a28940aa51ea98625171e91a6efc840d2,79590490efcc7dd75975795a340d82b6b88a46f7b52eb4da8297cf0a4a910403
68213,ood_period,none,zero_residual_frequency,0.000573980357596815,0.0005772340613205973,-3.2537037237823085e-06,44.75661976999006,44.921956606916766,-0.16533683692670564,0.00048710541084806547,0.000489975649566432,2.870238718366558e-06,0.25281494860177334,0.25436209473421945,-0.0015471461324461089,5.2437422670132976e-05,6.052375705837873e-05,0.009181707506245907,0.0062481298801786685,4,4,0,0,True,freq_hrl_no_leakage_v4,freq_lr1e4_std10_balanced,2053,7098,tuning_validation_mechanism_diagnostic,full_method_nested_hpo_v2,e71e450a28940aa51ea98625171e91a6efc840d2,79590490efcc7dd75975795a340d82b6b88a46f7b52eb4da8297cf0a4a910403
68219,ood_period,none,zero_residual_frequency,0.00040393952513939624,0.000425064341657011,-2.1124816517614775e-05,45.91213454830701,47.687141823281245,-1.7750072749742358,0.0003790693389966737,0.0003813323520751588,2.2630130784850877e-06,0.18248652166637047,0.1843684064306274,-0.0018818847642569358,9.867524630367066e-05,5.169880995960457e-05,0.0062551707048543095,0.0035196371188552194,4,4,0,0,True,freq_hrl_no_leakage_v4,freq_lr1e4_std10_balanced,2053,7098,tuning_validation_mechanism_diagnostic,full_method_nested_hpo_v2,e71e450a28940aa51ea98625171e91a6efc840d2,79590490efcc7dd75975795a340d82b6b88a46f7b52eb4da8297cf0a4a910403
68227,ood_period,none,zero_residual_frequency,0.0006663237322286353,0.0006812407616525462,-1.4917029423910932e-05,69.60432742594134,70.78365750242789,-1.1793300764865506,0.0003334099137112245,0.00033442094366264996,1.011029951425435e-06,0.20515032413722106,0.2067957864634815,-0.0016454623262604495,6.211974335776395e-05,4.28239633760972e-05,0.007362395548746766,0.004396962359896861,4,4,0,0,True,freq_hrl_no_leakage_v4,freq_lr1e4_std10_balanced,2053,7098,tuning_validation_mechanism_diagnostic,full_method_nested_hpo_v2,e71e450a28940aa51ea98625171e91a6efc840d2,79590490efcc7dd75975795a340d82b6b88a46f7b52eb4da8297cf0a4a910403
68207,stationary_low_noise,none,zero_residual_frequency,0.0005403886624142373,0.0005359266832714038,4.461979142833528e-06,77.53110859537463,77.16828757128677,0.36282102408786443,0.00015422232996453733,0.00015349523018448608,-7.270997800512546e-07,0.15408331321857638,0.15397688778015392,0.00010642543842245833,4.565357294254104e-06,-4.483519218870318e-06,0.0029542344690222915,0.00226179798741618,4,4,0,0,True,freq_hrl_no_leakage_v4,freq_lr1e4_std15_conservative,2026,4044,tuning_validation_mechanism_diagnostic,full_method_nested_hpo_v2,e71e450a28940aa51ea98625171e91a6efc840d2,79590490efcc7dd75975795a340d82b6b88a46f7b52eb4da8297cf0a4a910403
68209,stationary_low_noise,none,zero_residual_frequency,0.00022916657251492722,0.00024792152487362884,-1.8754952358701615e-05,44.424309875953035,44.313270034982565,0.11103984097047004,0.00012640348327286333,0.0001408922358233644,1.4488752550501083e-05,0.1276409969365287,0.13632574750249804,-0.008684750565969346,1.3045791076405237e-06,-3.4136110624145395e-06,0.004027516160507124,0.0029700166379673944,4,4,0,0,True,freq_hrl_no_leakage_v4,freq_lr1e4_std15_conservative,2026,4044,tuning_validation_mechanism_diagnostic,full_method_nested_hpo_v2,e71e450a28940aa51ea98625171e91a6efc840d2,79590490efcc7dd75975795a340d82b6b88a46f7b52eb4da8297cf0a4a910403
68213,stationary_low_noise,none,zero_residual_frequency,0.0010703996680270222,0.0010852033931476601,-1.4803725120637878e-05,147.43599775341238,147.73832728885168,-0.3023295354392985,5.6894014660691106e-05,5.799835808995013e-05,1.1043434292590248e-06,0.1803435192357189,0.18142864088104993,-0.001085121645331033,1.0126096335369497e-05,-9.789728001637688e-06,0.004816856243046965,0.0030724799726562597,4,4,0,0,True,freq_hrl_no_leakage_v4,freq_lr1e4_std15_conservative,2026,4044,tuning_validation_mechanism_diagnostic,full_method_nested_hpo_v2,e71e450a28940aa51ea98625171e91a6efc840d2,79590490efcc7dd75975795a340d82b6b88a46f7b52eb4da8297cf0a4a910403
68219,stationary_low_noise,none,zero_residual_frequency,0.0006488252515903792,0.0006450545688478915,3.7706827424877076e-06,98.48365140652895,97.78578843216002,0.6978629743689311,7.342370026142131e-05,7.424571998027041e-05,8.220197188490985e-07,0.1571880085779579,0.15754816283707213,-0.0003601542591142315,-1.4127100202208376e-06,-5.7626205983992524e-06,0.0030906209166561083,0.0021084057517631056,4,4,0,0,True,freq_hrl_no_leakage_v4,freq_lr1e4_std15_conservative,2026,4044,tuning_validation_mechanism_diagnostic,full_method_nested_hpo_v2,e71e450a28940aa51ea98625171e91a6efc840d2,79590490efcc7dd75975795a340d82b6b88a46f7b52eb4da8297cf0a4a910403
68227,stationary_low_noise,none,zero_residual_frequency,0.0006996130895857711,0.0006810013366624901,1.861175292328099e-05,103.49621139654793,101.07770728041149,2.4185041161364467,9.631375957475097e-05,9.691366965813852e-05,5.999100833875559e-07,0.15785075493329945,0.15890203961009147,-0.0010512846767920248,-5.784784033846979e-06,-3.4946735548356507e-06,0.0033218596056839383,0.0025511513057911847,4,4,0,0,True,freq_hrl_no_leakage_v4,freq_lr1e4_std15_conservative,2026,4044,tuning_validation_mechanism_diagnostic,full_method_nested_hpo_v2,e71e450a28940aa51ea98625171e91a6efc840d2,79590490efcc7dd75975795a340d82b6b88a46f7b52eb4da8297cf0a4a910403
68207,stationary_low_noise,none,zero_residual_frequency,-8.740014191421785e-05,-8.413608837198883e-05,-3.2640535422290284e-06,-138.12207833270946,-133.6664325081253,-4.455645824584167,8.740014191421785e-05,8.413608837198883e-05,-3.2640535422290284e-06,0.01797987208642856,0.01793742315528395,4.244893114460982e-05,2.15273405028153e-05,1.14465974439468e-05,0.0009265829218482699,0.0011951800290994974,4,4,0,0,True,freq_hrl_no_leakage_v4,freq_lr1e4_std15_conservative,2039,4057,tuning_validation_mechanism_diagnostic,full_method_nested_hpo_v2,e71e450a28940aa51ea98625171e91a6efc840d2,79590490efcc7dd75975795a340d82b6b88a46f7b52eb4da8297cf0a4a910403
68209,stationary_low_noise,none,zero_residual_frequency,-4.980225580020203e-05,-5.99787448516409e-05,1.0176489051438864e-05,-103.65578125063486,-117.48564972137902,13.82986847074416,4.980225580020203e-05,5.99787448516409e-05,1.0176489051438864e-05,0.018714459642529987,0.017783197130141,0.0009312625123889876,3.59175952061063e-05,2.1167345423105113e-05,0.0011388788170986824,0.0017548385939183694,4,4,0,0,True,freq_hrl_no_leakage_v4,freq_lr1e4_std15_conservative,2039,4057,tuning_validation_mechanism_diagnostic,full_method_nested_hpo_v2,e71e450a28940aa51ea98625171e91a6efc840d2,79590490efcc7dd75975795a340d82b6b88a46f7b52eb4da8297cf0a4a910403
68213,stationary_low_noise,none,zero_residual_frequency,-0.00015297294974225828,-0.00015403044548201184,1.0574957397535556e-06,-219.51072858632654,-220.727192381773,1.216463795446458,0.00015297294974225828,0.00015403044548201184,1.0574957397535556e-06,0.029221971681163004,0.02927924680252214,-5.727512135913701e-05,3.247415601806269e-05,1.9031724749976936e-05,0.0010180728481938358,0.0014199129903640065,4,4,0,0,True,freq_hrl_no_leakage_v4,freq_lr1e4_std15_conservative,2039,4057,tuning_validation_mechanism_diagnostic,full_method_nested_hpo_v2,e71e450a28940aa51ea98625171e91a6efc840d2,79590490efcc7dd75975795a340d82b6b88a46f7b52eb4da8297cf0a4a910403
68219,stationary_low_noise,none,zero_residual_frequency,-7.594992035475645e-05,-7.931891945678338e-05,3.368999102026926e-06,-129.462867561551,-133.5884161766582,4.125548615107192,7.594992035475645e-05,7.931891945678338e-05,3.368999102026926e-06,0.021673924292488874,0.02147348494791588,0.0002004393445729953,2.343712933634846e-05,1.114762172317069e-05,0.0008118156437553302,0.0012047738353784451,4,4,0,0,True,freq_hrl_no_leakage_v4,freq_lr1e4_std15_conservative,2039,4057,tuning_validation_mechanism_diagnostic,full_method_nested_hpo_v2,e71e450a28940aa51ea98625171e91a6efc840d2,79590490efcc7dd75975795a340d82b6b88a46f7b52eb4da8297cf0a4a910403
68227,stationary_low_noise,none,zero_residual_frequency,-7.94116249521748e-05,-8.335331436581939e-05,3.941689413644589e-06,-133.17767243246348,-139.52834233535705,6.350669902893571,7.97340386027301e-05,8.387265301512681e-05,4.138614412396713e-06,0.01883742114684188,0.01860819474688974,0.0002292263999521399,3.167112744435879e-05,1.600198605171392e-05,0.0008059192038653388,0.0011119544998829647,4,4,0,0,True,freq_hrl_no_leakage_v4,freq_lr1e4_std15_conservative,2039,4057,tuning_validation_mechanism_diagnostic,full_method_nested_hpo_v2,e71e450a28940aa51ea98625171e91a6efc840d2,79590490efcc7dd75975795a340d82b6b88a46f7b52eb4da8297cf0a4a910403
68207,stationary_low_noise,none,zero_residual_frequency,-0.00010598757712798612,-0.00010390849705543825,-2.0790800725478675e-06,-223.67401316790685,-217.4004712865203,-6.2735418813865635,0.00010598757712798612,0.00010390849705543825,-2.0790800725478675e-06,0.014399245594735844,0.014645130084341956,-0.00024588448960611263,2.053431617328955e-05,9.473461115731169e-06,0.0009406532355064379,0.001070898178740107,4,4,0,0,True,freq_hrl_no_leakage_v4,freq_lr1e4_std15_conservative,2053,4071,tuning_validation_mechanism_diagnostic,full_method_nested_hpo_v2,e71e450a28940aa51ea98625171e91a6efc840d2,79590490efcc7dd75975795a340d82b6b88a46f7b52eb4da8297cf0a4a910403
68209,stationary_low_noise,none,zero_residual_frequency,-0.00015691193898914602,-0.00015740008446674114,4.881454775951255e-07,-348.54662004866054,-366.7524249891126,18.205804940452083,0.00015691193898914602,0.00015740008446674114,4.881454775951255e-07,0.01518066183328132,0.014906686099922146,0.0002739757333591747,1.849117333453905e-05,1.3193320894971593e-05,0.001249098231248682,0.0012842787598717426,4,4,0,0,True,freq_hrl_no_leakage_v4,freq_lr1e4_std15_conservative,2053,4071,tuning_validation_mechanism_diagnostic,full_method_nested_hpo_v2,e71e450a28940aa51ea98625171e91a6efc840d2,79590490efcc7dd75975795a340d82b6b88a46f7b52eb4da8297cf0a4a910403
68213,stationary_low_noise,none,zero_residual_frequency,-5.695446696096784e-05,-5.2713406334725654e-05,-4.241060626242188e-06,-78.8506592054605,-72.20490783634519,-6.645751369115317,5.695446696096784e-05,5.2713406334725654e-05,-4.241060626242188e-06,0.02084417558464463,0.020946829227640445,-0.000102653642995814,-1.865576630036e-06,9.538904705143695e-07,0.0013433146375809377,0.0015217418277163434,4,4,0,0,True,freq_hrl_no_leakage_v4,freq_lr1e4_std15_conservative,2053,4071,tuning_validation_mechanism_diagnostic,full_method_nested_hpo_v2,e71e450a28940aa51ea98625171e91a6efc840d2,79590490efcc7dd75975795a340d82b6b88a46f7b52eb4da8297cf0a4a910403
68219,stationary_low_noise,none,zero_residual_frequency,-5.346295702035597e-05,-5.193846057638396e-05,-1.5244964439720121e-06,-101.50413486356321,-98.61159366802318,-2.8925411955400335,5.8086080290675746e-05,5.6436883774990676e-05,-1.6491965156850696e-06,0.014142364736065751,0.014114435099561416,2.7929636504334804e-05,1.5074870254652783e-05,6.190788579366416e-06,0.000922016088050744,0.0010551304414447157,4,4,0,0,True,freq_hrl_no_leakage_v4,freq_lr1e4_std15_conservative,2053,4071,tuning_validation_mechanism_diagnostic,full_method_nested_hpo_v2,e71e450a28940aa51ea98625171e91a6efc840d2,79590490efcc7dd75975795a340d82b6b88a46f7b52eb4da8297cf0a4a910403
68227,stationary_low_noise,none,zero_residual_frequency,-6.973908130147866e-05,-6.73233317048938e-05,-2.4157495965848597e-06,-126.68553849844285,-119.35203588883081,-7.33350260961204,7.182728368693159e-05,6.951249905617907e-05,-2.31478463075252e-06,0.014111724108509218,0.014415926987205735,-0.00030420287869651653,1.6964161327307235e-05,5.015912422617036e-06,0.0009645632345483238,0.0010468141417530003,4,4,0,0,True,freq_hrl_no_leakage_v4,freq_lr1e4_std15_conservative,2053,4071,tuning_validation_mechanism_diagnostic,full_method_nested_hpo_v2,e71e450a28940aa51ea98625171e91a6efc840d2,79590490efcc7dd75975795a340d82b6b88a46f7b52eb4da8297cf0a4a910403
68207,persistent_shift,none,zero_residual_frequency,0.004753135252878904,0.004795965191017881,-4.28299381389774e-05,220.46034093380217,220.71106183891885,-0.25072090511667966,0.00020016364150510224,0.00019987630417217517,-2.873373329270734e-07,0.17836189653705742,0.1788515498555977,-0.000489653318540284,-2.8496569911123935e-05,-1.761045091221604e-05,0.004944049200993403,0.004514349039669064,4,4,0,0,True,freq_hrl_no_leakage_v4,freq_lr1e4_std15_conservative,2026,2026,tuning_validation_mechanism_diagnostic,full_method_nested_hpo_v2,e71e450a28940aa51ea98625171e91a6efc840d2,79590490efcc7dd75975795a340d82b6b88a46f7b52eb4da8297cf0a4a910403
68209,persistent_shift,none,zero_residual_frequency,0.004425370251368799,0.004360777903541724,6.45923478270749e-05,201.17200963164112,201.88121349458825,-0.7092038629471347,0.0002871125443789646,0.0002742988782704625,-1.2813666108502098e-05,0.20173924448963781,0.19869113062687532,0.0030481138627624915,-2.358664899296759e-05,-2.895380651140406e-05,0.008982164080670272,0.008224592725956527,4,4,0,0,True,freq_hrl_no_leakage_v4,freq_lr1e4_std15_conservative,2026,2026,tuning_validation_mechanism_diagnostic,full_method_nested_hpo_v2,e71e450a28940aa51ea98625171e91a6efc840d2,79590490efcc7dd75975795a340d82b6b88a46f7b52eb4da8297cf0a4a910403
68213,persistent_shift,none,zero_residual_frequency,0.005266098426769172,0.0052859945033330025,-1.989607656383008e-05,214.52566987904302,214.99019421619906,-0.46452433715603547,0.000256922387627756,0.00025271888338662674,-4.203504241129252e-06,0.23022985678061209,0.23007378587021637,0.00015607091039571142,-2.8825461535605926e-05,-2.873703002979705e-05,0.00772351308565299,0.006755645734786716,4,4,0,0,True,freq_hrl_no_leakage_v4,freq_lr1e4_std15_conservative,2026,2026,tuning_validation_mechanism_diagnostic,full_method_nested_hpo_v2,e71e450a28940aa51ea98625171e91a6efc840d2,79590490efcc7dd75975795a340d82b6b88a46f7b52eb4da8297cf0a4a910403
68219,persistent_shift,none,zero_residual_frequency,0.0042159944254089865,0.004276221393750612,-6.0226968341625664e-05,200.9345028690484,200.8836295866315,0.05087328241688738,0.00036470830511381447,0.0003670387745573489,2.330469443534433e-06,0.20116874696525153,0.20395619336396908,-0.002787446398717558,1.1331875021327736e-05,-2.270871697288104e-05,0.00568325769741528,0.0048628376114518475,4,4,0,0,True,freq_hrl_no_leakage_v4,freq_lr1e4_std15_conservative,2026,2026,tuning_validation_mechanism_diagnostic,full_method_nested_hpo_v2,e71e450a28940aa51ea98625171e91a6efc840d2,79590490efcc7dd75975795a340d82b6b88a46f7b52eb4da8297cf0a4a910403
68227,persistent_shift,none,zero_residual_frequency,0.0035755244720325763,0.003928519497202743,-0.00035299502517016634,203.32589865634668,204.74052790589192,-1.4146292495452428,0.00011568113192350626,0.00013345856703794734,1.7777435114441076e-05,0.153521861416063,0.16195298389350915,-0.008431122477446151,-1.639792515786482e-05,-1.043123753711906e-05,0.006241720526931102,0.00601881818693073,4,4,0,0,True,freq_hrl_no_leakage_v4,freq_lr1e4_std15_conservative,2026,2026,tuning_validation_mechanism_diagnostic,full_method_nested_hpo_v2,e71e450a28940aa51ea98625171e91a6efc840d2,79590490efcc7dd75975795a340d82b6b88a46f7b52eb4da8297cf0a4a910403
68207,persistent_shift,none,zero_residual_frequency,0.005222833462786847,0.005219891750111616,2.94171267523069e-06,205.9541080322938,204.92029223687717,1.033815795416615,0.00022029763381337109,0.00021942423063336935,-8.734031800017306e-07,0.21295186255921,0.2161201361598802,-0.0031682736006702072,-0.00010821668917542258,-9.259712963326401e-05,0.007098763261456044,0.005130317144600364,4,4,0,0,True,freq_hrl_no_leakage_v4,freq_lr1e4_std15_conservative,2039,2039,tuning_validation_mechanism_diagnostic,full_method_nested_hpo_v2,e71e450a28940aa51ea98625171e91a6efc840d2,79590490efcc7dd75975795a340d82b6b88a46f7b52eb4da8297cf0a4a910403
68209,persistent_shift,none,zero_residual_frequency,0.0026388131062646814,0.0026874072769675905,-4.859417070290917e-05,165.75595622642197,164.97854438158856,0.7774118448334093,0.00020084022245714372,0.00022190483726081123,2.1064614803667503e-05,0.24359651308367253,0.2452810211564042,-0.001684508072731683,1.3485100857878739e-05,-1.7485870176606972e-05,0.011938835417297216,0.009222242963813994,4,4,0,0,True,freq_hrl_no_leakage_v4,freq_lr1e4_std15_conservative,2039,2039,tuning_validation_mechanism_diagnostic,full_method_nested_hpo_v2,e71e450a28940aa51ea98625171e91a6efc840d2,79590490efcc7dd75975795a340d82b6b88a46f7b52eb4da8297cf0a4a910403
68213,persistent_shift,none,zero_residual_frequency,0.005647674984041062,0.005696371714652981,-4.869673061191904e-05,210.94915954290596,207.50092096111538,3.4482385817905765,0.00013856667609513096,0.00014769009259529842,9.123416500167458e-06,0.2668855597447528,0.2740707118287874,-0.007185152084034585,-5.4201689483107386e-05,-6.313809910272522e-05,0.012000989511943772,0.00804679517419168,4,4,0,0,True,freq_hrl_no_leakage_v4,freq_lr1e4_std15_conservative,2039,2039,tuning_validation_mechanism_diagnostic,full_method_nested_hpo_v2,e71e450a28940aa51ea98625171e91a6efc840d2,79590490efcc7dd75975795a340d82b6b88a46f7b52eb4da8297cf0a4a910403
68219,persistent_shift,none,zero_residual_frequency,0.0047890216884818315,0.00475962139406505,2.940029441678149e-05,178.26101043206225,177.6392234499256,0.6217869821366548,0.0004761877666986658,0.0004814508026823594,5.263035983693598e-06,0.2412439170747258,0.2414135723826619,-0.00016965530793608408,-9.128403904883645e-05,-0.00010646041224916697,0.007653854194722953,0.005610097412702292,4,4,0,0,True,freq_hrl_no_leakage_v4,freq_lr1e4_std15_conservative,2039,2039,tuning_validation_mechanism_diagnostic,full_method_nested_hpo_v2,e71e450a28940aa51ea98625171e91a6efc840d2,79590490efcc7dd75975795a340d82b6b88a46f7b52eb4da8297cf0a4a910403
68227,persistent_shift,none,zero_residual_frequency,0.0035848290856923537,0.0035128509753774573,7.197811031489643e-05,181.57777370245344,181.69736908386898,-0.11959538141553594,0.000275501347392626,0.00026240827909074227,-1.3093068301883726e-05,0.21204882596155822,0.2095710558901695,0.0024777700713887185,-5.542533150376521e-05,-7.007316003393497e-05,0.00796719265583508,0.0055515094714388,4,4,0,0,True,freq_hrl_no_leakage_v4,freq_lr1e4_std15_conservative,2039,2039,tuning_validation_mechanism_diagnostic,full_method_nested_hpo_v2,e71e450a28940aa51ea98625171e91a6efc840d2,79590490efcc7dd75975795a340d82b6b88a46f7b52eb4da8297cf0a4a910403
68207,persistent_shift,none,zero_residual_frequency,0.004665434035627802,0.004647569210637803,1.7864824989999306e-05,158.8173528686075,158.42159527239016,0.3957575962173223,0.0006422005248689633,0.0006454108809572645,3.210356088301225e-06,0.22140657469651753,0.22157074346138192,-0.00016416876486438636,2.7955628601207073e-05,1.545536462504323e-05,0.006458075321461365,0.007587571658627389,4,4,0,0,True,freq_hrl_no_leakage_v4,freq_lr1e4_std15_conservative,2053,2053,tuning_validation_mechanism_diagnostic,full_method_nested_hpo_v2,e71e450a28940aa51ea98625171e91a6efc840d2,79590490efcc7dd75975795a340d82b6b88a46f7b52eb4da8297cf0a4a910403
68209,persistent_shift,none,zero_residual_frequency,0.006068799055184204,0.00603659841365789,3.22006415263143e-05,207.94143246762823,207.85660531151603,0.0848271561121976,0.00023918632624664316,0.00023342525149849802,-5.761074748145134e-06,0.23070955463957993,0.23055584227966605,0.00015371235991387677,1.3837797882833034e-06,-7.64929109563366e-05,0.010669258251194453,0.012851133222122575,4,4,0,0,True,freq_hrl_no_leakage_v4,freq_lr1e4_std15_conservative,2053,2053,tuning_validation_mechanism_diagnostic,full_method_nested_hpo_v2,e71e450a28940aa51ea98625171e91a6efc840d2,79590490efcc7dd75975795a340d82b6b88a46f7b52eb4da8297cf0a4a910403
68213,persistent_shift,none,zero_residual_frequency,0.006378432871850803,0.006312204973816016,6.622789803478746e-05,184.76741681527602,183.39631091740543,1.3711058978705921,0.0003193044658685862,0.0003104532329596399,-8.851232908946294e-06,0.2490269059418436,0.2510208919994078,-0.0019939860575642065,3.0774259929354266e-05,-1.5709199487570012e-05,0.01139222545522595,0.014288322307402268,4,4,0,0,True,freq_hrl_no_leakage_v4,freq_lr1e4_std15_conservative,2053,2053,tuning_validation_mechanism_diagnostic,full_method_nested_hpo_v2,e71e450a28940aa51ea98625171e91a6efc840d2,79590490efcc7dd75975795a340d82b6b88a46f7b52eb4da8297cf0a4a910403
68219,persistent_shift,none,zero_residual_frequency,0.003522718326121055,0.0035061094452373265,1.660888088372836e-05,116.54646908062168,116.0638944566751,0.4825746239465758,0.0012097745890989886,0.0012066075068237758,-3.1670822752127847e-06,0.24255988284971214,0.24438032386774797,-0.0018204410180358288,5.8169994744901276e-05,2.536814744276405e-05,0.00688290825128206,0.008101413514587976,4,4,0,0,True,freq_hrl_no_leakage_v4,freq_lr1e4_std15_conservative,2053,2053,tuning_validation_mechanism_diagnostic,full_method_nested_hpo_v2,e71e450a28940aa51ea98625171e91a6efc840d2,79590490efcc7dd75975795a340d82b6b88a46f7b52eb4da8297cf0a4a910403
68227,persistent_shift,none,zero_residual_frequency,0.004448173796476995,0.004430713175829437,1.7460620647558045e-05,172.61001897657502,172.43286719783995,0.17715177873506605,0.00046815279046519276,0.0004694884522922216,1.3356618270288223e-06,0.2026197202503697,0.20314495566203855,-0.0005252354116688507,3.399956142922407e-05,-3.834143265898613e-06,0.00697219612601556,0.007885201687006177,4,4,0,0,True,freq_hrl_no_leakage_v4,freq_lr1e4_std15_conservative,2053,2053,tuning_validation_mechanism_diagnostic,full_method_nested_hpo_v2,e71e450a28940aa51ea98625171e91a6efc840d2,79590490efcc7dd75975795a340d82b6b88a46f7b52eb4da8297cf0a4a910403
68207,ood_period,none,zero_residual_frequency,0.003450603940551522,0.003464634965362645,-1.403102481112306e-05,183.52647307132912,183.5112044139632,0.015268657365908211,0.000133833601004274,0.00013667510659609583,2.8415055918218357e-06,0.13218711279647086,0.1328094448580571,-0.0006223320615862393,-0.00014162416774404204,-0.00011132775835096972,0.00505600701441027,0.004291406128161018,4,4,0,0,True,freq_hrl_no_leakage_v4,freq_lr1e4_std15_conservative,2026,7071,tuning_validation_mechanism_diagnostic,full_method_nested_hpo_v2,e71e450a28940aa51ea98625171e91a6efc840d2,79590490efcc7dd75975795a340d82b6b88a46f7b52eb4da8297cf0a4a910403
68209,ood_period,none,zero_residual_frequency,0.0013243756689980124,0.0013226142898943305,1.7613791036819038e-06,96.74213411538815,96.74191832432258,0.00021579106557112482,0.0002719749666783011,0.0002665309719289688,-5.443994749332326e-06,0.12446118629705069,0.1231351864944304,0.001325999802620298,6.07235764786412e-05,5.10408551534051e-06,0.0070546631882785335,0.005994172148833362,4,4,0,0,True,freq_hrl_no_leakage_v4,freq_lr1e4_std15_conservative,2026,7071,tuning_validation_mechanism_diagnostic,full_method_nested_hpo_v2,e71e450a28940aa51ea98625171e91a6efc840d2,79590490efcc7dd75975795a340d82b6b88a46f7b52eb4da8297cf0a4a910403
68213,ood_period,none,zero_residual_frequency,0.0037555940748721373,0.0038030451084383188,-4.745103356618152e-05,155.46987493505253,155.27578357930682,0.19409135574571224,0.00023236309708574154,0.00024052308899336072,8.15999190761918e-06,0.17599383719624095,0.18018360496626626,-0.004189767770025304,-0.00020254159897936381,-0.0001310799456389952,0.00818642427612354,0.00587854343046072,4,4,0,0,True,freq_hrl_no_leakage_v4,freq_lr1e4_std15_conservative,2026,7071,tuning_validation_mechanism_diagnostic,full_method_nested_hpo_v2,e71e450a28940aa51ea98625171e91a6efc840d2,79590490efcc7dd75975795a340d82b6b88a46f7b52eb4da8297cf0a4a910403
68219,ood_period,none,zero_residual_frequency,0.0024024639480755283,0.0024306112681380387,-2.8147320062510417e-05,143.05430971561324,144.20703091230044,-1.152721196687196,0.00019099367587105398,0.0001892823247520159,-1.7113511190380848e-06,0.1364054788124253,0.1350060303484265,0.0013994484639987814,-0.00015847668656018759,-0.00013947928299096809,0.0052593385395185675,0.004381485487910039,4,4,0,0,True,freq_hrl_no_leakage_v4,freq_lr1e4_std15_conservative,2026,7071,tuning_validation_mechanism_diagnostic,full_method_nested_hpo_v2,e71e450a28940aa51ea98625171e91a6efc840d2,79590490efcc7dd75975795a340d82b6b88a46f7b52eb4da8297cf0a4a910403
68227,ood_period,none,zero_residual_frequency,0.00266083974449427,0.002707368001139354,-4.65282566450842e-05,151.60638537517366,152.76882143973506,-1.1624360645614047,0.00017492665954699227,0.00017276889483008873,-2.157764716903543e-06,0.1425744177327592,0.1436562373131114,-0.0010818195803521946,-0.0001737061971311768,-0.00013605987983650135,0.006422523374233909,0.005348985668226508,4,4,0,0,True,freq_hrl_no_leakage_v4,freq_lr1e4_std15_conservative,2026,7071,tuning_validation_mechanism_diagnostic,full_method_nested_hpo_v2,e71e450a28940aa51ea98625171e91a6efc840d2,79590490efcc7dd75975795a340d82b6b88a46f7b52eb4da8297cf0a4a910403
68207,ood_period,none,zero_residual_frequency,0.0005770554706479025,0.0005858090171304564,-8.753546482553887e-06,25.54024800352998,25.877799179566054,-0.3375511760360723,0.0007433681593618235,0.0007403321792536222,-3.035980108201386e-06,0.25118129000588624,0.2506726034406099,0.0005086865652763617,5.6100362082944744e-05,7.399422640482186e-05,0.004639791986664932,0.004504412767993117,4,4,0,0,True,freq_hrl_no_leakage_v4,freq_lr1e4_std15_conservative,2039,7084,tuning_validation_mechanism_diagnostic,full_method_nested_hpo_v2,e71e450a28940aa51ea98625171e91a6efc840d2,79590490efcc7dd75975795a340d82b6b88a46f7b52eb4da8297cf0a4a910403
68209,ood_period,none,zero_residual_frequency,0.0005753214622266078,0.0005658079116352965,9.513550591311315e-06,29.374450663148703,28.988582876118066,0.3858677870306373,0.0008531789812554758,0.0008517614467340451,-1.4175345214306745e-06,0.2485498989375935,0.24472346494438746,0.0038264339932060354,0.000146402230490093,5.660654424529933e-05,0.007235304687957169,0.007758407935721657,4,4,0,0,True,freq_hrl_no_leakage_v4,freq_lr1e4_std15_conservative,2039,7084,tuning_validation_mechanism_diagnostic,full_method_nested_hpo_v2,e71e450a28940aa51ea98625171e91a6efc840d2,79590490efcc7dd75975795a340d82b6b88a46f7b52eb4da8297cf0a4a910403
68213,ood_period,none,zero_residual_frequency,0.0014575582002627208,0.0014643346472049679,-6.776446942247105e-06,61.84928866729514,62.082287526677476,-0.23299885938233444,0.0003387806478388766,0.00033868054161223515,-1.0010622664147206e-07,0.31210173030693056,0.3117887369739874,0.0003129933329431567,8.104056368450245e-05,5.375857970865004e-05,0.007502349937729176,0.0069644936598908525,4,4,0,0,True,freq_hrl_no_leakage_v4,freq_lr1e4_std15_conservative,2039,7084,tuning_validation_mechanism_diagnostic,full_method_nested_hpo_v2,e71e450a28940aa51ea98625171e91a6efc840d2,79590490efcc7dd75975795a340d82b6b88a46f7b52eb4da8297cf0a4a910403
68219,ood_period,none,zero_residual_frequency,0.0006909667774006589,0.0006940803150783381,-3.11353767767919e-06,42.477226731288724,42.561596309955256,-0.08436957866653216,0.00048811426292005855,0.0004891099632018392,9.957002817806426e-07,0.23330418114592105,0.23205509213994568,0.0012490890059753679,0.0001192327913655371,6.335441252313592e-05,0.004891499400986907,0.004527741729422511,4,4,0,0,True,freq_hrl_no_leakage_v4,freq_lr1e4_std15_conservative,2039,7084,tuning_validation_mechanism_diagnostic,full_method_nested_hpo_v2,e71e450a28940aa51ea98625171e91a6efc840d2,79590490efcc7dd75975795a340d82b6b88a46f7b52eb4da8297cf0a4a910403
68227,ood_period,none,zero_residual_frequency,0.0006416641908604248,0.0006380047976142222,3.659393246202569e-06,34.485369923082104,34.25447399819295,0.230895924889154,0.0006653088110136762,0.0006675740067776381,2.2651957639618914e-06,0.25413007931174136,0.2532667893588901,0.0008632899528512872,9.735897897885276e-05,5.69892767072194e-05,0.006100152353317551,0.005727369111001382,4,4,0,0,True,freq_hrl_no_leakage_v4,freq_lr1e4_std15_conservative,2039,7084,tuning_validation_mechanism_diagnostic,full_method_nested_hpo_v2,e71e450a28940aa51ea98625171e91a6efc840d2,79590490efcc7dd75975795a340d82b6b88a46f7b52eb4da8297cf0a4a910403
68207,ood_period,none,zero_residual_frequency,-0.0013566343031062855,-0.0013838420583807132,2.7207755274427647e-05,-83.18427998870224,-87.08298239809253,3.898702409390282,0.0013843906509868331,0.001402278170838378,1.788751985154491e-05,0.2607346089664843,0.25749674917062987,0.0032378597958544475,-0.00012077876822468306,-9.66294317060417e-05,0.008615255038481944,0.011694865132449194,4,4,0,0,True,freq_hrl_no_leakage_v4,freq_lr1e4_std15_conservative,2053,7098,tuning_validation_mechanism_diagnostic,full_method_nested_hpo_v2,e71e450a28940aa51ea98625171e91a6efc840d2,79590490efcc7dd75975795a340d82b6b88a46f7b52eb4da8297cf0a4a910403
68209,ood_period,none,zero_residual_frequency,-5.459962549136943e-05,-7.512179544555408e-05,2.0522169954184655e-05,-3.304361049571798,-4.775389120048742,1.4710280704769443,0.0005169528719205507,0.0005067300645621442,-1.0222807358406527e-05,0.24627935516390206,0.24101378603242163,0.005265569131480435,-2.2274411825133737e-06,-9.284004319787532e-05,0.015499643684112623,0.02113731054188166,4,4,0,0,True,freq_hrl_no_leakage_v4,freq_lr1e4_std15_conservative,2053,7098,tuning_validation_mechanism_diagnostic,full_method_nested_hpo_v2,e71e450a28940aa51ea98625171e91a6efc840d2,79590490efcc7dd75975795a340d82b6b88a46f7b52eb4da8297cf0a4a910403
68213,ood_period,none,zero_residual_frequency,0.0014951676473342612,0.0015703383781140445,-7.517073077978331e-05,78.26232836232627,81.96437787765201,-3.70204951532574,0.0002859694541716973,0.0002624793990251284,-2.3490055146568878e-05,0.2699441050841712,0.26841667245273026,0.0015274326314409503,-1.1695175780478761e-05,-8.32573272774651e-05,0.01405394367078164,0.018834523336004674,4,4,0,0,True,freq_hrl_no_leakage_v4,freq_lr1e4_std15_conservative,2053,7098,tuning_validation_mechanism_diagnostic,full_method_nested_hpo_v2,e71e450a28940aa51ea98625171e91a6efc840d2,79590490efcc7dd75975795a340d82b6b88a46f7b52eb4da8297cf0a4a910403
68219,ood_period,none,zero_residual_frequency,-0.00025489995627858697,-0.00020322925899396438,-5.167069728462259e-05,-19.585568730045697,-15.602749087060724,-3.982819642984973,0.00043254754131327733,0.0004233234992746526,-9.224042038624702e-06,0.21633121874547082,0.21360723568293022,0.002723983062540597,-7.456732478624618e-05,-9.661842283837e-05,0.009074183297586084,0.013137237320835184,4,4,0,0,True,freq_hrl_no_leakage_v4,freq_lr1e4_std15_conservative,2053,7098,tuning_validation_mechanism_diagnostic,full_method_nested_hpo_v2,e71e450a28940aa51ea98625171e91a6efc840d2,79590490efcc7dd75975795a340d82b6b88a46f7b52eb4da8297cf0a4a910403
68227,ood_period,none,zero_residual_frequency,0.0002430093826788493,0.00028443637647757036,-4.142699379872106e-05,19.119729715902054,22.32221774748909,-3.2024880315870377,0.00041085261905804416,0.00039647001064213594,-1.4382608415908216e-05,0.2372977376466135,0.2380104092323027,-0.0007126715856892174,-2.665687841460616e-05,-8.927413373270522e-05,0.010457951576366515,0.014990205885583741,4,4,0,0,True,freq_hrl_no_leakage_v4,freq_lr1e4_std15_conservative,2053,7098,tuning_validation_mechanism_diagnostic,full_method_nested_hpo_v2,e71e450a28940aa51ea98625171e91a6efc840d2,79590490efcc7dd75975795a340d82b6b88a46f7b52eb4da8297cf0a4a910403
68207,stationary_low_noise,none,zero_residual_frequency,-0.00014395281943591076,-0.00015151424135240177,7.561421916491007e-06,-159.47989202542516,-166.53691122282373,7.057019197398574,0.00014428433592683643,0.00015195053387628832,7.666197949451892e-06,0.020399700135680036,0.020041178980351994,0.00035852115532804263,3.892799386724302e-05,9.107280679108864e-06,0.0008092557378871687,0.0009413900387951596,7,7,4,4,True,freq_hrl_no_leakage_v4,freq_lr3e4_std05_activegate,2026,4044,tuning_validation_mechanism_diagnostic,full_method_nested_hpo_v2,e71e450a28940aa51ea98625171e91a6efc840d2,79590490efcc7dd75975795a340d82b6b88a46f7b52eb4da8297cf0a4a910403
68209,stationary_low_noise,none,zero_residual_frequency,-0.00010680512345884186,-0.00010006950225449618,-6.7356212043456765e-06,-123.92058742943165,-126.27263401575223,2.352046586320583,0.00012886129630029775,0.00012085531965677632,-8.005976643521429e-06,0.023082943288546893,0.02274787068114341,0.0003350726074034839,5.051891338127354e-05,1.6196515016706636e-06,0.0010106073386452862,0.0011542149330744504,11,10,8,7,True,freq_hrl_no_leakage_v4,freq_lr3e4_std05_activegate,2026,4044,tuning_validation_mechanism_diagnostic,full_method_nested_hpo_v2,e71e450a28940aa51ea98625171e91a6efc840d2,79590490efcc7dd75975795a340d82b6b88a46f7b52eb4da8297cf0a4a910403
68213,stationary_low_noise,none,zero_residual_frequency,-0.00013270490278871616,-9.993334866109649e-05,-3.277155412761967e-05,-290.5737299477271,-240.7244864303243,-49.84924351740278,0.00013270490278871616,9.993334866109649e-05,-3.277155412761967e-05,0.027548927475663745,0.02564019485657974,0.001908732619084006,3.448611649451811e-05,-4.688156571829122e-06,0.0010599529351073519,0.0012918490866443081,5,5,1,1,True,freq_hrl_no_leakage_v4,freq_lr3e4_std05_activegate,2026,4044,tuning_validation_mechanism_diagnostic,full_method_nested_hpo_v2,e71e450a28940aa51ea98625171e91a6efc840d2,79590490efcc7dd75975795a340d82b6b88a46f7b52eb4da8297cf0a4a910403
68219,stationary_low_noise,none,zero_residual_frequency,-0.00014763493002256656,-0.00013005646113994906,-1.7578468882617493e-05,-299.0935632981215,-294.92141072241463,-4.172152575706889,0.00014763493002256656,0.00013005646113994906,-1.7578468882617493e-05,0.017537133943076443,0.016407699901144678,0.0011294340419317657,4.139911885044272e-05,9.623322111722972e-06,0.0008017002448373963,0.0009196203540429653,5,5,3,3,True,freq_hrl_no_leakage_v4,freq_lr3e4_std05_activegate,2026,4044,tuning_validation_mechanism_diagnostic,full_method_nested_hpo_v2,e71e450a28940aa51ea98625171e91a6efc840d2,79590490efcc7dd75975795a340d82b6b88a46f7b52eb4da8297cf0a4a910403
68227,stationary_low_noise,none,zero_residual_frequency,-0.0001800466569864545,-0.0001908579495101259,1.0811292523671412e-05,-211.02669903293028,-223.40390675540579,12.377207722475504,0.0001805177533183988,0.0001908579495101259,1.0340196191727102e-05,0.02152996704167775,0.020988083710692655,0.0005418833309850934,3.776430126330464e-05,1.056815986179267e-05,0.0008904143246051414,0.0010392898460723802,7,7,4,4,True,freq_hrl_no_leakage_v4,freq_lr3e4_std05_activegate,2026,4044,tuning_validation_mechanism_diagnostic,full_method_nested_hpo_v2,e71e450a28940aa51ea98625171e91a6efc840d2,79590490efcc7dd75975795a340d82b6b88a46f7b52eb4da8297cf0a4a910403
68207,stationary_low_noise,none,zero_residual_frequency,-9.115150887073487e-05,-8.160334294982086e-05,-9.548165920914009e-06,-155.79850932807088,-144.81087756170314,-10.987631766367741,9.115150887073487e-05,8.160334294982086e-05,-9.548165920914009e-06,0.018231060399317333,0.01850736517832533,-0.0002763047790079985,7.554735550346429e-05,4.2414013751425e-05,0.0009257246005240127,0.00118886995062692,5,5,1,1,True,freq_hrl_no_leakage_v4,freq_lr3e4_std05_activegate,2039,4057,tuning_validation_mechanism_diagnostic,full_method_nested_hpo_v2,e71e450a28940aa51ea98625171e91a6efc840d2,79590490efcc7dd75975795a340d82b6b88a46f7b52eb4da8297cf0a4a910403
68209,stationary_low_noise,none,zero_residual_frequency,-0.0001106807838939794,-0.00011949769617580763,8.816912281828237e-06,-220.12583198250192,-232.15494559216032,12.029113609658395,0.00011285087471635258,0.00012558025320108523,1.2729378484732656e-05,0.022644876497475167,0.01964374736568024,0.0030011291317949274,8.518345771180879e-05,3.671940734919251e-05,0.0010943650108654565,0.0016744139766008933,6,6,2,3,True,freq_hrl_no_leakage_v4,freq_lr3e4_std05_activegate,2039,4057,tuning_validation_mechanism_diagnostic,full_method_nested_hpo_v2,e71e450a28940aa51ea98625171e91a6efc840d2,79590490efcc7dd75975795a340d82b6b88a46f7b52eb4da8297cf0a4a910403
68213,stationary_low_noise,none,zero_residual_frequency,-0.00014579136972869833,-0.00014427211988732314,-1.519249841375192e-06,-213.89078296028666,-213.16201430787495,-0.7287686524117021,0.00014579136972869833,0.00014427211988732314,-1.519249841375192e-06,0.029162536063415314,0.029354510783239557,-0.00019197471982424288,9.263134925754193e-05,5.57928442502857e-05,0.0010180614023833337,0.0014199005438854328,4,4,0,0,True,freq_hrl_no_leakage_v4,freq_lr3e4_std05_activegate,2039,4057,tuning_validation_mechanism_diagnostic,full_method_nested_hpo_v2,e71e450a28940aa51ea98625171e91a6efc840d2,79590490efcc7dd75975795a340d82b6b88a46f7b52eb4da8297cf0a4a910403
68219,stationary_low_noise,none,zero_residual_frequency,-6.96153603234606e-05,-7.311443814850271e-05,3.4990778250421073e-06,-120.07232287992048,-124.3248356259613,4.252512746040821,6.96153603234606e-05,7.311443814850271e-05,3.4990778250421073e-06,0.021991154238342102,0.02192425952235484,6.689471598726043e-05,7.62187630710683e-05,4.122760619784454e-05,0.0008118093357552425,0.0012047721288076393,4,4,0,0,True,freq_hrl_no_leakage_v4,freq_lr3e4_std05_activegate,2039,4057,tuning_validation_mechanism_diagnostic,full_method_nested_hpo_v2,e71e450a28940aa51ea98625171e91a6efc840d2,79590490efcc7dd75975795a340d82b6b88a46f7b52eb4da8297cf0a4a910403
68227,stationary_low_noise,none,zero_residual_frequency,-7.142503714530068e-05,-7.317488818492368e-05,1.749851039622996e-06,-118.59844701288127,-120.66377528357341,2.0653282706921487,7.255008217743608e-05,7.414643651293407e-05,1.5963543354979848e-06,0.019531008981492383,0.01901782369429479,0.0005131852871975914,8.409761531614304e-05,4.847280494826078e-05,0.0008059184431810233,0.0011119620984320336,4,4,0,0,True,freq_hrl_no_leakage_v4,freq_lr3e4_std05_activegate,2039,4057,tuning_validation_mechanism_diagnostic,full_method_nested_hpo_v2,e71e450a28940aa51ea98625171e91a6efc840d2,79590490efcc7dd75975795a340d82b6b88a46f7b52eb4da8297cf0a4a910403
68207,stationary_low_noise,none,zero_residual_frequency,0.0042257985353204575,0.004244763691647613,-1.896515632715534e-05,139.17227768992433,139.5679464588352,-0.3956687689108662,0.0005629584803431564,0.000560994187177144,-1.964293166012432e-06,0.561401895189803,0.5618035296162616,-0.0004016344264585747,-0.00012184821001358592,-0.0001739555583150434,0.003508563505359537,0.003117613005936922,4,4,0,0,True,freq_hrl_no_leakage_v4,freq_lr3e4_std05_activegate,2053,4071,tuning_validation_mechanism_diagnostic,full_method_nested_hpo_v2,e71e450a28940aa51ea98625171e91a6efc840d2,79590490efcc7dd75975795a340d82b6b88a46f7b52eb4da8297cf0a4a910403
68209,stationary_low_noise,none,zero_residual_frequency,0.002372771392618045,0.002425347738528316,-5.257634591027127e-05,84.88153557769577,86.31354055670975,-1.432004979013982,0.0005429039995856755,0.0005435527243287108,6.487247430353449e-07,0.5541703695569684,0.5542578322161571,-8.746265918868623e-05,-0.00015067913439767915,-0.00023708462560120843,0.004889289608763647,0.00392984298596275,4,4,0,0,True,freq_hrl_no_leakage_v4,freq_lr3e4_std05_activegate,2053,4071,tuning_validation_mechanism_diagnostic,full_method_nested_hpo_v2,e71e450a28940aa51ea98625171e91a6efc840d2,79590490efcc7dd75975795a340d82b6b88a46f7b52eb4da8297cf0a4a910403
68213,stationary_low_noise,none,zero_residual_frequency,0.0058948308124491255,0.005894191283873473,6.395285756521929e-07,157.07927970490906,156.97294078139552,0.10633892351353325,0.0005506700478349336,0.0005455156844408338,-5.1543633940998035e-06,0.6967147301237355,0.6984656211500215,-0.0017508910262860056,-0.0004476649200808,-0.0004477176239615048,0.0046794652347064885,0.0030609795956277395,4,4,0,0,True,freq_hrl_no_leakage_v4,freq_lr3e4_std05_activegate,2053,4071,tuning_validation_mechanism_diagnostic,full_method_nested_hpo_v2,e71e450a28940aa51ea98625171e91a6efc840d2,79590490efcc7dd75975795a340d82b6b88a46f7b52eb4da8297cf0a4a910403
68219,stationary_low_noise,none,zero_residual_frequency,0.0035627371538156094,0.003569034020489248,-6.29686667363849e-06,121.92604694577007,122.15101330831241,-0.2249663625423466,0.0004442514381615137,0.0004411387227463148,-3.1127154151988634e-06,0.5996075927959883,0.5994726051202595,0.00013498767572883708,-0.00022755420811715584,-0.00026233987501493485,0.0035278366603759223,0.0025707048406022493,4,4,0,0,True,freq_hrl_no_leakage_v4,freq_lr3e4_std05_activegate,2053,4071,tuning_validation_mechanism_diagnostic,full_method_nested_hpo_v2,e71e450a28940aa51ea98625171e91a6efc840d2,79590490efcc7dd75975795a340d82b6b88a46f7b52eb4da8297cf0a4a910403
68227,stationary_low_noise,none,zero_residual_frequency,0.004376239713995922,0.004414618084416455,-3.837837042053316e-05,131.37887910687905,132.31332717055582,-0.9344480636767685,0.000501808491040201,0.0005020761265236429,2.676354834418859e-07,0.5887900314024996,0.5880363013387261,0.00075373006377355,-0.00010847153759801633,-0.00021671998103739489,0.004034748504879341,0.0034771965491624244,4,4,0,0,True,freq_hrl_no_leakage_v4,freq_lr3e4_std05_activegate,2053,4071,tuning_validation_mechanism_diagnostic,full_method_nested_hpo_v2,e71e450a28940aa51ea98625171e91a6efc840d2,79590490efcc7dd75975795a340d82b6b88a46f7b52eb4da8297cf0a4a910403
68207,persistent_shift,none,zero_residual_frequency,-0.0002950796841976189,-0.00018424618122936387,-0.000110833502968255,-218.38766948121923,-123.66490569957777,-94.72276378164146,0.00030372040774551134,0.00019884326073937864,-0.00010487714700613271,0.02902299322380067,0.031018202082279456,-0.0019952088584787864,1.4750343816835738e-05,1.4612787421916738e-05,0.0014933115153850296,0.0016435533785839754,4,5,0,1,True,freq_hrl_no_leakage_v4,freq_lr3e4_std05_activegate,2026,2026,tuning_validation_mechanism_diagnostic,full_method_nested_hpo_v2,e71e450a28940aa51ea98625171e91a6efc840d2,79590490efcc7dd75975795a340d82b6b88a46f7b52eb4da8297cf0a4a910403
68209,persistent_shift,none,zero_residual_frequency,0.0001816400139991181,0.00024121306499980122,-5.957305100068311e-05,60.849210158369615,77.03792431457838,-16.18871415620876,0.00020552795323547368,0.0002017375794428622,-3.79037379261149e-06,0.042195253228626606,0.042040781867967086,0.00015447136065951939,1.2938771146732757e-05,5.657423993252449e-06,0.002516843892486362,0.0028694637573210002,4,4,0,0,True,freq_hrl_no_leakage_v4,freq_lr3e4_std05_activegate,2026,2026,tuning_validation_mechanism_diagnostic,full_method_nested_hpo_v2,e71e450a28940aa51ea98625171e91a6efc840d2,79590490efcc7dd75975795a340d82b6b88a46f7b52eb4da8297cf0a4a910403
68213,persistent_shift,none,zero_residual_frequency,-0.0004891726645016581,-0.0005078263659571425,1.8653701455484395e-05,-341.44718771907634,-336.88208987211925,-4.565097846957087,0.0004891726645016581,0.0005078263659571425,1.8653701455484395e-05,0.051218702616802184,0.049215383622817785,0.0020033189939843987,5.2123357332400935e-05,-1.742013305523936e-06,0.0020598725890446684,0.002681824556958645,4,4,0,0,True,freq_hrl_no_leakage_v4,freq_lr3e4_std05_activegate,2026,2026,tuning_validation_mechanism_diagnostic,full_method_nested_hpo_v2,e71e450a28940aa51ea98625171e91a6efc840d2,79590490efcc7dd75975795a340d82b6b88a46f7b52eb4da8297cf0a4a910403
68219,persistent_shift,none,zero_residual_frequency,-0.0005136285057494305,-0.0005062355282563491,-7.392977493081432e-06,-393.8610720117749,-388.5167335305066,-5.3443384812683234,0.0005136285057494305,0.0005062355282563491,-7.392977493081432e-06,0.03834625068716292,0.03811358264632836,0.00023266804083456327,3.811663593520173e-05,1.4031496246496253e-06,0.0019926182123334176,0.0021207778704409623,4,4,0,0,True,freq_hrl_no_leakage_v4,freq_lr3e4_std05_activegate,2026,2026,tuning_validation_mechanism_diagnostic,full_method_nested_hpo_v2,e71e450a28940aa51ea98625171e91a6efc840d2,79590490efcc7dd75975795a340d82b6b88a46f7b52eb4da8297cf0a4a910403
68227,persistent_shift,none,zero_residual_frequency,-0.00015489574211857704,-0.00016830562165748297,1.3409879538905933e-05,-128.69552033552557,-144.56779138355228,15.872271048026704,0.00015489574211857704,0.00016830562165748297,1.3409879538905933e-05,0.027812440487291423,0.025738201275412775,0.0020742392118786486,4.387425811810047e-05,1.578103407398529e-05,0.002149497002492574,0.0024031318388520306,4,4,0,0,True,freq_hrl_no_leakage_v4,freq_lr3e4_std05_activegate,2026,2026,tuning_validation_mechanism_diagnostic,full_method_nested_hpo_v2,e71e450a28940aa51ea98625171e91a6efc840d2,79590490efcc7dd75975795a340d82b6b88a46f7b52eb4da8297cf0a4a910403
68207,persistent_shift,none,zero_residual_frequency,-0.0003261984977668275,-0.0003171438774705049,-9.054620296322646e-06,-76.52793750330306,-67.97144901800159,-8.556488485301472,0.0005013865554325259,0.0005129259861510471,1.153943071852126e-05,0.03362356557887819,0.03513310311971609,-0.0015095375408379005,-1.2260052092885672e-05,-1.1493319836946014e-05,0.0009820075987420295,0.0008997491022859727,24,24,23,23,True,freq_hrl_no_leakage_v4,freq_lr3e4_std05_activegate,2039,2039,tuning_validation_mechanism_diagnostic,full_method_nested_hpo_v2,e71e450a28940aa51ea98625171e91a6efc840d2,79590490efcc7dd75975795a340d82b6b88a46f7b52eb4da8297cf0a4a910403
68209,persistent_shift,none,zero_residual_frequency,-0.0003203050165370147,-0.00028784596957387443,-3.245904696314028e-05,-121.51625057502423,-105.19500020412767,-16.321250370896564,0.0003203050165370147,0.00028784596957387443,-3.245904696314028e-05,0.027121759485267273,0.0282828062969825,-0.0011610468117152287,3.393766616218437e-05,3.958848946630936e-05,0.0013602621541205433,0.00105473352703282,17,17,15,15,True,freq_hrl_no_leakage_v4,freq_lr3e4_std05_activegate,2039,2039,tuning_validation_mechanism_diagnostic,full_method_nested_hpo_v2,e71e450a28940aa51ea98625171e91a6efc840d2,79590490efcc7dd75975795a340d82b6b88a46f7b52eb4da8297cf0a4a910403
68213,persistent_shift,none,zero_residual_frequency,-0.0006507227507237534,-0.0006370690078094654,-1.3653742914288003e-05,-119.20164305999391,-116.78670155345708,-2.4149415065368345,0.0008418396988769672,0.0008369895752414758,-4.850123635491421e-06,0.043217297030000754,0.04310391202935185,0.00011338500064890511,-2.639761688445723e-05,-1.0297552650248921e-05,0.0013702668622954661,0.0009786108287749408,24,22,23,21,True,freq_hrl_no_leakage_v4,freq_lr3e4_std05_activegate,2039,2039,tuning_validation_mechanism_diagnostic,full_method_nested_hpo_v2,e71e450a28940aa51ea98625171e91a6efc840d2,79590490efcc7dd75975795a340d82b6b88a46f7b52eb4da8297cf0a4a910403
68219,persistent_shift,none,zero_residual_frequency,-0.0008303394540877251,-0.0008418535865702959,1.1514132482570716e-05,-130.96492519282256,-126.97419204592327,-3.990733146899288,0.0009330314972009202,0.0009579184594354917,2.488696223457154e-05,0.051243099857368316,0.05237343953618962,-0.0011303396788213058,-8.704469730122742e-06,-2.8592175551010713e-05,0.0011465319189975767,0.001009451471521869,24,24,23,23,True,freq_hrl_no_leakage_v4,freq_lr3e4_std05_activegate,2039,2039,tuning_validation_mechanism_diagnostic,full_method_nested_hpo_v2,e71e450a28940aa51ea98625171e91a6efc840d2,79590490efcc7dd75975795a340d82b6b88a46f7b52eb4da8297cf0a4a910403
68227,persistent_shift,none,zero_residual_frequency,-0.00034958517980365755,-0.0003423702226036385,-7.214957200019079e-06,-99.83501270417948,-99.28638849667524,-0.5486242075042327,0.0004483025155714859,0.0004397121555897998,-8.590359981686113e-06,0.033787849369933995,0.032239604563341726,0.0015482448065922694,1.7149507223664384e-05,-1.834970266834956e-05,0.001276642217669001,0.001149950960399969,24,24,23,23,True,freq_hrl_no_leakage_v4,freq_lr3e4_std05_activegate,2039,2039,tuning_validation_mechanism_diagnostic,full_method_nested_hpo_v2,e71e450a28940aa51ea98625171e91a6efc840d2,79590490efcc7dd75975795a340d82b6b88a46f7b52eb4da8297cf0a4a910403
68207,persistent_shift,none,zero_residual_frequency,6.385175624057382e-05,-0.00018944384538543968,0.0002532956016260135,1.112304115328164,-3.239925905879062,4.352230021207226,0.0031132381083517346,0.00317706913807847,6.383102972673527e-05,0.9426790776298068,0.9332007520318757,0.009478325597931159,0.0003909066946467637,9.324160875427465e-05,0.01172006400673935,0.010555099127749499,4,4,0,0,True,freq_hrl_no_leakage_v4,freq_lr3e4_std05_activegate,2053,2053,tuning_validation_mechanism_diagnostic,full_method_nested_hpo_v2,e71e450a28940aa51ea98625171e91a6efc840d2,79590490efcc7dd75975795a340d82b6b88a46f7b52eb4da8297cf0a4a910403
68209,persistent_shift,none,zero_residual_frequency,0.004656459888531916,0.004335600943958795,0.00032085894457312136,83.2887777284798,79.6987598529216,3.5900178755582033,0.0016962499874628723,0.0017302428250892676,3.399283762639538e-05,0.8588565043785719,0.8432988054930077,0.01555769888556413,0.0004308705017429873,-9.168968425481974e-05,0.019507460807572995,0.0182016396264468,4,4,0,0,True,freq_hrl_no_leakage_v4,freq_lr3e4_std05_activegate,2053,2053,tuning_validation_mechanism_diagnostic,full_method_nested_hpo_v2,e71e450a28940aa51ea98625171e91a6efc840d2,79590490efcc7dd75975795a340d82b6b88a46f7b52eb4da8297cf0a4a910403
68213,persistent_shift,none,zero_residual_frequency,0.0017595434940800292,0.0013627013589387893,0.0003968421351412399,27.9358975434913,21.920267240224703,6.015630303266597,0.0031421597204208673,0.003361527125775976,0.00021936740535510868,1.0353375537022569,1.0270686626692807,0.008268891032976233,0.0006090894347665873,7.109562169211152e-05,0.018768155935281864,0.017180039159494398,4,4,0,0,True,freq_hrl_no_leakage_v4,freq_lr3e4_std05_activegate,2053,2053,tuning_validation_mechanism_diagnostic,full_method_nested_hpo_v2,e71e450a28940aa51ea98625171e91a6efc840d2,79590490efcc7dd75975795a340d82b6b88a46f7b52eb4da8297cf0a4a910403
68219,persistent_shift,none,zero_residual_frequency,-0.003687115525610296,-0.003915851342384924,0.00022873581677462784,-64.71767039487779,-68.97415178961822,4.256481394740433,0.005941388095754729,0.00609454138309673,0.0001531532873420005,1.0244848836498115,1.024693571249096,-0.00020868759928460712,0.0004902291227842791,0.00010750874214113983,0.01271768473978025,0.011221662471749974,4,4,0,0,True,freq_hrl_no_leakage_v4,freq_lr3e4_std05_activegate,2053,2053,tuning_validation_mechanism_diagnostic,full_method_nested_hpo_v2,e71e450a28940aa51ea98625171e91a6efc840d2,79590490efcc7dd75975795a340d82b6b88a46f7b52eb4da8297cf0a4a910403
68227,persistent_shift,none,zero_residual_frequency,0.0014225922554520487,0.0011972024840802842,0.00022538977137176452,31.07355657116,26.640231663349955,4.4333249078100465,0.002451520553843678,0.002475808504634025,2.4287950790347068e-05,0.8243376616281062,0.8159423912043156,0.008395270423790624,0.00038350496521448343,6.803783773234808e-05,0.01413945395915006,0.011627758470260435,4,4,0,0,True,freq_hrl_no_leakage_v4,freq_lr3e4_std05_activegate,2053,2053,tuning_validation_mechanism_diagnostic,full_method_nested_hpo_v2,e71e450a28940aa51ea98625171e91a6efc840d2,79590490efcc7dd75975795a340d82b6b88a46f7b52eb4da8297cf0a4a910403
68207,ood_period,none,zero_residual_frequency,0.02555593877110862,0.025686517205525172,-0.0001305784344165506,190.53714579024194,190.71019994790274,-0.17305415766080046,0.0005614957123228903,0.0005638831256030707,2.3874132801804393e-06,0.9266027732583982,0.9298092171222192,-0.0032064438638209625,-0.0002711517345503696,-0.0002744306861295067,0.007155231823586897,0.006101818604980103,24,24,23,23,True,freq_hrl_no_leakage_v4,freq_lr3e4_std05_activegate,2026,7071,tuning_validation_mechanism_diagnostic,full_method_nested_hpo_v2,e71e450a28940aa51ea98625171e91a6efc840d2,79590490efcc7dd75975795a340d82b6b88a46f7b52eb4da8297cf0a4a910403
68209,ood_period,none,zero_residual_frequency,0.017407797469873865,0.01736873289088825,3.906457898561477e-05,146.49478923296306,146.56384535694252,-0.0690561239794647,0.001804228587109713,0.0017859020879211762,-1.8326499188536793e-05,0.8797731449581156,0.8779348835485159,0.0018382614095997507,-0.00016257509835940667,-0.0003067387616089822,0.011074967367595591,0.010937711652352139,23,23,22,22,True,freq_hrl_no_leakage_v4,freq_lr3e4_std05_activegate,2026,7071,tuning_validation_mechanism_diagnostic,full_method_nested_hpo_v2,e71e450a28940aa51ea98625171e91a6efc840d2,79590490efcc7dd75975795a340d82b6b88a46f7b52eb4da8297cf0a4a910403
68213,ood_period,none,zero_residual_frequency,0.02379927792262526,0.023923257589625768,-0.00012397966700050667,170.8948249532057,171.47052276157763,-0.5756978083719275,0.0008129134969455665,0.0008059248404493902,-6.988656496176304e-06,0.9438259740245665,0.945883565949481,-0.0020575919249145036,-0.0003966889542101258,-0.00032343443743486724,0.011078273151280071,0.009487220223915453,22,22,21,21,True,freq_hrl_no_leakage_v4,freq_lr3e4_std05_activegate,2026,7071,tuning_validation_mechanism_diagnostic,full_method_nested_hpo_v2,e71e450a28940aa51ea98625171e91a6efc840d2,79590490efcc7dd75975795a340d82b6b88a46f7b52eb4da8297cf0a4a910403
68219,ood_period,none,zero_residual_frequency,0.01629790814193277,0.01645968157572697,-0.00016177343379419895,147.89866663436132,148.2067703781003,-0.3081037437389682,0.0011267058223641824,0.0011384365442123068,1.1730721848124404e-05,0.8187251550594488,0.8231929041442687,-0.00446774908481995,-0.0002859617047106108,-0.0002961778017783279,0.007488773681446522,0.0067820085406613845,24,24,23,23,True,freq_hrl_no_leakage_v4,freq_lr3e4_std05_activegate,2026,7071,tuning_validation_mechanism_diagnostic,full_method_nested_hpo_v2,e71e450a28940aa51ea98625171e91a6efc840d2,79590490efcc7dd75975795a340d82b6b88a46f7b52eb4da8297cf0a4a910403
68227,ood_period,none,zero_residual_frequency,0.019553640662645755,0.019683269360693423,-0.00012962869804766797,154.30740736071374,154.6142591799154,-0.30685181920165405,0.0007987450275385166,0.0007796405170616971,-1.9104510476819492e-05,0.9226613495237899,0.9259969988833869,-0.0033356493595970704,-0.0003168870023645045,-0.0003007642441907709,0.008600451183964549,0.007521767084027589,24,24,23,23,True,freq_hrl_no_leakage_v4,freq_lr3e4_std05_activegate,2026,7071,tuning_validation_mechanism_diagnostic,full_method_nested_hpo_v2,e71e450a28940aa51ea98625171e91a6efc840d2,79590490efcc7dd75975795a340d82b6b88a46f7b52eb4da8297cf0a4a910403
68207,ood_period,none,zero_residual_frequency,0.038023350727448335,0.037966148458381976,5.7202269066358724e-05,169.3852480378133,169.16861031260632,0.21663772520699354,0.0010500059248262916,0.0010551710869476372,5.165162121345546e-06,1.0162456709153034,1.014009900747895,0.0022357701674082797,0.0005906075469285018,0.0005198773278638749,0.013607351968837772,0.011834803264355287,24,24,23,23,True,freq_hrl_no_leakage_v4,freq_lr3e4_std05_activegate,2039,7084,tuning_validation_mechanism_diagnostic,full_method_nested_hpo_v2,e71e450a28940aa51ea98625171e91a6efc840d2,79590490efcc7dd75975795a340d82b6b88a46f7b52eb4da8297cf0a4a910403
68209,ood_period,none,zero_residual_frequency,0.024946774019291462,0.024903299051147076,4.3474968144385784e-05,124.08312441154015,124.20533797071134,-0.12221355917118615,0.0034218330089363924,0.0033976505264889933,-2.4182482447399067e-05,1.0103356282768954,1.0057607656670524,0.004574862609842967,0.0009844981995371718,0.0004829123348515441,0.021708006691996063,0.018840713737558364,24,24,23,23,True,freq_hrl_no_leakage_v4,freq_lr3e4_std05_activegate,2039,7084,tuning_validation_mechanism_diagnostic,full_method_nested_hpo_v2,e71e450a28940aa51ea98625171e91a6efc840d2,79590490efcc7dd75975795a340d82b6b88a46f7b52eb4da8297cf0a4a910403
68213,ood_period,none,zero_residual_frequency,0.03407063173840141,0.03401375746030788,5.687427809353274e-05,162.55127510279033,162.28746122365737,0.26381387913295384,0.0030204850494450763,0.0030331063959788684,1.26213465337921e-05,1.0181756975936596,1.015525326980945,0.0026503706127145588,0.0012702862243049793,0.0009188572013794035,0.020641982931071348,0.017806284852041342,24,24,23,23,True,freq_hrl_no_leakage_v4,freq_lr3e4_std05_activegate,2039,7084,tuning_validation_mechanism_diagnostic,full_method_nested_hpo_v2,e71e450a28940aa51ea98625171e91a6efc840d2,79590490efcc7dd75975795a340d82b6b88a46f7b52eb4da8297cf0a4a910403
68219,ood_period,none,zero_residual_frequency,0.028457605963300825,0.028473170842323592,-1.556487902276693e-05,147.7913854305258,147.6452447671507,0.14614066337509257,0.0021974712269597907,0.0022324259276708114,3.495470071102069e-05,1.0065815055918002,1.0039716975753465,0.0026098080164536075,0.0006486040741046817,0.0004923002968227475,0.014370234359133368,0.013001671077088555,24,24,23,23,True,freq_hrl_no_leakage_v4,freq_lr3e4_std05_activegate,2039,7084,tuning_validation_mechanism_diagnostic,full_method_nested_hpo_v2,e71e450a28940aa51ea98625171e91a6efc840d2,79590490efcc7dd75975795a340d82b6b88a46f7b52eb4da8297cf0a4a910403
68227,ood_period,none,zero_residual_frequency,0.029146451560235542,0.029117505370350738,2.894618988480424e-05,137.94898494055028,137.67920681412824,0.2697781264220396,0.0028282342174184016,0.0028695277632035943,4.129354578519262e-05,1.0110285584321654,1.0092966537978774,0.0017319046342880728,0.0007836441927346697,0.0005452205429927633,0.016942821250672247,0.014660283262168783,24,24,23,23,True,freq_hrl_no_leakage_v4,freq_lr3e4_std05_activegate,2039,7084,tuning_validation_mechanism_diagnostic,full_method_nested_hpo_v2,e71e450a28940aa51ea98625171e91a6efc840d2,79590490efcc7dd75975795a340d82b6b88a46f7b52eb4da8297cf0a4a910403
68207,ood_period,none,zero_residual_frequency,0.0015161514822035205,0.0015977377932652193,-8.158631106169878e-05,28.912571996004957,30.315808292861476,-1.4032362968565195,0.003045920908204214,0.0030009187398417625,-4.50021683624513e-05,1.021228302985218,1.0158186014207522,0.005409701564465852,0.00042898792140457344,0.00026501786241524673,0.014168493773063852,0.013745144118567827,4,4,0,0,True,freq_hrl_no_leakage_v4,freq_lr3e4_std05_activegate,2053,7098,tuning_validation_mechanism_diagnostic,full_method_nested_hpo_v2,e71e450a28940aa51ea98625171e91a6efc840d2,79590490efcc7dd75975795a340d82b6b88a46f7b52eb4da8297cf0a4a910403
68209,ood_period,none,zero_residual_frequency,-0.0016725723484217747,-0.0015906670209787643,-8.190532744301038e-05,-36.195460978742425,-34.00316594084359,-2.1922950378988375,0.004098431475779263,0.004069053675884726,-2.9377799894536594e-05,0.9748665439627702,0.9787937120254978,-0.003927168062727637,0.0010915525879529795,0.0002859680977923021,0.019135169335034636,0.02153377738173327,4,4,0,0,True,freq_hrl_no_leakage_v4,freq_lr3e4_std05_activegate,2053,7098,tuning_validation_mechanism_diagnostic,full_method_nested_hpo_v2,e71e450a28940aa51ea98625171e91a6efc840d2,79590490efcc7dd75975795a340d82b6b88a46f7b52eb4da8297cf0a4a910403
68213,ood_period,none,zero_residual_frequency,0.005419872376438706,0.00547388952007144,-5.401714363273413e-05,68.68783484458886,68.8453964407608,-0.15756159617193077,0.0025432600788197757,0.00262742864406329,8.416856524351424e-05,1.2729269268684948,1.2735396527965193,-0.0006127259280244157,0.0011265766516211674,0.00034447067488981963,0.024040121094569458,0.026527432386905685,4,4,0,0,True,freq_hrl_no_leakage_v4,freq_lr3e4_std05_activegate,2053,7098,tuning_validation_mechanism_diagnostic,full_method_nested_hpo_v2,e71e450a28940aa51ea98625171e91a6efc840d2,79590490efcc7dd75975795a340d82b6b88a46f7b52eb4da8297cf0a4a910403
68219,ood_period,none,zero_residual_frequency,0.0023536112926214603,0.0024363324600265024,-8.27211674050421e-05,41.4767050056651,42.663921596750235,-1.1872165910851322,0.002584651386205117,0.0025507934547657207,-3.385793143939608e-05,0.9592860521572814,0.9554465604631599,0.003839491694121455,0.0007371160295487408,0.0003419212234171181,0.014498968149645304,0.013197987252755814,4,4,0,0,True,freq_hrl_no_leakage_v4,freq_lr3e4_std05_activegate,2053,7098,tuning_validation_mechanism_diagnostic,full_method_nested_hpo_v2,e71e450a28940aa51ea98625171e91a6efc840d2,79590490efcc7dd75975795a340d82b6b88a46f7b52eb4da8297cf0a4a910403
68227,ood_period,none,zero_residual_frequency,0.0023990050967714893,0.002430715617730561,-3.1710520959071786e-05,41.05581054097501,41.116839495708895,-0.06102895473388514,0.0020922735245064716,0.002152509887274223,6.023636276775157e-05,1.0419887130965737,1.0469847529349685,-0.004996039838394806,0.0007780998770000351,0.00031051194161416183,0.017793088810988896,0.01574160770396702,4,4,0,0,True,freq_hrl_no_leakage_v4,freq_lr3e4_std05_activegate,2053,7098,tuning_validation_mechanism_diagnostic,full_method_nested_hpo_v2,e71e450a28940aa51ea98625171e91a6efc840d2,79590490efcc7dd75975795a340d82b6b88a46f7b52eb4da8297cf0a4a910403
68207,stationary_low_noise,none,zero_residual_frequency,0.0018183865475664973,0.0017925045469195933,2.5882000646904046e-05,129.46344229029816,129.0533494879189,0.4100928023792676,0.00015323367819852773,0.00015534489417556863,2.1112159770408923e-06,0.31178892660485,0.31009260589329546,0.0016963207115545664,-8.970419757671378e-06,-4.106500863400616e-05,0.004139411542726319,0.003757981478702277,4,4,0,0,True,freq_hrl_no_leakage_v4,freq_lr3e4_std10_balanced,2026,4044,tuning_validation_mechanism_diagnostic,full_method_nested_hpo_v2,e71e450a28940aa51ea98625171e91a6efc840d2,79590490efcc7dd75975795a340d82b6b88a46f7b52eb4da8297cf0a4a910403
68209,stationary_low_noise,none,zero_residual_frequency,0.0007759021189641668,0.0007588435971692675,1.7058521794899306e-05,60.96230268202834,59.720720707861666,1.241581974166671,0.0002513198641072023,0.00025516673043246563,3.846866325263321e-06,0.3022604386985753,0.3015286962993863,0.0007317423991889949,-0.0001866647982603958,-0.00015354388013549006,0.006203621797289492,0.005428313454548415,4,4,0,0,True,freq_hrl_no_leakage_v4,freq_lr3e4_std10_balanced,2026,4044,tuning_validation_mechanism_diagnostic,full_method_nested_hpo_v2,e71e450a28940aa51ea98625171e91a6efc840d2,79590490efcc7dd75975795a340d82b6b88a46f7b52eb4da8297cf0a4a910403
68213,stationary_low_noise,none,zero_residual_frequency,0.002283815730112604,0.0022997584605066734,-1.594273039406957e-05,144.4126655414775,144.80455813480302,-0.3918925933255082,0.0001401250338438631,0.0001404452940295675,3.2026018570441295e-07,0.36324599008438474,0.3640999026512234,-0.0008539125668386438,-5.1792236178797014e-05,-0.00010141365126613447,0.005963441722107948,0.004209025580591211,4,4,0,0,True,freq_hrl_no_leakage_v4,freq_lr3e4_std10_balanced,2026,4044,tuning_validation_mechanism_diagnostic,full_method_nested_hpo_v2,e71e450a28940aa51ea98625171e91a6efc840d2,79590490efcc7dd75975795a340d82b6b88a46f7b52eb4da8297cf0a4a910403
68219,stationary_low_noise,none,zero_residual_frequency,0.0013993248018746574,0.0013899769059495526,9.347895925104766e-06,110.20293537183842,110.02604585623774,0.17688951560067778,0.00011868322450248048,0.0001175766735083128,-1.1065509941676765e-06,0.3056924572271888,0.304959701653696,0.0007327555734927826,-1.2694269493620105e-05,2.785653193332067e-05,0.004414351494698268,0.0036198278132360427,4,4,0,0,True,freq_hrl_no_leakage_v4,freq_lr3e4_std10_balanced,2026,4044,tuning_validation_mechanism_diagnostic,full_method_nested_hpo_v2,e71e450a28940aa51ea98625171e91a6efc840d2,79590490efcc7dd75975795a340d82b6b88a46f7b52eb4da8297cf0a4a910403
68227,stationary_low_noise,none,zero_residual_frequency,0.0018131483009102833,0.0018116557186884652,1.4925822218181395e-06,118.09155729027194,118.03951380506062,0.05204348521131408,0.00019413147144864418,0.000193218318193078,-9.131532555661792e-07,0.32023369526548967,0.3186951414745148,0.0015385537909748948,-2.9484943057832303e-05,-0.00011323309267884919,0.0050303982208586406,0.004786853434699071,4,4,0,0,True,freq_hrl_no_leakage_v4,freq_lr3e4_std10_balanced,2026,4044,tuning_validation_mechanism_diagnostic,full_method_nested_hpo_v2,e71e450a28940aa51ea98625171e91a6efc840d2,79590490efcc7dd75975795a340d82b6b88a46f7b52eb4da8297cf0a4a910403
68207,stationary_low_noise,none,zero_residual_frequency,0.003803470069627446,0.003756286838007439,4.718323162000715e-05,120.51191959439318,121.37237150040102,-0.8604519060078388,0.0005015775894361418,0.0004990113944921548,-2.5661949439870213e-06,0.6709114378463081,0.657414651280402,0.013496786565906138,-0.0014852686555820117,-0.0012760067585890849,0.008263041024171495,0.010596829228355394,4,4,0,0,True,freq_hrl_no_leakage_v4,freq_lr3e4_std10_balanced,2039,4057,tuning_validation_mechanism_diagnostic,full_method_nested_hpo_v2,e71e450a28940aa51ea98625171e91a6efc840d2,79590490efcc7dd75975795a340d82b6b88a46f7b52eb4da8297cf0a4a910403
68209,stationary_low_noise,none,zero_residual_frequency,0.002306392154011405,0.002280628976170984,2.5763177840421037e-05,79.4468868558055,79.18520225368309,0.26168460212241484,0.0004571505215891225,0.000462577318961932,5.426797372809489e-06,0.625801481005448,0.6227445933562598,0.0030568876491882113,-0.0013460748143840425,-0.0012469300190928803,0.010018778944706557,0.012418582953816641,4,4,0,0,True,freq_hrl_no_leakage_v4,freq_lr3e4_std10_balanced,2039,4057,tuning_validation_mechanism_diagnostic,full_method_nested_hpo_v2,e71e450a28940aa51ea98625171e91a6efc840d2,79590490efcc7dd75975795a340d82b6b88a46f7b52eb4da8297cf0a4a910403
68213,stationary_low_noise,none,zero_residual_frequency,0.006003445465376789,0.006180120427487168,-0.00017667496211037914,159.71862775820605,161.803641258771,-2.0850135005649406,0.0004299250558117418,0.00045454974549297145,2.462468968122966e-05,0.7709626647685137,0.7720442828772374,-0.0010816181087236476,-0.0016925155604361683,-0.0013693474789771795,0.01332297184069628,0.0172176898898518,4,4,0,0,True,freq_hrl_no_leakage_v4,freq_lr3e4_std10_balanced,2039,4057,tuning_validation_mechanism_diagnostic,full_method_nested_hpo_v2,e71e450a28940aa51ea98625171e91a6efc840d2,79590490efcc7dd75975795a340d82b6b88a46f7b52eb4da8297cf0a4a910403
68219,stationary_low_noise,none,zero_residual_frequency,0.003553985374908697,0.0035575624775150416,-3.5771026063446953e-06,121.64441734230354,122.79610948657975,-1.1516921442762111,0.00034177073416385984,0.0003473039384659371,5.533204302077266e-06,0.6753632984958288,0.6672236560067425,0.008139642489086274,-0.001520157049378241,-0.0013248900915938172,0.008511440331252137,0.010646874693500449,4,4,0,0,True,freq_hrl_no_leakage_v4,freq_lr3e4_std10_balanced,2039,4057,tuning_validation_mechanism_diagnostic,full_method_nested_hpo_v2,e71e450a28940aa51ea98625171e91a6efc840d2,79590490efcc7dd75975795a340d82b6b88a46f7b52eb4da8297cf0a4a910403
68227,stationary_low_noise,none,zero_residual_frequency,0.004028840284824753,0.004000772439162414,2.8067845662338442e-05,122.92136853558434,122.80178448807261,0.11958404751172225,0.00040229963554250237,0.00040371154994456315,1.4119144020607877e-06,0.6723916440394992,0.6694580195701674,0.0029336244693318747,-0.0013558660508020055,-0.0012736012589880676,0.0077960339267722,0.009725189898745157,4,4,0,0,True,freq_hrl_no_leakage_v4,freq_lr3e4_std10_balanced,2039,4057,tuning_validation_mechanism_diagnostic,full_method_nested_hpo_v2,e71e450a28940aa51ea98625171e91a6efc840d2,79590490efcc7dd75975795a340d82b6b88a46f7b52eb4da8297cf0a4a910403
68207,stationary_low_noise,none,zero_residual_frequency,-0.0001047915825280743,-0.00010054210439236488,-4.249478135709417e-06,-228.71537766937274,-217.26208155195965,-11.453296117413089,0.0001047915825280743,0.00010054210439236488,-4.249478135709417e-06,0.013875147044003984,0.014153051802824761,-0.00027790475882077774,4.434561337469445e-05,2.2439593373653665e-05,0.0009406471741625763,0.0010708925616073532,4,4,0,0,True,freq_hrl_no_leakage_v4,freq_lr3e4_std10_balanced,2053,4071,tuning_validation_mechanism_diagnostic,full_method_nested_hpo_v2,e71e450a28940aa51ea98625171e91a6efc840d2,79590490efcc7dd75975795a340d82b6b88a46f7b52eb4da8297cf0a4a910403
68209,stationary_low_noise,none,zero_residual_frequency,-0.00015675882019483556,-0.00015443365460432457,-2.3251655905109914e-06,-344.20118524759147,-363.67746116267335,19.476275915081885,0.00015675882019483556,0.00015443365460432457,-2.3251655905109914e-06,0.01528352826455223,0.014670979738034665,0.0006125485265175649,4.415793183983119e-05,2.8974942886815124e-05,0.0012490993056297206,0.0012842687749033152,4,4,0,0,True,freq_hrl_no_leakage_v4,freq_lr3e4_std10_balanced,2053,4071,tuning_validation_mechanism_diagnostic,full_method_nested_hpo_v2,e71e450a28940aa51ea98625171e91a6efc840d2,79590490efcc7dd75975795a340d82b6b88a46f7b52eb4da8297cf0a4a910403
68213,stationary_low_noise,none,zero_residual_frequency,-5.784442201328677e-05,-5.077511342332919e-05,-7.069308589957579e-06,-82.20421276199974,-70.26515673087803,-11.939056031121709,5.784442201328677e-05,5.077511342332919e-05,-7.069308589957579e-06,0.02033201853206618,0.020703996698404628,-0.00037197816633844846,1.8003831438835905e-05,6.1463095266017804e-06,0.0013433101465055743,0.0015217353677257962,4,4,0,0,True,freq_hrl_no_leakage_v4,freq_lr3e4_std10_balanced,2053,4071,tuning_validation_mechanism_diagnostic,full_method_nested_hpo_v2,e71e450a28940aa51ea98625171e91a6efc840d2,79590490efcc7dd75975795a340d82b6b88a46f7b52eb4da8297cf0a4a910403
68219,stationary_low_noise,none,zero_residual_frequency,-5.295349249523351e-05,-4.9481022215580595e-05,-3.4724702796529172e-06,-102.95355086436632,-95.79143826568313,-7.162112598683194,5.746655059069017e-05,5.386817863084481e-05,-3.598371959845359e-06,0.013728127081927064,0.013664444216131482,6.368286579558173e-05,3.6300680393073284e-05,1.7892765848598776e-05,0.000922016699253921,0.0010551292470609042,4,4,0,0,True,freq_hrl_no_leakage_v4,freq_lr3e4_std10_balanced,2053,4071,tuning_validation_mechanism_diagnostic,full_method_nested_hpo_v2,e71e450a28940aa51ea98625171e91a6efc840d2,79590490efcc7dd75975795a340d82b6b88a46f7b52eb4da8297cf0a4a910403
68227,stationary_low_noise,none,zero_residual_frequency,-7.057332871551747e-05,-6.535573988619703e-05,-5.217588829320441e-06,-132.66437746356766,-119.44109463628139,-13.223282827286269,7.251067845281955e-05,6.738495084057661e-05,-5.125727612242947e-06,0.013886290635730367,0.014029417671598408,-0.00014312703586804101,3.9096998485640326e-05,1.4472639798003212e-05,0.0009645585830614638,0.0010468087854608003,4,4,0,0,True,freq_hrl_no_leakage_v4,freq_lr3e4_std10_balanced,2053,4071,tuning_validation_mechanism_diagnostic,full_method_nested_hpo_v2,e71e450a28940aa51ea98625171e91a6efc840d2,79590490efcc7dd75975795a340d82b6b88a46f7b52eb4da8297cf0a4a910403
68207,persistent_shift,none,zero_residual_frequency,0.011188152318502453,0.010878899732967406,0.000309252585535047,191.0513267589697,188.82439193525008,2.226934823719631,0.00044359908497504374,0.00043849952432950534,-5.0995606455384035e-06,0.5990872694401415,0.5914403453900003,0.007646924050141113,-0.0003101015649517796,-0.00016379407696012055,0.009258389910408168,0.009626629980468553,4,4,0,0,True,freq_hrl_no_leakage_v4,freq_lr3e4_std10_balanced,2026,2026,tuning_validation_mechanism_diagnostic,full_method_nested_hpo_v2,e71e450a28940aa51ea98625171e91a6efc840d2,79590490efcc7dd75975795a340d82b6b88a46f7b52eb4da8297cf0a4a910403
68209,persistent_shift,none,zero_residual_frequency,0.009893174940595717,0.010232701692243662,-0.000339526751647945,169.64841757976413,171.5450792603029,-1.8966616805387844,0.00042601131502084666,0.00046374099769941335,3.772968267856669e-05,0.6776429968072547,0.6909315950248315,-0.013288598217576775,-0.00024031714469642827,-0.00012560593414135125,0.013685090826846944,0.014372222379218631,4,4,0,0,True,freq_hrl_no_leakage_v4,freq_lr3e4_std10_balanced,2026,2026,tuning_validation_mechanism_diagnostic,full_method_nested_hpo_v2,e71e450a28940aa51ea98625171e91a6efc840d2,79590490efcc7dd75975795a340d82b6b88a46f7b52eb4da8297cf0a4a910403
68213,persistent_shift,none,zero_residual_frequency,0.013121583351481503,0.013162800061085944,-4.121670960444135e-05,214.31599481802454,213.77948045026554,0.536514367758997,0.00028290816787568396,0.00030226383526710254,1.9355667391418585e-05,0.7192920996730592,0.721922895779128,-0.0026307961060688667,-0.0002152202133296661,-0.00014154249994082852,0.012165451077291637,0.012092689908846902,4,4,0,0,True,freq_hrl_no_leakage_v4,freq_lr3e4_std10_balanced,2026,2026,tuning_validation_mechanism_diagnostic,full_method_nested_hpo_v2,e71e450a28940aa51ea98625171e91a6efc840d2,79590490efcc7dd75975795a340d82b6b88a46f7b52eb4da8297cf0a4a910403
68219,persistent_shift,none,zero_residual_frequency,0.00850569257660827,0.008222699854450566,0.00028299272215770443,161.10065988803947,158.026179476838,3.0744804112014776,0.0005195524123776663,0.0005206227422515086,1.0703298738423683e-06,0.645621958164998,0.6445962428100602,0.001025715354937784,-0.0002877370980121038,-0.00016442778531929395,0.010286673536837852,0.011093094740095288,4,4,0,0,True,freq_hrl_no_leakage_v4,freq_lr3e4_std10_balanced,2026,2026,tuning_validation_mechanism_diagnostic,full_method_nested_hpo_v2,e71e450a28940aa51ea98625171e91a6efc840d2,79590490efcc7dd75975795a340d82b6b88a46f7b52eb4da8297cf0a4a910403
68227,persistent_shift,none,zero_residual_frequency,0.008944330920106935,0.008879103385464715,6.522753464222042e-05,173.18364815677447,172.4202919375153,0.7633562192591796,0.0002906243837044187,0.00028647882006371805,-4.1455636407006224e-06,0.5698612272847658,0.5691792000665024,0.0006820272182634923,-0.0003137043526783978,-0.00013355942535486708,0.011059463999360255,0.010517179228190798,4,4,0,0,True,freq_hrl_no_leakage_v4,freq_lr3e4_std10_balanced,2026,2026,tuning_validation_mechanism_diagnostic,full_method_nested_hpo_v2,e71e450a28940aa51ea98625171e91a6efc840d2,79590490efcc7dd75975795a340d82b6b88a46f7b52eb4da8297cf0a4a910403
68207,persistent_shift,none,zero_residual_frequency,0.026985418549934748,0.026851085759606708,0.00013433279032804002,217.6538869451444,216.95882725972797,0.6950596854164246,0.0007760090739082903,0.0007873045830378844,1.1295509129594095e-05,0.8258202910919406,0.8225566915562026,0.00326359953573796,-6.356155015397218e-06,3.8177318055507764e-05,0.015043670671952392,0.016686627288840506,4,4,0,0,True,freq_hrl_no_leakage_v4,freq_lr3e4_std10_balanced,2039,2039,tuning_validation_mechanism_diagnostic,full_method_nested_hpo_v2,e71e450a28940aa51ea98625171e91a6efc840d2,79590490efcc7dd75975795a340d82b6b88a46f7b52eb4da8297cf0a4a910403
68209,persistent_shift,none,zero_residual_frequency,0.02287924562964805,0.02322169013044384,-0.00034244450079579103,189.83353639611698,189.50291976969876,0.33061662641821954,0.002061633629124371,0.002123755295066365,6.212166594199431e-05,0.9043629390261977,0.9188219443270509,-0.0144590053008532,-0.0003655428032999609,7.849239903636487e-05,0.0243181070629766,0.024940047080680317,4,4,0,0,True,freq_hrl_no_leakage_v4,freq_lr3e4_std10_balanced,2039,2039,tuning_validation_mechanism_diagnostic,full_method_nested_hpo_v2,e71e450a28940aa51ea98625171e91a6efc840d2,79590490efcc7dd75975795a340d82b6b88a46f7b52eb4da8297cf0a4a910403
68213,persistent_shift,none,zero_residual_frequency,0.03158265032205465,0.031471065261411635,0.00011158506064301577,204.83058356538814,203.8636094910098,0.9669740743783279,0.00110520218496446,0.001141638955699742,3.6436770735281954e-05,1.0392153725173632,1.0404026994969788,-0.001187326979615655,-8.645758846835891e-05,8.910554055179066e-05,0.02361787614869779,0.023502840252573758,4,4,0,0,True,freq_hrl_no_leakage_v4,freq_lr3e4_std10_balanced,2039,2039,tuning_validation_mechanism_diagnostic,full_method_nested_hpo_v2,e71e450a28940aa51ea98625171e91a6efc840d2,79590490efcc7dd75975795a340d82b6b88a46f7b52eb4da8297cf0a4a910403
68219,persistent_shift,none,zero_residual_frequency,0.023519165051374857,0.02334330688254016,0.00017585816883469718,190.67426012218067,190.28865420063562,0.38560592154505,0.0016635747224825748,0.001679742085188618,1.6167362706043242e-05,0.9161036115275578,0.9094086104178993,0.006695001109658483,5.072896639828108e-06,7.372457161305977e-05,0.016201596803916297,0.01632889500195031,4,4,0,0,True,freq_hrl_no_leakage_v4,freq_lr3e4_std10_balanced,2039,2039,tuning_validation_mechanism_diagnostic,full_method_nested_hpo_v2,e71e450a28940aa51ea98625171e91a6efc840d2,79590490efcc7dd75975795a340d82b6b88a46f7b52eb4da8297cf0a4a910403
68227,persistent_shift,none,zero_residual_frequency,0.021614580180499443,0.021534735027547214,7.984515295222927e-05,196.6755569876916,196.14032980756429,0.5352271801273218,0.000995265369255205,0.0010282369731096086,3.2971603854403675e-05,0.7950225328975689,0.797138595268365,-0.00211606237079609,-3.090765845748897e-05,0.00010700632708793982,0.0169456775159132,0.01660789466000602,4,4,0,0,True,freq_hrl_no_leakage_v4,freq_lr3e4_std10_balanced,2039,2039,tuning_validation_mechanism_diagnostic,full_method_nested_hpo_v2,e71e450a28940aa51ea98625171e91a6efc840d2,79590490efcc7dd75975795a340d82b6b88a46f7b52eb4da8297cf0a4a910403
68207,persistent_shift,none,zero_residual_frequency,0.007573454290601411,0.007442343291434339,0.00013111099916707225,126.13666926763348,124.3480482068807,1.7886210607527744,0.0013921094820181779,0.0014430446671285235,5.093518511034567e-05,0.6740865841348,0.6712630503660314,0.002823533768768649,0.0001322182557502036,-2.2020471219094055e-05,0.017181938135925317,0.016953240254628733,4,4,0,0,True,freq_hrl_no_leakage_v4,freq_lr3e4_std10_balanced,2053,2053,tuning_validation_mechanism_diagnostic,full_method_nested_hpo_v2,e71e450a28940aa51ea98625171e91a6efc840d2,79590490efcc7dd75975795a340d82b6b88a46f7b52eb4da8297cf0a4a910403
68209,persistent_shift,none,zero_residual_frequency,0.010896742737066534,0.010717417353881764,0.00017932538318476965,164.33002777649824,162.39295917184583,1.93706860465241,0.0009530991314324888,0.0009788821726137709,2.578304118128205e-05,0.7486928349737203,0.7463206910183456,0.0023721439553746615,0.0002498654519147151,-7.801458660263572e-05,0.03214949413700702,0.031344796443914275,4,4,0,0,True,freq_hrl_no_leakage_v4,freq_lr3e4_std10_balanced,2053,2053,tuning_validation_mechanism_diagnostic,full_method_nested_hpo_v2,e71e450a28940aa51ea98625171e91a6efc840d2,79590490efcc7dd75975795a340d82b6b88a46f7b52eb4da8297cf0a4a910403
68213,persistent_shift,none,zero_residual_frequency,0.00990974659689936,0.009756359862111319,0.00015338673478804132,155.25556163320863,153.26613530060217,1.989426332606456,0.0006159559581456753,0.0006366831416292351,2.072718348355984e-05,0.8069329134964935,0.8113472903791712,-0.004414376882677651,0.0004117794342545578,1.215138814347518e-05,0.030172800933845185,0.03035644230274354,4,4,0,0,True,freq_hrl_no_leakage_v4,freq_lr3e4_std10_balanced,2053,2053,tuning_validation_mechanism_diagnostic,full_method_nested_hpo_v2,e71e450a28940aa51ea98625171e91a6efc840d2,79590490efcc7dd75975795a340d82b6b88a46f7b52eb4da8297cf0a4a910403
68219,persistent_shift,none,zero_residual_frequency,0.006024362718114906,0.005810429682247653,0.0002139330358672531,120.4214830854367,117.3391177571495,3.08236532828721,0.0018831878140388447,0.0019085053842546884,2.5317570215843688e-05,0.7273669552296693,0.7261115572084327,0.0012553980212366422,0.000380036275408419,3.143965176691937e-05,0.018031846383948707,0.01816383814568528,4,4,0,0,True,freq_hrl_no_leakage_v4,freq_lr3e4_std10_balanced,2053,2053,tuning_validation_mechanism_diagnostic,full_method_nested_hpo_v2,e71e450a28940aa51ea98625171e91a6efc840d2,79590490efcc7dd75975795a340d82b6b88a46f7b52eb4da8297cf0a4a910403
68227,persistent_shift,none,zero_residual_frequency,0.008196938134923393,0.007839768265666347,0.00035716986925704575,149.5999934690896,146.4964127167736,3.10358075231602,0.0009121369848630323,0.0009347171203049065,2.2580135441874205e-05,0.6560587334290902,0.6456503453393938,0.010408388089696352,0.00033767503340329126,-2.1962104835608247e-05,0.020493630274439865,0.020674089461277214,4,4,0,0,True,freq_hrl_no_leakage_v4,freq_lr3e4_std10_balanced,2053,2053,tuning_validation_mechanism_diagnostic,full_method_nested_hpo_v2,e71e450a28940aa51ea98625171e91a6efc840d2,79590490efcc7dd75975795a340d82b6b88a46f7b52eb4da8297cf0a4a910403
68207,ood_period,none,zero_residual_frequency,-0.00013591251567079965,-8.914141500482309e-05,-4.677110066597656e-05,-116.33406891052593,-95.6920068080363,-20.642062102489632,0.0001366175552550697,8.982634791687705e-05,-4.679120733819264e-05,0.022787667537794792,0.021872390957562545,0.0009152765802322473,3.372990168376113e-05,1.9983934338214486e-05,0.0013692594141452396,0.0012886810262216386,4,4,0,0,True,freq_hrl_no_leakage_v4,freq_lr3e4_std10_balanced,2026,7071,tuning_validation_mechanism_diagnostic,full_method_nested_hpo_v2,e71e450a28940aa51ea98625171e91a6efc840d2,79590490efcc7dd75975795a340d82b6b88a46f7b52eb4da8297cf0a4a910403
68209,ood_period,none,zero_residual_frequency,-0.0001334386840809998,-0.00013303219113725007,-4.0649294374972555e-07,-49.1938931447561,-49.673408934727384,0.4795157899712805,0.00020588908014229634,0.00020194327345324226,-3.945806689054088e-06,0.028514374621167106,0.028325130539904535,0.0001892440812625712,4.039844600926672e-05,3.6998119444703796e-05,0.0019837689699695855,0.0019594063627500365,4,4,0,0,True,freq_hrl_no_leakage_v4,freq_lr3e4_std10_balanced,2026,7071,tuning_validation_mechanism_diagnostic,full_method_nested_hpo_v2,e71e450a28940aa51ea98625171e91a6efc840d2,79590490efcc7dd75975795a340d82b6b88a46f7b52eb4da8297cf0a4a910403
68213,ood_period,none,zero_residual_frequency,0.0005906288712806962,0.0005847679120971616,5.860959183534575e-06,108.61684920396296,108.82957024768247,-0.21272104371951173,0.00011701592726220955,0.00011750766326112938,4.917359989198289e-07,0.03867509418753161,0.03792359400996067,0.0007515001775709393,4.590358624587923e-05,2.5729891161599976e-05,0.0016130871457935177,0.0011764515444850885,4,4,0,0,True,freq_hrl_no_leakage_v4,freq_lr3e4_std10_balanced,2026,7071,tuning_validation_mechanism_diagnostic,full_method_nested_hpo_v2,e71e450a28940aa51ea98625171e91a6efc840d2,79590490efcc7dd75975795a340d82b6b88a46f7b52eb4da8297cf0a4a910403
68219,ood_period,none,zero_residual_frequency,4.4803664106529695e-05,4.7571762598730416e-05,-2.7680984922007212e-06,21.602090237058455,24.99649811242621,-3.3944078753677545,5.029702417691517e-05,4.978624859541814e-05,-5.107755814970361e-07,0.022552220011308386,0.020925421996943392,0.001626798014364994,4.7353069677733044e-05,1.670557396549923e-05,0.0011467706829932922,0.001170003487521222,4,4,0,0,True,freq_hrl_no_leakage_v4,freq_lr3e4_std10_balanced,2026,7071,tuning_validation_mechanism_diagnostic,full_method_nested_hpo_v2,e71e450a28940aa51ea98625171e91a6efc840d2,79590490efcc7dd75975795a340d82b6b88a46f7b52eb4da8297cf0a4a910403
68227,ood_period,none,zero_residual_frequency,9.281019456297557e-06,-3.5413954421192884e-06,1.2822414898416845e-05,4.600195842491671,-1.9669489942350618,6.567144836726733,7.218787019247497e-05,7.098205311784067e-05,-1.2058170746342967e-06,0.022881428049484162,0.02227216639533841,0.0006092616541457513,4.3728837166096454e-05,2.7060637082820318e-05,0.0012447600239602885,0.0011651365465746091,4,4,0,0,True,freq_hrl_no_leakage_v4,freq_lr3e4_std10_balanced,2026,7071,tuning_validation_mechanism_diagnostic,full_method_nested_hpo_v2,e71e450a28940aa51ea98625171e91a6efc840d2,79590490efcc7dd75975795a340d82b6b88a46f7b52eb4da8297cf0a4a910403
68207,ood_period,none,zero_residual_frequency,0.022981973973357883,0.023034546836629533,-5.257286327164934e-05,175.17247999872555,175.4177555500622,-0.2452755513366469,0.000857543847685438,0.0008676023208848971,1.0058473199459073e-05,0.832185374829477,0.8331019919048257,-0.0009166170753487357,-0.00017294365430299826,-0.0001705455509900284,0.013729815285639942,0.010967208647505484,4,4,0,0,True,freq_hrl_no_leakage_v4,freq_lr3e4_std10_balanced,2039,7084,tuning_validation_mechanism_diagnostic,full_method_nested_hpo_v2,e71e450a28940aa51ea98625171e91a6efc840d2,79590490efcc7dd75975795a340d82b6b88a46f7b52eb4da8297cf0a4a910403
68209,ood_period,none,zero_residual_frequency,0.014281583822685295,0.014556412693844889,-0.00027482887115959365,138.84924450649046,140.09207040984987,-1.2428259033594031,0.0011415187659744586,0.0011303500359818308,-1.1168729992627746e-05,0.6768597314846463,0.6754154563403363,0.0014442751443100033,-0.00016321186254730208,-4.6134470821159636e-05,0.019529668596806004,0.014580750971152965,4,4,0,0,True,freq_hrl_no_leakage_v4,freq_lr3e4_std10_balanced,2039,7084,tuning_validation_mechanism_diagnostic,full_method_nested_hpo_v2,e71e450a28940aa51ea98625171e91a6efc840d2,79590490efcc7dd75975795a340d82b6b88a46f7b52eb4da8297cf0a4a910403
68213,ood_period,none,zero_residual_frequency,0.021803904307915234,0.021976223248283855,-0.00017231894036862094,158.61387831656194,158.88017038887105,-0.26629207230911334,0.0013964964204807861,0.0013886897114414598,-7.806709039326343e-06,0.8658641601182056,0.8755617890524036,-0.00969762893419801,-0.0001822584619059534,-6.50251920588746e-05,0.01998535139007597,0.015523021663021712,4,4,0,0,True,freq_hrl_no_leakage_v4,freq_lr3e4_std10_balanced,2039,7084,tuning_validation_mechanism_diagnostic,full_method_nested_hpo_v2,e71e450a28940aa51ea98625171e91a6efc840d2,79590490efcc7dd75975795a340d82b6b88a46f7b52eb4da8297cf0a4a910403
68219,ood_period,none,zero_residual_frequency,0.014592266847923474,0.015027622121567052,-0.0004353552736435784,146.5122452881783,148.02117096235315,-1.5089256741748613,0.0012674809518300467,0.0012530683493431338,-1.4412602486912895e-05,0.7250702938383919,0.7286937814708943,-0.003623487632502309,-0.00026606905849706035,-0.00016680554177936165,0.013511543140662576,0.012037545704192274,4,4,0,0,True,freq_hrl_no_leakage_v4,freq_lr3e4_std10_balanced,2039,7084,tuning_validation_mechanism_diagnostic,full_method_nested_hpo_v2,e71e450a28940aa51ea98625171e91a6efc840d2,79590490efcc7dd75975795a340d82b6b88a46f7b52eb4da8297cf0a4a910403
68227,ood_period,none,zero_residual_frequency,0.01613853289789513,0.016617405317594702,-0.00047887241969957195,145.20980910493398,146.7230825655062,-1.5132734605722078,0.001148771945438276,0.0011171076656049106,-3.1664279833365505e-05,0.7690506868714146,0.7759416051215179,-0.0068909182501032396,-0.00019000885926370308,-0.00015216225133643507,0.018579443411403593,0.017405926027762083,4,4,0,0,True,freq_hrl_no_leakage_v4,freq_lr3e4_std10_balanced,2039,7084,tuning_validation_mechanism_diagnostic,full_method_nested_hpo_v2,e71e450a28940aa51ea98625171e91a6efc840d2,79590490efcc7dd75975795a340d82b6b88a46f7b52eb4da8297cf0a4a910403
68207,ood_period,none,zero_residual_frequency,0.0038770361971800504,0.003934591404177512,-5.755520699746164e-05,127.84018726082937,127.33533370058854,0.5048535602408322,0.00031221469625752896,0.00031937496139144983,7.160265133920873e-06,0.3046289974937403,0.3078043753282649,-0.0031753778345245953,0.0003448754270171802,0.0001473383339827435,0.008709274756074591,0.01069990252500348,4,4,0,0,True,freq_hrl_no_leakage_v4,freq_lr3e4_std10_balanced,2053,7098,tuning_validation_mechanism_diagnostic,full_method_nested_hpo_v2,e71e450a28940aa51ea98625171e91a6efc840d2,79590490efcc7dd75975795a340d82b6b88a46f7b52eb4da8297cf0a4a910403
68209,ood_period,none,zero_residual_frequency,0.003273930974880823,0.0033261975341263295,-5.226655924550627e-05,119.68957682275709,120.1320145716723,-0.4424377489152107,0.0006521209413549167,0.0006482040574079528,-3.916883946963878e-06,0.2917474852668209,0.2927074114478918,-0.0009599261810708803,0.000579108946647082,0.00015221661492198765,0.014567370649335014,0.01886051208518135,4,4,0,0,True,freq_hrl_no_leakage_v4,freq_lr3e4_std10_balanced,2053,7098,tuning_validation_mechanism_diagnostic,full_method_nested_hpo_v2,e71e450a28940aa51ea98625171e91a6efc840d2,79590490efcc7dd75975795a340d82b6b88a46f7b52eb4da8297cf0a4a910403
68213,ood_period,none,zero_residual_frequency,0.007599411272793288,0.007617773487914814,-1.8362215121525693e-05,160.94398426424695,159.4297088223211,1.5142754419258608,0.00048673001234078583,0.0005162545804973107,2.9524568156524822e-05,0.3466046557076932,0.3526620252914519,-0.006057369583758687,0.0006297260228233403,0.00021148646913740214,0.014124198590151436,0.019121246032753128,4,4,0,0,True,freq_hrl_no_leakage_v4,freq_lr3e4_std10_balanced,2053,7098,tuning_validation_mechanism_diagnostic,full_method_nested_hpo_v2,e71e450a28940aa51ea98625171e91a6efc840d2,79590490efcc7dd75975795a340d82b6b88a46f7b52eb4da8297cf0a4a910403
68219,ood_period,none,zero_residual_frequency,0.00413312995801518,0.004236705862275647,-0.0001035759042604667,133.74023568548526,134.33777588875614,-0.5975402032708814,0.0005551480517418383,0.0005485365824559052,-6.611469285933147e-06,0.2822828089643097,0.27665799602004626,0.005624812944263424,0.00039406493364919145,0.00019508118825280316,0.009651284497360597,0.01135759975036813,4,4,0,0,True,freq_hrl_no_leakage_v4,freq_lr3e4_std10_balanced,2053,7098,tuning_validation_mechanism_diagnostic,full_method_nested_hpo_v2,e71e450a28940aa51ea98625171e91a6efc840d2,79590490efcc7dd75975795a340d82b6b88a46f7b52eb4da8297cf0a4a910403
68227,ood_period,none,zero_residual_frequency,0.00438566290733311,0.0044741868092226245,-8.852390188951453e-05,127.92749619516917,127.02250741570266,0.9049887794665068,0.00045381078607964476,0.0004837390832816979,2.9928297202053145e-05,0.2997001650574004,0.30056171244259317,-0.0008615473851927846,0.0004815608314024235,0.00020073371405255458,0.011602574394338365,0.013747379934324677,4,4,0,0,True,freq_hrl_no_leakage_v4,freq_lr3e4_std10_balanced,2053,7098,tuning_validation_mechanism_diagnostic,full_method_nested_hpo_v2,e71e450a28940aa51ea98625171e91a6efc840d2,79590490efcc7dd75975795a340d82b6b88a46f7b52eb4da8297cf0a4a910403
68207,stationary_low_noise,none,zero_residual_frequency,-0.00016427368046911806,-0.0001585469720002397,-5.72670846887835e-06,-269.90864487693875,-277.33957673836426,7.430931861425506,0.00016427368046911806,0.0001585469720002397,-5.72670846887835e-06,0.017563720604418978,0.016618132850177332,0.000945587754241646,1.4351133088347884e-05,4.082540630891817e-06,0.000814609992235344,0.0009450331126900994,4,4,0,0,True,freq_hrl_no_leakage_v4,freq_lr3e4_std15_lowgate,2026,4044,tuning_validation_mechanism_diagnostic,full_method_nested_hpo_v2,e71e450a28940aa51ea98625171e91a6efc840d2,79590490efcc7dd75975795a340d82b6b88a46f7b52eb4da8297cf0a4a910403
68209,stationary_low_noise,none,zero_residual_frequency,-0.00018130471746136134,-0.00015610693578804735,-2.519778167331399e-05,-338.7701375566866,-337.01774928657727,-1.7523882701093498,0.00018130471746136134,0.00015610693578804735,-2.519778167331399e-05,0.02173106337364391,0.020896761531666756,0.0008343018419771538,-6.144755186181976e-06,-1.1092085678427823e-05,0.001067452374520725,0.0011422560951624898,4,4,0,0,True,freq_hrl_no_leakage_v4,freq_lr3e4_std15_lowgate,2026,4044,tuning_validation_mechanism_diagnostic,full_method_nested_hpo_v2,e71e450a28940aa51ea98625171e91a6efc840d2,79590490efcc7dd75975795a340d82b6b88a46f7b52eb4da8297cf0a4a910403
68213,stationary_low_noise,none,zero_residual_frequency,-0.00011871006103569837,-8.564751382378333e-05,-3.306254721191504e-05,-257.5629385610164,-194.40421648440778,-63.1587220766086,0.00011871006103569837,8.564751382378333e-05,-3.306254721191504e-05,0.028021618171920434,0.026190846839427302,0.0018307713324931321,2.7775028887905625e-06,-4.953840547548783e-06,0.0010681227446613976,0.0012993222913286848,4,4,0,0,True,freq_hrl_no_leakage_v4,freq_lr3e4_std15_lowgate,2026,4044,tuning_validation_mechanism_diagnostic,full_method_nested_hpo_v2,e71e450a28940aa51ea98625171e91a6efc840d2,79590490efcc7dd75975795a340d82b6b88a46f7b52eb4da8297cf0a4a910403
68219,stationary_low_noise,none,zero_residual_frequency,-0.00011447821886967358,-9.454780156459286e-05,-1.9930417305080717e-05,-344.1470235093457,-331.69861241430453,-12.448411095041138,0.00011447821886967358,9.454780156459286e-05,-1.9930417305080717e-05,0.01823963476015463,0.01705466795074642,0.0011849668094082097,1.0792499853800684e-05,2.5802677432951804e-07,0.0008182084964984267,0.0009382623736643029,4,4,0,0,True,freq_hrl_no_leakage_v4,freq_lr3e4_std15_lowgate,2026,4044,tuning_validation_mechanism_diagnostic,full_method_nested_hpo_v2,e71e450a28940aa51ea98625171e91a6efc840d2,79590490efcc7dd75975795a340d82b6b88a46f7b52eb4da8297cf0a4a910403
68227,stationary_low_noise,none,zero_residual_frequency,-0.00014681859101772776,-0.00013777897831324104,-9.039612704486721e-06,-268.3421218656228,-280.61357546555365,12.271453599930851,0.00014681859101772776,0.00013777897831324104,-9.039612704486721e-06,0.0178391031189732,0.016851589112704467,0.000987514006268734,1.1371346786253783e-05,-1.071969243119815e-06,0.0009020376062001864,0.0010427603244529057,4,4,0,0,True,freq_hrl_no_leakage_v4,freq_lr3e4_std15_lowgate,2026,4044,tuning_validation_mechanism_diagnostic,full_method_nested_hpo_v2,e71e450a28940aa51ea98625171e91a6efc840d2,79590490efcc7dd75975795a340d82b6b88a46f7b52eb4da8297cf0a4a910403
68207,stationary_low_noise,none,zero_residual_frequency,0.0005356562794776032,0.0005325911027296293,3.065176747973908e-06,32.60349078339838,32.63478448278367,-0.03129369938529436,0.0005588594202836639,0.0005526249795565485,-6.23444072711532e-06,0.5793939663320796,0.5765796987091926,0.0028142676228870567,-0.00031425461975299326,-0.00029464457908527587,0.005712335571216601,0.006468318205831262,4,4,0,0,True,freq_hrl_no_leakage_v4,freq_lr3e4_std15_lowgate,2039,4057,tuning_validation_mechanism_diagnostic,full_method_nested_hpo_v2,e71e450a28940aa51ea98625171e91a6efc840d2,79590490efcc7dd75975795a340d82b6b88a46f7b52eb4da8297cf0a4a910403
68209,stationary_low_noise,none,zero_residual_frequency,0.00014384945941703364,0.0001566429200376973,-1.2793460620663666e-05,9.287722708462752,10.090912426672013,-0.8031897182092607,0.0004953950919847072,0.0004994876661761349,4.0925741914277225e-06,0.5511603528223439,0.5518383815021723,-0.0006780286798284685,-0.00031574690235463345,-0.0002666390426951437,0.008310527606307815,0.00892754314910336,4,4,0,0,True,freq_hrl_no_leakage_v4,freq_lr3e4_std15_lowgate,2039,4057,tuning_validation_mechanism_diagnostic,full_method_nested_hpo_v2,e71e450a28940aa51ea98625171e91a6efc840d2,79590490efcc7dd75975795a340d82b6b88a46f7b52eb4da8297cf0a4a910403
68213,stationary_low_noise,none,zero_residual_frequency,0.00179081318036034,0.0017489255126577063,4.1887667702633635e-05,88.85368583750704,89.58754903925876,-0.733863201751717,0.0003914527149170288,0.00038131550022257876,-1.0137214694450059e-05,0.6852662402225771,0.6677952141604633,0.017471026062113815,-0.0003263341471197588,-0.0002732209510394881,0.00994472546056689,0.012053179222210827,4,4,0,0,True,freq_hrl_no_leakage_v4,freq_lr3e4_std15_lowgate,2039,4057,tuning_validation_mechanism_diagnostic,full_method_nested_hpo_v2,e71e450a28940aa51ea98625171e91a6efc840d2,79590490efcc7dd75975795a340d82b6b88a46f7b52eb4da8297cf0a4a910403
68219,stationary_low_noise,none,zero_residual_frequency,0.0005994793765597972,0.0005864198469749393,1.3059529584857898e-05,40.66376854465036,40.36872407471171,0.2950444699386523,0.0006384709040416769,0.0006284506361304842,-1.0020267911192704e-05,0.6053903285239273,0.5991186763948655,0.006271652129061778,-0.0003507372323348197,-0.0002881197767577875,0.006738266246732867,0.007425536207220931,4,4,0,0,True,freq_hrl_no_leakage_v4,freq_lr3e4_std15_lowgate,2039,4057,tuning_validation_mechanism_diagnostic,full_method_nested_hpo_v2,e71e450a28940aa51ea98625171e91a6efc840d2,79590490efcc7dd75975795a340d82b6b88a46f7b52eb4da8297cf0a4a910403
68227,stationary_low_noise,none,zero_residual_frequency,0.0005774421757285264,0.0005738580044205577,3.584171307968731e-06,36.23216034454476,36.01532134145767,0.21683900308708814,0.0003382733766488233,0.0003388670937658489,5.93717117025605e-07,0.5908057468946727,0.5917164831873858,-0.0009107362927130991,-0.0003566680749221547,-0.00028784819179077396,0.0057070053682562304,0.00587789293090787,4,4,0,0,True,freq_hrl_no_leakage_v4,freq_lr3e4_std15_lowgate,2039,4057,tuning_validation_mechanism_diagnostic,full_method_nested_hpo_v2,e71e450a28940aa51ea98625171e91a6efc840d2,79590490efcc7dd75975795a340d82b6b88a46f7b52eb4da8297cf0a4a910403
68207,stationary_low_noise,none,zero_residual_frequency,-0.00010506156058232019,-0.00010201911639695638,-3.042444185363813e-06,-226.18635448226536,-217.34781653182353,-8.838537950441832,0.00010506156058232019,0.00010201911639695638,-3.042444185363813e-06,0.014061666667118207,0.014357241307998345,-0.0002955746408801387,3.146350576865175e-05,1.544023199617685e-05,0.0009406499858010244,0.0010708954549550579,4,4,0,0,True,freq_hrl_no_leakage_v4,freq_lr3e4_std15_lowgate,2053,4071,tuning_validation_mechanism_diagnostic,full_method_nested_hpo_v2,e71e450a28940aa51ea98625171e91a6efc840d2,79590490efcc7dd75975795a340d82b6b88a46f7b52eb4da8297cf0a4a910403
68209,stationary_low_noise,none,zero_residual_frequency,-0.00015665863686742387,-0.0001558457312480499,-8.129056193739714e-07,-345.9179003692083,-365.2739350160068,19.35603464679849,0.00015665863686742387,0.0001558457312480499,-8.129056193739714e-07,0.01522229833023808,0.014773785819742894,0.0004485125104951859,3.0093648969164565e-05,2.0297973518343696e-05,0.0012490988981628307,0.0012842735906209177,4,4,0,0,True,freq_hrl_no_leakage_v4,freq_lr3e4_std15_lowgate,2053,4071,tuning_validation_mechanism_diagnostic,full_method_nested_hpo_v2,e71e450a28940aa51ea98625171e91a6efc840d2,79590490efcc7dd75975795a340d82b6b88a46f7b52eb4da8297cf0a4a910403
68213,stationary_low_noise,none,zero_residual_frequency,-5.7299795651943874e-05,-5.173807432445887e-05,-5.561721327485003e-06,-80.56982064872835,-71.24807558525968,-9.321745063468668,5.7299795651943874e-05,5.173807432445887e-05,-5.561721327485003e-06,0.02051945681127828,0.020819493265522765,-0.00030003645424448583,5.958194074606569e-06,2.9383380537602563e-06,0.0013433122619359338,0.0015217389446699296,4,4,0,0,True,freq_hrl_no_leakage_v4,freq_lr3e4_std15_lowgate,2053,4071,tuning_validation_mechanism_diagnostic,full_method_nested_hpo_v2,e71e450a28940aa51ea98625171e91a6efc840d2,79590490efcc7dd75975795a340d82b6b88a46f7b52eb4da8297cf0a4a910403
68219,stationary_low_noise,none,zero_residual_frequency,-5.303105587672885e-05,-5.058755270503923e-05,-2.4435031716896205e-06,-101.99882792066155,-97.05945621073587,-4.93937170992568,5.7594897461710204e-05,5.502813430124931e-05,-2.5667631604608943e-06,0.013893169674072161,0.013859623195538576,3.35464785335849e-05,2.4489452548950244e-05,1.1340621250208466e-05,0.0009220164917173357,0.001055130144752386,4,4,0,0,True,freq_hrl_no_leakage_v4,freq_lr3e4_std15_lowgate,2053,4071,tuning_validation_mechanism_diagnostic,full_method_nested_hpo_v2,e71e450a28940aa51ea98625171e91a6efc840d2,79590490efcc7dd75975795a340d82b6b88a46f7b52eb4da8297cf0a4a910403
68227,stationary_low_noise,none,zero_residual_frequency,-7.004894626516656e-05,-6.62308684711288e-05,-3.818077794037755e-06,-129.7390932609997,-119.3981393906635,-10.340953870336207,7.204894265078199e-05,6.833077192758275e-05,-3.7181707231992434e-06,0.013954946739288269,0.014195635948317813,-0.0002406892090295442,2.6473074012237195e-05,8.799717300122999e-06,0.0009645607971151549,0.001046811823658168,4,4,0,0,True,freq_hrl_no_leakage_v4,freq_lr3e4_std15_lowgate,2053,4071,tuning_validation_mechanism_diagnostic,full_method_nested_hpo_v2,e71e450a28940aa51ea98625171e91a6efc840d2,79590490efcc7dd75975795a340d82b6b88a46f7b52eb4da8297cf0a4a910403
68207,persistent_shift,none,zero_residual_frequency,0.0003640338003110255,0.0003556952182979245,8.338582013101004e-06,23.55098189409734,23.189762307526266,0.36121958657107456,0.00042262992193875526,0.0004195966296621778,-3.0332922765774484e-06,0.20685069986994917,0.2068626964631867,-1.1996593237528774e-05,-8.665310291982391e-05,-8.76268110936818e-06,0.006041735383354939,0.005331646481701885,4,4,0,0,True,freq_hrl_no_leakage_v4,freq_lr3e4_std15_lowgate,2026,2026,tuning_validation_mechanism_diagnostic,full_method_nested_hpo_v2,e71e450a28940aa51ea98625171e91a6efc840d2,79590490efcc7dd75975795a340d82b6b88a46f7b52eb4da8297cf0a4a910403
68209,persistent_shift,none,zero_residual_frequency,0.001142508435413081,0.001128487376038878,1.4021059374202949e-05,79.90051723175756,80.19771647275387,-0.29719924099630646,0.00037818247426868457,0.00037093796804699153,-7.244506221693037e-06,0.2300296853223997,0.22887811615687284,0.0011515691655268612,-0.00011703482741265119,2.702023485432965e-05,0.009524995122632796,0.008667687764076011,4,4,0,0,True,freq_hrl_no_leakage_v4,freq_lr3e4_std15_lowgate,2026,2026,tuning_validation_mechanism_diagnostic,full_method_nested_hpo_v2,e71e450a28940aa51ea98625171e91a6efc840d2,79590490efcc7dd75975795a340d82b6b88a46f7b52eb4da8297cf0a4a910403
68213,persistent_shift,none,zero_residual_frequency,0.002002552523853174,0.0019633741228106683,3.9178401042505584e-05,122.35541697523607,121.16621856163626,1.1891984135998115,0.00026567816119160703,0.0002716034358457575,5.925274654150492e-06,0.28585460805016477,0.2872595002194339,-0.0014048921692691452,-0.00010388006975678017,1.9734377882943054e-05,0.009332597818390947,0.008679494208121872,4,4,0,0,True,freq_hrl_no_leakage_v4,freq_lr3e4_std15_lowgate,2026,2026,tuning_validation_mechanism_diagnostic,full_method_nested_hpo_v2,e71e450a28940aa51ea98625171e91a6efc840d2,79590490efcc7dd75975795a340d82b6b88a46f7b52eb4da8297cf0a4a910403
68219,persistent_shift,none,zero_residual_frequency,0.0005972031930288058,0.0005902682595553266,6.934933473479177e-06,35.16102860936012,35.02047664058717,0.14055196877295373,0.0003375297439012215,0.0003355722903022329,-1.957453598988579e-06,0.24737317757817773,0.2457010017376809,0.0016721758404968368,-8.75810717665005e-05,1.199757499766609e-06,0.007733304467880468,0.007594109770575921,4,4,0,0,True,freq_hrl_no_leakage_v4,freq_lr3e4_std15_lowgate,2026,2026,tuning_validation_mechanism_diagnostic,full_method_nested_hpo_v2,e71e450a28940aa51ea98625171e91a6efc840d2,79590490efcc7dd75975795a340d82b6b88a46f7b52eb4da8297cf0a4a910403
68227,persistent_shift,none,zero_residual_frequency,0.0007604764751201198,0.0007545917310034511,5.8847441166687275e-06,53.530858384020384,52.471363401923085,1.0594949820972985,0.0003503588011914971,0.00035335460086172166,2.9957996702245637e-06,0.2004660111088853,0.2033063731954577,-0.002840362086572401,-9.662187285661782e-05,7.267523456663457e-06,0.008982090514119691,0.008678279745415945,4,4,0,0,True,freq_hrl_no_leakage_v4,freq_lr3e4_std15_lowgate,2026,2026,tuning_validation_mechanism_diagnostic,full_method_nested_hpo_v2,e71e450a28940aa51ea98625171e91a6efc840d2,79590490efcc7dd75975795a340d82b6b88a46f7b52eb4da8297cf0a4a910403
68207,persistent_shift,none,zero_residual_frequency,0.019828927822222786,0.01992785823619636,-9.893041397357472e-05,221.62240327981698,221.62952545805712,-0.007122178240138055,0.0007752818392223748,0.0007788602434298797,3.5784042075048816e-06,0.684769379468747,0.6838025608484138,0.0009668186203332096,0.00019098029568117197,0.00016306412264060458,0.011786204130031468,0.012691065170414125,4,4,0,0,True,freq_hrl_no_leakage_v4,freq_lr3e4_std15_lowgate,2039,2039,tuning_validation_mechanism_diagnostic,full_method_nested_hpo_v2,e71e450a28940aa51ea98625171e91a6efc840d2,79590490efcc7dd75975795a340d82b6b88a46f7b52eb4da8297cf0a4a910403
68209,persistent_shift,none,zero_residual_frequency,0.014122124528854751,0.01408703262697153,3.5091901883221865e-05,188.47957480135642,188.36275236051213,0.11682244084428817,0.0007233259303681683,0.0007575772573373829,3.4251326969214624e-05,0.728106250664567,0.7256566457929384,0.0024496048716285967,0.00012037732937130114,0.00012257323647341936,0.01878674216588681,0.02239980915942902,4,4,0,0,True,freq_hrl_no_leakage_v4,freq_lr3e4_std15_lowgate,2039,2039,tuning_validation_mechanism_diagnostic,full_method_nested_hpo_v2,e71e450a28940aa51ea98625171e91a6efc840d2,79590490efcc7dd75975795a340d82b6b88a46f7b52eb4da8297cf0a4a910403
68213,persistent_shift,none,zero_residual_frequency,0.01862993572423388,0.01863223903435829,-2.3033101244074317e-06,209.1797306116368,209.4347251678608,-0.25499455622397704,0.0005436724708097751,0.0005407359844096238,-2.936486400151317e-06,0.7738560489589953,0.7690903023662865,0.004765746592708786,-1.7958998733007567e-05,0.0001374318037001551,0.016910391010848496,0.019249853843454425,4,4,0,0,True,freq_hrl_no_leakage_v4,freq_lr3e4_std15_lowgate,2039,2039,tuning_validation_mechanism_diagnostic,full_method_nested_hpo_v2,e71e450a28940aa51ea98625171e91a6efc840d2,79590490efcc7dd75975795a340d82b6b88a46f7b52eb4da8297cf0a4a910403
68219,persistent_shift,none,zero_residual_frequency,0.016010716252829127,0.016077553250833487,-6.683699800436038e-05,192.59001378146996,192.37960795409768,0.2104058273722842,0.0011736850411399047,0.0011906559513993331,1.697091025942843e-05,0.7124239605260643,0.7153666498729239,-0.002942689346859595,0.00019155273709332626,0.00016624072418055098,0.013536132107563185,0.014666682284183075,4,4,0,0,True,freq_hrl_no_leakage_v4,freq_lr3e4_std15_lowgate,2039,2039,tuning_validation_mechanism_diagnostic,full_method_nested_hpo_v2,e71e450a28940aa51ea98625171e91a6efc840d2,79590490efcc7dd75975795a340d82b6b88a46f7b52eb4da8297cf0a4a910403
68227,persistent_shift,none,zero_residual_frequency,0.01487434943544641,0.015109059605552533,-0.00023471017010612272,194.86027961637848,194.86985467393518,-0.009575057556702404,0.0006230891167881003,0.0006682724524434969,4.518333565539656e-05,0.6389559182676859,0.6455958607370932,-0.006639942469407245,0.0001828288424417804,0.0001596809008034752,0.01448320955456034,0.015941090913191954,4,4,0,0,True,freq_hrl_no_leakage_v4,freq_lr3e4_std15_lowgate,2039,2039,tuning_validation_mechanism_diagnostic,full_method_nested_hpo_v2,e71e450a28940aa51ea98625171e91a6efc840d2,79590490efcc7dd75975795a340d82b6b88a46f7b52eb4da8297cf0a4a910403
68207,persistent_shift,none,zero_residual_frequency,-0.00039097670091148284,-0.0003933546829825163,2.3779820710334576e-06,-147.00307805252243,-146.907721359176,-0.09535669334641739,0.00044068156883647625,0.0004439603853533258,3.278816516849581e-06,0.025078837492036484,0.024739737658872784,0.0003390998331637002,1.6051854383455368e-05,1.3831598936112696e-05,0.0011959116767059185,0.0010273060271856593,4,4,0,0,True,freq_hrl_no_leakage_v4,freq_lr3e4_std15_lowgate,2053,2053,tuning_validation_mechanism_diagnostic,full_method_nested_hpo_v2,e71e450a28940aa51ea98625171e91a6efc840d2,79590490efcc7dd75975795a340d82b6b88a46f7b52eb4da8297cf0a4a910403
68209,persistent_shift,none,zero_residual_frequency,2.740862086625384e-05,6.738439690856524e-05,-3.9975776042311395e-05,18.863387433747484,46.32755206659949,-27.464164632852004,5.659132321433891e-05,4.9683812481271517e-05,-6.90751073306739e-06,0.02710467748984548,0.028001820474527338,-0.000897142984681857,1.56643435737137e-05,1.7161849384424519e-06,0.0013138962882761815,0.0013479410512243501,4,4,0,0,True,freq_hrl_no_leakage_v4,freq_lr3e4_std15_lowgate,2053,2053,tuning_validation_mechanism_diagnostic,full_method_nested_hpo_v2,e71e450a28940aa51ea98625171e91a6efc840d2,79590490efcc7dd75975795a340d82b6b88a46f7b52eb4da8297cf0a4a910403
68213,persistent_shift,none,zero_residual_frequency,-0.0006560915576465653,-0.000581010356074052,-7.50812015725133e-05,-297.24455743518183,-305.72410335433375,8.479545919151917,0.0006560915576465653,0.000581010356074052,-7.50812015725133e-05,0.02247281863236417,0.021408425086229456,0.0010643935461347141,4.422121027506201e-06,-1.1066803359779508e-05,0.0013167312313246133,0.0014085653036242244,4,4,0,0,True,freq_hrl_no_leakage_v4,freq_lr3e4_std15_lowgate,2053,2053,tuning_validation_mechanism_diagnostic,full_method_nested_hpo_v2,e71e450a28940aa51ea98625171e91a6efc840d2,79590490efcc7dd75975795a340d82b6b88a46f7b52eb4da8297cf0a4a910403
68219,persistent_shift,none,zero_residual_frequency,-0.0007101085265154294,-0.0007526890083385807,4.258048182315122e-05,-223.2415109698749,-232.89498734915352,9.65347637927863,0.0007253093497061602,0.0007599983466136662,3.468899690750593e-05,0.02974744818726952,0.03050479584170824,-0.0007573476544387205,8.110946831801455e-07,1.1955559288638563e-05,0.001334534400844076,0.0013504899908437233,4,4,0,0,True,freq_hrl_no_leakage_v4,freq_lr3e4_std15_lowgate,2053,2053,tuning_validation_mechanism_diagnostic,full_method_nested_hpo_v2,e71e450a28940aa51ea98625171e91a6efc840d2,79590490efcc7dd75975795a340d82b6b88a46f7b52eb4da8297cf0a4a910403
68227,persistent_shift,none,zero_residual_frequency,-0.0001244073012023339,-0.00010052379136438194,-2.3883509837951955e-05,-121.80158742646758,-94.18067670979488,-27.620910716672697,0.00014392732002443953,0.0001312864008815584,-1.2640919142881124e-05,0.014321502544404355,0.014093000026897796,0.00022850251750655866,5.4291047200544904e-05,3.2253854581530586e-05,0.0013300738796147016,0.0014737677993657092,4,4,0,0,True,freq_hrl_no_leakage_v4,freq_lr3e4_std15_lowgate,2053,2053,tuning_validation_mechanism_diagnostic,full_method_nested_hpo_v2,e71e450a28940aa51ea98625171e91a6efc840d2,79590490efcc7dd75975795a340d82b6b88a46f7b52eb4da8297cf0a4a910403
68207,ood_period,none,zero_residual_frequency,0.0065660111433061275,0.007096426176906201,-0.0005304150336000735,117.44081043895875,122.2114413959136,-4.770630956954847,0.0004913065131492145,0.0004507974633589651,-4.0509049790249385e-05,0.5522757378462898,0.5566968585785564,-0.004421120732266637,0.00012943166291852352,6.252498696119043e-05,0.013158136539661629,0.012389656633927692,4,4,0,0,True,freq_hrl_no_leakage_v4,freq_lr3e4_std15_lowgate,2026,7071,tuning_validation_mechanism_diagnostic,full_method_nested_hpo_v2,e71e450a28940aa51ea98625171e91a6efc840d2,79590490efcc7dd75975795a340d82b6b88a46f7b52eb4da8297cf0a4a910403
68209,ood_period,none,zero_residual_frequency,0.0075134392794609095,0.007605253814971125,-9.181453551021512e-05,92.25881132601855,92.67675511636772,-0.4179437903491703,0.001352592676128861,0.0013614972284728966,8.904552344035643e-06,0.6214792754290304,0.6263448755303985,-0.004865600101368162,6.75113086667113e-05,-1.8869200719318328e-05,0.011760606078971452,0.013551450133026166,4,4,0,0,True,freq_hrl_no_leakage_v4,freq_lr3e4_std15_lowgate,2026,7071,tuning_validation_mechanism_diagnostic,full_method_nested_hpo_v2,e71e450a28940aa51ea98625171e91a6efc840d2,79590490efcc7dd75975795a340d82b6b88a46f7b52eb4da8297cf0a4a910403
68213,ood_period,none,zero_residual_frequency,0.010987857701468595,0.010949726421801698,3.8131279666897555e-05,127.8189278026698,127.80683419216085,0.012093610508955521,0.0014478665813025815,0.0014370819326988693,-1.0784648603712199e-05,0.7529777874398531,0.7497909422959659,0.003186845143887229,-1.7475446860586147e-05,-3.520339414671121e-05,0.011743980360491454,0.012737545148572987,4,4,0,0,True,freq_hrl_no_leakage_v4,freq_lr3e4_std15_lowgate,2026,7071,tuning_validation_mechanism_diagnostic,full_method_nested_hpo_v2,e71e450a28940aa51ea98625171e91a6efc840d2,79590490efcc7dd75975795a340d82b6b88a46f7b52eb4da8297cf0a4a910403
68219,ood_period,none,zero_residual_frequency,0.005918424819190804,0.0063018533843091085,-0.0003834285651183045,110.71778211446941,113.6772989675661,-2.9595168530966873,0.001131966107867366,0.0011547598079892918,2.279370012192583e-05,0.5229266056765293,0.5346909766753427,-0.011764370998813445,0.0001156976196375006,2.8531722929419194e-05,0.010762649707915746,0.011359327593850643,4,4,0,0,True,freq_hrl_no_leakage_v4,freq_lr3e4_std15_lowgate,2026,7071,tuning_validation_mechanism_diagnostic,full_method_nested_hpo_v2,e71e450a28940aa51ea98625171e91a6efc840d2,79590490efcc7dd75975795a340d82b6b88a46f7b52eb4da8297cf0a4a910403
68227,ood_period,none,zero_residual_frequency,0.006410843141299694,0.006797421286050653,-0.00038657814475095975,103.35964037568344,105.91871807480018,-2.5590776991167417,0.0009136962160670725,0.0009030005783792205,-1.0695637687851978e-05,0.6039033725395789,0.6128046666100351,-0.008901294070456145,0.00014578153597243098,2.4944983116420097e-05,0.01387200673165757,0.014181372817094801,4,4,0,0,True,freq_hrl_no_leakage_v4,freq_lr3e4_std15_lowgate,2026,7071,tuning_validation_mechanism_diagnostic,full_method_nested_hpo_v2,e71e450a28940aa51ea98625171e91a6efc840d2,79590490efcc7dd75975795a340d82b6b88a46f7b52eb4da8297cf0a4a910403
68207,ood_period,none,zero_residual_frequency,0.015991925765107773,0.016067915465653115,-7.598970054534249e-05,177.78925371789953,178.06708308762347,-0.27782936972394623,0.000945224889420726,0.0009484655565072941,3.2406670865681164e-06,0.7139338660576253,0.7165865951445431,-0.0026527290869178266,0.00013624962428712792,6.407969646794342e-05,0.012779372302409482,0.012660010488050627,4,4,0,0,True,freq_hrl_no_leakage_v4,freq_lr3e4_std15_lowgate,2039,7084,tuning_validation_mechanism_diagnostic,full_method_nested_hpo_v2,e71e450a28940aa51ea98625171e91a6efc840d2,79590490efcc7dd75975795a340d82b6b88a46f7b52eb4da8297cf0a4a910403
68209,ood_period,none,zero_residual_frequency,0.007907962232476695,0.007798840414542152,0.00010912181793454323,126.4819705512511,126.5839640013342,-0.1019934500830999,0.001075611374605434,0.0010411459299545234,-3.4465444650910726e-05,0.6184331836350425,0.6116793554946465,0.006753828140396045,-0.00025020151395197367,6.070028166239858e-06,0.02088286197863959,0.01984744990946234,4,4,0,0,True,freq_hrl_no_leakage_v4,freq_lr3e4_std15_lowgate,2039,7084,tuning_validation_mechanism_diagnostic,full_method_nested_hpo_v2,e71e450a28940aa51ea98625171e91a6efc840d2,79590490efcc7dd75975795a340d82b6b88a46f7b52eb4da8297cf0a4a910403
68213,ood_period,none,zero_residual_frequency,0.014819451626991054,0.015372825730307405,-0.0005533741033163508,155.25767348450427,155.47539961878564,-0.21772613428137788,0.0007548914585392419,0.0007696574907665177,1.4766032227275794e-05,0.7631916426594352,0.7890518134641787,-0.025860170804743565,-0.00028350661300056534,-4.232360430788415e-06,0.020140162335054713,0.019666611721630842,4,4,0,0,True,freq_hrl_no_leakage_v4,freq_lr3e4_std15_lowgate,2039,7084,tuning_validation_mechanism_diagnostic,full_method_nested_hpo_v2,e71e450a28940aa51ea98625171e91a6efc840d2,79590490efcc7dd75975795a340d82b6b88a46f7b52eb4da8297cf0a4a910403
68219,ood_period,none,zero_residual_frequency,0.009998605677863592,0.010240873439373521,-0.0002422677615099289,133.64903795475146,134.38384845158026,-0.7348104968287998,0.0012418268527960574,0.001250635325981353,8.80847318529554e-06,0.6323255510297505,0.6426942539437799,-0.01036870291402936,4.247331784147575e-07,1.8914547435977523e-05,0.013764438266015429,0.013005285970252268,4,4,0,0,True,freq_hrl_no_leakage_v4,freq_lr3e4_std15_lowgate,2039,7084,tuning_validation_mechanism_diagnostic,full_method_nested_hpo_v2,e71e450a28940aa51ea98625171e91a6efc840d2,79590490efcc7dd75975795a340d82b6b88a46f7b52eb4da8297cf0a4a910403
68227,ood_period,none,zero_residual_frequency,0.011381033465892365,0.011694590796084148,-0.00031355733019178267,142.36336046664715,142.78749379941908,-0.4241333327719303,0.0009169147535389444,0.0009261073690883803,9.192615549435956e-06,0.6902849517967827,0.7011434370687261,-0.01085848527194333,-8.328668619195939e-05,2.771462375456838e-05,0.014090154682182604,0.013412090945833675,4,4,0,0,True,freq_hrl_no_leakage_v4,freq_lr3e4_std15_lowgate,2039,7084,tuning_validation_mechanism_diagnostic,full_method_nested_hpo_v2,e71e450a28940aa51ea98625171e91a6efc840d2,79590490efcc7dd75975795a340d82b6b88a46f7b52eb4da8297cf0a4a910403
68207,ood_period,none,zero_residual_frequency,0.004842152420935664,0.004861256617139986,-1.9104196204322577e-05,94.86190160437262,94.39690695131975,0.46499465305286947,0.0005694932983385526,0.0005641058601536519,-5.387438184900617e-06,0.6528877115340143,0.6594126944742047,-0.006524982940190438,-0.00011280272924117753,8.394293372212863e-05,0.011509239042748554,0.014285245235482255,4,4,0,0,True,freq_hrl_no_leakage_v4,freq_lr3e4_std15_lowgate,2053,7098,tuning_validation_mechanism_diagnostic,full_method_nested_hpo_v2,e71e450a28940aa51ea98625171e91a6efc840d2,79590490efcc7dd75975795a340d82b6b88a46f7b52eb4da8297cf0a4a910403
68209,ood_period,none,zero_residual_frequency,0.003156845896159055,0.003151830059409777,5.01583674927808e-06,85.56070463043996,85.89743221403964,-0.33672758359968213,0.0008012240953955141,0.0007637423877543403,-3.7481707641173756e-05,0.530502604734748,0.5238540940477916,0.006648510686956377,0.000374787560266692,2.5190005673892313e-05,0.020565639212185894,0.021379899300922663,4,4,0,0,True,freq_hrl_no_leakage_v4,freq_lr3e4_std15_lowgate,2053,7098,tuning_validation_mechanism_diagnostic,full_method_nested_hpo_v2,e71e450a28940aa51ea98625171e91a6efc840d2,79590490efcc7dd75975795a340d82b6b88a46f7b52eb4da8297cf0a4a910403
68213,ood_period,none,zero_residual_frequency,0.007037073799971649,0.007094093573982052,-5.701977401040281e-05,119.42873275770725,119.8903546882044,-0.46162193049714517,0.000714183798431689,0.0007098344245082266,-4.349373923462352e-06,0.7599639171902111,0.7635399062535208,-0.0035759890633096925,-3.0544518000717486e-05,3.7233227754578456e-05,0.01578038568305702,0.018539382772764332,4,4,0,0,True,freq_hrl_no_leakage_v4,freq_lr3e4_std15_lowgate,2053,7098,tuning_validation_mechanism_diagnostic,full_method_nested_hpo_v2,e71e450a28940aa51ea98625171e91a6efc840d2,79590490efcc7dd75975795a340d82b6b88a46f7b52eb4da8297cf0a4a910403
68219,ood_period,none,zero_residual_frequency,0.0029097461403171376,0.0029396365358800303,-2.9890395562892635e-05,71.97267909157006,72.02487620355237,-0.05219711198230925,0.0009264845159672186,0.000938477242780178,1.1992726812959376e-05,0.6077464228170375,0.6079726271998005,-0.0002262043827629956,0.0002025080675422968,6.146667620076656e-05,0.012460239868252957,0.011597503844798969,4,4,0,0,True,freq_hrl_no_leakage_v4,freq_lr3e4_std15_lowgate,2053,7098,tuning_validation_mechanism_diagnostic,full_method_nested_hpo_v2,e71e450a28940aa51ea98625171e91a6efc840d2,79590490efcc7dd75975795a340d82b6b88a46f7b52eb4da8297cf0a4a910403
68227,ood_period,none,zero_residual_frequency,0.0036070994542714008,0.003671856113109051,-6.475665883765025e-05,82.78592381100553,83.3544688405073,-0.5685450295017631,0.000667785610399596,0.0006300703436507016,-3.771526674889447e-05,0.6445809114889434,0.6477389604648967,-0.003158048975953287,0.0001465245148330798,6.157947521146104e-05,0.015439657596208335,0.015246408553826364,4,4,0,0,True,freq_hrl_no_leakage_v4,freq_lr3e4_std15_lowgate,2053,7098,tuning_validation_mechanism_diagnostic,full_method_nested_hpo_v2,e71e450a28940aa51ea98625171e91a6efc840d2,79590490efcc7dd75975795a340d82b6b88a46f7b52eb4da8297cf0a4a910403
